# generated at data commit c552777d5cbf0a8c39a8e56cd64344bbd35728f8; software: Python 3.13 (.venv; requirements.lock.txt); FR3D-python 288f98cc (installed, RECORD-verified); STAR3D v1.2 tarball c9da4405, jar e03ff7bc; image star3d-runtime:1 e1602e60 (amd64 under QEMU); OpenJDK 1.8.0_504
path	generated_by	inputs_and_config	sha256	bytes
results/standard_seed_rows.sto	scripts/reference.py	Rfam 15.1 Rfam.seed.gz 41f014f4; config.yaml 93972244591a	97c5ed80fe3a3f5c43c588a1effedbca65860dd78c617b15eedf677af0aac91d	16291
results/standard_seed_membership.tsv	scripts/reference.py	Rfam 15.1 Rfam.seed.gz 41f014f4; config.yaml 93972244591a	5e27a20708d444fa4e5793d351f411994d06ee798a0eadc8a4672e5133fdbc6d	3381
results/reference_pairs.tsv	scripts/reference.py	Rfam 15.1 Rfam.seed.gz 41f014f4; config.yaml 93972244591a; results/residue_crosswalk.tsv	25502cae274627ffc631eef6f088c3b9a819847e7301cd09ed8c0ed29c0562cd	106193
results/correspondence_comparison.tsv	scripts/compare.py	results/run_manifest.tsv; runs/**/out/*.aln; results/reference_pairs.tsv	e4fb6c11950a11002136edcd37365ec45bd0b9874cb3a3ef0007490ffe4d5993	817166
results/pair_summary.tsv	scripts/compare.py	as above	dda8623d0fd281c2a60417a272925622c4d1d06b368134e1e173bbc0ec4edb02	11480
results/replicate_consistency.tsv	scripts/compare.py	as above	f7fcf4cd4225b651a246c208ccdc15eafd888ad21c3908234b31ade1894047e1	1191
results/interaction_comparison.tsv	scripts/interactions.py	annotations/raw (FR3D); results/correspondence_comparison.tsv	a69753248ceb1754bb454c880f7456075ff8efdd8e668b30dd7f6b22699cec7d	433709
results/interaction_summary.tsv	scripts/interactions.py	as above	bc261ebc9df8a7871f2af6047c103f3a9fb3e5006fca2df30086534a4fc4223c	19243
results/region_review.tsv	scripts/regions.py	results/correspondence_comparison.tsv; results/interaction_comparison.tsv	86c54396373d693bd49d77cbb631d5093cb8962d7a929d0001998523939a9d63	9231
reports/evidence_cards.md	scripts/evidence_cards.py	results/selected_representatives.tsv; review/decisions.yaml	b27cc0a7827d7a002ab6252f59afd0766dc9465ba85150f6a63392c0b8ab7e36	25125
results/seed_collection_comparison/README.md	scripts/survey_b.py	Rfam 15.1 Rfam.seed.gz 41f014f4; config.yaml 93972244591a; Rfam 15.1 Rfam.3d.seed.gz 4055ce87	fbd5041e02f275549b65d90d66616cdfffc46b8f946773c8fd89fceebb5d1507	3055
results/seed_collection_comparison/annotation_differences.tsv	scripts/survey_b.py	Rfam 15.1 Rfam.seed.gz 41f014f4; config.yaml 93972244591a; Rfam 15.1 Rfam.3d.seed.gz 4055ce87	6695721093ed0c63917bd4c455ebd9e28c6db35b9b5ec3ecce80b5e643f609c0	47
results/seed_collection_comparison/correspondence_differences.tsv	scripts/survey_b.py	Rfam 15.1 Rfam.seed.gz 41f014f4; config.yaml 93972244591a; Rfam 15.1 Rfam.3d.seed.gz 4055ce87	2bfe5794deaa19cf99af65cab02851844975bdc99349a627e7905aa8503d15d7	60
results/seed_collection_comparison/family_overlap.tsv	scripts/survey_b.py	Rfam 15.1 Rfam.seed.gz 41f014f4; config.yaml 93972244591a; Rfam 15.1 Rfam.3d.seed.gz 4055ce87	96005d4e4a196b02cb7b01f6f8662b2c88af79a7bd3638b700a9ed4eb256ca28	4753
results/seed_collection_comparison/provenance.json	scripts/survey_b.py	Rfam 15.1 Rfam.seed.gz 41f014f4; config.yaml 93972244591a; Rfam 15.1 Rfam.3d.seed.gz 4055ce87	c10ebbcb04a11d6cda3bc959cf18567163b6338a222ef723048ff7cf7b438959	938
results/seed_collection_comparison/record_byte_identity.txt	scripts/survey_b.py	Rfam 15.1 Rfam.seed.gz 41f014f4; config.yaml 93972244591a; Rfam 15.1 Rfam.3d.seed.gz 4055ce87	4b97909ca8c96be381f5811a935cb2da70d80b5589dfd61fe00e1951973ee076	79
results/seed_collection_comparison/shared_rows.tsv	scripts/survey_b.py	Rfam 15.1 Rfam.seed.gz 41f014f4; config.yaml 93972244591a; Rfam 15.1 Rfam.3d.seed.gz 4055ce87	a3adc408c5cffac2b817c0d7327321f0b265d1eff0051676079d547f972f0949	384345
review/v3_screening/candidate_screening.tsv	review/v3_screening/scripts/*.py (agent B)	mmCIF + NCBI genomes listed in review/v3_screening/download_manifest.tsv	4ceb22ed683510e0cb8e44950cf9e3da9654a907d0fb0c2bbfc3adb659056ce2	13041
review/v3_screening/download_manifest.tsv	review/v3_screening/scripts/*.py (agent B)	mmCIF + NCBI genomes listed in review/v3_screening/download_manifest.tsv	63c3e0255c548ecde9ec6af02b25af31c21779cf2172303e7065c6fb4be1f136	15773
review/v3_screening/exact_source_v3.tsv	review/v3_screening/scripts/*.py (agent B)	mmCIF + NCBI genomes listed in review/v3_screening/download_manifest.tsv	65b546bb6243cd23d899775884e3362ba63bab97be9e5ef8a01264183b251671	2682
review/v3_screening/facts_raw.jsonl	review/v3_screening/scripts/*.py (agent B)	mmCIF + NCBI genomes listed in review/v3_screening/download_manifest.tsv	13635a9e2308c95ec42c689ae482b63f977257b89c1331e0fbd53f3fa07a2f39	35624
review/v3_screening/facts_raw_2.jsonl	review/v3_screening/scripts/*.py (agent B)	mmCIF + NCBI genomes listed in review/v3_screening/download_manifest.tsv	c57f4523246196a93113a538dc03077433aa45758d88b3d1d0cb94d758247529	19630
review/v3_screening/facts_raw_3.jsonl	review/v3_screening/scripts/*.py (agent B)	mmCIF + NCBI genomes listed in review/v3_screening/download_manifest.tsv	273a46d8dc11a6c723abbcc43d34e4b0375fd788bfe7cdcebebd9590ec6a2c79	6423
review/v3_screening/facts_raw_4.jsonl	review/v3_screening/scripts/*.py (agent B)	mmCIF + NCBI genomes listed in review/v3_screening/download_manifest.tsv	2b07e5c4ea480415556204a912dc9b3f1ab4424b2a30d261636049bce8033d81	11653
review/v3_screening/facts_raw_5.jsonl	review/v3_screening/scripts/*.py (agent B)	mmCIF + NCBI genomes listed in review/v3_screening/download_manifest.tsv	4e66a4c68ac78bfe657683ef4d09658179703c3fd2463fc953f0a1644558ab31	13360
review/v3_screening/frozen_selection_v3.json	review/v3_screening/scripts/*.py (agent B)	mmCIF + NCBI genomes listed in review/v3_screening/download_manifest.tsv	fa294056467d68f2acae0d857517caecf4d256ce23edf138ade2c9db80977017	1982
review/v3_screening/screening_notes.md	review/v3_screening/scripts/*.py (agent B)	mmCIF + NCBI genomes listed in review/v3_screening/download_manifest.tsv	23cca3ee0b7d930f83b89d59e467642353da4e7d2037c4f31010d1248758c41b	4761
review/v3_screening/scripts/__pycache__/v3_fetch.cpython-313.pyc	review/v3_screening/scripts/*.py (agent B)	mmCIF + NCBI genomes listed in review/v3_screening/download_manifest.tsv	cd709ee5bca84e21f01a806bb8de8f0c37d7dec467920faf58ab839e841ad9fe	4742
review/v3_screening/scripts/v3_blast.py	review/v3_screening/scripts/*.py (agent B)	mmCIF + NCBI genomes listed in review/v3_screening/download_manifest.tsv	57d53708ab892ef98a754a3654de620b4a601a1e9c07f37d65e1ab2349475405	1250
review/v3_screening/scripts/v3_exact_source.py	review/v3_screening/scripts/*.py (agent B)	mmCIF + NCBI genomes listed in review/v3_screening/download_manifest.tsv	c4121639297b8a0109d25e67a47f340fa4751bfcb8956555739d7b4d55b31d17	2961
review/v3_screening/scripts/v3_facts.py	review/v3_screening/scripts/*.py (agent B)	mmCIF + NCBI genomes listed in review/v3_screening/download_manifest.tsv	69962988b5ef4bd5c7a878f2abbc34fd02ba955b720384b65e8b36f153274b5d	5454
review/v3_screening/scripts/v3_fetch.py	review/v3_screening/scripts/*.py (agent B)	mmCIF + NCBI genomes listed in review/v3_screening/download_manifest.tsv	5424f678d3a6f40b35d8c768e24b37fd6a3cf0cad0d738b23417b2b300c5e99c	2315
review/v3_screening/scripts/v3_grep_text.py	review/v3_screening/scripts/*.py (agent B)	mmCIF + NCBI genomes listed in review/v3_screening/download_manifest.tsv	85d2a38aaee0ac6fd2a737aa055b572453d3c87db9306a173aa289e4bde3757d	420
review/v3_screening/scripts/v3_structure_table.py	review/v3_screening/scripts/*.py (agent B)	mmCIF + NCBI genomes listed in review/v3_screening/download_manifest.tsv	6adfa2d7b95ca17cadf47b514ce95cf9d0ca90f45c13f4e448ee52ba4e89449f	6222
review/v3_screening/structure_facts.tsv	review/v3_screening/scripts/*.py (agent B)	mmCIF + NCBI genomes listed in review/v3_screening/download_manifest.tsv	d3a8f2202c491ca7a3bf8a78e06c028d8b90622b16fc382ca3f8c16258a2f0fe	13618
audit/fresh_repro_v3_other4/annotations/normalized/RF00059__2GDI_X.tsv	scripts/fresh_repro.py --pairs (4 pairs)	fresh downloads (metadata/sources_manifest.tsv URLs)	d432c377fadaa045c30d7893dceba413f71782d118b55ca1f2785a0bead138cb	5903
audit/fresh_repro_v3_other4/annotations/normalized/RF00059__3D2G_A.tsv	scripts/fresh_repro.py --pairs (4 pairs)	fresh downloads (metadata/sources_manifest.tsv URLs)	639699ea50ec66106c8e94e5cb8100592430bc4d3725845e4563c2634ff6ae60	5640
audit/fresh_repro_v3_other4/annotations/normalized/RF00162__2GIS_A.tsv	scripts/fresh_repro.py --pairs (4 pairs)	fresh downloads (metadata/sources_manifest.tsv URLs)	9e5fc87da15f00d5a220a13377fad5ea40906ce639d6bb4c3f12d851ef0c01d8	7070
audit/fresh_repro_v3_other4/annotations/normalized/RF00162__4KQY_A.tsv	scripts/fresh_repro.py --pairs (4 pairs)	fresh downloads (metadata/sources_manifest.tsv URLs)	dce3771caea97f16975ddbf233a68165c0ed8a2cb1c485abe9c4427d551cf0fc	8345
audit/fresh_repro_v3_other4/annotations/normalized/RF00174__4GXY_A.tsv	scripts/fresh_repro.py --pairs (4 pairs)	fresh downloads (metadata/sources_manifest.tsv URLs)	747fa1bbdb3c927338c4fad9d52a6aab5b6fcfccc579c891747df204f19d4e90	11467
audit/fresh_repro_v3_other4/annotations/normalized/RF00174__6VMY_A.tsv	scripts/fresh_repro.py --pairs (4 pairs)	fresh downloads (metadata/sources_manifest.tsv URLs)	08b021d40fb6449ba49905c618fe9b398ba620beeec8f81cac802ad07eb719a1	8855
audit/fresh_repro_v3_other4/annotations/normalized/RF00442__5U3G_B.tsv	scripts/fresh_repro.py --pairs (4 pairs)	fresh downloads (metadata/sources_manifest.tsv URLs)	02693935a7b6faf30bb7e7e5994f88ed1dae6f824cce193aa14067edcdd5d0c1	5779
audit/fresh_repro_v3_other4/annotations/normalized/RF00442__7MLW_F.tsv	scripts/fresh_repro.py --pairs (4 pairs)	fresh downloads (metadata/sources_manifest.tsv URLs)	252e1d28abe578dbd431a84c0492012179b41a28fdfe4aae5767498fbd2ff277	9301
audit/fresh_repro_v3_other4/annotations/raw/2GDI.log	scripts/fresh_repro.py --pairs (4 pairs)	fresh downloads (metadata/sources_manifest.tsv URLs)	7ec0cb9397272478e397c56eed21e8c71e7a1f58eab712f8fe49dc200b5a55b8	1964
audit/fresh_repro_v3_other4/annotations/raw/2GDI.provenance.json	scripts/fresh_repro.py --pairs (4 pairs)	fresh downloads (metadata/sources_manifest.tsv URLs)	2a65d2ca77cd165cc8c515441b77359383a221ea3442c57c3d09939227f1fcf7	1821
audit/fresh_repro_v3_other4/annotations/raw/2GDI_basepair.txt	scripts/fresh_repro.py --pairs (4 pairs)	fresh downloads (metadata/sources_manifest.tsv URLs)	43e9c58ee33f321be0ca105929f55cffbf7170ef29afdaa905758b587960d16d	4836
audit/fresh_repro_v3_other4/annotations/raw/2GDI_stacking.txt	scripts/fresh_repro.py --pairs (4 pairs)	fresh downloads (metadata/sources_manifest.tsv URLs)	a866c0563c36accc33bbe2a7d694f4b4f7a6bd4bab2df44b460b85d357b99a21	12640
audit/fresh_repro_v3_other4/annotations/raw/2GIS.log	scripts/fresh_repro.py --pairs (4 pairs)	fresh downloads (metadata/sources_manifest.tsv URLs)	0e0c907eb57f9bbe181cd224550bc62ca90a73ed66c0c3b51da09c4fb0f124d3	1964
audit/fresh_repro_v3_other4/annotations/raw/2GIS.provenance.json	scripts/fresh_repro.py --pairs (4 pairs)	fresh downloads (metadata/sources_manifest.tsv URLs)	e8ec33156ecf072ee4ce2333647d76d707cf92f6b0fef0c7c30484679b6abaa3	1821
audit/fresh_repro_v3_other4/annotations/raw/2GIS_basepair.txt	scripts/fresh_repro.py --pairs (4 pairs)	fresh downloads (metadata/sources_manifest.tsv URLs)	d78625aca8d4a10f782405b2752e747861741eb5ef365c7980889d9d79b188a9	2704
audit/fresh_repro_v3_other4/annotations/raw/2GIS_stacking.txt	scripts/fresh_repro.py --pairs (4 pairs)	fresh downloads (metadata/sources_manifest.tsv URLs)	c6aaa4a9cbe27791f47ea218f28f01b3b06e2b597d2ff041c19f58f2f7d5a63b	7664
audit/fresh_repro_v3_other4/annotations/raw/3D2G.log	scripts/fresh_repro.py --pairs (4 pairs)	fresh downloads (metadata/sources_manifest.tsv URLs)	98de5879b909ddee47b128f1807ba2f644494c1cc4b52524fd35e84bd20d84ad	1964
audit/fresh_repro_v3_other4/annotations/raw/3D2G.provenance.json	scripts/fresh_repro.py --pairs (4 pairs)	fresh downloads (metadata/sources_manifest.tsv URLs)	e2f3c55e62fc5a1a3fea47e05bd113f8b6cd95585f85e1ae9775edad9520911a	1821
audit/fresh_repro_v3_other4/annotations/raw/3D2G_basepair.txt	scripts/fresh_repro.py --pairs (4 pairs)	fresh downloads (metadata/sources_manifest.tsv URLs)	15d9cb51e958c2cea8c3ee1cc5870e7bba8d9c5df2011295debfa57237f47af8	4662
audit/fresh_repro_v3_other4/annotations/raw/3D2G_stacking.txt	scripts/fresh_repro.py --pairs (4 pairs)	fresh downloads (metadata/sources_manifest.tsv URLs)	227a788f3ba41fd60b01c37a25b9fe10b62a5612fe10fbf485b94a23139d9c8b	11772
audit/fresh_repro_v3_other4/annotations/raw/4GXY.log	scripts/fresh_repro.py --pairs (4 pairs)	fresh downloads (metadata/sources_manifest.tsv URLs)	6f64ff472f771e127dfba81d9b44d7b762a02e1293dd2b3eb56c439432e69f91	2066
audit/fresh_repro_v3_other4/annotations/raw/4GXY.provenance.json	scripts/fresh_repro.py --pairs (4 pairs)	fresh downloads (metadata/sources_manifest.tsv URLs)	53f98dd176fa81b66feb0ab4ab27acd8db89b692d5df5635305190d7e7d10d9a	1821
audit/fresh_repro_v3_other4/annotations/raw/4GXY_basepair.txt	scripts/fresh_repro.py --pairs (4 pairs)	fresh downloads (metadata/sources_manifest.tsv URLs)	9518d3c592be332c77dea12b3ca1c54d5cf5eef61e4c9180b302262ca4fb155c	3970
audit/fresh_repro_v3_other4/annotations/raw/4GXY_stacking.txt	scripts/fresh_repro.py --pairs (4 pairs)	fresh downloads (metadata/sources_manifest.tsv URLs)	c4932ba3a758ce375f483714e39b5102e0c50d6b30fb5fb65135e3cd42ddf818	13122
audit/fresh_repro_v3_other4/annotations/raw/4KQY.log	scripts/fresh_repro.py --pairs (4 pairs)	fresh downloads (metadata/sources_manifest.tsv URLs)	ce3a11ea843ed13f37f6574c17098e6d32ecbb1beeac3c8b1b58c3a8ff92ed03	1964
audit/fresh_repro_v3_other4/annotations/raw/4KQY.provenance.json	scripts/fresh_repro.py --pairs (4 pairs)	fresh downloads (metadata/sources_manifest.tsv URLs)	dcaa05c725d8534ba7e13bc560683b5e2245be6055175c164567360f8d311420	1821
audit/fresh_repro_v3_other4/annotations/raw/4KQY_basepair.txt	scripts/fresh_repro.py --pairs (4 pairs)	fresh downloads (metadata/sources_manifest.tsv URLs)	f1e300735f90c010fe1440a48ba4cb1c28828ac2a4d6adde59bb7d6b71f021a1	7592
audit/fresh_repro_v3_other4/annotations/raw/4KQY_stacking.txt	scripts/fresh_repro.py --pairs (4 pairs)	fresh downloads (metadata/sources_manifest.tsv URLs)	12a25c1573c8979b6faf5523346a1cd36981f4f11e4aedb271fb457dd4eeb038	23614
audit/fresh_repro_v3_other4/annotations/raw/5U3G.log	scripts/fresh_repro.py --pairs (4 pairs)	fresh downloads (metadata/sources_manifest.tsv URLs)	b1b6406b58d226d9bd117b08ccc730d4b99f90e88002d888a4562add11c333db	2003
audit/fresh_repro_v3_other4/annotations/raw/5U3G.provenance.json	scripts/fresh_repro.py --pairs (4 pairs)	fresh downloads (metadata/sources_manifest.tsv URLs)	eeee9ac9b224d466c111fa46a59808c9e98478234776d6145eeb16fb25a2c9ac	1821
audit/fresh_repro_v3_other4/annotations/raw/5U3G_basepair.txt	scripts/fresh_repro.py --pairs (4 pairs)	fresh downloads (metadata/sources_manifest.tsv URLs)	26ef8020e63bb4e57a169a47066a6f7d9171970ded5ecd826e47f97ca9fce6ea	2230
audit/fresh_repro_v3_other4/annotations/raw/5U3G_stacking.txt	scripts/fresh_repro.py --pairs (4 pairs)	fresh downloads (metadata/sources_manifest.tsv URLs)	918a5b3e3c307095e524304704e332b9e49052c476b460bbe25dc8a318af9712	6220
audit/fresh_repro_v3_other4/annotations/raw/6VMY.log	scripts/fresh_repro.py --pairs (4 pairs)	fresh downloads (metadata/sources_manifest.tsv URLs)	a6ec1ae78c4a6e31315ed9366952ca218dda9bb8b5b3824d05d1b5581a8c5215	1964
audit/fresh_repro_v3_other4/annotations/raw/6VMY.provenance.json	scripts/fresh_repro.py --pairs (4 pairs)	fresh downloads (metadata/sources_manifest.tsv URLs)	5b6e3d93eb84a8addbd6f47d2a2b2181f09783754069a4d5e47d8ad9fcd1327d	1821
audit/fresh_repro_v3_other4/annotations/raw/6VMY_basepair.txt	scripts/fresh_repro.py --pairs (4 pairs)	fresh downloads (metadata/sources_manifest.tsv URLs)	11b9d29120eaff1e7617fb568028f9e04601ec2c32c456b0d25ea100b0ce703f	3528
audit/fresh_repro_v3_other4/annotations/raw/6VMY_stacking.txt	scripts/fresh_repro.py --pairs (4 pairs)	fresh downloads (metadata/sources_manifest.tsv URLs)	717640b84b0449d1118ac83f7e7b6c19a0ca77406c50d89ed9dc4b05c1a50a17	12060
audit/fresh_repro_v3_other4/annotations/raw/7MLW.log	scripts/fresh_repro.py --pairs (4 pairs)	fresh downloads (metadata/sources_manifest.tsv URLs)	606ed6f08f221f1d10574108e5021eae4f13c327cc25156b2cdb0c6e7814dd3e	1964
audit/fresh_repro_v3_other4/annotations/raw/7MLW.provenance.json	scripts/fresh_repro.py --pairs (4 pairs)	fresh downloads (metadata/sources_manifest.tsv URLs)	c8c06fdccfa62094d800378c691b1eec85b4457311d1230b6b5c6a85683b3e20	1821
audit/fresh_repro_v3_other4/annotations/raw/7MLW_basepair.txt	scripts/fresh_repro.py --pairs (4 pairs)	fresh downloads (metadata/sources_manifest.tsv URLs)	d78d65944f336a31df94ac4c28598fdf9dfbdf6c7f1a6fda0d484405f3a7ef84	3366
audit/fresh_repro_v3_other4/annotations/raw/7MLW_stacking.txt	scripts/fresh_repro.py --pairs (4 pairs)	fresh downloads (metadata/sources_manifest.tsv URLs)	07ff8f369878719246da183ea0e0d062472374b16a027fb473e3ceab02cf356b	10416
audit/fresh_repro_v3_other4/annotations/raw/_cif/2GDI.cif	scripts/fresh_repro.py --pairs (4 pairs)	fresh downloads (metadata/sources_manifest.tsv URLs)	6bb6454ce216b0343097d5fdda0ed006a03ce9bd5aa03ee820530ec7f05ff85c	501695
audit/fresh_repro_v3_other4/annotations/raw/_cif/2GIS.cif	scripts/fresh_repro.py --pairs (4 pairs)	fresh downloads (metadata/sources_manifest.tsv URLs)	6abfaa32bf189a174454b1994514511216bba786b809728e05c51af3944a9ccd	283623
audit/fresh_repro_v3_other4/annotations/raw/_cif/3D2G.cif	scripts/fresh_repro.py --pairs (4 pairs)	fresh downloads (metadata/sources_manifest.tsv URLs)	f4ce51f5d303cf6403dd039be294312b8cc670a5ae75dbdf60c63322550267e1	461009
audit/fresh_repro_v3_other4/annotations/raw/_cif/4GXY.cif	scripts/fresh_repro.py --pairs (4 pairs)	fresh downloads (metadata/sources_manifest.tsv URLs)	cf082ea916b9e858838403cb6193ac917cdcf9f2e416776da6b1dceb5c15876a	458358
audit/fresh_repro_v3_other4/annotations/raw/_cif/4KQY.cif	scripts/fresh_repro.py --pairs (4 pairs)	fresh downloads (metadata/sources_manifest.tsv URLs)	59b57bebd86227af0aa286634c1207b500fd8df8212e94fa134207e644274145	322982
audit/fresh_repro_v3_other4/annotations/raw/_cif/5U3G.cif	scripts/fresh_repro.py --pairs (4 pairs)	fresh downloads (metadata/sources_manifest.tsv URLs)	956c0be35fc502cd7cef4412f9e1df943374c74823ecd85c4e147d8ae630a9d2	365153
audit/fresh_repro_v3_other4/annotations/raw/_cif/6VMY.cif	scripts/fresh_repro.py --pairs (4 pairs)	fresh downloads (metadata/sources_manifest.tsv URLs)	f076a50411695f8fd5022843ffe7dfdf645859b5d5300b7aa2f7acbe635ff6ea	468364
audit/fresh_repro_v3_other4/annotations/raw/_cif/7MLW.cif	scripts/fresh_repro.py --pairs (4 pairs)	fresh downloads (metadata/sources_manifest.tsv URLs)	f8f2afa692349f8ca35e329c6697e8fcb4752d049b53a0d06e47c198bb4fd563	663829
audit/fresh_repro_v3_other4/config.yaml	scripts/fresh_repro.py --pairs (4 pairs)	fresh downloads (metadata/sources_manifest.tsv URLs)	93972244591aad2bb7cdd24e7d051814acd870805626515d58862748697332bc	4366
audit/fresh_repro_v3_other4/fresh_repro_summary.json	scripts/fresh_repro.py --pairs (4 pairs)	fresh downloads (metadata/sources_manifest.tsv URLs)	7c4b9c29ed8ba8ca9d185b7945b4425a46e3c9c6fb59ee077af8966ceecf6f28	26597
audit/fresh_repro_v3_other4/fresh_repro_summary.partial.json	scripts/fresh_repro.py --pairs (4 pairs)	fresh downloads (metadata/sources_manifest.tsv URLs)	ea885977b783c5863f3cae761675aca4f702b0184e8594eb6c33abeb60b9462f	15819
audit/fresh_repro_v3_other4/inputs/structures/mmcif/2GDI.cif.gz	scripts/fresh_repro.py --pairs (4 pairs)	fresh downloads (metadata/sources_manifest.tsv URLs)	28debe1741bd4801dbfe0f299452c08fe8e73ae3461c26373781342c20cc2470	114078
audit/fresh_repro_v3_other4/inputs/structures/mmcif/2GIS.cif.gz	scripts/fresh_repro.py --pairs (4 pairs)	fresh downloads (metadata/sources_manifest.tsv URLs)	00dd7434a17c1c3b2e5be078afa7a3bad358e67baa3c4d0143e99f0d50734aa6	67475
audit/fresh_repro_v3_other4/inputs/structures/mmcif/3D2G.cif.gz	scripts/fresh_repro.py --pairs (4 pairs)	fresh downloads (metadata/sources_manifest.tsv URLs)	7bd4d78f8506bea34f073df176c7ea003285693c8bd8d0545e8ae6f4e9191d06	107987
audit/fresh_repro_v3_other4/inputs/structures/mmcif/4GXY.cif.gz	scripts/fresh_repro.py --pairs (4 pairs)	fresh downloads (metadata/sources_manifest.tsv URLs)	a9c7c3d7d55db211014da8540b67c2c22bace9d661c1f883ff239171f6e13246	109572
audit/fresh_repro_v3_other4/inputs/structures/mmcif/4KQY.cif.gz	scripts/fresh_repro.py --pairs (4 pairs)	fresh downloads (metadata/sources_manifest.tsv URLs)	f6e75780f39f866177cd77bd8544b6460e9f05202195da3838c1318db4971584	77598
audit/fresh_repro_v3_other4/inputs/structures/mmcif/5U3G.cif.gz	scripts/fresh_repro.py --pairs (4 pairs)	fresh downloads (metadata/sources_manifest.tsv URLs)	8dead5640b483c5e01aa367da7447f28338080ffd48d6805cded150acb86e2ca	83885
audit/fresh_repro_v3_other4/inputs/structures/mmcif/6VMY.cif.gz	scripts/fresh_repro.py --pairs (4 pairs)	fresh downloads (metadata/sources_manifest.tsv URLs)	5ae4f6ff367cc68e472557059044afceedf2aa87fb773d8e838b95fa439306c3	106955
audit/fresh_repro_v3_other4/inputs/structures/mmcif/7MLW.cif.gz	scripts/fresh_repro.py --pairs (4 pairs)	fresh downloads (metadata/sources_manifest.tsv URLs)	52b677a3763973a44dbfe64a3d09457ec7cb849e3d5705279ad4bc8b07f0f9e3	186496
audit/fresh_repro_v3_other4/mappings/aligner_inputs.tsv	scripts/fresh_repro.py --pairs (4 pairs)	fresh downloads (metadata/sources_manifest.tsv URLs)	051e1a61c1f2a1d187f5438bd845da4fbb9fba9821d77d3019742f68d48fc0de	1758
audit/fresh_repro_v3_other4/mappings/conversion/RF00059__2GDI_X.tsv	scripts/fresh_repro.py --pairs (4 pairs)	fresh downloads (metadata/sources_manifest.tsv URLs)	2e0ef293d1ba981e243b2b98976b1eb01532cfb7228eadef8338c576cfd34333	2173
audit/fresh_repro_v3_other4/mappings/conversion/RF00059__3D2G_A.tsv	scripts/fresh_repro.py --pairs (4 pairs)	fresh downloads (metadata/sources_manifest.tsv URLs)	9b5908ef171afdce8d89ae9852186729e6118079c2bc044842cac75876fe5ab7	2084
audit/fresh_repro_v3_other4/mappings/conversion/RF00162__2GIS_A.tsv	scripts/fresh_repro.py --pairs (4 pairs)	fresh downloads (metadata/sources_manifest.tsv URLs)	a2bcb362771b33ef5ab234ad73b3489a59e80336a3e7596e0f205e47df84565f	2526
audit/fresh_repro_v3_other4/mappings/conversion/RF00162__4KQY_A.tsv	scripts/fresh_repro.py --pairs (4 pairs)	fresh downloads (metadata/sources_manifest.tsv URLs)	ee38f1fc0d682cffbe3f2522d21c0e256fe881e7eec1da070e7b80c7527fd28d	3231
audit/fresh_repro_v3_other4/mappings/conversion/RF00174__4GXY_A.tsv	scripts/fresh_repro.py --pairs (4 pairs)	fresh downloads (metadata/sources_manifest.tsv URLs)	7e3b70271f14275aa77c15513bcd0eafa794e7d6a0f37a6dac2d08e0573836f3	4536
audit/fresh_repro_v3_other4/mappings/conversion/RF00174__6VMY_A.tsv	scripts/fresh_repro.py --pairs (4 pairs)	fresh downloads (metadata/sources_manifest.tsv URLs)	c0d719865e92efe2f94d1bd6c8f9945bf0d3e9195a6582e01f85d6a32983ae7b	3662
audit/fresh_repro_v3_other4/mappings/conversion/RF00442__5U3G_B.tsv	scripts/fresh_repro.py --pairs (4 pairs)	fresh downloads (metadata/sources_manifest.tsv URLs)	0abe802a01ba22606520c7690b14eead12780a10d55247d8cedc1c5d2459d881	2292
audit/fresh_repro_v3_other4/mappings/conversion/RF00442__7MLW_F.tsv	scripts/fresh_repro.py --pairs (4 pairs)	fresh downloads (metadata/sources_manifest.tsv URLs)	5ad514f36d30b235c2fbda623096c405d52657056e413c3140798ece606165e3	3413
audit/fresh_repro_v3_other4/results/residue_crosswalk.tsv	scripts/fresh_repro.py --pairs (4 pairs)	fresh downloads (metadata/sources_manifest.tsv URLs)	cfd094de34183d24bdc0fd98467276faaa26d5995765cdda1be2a85d9dce78a9	202319
audit/fresh_repro_v3_other4/results/run_manifest.tsv	scripts/fresh_repro.py --pairs (4 pairs)	fresh downloads (metadata/sources_manifest.tsv URLs)	4f47046aac0e15cd3a4d369691b6ab8ae59920b8ef69271a3aa01343246d0620	39365
audit/fresh_repro_v3_other4/results/selected_pairs.tsv	scripts/fresh_repro.py --pairs (4 pairs)	fresh downloads (metadata/sources_manifest.tsv URLs)	0ae4ea124e1dd08bcc43c614eb907235ad785fcc2f0a1daa0b558b26f2ece28d	2527
audit/fresh_repro_v3_other4/results/selected_representatives.tsv	scripts/fresh_repro.py --pairs (4 pairs)	fresh downloads (metadata/sources_manifest.tsv URLs)	b68e4e6ae7e7c516ab72daa083138ab37132f80783743e56de34b7cab8d90399	5111
audit/fresh_repro_v3_other4/runs/RF00059__2GDI_X__3D2G_A/attempt1/STAR3D_source/PDB/2gdix.pdb	scripts/fresh_repro.py --pairs (4 pairs)	fresh downloads (metadata/sources_manifest.tsv URLs)	6470064a7e74aee463765c5390adfdb4216281c96abf91833f198136c04fc806	139401
audit/fresh_repro_v3_other4/runs/RF00059__2GDI_X__3D2G_A/attempt1/STAR3D_source/PDB/3d2ga.pdb	scripts/fresh_repro.py --pairs (4 pairs)	fresh downloads (metadata/sources_manifest.tsv URLs)	3910793aa2c13ebfb9f7d8fb38f05e82ab250476489eaa28aaa6c5209f3e6305	134217
audit/fresh_repro_v3_other4/runs/RF00059__2GDI_X__3D2G_A/attempt1/STAR3D_source/README	scripts/fresh_repro.py --pairs (4 pairs)	fresh downloads (metadata/sources_manifest.tsv URLs)	354f5334f79b19d3b776e1482b6b8f1568e6323eebf3c5dba464c9d6c957fe0c	3014
audit/fresh_repro_v3_other4/runs/RF00059__2GDI_X__3D2G_A/attempt1/STAR3D_source/STAR3D.jar	scripts/fresh_repro.py --pairs (4 pairs)	fresh downloads (metadata/sources_manifest.tsv URLs)	e03ff7bcd7a6b88e91af049cf1ca591ec39fb3d06a796466fb1291f038a58618	409857
audit/fresh_repro_v3_other4/runs/RF00059__2GDI_X__3D2G_A/attempt1/STAR3D_source/STAR3D_struct_info/2gdix.mca	scripts/fresh_repro.py --pairs (4 pairs)	fresh downloads (metadata/sources_manifest.tsv URLs)	4f2ae351013968e4adb9dcbbf1efbd8a16ef756af42a01f913cb5fc093ef1cb1	6035
audit/fresh_repro_v3_other4/runs/RF00059__2GDI_X__3D2G_A/attempt1/STAR3D_source/STAR3D_struct_info/2gdix_X.ct	scripts/fresh_repro.py --pairs (4 pairs)	fresh downloads (metadata/sources_manifest.tsv URLs)	9935a9d1ffd48c89fe95fcd5ba71056e2674b74b61678c67988a1f89a2856701	1293
audit/fresh_repro_v3_other4/runs/RF00059__2GDI_X__3D2G_A/attempt1/STAR3D_source/STAR3D_struct_info/2gdix_X.npk.ct	scripts/fresh_repro.py --pairs (4 pairs)	fresh downloads (metadata/sources_manifest.tsv URLs)	6ea329c4c84a2e4e541ba19ce22b1d9cec680b9c3c1ce7ded073697dcc9ee40b	2510
audit/fresh_repro_v3_other4/runs/RF00059__2GDI_X__3D2G_A/attempt1/STAR3D_source/STAR3D_struct_info/3d2ga.mca	scripts/fresh_repro.py --pairs (4 pairs)	fresh downloads (metadata/sources_manifest.tsv URLs)	7f989d8c608200814b436545e32dfdad3fb69a71e6c3cd615fdbfdab2a694270	5821
audit/fresh_repro_v3_other4/runs/RF00059__2GDI_X__3D2G_A/attempt1/STAR3D_source/STAR3D_struct_info/3d2ga_A.ct	scripts/fresh_repro.py --pairs (4 pairs)	fresh downloads (metadata/sources_manifest.tsv URLs)	51518508188612a3d29a6982a297044f04a0ed9232ffdaebd58755eb725afb54	1240
audit/fresh_repro_v3_other4/runs/RF00059__2GDI_X__3D2G_A/attempt1/STAR3D_source/STAR3D_struct_info/3d2ga_A.npk.ct	scripts/fresh_repro.py --pairs (4 pairs)	fresh downloads (metadata/sources_manifest.tsv URLs)	1127bb70e6ef169cf5893d649eb1614bb1a824ff8b46d001c825ed079d017940	2417
audit/fresh_repro_v3_other4/runs/RF00059__2GDI_X__3D2G_A/attempt1/STAR3D_source/ShowAln.py	scripts/fresh_repro.py --pairs (4 pairs)	fresh downloads (metadata/sources_manifest.tsv URLs)	fa41aa068ba159a6a3c54c7fd77565fcd4e3e31f3de8acd22fae9da852289c71	1507
audit/fresh_repro_v3_other4/runs/RF00059__2GDI_X__3D2G_A/attempt1/STAR3D_source/build.xml	scripts/fresh_repro.py --pairs (4 pairs)	fresh downloads (metadata/sources_manifest.tsv URLs)	3e4e798691640a76a38f94f65c3dd68581169c9afdbd75439e1706056f70d5f3	1115
audit/fresh_repro_v3_other4/runs/RF00059__2GDI_X__3D2G_A/attempt1/STAR3D_source/class/Atom.class	scripts/fresh_repro.py --pairs (4 pairs)	fresh downloads (metadata/sources_manifest.tsv URLs)	a6d429deabafb3ac5130de98d410a7dad5cef25747420c7cc66f1578ee06be7c	719
audit/fresh_repro_v3_other4/runs/RF00059__2GDI_X__3D2G_A/attempt1/STAR3D_source/class/FindCompatibleSM.class	scripts/fresh_repro.py --pairs (4 pairs)	fresh downloads (metadata/sources_manifest.tsv URLs)	fa4f8cdc60e89440c423e50761660afdb84c39945cf8972eaa9d1a5ef583513b	2925
audit/fresh_repro_v3_other4/runs/RF00059__2GDI_X__3D2G_A/attempt1/STAR3D_source/class/FindStackmap.class	scripts/fresh_repro.py --pairs (4 pairs)	fresh downloads (metadata/sources_manifest.tsv URLs)	07b867cc920de80828c274f2c4a4ed75dc04b649ffd689d32901156d84d3f12c	3579
audit/fresh_repro_v3_other4/runs/RF00059__2GDI_X__3D2G_A/attempt1/STAR3D_source/class/Geom.class	scripts/fresh_repro.py --pairs (4 pairs)	fresh downloads (metadata/sources_manifest.tsv URLs)	6dc6ae40b7f398fe9d5e2bc8b8ec161b0e0ccd42e20d09505f375d5b70845e20	3455
audit/fresh_repro_v3_other4/runs/RF00059__2GDI_X__3D2G_A/attempt1/STAR3D_source/class/Lib.class	scripts/fresh_repro.py --pairs (4 pairs)	fresh downloads (metadata/sources_manifest.tsv URLs)	d6eca1ff8b7667e3f95f7e59451109f41f395f401c086a972cc2594d181d0e51	4148
audit/fresh_repro_v3_other4/runs/RF00059__2GDI_X__3D2G_A/attempt1/STAR3D_source/class/LoopAlign.class	scripts/fresh_repro.py --pairs (4 pairs)	fresh downloads (metadata/sources_manifest.tsv URLs)	f24a80c8132706e98041afe75b869d90f5d700c6cccedcb2e0bc93d959b93eb9	7039
audit/fresh_repro_v3_other4/runs/RF00059__2GDI_X__3D2G_A/attempt1/STAR3D_source/class/MCA.class	scripts/fresh_repro.py --pairs (4 pairs)	fresh downloads (metadata/sources_manifest.tsv URLs)	2f0b501da5cda7fa08bd9dbb2f404a69b5fa35214bb57f612ba8ccbd18b78835	2678
audit/fresh_repro_v3_other4/runs/RF00059__2GDI_X__3D2G_A/attempt1/STAR3D_source/class/PDB.class	scripts/fresh_repro.py --pairs (4 pairs)	fresh downloads (metadata/sources_manifest.tsv URLs)	ebf4c42bd1cfcd2180a37621e442d0d0174b705249a68a36384376756046e5fd	3858
audit/fresh_repro_v3_other4/runs/RF00059__2GDI_X__3D2G_A/attempt1/STAR3D_source/class/Pair.class	scripts/fresh_repro.py --pairs (4 pairs)	fresh downloads (metadata/sources_manifest.tsv URLs)	cbdc4c6c0537eddc3b8a05d9319851cd0086aea5c3b3f6221b6a115124a0e775	1077
audit/fresh_repro_v3_other4/runs/RF00059__2GDI_X__3D2G_A/attempt1/STAR3D_source/class/Point.class	scripts/fresh_repro.py --pairs (4 pairs)	fresh downloads (metadata/sources_manifest.tsv URLs)	91ae6fba7c95e86b71dd01b002eb0510b71170244db5e122c072510afd3bba07	989
audit/fresh_repro_v3_other4/runs/RF00059__2GDI_X__3D2G_A/attempt1/STAR3D_source/class/Preprocess.class	scripts/fresh_repro.py --pairs (4 pairs)	fresh downloads (metadata/sources_manifest.tsv URLs)	e7d3cc1a152304f95c3b38e1589a6e2d2b362674d5c1d773fa37a9ebd9b37c98	5646
audit/fresh_repro_v3_other4/runs/RF00059__2GDI_X__3D2G_A/attempt1/STAR3D_source/class/ResID.class	scripts/fresh_repro.py --pairs (4 pairs)	fresh downloads (metadata/sources_manifest.tsv URLs)	583785217def13f6a767414d3771759cc9238a69abcdf2f7ee621a86da5c3a44	1535
audit/fresh_repro_v3_other4/runs/RF00059__2GDI_X__3D2G_A/attempt1/STAR3D_source/class/Residue.class	scripts/fresh_repro.py --pairs (4 pairs)	fresh downloads (metadata/sources_manifest.tsv URLs)	be65f6d4ff1d5dd0c2a035ca518b8a84f65dba5db0df9c8ccc839ee62a4c10e6	484
audit/fresh_repro_v3_other4/runs/RF00059__2GDI_X__3D2G_A/attempt1/STAR3D_source/class/STAR3D.class	scripts/fresh_repro.py --pairs (4 pairs)	fresh downloads (metadata/sources_manifest.tsv URLs)	6021789692b03f8a2344b19434ffcec5cc04791c66b4baced022cd8415266630	15771
audit/fresh_repro_v3_other4/runs/RF00059__2GDI_X__3D2G_A/attempt1/STAR3D_source/class/Snode.class	scripts/fresh_repro.py --pairs (4 pairs)	fresh downloads (metadata/sources_manifest.tsv URLs)	3698829ebf912b0dedc51d365b05f7d4203b09b19268720500cc13dd375cd165	2658
audit/fresh_repro_v3_other4/runs/RF00059__2GDI_X__3D2G_A/attempt1/STAR3D_source/class/Stackmap.class	scripts/fresh_repro.py --pairs (4 pairs)	fresh downloads (metadata/sources_manifest.tsv URLs)	558dbc61405e02efab1ad2029e129047fcd80ed60e796675a3b53e35f68915be	1012
audit/fresh_repro_v3_other4/runs/RF00059__2GDI_X__3D2G_A/attempt1/STAR3D_source/hs_err_pid1.log	scripts/fresh_repro.py --pairs (4 pairs)	fresh downloads (metadata/sources_manifest.tsv URLs)	30b4faad06694ce88df894487151d911277cc2724d7f8ac4db0b53c31848b715	41436
audit/fresh_repro_v3_other4/runs/RF00059__2GDI_X__3D2G_A/attempt1/STAR3D_source/lib/EJML-core-0.26.jar	scripts/fresh_repro.py --pairs (4 pairs)	fresh downloads (metadata/sources_manifest.tsv URLs)	ee7840eb553b850bdb32ed5be6194936f02f2cb2c9b915e4996312ec4a812588	341614
audit/fresh_repro_v3_other4/runs/RF00059__2GDI_X__3D2G_A/attempt1/STAR3D_source/lib/commons-cli-1.2.jar	scripts/fresh_repro.py --pairs (4 pairs)	fresh downloads (metadata/sources_manifest.tsv URLs)	e7cd8951956d349b568b7ccfd4f5b2529a8c113e67c32b028f52ffda371259d9	41123
audit/fresh_repro_v3_other4/runs/RF00059__2GDI_X__3D2G_A/attempt1/STAR3D_source/out/RF00059__2GDI_X__3D2G_A__a1__forward__rep1.aln	scripts/fresh_repro.py --pairs (4 pairs)	fresh downloads (metadata/sources_manifest.tsv URLs)	2645b54daf14d51896fafe1764e135eadd614cd8940a5726e786102603f2cda7	1227
audit/fresh_repro_v3_other4/runs/RF00059__2GDI_X__3D2G_A/attempt1/STAR3D_source/out/RF00059__2GDI_X__3D2G_A__a1__forward__rep1.aln.pdb	scripts/fresh_repro.py --pairs (4 pairs)	fresh downloads (metadata/sources_manifest.tsv URLs)	9df56cab9bc45bcc0b4420165f37564f9fe0c47968177bdf699090b3b6f330f0	226102
audit/fresh_repro_v3_other4/runs/RF00059__2GDI_X__3D2G_A/attempt1/STAR3D_source/out/RF00059__2GDI_X__3D2G_A__a1__forward__rep2.aln	scripts/fresh_repro.py --pairs (4 pairs)	fresh downloads (metadata/sources_manifest.tsv URLs)	7fe6f842f9bf3050c1c448e95e3f7482457218c21b295cbf3e0a9917b9ebc3df	1227
audit/fresh_repro_v3_other4/runs/RF00059__2GDI_X__3D2G_A/attempt1/STAR3D_source/out/RF00059__2GDI_X__3D2G_A__a1__forward__rep2.aln.pdb	scripts/fresh_repro.py --pairs (4 pairs)	fresh downloads (metadata/sources_manifest.tsv URLs)	9df56cab9bc45bcc0b4420165f37564f9fe0c47968177bdf699090b3b6f330f0	226102
audit/fresh_repro_v3_other4/runs/RF00059__2GDI_X__3D2G_A/attempt1/STAR3D_source/out/RF00059__2GDI_X__3D2G_A__a1__forward__rep3.aln	scripts/fresh_repro.py --pairs (4 pairs)	fresh downloads (metadata/sources_manifest.tsv URLs)	43c2b82c8aa90b0df1c1ce7b83807c9ac34ddc908688fe1ab09598a8df8a3a72	1227
audit/fresh_repro_v3_other4/runs/RF00059__2GDI_X__3D2G_A/attempt1/STAR3D_source/out/RF00059__2GDI_X__3D2G_A__a1__forward__rep3.aln.pdb	scripts/fresh_repro.py --pairs (4 pairs)	fresh downloads (metadata/sources_manifest.tsv URLs)	9df56cab9bc45bcc0b4420165f37564f9fe0c47968177bdf699090b3b6f330f0	226102
audit/fresh_repro_v3_other4/runs/RF00059__2GDI_X__3D2G_A/attempt1/STAR3D_source/out/RF00059__2GDI_X__3D2G_A__a1__reverse__rep1.aln	scripts/fresh_repro.py --pairs (4 pairs)	fresh downloads (metadata/sources_manifest.tsv URLs)	35b2c1a236c8746ba51067fa912e2c557f7433d9bccaf042d5d2249a7c1bdd40	1227
audit/fresh_repro_v3_other4/runs/RF00059__2GDI_X__3D2G_A/attempt1/STAR3D_source/out/RF00059__2GDI_X__3D2G_A__a1__reverse__rep1.aln.pdb	scripts/fresh_repro.py --pairs (4 pairs)	fresh downloads (metadata/sources_manifest.tsv URLs)	8d07eccb416ade42151b851a04a6f6dc783b5a3bf2231874b8f837e395221219	49152
audit/fresh_repro_v3_other4/runs/RF00059__2GDI_X__3D2G_A/attempt1/STAR3D_source/out/RF00059__2GDI_X__3D2G_A__a1__reverse__rep2.aln	scripts/fresh_repro.py --pairs (4 pairs)	fresh downloads (metadata/sources_manifest.tsv URLs)	a71d699cdccd7f52e84011dd3cb6bddf491ebfc6774b26f17dcc86141745a39d	1227
audit/fresh_repro_v3_other4/runs/RF00059__2GDI_X__3D2G_A/attempt1/STAR3D_source/out/RF00059__2GDI_X__3D2G_A__a1__reverse__rep2.aln.pdb	scripts/fresh_repro.py --pairs (4 pairs)	fresh downloads (metadata/sources_manifest.tsv URLs)	00e838cf590bfa589408d7e755ce95893c7ecea160305d394baeadefd762a8ed	226102
audit/fresh_repro_v3_other4/runs/RF00059__2GDI_X__3D2G_A/attempt1/STAR3D_source/out/RF00059__2GDI_X__3D2G_A__a1__reverse__rep3.aln	scripts/fresh_repro.py --pairs (4 pairs)	fresh downloads (metadata/sources_manifest.tsv URLs)	b345eebffe55047481d07067fe1025e54e68b576de11af3a3ece5340ee5fd197	1227
audit/fresh_repro_v3_other4/runs/RF00059__2GDI_X__3D2G_A/attempt1/STAR3D_source/out/RF00059__2GDI_X__3D2G_A__a1__reverse__rep3.aln.pdb	scripts/fresh_repro.py --pairs (4 pairs)	fresh downloads (metadata/sources_manifest.tsv URLs)	00e838cf590bfa589408d7e755ce95893c7ecea160305d394baeadefd762a8ed	226102
audit/fresh_repro_v3_other4/runs/RF00059__2GDI_X__3D2G_A/attempt1/STAR3D_source/src/Atom.java	scripts/fresh_repro.py --pairs (4 pairs)	fresh downloads (metadata/sources_manifest.tsv URLs)	24fedd69dd161f02c105f470cc991e64df835b04de40dc37ab41f30e48022e1f	294
audit/fresh_repro_v3_other4/runs/RF00059__2GDI_X__3D2G_A/attempt1/STAR3D_source/src/FindCompatibleSM.java	scripts/fresh_repro.py --pairs (4 pairs)	fresh downloads (metadata/sources_manifest.tsv URLs)	79424a8dd223b48e93b4ac98cd85cb36d93ceef707653fd8a0cf71c25035014e	2710
audit/fresh_repro_v3_other4/runs/RF00059__2GDI_X__3D2G_A/attempt1/STAR3D_source/src/FindStackmap.java	scripts/fresh_repro.py --pairs (4 pairs)	fresh downloads (metadata/sources_manifest.tsv URLs)	43dfad600225a02d75b892326be145b7b5ffb3ab74138896834fc420831b1a3e	3948
audit/fresh_repro_v3_other4/runs/RF00059__2GDI_X__3D2G_A/attempt1/STAR3D_source/src/Geom.java	scripts/fresh_repro.py --pairs (4 pairs)	fresh downloads (metadata/sources_manifest.tsv URLs)	d9d8bffc6d2e8c2d5a8c14b2b55243b9821ce5abc159ad9849415d68acb22259	3664
audit/fresh_repro_v3_other4/runs/RF00059__2GDI_X__3D2G_A/attempt1/STAR3D_source/src/Lib.java	scripts/fresh_repro.py --pairs (4 pairs)	fresh downloads (metadata/sources_manifest.tsv URLs)	55f4d9691c1758952cdd4c4405d20b5e5ac0af930d7d56a8cbfc10b079b020f3	3014
audit/fresh_repro_v3_other4/runs/RF00059__2GDI_X__3D2G_A/attempt1/STAR3D_source/src/LoopAlign.java	scripts/fresh_repro.py --pairs (4 pairs)	fresh downloads (metadata/sources_manifest.tsv URLs)	b6994c9700b99af22a08b5fe19d3cc8dd10cf1310673184570b3e0d2b9a45c1f	7782
audit/fresh_repro_v3_other4/runs/RF00059__2GDI_X__3D2G_A/attempt1/STAR3D_source/src/MCA.java	scripts/fresh_repro.py --pairs (4 pairs)	fresh downloads (metadata/sources_manifest.tsv URLs)	0595f0832749ae30ff111ce74660cfd89b8219fa3764eede43bd1f7c45c4fdcf	2248
audit/fresh_repro_v3_other4/runs/RF00059__2GDI_X__3D2G_A/attempt1/STAR3D_source/src/PDB.java	scripts/fresh_repro.py --pairs (4 pairs)	fresh downloads (metadata/sources_manifest.tsv URLs)	ce1d127814806ff6e9ece3486bfb88aecd14495c6de46c5f2288f657a1822de8	3679
audit/fresh_repro_v3_other4/runs/RF00059__2GDI_X__3D2G_A/attempt1/STAR3D_source/src/Pair.java	scripts/fresh_repro.py --pairs (4 pairs)	fresh downloads (metadata/sources_manifest.tsv URLs)	0797761c2ce8737523db29954f73db9e0104abde0cc761f772cf49c2e4a23b7d	541
audit/fresh_repro_v3_other4/runs/RF00059__2GDI_X__3D2G_A/attempt1/STAR3D_source/src/Point.java	scripts/fresh_repro.py --pairs (4 pairs)	fresh downloads (metadata/sources_manifest.tsv URLs)	7171379a41d7f91ce429d1e5133ff46d35c2942651a76b1fdddc8290dd060995	644
audit/fresh_repro_v3_other4/runs/RF00059__2GDI_X__3D2G_A/attempt1/STAR3D_source/src/Preprocess.java	scripts/fresh_repro.py --pairs (4 pairs)	fresh downloads (metadata/sources_manifest.tsv URLs)	b71477934783f8e0eee6a4bce5257a4f16b814cba751f17aeea60f46ba196393	4242
audit/fresh_repro_v3_other4/runs/RF00059__2GDI_X__3D2G_A/attempt1/STAR3D_source/src/ResID.java	scripts/fresh_repro.py --pairs (4 pairs)	fresh downloads (metadata/sources_manifest.tsv URLs)	584cf950b43595b5c903a3993d19f3bf960eb0d13f7fdab9cad3f68f1caeb66c	1287
audit/fresh_repro_v3_other4/runs/RF00059__2GDI_X__3D2G_A/attempt1/STAR3D_source/src/Residue.java	scripts/fresh_repro.py --pairs (4 pairs)	fresh downloads (metadata/sources_manifest.tsv URLs)	426509763837fef6b0daa0c21763d5a403fce89099a98d6eaa5d8831894e7bc3	216
audit/fresh_repro_v3_other4/runs/RF00059__2GDI_X__3D2G_A/attempt1/STAR3D_source/src/STAR3D.java	scripts/fresh_repro.py --pairs (4 pairs)	fresh downloads (metadata/sources_manifest.tsv URLs)	30deeb38e262103b0acbb8b62b2200a19a1756dfe9dbd02cdf62f619c13ba934	17013
audit/fresh_repro_v3_other4/runs/RF00059__2GDI_X__3D2G_A/attempt1/STAR3D_source/src/Snode.java	scripts/fresh_repro.py --pairs (4 pairs)	fresh downloads (metadata/sources_manifest.tsv URLs)	e60219ce633f6f9b4b24c508b8556244b88467ae813b4efb6024e3c5696f088d	1566
audit/fresh_repro_v3_other4/runs/RF00059__2GDI_X__3D2G_A/attempt1/STAR3D_source/src/Stackmap.java	scripts/fresh_repro.py --pairs (4 pairs)	fresh downloads (metadata/sources_manifest.tsv URLs)	92c4904e22374df91aa308e99cf85e8add0a9c325ead61364a6b613aa1f3f88a	511
audit/fresh_repro_v3_other4/runs/RF00059__2GDI_X__3D2G_A/attempt1/STAR3D_source/tools/MC-Annotate	scripts/fresh_repro.py --pairs (4 pairs)	fresh downloads (metadata/sources_manifest.tsv URLs)	285b89a65916133ae49c56db440dfbe38227fc648805cc759d8e37be418b0139	14206375
audit/fresh_repro_v3_other4/runs/RF00059__2GDI_X__3D2G_A/attempt1/STAR3D_source/tools/RemovePseudoknots	scripts/fresh_repro.py --pairs (4 pairs)	fresh downloads (metadata/sources_manifest.tsv URLs)	0ca3afc1ec2bc9935ec273bf86cf03346efda4a50da33c90682db353e2c0f316	876937
audit/fresh_repro_v3_other4/runs/RF00059__2GDI_X__3D2G_A/attempt1/STAR3D_source/tools/data_tables/average_ensemble_defect.model	scripts/fresh_repro.py --pairs (4 pairs)	fresh downloads (metadata/sources_manifest.tsv URLs)	2ec2cc3ad70ffacf9b1b5109355b113af503f97b1908b596bcee6fb75ff90971	152499
audit/fresh_repro_v3_other4/runs/RF00059__2GDI_X__3D2G_A/attempt1/STAR3D_source/tools/data_tables/coaxial.dat	scripts/fresh_repro.py --pairs (4 pairs)	fresh downloads (metadata/sources_manifest.tsv URLs)	912c75fcdc50e7c5fb5fc9949781303a069124d28dcfee8c48e84f502d7f8347	4136
audit/fresh_repro_v3_other4/runs/RF00059__2GDI_X__3D2G_A/attempt1/STAR3D_source/tools/data_tables/coaxial.dh	scripts/fresh_repro.py --pairs (4 pairs)	fresh downloads (metadata/sources_manifest.tsv URLs)	7bfcdfcac49c30fc5bd9b6b6a413172e666de6d185e39ed9b15a50000f81026a	4159
audit/fresh_repro_v3_other4/runs/RF00059__2GDI_X__3D2G_A/attempt1/STAR3D_source/tools/data_tables/coaxstack.dat	scripts/fresh_repro.py --pairs (4 pairs)	fresh downloads (metadata/sources_manifest.tsv URLs)	4524e1c6be68046367c57efe9082e0ed51e297a18107e99914192c9fb6fa65db	4130
audit/fresh_repro_v3_other4/runs/RF00059__2GDI_X__3D2G_A/attempt1/STAR3D_source/tools/data_tables/coaxstack.dh	scripts/fresh_repro.py --pairs (4 pairs)	fresh downloads (metadata/sources_manifest.tsv URLs)	e6ccb6217953541437a6b32de9800617b1bdfbfff966b23d3a0d6ed4528ee86c	4132
audit/fresh_repro_v3_other4/runs/RF00059__2GDI_X__3D2G_A/attempt1/STAR3D_source/tools/data_tables/dangle.dat	scripts/fresh_repro.py --pairs (4 pairs)	fresh downloads (metadata/sources_manifest.tsv URLs)	68010bac4a3b41c21c1883ceb248b555106f185eec8fd87f107fcd48d8b24b6b	5395
audit/fresh_repro_v3_other4/runs/RF00059__2GDI_X__3D2G_A/attempt1/STAR3D_source/tools/data_tables/dangle.dh	scripts/fresh_repro.py --pairs (4 pairs)	fresh downloads (metadata/sources_manifest.tsv URLs)	45c13098da6a73e6864cd82235c6e5ad267446d2347b14ce1edb241a5c61447a	5381
audit/fresh_repro_v3_other4/runs/RF00059__2GDI_X__3D2G_A/attempt1/STAR3D_source/tools/data_tables/data_assemble_training_Multifind_predict_ensemble_z_final_svmformat.model	scripts/fresh_repro.py --pairs (4 pairs)	fresh downloads (metadata/sources_manifest.tsv URLs)	2c96bef2e1b92cc827c562b05d9624bd0bc3674b42e1c82a40e9a594d3dfd842	281627
audit/fresh_repro_v3_other4/runs/RF00059__2GDI_X__3D2G_A/attempt1/STAR3D_source/tools/data_tables/description.txt	scripts/fresh_repro.py --pairs (4 pairs)	fresh downloads (metadata/sources_manifest.tsv URLs)	7ef1730a63fc788d0189c9ab5f842df5611c94219237755a56ae875028ca3902	3506
audit/fresh_repro_v3_other4/runs/RF00059__2GDI_X__3D2G_A/attempt1/STAR3D_source/tools/data_tables/design.DNA.Helices.dat	scripts/fresh_repro.py --pairs (4 pairs)	fresh downloads (metadata/sources_manifest.tsv URLs)	d570e947706f93ed72e0630e1f2b1c168d6fbf2a3897dd5cb58008dd0f9ac97e	41352
audit/fresh_repro_v3_other4/runs/RF00059__2GDI_X__3D2G_A/attempt1/STAR3D_source/tools/data_tables/design.DNA.Loops.dat	scripts/fresh_repro.py --pairs (4 pairs)	fresh downloads (metadata/sources_manifest.tsv URLs)	5466f5d1e98d2d964b6b103a21a12227fee2fa2eb3139bf38002f29b57379186	19446
audit/fresh_repro_v3_other4/runs/RF00059__2GDI_X__3D2G_A/attempt1/STAR3D_source/tools/data_tables/design.RNA.Helices.dat	scripts/fresh_repro.py --pairs (4 pairs)	fresh downloads (metadata/sources_manifest.tsv URLs)	4e1a1334aecfa1ea13bb1236daa30035cb0961c085e87cced432c5addd83b895	40310
audit/fresh_repro_v3_other4/runs/RF00059__2GDI_X__3D2G_A/attempt1/STAR3D_source/tools/data_tables/design.RNA.Loops.dat	scripts/fresh_repro.py --pairs (4 pairs)	fresh downloads (metadata/sources_manifest.tsv URLs)	7f6912c48fd8a22888ad7606ce7ffc5eea391ce4ebad674bdd3b8c4869c6a8dd	20189
audit/fresh_repro_v3_other4/runs/RF00059__2GDI_X__3D2G_A/attempt1/STAR3D_source/tools/data_tables/dists/CMCTdist.txt	scripts/fresh_repro.py --pairs (4 pairs)	fresh downloads (metadata/sources_manifest.tsv URLs)	aca9b8070c45e2d9de7a341ec1a9c80d301c4b885dea5f92171f4ae3d1be98bf	193
audit/fresh_repro_v3_other4/runs/RF00059__2GDI_X__3D2G_A/attempt1/STAR3D_source/tools/data_tables/dists/DMSdist.txt	scripts/fresh_repro.py --pairs (4 pairs)	fresh downloads (metadata/sources_manifest.tsv URLs)	ace94d49bba6f44f8f88117b68ac42c4a77d071979c1b5fa5b5623195a6f9950	193
audit/fresh_repro_v3_other4/runs/RF00059__2GDI_X__3D2G_A/attempt1/STAR3D_source/tools/data_tables/dists/SHAPEdist.txt	scripts/fresh_repro.py --pairs (4 pairs)	fresh downloads (metadata/sources_manifest.tsv URLs)	14fc961a80b62455cbc1c0f248e3393a6ea23b83fe7a6d2bcd5623335c0ebdb3	194
audit/fresh_repro_v3_other4/runs/RF00059__2GDI_X__3D2G_A/attempt1/STAR3D_source/tools/data_tables/dnacoaxial.dat	scripts/fresh_repro.py --pairs (4 pairs)	fresh downloads (metadata/sources_manifest.tsv URLs)	36d55b869debc7998b8fef45d616af5b425c6c5a26bbdf8e5cdfb8ab50fb09b2	4131
audit/fresh_repro_v3_other4/runs/RF00059__2GDI_X__3D2G_A/attempt1/STAR3D_source/tools/data_tables/dnacoaxial.dh	scripts/fresh_repro.py --pairs (4 pairs)	fresh downloads (metadata/sources_manifest.tsv URLs)	d9f1f07209f0358828a6524d894553bb61657c2c977dc31cadc4bde8a61ae82b	4127
audit/fresh_repro_v3_other4/runs/RF00059__2GDI_X__3D2G_A/attempt1/STAR3D_source/tools/data_tables/dnacoaxstack.dat	scripts/fresh_repro.py --pairs (4 pairs)	fresh downloads (metadata/sources_manifest.tsv URLs)	dd48b5aeaf7e82d2542244069996d67109bc2fcfa2ae82fd50dca41be602e4c0	4110
audit/fresh_repro_v3_other4/runs/RF00059__2GDI_X__3D2G_A/attempt1/STAR3D_source/tools/data_tables/dnacoaxstack.dh	scripts/fresh_repro.py --pairs (4 pairs)	fresh downloads (metadata/sources_manifest.tsv URLs)	fb80b148fac09d8f0d3eba51fc514bb85d0ff01b2b3a9ab85c57f0d8866aa632	4040
audit/fresh_repro_v3_other4/runs/RF00059__2GDI_X__3D2G_A/attempt1/STAR3D_source/tools/data_tables/dnadangle.dat	scripts/fresh_repro.py --pairs (4 pairs)	fresh downloads (metadata/sources_manifest.tsv URLs)	538f8eef81595389f8897556cc0b157d976a9d9fdf38805e582b88eab50f0c26	5395
audit/fresh_repro_v3_other4/runs/RF00059__2GDI_X__3D2G_A/attempt1/STAR3D_source/tools/data_tables/dnadangle.dh	scripts/fresh_repro.py --pairs (4 pairs)	fresh downloads (metadata/sources_manifest.tsv URLs)	7e1ff89a63caea5683b0bf26eeba3ad4f719d09482d2b43616852e21ba13483c	5393
audit/fresh_repro_v3_other4/runs/RF00059__2GDI_X__3D2G_A/attempt1/STAR3D_source/tools/data_tables/dnadynalignmiscloop.dat	scripts/fresh_repro.py --pairs (4 pairs)	fresh downloads (metadata/sources_manifest.tsv URLs)	bb4b50a47cb716b13f4e2abd0dc611f1532af8b7a63530e08733e1785037d2db	826
audit/fresh_repro_v3_other4/runs/RF00059__2GDI_X__3D2G_A/attempt1/STAR3D_source/tools/data_tables/dnadynalignmiscloop.dh	scripts/fresh_repro.py --pairs (4 pairs)	fresh downloads (metadata/sources_manifest.tsv URLs)	af35416874b2da8cc5574f327862cf13053f89219c4dd326e585d29995455986	924
audit/fresh_repro_v3_other4/runs/RF00059__2GDI_X__3D2G_A/attempt1/STAR3D_source/tools/data_tables/dnahexaloop.dat	scripts/fresh_repro.py --pairs (4 pairs)	fresh downloads (metadata/sources_manifest.tsv URLs)	ee30c35eea18ec3bed9fc651cb9973a0dc1dfd63ac404369143218d34bd49e91	30
audit/fresh_repro_v3_other4/runs/RF00059__2GDI_X__3D2G_A/attempt1/STAR3D_source/tools/data_tables/dnahexaloop.dh	scripts/fresh_repro.py --pairs (4 pairs)	fresh downloads (metadata/sources_manifest.tsv URLs)	ee30c35eea18ec3bed9fc651cb9973a0dc1dfd63ac404369143218d34bd49e91	30
audit/fresh_repro_v3_other4/runs/RF00059__2GDI_X__3D2G_A/attempt1/STAR3D_source/tools/data_tables/dnaint11.dat	scripts/fresh_repro.py --pairs (4 pairs)	fresh downloads (metadata/sources_manifest.tsv URLs)	4766ab6e99cee11e53edbb1f46a7c2dc71ab5762f593ccf5f6b817aacb8481da	10352
audit/fresh_repro_v3_other4/runs/RF00059__2GDI_X__3D2G_A/attempt1/STAR3D_source/tools/data_tables/dnaint11.dh	scripts/fresh_repro.py --pairs (4 pairs)	fresh downloads (metadata/sources_manifest.tsv URLs)	f7b8bfca5516c71664bc76885085498636f0100fd279eb6411c8be7474f7ec4f	10409
audit/fresh_repro_v3_other4/runs/RF00059__2GDI_X__3D2G_A/attempt1/STAR3D_source/tools/data_tables/dnaint21.dat	scripts/fresh_repro.py --pairs (4 pairs)	fresh downloads (metadata/sources_manifest.tsv URLs)	9e7289ccab18129eb9803a8f9f53428f63d1f4cf8b7e94d4ec2b0da07452a2bc	39870
audit/fresh_repro_v3_other4/runs/RF00059__2GDI_X__3D2G_A/attempt1/STAR3D_source/tools/data_tables/dnaint21.dh	scripts/fresh_repro.py --pairs (4 pairs)	fresh downloads (metadata/sources_manifest.tsv URLs)	7e65979b7607922627c3deebfdcdacbfbfc300dc00ba3a040ea4f38b29ae7802	42016
audit/fresh_repro_v3_other4/runs/RF00059__2GDI_X__3D2G_A/attempt1/STAR3D_source/tools/data_tables/dnaint22.dat	scripts/fresh_repro.py --pairs (4 pairs)	fresh downloads (metadata/sources_manifest.tsv URLs)	03d6d9096269a51f3e3811866d8d731fa2866b3934763a5067ca9feda91010ce	68371
audit/fresh_repro_v3_other4/runs/RF00059__2GDI_X__3D2G_A/attempt1/STAR3D_source/tools/data_tables/dnaint22.dh	scripts/fresh_repro.py --pairs (4 pairs)	fresh downloads (metadata/sources_manifest.tsv URLs)	f8c19412fe7b22432fa3097e205c823346e9a5cb871624835973be7ca6b504fb	69001
audit/fresh_repro_v3_other4/runs/RF00059__2GDI_X__3D2G_A/attempt1/STAR3D_source/tools/data_tables/dnaloop.dat	scripts/fresh_repro.py --pairs (4 pairs)	fresh downloads (metadata/sources_manifest.tsv URLs)	5ee2c8fa2c2eb04faa7d76ddc9aa102051c2e6584d12407467af29e95cbfe6b4	1854
audit/fresh_repro_v3_other4/runs/RF00059__2GDI_X__3D2G_A/attempt1/STAR3D_source/tools/data_tables/dnaloop.dh	scripts/fresh_repro.py --pairs (4 pairs)	fresh downloads (metadata/sources_manifest.tsv URLs)	f663ec88f396ccb87277dcab02a2c2fa5afcc97101528b1f42b83d6790be8a33	1854
audit/fresh_repro_v3_other4/runs/RF00059__2GDI_X__3D2G_A/attempt1/STAR3D_source/tools/data_tables/dnamiscloop.dat	scripts/fresh_repro.py --pairs (4 pairs)	fresh downloads (metadata/sources_manifest.tsv URLs)	5d10c892b1767b4dc9c09c91495fc49e714653c496642edb71d727c79dfa8b04	852
audit/fresh_repro_v3_other4/runs/RF00059__2GDI_X__3D2G_A/attempt1/STAR3D_source/tools/data_tables/dnamiscloop.dh	scripts/fresh_repro.py --pairs (4 pairs)	fresh downloads (metadata/sources_manifest.tsv URLs)	27b0f17cb1b80f5efe34dd7059257948669ecdd2d634cabe9d5988f95cefc2e1	849
audit/fresh_repro_v3_other4/runs/RF00059__2GDI_X__3D2G_A/attempt1/STAR3D_source/tools/data_tables/dnastack.dat	scripts/fresh_repro.py --pairs (4 pairs)	fresh downloads (metadata/sources_manifest.tsv URLs)	36d55b869debc7998b8fef45d616af5b425c6c5a26bbdf8e5cdfb8ab50fb09b2	4131
audit/fresh_repro_v3_other4/runs/RF00059__2GDI_X__3D2G_A/attempt1/STAR3D_source/tools/data_tables/dnastack.dh	scripts/fresh_repro.py --pairs (4 pairs)	fresh downloads (metadata/sources_manifest.tsv URLs)	caab3e74f8f5157166bd67e215388100334fa26e2df228370947f94ede3e6b07	4127
audit/fresh_repro_v3_other4/runs/RF00059__2GDI_X__3D2G_A/attempt1/STAR3D_source/tools/data_tables/dnatloop.dat	scripts/fresh_repro.py --pairs (4 pairs)	fresh downloads (metadata/sources_manifest.tsv URLs)	7206744ce5dd9bc518465515547a83b822896ce83aaaa14f3418116aa50a4788	3192
audit/fresh_repro_v3_other4/runs/RF00059__2GDI_X__3D2G_A/attempt1/STAR3D_source/tools/data_tables/dnatloop.dh	scripts/fresh_repro.py --pairs (4 pairs)	fresh downloads (metadata/sources_manifest.tsv URLs)	abc9f93ebda63d4e52dc9ed895d2f79dbdd8ab79bb88676e6e575fe0951a705e	282
audit/fresh_repro_v3_other4/runs/RF00059__2GDI_X__3D2G_A/attempt1/STAR3D_source/tools/data_tables/dnatriloop.dat	scripts/fresh_repro.py --pairs (4 pairs)	fresh downloads (metadata/sources_manifest.tsv URLs)	1cc73c333b5d2568c269224138fcbf94889284ff52548b232c9d7303a82f02ff	256
audit/fresh_repro_v3_other4/runs/RF00059__2GDI_X__3D2G_A/attempt1/STAR3D_source/tools/data_tables/dnatriloop.dh	scripts/fresh_repro.py --pairs (4 pairs)	fresh downloads (metadata/sources_manifest.tsv URLs)	b9cfe28ee8f830df3d735c7e3d7e363854ba15fe6d6af34bc9b6ba82a98d60a9	72
audit/fresh_repro_v3_other4/runs/RF00059__2GDI_X__3D2G_A/attempt1/STAR3D_source/tools/data_tables/dnatstack.dat	scripts/fresh_repro.py --pairs (4 pairs)	fresh downloads (metadata/sources_manifest.tsv URLs)	699238a5dfcc1ebb8c2f6285d30c8b1e1504c8a2e1c8cc69b759a83649dfd823	4076
audit/fresh_repro_v3_other4/runs/RF00059__2GDI_X__3D2G_A/attempt1/STAR3D_source/tools/data_tables/dnatstack.dh	scripts/fresh_repro.py --pairs (4 pairs)	fresh downloads (metadata/sources_manifest.tsv URLs)	7c0a8a20ae52c8895bb95b260d5756358c94247e0d8a71a3940c76a369fafc93	4056
audit/fresh_repro_v3_other4/runs/RF00059__2GDI_X__3D2G_A/attempt1/STAR3D_source/tools/data_tables/dnatstackcoax.dat	scripts/fresh_repro.py --pairs (4 pairs)	fresh downloads (metadata/sources_manifest.tsv URLs)	699238a5dfcc1ebb8c2f6285d30c8b1e1504c8a2e1c8cc69b759a83649dfd823	4076
audit/fresh_repro_v3_other4/runs/RF00059__2GDI_X__3D2G_A/attempt1/STAR3D_source/tools/data_tables/dnatstackcoax.dh	scripts/fresh_repro.py --pairs (4 pairs)	fresh downloads (metadata/sources_manifest.tsv URLs)	c91472284ec0bb38b13f369f55d17ae0c16f7b7d31fb8caa63e91db24eadfec2	4024
audit/fresh_repro_v3_other4/runs/RF00059__2GDI_X__3D2G_A/attempt1/STAR3D_source/tools/data_tables/dnatstackh.dat	scripts/fresh_repro.py --pairs (4 pairs)	fresh downloads (metadata/sources_manifest.tsv URLs)	699238a5dfcc1ebb8c2f6285d30c8b1e1504c8a2e1c8cc69b759a83649dfd823	4076
audit/fresh_repro_v3_other4/runs/RF00059__2GDI_X__3D2G_A/attempt1/STAR3D_source/tools/data_tables/dnatstackh.dh	scripts/fresh_repro.py --pairs (4 pairs)	fresh downloads (metadata/sources_manifest.tsv URLs)	3c4043c8b147da97f51e20772d8a2d85cb2e378678d664e703dfa5f8dff28afd	4056
audit/fresh_repro_v3_other4/runs/RF00059__2GDI_X__3D2G_A/attempt1/STAR3D_source/tools/data_tables/dnatstacki.dat	scripts/fresh_repro.py --pairs (4 pairs)	fresh downloads (metadata/sources_manifest.tsv URLs)	699238a5dfcc1ebb8c2f6285d30c8b1e1504c8a2e1c8cc69b759a83649dfd823	4076
audit/fresh_repro_v3_other4/runs/RF00059__2GDI_X__3D2G_A/attempt1/STAR3D_source/tools/data_tables/dnatstacki.dh	scripts/fresh_repro.py --pairs (4 pairs)	fresh downloads (metadata/sources_manifest.tsv URLs)	3c4043c8b147da97f51e20772d8a2d85cb2e378678d664e703dfa5f8dff28afd	4056
audit/fresh_repro_v3_other4/runs/RF00059__2GDI_X__3D2G_A/attempt1/STAR3D_source/tools/data_tables/dnatstacki1n.dat	scripts/fresh_repro.py --pairs (4 pairs)	fresh downloads (metadata/sources_manifest.tsv URLs)	5dcd88f8a17cf36e786715f0354c973de5b8383347069366a92f21840c91833c	4083
audit/fresh_repro_v3_other4/runs/RF00059__2GDI_X__3D2G_A/attempt1/STAR3D_source/tools/data_tables/dnatstacki1n.dh	scripts/fresh_repro.py --pairs (4 pairs)	fresh downloads (metadata/sources_manifest.tsv URLs)	54478a515d6298bfbc0166bf70a5f7c9b3843daba329bbca27b39f40f3f20a0e	4083
audit/fresh_repro_v3_other4/runs/RF00059__2GDI_X__3D2G_A/attempt1/STAR3D_source/tools/data_tables/dnatstacki23.dat	scripts/fresh_repro.py --pairs (4 pairs)	fresh downloads (metadata/sources_manifest.tsv URLs)	699238a5dfcc1ebb8c2f6285d30c8b1e1504c8a2e1c8cc69b759a83649dfd823	4076
audit/fresh_repro_v3_other4/runs/RF00059__2GDI_X__3D2G_A/attempt1/STAR3D_source/tools/data_tables/dnatstacki23.dh	scripts/fresh_repro.py --pairs (4 pairs)	fresh downloads (metadata/sources_manifest.tsv URLs)	3c4043c8b147da97f51e20772d8a2d85cb2e378678d664e703dfa5f8dff28afd	4056
audit/fresh_repro_v3_other4/runs/RF00059__2GDI_X__3D2G_A/attempt1/STAR3D_source/tools/data_tables/dnatstackm.dat	scripts/fresh_repro.py --pairs (4 pairs)	fresh downloads (metadata/sources_manifest.tsv URLs)	53fe5ecb7fce6c9b2a59d67cfab59065c4b83118570626032c77f9a7575fe271	4076
audit/fresh_repro_v3_other4/runs/RF00059__2GDI_X__3D2G_A/attempt1/STAR3D_source/tools/data_tables/dnatstackm.dh	scripts/fresh_repro.py --pairs (4 pairs)	fresh downloads (metadata/sources_manifest.tsv URLs)	3c4043c8b147da97f51e20772d8a2d85cb2e378678d664e703dfa5f8dff28afd	4056
audit/fresh_repro_v3_other4/runs/RF00059__2GDI_X__3D2G_A/attempt1/STAR3D_source/tools/data_tables/dynalignmiscloop.dat	scripts/fresh_repro.py --pairs (4 pairs)	fresh downloads (metadata/sources_manifest.tsv URLs)	02b163f38317ef57c55b88298a10b6d5716a41fc16c16b032d40b0360de35858	844
audit/fresh_repro_v3_other4/runs/RF00059__2GDI_X__3D2G_A/attempt1/STAR3D_source/tools/data_tables/fam_hmm_pars.dat	scripts/fresh_repro.py --pairs (4 pairs)	fresh downloads (metadata/sources_manifest.tsv URLs)	969579f7da76cc225de5cf3a3a6a5d832f81becf292542701e8ae9297fdd419f	8202
audit/fresh_repro_v3_other4/runs/RF00059__2GDI_X__3D2G_A/attempt1/STAR3D_source/tools/data_tables/helix.dat	scripts/fresh_repro.py --pairs (4 pairs)	fresh downloads (metadata/sources_manifest.tsv URLs)	e0be9b15bbbc459423796b4d565b729db52ec8354a33fc5701fe700a351d5efd	128
audit/fresh_repro_v3_other4/runs/RF00059__2GDI_X__3D2G_A/attempt1/STAR3D_source/tools/data_tables/helixdr.dat	scripts/fresh_repro.py --pairs (4 pairs)	fresh downloads (metadata/sources_manifest.tsv URLs)	cfe4d62ba3d8258f9f949c9ce6d5b722f4032e1671fc92b5b47b11cf81b8ad72	126
audit/fresh_repro_v3_other4/runs/RF00059__2GDI_X__3D2G_A/attempt1/STAR3D_source/tools/data_tables/hexaloop.dat	scripts/fresh_repro.py --pairs (4 pairs)	fresh downloads (metadata/sources_manifest.tsv URLs)	1e2b3ea7d0f2bba02ef2513172a160ad8bc47f9315687ec9e3f57ea64d1d12a7	86
audit/fresh_repro_v3_other4/runs/RF00059__2GDI_X__3D2G_A/attempt1/STAR3D_source/tools/data_tables/hexaloop.dh	scripts/fresh_repro.py --pairs (4 pairs)	fresh downloads (metadata/sources_manifest.tsv URLs)	640c68e58dc8930bc2e47304877c1e98bd156ef33898ce5e67e88febbd7be75c	101
audit/fresh_repro_v3_other4/runs/RF00059__2GDI_X__3D2G_A/attempt1/STAR3D_source/tools/data_tables/int11.dat	scripts/fresh_repro.py --pairs (4 pairs)	fresh downloads (metadata/sources_manifest.tsv URLs)	f3889ec33019ea7827c6dd36b19633e39d01f97e68b8a144a9713c040c61c4bb	10422
audit/fresh_repro_v3_other4/runs/RF00059__2GDI_X__3D2G_A/attempt1/STAR3D_source/tools/data_tables/int11.dh	scripts/fresh_repro.py --pairs (4 pairs)	fresh downloads (metadata/sources_manifest.tsv URLs)	027dbac787e481b96d8d729628c61d4bbf161197501b24cc883cea00b983a850	10792
audit/fresh_repro_v3_other4/runs/RF00059__2GDI_X__3D2G_A/attempt1/STAR3D_source/tools/data_tables/int21.dat	scripts/fresh_repro.py --pairs (4 pairs)	fresh downloads (metadata/sources_manifest.tsv URLs)	4ef8147de60c1ca7cfa71ca1c9789bdd23e2f0626d58949dec5ded33af02a6f5	39823
audit/fresh_repro_v3_other4/runs/RF00059__2GDI_X__3D2G_A/attempt1/STAR3D_source/tools/data_tables/int21.dh	scripts/fresh_repro.py --pairs (4 pairs)	fresh downloads (metadata/sources_manifest.tsv URLs)	b14ad88c2384750cc3ca6b2e0de0649bfebd4ea2df5af9db24fc001f7b09304a	39846
audit/fresh_repro_v3_other4/runs/RF00059__2GDI_X__3D2G_A/attempt1/STAR3D_source/tools/data_tables/int22-exp.dh	scripts/fresh_repro.py --pairs (4 pairs)	fresh downloads (metadata/sources_manifest.tsv URLs)	f64e33ef792c4c7f7ae66f63ac859c2514e0d7f076f3839dc534e4e365d938a0	67786
audit/fresh_repro_v3_other4/runs/RF00059__2GDI_X__3D2G_A/attempt1/STAR3D_source/tools/data_tables/int22.dat	scripts/fresh_repro.py --pairs (4 pairs)	fresh downloads (metadata/sources_manifest.tsv URLs)	18b353d81c02b508493e509fa3143b211709923dd50ab8ad7f18c5b3c37027d7	68297
audit/fresh_repro_v3_other4/runs/RF00059__2GDI_X__3D2G_A/attempt1/STAR3D_source/tools/data_tables/int22.dh	scripts/fresh_repro.py --pairs (4 pairs)	fresh downloads (metadata/sources_manifest.tsv URLs)	191427765ca0d3ad02524c3204496e05c920fcb9b37fcdb95ab5a9af9f66d087	71577
audit/fresh_repro_v3_other4/runs/RF00059__2GDI_X__3D2G_A/attempt1/STAR3D_source/tools/data_tables/loop.dat	scripts/fresh_repro.py --pairs (4 pairs)	fresh downloads (metadata/sources_manifest.tsv URLs)	1f7bc76269db52564ef8b6155586c3a2b06da5f5361719b02c8811c9813f8363	1855
audit/fresh_repro_v3_other4/runs/RF00059__2GDI_X__3D2G_A/attempt1/STAR3D_source/tools/data_tables/loop.dh	scripts/fresh_repro.py --pairs (4 pairs)	fresh downloads (metadata/sources_manifest.tsv URLs)	badf2412d5795fc29bc6ebca7bbd073862b159ae0a97e4577e34d79796486708	1887
audit/fresh_repro_v3_other4/runs/RF00059__2GDI_X__3D2G_A/attempt1/STAR3D_source/tools/data_tables/miscloop.dat	scripts/fresh_repro.py --pairs (4 pairs)	fresh downloads (metadata/sources_manifest.tsv URLs)	da19ff374abdf42daac4e1b99be6260036b893a23af92228541269150355f126	854
audit/fresh_repro_v3_other4/runs/RF00059__2GDI_X__3D2G_A/attempt1/STAR3D_source/tools/data_tables/miscloop.dh	scripts/fresh_repro.py --pairs (4 pairs)	fresh downloads (metadata/sources_manifest.tsv URLs)	209f13518243c17beec2fc00f49d7eec0e866ada3ed2d85118b03224ae8a9614	853
audit/fresh_repro_v3_other4/runs/RF00059__2GDI_X__3D2G_A/attempt1/STAR3D_source/tools/data_tables/new_training_z_ave.scale.model	scripts/fresh_repro.py --pairs (4 pairs)	fresh downloads (metadata/sources_manifest.tsv URLs)	62dfd6dd9ed33af1ce064fddb1c0d95639a36a37caa762827c4a655c98d692dd	316406
audit/fresh_repro_v3_other4/runs/RF00059__2GDI_X__3D2G_A/attempt1/STAR3D_source/tools/data_tables/new_training_z_std.scale.model	scripts/fresh_repro.py --pairs (4 pairs)	fresh downloads (metadata/sources_manifest.tsv URLs)	2b0b008904061d51a7bc5c24fc973d42dd213cca85e041d1fb1515cfb3210bb7	356207
audit/fresh_repro_v3_other4/runs/RF00059__2GDI_X__3D2G_A/attempt1/STAR3D_source/tools/data_tables/pseudconst.dat	scripts/fresh_repro.py --pairs (4 pairs)	fresh downloads (metadata/sources_manifest.tsv URLs)	7dc98c7589c406065aeb042c1f45bc2dd6143824414395ea3ed9a731f0dfc86d	809
audit/fresh_repro_v3_other4/runs/RF00059__2GDI_X__3D2G_A/attempt1/STAR3D_source/tools/data_tables/stack.dat	scripts/fresh_repro.py --pairs (4 pairs)	fresh downloads (metadata/sources_manifest.tsv URLs)	912c75fcdc50e7c5fb5fc9949781303a069124d28dcfee8c48e84f502d7f8347	4136
audit/fresh_repro_v3_other4/runs/RF00059__2GDI_X__3D2G_A/attempt1/STAR3D_source/tools/data_tables/stack.dh	scripts/fresh_repro.py --pairs (4 pairs)	fresh downloads (metadata/sources_manifest.tsv URLs)	d79246bc3a3eaf4c3338725d0c4e4601a406bb21c5b2cc4f1a2b9a3045ae0e5c	4148
audit/fresh_repro_v3_other4/runs/RF00059__2GDI_X__3D2G_A/attempt1/STAR3D_source/tools/data_tables/stack.ds	scripts/fresh_repro.py --pairs (4 pairs)	fresh downloads (metadata/sources_manifest.tsv URLs)	c84a2bf83d1826690874cca437a7030335bd49ca4f40eb26109d2d4d28e80f21	4119
audit/fresh_repro_v3_other4/runs/RF00059__2GDI_X__3D2G_A/attempt1/STAR3D_source/tools/data_tables/stackdr.dat	scripts/fresh_repro.py --pairs (4 pairs)	fresh downloads (metadata/sources_manifest.tsv URLs)	ad8a1186be0a9164bfaedb2f84823ff4631842e4525a2e1f1ff81c4ed0d0e587	4172
audit/fresh_repro_v3_other4/runs/RF00059__2GDI_X__3D2G_A/attempt1/STAR3D_source/tools/data_tables/stackdr.dh	scripts/fresh_repro.py --pairs (4 pairs)	fresh downloads (metadata/sources_manifest.tsv URLs)	9d074ef9856b9609bd58126df889c749fc95b791d01ca8584e52b160bd3c4a5b	4139
audit/fresh_repro_v3_other4/runs/RF00059__2GDI_X__3D2G_A/attempt1/STAR3D_source/tools/data_tables/stackdr.ds	scripts/fresh_repro.py --pairs (4 pairs)	fresh downloads (metadata/sources_manifest.tsv URLs)	3aba2ff4109e759f09585fa9f6a415c1cbd450e2f6912e3ec2e04d6f24f27dd7	4138
audit/fresh_repro_v3_other4/runs/RF00059__2GDI_X__3D2G_A/attempt1/STAR3D_source/tools/data_tables/std_ensemble_defect.model	scripts/fresh_repro.py --pairs (4 pairs)	fresh downloads (metadata/sources_manifest.tsv URLs)	94c8824a923803310ed71a3e82def04d46583a5359a76a1277d062baea874394	28213
audit/fresh_repro_v3_other4/runs/RF00059__2GDI_X__3D2G_A/attempt1/STAR3D_source/tools/data_tables/tloop.dat	scripts/fresh_repro.py --pairs (4 pairs)	fresh downloads (metadata/sources_manifest.tsv URLs)	27e73ed4b824bba5687b9ec202fa73aec2a7bf7415e8be7dd738be6c323ccfc0	209
audit/fresh_repro_v3_other4/runs/RF00059__2GDI_X__3D2G_A/attempt1/STAR3D_source/tools/data_tables/tloop.dh	scripts/fresh_repro.py --pairs (4 pairs)	fresh downloads (metadata/sources_manifest.tsv URLs)	c38d62842241c7cd468741e4c291151f47f6e18ad876b3dcd4959639d1247874	232
audit/fresh_repro_v3_other4/runs/RF00059__2GDI_X__3D2G_A/attempt1/STAR3D_source/tools/data_tables/triloop.dat	scripts/fresh_repro.py --pairs (4 pairs)	fresh downloads (metadata/sources_manifest.tsv URLs)	bf6e20f45037699a225e9dee4772cccce959d4f6c826a2ff4dd0f8113b3f405a	49
audit/fresh_repro_v3_other4/runs/RF00059__2GDI_X__3D2G_A/attempt1/STAR3D_source/tools/data_tables/triloop.dh	scripts/fresh_repro.py --pairs (4 pairs)	fresh downloads (metadata/sources_manifest.tsv URLs)	1bc002e947901a7bfdf22944ab2fa6a0cb60f32d4792cd5e59d3e1fed4540b91	54
audit/fresh_repro_v3_other4/runs/RF00059__2GDI_X__3D2G_A/attempt1/STAR3D_source/tools/data_tables/tstack.dat	scripts/fresh_repro.py --pairs (4 pairs)	fresh downloads (metadata/sources_manifest.tsv URLs)	67105db188072e89cc141899c312761668d9b99bb27ed71887556273736be849	4112
audit/fresh_repro_v3_other4/runs/RF00059__2GDI_X__3D2G_A/attempt1/STAR3D_source/tools/data_tables/tstack.dh	scripts/fresh_repro.py --pairs (4 pairs)	fresh downloads (metadata/sources_manifest.tsv URLs)	a9a60a7decb19df134733b6e6f72fec5a1345cec5c429e1be2e9c26b82ad74ca	4114
audit/fresh_repro_v3_other4/runs/RF00059__2GDI_X__3D2G_A/attempt1/STAR3D_source/tools/data_tables/tstackcoax.dat	scripts/fresh_repro.py --pairs (4 pairs)	fresh downloads (metadata/sources_manifest.tsv URLs)	67105db188072e89cc141899c312761668d9b99bb27ed71887556273736be849	4112
audit/fresh_repro_v3_other4/runs/RF00059__2GDI_X__3D2G_A/attempt1/STAR3D_source/tools/data_tables/tstackcoax.dh	scripts/fresh_repro.py --pairs (4 pairs)	fresh downloads (metadata/sources_manifest.tsv URLs)	a9a60a7decb19df134733b6e6f72fec5a1345cec5c429e1be2e9c26b82ad74ca	4114
audit/fresh_repro_v3_other4/runs/RF00059__2GDI_X__3D2G_A/attempt1/STAR3D_source/tools/data_tables/tstackh.dat	scripts/fresh_repro.py --pairs (4 pairs)	fresh downloads (metadata/sources_manifest.tsv URLs)	e3ac961e7f89c2739505f0fa42644aa8da461f42b03ce90dbeb413006632b1c7	4112
audit/fresh_repro_v3_other4/runs/RF00059__2GDI_X__3D2G_A/attempt1/STAR3D_source/tools/data_tables/tstackh.dh	scripts/fresh_repro.py --pairs (4 pairs)	fresh downloads (metadata/sources_manifest.tsv URLs)	2e0a52904a3f6f2ed82eddaeddde010368582527724c2b5faa0bc068f8dbbce0	4114
audit/fresh_repro_v3_other4/runs/RF00059__2GDI_X__3D2G_A/attempt1/STAR3D_source/tools/data_tables/tstacki.dat	scripts/fresh_repro.py --pairs (4 pairs)	fresh downloads (metadata/sources_manifest.tsv URLs)	d701733e04c23cd813802d9507509fbdf7b4e582668ad2149b0d3c85413fd242	4083
audit/fresh_repro_v3_other4/runs/RF00059__2GDI_X__3D2G_A/attempt1/STAR3D_source/tools/data_tables/tstacki.dh	scripts/fresh_repro.py --pairs (4 pairs)	fresh downloads (metadata/sources_manifest.tsv URLs)	1329a422e72a4d9375351886993e7a0d4617139aaeda1f434698e54ba989f074	4072
audit/fresh_repro_v3_other4/runs/RF00059__2GDI_X__3D2G_A/attempt1/STAR3D_source/tools/data_tables/tstacki1n.dat	scripts/fresh_repro.py --pairs (4 pairs)	fresh downloads (metadata/sources_manifest.tsv URLs)	bc12f338ad3cfce5d3fcf3392ca114c05ab1607de8d318dfd5c8eb7d2a674ee4	4083
audit/fresh_repro_v3_other4/runs/RF00059__2GDI_X__3D2G_A/attempt1/STAR3D_source/tools/data_tables/tstacki1n.dh	scripts/fresh_repro.py --pairs (4 pairs)	fresh downloads (metadata/sources_manifest.tsv URLs)	58a65641e6c4a1c2201778d0ebb0bc6fb5d619f05e9f0df07661d89f79fcc2c1	4085
audit/fresh_repro_v3_other4/runs/RF00059__2GDI_X__3D2G_A/attempt1/STAR3D_source/tools/data_tables/tstacki23.dat	scripts/fresh_repro.py --pairs (4 pairs)	fresh downloads (metadata/sources_manifest.tsv URLs)	3d483a42d1d3474e3bfd71eb32ddd5de053a019ad053991f8b54f4605f04992e	4079
audit/fresh_repro_v3_other4/runs/RF00059__2GDI_X__3D2G_A/attempt1/STAR3D_source/tools/data_tables/tstacki23.dh	scripts/fresh_repro.py --pairs (4 pairs)	fresh downloads (metadata/sources_manifest.tsv URLs)	fc124d676bb1d6a4f53fa6beeed3c0ce34d16b1ea8e472bcd2b07b66d62d8053	4085
audit/fresh_repro_v3_other4/runs/RF00059__2GDI_X__3D2G_A/attempt1/STAR3D_source/tools/data_tables/tstackm.dat	scripts/fresh_repro.py --pairs (4 pairs)	fresh downloads (metadata/sources_manifest.tsv URLs)	67105db188072e89cc141899c312761668d9b99bb27ed71887556273736be849	4112
audit/fresh_repro_v3_other4/runs/RF00059__2GDI_X__3D2G_A/attempt1/STAR3D_source/tools/data_tables/tstackm.dh	scripts/fresh_repro.py --pairs (4 pairs)	fresh downloads (metadata/sources_manifest.tsv URLs)	a9a60a7decb19df134733b6e6f72fec5a1345cec5c429e1be2e9c26b82ad74ca	4114
audit/fresh_repro_v3_other4/runs/RF00059__2GDI_X__3D2G_A/attempt1/logs/RF00059__2GDI_X__3D2G_A__a1__forward__rep1.stderr	scripts/fresh_repro.py --pairs (4 pairs)	fresh downloads (metadata/sources_manifest.tsv URLs)	e3b0c44298fc1c149afbf4c8996fb92427ae41e4649b934ca495991b7852b855	0
audit/fresh_repro_v3_other4/runs/RF00059__2GDI_X__3D2G_A/attempt1/logs/RF00059__2GDI_X__3D2G_A__a1__forward__rep1.stdout	scripts/fresh_repro.py --pairs (4 pairs)	fresh downloads (metadata/sources_manifest.tsv URLs)	e3b0c44298fc1c149afbf4c8996fb92427ae41e4649b934ca495991b7852b855	0
audit/fresh_repro_v3_other4/runs/RF00059__2GDI_X__3D2G_A/attempt1/logs/RF00059__2GDI_X__3D2G_A__a1__forward__rep2.stderr	scripts/fresh_repro.py --pairs (4 pairs)	fresh downloads (metadata/sources_manifest.tsv URLs)	e3b0c44298fc1c149afbf4c8996fb92427ae41e4649b934ca495991b7852b855	0
audit/fresh_repro_v3_other4/runs/RF00059__2GDI_X__3D2G_A/attempt1/logs/RF00059__2GDI_X__3D2G_A__a1__forward__rep2.stdout	scripts/fresh_repro.py --pairs (4 pairs)	fresh downloads (metadata/sources_manifest.tsv URLs)	e3b0c44298fc1c149afbf4c8996fb92427ae41e4649b934ca495991b7852b855	0
audit/fresh_repro_v3_other4/runs/RF00059__2GDI_X__3D2G_A/attempt1/logs/RF00059__2GDI_X__3D2G_A__a1__forward__rep3.stderr	scripts/fresh_repro.py --pairs (4 pairs)	fresh downloads (metadata/sources_manifest.tsv URLs)	e3b0c44298fc1c149afbf4c8996fb92427ae41e4649b934ca495991b7852b855	0
audit/fresh_repro_v3_other4/runs/RF00059__2GDI_X__3D2G_A/attempt1/logs/RF00059__2GDI_X__3D2G_A__a1__forward__rep3.stdout	scripts/fresh_repro.py --pairs (4 pairs)	fresh downloads (metadata/sources_manifest.tsv URLs)	e3b0c44298fc1c149afbf4c8996fb92427ae41e4649b934ca495991b7852b855	0
audit/fresh_repro_v3_other4/runs/RF00059__2GDI_X__3D2G_A/attempt1/logs/RF00059__2GDI_X__3D2G_A__a1__reverse__rep1.stderr	scripts/fresh_repro.py --pairs (4 pairs)	fresh downloads (metadata/sources_manifest.tsv URLs)	e3b0c44298fc1c149afbf4c8996fb92427ae41e4649b934ca495991b7852b855	0
audit/fresh_repro_v3_other4/runs/RF00059__2GDI_X__3D2G_A/attempt1/logs/RF00059__2GDI_X__3D2G_A__a1__reverse__rep1.stdout	scripts/fresh_repro.py --pairs (4 pairs)	fresh downloads (metadata/sources_manifest.tsv URLs)	63095a6b3479dad151f3ba9195df7386540cc77ff6ad09821839b011abaf17bf	858
audit/fresh_repro_v3_other4/runs/RF00059__2GDI_X__3D2G_A/attempt1/logs/RF00059__2GDI_X__3D2G_A__a1__reverse__rep2.stderr	scripts/fresh_repro.py --pairs (4 pairs)	fresh downloads (metadata/sources_manifest.tsv URLs)	e3b0c44298fc1c149afbf4c8996fb92427ae41e4649b934ca495991b7852b855	0
audit/fresh_repro_v3_other4/runs/RF00059__2GDI_X__3D2G_A/attempt1/logs/RF00059__2GDI_X__3D2G_A__a1__reverse__rep2.stdout	scripts/fresh_repro.py --pairs (4 pairs)	fresh downloads (metadata/sources_manifest.tsv URLs)	e3b0c44298fc1c149afbf4c8996fb92427ae41e4649b934ca495991b7852b855	0
audit/fresh_repro_v3_other4/runs/RF00059__2GDI_X__3D2G_A/attempt1/logs/RF00059__2GDI_X__3D2G_A__a1__reverse__rep3.stderr	scripts/fresh_repro.py --pairs (4 pairs)	fresh downloads (metadata/sources_manifest.tsv URLs)	e3b0c44298fc1c149afbf4c8996fb92427ae41e4649b934ca495991b7852b855	0
audit/fresh_repro_v3_other4/runs/RF00059__2GDI_X__3D2G_A/attempt1/logs/RF00059__2GDI_X__3D2G_A__a1__reverse__rep3.stdout	scripts/fresh_repro.py --pairs (4 pairs)	fresh downloads (metadata/sources_manifest.tsv URLs)	e3b0c44298fc1c149afbf4c8996fb92427ae41e4649b934ca495991b7852b855	0
audit/fresh_repro_v3_other4/runs/RF00059__2GDI_X__3D2G_A/attempt1/logs/mount_check.stderr	scripts/fresh_repro.py --pairs (4 pairs)	fresh downloads (metadata/sources_manifest.tsv URLs)	e3b0c44298fc1c149afbf4c8996fb92427ae41e4649b934ca495991b7852b855	0
audit/fresh_repro_v3_other4/runs/RF00059__2GDI_X__3D2G_A/attempt1/logs/mount_check.stdout	scripts/fresh_repro.py --pairs (4 pairs)	fresh downloads (metadata/sources_manifest.tsv URLs)	de909d7dedc82262bc96666dca26ad1c0095b5a89a040b4ae4856a018dc41aeb	162
audit/fresh_repro_v3_other4/runs/RF00059__2GDI_X__3D2G_A/attempt1/logs/post_check_2gdix.stderr	scripts/fresh_repro.py --pairs (4 pairs)	fresh downloads (metadata/sources_manifest.tsv URLs)	e3b0c44298fc1c149afbf4c8996fb92427ae41e4649b934ca495991b7852b855	0
audit/fresh_repro_v3_other4/runs/RF00059__2GDI_X__3D2G_A/attempt1/logs/post_check_2gdix.stdout	scripts/fresh_repro.py --pairs (4 pairs)	fresh downloads (metadata/sources_manifest.tsv URLs)	e5acb23ca978752667100cef4de5dc851f8fc0fed26772201c39719cc71e0559	100
audit/fresh_repro_v3_other4/runs/RF00059__2GDI_X__3D2G_A/attempt1/logs/post_check_3d2ga.stderr	scripts/fresh_repro.py --pairs (4 pairs)	fresh downloads (metadata/sources_manifest.tsv URLs)	e3b0c44298fc1c149afbf4c8996fb92427ae41e4649b934ca495991b7852b855	0
audit/fresh_repro_v3_other4/runs/RF00059__2GDI_X__3D2G_A/attempt1/logs/post_check_3d2ga.stdout	scripts/fresh_repro.py --pairs (4 pairs)	fresh downloads (metadata/sources_manifest.tsv URLs)	9b75b6bcfcd04218f961797cb0bab2e312c2d9e3b1758f4001ac343bc7114bd3	100
audit/fresh_repro_v3_other4/runs/RF00059__2GDI_X__3D2G_A/attempt1/logs/preprocess_2gdix.stderr	scripts/fresh_repro.py --pairs (4 pairs)	fresh downloads (metadata/sources_manifest.tsv URLs)	e3b0c44298fc1c149afbf4c8996fb92427ae41e4649b934ca495991b7852b855	0
audit/fresh_repro_v3_other4/runs/RF00059__2GDI_X__3D2G_A/attempt1/logs/preprocess_2gdix.stdout	scripts/fresh_repro.py --pairs (4 pairs)	fresh downloads (metadata/sources_manifest.tsv URLs)	989f3966293a8525781378886af2728ed7c0965e1c75b70af009685567ab8557	77
audit/fresh_repro_v3_other4/runs/RF00059__2GDI_X__3D2G_A/attempt1/logs/preprocess_3d2ga.stderr	scripts/fresh_repro.py --pairs (4 pairs)	fresh downloads (metadata/sources_manifest.tsv URLs)	e3b0c44298fc1c149afbf4c8996fb92427ae41e4649b934ca495991b7852b855	0
audit/fresh_repro_v3_other4/runs/RF00059__2GDI_X__3D2G_A/attempt1/logs/preprocess_3d2ga.stdout	scripts/fresh_repro.py --pairs (4 pairs)	fresh downloads (metadata/sources_manifest.tsv URLs)	2e63ab7a52d2b562740d5f5edc2140de5cc1d68053bd565cf32528ebbc047885	77
audit/fresh_repro_v3_other4/runs/RF00162__2GIS_A__4KQY_A/attempt1/STAR3D_source/PDB/2gisa.pdb	scripts/fresh_repro.py --pairs (4 pairs)	fresh downloads (metadata/sources_manifest.tsv URLs)	00f9b8fdae807d87532b27da48dba9cc626ebafe54be10806686aa6de8d85e8a	164511
audit/fresh_repro_v3_other4/runs/RF00162__2GIS_A__4KQY_A/attempt1/STAR3D_source/PDB/4kqya.pdb	scripts/fresh_repro.py --pairs (4 pairs)	fresh downloads (metadata/sources_manifest.tsv URLs)	e56f935d835b208c3db4e36054d9944a97199be47f522476156836fbe00f5934	207198
audit/fresh_repro_v3_other4/runs/RF00162__2GIS_A__4KQY_A/attempt1/STAR3D_source/README	scripts/fresh_repro.py --pairs (4 pairs)	fresh downloads (metadata/sources_manifest.tsv URLs)	354f5334f79b19d3b776e1482b6b8f1568e6323eebf3c5dba464c9d6c957fe0c	3014
audit/fresh_repro_v3_other4/runs/RF00162__2GIS_A__4KQY_A/attempt1/STAR3D_source/STAR3D.jar	scripts/fresh_repro.py --pairs (4 pairs)	fresh downloads (metadata/sources_manifest.tsv URLs)	e03ff7bcd7a6b88e91af049cf1ca591ec39fb3d06a796466fb1291f038a58618	409857
audit/fresh_repro_v3_other4/runs/RF00162__2GIS_A__4KQY_A/attempt1/STAR3D_source/STAR3D_struct_info/2gisa.mca	scripts/fresh_repro.py --pairs (4 pairs)	fresh downloads (metadata/sources_manifest.tsv URLs)	459445ed09b989a99b0876fa487019378f966beb3e34bce9cc6f585fd5de51b3	6701
audit/fresh_repro_v3_other4/runs/RF00162__2GIS_A__4KQY_A/attempt1/STAR3D_source/STAR3D_struct_info/2gisa_A.ct	scripts/fresh_repro.py --pairs (4 pairs)	fresh downloads (metadata/sources_manifest.tsv URLs)	260805d70945c2ec27b4ac0c18164ff70d032a9a469c92f06226f8e245cc6ed2	1533
audit/fresh_repro_v3_other4/runs/RF00162__2GIS_A__4KQY_A/attempt1/STAR3D_source/STAR3D_struct_info/2gisa_A.npk.ct	scripts/fresh_repro.py --pairs (4 pairs)	fresh downloads (metadata/sources_manifest.tsv URLs)	48c45a86ee36257a81c739700b4092cb5c3af94a49302bd2b8675c9a8508eee8	2944
audit/fresh_repro_v3_other4/runs/RF00162__2GIS_A__4KQY_A/attempt1/STAR3D_source/STAR3D_struct_info/4kqya.mca	scripts/fresh_repro.py --pairs (4 pairs)	fresh downloads (metadata/sources_manifest.tsv URLs)	2a431bcf2096a2c32f360bb00dd92bfb3aa0c5867f98d3baa65e5d9a41b620a7	8218
audit/fresh_repro_v3_other4/runs/RF00162__2GIS_A__4KQY_A/attempt1/STAR3D_source/STAR3D_struct_info/4kqya_A.ct	scripts/fresh_repro.py --pairs (4 pairs)	fresh downloads (metadata/sources_manifest.tsv URLs)	fe46a4da3f73f0df0fbb26a0219c21b1b7ce2fc8164b3296bfeb592b06a6a0d0	2039
audit/fresh_repro_v3_other4/runs/RF00162__2GIS_A__4KQY_A/attempt1/STAR3D_source/STAR3D_struct_info/4kqya_A.npk.ct	scripts/fresh_repro.py --pairs (4 pairs)	fresh downloads (metadata/sources_manifest.tsv URLs)	1b3d5820c6a6e42b0e727453630d3459c18622c1d92163441014d42ddff0c8a1	3720
audit/fresh_repro_v3_other4/runs/RF00162__2GIS_A__4KQY_A/attempt1/STAR3D_source/ShowAln.py	scripts/fresh_repro.py --pairs (4 pairs)	fresh downloads (metadata/sources_manifest.tsv URLs)	fa41aa068ba159a6a3c54c7fd77565fcd4e3e31f3de8acd22fae9da852289c71	1507
audit/fresh_repro_v3_other4/runs/RF00162__2GIS_A__4KQY_A/attempt1/STAR3D_source/build.xml	scripts/fresh_repro.py --pairs (4 pairs)	fresh downloads (metadata/sources_manifest.tsv URLs)	3e4e798691640a76a38f94f65c3dd68581169c9afdbd75439e1706056f70d5f3	1115
audit/fresh_repro_v3_other4/runs/RF00162__2GIS_A__4KQY_A/attempt1/STAR3D_source/class/Atom.class	scripts/fresh_repro.py --pairs (4 pairs)	fresh downloads (metadata/sources_manifest.tsv URLs)	a6d429deabafb3ac5130de98d410a7dad5cef25747420c7cc66f1578ee06be7c	719
audit/fresh_repro_v3_other4/runs/RF00162__2GIS_A__4KQY_A/attempt1/STAR3D_source/class/FindCompatibleSM.class	scripts/fresh_repro.py --pairs (4 pairs)	fresh downloads (metadata/sources_manifest.tsv URLs)	fa4f8cdc60e89440c423e50761660afdb84c39945cf8972eaa9d1a5ef583513b	2925
audit/fresh_repro_v3_other4/runs/RF00162__2GIS_A__4KQY_A/attempt1/STAR3D_source/class/FindStackmap.class	scripts/fresh_repro.py --pairs (4 pairs)	fresh downloads (metadata/sources_manifest.tsv URLs)	07b867cc920de80828c274f2c4a4ed75dc04b649ffd689d32901156d84d3f12c	3579
audit/fresh_repro_v3_other4/runs/RF00162__2GIS_A__4KQY_A/attempt1/STAR3D_source/class/Geom.class	scripts/fresh_repro.py --pairs (4 pairs)	fresh downloads (metadata/sources_manifest.tsv URLs)	6dc6ae40b7f398fe9d5e2bc8b8ec161b0e0ccd42e20d09505f375d5b70845e20	3455
audit/fresh_repro_v3_other4/runs/RF00162__2GIS_A__4KQY_A/attempt1/STAR3D_source/class/Lib.class	scripts/fresh_repro.py --pairs (4 pairs)	fresh downloads (metadata/sources_manifest.tsv URLs)	d6eca1ff8b7667e3f95f7e59451109f41f395f401c086a972cc2594d181d0e51	4148
audit/fresh_repro_v3_other4/runs/RF00162__2GIS_A__4KQY_A/attempt1/STAR3D_source/class/LoopAlign.class	scripts/fresh_repro.py --pairs (4 pairs)	fresh downloads (metadata/sources_manifest.tsv URLs)	f24a80c8132706e98041afe75b869d90f5d700c6cccedcb2e0bc93d959b93eb9	7039
audit/fresh_repro_v3_other4/runs/RF00162__2GIS_A__4KQY_A/attempt1/STAR3D_source/class/MCA.class	scripts/fresh_repro.py --pairs (4 pairs)	fresh downloads (metadata/sources_manifest.tsv URLs)	2f0b501da5cda7fa08bd9dbb2f404a69b5fa35214bb57f612ba8ccbd18b78835	2678
audit/fresh_repro_v3_other4/runs/RF00162__2GIS_A__4KQY_A/attempt1/STAR3D_source/class/PDB.class	scripts/fresh_repro.py --pairs (4 pairs)	fresh downloads (metadata/sources_manifest.tsv URLs)	ebf4c42bd1cfcd2180a37621e442d0d0174b705249a68a36384376756046e5fd	3858
audit/fresh_repro_v3_other4/runs/RF00162__2GIS_A__4KQY_A/attempt1/STAR3D_source/class/Pair.class	scripts/fresh_repro.py --pairs (4 pairs)	fresh downloads (metadata/sources_manifest.tsv URLs)	cbdc4c6c0537eddc3b8a05d9319851cd0086aea5c3b3f6221b6a115124a0e775	1077
audit/fresh_repro_v3_other4/runs/RF00162__2GIS_A__4KQY_A/attempt1/STAR3D_source/class/Point.class	scripts/fresh_repro.py --pairs (4 pairs)	fresh downloads (metadata/sources_manifest.tsv URLs)	91ae6fba7c95e86b71dd01b002eb0510b71170244db5e122c072510afd3bba07	989
audit/fresh_repro_v3_other4/runs/RF00162__2GIS_A__4KQY_A/attempt1/STAR3D_source/class/Preprocess.class	scripts/fresh_repro.py --pairs (4 pairs)	fresh downloads (metadata/sources_manifest.tsv URLs)	e7d3cc1a152304f95c3b38e1589a6e2d2b362674d5c1d773fa37a9ebd9b37c98	5646
audit/fresh_repro_v3_other4/runs/RF00162__2GIS_A__4KQY_A/attempt1/STAR3D_source/class/ResID.class	scripts/fresh_repro.py --pairs (4 pairs)	fresh downloads (metadata/sources_manifest.tsv URLs)	583785217def13f6a767414d3771759cc9238a69abcdf2f7ee621a86da5c3a44	1535
audit/fresh_repro_v3_other4/runs/RF00162__2GIS_A__4KQY_A/attempt1/STAR3D_source/class/Residue.class	scripts/fresh_repro.py --pairs (4 pairs)	fresh downloads (metadata/sources_manifest.tsv URLs)	be65f6d4ff1d5dd0c2a035ca518b8a84f65dba5db0df9c8ccc839ee62a4c10e6	484
audit/fresh_repro_v3_other4/runs/RF00162__2GIS_A__4KQY_A/attempt1/STAR3D_source/class/STAR3D.class	scripts/fresh_repro.py --pairs (4 pairs)	fresh downloads (metadata/sources_manifest.tsv URLs)	6021789692b03f8a2344b19434ffcec5cc04791c66b4baced022cd8415266630	15771
audit/fresh_repro_v3_other4/runs/RF00162__2GIS_A__4KQY_A/attempt1/STAR3D_source/class/Snode.class	scripts/fresh_repro.py --pairs (4 pairs)	fresh downloads (metadata/sources_manifest.tsv URLs)	3698829ebf912b0dedc51d365b05f7d4203b09b19268720500cc13dd375cd165	2658
audit/fresh_repro_v3_other4/runs/RF00162__2GIS_A__4KQY_A/attempt1/STAR3D_source/class/Stackmap.class	scripts/fresh_repro.py --pairs (4 pairs)	fresh downloads (metadata/sources_manifest.tsv URLs)	558dbc61405e02efab1ad2029e129047fcd80ed60e796675a3b53e35f68915be	1012
audit/fresh_repro_v3_other4/runs/RF00162__2GIS_A__4KQY_A/attempt1/STAR3D_source/lib/EJML-core-0.26.jar	scripts/fresh_repro.py --pairs (4 pairs)	fresh downloads (metadata/sources_manifest.tsv URLs)	ee7840eb553b850bdb32ed5be6194936f02f2cb2c9b915e4996312ec4a812588	341614
audit/fresh_repro_v3_other4/runs/RF00162__2GIS_A__4KQY_A/attempt1/STAR3D_source/lib/commons-cli-1.2.jar	scripts/fresh_repro.py --pairs (4 pairs)	fresh downloads (metadata/sources_manifest.tsv URLs)	e7cd8951956d349b568b7ccfd4f5b2529a8c113e67c32b028f52ffda371259d9	41123
audit/fresh_repro_v3_other4/runs/RF00162__2GIS_A__4KQY_A/attempt1/STAR3D_source/out/RF00162__2GIS_A__4KQY_A__a1__forward__rep1.aln	scripts/fresh_repro.py --pairs (4 pairs)	fresh downloads (metadata/sources_manifest.tsv URLs)	540e177f4ce6dce046067105f97eadee50a0cec32cf6fce6ebf5f6ab1be5eb03	635
audit/fresh_repro_v3_other4/runs/RF00162__2GIS_A__4KQY_A/attempt1/STAR3D_source/out/RF00162__2GIS_A__4KQY_A__a1__forward__rep1.aln.pdb	scripts/fresh_repro.py --pairs (4 pairs)	fresh downloads (metadata/sources_manifest.tsv URLs)	823901ad7db75672cb64412468bb2ba25e1c7c0a4458c5601bd96161cc3de5f7	307239
audit/fresh_repro_v3_other4/runs/RF00162__2GIS_A__4KQY_A/attempt1/STAR3D_source/out/RF00162__2GIS_A__4KQY_A__a1__forward__rep2.aln	scripts/fresh_repro.py --pairs (4 pairs)	fresh downloads (metadata/sources_manifest.tsv URLs)	d09a66e55d9b6f4a2b510a3c5dd4b235c5ffbdf36fb9c8d0696b51718d0f589e	635
audit/fresh_repro_v3_other4/runs/RF00162__2GIS_A__4KQY_A/attempt1/STAR3D_source/out/RF00162__2GIS_A__4KQY_A__a1__forward__rep2.aln.pdb	scripts/fresh_repro.py --pairs (4 pairs)	fresh downloads (metadata/sources_manifest.tsv URLs)	823901ad7db75672cb64412468bb2ba25e1c7c0a4458c5601bd96161cc3de5f7	307239
audit/fresh_repro_v3_other4/runs/RF00162__2GIS_A__4KQY_A/attempt1/STAR3D_source/out/RF00162__2GIS_A__4KQY_A__a1__forward__rep3.aln	scripts/fresh_repro.py --pairs (4 pairs)	fresh downloads (metadata/sources_manifest.tsv URLs)	11ce1eac88fa0a2f89e42499d5d9f0b4c58f759bd2aaa39ffe4fd91105ae4c11	635
audit/fresh_repro_v3_other4/runs/RF00162__2GIS_A__4KQY_A/attempt1/STAR3D_source/out/RF00162__2GIS_A__4KQY_A__a1__forward__rep3.aln.pdb	scripts/fresh_repro.py --pairs (4 pairs)	fresh downloads (metadata/sources_manifest.tsv URLs)	823901ad7db75672cb64412468bb2ba25e1c7c0a4458c5601bd96161cc3de5f7	307239
audit/fresh_repro_v3_other4/runs/RF00162__2GIS_A__4KQY_A/attempt1/STAR3D_source/out/RF00162__2GIS_A__4KQY_A__a1__reverse__rep1.aln	scripts/fresh_repro.py --pairs (4 pairs)	fresh downloads (metadata/sources_manifest.tsv URLs)	9793e73ee98a2bb11ef3c64d119e5b9079f5dd30f412b85e9d80da1171daf464	635
audit/fresh_repro_v3_other4/runs/RF00162__2GIS_A__4KQY_A/attempt1/STAR3D_source/out/RF00162__2GIS_A__4KQY_A__a1__reverse__rep1.aln.pdb	scripts/fresh_repro.py --pairs (4 pairs)	fresh downloads (metadata/sources_manifest.tsv URLs)	7ba05f6d1df872b4913fec89740d5548bbfddb9ae0652da8240780a4438f64e1	307239
audit/fresh_repro_v3_other4/runs/RF00162__2GIS_A__4KQY_A/attempt1/STAR3D_source/out/RF00162__2GIS_A__4KQY_A__a1__reverse__rep2.aln	scripts/fresh_repro.py --pairs (4 pairs)	fresh downloads (metadata/sources_manifest.tsv URLs)	617150b95729d0c3cb89cd1d422867ecc1a906b79fd6d9198e9cdd6987bdad3f	635
audit/fresh_repro_v3_other4/runs/RF00162__2GIS_A__4KQY_A/attempt1/STAR3D_source/out/RF00162__2GIS_A__4KQY_A__a1__reverse__rep2.aln.pdb	scripts/fresh_repro.py --pairs (4 pairs)	fresh downloads (metadata/sources_manifest.tsv URLs)	7ba05f6d1df872b4913fec89740d5548bbfddb9ae0652da8240780a4438f64e1	307239
audit/fresh_repro_v3_other4/runs/RF00162__2GIS_A__4KQY_A/attempt1/STAR3D_source/out/RF00162__2GIS_A__4KQY_A__a1__reverse__rep3.aln	scripts/fresh_repro.py --pairs (4 pairs)	fresh downloads (metadata/sources_manifest.tsv URLs)	36b590391752045d81fa9ca96969645da351b9951ceb6f108b35475bba35ab9b	635
audit/fresh_repro_v3_other4/runs/RF00162__2GIS_A__4KQY_A/attempt1/STAR3D_source/out/RF00162__2GIS_A__4KQY_A__a1__reverse__rep3.aln.pdb	scripts/fresh_repro.py --pairs (4 pairs)	fresh downloads (metadata/sources_manifest.tsv URLs)	7ba05f6d1df872b4913fec89740d5548bbfddb9ae0652da8240780a4438f64e1	307239
audit/fresh_repro_v3_other4/runs/RF00162__2GIS_A__4KQY_A/attempt1/STAR3D_source/src/Atom.java	scripts/fresh_repro.py --pairs (4 pairs)	fresh downloads (metadata/sources_manifest.tsv URLs)	24fedd69dd161f02c105f470cc991e64df835b04de40dc37ab41f30e48022e1f	294
audit/fresh_repro_v3_other4/runs/RF00162__2GIS_A__4KQY_A/attempt1/STAR3D_source/src/FindCompatibleSM.java	scripts/fresh_repro.py --pairs (4 pairs)	fresh downloads (metadata/sources_manifest.tsv URLs)	79424a8dd223b48e93b4ac98cd85cb36d93ceef707653fd8a0cf71c25035014e	2710
audit/fresh_repro_v3_other4/runs/RF00162__2GIS_A__4KQY_A/attempt1/STAR3D_source/src/FindStackmap.java	scripts/fresh_repro.py --pairs (4 pairs)	fresh downloads (metadata/sources_manifest.tsv URLs)	43dfad600225a02d75b892326be145b7b5ffb3ab74138896834fc420831b1a3e	3948
audit/fresh_repro_v3_other4/runs/RF00162__2GIS_A__4KQY_A/attempt1/STAR3D_source/src/Geom.java	scripts/fresh_repro.py --pairs (4 pairs)	fresh downloads (metadata/sources_manifest.tsv URLs)	d9d8bffc6d2e8c2d5a8c14b2b55243b9821ce5abc159ad9849415d68acb22259	3664
audit/fresh_repro_v3_other4/runs/RF00162__2GIS_A__4KQY_A/attempt1/STAR3D_source/src/Lib.java	scripts/fresh_repro.py --pairs (4 pairs)	fresh downloads (metadata/sources_manifest.tsv URLs)	55f4d9691c1758952cdd4c4405d20b5e5ac0af930d7d56a8cbfc10b079b020f3	3014
audit/fresh_repro_v3_other4/runs/RF00162__2GIS_A__4KQY_A/attempt1/STAR3D_source/src/LoopAlign.java	scripts/fresh_repro.py --pairs (4 pairs)	fresh downloads (metadata/sources_manifest.tsv URLs)	b6994c9700b99af22a08b5fe19d3cc8dd10cf1310673184570b3e0d2b9a45c1f	7782
audit/fresh_repro_v3_other4/runs/RF00162__2GIS_A__4KQY_A/attempt1/STAR3D_source/src/MCA.java	scripts/fresh_repro.py --pairs (4 pairs)	fresh downloads (metadata/sources_manifest.tsv URLs)	0595f0832749ae30ff111ce74660cfd89b8219fa3764eede43bd1f7c45c4fdcf	2248
audit/fresh_repro_v3_other4/runs/RF00162__2GIS_A__4KQY_A/attempt1/STAR3D_source/src/PDB.java	scripts/fresh_repro.py --pairs (4 pairs)	fresh downloads (metadata/sources_manifest.tsv URLs)	ce1d127814806ff6e9ece3486bfb88aecd14495c6de46c5f2288f657a1822de8	3679
audit/fresh_repro_v3_other4/runs/RF00162__2GIS_A__4KQY_A/attempt1/STAR3D_source/src/Pair.java	scripts/fresh_repro.py --pairs (4 pairs)	fresh downloads (metadata/sources_manifest.tsv URLs)	0797761c2ce8737523db29954f73db9e0104abde0cc761f772cf49c2e4a23b7d	541
audit/fresh_repro_v3_other4/runs/RF00162__2GIS_A__4KQY_A/attempt1/STAR3D_source/src/Point.java	scripts/fresh_repro.py --pairs (4 pairs)	fresh downloads (metadata/sources_manifest.tsv URLs)	7171379a41d7f91ce429d1e5133ff46d35c2942651a76b1fdddc8290dd060995	644
audit/fresh_repro_v3_other4/runs/RF00162__2GIS_A__4KQY_A/attempt1/STAR3D_source/src/Preprocess.java	scripts/fresh_repro.py --pairs (4 pairs)	fresh downloads (metadata/sources_manifest.tsv URLs)	b71477934783f8e0eee6a4bce5257a4f16b814cba751f17aeea60f46ba196393	4242
audit/fresh_repro_v3_other4/runs/RF00162__2GIS_A__4KQY_A/attempt1/STAR3D_source/src/ResID.java	scripts/fresh_repro.py --pairs (4 pairs)	fresh downloads (metadata/sources_manifest.tsv URLs)	584cf950b43595b5c903a3993d19f3bf960eb0d13f7fdab9cad3f68f1caeb66c	1287
audit/fresh_repro_v3_other4/runs/RF00162__2GIS_A__4KQY_A/attempt1/STAR3D_source/src/Residue.java	scripts/fresh_repro.py --pairs (4 pairs)	fresh downloads (metadata/sources_manifest.tsv URLs)	426509763837fef6b0daa0c21763d5a403fce89099a98d6eaa5d8831894e7bc3	216
audit/fresh_repro_v3_other4/runs/RF00162__2GIS_A__4KQY_A/attempt1/STAR3D_source/src/STAR3D.java	scripts/fresh_repro.py --pairs (4 pairs)	fresh downloads (metadata/sources_manifest.tsv URLs)	30deeb38e262103b0acbb8b62b2200a19a1756dfe9dbd02cdf62f619c13ba934	17013
audit/fresh_repro_v3_other4/runs/RF00162__2GIS_A__4KQY_A/attempt1/STAR3D_source/src/Snode.java	scripts/fresh_repro.py --pairs (4 pairs)	fresh downloads (metadata/sources_manifest.tsv URLs)	e60219ce633f6f9b4b24c508b8556244b88467ae813b4efb6024e3c5696f088d	1566
audit/fresh_repro_v3_other4/runs/RF00162__2GIS_A__4KQY_A/attempt1/STAR3D_source/src/Stackmap.java	scripts/fresh_repro.py --pairs (4 pairs)	fresh downloads (metadata/sources_manifest.tsv URLs)	92c4904e22374df91aa308e99cf85e8add0a9c325ead61364a6b613aa1f3f88a	511
audit/fresh_repro_v3_other4/runs/RF00162__2GIS_A__4KQY_A/attempt1/STAR3D_source/tools/MC-Annotate	scripts/fresh_repro.py --pairs (4 pairs)	fresh downloads (metadata/sources_manifest.tsv URLs)	285b89a65916133ae49c56db440dfbe38227fc648805cc759d8e37be418b0139	14206375
audit/fresh_repro_v3_other4/runs/RF00162__2GIS_A__4KQY_A/attempt1/STAR3D_source/tools/RemovePseudoknots	scripts/fresh_repro.py --pairs (4 pairs)	fresh downloads (metadata/sources_manifest.tsv URLs)	0ca3afc1ec2bc9935ec273bf86cf03346efda4a50da33c90682db353e2c0f316	876937
audit/fresh_repro_v3_other4/runs/RF00162__2GIS_A__4KQY_A/attempt1/STAR3D_source/tools/data_tables/average_ensemble_defect.model	scripts/fresh_repro.py --pairs (4 pairs)	fresh downloads (metadata/sources_manifest.tsv URLs)	2ec2cc3ad70ffacf9b1b5109355b113af503f97b1908b596bcee6fb75ff90971	152499
audit/fresh_repro_v3_other4/runs/RF00162__2GIS_A__4KQY_A/attempt1/STAR3D_source/tools/data_tables/coaxial.dat	scripts/fresh_repro.py --pairs (4 pairs)	fresh downloads (metadata/sources_manifest.tsv URLs)	912c75fcdc50e7c5fb5fc9949781303a069124d28dcfee8c48e84f502d7f8347	4136
audit/fresh_repro_v3_other4/runs/RF00162__2GIS_A__4KQY_A/attempt1/STAR3D_source/tools/data_tables/coaxial.dh	scripts/fresh_repro.py --pairs (4 pairs)	fresh downloads (metadata/sources_manifest.tsv URLs)	7bfcdfcac49c30fc5bd9b6b6a413172e666de6d185e39ed9b15a50000f81026a	4159
audit/fresh_repro_v3_other4/runs/RF00162__2GIS_A__4KQY_A/attempt1/STAR3D_source/tools/data_tables/coaxstack.dat	scripts/fresh_repro.py --pairs (4 pairs)	fresh downloads (metadata/sources_manifest.tsv URLs)	4524e1c6be68046367c57efe9082e0ed51e297a18107e99914192c9fb6fa65db	4130
audit/fresh_repro_v3_other4/runs/RF00162__2GIS_A__4KQY_A/attempt1/STAR3D_source/tools/data_tables/coaxstack.dh	scripts/fresh_repro.py --pairs (4 pairs)	fresh downloads (metadata/sources_manifest.tsv URLs)	e6ccb6217953541437a6b32de9800617b1bdfbfff966b23d3a0d6ed4528ee86c	4132
audit/fresh_repro_v3_other4/runs/RF00162__2GIS_A__4KQY_A/attempt1/STAR3D_source/tools/data_tables/dangle.dat	scripts/fresh_repro.py --pairs (4 pairs)	fresh downloads (metadata/sources_manifest.tsv URLs)	68010bac4a3b41c21c1883ceb248b555106f185eec8fd87f107fcd48d8b24b6b	5395
audit/fresh_repro_v3_other4/runs/RF00162__2GIS_A__4KQY_A/attempt1/STAR3D_source/tools/data_tables/dangle.dh	scripts/fresh_repro.py --pairs (4 pairs)	fresh downloads (metadata/sources_manifest.tsv URLs)	45c13098da6a73e6864cd82235c6e5ad267446d2347b14ce1edb241a5c61447a	5381
audit/fresh_repro_v3_other4/runs/RF00162__2GIS_A__4KQY_A/attempt1/STAR3D_source/tools/data_tables/data_assemble_training_Multifind_predict_ensemble_z_final_svmformat.model	scripts/fresh_repro.py --pairs (4 pairs)	fresh downloads (metadata/sources_manifest.tsv URLs)	2c96bef2e1b92cc827c562b05d9624bd0bc3674b42e1c82a40e9a594d3dfd842	281627
audit/fresh_repro_v3_other4/runs/RF00162__2GIS_A__4KQY_A/attempt1/STAR3D_source/tools/data_tables/description.txt	scripts/fresh_repro.py --pairs (4 pairs)	fresh downloads (metadata/sources_manifest.tsv URLs)	7ef1730a63fc788d0189c9ab5f842df5611c94219237755a56ae875028ca3902	3506
audit/fresh_repro_v3_other4/runs/RF00162__2GIS_A__4KQY_A/attempt1/STAR3D_source/tools/data_tables/design.DNA.Helices.dat	scripts/fresh_repro.py --pairs (4 pairs)	fresh downloads (metadata/sources_manifest.tsv URLs)	d570e947706f93ed72e0630e1f2b1c168d6fbf2a3897dd5cb58008dd0f9ac97e	41352
audit/fresh_repro_v3_other4/runs/RF00162__2GIS_A__4KQY_A/attempt1/STAR3D_source/tools/data_tables/design.DNA.Loops.dat	scripts/fresh_repro.py --pairs (4 pairs)	fresh downloads (metadata/sources_manifest.tsv URLs)	5466f5d1e98d2d964b6b103a21a12227fee2fa2eb3139bf38002f29b57379186	19446
audit/fresh_repro_v3_other4/runs/RF00162__2GIS_A__4KQY_A/attempt1/STAR3D_source/tools/data_tables/design.RNA.Helices.dat	scripts/fresh_repro.py --pairs (4 pairs)	fresh downloads (metadata/sources_manifest.tsv URLs)	4e1a1334aecfa1ea13bb1236daa30035cb0961c085e87cced432c5addd83b895	40310
audit/fresh_repro_v3_other4/runs/RF00162__2GIS_A__4KQY_A/attempt1/STAR3D_source/tools/data_tables/design.RNA.Loops.dat	scripts/fresh_repro.py --pairs (4 pairs)	fresh downloads (metadata/sources_manifest.tsv URLs)	7f6912c48fd8a22888ad7606ce7ffc5eea391ce4ebad674bdd3b8c4869c6a8dd	20189
audit/fresh_repro_v3_other4/runs/RF00162__2GIS_A__4KQY_A/attempt1/STAR3D_source/tools/data_tables/dists/CMCTdist.txt	scripts/fresh_repro.py --pairs (4 pairs)	fresh downloads (metadata/sources_manifest.tsv URLs)	aca9b8070c45e2d9de7a341ec1a9c80d301c4b885dea5f92171f4ae3d1be98bf	193
audit/fresh_repro_v3_other4/runs/RF00162__2GIS_A__4KQY_A/attempt1/STAR3D_source/tools/data_tables/dists/DMSdist.txt	scripts/fresh_repro.py --pairs (4 pairs)	fresh downloads (metadata/sources_manifest.tsv URLs)	ace94d49bba6f44f8f88117b68ac42c4a77d071979c1b5fa5b5623195a6f9950	193
audit/fresh_repro_v3_other4/runs/RF00162__2GIS_A__4KQY_A/attempt1/STAR3D_source/tools/data_tables/dists/SHAPEdist.txt	scripts/fresh_repro.py --pairs (4 pairs)	fresh downloads (metadata/sources_manifest.tsv URLs)	14fc961a80b62455cbc1c0f248e3393a6ea23b83fe7a6d2bcd5623335c0ebdb3	194
audit/fresh_repro_v3_other4/runs/RF00162__2GIS_A__4KQY_A/attempt1/STAR3D_source/tools/data_tables/dnacoaxial.dat	scripts/fresh_repro.py --pairs (4 pairs)	fresh downloads (metadata/sources_manifest.tsv URLs)	36d55b869debc7998b8fef45d616af5b425c6c5a26bbdf8e5cdfb8ab50fb09b2	4131
audit/fresh_repro_v3_other4/runs/RF00162__2GIS_A__4KQY_A/attempt1/STAR3D_source/tools/data_tables/dnacoaxial.dh	scripts/fresh_repro.py --pairs (4 pairs)	fresh downloads (metadata/sources_manifest.tsv URLs)	d9f1f07209f0358828a6524d894553bb61657c2c977dc31cadc4bde8a61ae82b	4127
audit/fresh_repro_v3_other4/runs/RF00162__2GIS_A__4KQY_A/attempt1/STAR3D_source/tools/data_tables/dnacoaxstack.dat	scripts/fresh_repro.py --pairs (4 pairs)	fresh downloads (metadata/sources_manifest.tsv URLs)	dd48b5aeaf7e82d2542244069996d67109bc2fcfa2ae82fd50dca41be602e4c0	4110
audit/fresh_repro_v3_other4/runs/RF00162__2GIS_A__4KQY_A/attempt1/STAR3D_source/tools/data_tables/dnacoaxstack.dh	scripts/fresh_repro.py --pairs (4 pairs)	fresh downloads (metadata/sources_manifest.tsv URLs)	fb80b148fac09d8f0d3eba51fc514bb85d0ff01b2b3a9ab85c57f0d8866aa632	4040
audit/fresh_repro_v3_other4/runs/RF00162__2GIS_A__4KQY_A/attempt1/STAR3D_source/tools/data_tables/dnadangle.dat	scripts/fresh_repro.py --pairs (4 pairs)	fresh downloads (metadata/sources_manifest.tsv URLs)	538f8eef81595389f8897556cc0b157d976a9d9fdf38805e582b88eab50f0c26	5395
audit/fresh_repro_v3_other4/runs/RF00162__2GIS_A__4KQY_A/attempt1/STAR3D_source/tools/data_tables/dnadangle.dh	scripts/fresh_repro.py --pairs (4 pairs)	fresh downloads (metadata/sources_manifest.tsv URLs)	7e1ff89a63caea5683b0bf26eeba3ad4f719d09482d2b43616852e21ba13483c	5393
audit/fresh_repro_v3_other4/runs/RF00162__2GIS_A__4KQY_A/attempt1/STAR3D_source/tools/data_tables/dnadynalignmiscloop.dat	scripts/fresh_repro.py --pairs (4 pairs)	fresh downloads (metadata/sources_manifest.tsv URLs)	bb4b50a47cb716b13f4e2abd0dc611f1532af8b7a63530e08733e1785037d2db	826
audit/fresh_repro_v3_other4/runs/RF00162__2GIS_A__4KQY_A/attempt1/STAR3D_source/tools/data_tables/dnadynalignmiscloop.dh	scripts/fresh_repro.py --pairs (4 pairs)	fresh downloads (metadata/sources_manifest.tsv URLs)	af35416874b2da8cc5574f327862cf13053f89219c4dd326e585d29995455986	924
audit/fresh_repro_v3_other4/runs/RF00162__2GIS_A__4KQY_A/attempt1/STAR3D_source/tools/data_tables/dnahexaloop.dat	scripts/fresh_repro.py --pairs (4 pairs)	fresh downloads (metadata/sources_manifest.tsv URLs)	ee30c35eea18ec3bed9fc651cb9973a0dc1dfd63ac404369143218d34bd49e91	30
audit/fresh_repro_v3_other4/runs/RF00162__2GIS_A__4KQY_A/attempt1/STAR3D_source/tools/data_tables/dnahexaloop.dh	scripts/fresh_repro.py --pairs (4 pairs)	fresh downloads (metadata/sources_manifest.tsv URLs)	ee30c35eea18ec3bed9fc651cb9973a0dc1dfd63ac404369143218d34bd49e91	30
audit/fresh_repro_v3_other4/runs/RF00162__2GIS_A__4KQY_A/attempt1/STAR3D_source/tools/data_tables/dnaint11.dat	scripts/fresh_repro.py --pairs (4 pairs)	fresh downloads (metadata/sources_manifest.tsv URLs)	4766ab6e99cee11e53edbb1f46a7c2dc71ab5762f593ccf5f6b817aacb8481da	10352
audit/fresh_repro_v3_other4/runs/RF00162__2GIS_A__4KQY_A/attempt1/STAR3D_source/tools/data_tables/dnaint11.dh	scripts/fresh_repro.py --pairs (4 pairs)	fresh downloads (metadata/sources_manifest.tsv URLs)	f7b8bfca5516c71664bc76885085498636f0100fd279eb6411c8be7474f7ec4f	10409
audit/fresh_repro_v3_other4/runs/RF00162__2GIS_A__4KQY_A/attempt1/STAR3D_source/tools/data_tables/dnaint21.dat	scripts/fresh_repro.py --pairs (4 pairs)	fresh downloads (metadata/sources_manifest.tsv URLs)	9e7289ccab18129eb9803a8f9f53428f63d1f4cf8b7e94d4ec2b0da07452a2bc	39870
audit/fresh_repro_v3_other4/runs/RF00162__2GIS_A__4KQY_A/attempt1/STAR3D_source/tools/data_tables/dnaint21.dh	scripts/fresh_repro.py --pairs (4 pairs)	fresh downloads (metadata/sources_manifest.tsv URLs)	7e65979b7607922627c3deebfdcdacbfbfc300dc00ba3a040ea4f38b29ae7802	42016
audit/fresh_repro_v3_other4/runs/RF00162__2GIS_A__4KQY_A/attempt1/STAR3D_source/tools/data_tables/dnaint22.dat	scripts/fresh_repro.py --pairs (4 pairs)	fresh downloads (metadata/sources_manifest.tsv URLs)	03d6d9096269a51f3e3811866d8d731fa2866b3934763a5067ca9feda91010ce	68371
audit/fresh_repro_v3_other4/runs/RF00162__2GIS_A__4KQY_A/attempt1/STAR3D_source/tools/data_tables/dnaint22.dh	scripts/fresh_repro.py --pairs (4 pairs)	fresh downloads (metadata/sources_manifest.tsv URLs)	f8c19412fe7b22432fa3097e205c823346e9a5cb871624835973be7ca6b504fb	69001
audit/fresh_repro_v3_other4/runs/RF00162__2GIS_A__4KQY_A/attempt1/STAR3D_source/tools/data_tables/dnaloop.dat	scripts/fresh_repro.py --pairs (4 pairs)	fresh downloads (metadata/sources_manifest.tsv URLs)	5ee2c8fa2c2eb04faa7d76ddc9aa102051c2e6584d12407467af29e95cbfe6b4	1854
audit/fresh_repro_v3_other4/runs/RF00162__2GIS_A__4KQY_A/attempt1/STAR3D_source/tools/data_tables/dnaloop.dh	scripts/fresh_repro.py --pairs (4 pairs)	fresh downloads (metadata/sources_manifest.tsv URLs)	f663ec88f396ccb87277dcab02a2c2fa5afcc97101528b1f42b83d6790be8a33	1854
audit/fresh_repro_v3_other4/runs/RF00162__2GIS_A__4KQY_A/attempt1/STAR3D_source/tools/data_tables/dnamiscloop.dat	scripts/fresh_repro.py --pairs (4 pairs)	fresh downloads (metadata/sources_manifest.tsv URLs)	5d10c892b1767b4dc9c09c91495fc49e714653c496642edb71d727c79dfa8b04	852
audit/fresh_repro_v3_other4/runs/RF00162__2GIS_A__4KQY_A/attempt1/STAR3D_source/tools/data_tables/dnamiscloop.dh	scripts/fresh_repro.py --pairs (4 pairs)	fresh downloads (metadata/sources_manifest.tsv URLs)	27b0f17cb1b80f5efe34dd7059257948669ecdd2d634cabe9d5988f95cefc2e1	849
audit/fresh_repro_v3_other4/runs/RF00162__2GIS_A__4KQY_A/attempt1/STAR3D_source/tools/data_tables/dnastack.dat	scripts/fresh_repro.py --pairs (4 pairs)	fresh downloads (metadata/sources_manifest.tsv URLs)	36d55b869debc7998b8fef45d616af5b425c6c5a26bbdf8e5cdfb8ab50fb09b2	4131
audit/fresh_repro_v3_other4/runs/RF00162__2GIS_A__4KQY_A/attempt1/STAR3D_source/tools/data_tables/dnastack.dh	scripts/fresh_repro.py --pairs (4 pairs)	fresh downloads (metadata/sources_manifest.tsv URLs)	caab3e74f8f5157166bd67e215388100334fa26e2df228370947f94ede3e6b07	4127
audit/fresh_repro_v3_other4/runs/RF00162__2GIS_A__4KQY_A/attempt1/STAR3D_source/tools/data_tables/dnatloop.dat	scripts/fresh_repro.py --pairs (4 pairs)	fresh downloads (metadata/sources_manifest.tsv URLs)	7206744ce5dd9bc518465515547a83b822896ce83aaaa14f3418116aa50a4788	3192
audit/fresh_repro_v3_other4/runs/RF00162__2GIS_A__4KQY_A/attempt1/STAR3D_source/tools/data_tables/dnatloop.dh	scripts/fresh_repro.py --pairs (4 pairs)	fresh downloads (metadata/sources_manifest.tsv URLs)	abc9f93ebda63d4e52dc9ed895d2f79dbdd8ab79bb88676e6e575fe0951a705e	282
audit/fresh_repro_v3_other4/runs/RF00162__2GIS_A__4KQY_A/attempt1/STAR3D_source/tools/data_tables/dnatriloop.dat	scripts/fresh_repro.py --pairs (4 pairs)	fresh downloads (metadata/sources_manifest.tsv URLs)	1cc73c333b5d2568c269224138fcbf94889284ff52548b232c9d7303a82f02ff	256
audit/fresh_repro_v3_other4/runs/RF00162__2GIS_A__4KQY_A/attempt1/STAR3D_source/tools/data_tables/dnatriloop.dh	scripts/fresh_repro.py --pairs (4 pairs)	fresh downloads (metadata/sources_manifest.tsv URLs)	b9cfe28ee8f830df3d735c7e3d7e363854ba15fe6d6af34bc9b6ba82a98d60a9	72
audit/fresh_repro_v3_other4/runs/RF00162__2GIS_A__4KQY_A/attempt1/STAR3D_source/tools/data_tables/dnatstack.dat	scripts/fresh_repro.py --pairs (4 pairs)	fresh downloads (metadata/sources_manifest.tsv URLs)	699238a5dfcc1ebb8c2f6285d30c8b1e1504c8a2e1c8cc69b759a83649dfd823	4076
audit/fresh_repro_v3_other4/runs/RF00162__2GIS_A__4KQY_A/attempt1/STAR3D_source/tools/data_tables/dnatstack.dh	scripts/fresh_repro.py --pairs (4 pairs)	fresh downloads (metadata/sources_manifest.tsv URLs)	7c0a8a20ae52c8895bb95b260d5756358c94247e0d8a71a3940c76a369fafc93	4056
audit/fresh_repro_v3_other4/runs/RF00162__2GIS_A__4KQY_A/attempt1/STAR3D_source/tools/data_tables/dnatstackcoax.dat	scripts/fresh_repro.py --pairs (4 pairs)	fresh downloads (metadata/sources_manifest.tsv URLs)	699238a5dfcc1ebb8c2f6285d30c8b1e1504c8a2e1c8cc69b759a83649dfd823	4076
audit/fresh_repro_v3_other4/runs/RF00162__2GIS_A__4KQY_A/attempt1/STAR3D_source/tools/data_tables/dnatstackcoax.dh	scripts/fresh_repro.py --pairs (4 pairs)	fresh downloads (metadata/sources_manifest.tsv URLs)	c91472284ec0bb38b13f369f55d17ae0c16f7b7d31fb8caa63e91db24eadfec2	4024
audit/fresh_repro_v3_other4/runs/RF00162__2GIS_A__4KQY_A/attempt1/STAR3D_source/tools/data_tables/dnatstackh.dat	scripts/fresh_repro.py --pairs (4 pairs)	fresh downloads (metadata/sources_manifest.tsv URLs)	699238a5dfcc1ebb8c2f6285d30c8b1e1504c8a2e1c8cc69b759a83649dfd823	4076
audit/fresh_repro_v3_other4/runs/RF00162__2GIS_A__4KQY_A/attempt1/STAR3D_source/tools/data_tables/dnatstackh.dh	scripts/fresh_repro.py --pairs (4 pairs)	fresh downloads (metadata/sources_manifest.tsv URLs)	3c4043c8b147da97f51e20772d8a2d85cb2e378678d664e703dfa5f8dff28afd	4056
audit/fresh_repro_v3_other4/runs/RF00162__2GIS_A__4KQY_A/attempt1/STAR3D_source/tools/data_tables/dnatstacki.dat	scripts/fresh_repro.py --pairs (4 pairs)	fresh downloads (metadata/sources_manifest.tsv URLs)	699238a5dfcc1ebb8c2f6285d30c8b1e1504c8a2e1c8cc69b759a83649dfd823	4076
audit/fresh_repro_v3_other4/runs/RF00162__2GIS_A__4KQY_A/attempt1/STAR3D_source/tools/data_tables/dnatstacki.dh	scripts/fresh_repro.py --pairs (4 pairs)	fresh downloads (metadata/sources_manifest.tsv URLs)	3c4043c8b147da97f51e20772d8a2d85cb2e378678d664e703dfa5f8dff28afd	4056
audit/fresh_repro_v3_other4/runs/RF00162__2GIS_A__4KQY_A/attempt1/STAR3D_source/tools/data_tables/dnatstacki1n.dat	scripts/fresh_repro.py --pairs (4 pairs)	fresh downloads (metadata/sources_manifest.tsv URLs)	5dcd88f8a17cf36e786715f0354c973de5b8383347069366a92f21840c91833c	4083
audit/fresh_repro_v3_other4/runs/RF00162__2GIS_A__4KQY_A/attempt1/STAR3D_source/tools/data_tables/dnatstacki1n.dh	scripts/fresh_repro.py --pairs (4 pairs)	fresh downloads (metadata/sources_manifest.tsv URLs)	54478a515d6298bfbc0166bf70a5f7c9b3843daba329bbca27b39f40f3f20a0e	4083
audit/fresh_repro_v3_other4/runs/RF00162__2GIS_A__4KQY_A/attempt1/STAR3D_source/tools/data_tables/dnatstacki23.dat	scripts/fresh_repro.py --pairs (4 pairs)	fresh downloads (metadata/sources_manifest.tsv URLs)	699238a5dfcc1ebb8c2f6285d30c8b1e1504c8a2e1c8cc69b759a83649dfd823	4076
audit/fresh_repro_v3_other4/runs/RF00162__2GIS_A__4KQY_A/attempt1/STAR3D_source/tools/data_tables/dnatstacki23.dh	scripts/fresh_repro.py --pairs (4 pairs)	fresh downloads (metadata/sources_manifest.tsv URLs)	3c4043c8b147da97f51e20772d8a2d85cb2e378678d664e703dfa5f8dff28afd	4056
audit/fresh_repro_v3_other4/runs/RF00162__2GIS_A__4KQY_A/attempt1/STAR3D_source/tools/data_tables/dnatstackm.dat	scripts/fresh_repro.py --pairs (4 pairs)	fresh downloads (metadata/sources_manifest.tsv URLs)	53fe5ecb7fce6c9b2a59d67cfab59065c4b83118570626032c77f9a7575fe271	4076
audit/fresh_repro_v3_other4/runs/RF00162__2GIS_A__4KQY_A/attempt1/STAR3D_source/tools/data_tables/dnatstackm.dh	scripts/fresh_repro.py --pairs (4 pairs)	fresh downloads (metadata/sources_manifest.tsv URLs)	3c4043c8b147da97f51e20772d8a2d85cb2e378678d664e703dfa5f8dff28afd	4056
audit/fresh_repro_v3_other4/runs/RF00162__2GIS_A__4KQY_A/attempt1/STAR3D_source/tools/data_tables/dynalignmiscloop.dat	scripts/fresh_repro.py --pairs (4 pairs)	fresh downloads (metadata/sources_manifest.tsv URLs)	02b163f38317ef57c55b88298a10b6d5716a41fc16c16b032d40b0360de35858	844
audit/fresh_repro_v3_other4/runs/RF00162__2GIS_A__4KQY_A/attempt1/STAR3D_source/tools/data_tables/fam_hmm_pars.dat	scripts/fresh_repro.py --pairs (4 pairs)	fresh downloads (metadata/sources_manifest.tsv URLs)	969579f7da76cc225de5cf3a3a6a5d832f81becf292542701e8ae9297fdd419f	8202
audit/fresh_repro_v3_other4/runs/RF00162__2GIS_A__4KQY_A/attempt1/STAR3D_source/tools/data_tables/helix.dat	scripts/fresh_repro.py --pairs (4 pairs)	fresh downloads (metadata/sources_manifest.tsv URLs)	e0be9b15bbbc459423796b4d565b729db52ec8354a33fc5701fe700a351d5efd	128
audit/fresh_repro_v3_other4/runs/RF00162__2GIS_A__4KQY_A/attempt1/STAR3D_source/tools/data_tables/helixdr.dat	scripts/fresh_repro.py --pairs (4 pairs)	fresh downloads (metadata/sources_manifest.tsv URLs)	cfe4d62ba3d8258f9f949c9ce6d5b722f4032e1671fc92b5b47b11cf81b8ad72	126
audit/fresh_repro_v3_other4/runs/RF00162__2GIS_A__4KQY_A/attempt1/STAR3D_source/tools/data_tables/hexaloop.dat	scripts/fresh_repro.py --pairs (4 pairs)	fresh downloads (metadata/sources_manifest.tsv URLs)	1e2b3ea7d0f2bba02ef2513172a160ad8bc47f9315687ec9e3f57ea64d1d12a7	86
audit/fresh_repro_v3_other4/runs/RF00162__2GIS_A__4KQY_A/attempt1/STAR3D_source/tools/data_tables/hexaloop.dh	scripts/fresh_repro.py --pairs (4 pairs)	fresh downloads (metadata/sources_manifest.tsv URLs)	640c68e58dc8930bc2e47304877c1e98bd156ef33898ce5e67e88febbd7be75c	101
audit/fresh_repro_v3_other4/runs/RF00162__2GIS_A__4KQY_A/attempt1/STAR3D_source/tools/data_tables/int11.dat	scripts/fresh_repro.py --pairs (4 pairs)	fresh downloads (metadata/sources_manifest.tsv URLs)	f3889ec33019ea7827c6dd36b19633e39d01f97e68b8a144a9713c040c61c4bb	10422
audit/fresh_repro_v3_other4/runs/RF00162__2GIS_A__4KQY_A/attempt1/STAR3D_source/tools/data_tables/int11.dh	scripts/fresh_repro.py --pairs (4 pairs)	fresh downloads (metadata/sources_manifest.tsv URLs)	027dbac787e481b96d8d729628c61d4bbf161197501b24cc883cea00b983a850	10792
audit/fresh_repro_v3_other4/runs/RF00162__2GIS_A__4KQY_A/attempt1/STAR3D_source/tools/data_tables/int21.dat	scripts/fresh_repro.py --pairs (4 pairs)	fresh downloads (metadata/sources_manifest.tsv URLs)	4ef8147de60c1ca7cfa71ca1c9789bdd23e2f0626d58949dec5ded33af02a6f5	39823
audit/fresh_repro_v3_other4/runs/RF00162__2GIS_A__4KQY_A/attempt1/STAR3D_source/tools/data_tables/int21.dh	scripts/fresh_repro.py --pairs (4 pairs)	fresh downloads (metadata/sources_manifest.tsv URLs)	b14ad88c2384750cc3ca6b2e0de0649bfebd4ea2df5af9db24fc001f7b09304a	39846
audit/fresh_repro_v3_other4/runs/RF00162__2GIS_A__4KQY_A/attempt1/STAR3D_source/tools/data_tables/int22-exp.dh	scripts/fresh_repro.py --pairs (4 pairs)	fresh downloads (metadata/sources_manifest.tsv URLs)	f64e33ef792c4c7f7ae66f63ac859c2514e0d7f076f3839dc534e4e365d938a0	67786
audit/fresh_repro_v3_other4/runs/RF00162__2GIS_A__4KQY_A/attempt1/STAR3D_source/tools/data_tables/int22.dat	scripts/fresh_repro.py --pairs (4 pairs)	fresh downloads (metadata/sources_manifest.tsv URLs)	18b353d81c02b508493e509fa3143b211709923dd50ab8ad7f18c5b3c37027d7	68297
audit/fresh_repro_v3_other4/runs/RF00162__2GIS_A__4KQY_A/attempt1/STAR3D_source/tools/data_tables/int22.dh	scripts/fresh_repro.py --pairs (4 pairs)	fresh downloads (metadata/sources_manifest.tsv URLs)	191427765ca0d3ad02524c3204496e05c920fcb9b37fcdb95ab5a9af9f66d087	71577
audit/fresh_repro_v3_other4/runs/RF00162__2GIS_A__4KQY_A/attempt1/STAR3D_source/tools/data_tables/loop.dat	scripts/fresh_repro.py --pairs (4 pairs)	fresh downloads (metadata/sources_manifest.tsv URLs)	1f7bc76269db52564ef8b6155586c3a2b06da5f5361719b02c8811c9813f8363	1855
audit/fresh_repro_v3_other4/runs/RF00162__2GIS_A__4KQY_A/attempt1/STAR3D_source/tools/data_tables/loop.dh	scripts/fresh_repro.py --pairs (4 pairs)	fresh downloads (metadata/sources_manifest.tsv URLs)	badf2412d5795fc29bc6ebca7bbd073862b159ae0a97e4577e34d79796486708	1887
audit/fresh_repro_v3_other4/runs/RF00162__2GIS_A__4KQY_A/attempt1/STAR3D_source/tools/data_tables/miscloop.dat	scripts/fresh_repro.py --pairs (4 pairs)	fresh downloads (metadata/sources_manifest.tsv URLs)	da19ff374abdf42daac4e1b99be6260036b893a23af92228541269150355f126	854
audit/fresh_repro_v3_other4/runs/RF00162__2GIS_A__4KQY_A/attempt1/STAR3D_source/tools/data_tables/miscloop.dh	scripts/fresh_repro.py --pairs (4 pairs)	fresh downloads (metadata/sources_manifest.tsv URLs)	209f13518243c17beec2fc00f49d7eec0e866ada3ed2d85118b03224ae8a9614	853
audit/fresh_repro_v3_other4/runs/RF00162__2GIS_A__4KQY_A/attempt1/STAR3D_source/tools/data_tables/new_training_z_ave.scale.model	scripts/fresh_repro.py --pairs (4 pairs)	fresh downloads (metadata/sources_manifest.tsv URLs)	62dfd6dd9ed33af1ce064fddb1c0d95639a36a37caa762827c4a655c98d692dd	316406
audit/fresh_repro_v3_other4/runs/RF00162__2GIS_A__4KQY_A/attempt1/STAR3D_source/tools/data_tables/new_training_z_std.scale.model	scripts/fresh_repro.py --pairs (4 pairs)	fresh downloads (metadata/sources_manifest.tsv URLs)	2b0b008904061d51a7bc5c24fc973d42dd213cca85e041d1fb1515cfb3210bb7	356207
audit/fresh_repro_v3_other4/runs/RF00162__2GIS_A__4KQY_A/attempt1/STAR3D_source/tools/data_tables/pseudconst.dat	scripts/fresh_repro.py --pairs (4 pairs)	fresh downloads (metadata/sources_manifest.tsv URLs)	7dc98c7589c406065aeb042c1f45bc2dd6143824414395ea3ed9a731f0dfc86d	809
audit/fresh_repro_v3_other4/runs/RF00162__2GIS_A__4KQY_A/attempt1/STAR3D_source/tools/data_tables/stack.dat	scripts/fresh_repro.py --pairs (4 pairs)	fresh downloads (metadata/sources_manifest.tsv URLs)	912c75fcdc50e7c5fb5fc9949781303a069124d28dcfee8c48e84f502d7f8347	4136
audit/fresh_repro_v3_other4/runs/RF00162__2GIS_A__4KQY_A/attempt1/STAR3D_source/tools/data_tables/stack.dh	scripts/fresh_repro.py --pairs (4 pairs)	fresh downloads (metadata/sources_manifest.tsv URLs)	d79246bc3a3eaf4c3338725d0c4e4601a406bb21c5b2cc4f1a2b9a3045ae0e5c	4148
audit/fresh_repro_v3_other4/runs/RF00162__2GIS_A__4KQY_A/attempt1/STAR3D_source/tools/data_tables/stack.ds	scripts/fresh_repro.py --pairs (4 pairs)	fresh downloads (metadata/sources_manifest.tsv URLs)	c84a2bf83d1826690874cca437a7030335bd49ca4f40eb26109d2d4d28e80f21	4119
audit/fresh_repro_v3_other4/runs/RF00162__2GIS_A__4KQY_A/attempt1/STAR3D_source/tools/data_tables/stackdr.dat	scripts/fresh_repro.py --pairs (4 pairs)	fresh downloads (metadata/sources_manifest.tsv URLs)	ad8a1186be0a9164bfaedb2f84823ff4631842e4525a2e1f1ff81c4ed0d0e587	4172
audit/fresh_repro_v3_other4/runs/RF00162__2GIS_A__4KQY_A/attempt1/STAR3D_source/tools/data_tables/stackdr.dh	scripts/fresh_repro.py --pairs (4 pairs)	fresh downloads (metadata/sources_manifest.tsv URLs)	9d074ef9856b9609bd58126df889c749fc95b791d01ca8584e52b160bd3c4a5b	4139
audit/fresh_repro_v3_other4/runs/RF00162__2GIS_A__4KQY_A/attempt1/STAR3D_source/tools/data_tables/stackdr.ds	scripts/fresh_repro.py --pairs (4 pairs)	fresh downloads (metadata/sources_manifest.tsv URLs)	3aba2ff4109e759f09585fa9f6a415c1cbd450e2f6912e3ec2e04d6f24f27dd7	4138
audit/fresh_repro_v3_other4/runs/RF00162__2GIS_A__4KQY_A/attempt1/STAR3D_source/tools/data_tables/std_ensemble_defect.model	scripts/fresh_repro.py --pairs (4 pairs)	fresh downloads (metadata/sources_manifest.tsv URLs)	94c8824a923803310ed71a3e82def04d46583a5359a76a1277d062baea874394	28213
audit/fresh_repro_v3_other4/runs/RF00162__2GIS_A__4KQY_A/attempt1/STAR3D_source/tools/data_tables/tloop.dat	scripts/fresh_repro.py --pairs (4 pairs)	fresh downloads (metadata/sources_manifest.tsv URLs)	27e73ed4b824bba5687b9ec202fa73aec2a7bf7415e8be7dd738be6c323ccfc0	209
audit/fresh_repro_v3_other4/runs/RF00162__2GIS_A__4KQY_A/attempt1/STAR3D_source/tools/data_tables/tloop.dh	scripts/fresh_repro.py --pairs (4 pairs)	fresh downloads (metadata/sources_manifest.tsv URLs)	c38d62842241c7cd468741e4c291151f47f6e18ad876b3dcd4959639d1247874	232
audit/fresh_repro_v3_other4/runs/RF00162__2GIS_A__4KQY_A/attempt1/STAR3D_source/tools/data_tables/triloop.dat	scripts/fresh_repro.py --pairs (4 pairs)	fresh downloads (metadata/sources_manifest.tsv URLs)	bf6e20f45037699a225e9dee4772cccce959d4f6c826a2ff4dd0f8113b3f405a	49
audit/fresh_repro_v3_other4/runs/RF00162__2GIS_A__4KQY_A/attempt1/STAR3D_source/tools/data_tables/triloop.dh	scripts/fresh_repro.py --pairs (4 pairs)	fresh downloads (metadata/sources_manifest.tsv URLs)	1bc002e947901a7bfdf22944ab2fa6a0cb60f32d4792cd5e59d3e1fed4540b91	54
audit/fresh_repro_v3_other4/runs/RF00162__2GIS_A__4KQY_A/attempt1/STAR3D_source/tools/data_tables/tstack.dat	scripts/fresh_repro.py --pairs (4 pairs)	fresh downloads (metadata/sources_manifest.tsv URLs)	67105db188072e89cc141899c312761668d9b99bb27ed71887556273736be849	4112
audit/fresh_repro_v3_other4/runs/RF00162__2GIS_A__4KQY_A/attempt1/STAR3D_source/tools/data_tables/tstack.dh	scripts/fresh_repro.py --pairs (4 pairs)	fresh downloads (metadata/sources_manifest.tsv URLs)	a9a60a7decb19df134733b6e6f72fec5a1345cec5c429e1be2e9c26b82ad74ca	4114
audit/fresh_repro_v3_other4/runs/RF00162__2GIS_A__4KQY_A/attempt1/STAR3D_source/tools/data_tables/tstackcoax.dat	scripts/fresh_repro.py --pairs (4 pairs)	fresh downloads (metadata/sources_manifest.tsv URLs)	67105db188072e89cc141899c312761668d9b99bb27ed71887556273736be849	4112
audit/fresh_repro_v3_other4/runs/RF00162__2GIS_A__4KQY_A/attempt1/STAR3D_source/tools/data_tables/tstackcoax.dh	scripts/fresh_repro.py --pairs (4 pairs)	fresh downloads (metadata/sources_manifest.tsv URLs)	a9a60a7decb19df134733b6e6f72fec5a1345cec5c429e1be2e9c26b82ad74ca	4114
audit/fresh_repro_v3_other4/runs/RF00162__2GIS_A__4KQY_A/attempt1/STAR3D_source/tools/data_tables/tstackh.dat	scripts/fresh_repro.py --pairs (4 pairs)	fresh downloads (metadata/sources_manifest.tsv URLs)	e3ac961e7f89c2739505f0fa42644aa8da461f42b03ce90dbeb413006632b1c7	4112
audit/fresh_repro_v3_other4/runs/RF00162__2GIS_A__4KQY_A/attempt1/STAR3D_source/tools/data_tables/tstackh.dh	scripts/fresh_repro.py --pairs (4 pairs)	fresh downloads (metadata/sources_manifest.tsv URLs)	2e0a52904a3f6f2ed82eddaeddde010368582527724c2b5faa0bc068f8dbbce0	4114
audit/fresh_repro_v3_other4/runs/RF00162__2GIS_A__4KQY_A/attempt1/STAR3D_source/tools/data_tables/tstacki.dat	scripts/fresh_repro.py --pairs (4 pairs)	fresh downloads (metadata/sources_manifest.tsv URLs)	d701733e04c23cd813802d9507509fbdf7b4e582668ad2149b0d3c85413fd242	4083
audit/fresh_repro_v3_other4/runs/RF00162__2GIS_A__4KQY_A/attempt1/STAR3D_source/tools/data_tables/tstacki.dh	scripts/fresh_repro.py --pairs (4 pairs)	fresh downloads (metadata/sources_manifest.tsv URLs)	1329a422e72a4d9375351886993e7a0d4617139aaeda1f434698e54ba989f074	4072
audit/fresh_repro_v3_other4/runs/RF00162__2GIS_A__4KQY_A/attempt1/STAR3D_source/tools/data_tables/tstacki1n.dat	scripts/fresh_repro.py --pairs (4 pairs)	fresh downloads (metadata/sources_manifest.tsv URLs)	bc12f338ad3cfce5d3fcf3392ca114c05ab1607de8d318dfd5c8eb7d2a674ee4	4083
audit/fresh_repro_v3_other4/runs/RF00162__2GIS_A__4KQY_A/attempt1/STAR3D_source/tools/data_tables/tstacki1n.dh	scripts/fresh_repro.py --pairs (4 pairs)	fresh downloads (metadata/sources_manifest.tsv URLs)	58a65641e6c4a1c2201778d0ebb0bc6fb5d619f05e9f0df07661d89f79fcc2c1	4085
audit/fresh_repro_v3_other4/runs/RF00162__2GIS_A__4KQY_A/attempt1/STAR3D_source/tools/data_tables/tstacki23.dat	scripts/fresh_repro.py --pairs (4 pairs)	fresh downloads (metadata/sources_manifest.tsv URLs)	3d483a42d1d3474e3bfd71eb32ddd5de053a019ad053991f8b54f4605f04992e	4079
audit/fresh_repro_v3_other4/runs/RF00162__2GIS_A__4KQY_A/attempt1/STAR3D_source/tools/data_tables/tstacki23.dh	scripts/fresh_repro.py --pairs (4 pairs)	fresh downloads (metadata/sources_manifest.tsv URLs)	fc124d676bb1d6a4f53fa6beeed3c0ce34d16b1ea8e472bcd2b07b66d62d8053	4085
audit/fresh_repro_v3_other4/runs/RF00162__2GIS_A__4KQY_A/attempt1/STAR3D_source/tools/data_tables/tstackm.dat	scripts/fresh_repro.py --pairs (4 pairs)	fresh downloads (metadata/sources_manifest.tsv URLs)	67105db188072e89cc141899c312761668d9b99bb27ed71887556273736be849	4112
audit/fresh_repro_v3_other4/runs/RF00162__2GIS_A__4KQY_A/attempt1/STAR3D_source/tools/data_tables/tstackm.dh	scripts/fresh_repro.py --pairs (4 pairs)	fresh downloads (metadata/sources_manifest.tsv URLs)	a9a60a7decb19df134733b6e6f72fec5a1345cec5c429e1be2e9c26b82ad74ca	4114
audit/fresh_repro_v3_other4/runs/RF00162__2GIS_A__4KQY_A/attempt1/logs/RF00162__2GIS_A__4KQY_A__a1__forward__rep1.stderr	scripts/fresh_repro.py --pairs (4 pairs)	fresh downloads (metadata/sources_manifest.tsv URLs)	e3b0c44298fc1c149afbf4c8996fb92427ae41e4649b934ca495991b7852b855	0
audit/fresh_repro_v3_other4/runs/RF00162__2GIS_A__4KQY_A/attempt1/logs/RF00162__2GIS_A__4KQY_A__a1__forward__rep1.stdout	scripts/fresh_repro.py --pairs (4 pairs)	fresh downloads (metadata/sources_manifest.tsv URLs)	e3b0c44298fc1c149afbf4c8996fb92427ae41e4649b934ca495991b7852b855	0
audit/fresh_repro_v3_other4/runs/RF00162__2GIS_A__4KQY_A/attempt1/logs/RF00162__2GIS_A__4KQY_A__a1__forward__rep2.stderr	scripts/fresh_repro.py --pairs (4 pairs)	fresh downloads (metadata/sources_manifest.tsv URLs)	e3b0c44298fc1c149afbf4c8996fb92427ae41e4649b934ca495991b7852b855	0
audit/fresh_repro_v3_other4/runs/RF00162__2GIS_A__4KQY_A/attempt1/logs/RF00162__2GIS_A__4KQY_A__a1__forward__rep2.stdout	scripts/fresh_repro.py --pairs (4 pairs)	fresh downloads (metadata/sources_manifest.tsv URLs)	e3b0c44298fc1c149afbf4c8996fb92427ae41e4649b934ca495991b7852b855	0
audit/fresh_repro_v3_other4/runs/RF00162__2GIS_A__4KQY_A/attempt1/logs/RF00162__2GIS_A__4KQY_A__a1__forward__rep3.stderr	scripts/fresh_repro.py --pairs (4 pairs)	fresh downloads (metadata/sources_manifest.tsv URLs)	e3b0c44298fc1c149afbf4c8996fb92427ae41e4649b934ca495991b7852b855	0
audit/fresh_repro_v3_other4/runs/RF00162__2GIS_A__4KQY_A/attempt1/logs/RF00162__2GIS_A__4KQY_A__a1__forward__rep3.stdout	scripts/fresh_repro.py --pairs (4 pairs)	fresh downloads (metadata/sources_manifest.tsv URLs)	e3b0c44298fc1c149afbf4c8996fb92427ae41e4649b934ca495991b7852b855	0
audit/fresh_repro_v3_other4/runs/RF00162__2GIS_A__4KQY_A/attempt1/logs/RF00162__2GIS_A__4KQY_A__a1__reverse__rep1.stderr	scripts/fresh_repro.py --pairs (4 pairs)	fresh downloads (metadata/sources_manifest.tsv URLs)	e3b0c44298fc1c149afbf4c8996fb92427ae41e4649b934ca495991b7852b855	0
audit/fresh_repro_v3_other4/runs/RF00162__2GIS_A__4KQY_A/attempt1/logs/RF00162__2GIS_A__4KQY_A__a1__reverse__rep1.stdout	scripts/fresh_repro.py --pairs (4 pairs)	fresh downloads (metadata/sources_manifest.tsv URLs)	e3b0c44298fc1c149afbf4c8996fb92427ae41e4649b934ca495991b7852b855	0
audit/fresh_repro_v3_other4/runs/RF00162__2GIS_A__4KQY_A/attempt1/logs/RF00162__2GIS_A__4KQY_A__a1__reverse__rep2.stderr	scripts/fresh_repro.py --pairs (4 pairs)	fresh downloads (metadata/sources_manifest.tsv URLs)	e3b0c44298fc1c149afbf4c8996fb92427ae41e4649b934ca495991b7852b855	0
audit/fresh_repro_v3_other4/runs/RF00162__2GIS_A__4KQY_A/attempt1/logs/RF00162__2GIS_A__4KQY_A__a1__reverse__rep2.stdout	scripts/fresh_repro.py --pairs (4 pairs)	fresh downloads (metadata/sources_manifest.tsv URLs)	e3b0c44298fc1c149afbf4c8996fb92427ae41e4649b934ca495991b7852b855	0
audit/fresh_repro_v3_other4/runs/RF00162__2GIS_A__4KQY_A/attempt1/logs/RF00162__2GIS_A__4KQY_A__a1__reverse__rep3.stderr	scripts/fresh_repro.py --pairs (4 pairs)	fresh downloads (metadata/sources_manifest.tsv URLs)	e3b0c44298fc1c149afbf4c8996fb92427ae41e4649b934ca495991b7852b855	0
audit/fresh_repro_v3_other4/runs/RF00162__2GIS_A__4KQY_A/attempt1/logs/RF00162__2GIS_A__4KQY_A__a1__reverse__rep3.stdout	scripts/fresh_repro.py --pairs (4 pairs)	fresh downloads (metadata/sources_manifest.tsv URLs)	e3b0c44298fc1c149afbf4c8996fb92427ae41e4649b934ca495991b7852b855	0
audit/fresh_repro_v3_other4/runs/RF00162__2GIS_A__4KQY_A/attempt1/logs/mount_check.stderr	scripts/fresh_repro.py --pairs (4 pairs)	fresh downloads (metadata/sources_manifest.tsv URLs)	e3b0c44298fc1c149afbf4c8996fb92427ae41e4649b934ca495991b7852b855	0
audit/fresh_repro_v3_other4/runs/RF00162__2GIS_A__4KQY_A/attempt1/logs/mount_check.stdout	scripts/fresh_repro.py --pairs (4 pairs)	fresh downloads (metadata/sources_manifest.tsv URLs)	ef403cc32a7a6f22ad566400c3cabcdcf8547917f0d07a373bb154b1dadf3c55	162
audit/fresh_repro_v3_other4/runs/RF00162__2GIS_A__4KQY_A/attempt1/logs/post_check_2gisa.stderr	scripts/fresh_repro.py --pairs (4 pairs)	fresh downloads (metadata/sources_manifest.tsv URLs)	e3b0c44298fc1c149afbf4c8996fb92427ae41e4649b934ca495991b7852b855	0
audit/fresh_repro_v3_other4/runs/RF00162__2GIS_A__4KQY_A/attempt1/logs/post_check_2gisa.stdout	scripts/fresh_repro.py --pairs (4 pairs)	fresh downloads (metadata/sources_manifest.tsv URLs)	7af4764a931e60644b769829118603b17f83a1002cb568825bcc827418add270	100
audit/fresh_repro_v3_other4/runs/RF00162__2GIS_A__4KQY_A/attempt1/logs/post_check_4kqya.stderr	scripts/fresh_repro.py --pairs (4 pairs)	fresh downloads (metadata/sources_manifest.tsv URLs)	e3b0c44298fc1c149afbf4c8996fb92427ae41e4649b934ca495991b7852b855	0
audit/fresh_repro_v3_other4/runs/RF00162__2GIS_A__4KQY_A/attempt1/logs/post_check_4kqya.stdout	scripts/fresh_repro.py --pairs (4 pairs)	fresh downloads (metadata/sources_manifest.tsv URLs)	56c028396f70bcd30a0d94106b5521b7eaba35dcc461d5db82038e9d3a661c43	100
audit/fresh_repro_v3_other4/runs/RF00162__2GIS_A__4KQY_A/attempt1/logs/preprocess_2gisa.stderr	scripts/fresh_repro.py --pairs (4 pairs)	fresh downloads (metadata/sources_manifest.tsv URLs)	e3b0c44298fc1c149afbf4c8996fb92427ae41e4649b934ca495991b7852b855	0
audit/fresh_repro_v3_other4/runs/RF00162__2GIS_A__4KQY_A/attempt1/logs/preprocess_2gisa.stdout	scripts/fresh_repro.py --pairs (4 pairs)	fresh downloads (metadata/sources_manifest.tsv URLs)	afe19053004ed99fd43d2a40ef67cf01065b075ad8721435daf23ddc9114f390	77
audit/fresh_repro_v3_other4/runs/RF00162__2GIS_A__4KQY_A/attempt1/logs/preprocess_4kqya.stderr	scripts/fresh_repro.py --pairs (4 pairs)	fresh downloads (metadata/sources_manifest.tsv URLs)	e3b0c44298fc1c149afbf4c8996fb92427ae41e4649b934ca495991b7852b855	0
audit/fresh_repro_v3_other4/runs/RF00162__2GIS_A__4KQY_A/attempt1/logs/preprocess_4kqya.stdout	scripts/fresh_repro.py --pairs (4 pairs)	fresh downloads (metadata/sources_manifest.tsv URLs)	5d5100f0f2052fb77aac5e1a580048dd6514790ab167d4ea6f48984d934d78fe	77
audit/fresh_repro_v3_other4/runs/RF00174__4GXY_A__6VMY_A/attempt1/STAR3D_source/PDB/4gxya.pdb	scripts/fresh_repro.py --pairs (4 pairs)	fresh downloads (metadata/sources_manifest.tsv URLs)	bda3f47d055604f4ed486dd71feba74d71075756177849f89104d73433aea2dc	284148
audit/fresh_repro_v3_other4/runs/RF00174__4GXY_A__6VMY_A/attempt1/STAR3D_source/PDB/6vmya.pdb	scripts/fresh_repro.py --pairs (4 pairs)	fresh downloads (metadata/sources_manifest.tsv URLs)	1affe2d9d3e6fd8b11718dbe1aed767e1d8ae438d16e4db38799afbfd15e6c6d	226557
audit/fresh_repro_v3_other4/runs/RF00174__4GXY_A__6VMY_A/attempt1/STAR3D_source/README	scripts/fresh_repro.py --pairs (4 pairs)	fresh downloads (metadata/sources_manifest.tsv URLs)	354f5334f79b19d3b776e1482b6b8f1568e6323eebf3c5dba464c9d6c957fe0c	3014
audit/fresh_repro_v3_other4/runs/RF00174__4GXY_A__6VMY_A/attempt1/STAR3D_source/STAR3D.jar	scripts/fresh_repro.py --pairs (4 pairs)	fresh downloads (metadata/sources_manifest.tsv URLs)	e03ff7bcd7a6b88e91af049cf1ca591ec39fb3d06a796466fb1291f038a58618	409857
audit/fresh_repro_v3_other4/runs/RF00174__4GXY_A__6VMY_A/attempt1/STAR3D_source/STAR3D_struct_info/4gxya.mca	scripts/fresh_repro.py --pairs (4 pairs)	fresh downloads (metadata/sources_manifest.tsv URLs)	c2a675585666b135e6670a1bc8240acf9e71e8af5964ae4e6195a863a7254647	11688
audit/fresh_repro_v3_other4/runs/RF00174__4GXY_A__6VMY_A/attempt1/STAR3D_source/STAR3D_struct_info/4gxya_A.ct	scripts/fresh_repro.py --pairs (4 pairs)	fresh downloads (metadata/sources_manifest.tsv URLs)	7cfaa89b4d878c33f9343e66be58a24119bfe97e15d209aaced3f6a2ccdb8190	2972
audit/fresh_repro_v3_other4/runs/RF00174__4GXY_A__6VMY_A/attempt1/STAR3D_source/STAR3D_struct_info/4gxya_A.npk.ct	scripts/fresh_repro.py --pairs (4 pairs)	fresh downloads (metadata/sources_manifest.tsv URLs)	b5f8a6e9b34b2a572325cf48b1c5b11b1ad1fc106af4792dedbebeea3bb6e320	5084
audit/fresh_repro_v3_other4/runs/RF00174__4GXY_A__6VMY_A/attempt1/STAR3D_source/STAR3D_struct_info/6vmya.mca	scripts/fresh_repro.py --pairs (4 pairs)	fresh downloads (metadata/sources_manifest.tsv URLs)	3ca17682951bbf6fc4563309c9929d147e91787d1f6416555ad0c9a4382fa5ca	9335
audit/fresh_repro_v3_other4/runs/RF00174__4GXY_A__6VMY_A/attempt1/STAR3D_source/STAR3D_struct_info/6vmya_A.ct	scripts/fresh_repro.py --pairs (4 pairs)	fresh downloads (metadata/sources_manifest.tsv URLs)	c91aabbd88dd565a1a3479776307bc9b7c438e9c04c6f5c8551f1a3b85352997	2277
audit/fresh_repro_v3_other4/runs/RF00174__4GXY_A__6VMY_A/attempt1/STAR3D_source/STAR3D_struct_info/6vmya_A.npk.ct	scripts/fresh_repro.py --pairs (4 pairs)	fresh downloads (metadata/sources_manifest.tsv URLs)	562a727f9b64fc5390dab99287aa05a00cdc0bf1ee3c19e9da2ba744327ce78f	4061
audit/fresh_repro_v3_other4/runs/RF00174__4GXY_A__6VMY_A/attempt1/STAR3D_source/ShowAln.py	scripts/fresh_repro.py --pairs (4 pairs)	fresh downloads (metadata/sources_manifest.tsv URLs)	fa41aa068ba159a6a3c54c7fd77565fcd4e3e31f3de8acd22fae9da852289c71	1507
audit/fresh_repro_v3_other4/runs/RF00174__4GXY_A__6VMY_A/attempt1/STAR3D_source/build.xml	scripts/fresh_repro.py --pairs (4 pairs)	fresh downloads (metadata/sources_manifest.tsv URLs)	3e4e798691640a76a38f94f65c3dd68581169c9afdbd75439e1706056f70d5f3	1115
audit/fresh_repro_v3_other4/runs/RF00174__4GXY_A__6VMY_A/attempt1/STAR3D_source/class/Atom.class	scripts/fresh_repro.py --pairs (4 pairs)	fresh downloads (metadata/sources_manifest.tsv URLs)	a6d429deabafb3ac5130de98d410a7dad5cef25747420c7cc66f1578ee06be7c	719
audit/fresh_repro_v3_other4/runs/RF00174__4GXY_A__6VMY_A/attempt1/STAR3D_source/class/FindCompatibleSM.class	scripts/fresh_repro.py --pairs (4 pairs)	fresh downloads (metadata/sources_manifest.tsv URLs)	fa4f8cdc60e89440c423e50761660afdb84c39945cf8972eaa9d1a5ef583513b	2925
audit/fresh_repro_v3_other4/runs/RF00174__4GXY_A__6VMY_A/attempt1/STAR3D_source/class/FindStackmap.class	scripts/fresh_repro.py --pairs (4 pairs)	fresh downloads (metadata/sources_manifest.tsv URLs)	07b867cc920de80828c274f2c4a4ed75dc04b649ffd689d32901156d84d3f12c	3579
audit/fresh_repro_v3_other4/runs/RF00174__4GXY_A__6VMY_A/attempt1/STAR3D_source/class/Geom.class	scripts/fresh_repro.py --pairs (4 pairs)	fresh downloads (metadata/sources_manifest.tsv URLs)	6dc6ae40b7f398fe9d5e2bc8b8ec161b0e0ccd42e20d09505f375d5b70845e20	3455
audit/fresh_repro_v3_other4/runs/RF00174__4GXY_A__6VMY_A/attempt1/STAR3D_source/class/Lib.class	scripts/fresh_repro.py --pairs (4 pairs)	fresh downloads (metadata/sources_manifest.tsv URLs)	d6eca1ff8b7667e3f95f7e59451109f41f395f401c086a972cc2594d181d0e51	4148
audit/fresh_repro_v3_other4/runs/RF00174__4GXY_A__6VMY_A/attempt1/STAR3D_source/class/LoopAlign.class	scripts/fresh_repro.py --pairs (4 pairs)	fresh downloads (metadata/sources_manifest.tsv URLs)	f24a80c8132706e98041afe75b869d90f5d700c6cccedcb2e0bc93d959b93eb9	7039
audit/fresh_repro_v3_other4/runs/RF00174__4GXY_A__6VMY_A/attempt1/STAR3D_source/class/MCA.class	scripts/fresh_repro.py --pairs (4 pairs)	fresh downloads (metadata/sources_manifest.tsv URLs)	2f0b501da5cda7fa08bd9dbb2f404a69b5fa35214bb57f612ba8ccbd18b78835	2678
audit/fresh_repro_v3_other4/runs/RF00174__4GXY_A__6VMY_A/attempt1/STAR3D_source/class/PDB.class	scripts/fresh_repro.py --pairs (4 pairs)	fresh downloads (metadata/sources_manifest.tsv URLs)	ebf4c42bd1cfcd2180a37621e442d0d0174b705249a68a36384376756046e5fd	3858
audit/fresh_repro_v3_other4/runs/RF00174__4GXY_A__6VMY_A/attempt1/STAR3D_source/class/Pair.class	scripts/fresh_repro.py --pairs (4 pairs)	fresh downloads (metadata/sources_manifest.tsv URLs)	cbdc4c6c0537eddc3b8a05d9319851cd0086aea5c3b3f6221b6a115124a0e775	1077
audit/fresh_repro_v3_other4/runs/RF00174__4GXY_A__6VMY_A/attempt1/STAR3D_source/class/Point.class	scripts/fresh_repro.py --pairs (4 pairs)	fresh downloads (metadata/sources_manifest.tsv URLs)	91ae6fba7c95e86b71dd01b002eb0510b71170244db5e122c072510afd3bba07	989
audit/fresh_repro_v3_other4/runs/RF00174__4GXY_A__6VMY_A/attempt1/STAR3D_source/class/Preprocess.class	scripts/fresh_repro.py --pairs (4 pairs)	fresh downloads (metadata/sources_manifest.tsv URLs)	e7d3cc1a152304f95c3b38e1589a6e2d2b362674d5c1d773fa37a9ebd9b37c98	5646
audit/fresh_repro_v3_other4/runs/RF00174__4GXY_A__6VMY_A/attempt1/STAR3D_source/class/ResID.class	scripts/fresh_repro.py --pairs (4 pairs)	fresh downloads (metadata/sources_manifest.tsv URLs)	583785217def13f6a767414d3771759cc9238a69abcdf2f7ee621a86da5c3a44	1535
audit/fresh_repro_v3_other4/runs/RF00174__4GXY_A__6VMY_A/attempt1/STAR3D_source/class/Residue.class	scripts/fresh_repro.py --pairs (4 pairs)	fresh downloads (metadata/sources_manifest.tsv URLs)	be65f6d4ff1d5dd0c2a035ca518b8a84f65dba5db0df9c8ccc839ee62a4c10e6	484
audit/fresh_repro_v3_other4/runs/RF00174__4GXY_A__6VMY_A/attempt1/STAR3D_source/class/STAR3D.class	scripts/fresh_repro.py --pairs (4 pairs)	fresh downloads (metadata/sources_manifest.tsv URLs)	6021789692b03f8a2344b19434ffcec5cc04791c66b4baced022cd8415266630	15771
audit/fresh_repro_v3_other4/runs/RF00174__4GXY_A__6VMY_A/attempt1/STAR3D_source/class/Snode.class	scripts/fresh_repro.py --pairs (4 pairs)	fresh downloads (metadata/sources_manifest.tsv URLs)	3698829ebf912b0dedc51d365b05f7d4203b09b19268720500cc13dd375cd165	2658
audit/fresh_repro_v3_other4/runs/RF00174__4GXY_A__6VMY_A/attempt1/STAR3D_source/class/Stackmap.class	scripts/fresh_repro.py --pairs (4 pairs)	fresh downloads (metadata/sources_manifest.tsv URLs)	558dbc61405e02efab1ad2029e129047fcd80ed60e796675a3b53e35f68915be	1012
audit/fresh_repro_v3_other4/runs/RF00174__4GXY_A__6VMY_A/attempt1/STAR3D_source/core	scripts/fresh_repro.py --pairs (4 pairs)	fresh downloads (metadata/sources_manifest.tsv URLs)	e3b0c44298fc1c149afbf4c8996fb92427ae41e4649b934ca495991b7852b855	0
audit/fresh_repro_v3_other4/runs/RF00174__4GXY_A__6VMY_A/attempt1/STAR3D_source/hs_err_pid1.log	scripts/fresh_repro.py --pairs (4 pairs)	fresh downloads (metadata/sources_manifest.tsv URLs)	0c2bd6d1dd882ebbb6d706350daa52bfbff56b179cc6115ee43b564b21c6881e	3736
audit/fresh_repro_v3_other4/runs/RF00174__4GXY_A__6VMY_A/attempt1/STAR3D_source/lib/EJML-core-0.26.jar	scripts/fresh_repro.py --pairs (4 pairs)	fresh downloads (metadata/sources_manifest.tsv URLs)	ee7840eb553b850bdb32ed5be6194936f02f2cb2c9b915e4996312ec4a812588	341614
audit/fresh_repro_v3_other4/runs/RF00174__4GXY_A__6VMY_A/attempt1/STAR3D_source/lib/commons-cli-1.2.jar	scripts/fresh_repro.py --pairs (4 pairs)	fresh downloads (metadata/sources_manifest.tsv URLs)	e7cd8951956d349b568b7ccfd4f5b2529a8c113e67c32b028f52ffda371259d9	41123
audit/fresh_repro_v3_other4/runs/RF00174__4GXY_A__6VMY_A/attempt1/STAR3D_source/out/RF00174__4GXY_A__6VMY_A__a1__forward__rep1.aln	scripts/fresh_repro.py --pairs (4 pairs)	fresh downloads (metadata/sources_manifest.tsv URLs)	28a87935347b549adc9317aa4a61f6f4e98746800add76ea022df03fecd21876	697
audit/fresh_repro_v3_other4/runs/RF00174__4GXY_A__6VMY_A/attempt1/STAR3D_source/out/RF00174__4GXY_A__6VMY_A__a1__forward__rep1.aln.pdb	scripts/fresh_repro.py --pairs (4 pairs)	fresh downloads (metadata/sources_manifest.tsv URLs)	d8dd6706ec04c1987f5a5a77cd7af379f3a39ef7e0ed7cd7aa5ecf20bca61ff2	139264
audit/fresh_repro_v3_other4/runs/RF00174__4GXY_A__6VMY_A/attempt1/STAR3D_source/out/RF00174__4GXY_A__6VMY_A__a1__forward__rep2.aln	scripts/fresh_repro.py --pairs (4 pairs)	fresh downloads (metadata/sources_manifest.tsv URLs)	95a52f0699435119afcaa9061ff039d52cf6046c994840498b9266a3d588de4c	697
audit/fresh_repro_v3_other4/runs/RF00174__4GXY_A__6VMY_A/attempt1/STAR3D_source/out/RF00174__4GXY_A__6VMY_A__a1__forward__rep2.aln.pdb	scripts/fresh_repro.py --pairs (4 pairs)	fresh downloads (metadata/sources_manifest.tsv URLs)	a62097c2935fb8fd50a45af9af17e431be67497411209168eaa31390796ff857	422211
audit/fresh_repro_v3_other4/runs/RF00174__4GXY_A__6VMY_A/attempt1/STAR3D_source/out/RF00174__4GXY_A__6VMY_A__a1__forward__rep3.aln	scripts/fresh_repro.py --pairs (4 pairs)	fresh downloads (metadata/sources_manifest.tsv URLs)	4c38dc2fe566968cc0969d603ae676edaab874c6b7bce1ef1671f910c5bd3e43	697
audit/fresh_repro_v3_other4/runs/RF00174__4GXY_A__6VMY_A/attempt1/STAR3D_source/out/RF00174__4GXY_A__6VMY_A__a1__forward__rep3.aln.pdb	scripts/fresh_repro.py --pairs (4 pairs)	fresh downloads (metadata/sources_manifest.tsv URLs)	a62097c2935fb8fd50a45af9af17e431be67497411209168eaa31390796ff857	422211
audit/fresh_repro_v3_other4/runs/RF00174__4GXY_A__6VMY_A/attempt1/STAR3D_source/out/RF00174__4GXY_A__6VMY_A__a1__reverse__rep1.aln	scripts/fresh_repro.py --pairs (4 pairs)	fresh downloads (metadata/sources_manifest.tsv URLs)	b5185b0f16eb5e610d55eb87b7e6dc0d24f264d689fbf4072b8b055967194d79	697
audit/fresh_repro_v3_other4/runs/RF00174__4GXY_A__6VMY_A/attempt1/STAR3D_source/out/RF00174__4GXY_A__6VMY_A__a1__reverse__rep1.aln.pdb	scripts/fresh_repro.py --pairs (4 pairs)	fresh downloads (metadata/sources_manifest.tsv URLs)	bfa1fab036ca1d743f4f227a48338f105a2202206f0236556252d5f582bd803a	422211
audit/fresh_repro_v3_other4/runs/RF00174__4GXY_A__6VMY_A/attempt1/STAR3D_source/out/RF00174__4GXY_A__6VMY_A__a1__reverse__rep2.aln	scripts/fresh_repro.py --pairs (4 pairs)	fresh downloads (metadata/sources_manifest.tsv URLs)	b593aa16039333284780ff9517f1c9c457b97b50368c101833431559ebe745b1	697
audit/fresh_repro_v3_other4/runs/RF00174__4GXY_A__6VMY_A/attempt1/STAR3D_source/out/RF00174__4GXY_A__6VMY_A__a1__reverse__rep2.aln.pdb	scripts/fresh_repro.py --pairs (4 pairs)	fresh downloads (metadata/sources_manifest.tsv URLs)	bfa1fab036ca1d743f4f227a48338f105a2202206f0236556252d5f582bd803a	422211
audit/fresh_repro_v3_other4/runs/RF00174__4GXY_A__6VMY_A/attempt1/STAR3D_source/out/RF00174__4GXY_A__6VMY_A__a1__reverse__rep3.aln	scripts/fresh_repro.py --pairs (4 pairs)	fresh downloads (metadata/sources_manifest.tsv URLs)	23d135e9859816120c1c4d379f821563eaa147b74917e80c0352f0c1291981ff	697
audit/fresh_repro_v3_other4/runs/RF00174__4GXY_A__6VMY_A/attempt1/STAR3D_source/out/RF00174__4GXY_A__6VMY_A__a1__reverse__rep3.aln.pdb	scripts/fresh_repro.py --pairs (4 pairs)	fresh downloads (metadata/sources_manifest.tsv URLs)	bfa1fab036ca1d743f4f227a48338f105a2202206f0236556252d5f582bd803a	422211
audit/fresh_repro_v3_other4/runs/RF00174__4GXY_A__6VMY_A/attempt1/STAR3D_source/src/Atom.java	scripts/fresh_repro.py --pairs (4 pairs)	fresh downloads (metadata/sources_manifest.tsv URLs)	24fedd69dd161f02c105f470cc991e64df835b04de40dc37ab41f30e48022e1f	294
audit/fresh_repro_v3_other4/runs/RF00174__4GXY_A__6VMY_A/attempt1/STAR3D_source/src/FindCompatibleSM.java	scripts/fresh_repro.py --pairs (4 pairs)	fresh downloads (metadata/sources_manifest.tsv URLs)	79424a8dd223b48e93b4ac98cd85cb36d93ceef707653fd8a0cf71c25035014e	2710
audit/fresh_repro_v3_other4/runs/RF00174__4GXY_A__6VMY_A/attempt1/STAR3D_source/src/FindStackmap.java	scripts/fresh_repro.py --pairs (4 pairs)	fresh downloads (metadata/sources_manifest.tsv URLs)	43dfad600225a02d75b892326be145b7b5ffb3ab74138896834fc420831b1a3e	3948
audit/fresh_repro_v3_other4/runs/RF00174__4GXY_A__6VMY_A/attempt1/STAR3D_source/src/Geom.java	scripts/fresh_repro.py --pairs (4 pairs)	fresh downloads (metadata/sources_manifest.tsv URLs)	d9d8bffc6d2e8c2d5a8c14b2b55243b9821ce5abc159ad9849415d68acb22259	3664
audit/fresh_repro_v3_other4/runs/RF00174__4GXY_A__6VMY_A/attempt1/STAR3D_source/src/Lib.java	scripts/fresh_repro.py --pairs (4 pairs)	fresh downloads (metadata/sources_manifest.tsv URLs)	55f4d9691c1758952cdd4c4405d20b5e5ac0af930d7d56a8cbfc10b079b020f3	3014
audit/fresh_repro_v3_other4/runs/RF00174__4GXY_A__6VMY_A/attempt1/STAR3D_source/src/LoopAlign.java	scripts/fresh_repro.py --pairs (4 pairs)	fresh downloads (metadata/sources_manifest.tsv URLs)	b6994c9700b99af22a08b5fe19d3cc8dd10cf1310673184570b3e0d2b9a45c1f	7782
audit/fresh_repro_v3_other4/runs/RF00174__4GXY_A__6VMY_A/attempt1/STAR3D_source/src/MCA.java	scripts/fresh_repro.py --pairs (4 pairs)	fresh downloads (metadata/sources_manifest.tsv URLs)	0595f0832749ae30ff111ce74660cfd89b8219fa3764eede43bd1f7c45c4fdcf	2248
audit/fresh_repro_v3_other4/runs/RF00174__4GXY_A__6VMY_A/attempt1/STAR3D_source/src/PDB.java	scripts/fresh_repro.py --pairs (4 pairs)	fresh downloads (metadata/sources_manifest.tsv URLs)	ce1d127814806ff6e9ece3486bfb88aecd14495c6de46c5f2288f657a1822de8	3679
audit/fresh_repro_v3_other4/runs/RF00174__4GXY_A__6VMY_A/attempt1/STAR3D_source/src/Pair.java	scripts/fresh_repro.py --pairs (4 pairs)	fresh downloads (metadata/sources_manifest.tsv URLs)	0797761c2ce8737523db29954f73db9e0104abde0cc761f772cf49c2e4a23b7d	541
audit/fresh_repro_v3_other4/runs/RF00174__4GXY_A__6VMY_A/attempt1/STAR3D_source/src/Point.java	scripts/fresh_repro.py --pairs (4 pairs)	fresh downloads (metadata/sources_manifest.tsv URLs)	7171379a41d7f91ce429d1e5133ff46d35c2942651a76b1fdddc8290dd060995	644
audit/fresh_repro_v3_other4/runs/RF00174__4GXY_A__6VMY_A/attempt1/STAR3D_source/src/Preprocess.java	scripts/fresh_repro.py --pairs (4 pairs)	fresh downloads (metadata/sources_manifest.tsv URLs)	b71477934783f8e0eee6a4bce5257a4f16b814cba751f17aeea60f46ba196393	4242
audit/fresh_repro_v3_other4/runs/RF00174__4GXY_A__6VMY_A/attempt1/STAR3D_source/src/ResID.java	scripts/fresh_repro.py --pairs (4 pairs)	fresh downloads (metadata/sources_manifest.tsv URLs)	584cf950b43595b5c903a3993d19f3bf960eb0d13f7fdab9cad3f68f1caeb66c	1287
audit/fresh_repro_v3_other4/runs/RF00174__4GXY_A__6VMY_A/attempt1/STAR3D_source/src/Residue.java	scripts/fresh_repro.py --pairs (4 pairs)	fresh downloads (metadata/sources_manifest.tsv URLs)	426509763837fef6b0daa0c21763d5a403fce89099a98d6eaa5d8831894e7bc3	216
audit/fresh_repro_v3_other4/runs/RF00174__4GXY_A__6VMY_A/attempt1/STAR3D_source/src/STAR3D.java	scripts/fresh_repro.py --pairs (4 pairs)	fresh downloads (metadata/sources_manifest.tsv URLs)	30deeb38e262103b0acbb8b62b2200a19a1756dfe9dbd02cdf62f619c13ba934	17013
audit/fresh_repro_v3_other4/runs/RF00174__4GXY_A__6VMY_A/attempt1/STAR3D_source/src/Snode.java	scripts/fresh_repro.py --pairs (4 pairs)	fresh downloads (metadata/sources_manifest.tsv URLs)	e60219ce633f6f9b4b24c508b8556244b88467ae813b4efb6024e3c5696f088d	1566
audit/fresh_repro_v3_other4/runs/RF00174__4GXY_A__6VMY_A/attempt1/STAR3D_source/src/Stackmap.java	scripts/fresh_repro.py --pairs (4 pairs)	fresh downloads (metadata/sources_manifest.tsv URLs)	92c4904e22374df91aa308e99cf85e8add0a9c325ead61364a6b613aa1f3f88a	511
audit/fresh_repro_v3_other4/runs/RF00174__4GXY_A__6VMY_A/attempt1/STAR3D_source/tools/MC-Annotate	scripts/fresh_repro.py --pairs (4 pairs)	fresh downloads (metadata/sources_manifest.tsv URLs)	285b89a65916133ae49c56db440dfbe38227fc648805cc759d8e37be418b0139	14206375
audit/fresh_repro_v3_other4/runs/RF00174__4GXY_A__6VMY_A/attempt1/STAR3D_source/tools/RemovePseudoknots	scripts/fresh_repro.py --pairs (4 pairs)	fresh downloads (metadata/sources_manifest.tsv URLs)	0ca3afc1ec2bc9935ec273bf86cf03346efda4a50da33c90682db353e2c0f316	876937
audit/fresh_repro_v3_other4/runs/RF00174__4GXY_A__6VMY_A/attempt1/STAR3D_source/tools/data_tables/average_ensemble_defect.model	scripts/fresh_repro.py --pairs (4 pairs)	fresh downloads (metadata/sources_manifest.tsv URLs)	2ec2cc3ad70ffacf9b1b5109355b113af503f97b1908b596bcee6fb75ff90971	152499
audit/fresh_repro_v3_other4/runs/RF00174__4GXY_A__6VMY_A/attempt1/STAR3D_source/tools/data_tables/coaxial.dat	scripts/fresh_repro.py --pairs (4 pairs)	fresh downloads (metadata/sources_manifest.tsv URLs)	912c75fcdc50e7c5fb5fc9949781303a069124d28dcfee8c48e84f502d7f8347	4136
audit/fresh_repro_v3_other4/runs/RF00174__4GXY_A__6VMY_A/attempt1/STAR3D_source/tools/data_tables/coaxial.dh	scripts/fresh_repro.py --pairs (4 pairs)	fresh downloads (metadata/sources_manifest.tsv URLs)	7bfcdfcac49c30fc5bd9b6b6a413172e666de6d185e39ed9b15a50000f81026a	4159
audit/fresh_repro_v3_other4/runs/RF00174__4GXY_A__6VMY_A/attempt1/STAR3D_source/tools/data_tables/coaxstack.dat	scripts/fresh_repro.py --pairs (4 pairs)	fresh downloads (metadata/sources_manifest.tsv URLs)	4524e1c6be68046367c57efe9082e0ed51e297a18107e99914192c9fb6fa65db	4130
audit/fresh_repro_v3_other4/runs/RF00174__4GXY_A__6VMY_A/attempt1/STAR3D_source/tools/data_tables/coaxstack.dh	scripts/fresh_repro.py --pairs (4 pairs)	fresh downloads (metadata/sources_manifest.tsv URLs)	e6ccb6217953541437a6b32de9800617b1bdfbfff966b23d3a0d6ed4528ee86c	4132
audit/fresh_repro_v3_other4/runs/RF00174__4GXY_A__6VMY_A/attempt1/STAR3D_source/tools/data_tables/dangle.dat	scripts/fresh_repro.py --pairs (4 pairs)	fresh downloads (metadata/sources_manifest.tsv URLs)	68010bac4a3b41c21c1883ceb248b555106f185eec8fd87f107fcd48d8b24b6b	5395
audit/fresh_repro_v3_other4/runs/RF00174__4GXY_A__6VMY_A/attempt1/STAR3D_source/tools/data_tables/dangle.dh	scripts/fresh_repro.py --pairs (4 pairs)	fresh downloads (metadata/sources_manifest.tsv URLs)	45c13098da6a73e6864cd82235c6e5ad267446d2347b14ce1edb241a5c61447a	5381
audit/fresh_repro_v3_other4/runs/RF00174__4GXY_A__6VMY_A/attempt1/STAR3D_source/tools/data_tables/data_assemble_training_Multifind_predict_ensemble_z_final_svmformat.model	scripts/fresh_repro.py --pairs (4 pairs)	fresh downloads (metadata/sources_manifest.tsv URLs)	2c96bef2e1b92cc827c562b05d9624bd0bc3674b42e1c82a40e9a594d3dfd842	281627
audit/fresh_repro_v3_other4/runs/RF00174__4GXY_A__6VMY_A/attempt1/STAR3D_source/tools/data_tables/description.txt	scripts/fresh_repro.py --pairs (4 pairs)	fresh downloads (metadata/sources_manifest.tsv URLs)	7ef1730a63fc788d0189c9ab5f842df5611c94219237755a56ae875028ca3902	3506
audit/fresh_repro_v3_other4/runs/RF00174__4GXY_A__6VMY_A/attempt1/STAR3D_source/tools/data_tables/design.DNA.Helices.dat	scripts/fresh_repro.py --pairs (4 pairs)	fresh downloads (metadata/sources_manifest.tsv URLs)	d570e947706f93ed72e0630e1f2b1c168d6fbf2a3897dd5cb58008dd0f9ac97e	41352
audit/fresh_repro_v3_other4/runs/RF00174__4GXY_A__6VMY_A/attempt1/STAR3D_source/tools/data_tables/design.DNA.Loops.dat	scripts/fresh_repro.py --pairs (4 pairs)	fresh downloads (metadata/sources_manifest.tsv URLs)	5466f5d1e98d2d964b6b103a21a12227fee2fa2eb3139bf38002f29b57379186	19446
audit/fresh_repro_v3_other4/runs/RF00174__4GXY_A__6VMY_A/attempt1/STAR3D_source/tools/data_tables/design.RNA.Helices.dat	scripts/fresh_repro.py --pairs (4 pairs)	fresh downloads (metadata/sources_manifest.tsv URLs)	4e1a1334aecfa1ea13bb1236daa30035cb0961c085e87cced432c5addd83b895	40310
audit/fresh_repro_v3_other4/runs/RF00174__4GXY_A__6VMY_A/attempt1/STAR3D_source/tools/data_tables/design.RNA.Loops.dat	scripts/fresh_repro.py --pairs (4 pairs)	fresh downloads (metadata/sources_manifest.tsv URLs)	7f6912c48fd8a22888ad7606ce7ffc5eea391ce4ebad674bdd3b8c4869c6a8dd	20189
audit/fresh_repro_v3_other4/runs/RF00174__4GXY_A__6VMY_A/attempt1/STAR3D_source/tools/data_tables/dists/CMCTdist.txt	scripts/fresh_repro.py --pairs (4 pairs)	fresh downloads (metadata/sources_manifest.tsv URLs)	aca9b8070c45e2d9de7a341ec1a9c80d301c4b885dea5f92171f4ae3d1be98bf	193
audit/fresh_repro_v3_other4/runs/RF00174__4GXY_A__6VMY_A/attempt1/STAR3D_source/tools/data_tables/dists/DMSdist.txt	scripts/fresh_repro.py --pairs (4 pairs)	fresh downloads (metadata/sources_manifest.tsv URLs)	ace94d49bba6f44f8f88117b68ac42c4a77d071979c1b5fa5b5623195a6f9950	193
audit/fresh_repro_v3_other4/runs/RF00174__4GXY_A__6VMY_A/attempt1/STAR3D_source/tools/data_tables/dists/SHAPEdist.txt	scripts/fresh_repro.py --pairs (4 pairs)	fresh downloads (metadata/sources_manifest.tsv URLs)	14fc961a80b62455cbc1c0f248e3393a6ea23b83fe7a6d2bcd5623335c0ebdb3	194
audit/fresh_repro_v3_other4/runs/RF00174__4GXY_A__6VMY_A/attempt1/STAR3D_source/tools/data_tables/dnacoaxial.dat	scripts/fresh_repro.py --pairs (4 pairs)	fresh downloads (metadata/sources_manifest.tsv URLs)	36d55b869debc7998b8fef45d616af5b425c6c5a26bbdf8e5cdfb8ab50fb09b2	4131
audit/fresh_repro_v3_other4/runs/RF00174__4GXY_A__6VMY_A/attempt1/STAR3D_source/tools/data_tables/dnacoaxial.dh	scripts/fresh_repro.py --pairs (4 pairs)	fresh downloads (metadata/sources_manifest.tsv URLs)	d9f1f07209f0358828a6524d894553bb61657c2c977dc31cadc4bde8a61ae82b	4127
audit/fresh_repro_v3_other4/runs/RF00174__4GXY_A__6VMY_A/attempt1/STAR3D_source/tools/data_tables/dnacoaxstack.dat	scripts/fresh_repro.py --pairs (4 pairs)	fresh downloads (metadata/sources_manifest.tsv URLs)	dd48b5aeaf7e82d2542244069996d67109bc2fcfa2ae82fd50dca41be602e4c0	4110
audit/fresh_repro_v3_other4/runs/RF00174__4GXY_A__6VMY_A/attempt1/STAR3D_source/tools/data_tables/dnacoaxstack.dh	scripts/fresh_repro.py --pairs (4 pairs)	fresh downloads (metadata/sources_manifest.tsv URLs)	fb80b148fac09d8f0d3eba51fc514bb85d0ff01b2b3a9ab85c57f0d8866aa632	4040
audit/fresh_repro_v3_other4/runs/RF00174__4GXY_A__6VMY_A/attempt1/STAR3D_source/tools/data_tables/dnadangle.dat	scripts/fresh_repro.py --pairs (4 pairs)	fresh downloads (metadata/sources_manifest.tsv URLs)	538f8eef81595389f8897556cc0b157d976a9d9fdf38805e582b88eab50f0c26	5395
audit/fresh_repro_v3_other4/runs/RF00174__4GXY_A__6VMY_A/attempt1/STAR3D_source/tools/data_tables/dnadangle.dh	scripts/fresh_repro.py --pairs (4 pairs)	fresh downloads (metadata/sources_manifest.tsv URLs)	7e1ff89a63caea5683b0bf26eeba3ad4f719d09482d2b43616852e21ba13483c	5393
audit/fresh_repro_v3_other4/runs/RF00174__4GXY_A__6VMY_A/attempt1/STAR3D_source/tools/data_tables/dnadynalignmiscloop.dat	scripts/fresh_repro.py --pairs (4 pairs)	fresh downloads (metadata/sources_manifest.tsv URLs)	bb4b50a47cb716b13f4e2abd0dc611f1532af8b7a63530e08733e1785037d2db	826
audit/fresh_repro_v3_other4/runs/RF00174__4GXY_A__6VMY_A/attempt1/STAR3D_source/tools/data_tables/dnadynalignmiscloop.dh	scripts/fresh_repro.py --pairs (4 pairs)	fresh downloads (metadata/sources_manifest.tsv URLs)	af35416874b2da8cc5574f327862cf13053f89219c4dd326e585d29995455986	924
audit/fresh_repro_v3_other4/runs/RF00174__4GXY_A__6VMY_A/attempt1/STAR3D_source/tools/data_tables/dnahexaloop.dat	scripts/fresh_repro.py --pairs (4 pairs)	fresh downloads (metadata/sources_manifest.tsv URLs)	ee30c35eea18ec3bed9fc651cb9973a0dc1dfd63ac404369143218d34bd49e91	30
audit/fresh_repro_v3_other4/runs/RF00174__4GXY_A__6VMY_A/attempt1/STAR3D_source/tools/data_tables/dnahexaloop.dh	scripts/fresh_repro.py --pairs (4 pairs)	fresh downloads (metadata/sources_manifest.tsv URLs)	ee30c35eea18ec3bed9fc651cb9973a0dc1dfd63ac404369143218d34bd49e91	30
audit/fresh_repro_v3_other4/runs/RF00174__4GXY_A__6VMY_A/attempt1/STAR3D_source/tools/data_tables/dnaint11.dat	scripts/fresh_repro.py --pairs (4 pairs)	fresh downloads (metadata/sources_manifest.tsv URLs)	4766ab6e99cee11e53edbb1f46a7c2dc71ab5762f593ccf5f6b817aacb8481da	10352
audit/fresh_repro_v3_other4/runs/RF00174__4GXY_A__6VMY_A/attempt1/STAR3D_source/tools/data_tables/dnaint11.dh	scripts/fresh_repro.py --pairs (4 pairs)	fresh downloads (metadata/sources_manifest.tsv URLs)	f7b8bfca5516c71664bc76885085498636f0100fd279eb6411c8be7474f7ec4f	10409
audit/fresh_repro_v3_other4/runs/RF00174__4GXY_A__6VMY_A/attempt1/STAR3D_source/tools/data_tables/dnaint21.dat	scripts/fresh_repro.py --pairs (4 pairs)	fresh downloads (metadata/sources_manifest.tsv URLs)	9e7289ccab18129eb9803a8f9f53428f63d1f4cf8b7e94d4ec2b0da07452a2bc	39870
audit/fresh_repro_v3_other4/runs/RF00174__4GXY_A__6VMY_A/attempt1/STAR3D_source/tools/data_tables/dnaint21.dh	scripts/fresh_repro.py --pairs (4 pairs)	fresh downloads (metadata/sources_manifest.tsv URLs)	7e65979b7607922627c3deebfdcdacbfbfc300dc00ba3a040ea4f38b29ae7802	42016
audit/fresh_repro_v3_other4/runs/RF00174__4GXY_A__6VMY_A/attempt1/STAR3D_source/tools/data_tables/dnaint22.dat	scripts/fresh_repro.py --pairs (4 pairs)	fresh downloads (metadata/sources_manifest.tsv URLs)	03d6d9096269a51f3e3811866d8d731fa2866b3934763a5067ca9feda91010ce	68371
audit/fresh_repro_v3_other4/runs/RF00174__4GXY_A__6VMY_A/attempt1/STAR3D_source/tools/data_tables/dnaint22.dh	scripts/fresh_repro.py --pairs (4 pairs)	fresh downloads (metadata/sources_manifest.tsv URLs)	f8c19412fe7b22432fa3097e205c823346e9a5cb871624835973be7ca6b504fb	69001
audit/fresh_repro_v3_other4/runs/RF00174__4GXY_A__6VMY_A/attempt1/STAR3D_source/tools/data_tables/dnaloop.dat	scripts/fresh_repro.py --pairs (4 pairs)	fresh downloads (metadata/sources_manifest.tsv URLs)	5ee2c8fa2c2eb04faa7d76ddc9aa102051c2e6584d12407467af29e95cbfe6b4	1854
audit/fresh_repro_v3_other4/runs/RF00174__4GXY_A__6VMY_A/attempt1/STAR3D_source/tools/data_tables/dnaloop.dh	scripts/fresh_repro.py --pairs (4 pairs)	fresh downloads (metadata/sources_manifest.tsv URLs)	f663ec88f396ccb87277dcab02a2c2fa5afcc97101528b1f42b83d6790be8a33	1854
audit/fresh_repro_v3_other4/runs/RF00174__4GXY_A__6VMY_A/attempt1/STAR3D_source/tools/data_tables/dnamiscloop.dat	scripts/fresh_repro.py --pairs (4 pairs)	fresh downloads (metadata/sources_manifest.tsv URLs)	5d10c892b1767b4dc9c09c91495fc49e714653c496642edb71d727c79dfa8b04	852
audit/fresh_repro_v3_other4/runs/RF00174__4GXY_A__6VMY_A/attempt1/STAR3D_source/tools/data_tables/dnamiscloop.dh	scripts/fresh_repro.py --pairs (4 pairs)	fresh downloads (metadata/sources_manifest.tsv URLs)	27b0f17cb1b80f5efe34dd7059257948669ecdd2d634cabe9d5988f95cefc2e1	849
audit/fresh_repro_v3_other4/runs/RF00174__4GXY_A__6VMY_A/attempt1/STAR3D_source/tools/data_tables/dnastack.dat	scripts/fresh_repro.py --pairs (4 pairs)	fresh downloads (metadata/sources_manifest.tsv URLs)	36d55b869debc7998b8fef45d616af5b425c6c5a26bbdf8e5cdfb8ab50fb09b2	4131
audit/fresh_repro_v3_other4/runs/RF00174__4GXY_A__6VMY_A/attempt1/STAR3D_source/tools/data_tables/dnastack.dh	scripts/fresh_repro.py --pairs (4 pairs)	fresh downloads (metadata/sources_manifest.tsv URLs)	caab3e74f8f5157166bd67e215388100334fa26e2df228370947f94ede3e6b07	4127
audit/fresh_repro_v3_other4/runs/RF00174__4GXY_A__6VMY_A/attempt1/STAR3D_source/tools/data_tables/dnatloop.dat	scripts/fresh_repro.py --pairs (4 pairs)	fresh downloads (metadata/sources_manifest.tsv URLs)	7206744ce5dd9bc518465515547a83b822896ce83aaaa14f3418116aa50a4788	3192
audit/fresh_repro_v3_other4/runs/RF00174__4GXY_A__6VMY_A/attempt1/STAR3D_source/tools/data_tables/dnatloop.dh	scripts/fresh_repro.py --pairs (4 pairs)	fresh downloads (metadata/sources_manifest.tsv URLs)	abc9f93ebda63d4e52dc9ed895d2f79dbdd8ab79bb88676e6e575fe0951a705e	282
audit/fresh_repro_v3_other4/runs/RF00174__4GXY_A__6VMY_A/attempt1/STAR3D_source/tools/data_tables/dnatriloop.dat	scripts/fresh_repro.py --pairs (4 pairs)	fresh downloads (metadata/sources_manifest.tsv URLs)	1cc73c333b5d2568c269224138fcbf94889284ff52548b232c9d7303a82f02ff	256
audit/fresh_repro_v3_other4/runs/RF00174__4GXY_A__6VMY_A/attempt1/STAR3D_source/tools/data_tables/dnatriloop.dh	scripts/fresh_repro.py --pairs (4 pairs)	fresh downloads (metadata/sources_manifest.tsv URLs)	b9cfe28ee8f830df3d735c7e3d7e363854ba15fe6d6af34bc9b6ba82a98d60a9	72
audit/fresh_repro_v3_other4/runs/RF00174__4GXY_A__6VMY_A/attempt1/STAR3D_source/tools/data_tables/dnatstack.dat	scripts/fresh_repro.py --pairs (4 pairs)	fresh downloads (metadata/sources_manifest.tsv URLs)	699238a5dfcc1ebb8c2f6285d30c8b1e1504c8a2e1c8cc69b759a83649dfd823	4076
audit/fresh_repro_v3_other4/runs/RF00174__4GXY_A__6VMY_A/attempt1/STAR3D_source/tools/data_tables/dnatstack.dh	scripts/fresh_repro.py --pairs (4 pairs)	fresh downloads (metadata/sources_manifest.tsv URLs)	7c0a8a20ae52c8895bb95b260d5756358c94247e0d8a71a3940c76a369fafc93	4056
audit/fresh_repro_v3_other4/runs/RF00174__4GXY_A__6VMY_A/attempt1/STAR3D_source/tools/data_tables/dnatstackcoax.dat	scripts/fresh_repro.py --pairs (4 pairs)	fresh downloads (metadata/sources_manifest.tsv URLs)	699238a5dfcc1ebb8c2f6285d30c8b1e1504c8a2e1c8cc69b759a83649dfd823	4076
audit/fresh_repro_v3_other4/runs/RF00174__4GXY_A__6VMY_A/attempt1/STAR3D_source/tools/data_tables/dnatstackcoax.dh	scripts/fresh_repro.py --pairs (4 pairs)	fresh downloads (metadata/sources_manifest.tsv URLs)	c91472284ec0bb38b13f369f55d17ae0c16f7b7d31fb8caa63e91db24eadfec2	4024
audit/fresh_repro_v3_other4/runs/RF00174__4GXY_A__6VMY_A/attempt1/STAR3D_source/tools/data_tables/dnatstackh.dat	scripts/fresh_repro.py --pairs (4 pairs)	fresh downloads (metadata/sources_manifest.tsv URLs)	699238a5dfcc1ebb8c2f6285d30c8b1e1504c8a2e1c8cc69b759a83649dfd823	4076
audit/fresh_repro_v3_other4/runs/RF00174__4GXY_A__6VMY_A/attempt1/STAR3D_source/tools/data_tables/dnatstackh.dh	scripts/fresh_repro.py --pairs (4 pairs)	fresh downloads (metadata/sources_manifest.tsv URLs)	3c4043c8b147da97f51e20772d8a2d85cb2e378678d664e703dfa5f8dff28afd	4056
audit/fresh_repro_v3_other4/runs/RF00174__4GXY_A__6VMY_A/attempt1/STAR3D_source/tools/data_tables/dnatstacki.dat	scripts/fresh_repro.py --pairs (4 pairs)	fresh downloads (metadata/sources_manifest.tsv URLs)	699238a5dfcc1ebb8c2f6285d30c8b1e1504c8a2e1c8cc69b759a83649dfd823	4076
audit/fresh_repro_v3_other4/runs/RF00174__4GXY_A__6VMY_A/attempt1/STAR3D_source/tools/data_tables/dnatstacki.dh	scripts/fresh_repro.py --pairs (4 pairs)	fresh downloads (metadata/sources_manifest.tsv URLs)	3c4043c8b147da97f51e20772d8a2d85cb2e378678d664e703dfa5f8dff28afd	4056
audit/fresh_repro_v3_other4/runs/RF00174__4GXY_A__6VMY_A/attempt1/STAR3D_source/tools/data_tables/dnatstacki1n.dat	scripts/fresh_repro.py --pairs (4 pairs)	fresh downloads (metadata/sources_manifest.tsv URLs)	5dcd88f8a17cf36e786715f0354c973de5b8383347069366a92f21840c91833c	4083
audit/fresh_repro_v3_other4/runs/RF00174__4GXY_A__6VMY_A/attempt1/STAR3D_source/tools/data_tables/dnatstacki1n.dh	scripts/fresh_repro.py --pairs (4 pairs)	fresh downloads (metadata/sources_manifest.tsv URLs)	54478a515d6298bfbc0166bf70a5f7c9b3843daba329bbca27b39f40f3f20a0e	4083
audit/fresh_repro_v3_other4/runs/RF00174__4GXY_A__6VMY_A/attempt1/STAR3D_source/tools/data_tables/dnatstacki23.dat	scripts/fresh_repro.py --pairs (4 pairs)	fresh downloads (metadata/sources_manifest.tsv URLs)	699238a5dfcc1ebb8c2f6285d30c8b1e1504c8a2e1c8cc69b759a83649dfd823	4076
audit/fresh_repro_v3_other4/runs/RF00174__4GXY_A__6VMY_A/attempt1/STAR3D_source/tools/data_tables/dnatstacki23.dh	scripts/fresh_repro.py --pairs (4 pairs)	fresh downloads (metadata/sources_manifest.tsv URLs)	3c4043c8b147da97f51e20772d8a2d85cb2e378678d664e703dfa5f8dff28afd	4056
audit/fresh_repro_v3_other4/runs/RF00174__4GXY_A__6VMY_A/attempt1/STAR3D_source/tools/data_tables/dnatstackm.dat	scripts/fresh_repro.py --pairs (4 pairs)	fresh downloads (metadata/sources_manifest.tsv URLs)	53fe5ecb7fce6c9b2a59d67cfab59065c4b83118570626032c77f9a7575fe271	4076
audit/fresh_repro_v3_other4/runs/RF00174__4GXY_A__6VMY_A/attempt1/STAR3D_source/tools/data_tables/dnatstackm.dh	scripts/fresh_repro.py --pairs (4 pairs)	fresh downloads (metadata/sources_manifest.tsv URLs)	3c4043c8b147da97f51e20772d8a2d85cb2e378678d664e703dfa5f8dff28afd	4056
audit/fresh_repro_v3_other4/runs/RF00174__4GXY_A__6VMY_A/attempt1/STAR3D_source/tools/data_tables/dynalignmiscloop.dat	scripts/fresh_repro.py --pairs (4 pairs)	fresh downloads (metadata/sources_manifest.tsv URLs)	02b163f38317ef57c55b88298a10b6d5716a41fc16c16b032d40b0360de35858	844
audit/fresh_repro_v3_other4/runs/RF00174__4GXY_A__6VMY_A/attempt1/STAR3D_source/tools/data_tables/fam_hmm_pars.dat	scripts/fresh_repro.py --pairs (4 pairs)	fresh downloads (metadata/sources_manifest.tsv URLs)	969579f7da76cc225de5cf3a3a6a5d832f81becf292542701e8ae9297fdd419f	8202
audit/fresh_repro_v3_other4/runs/RF00174__4GXY_A__6VMY_A/attempt1/STAR3D_source/tools/data_tables/helix.dat	scripts/fresh_repro.py --pairs (4 pairs)	fresh downloads (metadata/sources_manifest.tsv URLs)	e0be9b15bbbc459423796b4d565b729db52ec8354a33fc5701fe700a351d5efd	128
audit/fresh_repro_v3_other4/runs/RF00174__4GXY_A__6VMY_A/attempt1/STAR3D_source/tools/data_tables/helixdr.dat	scripts/fresh_repro.py --pairs (4 pairs)	fresh downloads (metadata/sources_manifest.tsv URLs)	cfe4d62ba3d8258f9f949c9ce6d5b722f4032e1671fc92b5b47b11cf81b8ad72	126
audit/fresh_repro_v3_other4/runs/RF00174__4GXY_A__6VMY_A/attempt1/STAR3D_source/tools/data_tables/hexaloop.dat	scripts/fresh_repro.py --pairs (4 pairs)	fresh downloads (metadata/sources_manifest.tsv URLs)	1e2b3ea7d0f2bba02ef2513172a160ad8bc47f9315687ec9e3f57ea64d1d12a7	86
audit/fresh_repro_v3_other4/runs/RF00174__4GXY_A__6VMY_A/attempt1/STAR3D_source/tools/data_tables/hexaloop.dh	scripts/fresh_repro.py --pairs (4 pairs)	fresh downloads (metadata/sources_manifest.tsv URLs)	640c68e58dc8930bc2e47304877c1e98bd156ef33898ce5e67e88febbd7be75c	101
audit/fresh_repro_v3_other4/runs/RF00174__4GXY_A__6VMY_A/attempt1/STAR3D_source/tools/data_tables/int11.dat	scripts/fresh_repro.py --pairs (4 pairs)	fresh downloads (metadata/sources_manifest.tsv URLs)	f3889ec33019ea7827c6dd36b19633e39d01f97e68b8a144a9713c040c61c4bb	10422
audit/fresh_repro_v3_other4/runs/RF00174__4GXY_A__6VMY_A/attempt1/STAR3D_source/tools/data_tables/int11.dh	scripts/fresh_repro.py --pairs (4 pairs)	fresh downloads (metadata/sources_manifest.tsv URLs)	027dbac787e481b96d8d729628c61d4bbf161197501b24cc883cea00b983a850	10792
audit/fresh_repro_v3_other4/runs/RF00174__4GXY_A__6VMY_A/attempt1/STAR3D_source/tools/data_tables/int21.dat	scripts/fresh_repro.py --pairs (4 pairs)	fresh downloads (metadata/sources_manifest.tsv URLs)	4ef8147de60c1ca7cfa71ca1c9789bdd23e2f0626d58949dec5ded33af02a6f5	39823
audit/fresh_repro_v3_other4/runs/RF00174__4GXY_A__6VMY_A/attempt1/STAR3D_source/tools/data_tables/int21.dh	scripts/fresh_repro.py --pairs (4 pairs)	fresh downloads (metadata/sources_manifest.tsv URLs)	b14ad88c2384750cc3ca6b2e0de0649bfebd4ea2df5af9db24fc001f7b09304a	39846
audit/fresh_repro_v3_other4/runs/RF00174__4GXY_A__6VMY_A/attempt1/STAR3D_source/tools/data_tables/int22-exp.dh	scripts/fresh_repro.py --pairs (4 pairs)	fresh downloads (metadata/sources_manifest.tsv URLs)	f64e33ef792c4c7f7ae66f63ac859c2514e0d7f076f3839dc534e4e365d938a0	67786
audit/fresh_repro_v3_other4/runs/RF00174__4GXY_A__6VMY_A/attempt1/STAR3D_source/tools/data_tables/int22.dat	scripts/fresh_repro.py --pairs (4 pairs)	fresh downloads (metadata/sources_manifest.tsv URLs)	18b353d81c02b508493e509fa3143b211709923dd50ab8ad7f18c5b3c37027d7	68297
audit/fresh_repro_v3_other4/runs/RF00174__4GXY_A__6VMY_A/attempt1/STAR3D_source/tools/data_tables/int22.dh	scripts/fresh_repro.py --pairs (4 pairs)	fresh downloads (metadata/sources_manifest.tsv URLs)	191427765ca0d3ad02524c3204496e05c920fcb9b37fcdb95ab5a9af9f66d087	71577
audit/fresh_repro_v3_other4/runs/RF00174__4GXY_A__6VMY_A/attempt1/STAR3D_source/tools/data_tables/loop.dat	scripts/fresh_repro.py --pairs (4 pairs)	fresh downloads (metadata/sources_manifest.tsv URLs)	1f7bc76269db52564ef8b6155586c3a2b06da5f5361719b02c8811c9813f8363	1855
audit/fresh_repro_v3_other4/runs/RF00174__4GXY_A__6VMY_A/attempt1/STAR3D_source/tools/data_tables/loop.dh	scripts/fresh_repro.py --pairs (4 pairs)	fresh downloads (metadata/sources_manifest.tsv URLs)	badf2412d5795fc29bc6ebca7bbd073862b159ae0a97e4577e34d79796486708	1887
audit/fresh_repro_v3_other4/runs/RF00174__4GXY_A__6VMY_A/attempt1/STAR3D_source/tools/data_tables/miscloop.dat	scripts/fresh_repro.py --pairs (4 pairs)	fresh downloads (metadata/sources_manifest.tsv URLs)	da19ff374abdf42daac4e1b99be6260036b893a23af92228541269150355f126	854
audit/fresh_repro_v3_other4/runs/RF00174__4GXY_A__6VMY_A/attempt1/STAR3D_source/tools/data_tables/miscloop.dh	scripts/fresh_repro.py --pairs (4 pairs)	fresh downloads (metadata/sources_manifest.tsv URLs)	209f13518243c17beec2fc00f49d7eec0e866ada3ed2d85118b03224ae8a9614	853
audit/fresh_repro_v3_other4/runs/RF00174__4GXY_A__6VMY_A/attempt1/STAR3D_source/tools/data_tables/new_training_z_ave.scale.model	scripts/fresh_repro.py --pairs (4 pairs)	fresh downloads (metadata/sources_manifest.tsv URLs)	62dfd6dd9ed33af1ce064fddb1c0d95639a36a37caa762827c4a655c98d692dd	316406
audit/fresh_repro_v3_other4/runs/RF00174__4GXY_A__6VMY_A/attempt1/STAR3D_source/tools/data_tables/new_training_z_std.scale.model	scripts/fresh_repro.py --pairs (4 pairs)	fresh downloads (metadata/sources_manifest.tsv URLs)	2b0b008904061d51a7bc5c24fc973d42dd213cca85e041d1fb1515cfb3210bb7	356207
audit/fresh_repro_v3_other4/runs/RF00174__4GXY_A__6VMY_A/attempt1/STAR3D_source/tools/data_tables/pseudconst.dat	scripts/fresh_repro.py --pairs (4 pairs)	fresh downloads (metadata/sources_manifest.tsv URLs)	7dc98c7589c406065aeb042c1f45bc2dd6143824414395ea3ed9a731f0dfc86d	809
audit/fresh_repro_v3_other4/runs/RF00174__4GXY_A__6VMY_A/attempt1/STAR3D_source/tools/data_tables/stack.dat	scripts/fresh_repro.py --pairs (4 pairs)	fresh downloads (metadata/sources_manifest.tsv URLs)	912c75fcdc50e7c5fb5fc9949781303a069124d28dcfee8c48e84f502d7f8347	4136
audit/fresh_repro_v3_other4/runs/RF00174__4GXY_A__6VMY_A/attempt1/STAR3D_source/tools/data_tables/stack.dh	scripts/fresh_repro.py --pairs (4 pairs)	fresh downloads (metadata/sources_manifest.tsv URLs)	d79246bc3a3eaf4c3338725d0c4e4601a406bb21c5b2cc4f1a2b9a3045ae0e5c	4148
audit/fresh_repro_v3_other4/runs/RF00174__4GXY_A__6VMY_A/attempt1/STAR3D_source/tools/data_tables/stack.ds	scripts/fresh_repro.py --pairs (4 pairs)	fresh downloads (metadata/sources_manifest.tsv URLs)	c84a2bf83d1826690874cca437a7030335bd49ca4f40eb26109d2d4d28e80f21	4119
audit/fresh_repro_v3_other4/runs/RF00174__4GXY_A__6VMY_A/attempt1/STAR3D_source/tools/data_tables/stackdr.dat	scripts/fresh_repro.py --pairs (4 pairs)	fresh downloads (metadata/sources_manifest.tsv URLs)	ad8a1186be0a9164bfaedb2f84823ff4631842e4525a2e1f1ff81c4ed0d0e587	4172
audit/fresh_repro_v3_other4/runs/RF00174__4GXY_A__6VMY_A/attempt1/STAR3D_source/tools/data_tables/stackdr.dh	scripts/fresh_repro.py --pairs (4 pairs)	fresh downloads (metadata/sources_manifest.tsv URLs)	9d074ef9856b9609bd58126df889c749fc95b791d01ca8584e52b160bd3c4a5b	4139
audit/fresh_repro_v3_other4/runs/RF00174__4GXY_A__6VMY_A/attempt1/STAR3D_source/tools/data_tables/stackdr.ds	scripts/fresh_repro.py --pairs (4 pairs)	fresh downloads (metadata/sources_manifest.tsv URLs)	3aba2ff4109e759f09585fa9f6a415c1cbd450e2f6912e3ec2e04d6f24f27dd7	4138
audit/fresh_repro_v3_other4/runs/RF00174__4GXY_A__6VMY_A/attempt1/STAR3D_source/tools/data_tables/std_ensemble_defect.model	scripts/fresh_repro.py --pairs (4 pairs)	fresh downloads (metadata/sources_manifest.tsv URLs)	94c8824a923803310ed71a3e82def04d46583a5359a76a1277d062baea874394	28213
audit/fresh_repro_v3_other4/runs/RF00174__4GXY_A__6VMY_A/attempt1/STAR3D_source/tools/data_tables/tloop.dat	scripts/fresh_repro.py --pairs (4 pairs)	fresh downloads (metadata/sources_manifest.tsv URLs)	27e73ed4b824bba5687b9ec202fa73aec2a7bf7415e8be7dd738be6c323ccfc0	209
audit/fresh_repro_v3_other4/runs/RF00174__4GXY_A__6VMY_A/attempt1/STAR3D_source/tools/data_tables/tloop.dh	scripts/fresh_repro.py --pairs (4 pairs)	fresh downloads (metadata/sources_manifest.tsv URLs)	c38d62842241c7cd468741e4c291151f47f6e18ad876b3dcd4959639d1247874	232
audit/fresh_repro_v3_other4/runs/RF00174__4GXY_A__6VMY_A/attempt1/STAR3D_source/tools/data_tables/triloop.dat	scripts/fresh_repro.py --pairs (4 pairs)	fresh downloads (metadata/sources_manifest.tsv URLs)	bf6e20f45037699a225e9dee4772cccce959d4f6c826a2ff4dd0f8113b3f405a	49
audit/fresh_repro_v3_other4/runs/RF00174__4GXY_A__6VMY_A/attempt1/STAR3D_source/tools/data_tables/triloop.dh	scripts/fresh_repro.py --pairs (4 pairs)	fresh downloads (metadata/sources_manifest.tsv URLs)	1bc002e947901a7bfdf22944ab2fa6a0cb60f32d4792cd5e59d3e1fed4540b91	54
audit/fresh_repro_v3_other4/runs/RF00174__4GXY_A__6VMY_A/attempt1/STAR3D_source/tools/data_tables/tstack.dat	scripts/fresh_repro.py --pairs (4 pairs)	fresh downloads (metadata/sources_manifest.tsv URLs)	67105db188072e89cc141899c312761668d9b99bb27ed71887556273736be849	4112
audit/fresh_repro_v3_other4/runs/RF00174__4GXY_A__6VMY_A/attempt1/STAR3D_source/tools/data_tables/tstack.dh	scripts/fresh_repro.py --pairs (4 pairs)	fresh downloads (metadata/sources_manifest.tsv URLs)	a9a60a7decb19df134733b6e6f72fec5a1345cec5c429e1be2e9c26b82ad74ca	4114
audit/fresh_repro_v3_other4/runs/RF00174__4GXY_A__6VMY_A/attempt1/STAR3D_source/tools/data_tables/tstackcoax.dat	scripts/fresh_repro.py --pairs (4 pairs)	fresh downloads (metadata/sources_manifest.tsv URLs)	67105db188072e89cc141899c312761668d9b99bb27ed71887556273736be849	4112
audit/fresh_repro_v3_other4/runs/RF00174__4GXY_A__6VMY_A/attempt1/STAR3D_source/tools/data_tables/tstackcoax.dh	scripts/fresh_repro.py --pairs (4 pairs)	fresh downloads (metadata/sources_manifest.tsv URLs)	a9a60a7decb19df134733b6e6f72fec5a1345cec5c429e1be2e9c26b82ad74ca	4114
audit/fresh_repro_v3_other4/runs/RF00174__4GXY_A__6VMY_A/attempt1/STAR3D_source/tools/data_tables/tstackh.dat	scripts/fresh_repro.py --pairs (4 pairs)	fresh downloads (metadata/sources_manifest.tsv URLs)	e3ac961e7f89c2739505f0fa42644aa8da461f42b03ce90dbeb413006632b1c7	4112
audit/fresh_repro_v3_other4/runs/RF00174__4GXY_A__6VMY_A/attempt1/STAR3D_source/tools/data_tables/tstackh.dh	scripts/fresh_repro.py --pairs (4 pairs)	fresh downloads (metadata/sources_manifest.tsv URLs)	2e0a52904a3f6f2ed82eddaeddde010368582527724c2b5faa0bc068f8dbbce0	4114
audit/fresh_repro_v3_other4/runs/RF00174__4GXY_A__6VMY_A/attempt1/STAR3D_source/tools/data_tables/tstacki.dat	scripts/fresh_repro.py --pairs (4 pairs)	fresh downloads (metadata/sources_manifest.tsv URLs)	d701733e04c23cd813802d9507509fbdf7b4e582668ad2149b0d3c85413fd242	4083
audit/fresh_repro_v3_other4/runs/RF00174__4GXY_A__6VMY_A/attempt1/STAR3D_source/tools/data_tables/tstacki.dh	scripts/fresh_repro.py --pairs (4 pairs)	fresh downloads (metadata/sources_manifest.tsv URLs)	1329a422e72a4d9375351886993e7a0d4617139aaeda1f434698e54ba989f074	4072
audit/fresh_repro_v3_other4/runs/RF00174__4GXY_A__6VMY_A/attempt1/STAR3D_source/tools/data_tables/tstacki1n.dat	scripts/fresh_repro.py --pairs (4 pairs)	fresh downloads (metadata/sources_manifest.tsv URLs)	bc12f338ad3cfce5d3fcf3392ca114c05ab1607de8d318dfd5c8eb7d2a674ee4	4083
audit/fresh_repro_v3_other4/runs/RF00174__4GXY_A__6VMY_A/attempt1/STAR3D_source/tools/data_tables/tstacki1n.dh	scripts/fresh_repro.py --pairs (4 pairs)	fresh downloads (metadata/sources_manifest.tsv URLs)	58a65641e6c4a1c2201778d0ebb0bc6fb5d619f05e9f0df07661d89f79fcc2c1	4085
audit/fresh_repro_v3_other4/runs/RF00174__4GXY_A__6VMY_A/attempt1/STAR3D_source/tools/data_tables/tstacki23.dat	scripts/fresh_repro.py --pairs (4 pairs)	fresh downloads (metadata/sources_manifest.tsv URLs)	3d483a42d1d3474e3bfd71eb32ddd5de053a019ad053991f8b54f4605f04992e	4079
audit/fresh_repro_v3_other4/runs/RF00174__4GXY_A__6VMY_A/attempt1/STAR3D_source/tools/data_tables/tstacki23.dh	scripts/fresh_repro.py --pairs (4 pairs)	fresh downloads (metadata/sources_manifest.tsv URLs)	fc124d676bb1d6a4f53fa6beeed3c0ce34d16b1ea8e472bcd2b07b66d62d8053	4085
audit/fresh_repro_v3_other4/runs/RF00174__4GXY_A__6VMY_A/attempt1/STAR3D_source/tools/data_tables/tstackm.dat	scripts/fresh_repro.py --pairs (4 pairs)	fresh downloads (metadata/sources_manifest.tsv URLs)	67105db188072e89cc141899c312761668d9b99bb27ed71887556273736be849	4112
audit/fresh_repro_v3_other4/runs/RF00174__4GXY_A__6VMY_A/attempt1/STAR3D_source/tools/data_tables/tstackm.dh	scripts/fresh_repro.py --pairs (4 pairs)	fresh downloads (metadata/sources_manifest.tsv URLs)	a9a60a7decb19df134733b6e6f72fec5a1345cec5c429e1be2e9c26b82ad74ca	4114
audit/fresh_repro_v3_other4/runs/RF00174__4GXY_A__6VMY_A/attempt1/logs/RF00174__4GXY_A__6VMY_A__a1__forward__rep1.stderr	scripts/fresh_repro.py --pairs (4 pairs)	fresh downloads (metadata/sources_manifest.tsv URLs)	e3b0c44298fc1c149afbf4c8996fb92427ae41e4649b934ca495991b7852b855	0
audit/fresh_repro_v3_other4/runs/RF00174__4GXY_A__6VMY_A/attempt1/logs/RF00174__4GXY_A__6VMY_A__a1__forward__rep1.stdout	scripts/fresh_repro.py --pairs (4 pairs)	fresh downloads (metadata/sources_manifest.tsv URLs)	b662ee7b007a42968fc0f6a6ac7f199746c0b0034756ac79746c67b991a96df1	683
audit/fresh_repro_v3_other4/runs/RF00174__4GXY_A__6VMY_A/attempt1/logs/RF00174__4GXY_A__6VMY_A__a1__forward__rep2.stderr	scripts/fresh_repro.py --pairs (4 pairs)	fresh downloads (metadata/sources_manifest.tsv URLs)	e3b0c44298fc1c149afbf4c8996fb92427ae41e4649b934ca495991b7852b855	0
audit/fresh_repro_v3_other4/runs/RF00174__4GXY_A__6VMY_A/attempt1/logs/RF00174__4GXY_A__6VMY_A__a1__forward__rep2.stdout	scripts/fresh_repro.py --pairs (4 pairs)	fresh downloads (metadata/sources_manifest.tsv URLs)	e3b0c44298fc1c149afbf4c8996fb92427ae41e4649b934ca495991b7852b855	0
audit/fresh_repro_v3_other4/runs/RF00174__4GXY_A__6VMY_A/attempt1/logs/RF00174__4GXY_A__6VMY_A__a1__forward__rep3.stderr	scripts/fresh_repro.py --pairs (4 pairs)	fresh downloads (metadata/sources_manifest.tsv URLs)	e3b0c44298fc1c149afbf4c8996fb92427ae41e4649b934ca495991b7852b855	0
audit/fresh_repro_v3_other4/runs/RF00174__4GXY_A__6VMY_A/attempt1/logs/RF00174__4GXY_A__6VMY_A__a1__forward__rep3.stdout	scripts/fresh_repro.py --pairs (4 pairs)	fresh downloads (metadata/sources_manifest.tsv URLs)	e3b0c44298fc1c149afbf4c8996fb92427ae41e4649b934ca495991b7852b855	0
audit/fresh_repro_v3_other4/runs/RF00174__4GXY_A__6VMY_A/attempt1/logs/RF00174__4GXY_A__6VMY_A__a1__reverse__rep1.stderr	scripts/fresh_repro.py --pairs (4 pairs)	fresh downloads (metadata/sources_manifest.tsv URLs)	e3b0c44298fc1c149afbf4c8996fb92427ae41e4649b934ca495991b7852b855	0
audit/fresh_repro_v3_other4/runs/RF00174__4GXY_A__6VMY_A/attempt1/logs/RF00174__4GXY_A__6VMY_A__a1__reverse__rep1.stdout	scripts/fresh_repro.py --pairs (4 pairs)	fresh downloads (metadata/sources_manifest.tsv URLs)	e3b0c44298fc1c149afbf4c8996fb92427ae41e4649b934ca495991b7852b855	0
audit/fresh_repro_v3_other4/runs/RF00174__4GXY_A__6VMY_A/attempt1/logs/RF00174__4GXY_A__6VMY_A__a1__reverse__rep2.stderr	scripts/fresh_repro.py --pairs (4 pairs)	fresh downloads (metadata/sources_manifest.tsv URLs)	e3b0c44298fc1c149afbf4c8996fb92427ae41e4649b934ca495991b7852b855	0
audit/fresh_repro_v3_other4/runs/RF00174__4GXY_A__6VMY_A/attempt1/logs/RF00174__4GXY_A__6VMY_A__a1__reverse__rep2.stdout	scripts/fresh_repro.py --pairs (4 pairs)	fresh downloads (metadata/sources_manifest.tsv URLs)	e3b0c44298fc1c149afbf4c8996fb92427ae41e4649b934ca495991b7852b855	0
audit/fresh_repro_v3_other4/runs/RF00174__4GXY_A__6VMY_A/attempt1/logs/RF00174__4GXY_A__6VMY_A__a1__reverse__rep3.stderr	scripts/fresh_repro.py --pairs (4 pairs)	fresh downloads (metadata/sources_manifest.tsv URLs)	e3b0c44298fc1c149afbf4c8996fb92427ae41e4649b934ca495991b7852b855	0
audit/fresh_repro_v3_other4/runs/RF00174__4GXY_A__6VMY_A/attempt1/logs/RF00174__4GXY_A__6VMY_A__a1__reverse__rep3.stdout	scripts/fresh_repro.py --pairs (4 pairs)	fresh downloads (metadata/sources_manifest.tsv URLs)	e3b0c44298fc1c149afbf4c8996fb92427ae41e4649b934ca495991b7852b855	0
audit/fresh_repro_v3_other4/runs/RF00174__4GXY_A__6VMY_A/attempt1/logs/mount_check.stderr	scripts/fresh_repro.py --pairs (4 pairs)	fresh downloads (metadata/sources_manifest.tsv URLs)	e3b0c44298fc1c149afbf4c8996fb92427ae41e4649b934ca495991b7852b855	0
audit/fresh_repro_v3_other4/runs/RF00174__4GXY_A__6VMY_A/attempt1/logs/mount_check.stdout	scripts/fresh_repro.py --pairs (4 pairs)	fresh downloads (metadata/sources_manifest.tsv URLs)	6e8fb331f5304d936af16402db76410d5623cdad0e50a925a37d1d8a1b2edf05	162
audit/fresh_repro_v3_other4/runs/RF00174__4GXY_A__6VMY_A/attempt1/logs/post_check_4gxya.stderr	scripts/fresh_repro.py --pairs (4 pairs)	fresh downloads (metadata/sources_manifest.tsv URLs)	e3b0c44298fc1c149afbf4c8996fb92427ae41e4649b934ca495991b7852b855	0
audit/fresh_repro_v3_other4/runs/RF00174__4GXY_A__6VMY_A/attempt1/logs/post_check_4gxya.stdout	scripts/fresh_repro.py --pairs (4 pairs)	fresh downloads (metadata/sources_manifest.tsv URLs)	57cbd10646014eb0545b29033088aafbdb92c747d69befe24b7cde43280aabac	100
audit/fresh_repro_v3_other4/runs/RF00174__4GXY_A__6VMY_A/attempt1/logs/post_check_6vmya.stderr	scripts/fresh_repro.py --pairs (4 pairs)	fresh downloads (metadata/sources_manifest.tsv URLs)	e3b0c44298fc1c149afbf4c8996fb92427ae41e4649b934ca495991b7852b855	0
audit/fresh_repro_v3_other4/runs/RF00174__4GXY_A__6VMY_A/attempt1/logs/post_check_6vmya.stdout	scripts/fresh_repro.py --pairs (4 pairs)	fresh downloads (metadata/sources_manifest.tsv URLs)	5725377ddfdc5c2a1e802c9c5fe7bc95e3dd0477207cbbad46c8f7d22c60426c	100
audit/fresh_repro_v3_other4/runs/RF00174__4GXY_A__6VMY_A/attempt1/logs/preprocess_4gxya.stderr	scripts/fresh_repro.py --pairs (4 pairs)	fresh downloads (metadata/sources_manifest.tsv URLs)	e3b0c44298fc1c149afbf4c8996fb92427ae41e4649b934ca495991b7852b855	0
audit/fresh_repro_v3_other4/runs/RF00174__4GXY_A__6VMY_A/attempt1/logs/preprocess_4gxya.stdout	scripts/fresh_repro.py --pairs (4 pairs)	fresh downloads (metadata/sources_manifest.tsv URLs)	9b96e0fc9d2f42daf95e7c769a13e749603b92cd512d7ac2e1fe609937eed358	77
audit/fresh_repro_v3_other4/runs/RF00174__4GXY_A__6VMY_A/attempt1/logs/preprocess_6vmya.stderr	scripts/fresh_repro.py --pairs (4 pairs)	fresh downloads (metadata/sources_manifest.tsv URLs)	e3b0c44298fc1c149afbf4c8996fb92427ae41e4649b934ca495991b7852b855	0
audit/fresh_repro_v3_other4/runs/RF00174__4GXY_A__6VMY_A/attempt1/logs/preprocess_6vmya.stdout	scripts/fresh_repro.py --pairs (4 pairs)	fresh downloads (metadata/sources_manifest.tsv URLs)	6a2ec47e9fc92687fbccd61fbe17120579f719c60c00caae73d044328effc90a	77
audit/fresh_repro_v3_other4/runs/RF00442__5U3G_B__7MLW_F/attempt1/STAR3D_source/PDB/5u3gb.pdb	scripts/fresh_repro.py --pairs (4 pairs)	fresh downloads (metadata/sources_manifest.tsv URLs)	d6852025a1f783b9cbb8889a60e29939dc5fbe62a600ba31500c50d13bc8298d	225261
audit/fresh_repro_v3_other4/runs/RF00442__5U3G_B__7MLW_F/attempt1/STAR3D_source/PDB/7mlwf.pdb	scripts/fresh_repro.py --pairs (4 pairs)	fresh downloads (metadata/sources_manifest.tsv URLs)	c8ff0fea2c1cd8d4f2ecbe18fe7b05341cfb2e209a767f1ab61d25f4152706c3	434322
audit/fresh_repro_v3_other4/runs/RF00442__5U3G_B__7MLW_F/attempt1/STAR3D_source/README	scripts/fresh_repro.py --pairs (4 pairs)	fresh downloads (metadata/sources_manifest.tsv URLs)	354f5334f79b19d3b776e1482b6b8f1568e6323eebf3c5dba464c9d6c957fe0c	3014
audit/fresh_repro_v3_other4/runs/RF00442__5U3G_B__7MLW_F/attempt1/STAR3D_source/STAR3D.jar	scripts/fresh_repro.py --pairs (4 pairs)	fresh downloads (metadata/sources_manifest.tsv URLs)	e03ff7bcd7a6b88e91af049cf1ca591ec39fb3d06a796466fb1291f038a58618	409857
audit/fresh_repro_v3_other4/runs/RF00442__5U3G_B__7MLW_F/attempt1/STAR3D_source/STAR3D_struct_info/5u3gb.mca	scripts/fresh_repro.py --pairs (4 pairs)	fresh downloads (metadata/sources_manifest.tsv URLs)	52c460638cc1a273cfe3df89884216382ae772608f2a534e4481321c041335a5	6383
audit/fresh_repro_v3_other4/runs/RF00442__5U3G_B__7MLW_F/attempt1/STAR3D_source/STAR3D_struct_info/5u3gb_B.ct	scripts/fresh_repro.py --pairs (4 pairs)	fresh downloads (metadata/sources_manifest.tsv URLs)	6f841ae67483d5afd78fda967e8555a695a6359e0848684e0edf913a5dd5b8e1	1379
audit/fresh_repro_v3_other4/runs/RF00442__5U3G_B__7MLW_F/attempt1/STAR3D_source/STAR3D_struct_info/5u3gb_B.npk.ct	scripts/fresh_repro.py --pairs (4 pairs)	fresh downloads (metadata/sources_manifest.tsv URLs)	4191154f11fd5dbee4d85d77b52e38b96f7c7302baf4c9d382d117d6e4d4d779	2665
audit/fresh_repro_v3_other4/runs/RF00442__5U3G_B__7MLW_F/attempt1/STAR3D_source/STAR3D_struct_info/7mlwf.mca	scripts/fresh_repro.py --pairs (4 pairs)	fresh downloads (metadata/sources_manifest.tsv URLs)	f19fcbe73094c37c56986cd047f96f5881307baba298778a074e251730f3d2e3	9355
audit/fresh_repro_v3_other4/runs/RF00442__5U3G_B__7MLW_F/attempt1/STAR3D_source/STAR3D_struct_info/7mlwf_F.ct	scripts/fresh_repro.py --pairs (4 pairs)	fresh downloads (metadata/sources_manifest.tsv URLs)	3070acb40131c8412d55a25436223473fc87789ed4ba3f55f523fde063446816	2156
audit/fresh_repro_v3_other4/runs/RF00442__5U3G_B__7MLW_F/attempt1/STAR3D_source/STAR3D_struct_info/7mlwf_F.npk.ct	scripts/fresh_repro.py --pairs (4 pairs)	fresh downloads (metadata/sources_manifest.tsv URLs)	9bbeed5ced31eaebd66669334a03d11f8d9d9830e0199b1db4841d6757220c98	3906
audit/fresh_repro_v3_other4/runs/RF00442__5U3G_B__7MLW_F/attempt1/STAR3D_source/ShowAln.py	scripts/fresh_repro.py --pairs (4 pairs)	fresh downloads (metadata/sources_manifest.tsv URLs)	fa41aa068ba159a6a3c54c7fd77565fcd4e3e31f3de8acd22fae9da852289c71	1507
audit/fresh_repro_v3_other4/runs/RF00442__5U3G_B__7MLW_F/attempt1/STAR3D_source/build.xml	scripts/fresh_repro.py --pairs (4 pairs)	fresh downloads (metadata/sources_manifest.tsv URLs)	3e4e798691640a76a38f94f65c3dd68581169c9afdbd75439e1706056f70d5f3	1115
audit/fresh_repro_v3_other4/runs/RF00442__5U3G_B__7MLW_F/attempt1/STAR3D_source/class/Atom.class	scripts/fresh_repro.py --pairs (4 pairs)	fresh downloads (metadata/sources_manifest.tsv URLs)	a6d429deabafb3ac5130de98d410a7dad5cef25747420c7cc66f1578ee06be7c	719
audit/fresh_repro_v3_other4/runs/RF00442__5U3G_B__7MLW_F/attempt1/STAR3D_source/class/FindCompatibleSM.class	scripts/fresh_repro.py --pairs (4 pairs)	fresh downloads (metadata/sources_manifest.tsv URLs)	fa4f8cdc60e89440c423e50761660afdb84c39945cf8972eaa9d1a5ef583513b	2925
audit/fresh_repro_v3_other4/runs/RF00442__5U3G_B__7MLW_F/attempt1/STAR3D_source/class/FindStackmap.class	scripts/fresh_repro.py --pairs (4 pairs)	fresh downloads (metadata/sources_manifest.tsv URLs)	07b867cc920de80828c274f2c4a4ed75dc04b649ffd689d32901156d84d3f12c	3579
audit/fresh_repro_v3_other4/runs/RF00442__5U3G_B__7MLW_F/attempt1/STAR3D_source/class/Geom.class	scripts/fresh_repro.py --pairs (4 pairs)	fresh downloads (metadata/sources_manifest.tsv URLs)	6dc6ae40b7f398fe9d5e2bc8b8ec161b0e0ccd42e20d09505f375d5b70845e20	3455
audit/fresh_repro_v3_other4/runs/RF00442__5U3G_B__7MLW_F/attempt1/STAR3D_source/class/Lib.class	scripts/fresh_repro.py --pairs (4 pairs)	fresh downloads (metadata/sources_manifest.tsv URLs)	d6eca1ff8b7667e3f95f7e59451109f41f395f401c086a972cc2594d181d0e51	4148
audit/fresh_repro_v3_other4/runs/RF00442__5U3G_B__7MLW_F/attempt1/STAR3D_source/class/LoopAlign.class	scripts/fresh_repro.py --pairs (4 pairs)	fresh downloads (metadata/sources_manifest.tsv URLs)	f24a80c8132706e98041afe75b869d90f5d700c6cccedcb2e0bc93d959b93eb9	7039
audit/fresh_repro_v3_other4/runs/RF00442__5U3G_B__7MLW_F/attempt1/STAR3D_source/class/MCA.class	scripts/fresh_repro.py --pairs (4 pairs)	fresh downloads (metadata/sources_manifest.tsv URLs)	2f0b501da5cda7fa08bd9dbb2f404a69b5fa35214bb57f612ba8ccbd18b78835	2678
audit/fresh_repro_v3_other4/runs/RF00442__5U3G_B__7MLW_F/attempt1/STAR3D_source/class/PDB.class	scripts/fresh_repro.py --pairs (4 pairs)	fresh downloads (metadata/sources_manifest.tsv URLs)	ebf4c42bd1cfcd2180a37621e442d0d0174b705249a68a36384376756046e5fd	3858
audit/fresh_repro_v3_other4/runs/RF00442__5U3G_B__7MLW_F/attempt1/STAR3D_source/class/Pair.class	scripts/fresh_repro.py --pairs (4 pairs)	fresh downloads (metadata/sources_manifest.tsv URLs)	cbdc4c6c0537eddc3b8a05d9319851cd0086aea5c3b3f6221b6a115124a0e775	1077
audit/fresh_repro_v3_other4/runs/RF00442__5U3G_B__7MLW_F/attempt1/STAR3D_source/class/Point.class	scripts/fresh_repro.py --pairs (4 pairs)	fresh downloads (metadata/sources_manifest.tsv URLs)	91ae6fba7c95e86b71dd01b002eb0510b71170244db5e122c072510afd3bba07	989
audit/fresh_repro_v3_other4/runs/RF00442__5U3G_B__7MLW_F/attempt1/STAR3D_source/class/Preprocess.class	scripts/fresh_repro.py --pairs (4 pairs)	fresh downloads (metadata/sources_manifest.tsv URLs)	e7d3cc1a152304f95c3b38e1589a6e2d2b362674d5c1d773fa37a9ebd9b37c98	5646
audit/fresh_repro_v3_other4/runs/RF00442__5U3G_B__7MLW_F/attempt1/STAR3D_source/class/ResID.class	scripts/fresh_repro.py --pairs (4 pairs)	fresh downloads (metadata/sources_manifest.tsv URLs)	583785217def13f6a767414d3771759cc9238a69abcdf2f7ee621a86da5c3a44	1535
audit/fresh_repro_v3_other4/runs/RF00442__5U3G_B__7MLW_F/attempt1/STAR3D_source/class/Residue.class	scripts/fresh_repro.py --pairs (4 pairs)	fresh downloads (metadata/sources_manifest.tsv URLs)	be65f6d4ff1d5dd0c2a035ca518b8a84f65dba5db0df9c8ccc839ee62a4c10e6	484
audit/fresh_repro_v3_other4/runs/RF00442__5U3G_B__7MLW_F/attempt1/STAR3D_source/class/STAR3D.class	scripts/fresh_repro.py --pairs (4 pairs)	fresh downloads (metadata/sources_manifest.tsv URLs)	6021789692b03f8a2344b19434ffcec5cc04791c66b4baced022cd8415266630	15771
audit/fresh_repro_v3_other4/runs/RF00442__5U3G_B__7MLW_F/attempt1/STAR3D_source/class/Snode.class	scripts/fresh_repro.py --pairs (4 pairs)	fresh downloads (metadata/sources_manifest.tsv URLs)	3698829ebf912b0dedc51d365b05f7d4203b09b19268720500cc13dd375cd165	2658
audit/fresh_repro_v3_other4/runs/RF00442__5U3G_B__7MLW_F/attempt1/STAR3D_source/class/Stackmap.class	scripts/fresh_repro.py --pairs (4 pairs)	fresh downloads (metadata/sources_manifest.tsv URLs)	558dbc61405e02efab1ad2029e129047fcd80ed60e796675a3b53e35f68915be	1012
audit/fresh_repro_v3_other4/runs/RF00442__5U3G_B__7MLW_F/attempt1/STAR3D_source/lib/EJML-core-0.26.jar	scripts/fresh_repro.py --pairs (4 pairs)	fresh downloads (metadata/sources_manifest.tsv URLs)	ee7840eb553b850bdb32ed5be6194936f02f2cb2c9b915e4996312ec4a812588	341614
audit/fresh_repro_v3_other4/runs/RF00442__5U3G_B__7MLW_F/attempt1/STAR3D_source/lib/commons-cli-1.2.jar	scripts/fresh_repro.py --pairs (4 pairs)	fresh downloads (metadata/sources_manifest.tsv URLs)	e7cd8951956d349b568b7ccfd4f5b2529a8c113e67c32b028f52ffda371259d9	41123
audit/fresh_repro_v3_other4/runs/RF00442__5U3G_B__7MLW_F/attempt1/STAR3D_source/out/RF00442__5U3G_B__7MLW_F__a1__forward__rep1.aln	scripts/fresh_repro.py --pairs (4 pairs)	fresh downloads (metadata/sources_manifest.tsv URLs)	2a107bc101d1e6e651554ee237969d0fd3c1cec2683eaef4dc8cc13fb6334e6c	1283
audit/fresh_repro_v3_other4/runs/RF00442__5U3G_B__7MLW_F/attempt1/STAR3D_source/out/RF00442__5U3G_B__7MLW_F__a1__forward__rep1.aln.pdb	scripts/fresh_repro.py --pairs (4 pairs)	fresh downloads (metadata/sources_manifest.tsv URLs)	83ab637520bc6bad068979c6d79964da12a94d0819ea84aa6cc0e623be1f0e13	365797
audit/fresh_repro_v3_other4/runs/RF00442__5U3G_B__7MLW_F/attempt1/STAR3D_source/out/RF00442__5U3G_B__7MLW_F__a1__forward__rep2.aln	scripts/fresh_repro.py --pairs (4 pairs)	fresh downloads (metadata/sources_manifest.tsv URLs)	30e91405a059c078e1930842ac945c0493fa7157874baa88ca64f337d8ce5125	1283
audit/fresh_repro_v3_other4/runs/RF00442__5U3G_B__7MLW_F/attempt1/STAR3D_source/out/RF00442__5U3G_B__7MLW_F__a1__forward__rep2.aln.pdb	scripts/fresh_repro.py --pairs (4 pairs)	fresh downloads (metadata/sources_manifest.tsv URLs)	83ab637520bc6bad068979c6d79964da12a94d0819ea84aa6cc0e623be1f0e13	365797
audit/fresh_repro_v3_other4/runs/RF00442__5U3G_B__7MLW_F/attempt1/STAR3D_source/out/RF00442__5U3G_B__7MLW_F__a1__forward__rep3.aln	scripts/fresh_repro.py --pairs (4 pairs)	fresh downloads (metadata/sources_manifest.tsv URLs)	361f6ce86f95d1f04f3b07330590f4849db0b4ea1e6b4f13f6dced251bd584f6	1283
audit/fresh_repro_v3_other4/runs/RF00442__5U3G_B__7MLW_F/attempt1/STAR3D_source/out/RF00442__5U3G_B__7MLW_F__a1__forward__rep3.aln.pdb	scripts/fresh_repro.py --pairs (4 pairs)	fresh downloads (metadata/sources_manifest.tsv URLs)	83ab637520bc6bad068979c6d79964da12a94d0819ea84aa6cc0e623be1f0e13	365797
audit/fresh_repro_v3_other4/runs/RF00442__5U3G_B__7MLW_F/attempt1/STAR3D_source/out/RF00442__5U3G_B__7MLW_F__a1__reverse__rep1.aln	scripts/fresh_repro.py --pairs (4 pairs)	fresh downloads (metadata/sources_manifest.tsv URLs)	b83cba705511db2540ec637003ff2b4020f51206083f47734e0ad73c8d82a034	1283
audit/fresh_repro_v3_other4/runs/RF00442__5U3G_B__7MLW_F/attempt1/STAR3D_source/out/RF00442__5U3G_B__7MLW_F__a1__reverse__rep1.aln.pdb	scripts/fresh_repro.py --pairs (4 pairs)	fresh downloads (metadata/sources_manifest.tsv URLs)	dc6b03e7ad1b88acfecd3a4841b736baa96821904c09557996bf7a5f857cb270	365797
audit/fresh_repro_v3_other4/runs/RF00442__5U3G_B__7MLW_F/attempt1/STAR3D_source/out/RF00442__5U3G_B__7MLW_F__a1__reverse__rep2.aln	scripts/fresh_repro.py --pairs (4 pairs)	fresh downloads (metadata/sources_manifest.tsv URLs)	0d98d8ea3110f48974b6ad3aed8368e85123704144843a16e07516c1cc9ee72d	1283
audit/fresh_repro_v3_other4/runs/RF00442__5U3G_B__7MLW_F/attempt1/STAR3D_source/out/RF00442__5U3G_B__7MLW_F__a1__reverse__rep2.aln.pdb	scripts/fresh_repro.py --pairs (4 pairs)	fresh downloads (metadata/sources_manifest.tsv URLs)	dc6b03e7ad1b88acfecd3a4841b736baa96821904c09557996bf7a5f857cb270	365797
audit/fresh_repro_v3_other4/runs/RF00442__5U3G_B__7MLW_F/attempt1/STAR3D_source/out/RF00442__5U3G_B__7MLW_F__a1__reverse__rep3.aln	scripts/fresh_repro.py --pairs (4 pairs)	fresh downloads (metadata/sources_manifest.tsv URLs)	d1017d1a9723d6b4e08081796e04826fdf955f877f9320571198ebfb4af5e9bf	1283
audit/fresh_repro_v3_other4/runs/RF00442__5U3G_B__7MLW_F/attempt1/STAR3D_source/out/RF00442__5U3G_B__7MLW_F__a1__reverse__rep3.aln.pdb	scripts/fresh_repro.py --pairs (4 pairs)	fresh downloads (metadata/sources_manifest.tsv URLs)	dc6b03e7ad1b88acfecd3a4841b736baa96821904c09557996bf7a5f857cb270	365797
audit/fresh_repro_v3_other4/runs/RF00442__5U3G_B__7MLW_F/attempt1/STAR3D_source/src/Atom.java	scripts/fresh_repro.py --pairs (4 pairs)	fresh downloads (metadata/sources_manifest.tsv URLs)	24fedd69dd161f02c105f470cc991e64df835b04de40dc37ab41f30e48022e1f	294
audit/fresh_repro_v3_other4/runs/RF00442__5U3G_B__7MLW_F/attempt1/STAR3D_source/src/FindCompatibleSM.java	scripts/fresh_repro.py --pairs (4 pairs)	fresh downloads (metadata/sources_manifest.tsv URLs)	79424a8dd223b48e93b4ac98cd85cb36d93ceef707653fd8a0cf71c25035014e	2710
audit/fresh_repro_v3_other4/runs/RF00442__5U3G_B__7MLW_F/attempt1/STAR3D_source/src/FindStackmap.java	scripts/fresh_repro.py --pairs (4 pairs)	fresh downloads (metadata/sources_manifest.tsv URLs)	43dfad600225a02d75b892326be145b7b5ffb3ab74138896834fc420831b1a3e	3948
audit/fresh_repro_v3_other4/runs/RF00442__5U3G_B__7MLW_F/attempt1/STAR3D_source/src/Geom.java	scripts/fresh_repro.py --pairs (4 pairs)	fresh downloads (metadata/sources_manifest.tsv URLs)	d9d8bffc6d2e8c2d5a8c14b2b55243b9821ce5abc159ad9849415d68acb22259	3664
audit/fresh_repro_v3_other4/runs/RF00442__5U3G_B__7MLW_F/attempt1/STAR3D_source/src/Lib.java	scripts/fresh_repro.py --pairs (4 pairs)	fresh downloads (metadata/sources_manifest.tsv URLs)	55f4d9691c1758952cdd4c4405d20b5e5ac0af930d7d56a8cbfc10b079b020f3	3014
audit/fresh_repro_v3_other4/runs/RF00442__5U3G_B__7MLW_F/attempt1/STAR3D_source/src/LoopAlign.java	scripts/fresh_repro.py --pairs (4 pairs)	fresh downloads (metadata/sources_manifest.tsv URLs)	b6994c9700b99af22a08b5fe19d3cc8dd10cf1310673184570b3e0d2b9a45c1f	7782
audit/fresh_repro_v3_other4/runs/RF00442__5U3G_B__7MLW_F/attempt1/STAR3D_source/src/MCA.java	scripts/fresh_repro.py --pairs (4 pairs)	fresh downloads (metadata/sources_manifest.tsv URLs)	0595f0832749ae30ff111ce74660cfd89b8219fa3764eede43bd1f7c45c4fdcf	2248
audit/fresh_repro_v3_other4/runs/RF00442__5U3G_B__7MLW_F/attempt1/STAR3D_source/src/PDB.java	scripts/fresh_repro.py --pairs (4 pairs)	fresh downloads (metadata/sources_manifest.tsv URLs)	ce1d127814806ff6e9ece3486bfb88aecd14495c6de46c5f2288f657a1822de8	3679
audit/fresh_repro_v3_other4/runs/RF00442__5U3G_B__7MLW_F/attempt1/STAR3D_source/src/Pair.java	scripts/fresh_repro.py --pairs (4 pairs)	fresh downloads (metadata/sources_manifest.tsv URLs)	0797761c2ce8737523db29954f73db9e0104abde0cc761f772cf49c2e4a23b7d	541
audit/fresh_repro_v3_other4/runs/RF00442__5U3G_B__7MLW_F/attempt1/STAR3D_source/src/Point.java	scripts/fresh_repro.py --pairs (4 pairs)	fresh downloads (metadata/sources_manifest.tsv URLs)	7171379a41d7f91ce429d1e5133ff46d35c2942651a76b1fdddc8290dd060995	644
audit/fresh_repro_v3_other4/runs/RF00442__5U3G_B__7MLW_F/attempt1/STAR3D_source/src/Preprocess.java	scripts/fresh_repro.py --pairs (4 pairs)	fresh downloads (metadata/sources_manifest.tsv URLs)	b71477934783f8e0eee6a4bce5257a4f16b814cba751f17aeea60f46ba196393	4242
audit/fresh_repro_v3_other4/runs/RF00442__5U3G_B__7MLW_F/attempt1/STAR3D_source/src/ResID.java	scripts/fresh_repro.py --pairs (4 pairs)	fresh downloads (metadata/sources_manifest.tsv URLs)	584cf950b43595b5c903a3993d19f3bf960eb0d13f7fdab9cad3f68f1caeb66c	1287
audit/fresh_repro_v3_other4/runs/RF00442__5U3G_B__7MLW_F/attempt1/STAR3D_source/src/Residue.java	scripts/fresh_repro.py --pairs (4 pairs)	fresh downloads (metadata/sources_manifest.tsv URLs)	426509763837fef6b0daa0c21763d5a403fce89099a98d6eaa5d8831894e7bc3	216
audit/fresh_repro_v3_other4/runs/RF00442__5U3G_B__7MLW_F/attempt1/STAR3D_source/src/STAR3D.java	scripts/fresh_repro.py --pairs (4 pairs)	fresh downloads (metadata/sources_manifest.tsv URLs)	30deeb38e262103b0acbb8b62b2200a19a1756dfe9dbd02cdf62f619c13ba934	17013
audit/fresh_repro_v3_other4/runs/RF00442__5U3G_B__7MLW_F/attempt1/STAR3D_source/src/Snode.java	scripts/fresh_repro.py --pairs (4 pairs)	fresh downloads (metadata/sources_manifest.tsv URLs)	e60219ce633f6f9b4b24c508b8556244b88467ae813b4efb6024e3c5696f088d	1566
audit/fresh_repro_v3_other4/runs/RF00442__5U3G_B__7MLW_F/attempt1/STAR3D_source/src/Stackmap.java	scripts/fresh_repro.py --pairs (4 pairs)	fresh downloads (metadata/sources_manifest.tsv URLs)	92c4904e22374df91aa308e99cf85e8add0a9c325ead61364a6b613aa1f3f88a	511
audit/fresh_repro_v3_other4/runs/RF00442__5U3G_B__7MLW_F/attempt1/STAR3D_source/tools/MC-Annotate	scripts/fresh_repro.py --pairs (4 pairs)	fresh downloads (metadata/sources_manifest.tsv URLs)	285b89a65916133ae49c56db440dfbe38227fc648805cc759d8e37be418b0139	14206375
audit/fresh_repro_v3_other4/runs/RF00442__5U3G_B__7MLW_F/attempt1/STAR3D_source/tools/RemovePseudoknots	scripts/fresh_repro.py --pairs (4 pairs)	fresh downloads (metadata/sources_manifest.tsv URLs)	0ca3afc1ec2bc9935ec273bf86cf03346efda4a50da33c90682db353e2c0f316	876937
audit/fresh_repro_v3_other4/runs/RF00442__5U3G_B__7MLW_F/attempt1/STAR3D_source/tools/data_tables/average_ensemble_defect.model	scripts/fresh_repro.py --pairs (4 pairs)	fresh downloads (metadata/sources_manifest.tsv URLs)	2ec2cc3ad70ffacf9b1b5109355b113af503f97b1908b596bcee6fb75ff90971	152499
audit/fresh_repro_v3_other4/runs/RF00442__5U3G_B__7MLW_F/attempt1/STAR3D_source/tools/data_tables/coaxial.dat	scripts/fresh_repro.py --pairs (4 pairs)	fresh downloads (metadata/sources_manifest.tsv URLs)	912c75fcdc50e7c5fb5fc9949781303a069124d28dcfee8c48e84f502d7f8347	4136
audit/fresh_repro_v3_other4/runs/RF00442__5U3G_B__7MLW_F/attempt1/STAR3D_source/tools/data_tables/coaxial.dh	scripts/fresh_repro.py --pairs (4 pairs)	fresh downloads (metadata/sources_manifest.tsv URLs)	7bfcdfcac49c30fc5bd9b6b6a413172e666de6d185e39ed9b15a50000f81026a	4159
audit/fresh_repro_v3_other4/runs/RF00442__5U3G_B__7MLW_F/attempt1/STAR3D_source/tools/data_tables/coaxstack.dat	scripts/fresh_repro.py --pairs (4 pairs)	fresh downloads (metadata/sources_manifest.tsv URLs)	4524e1c6be68046367c57efe9082e0ed51e297a18107e99914192c9fb6fa65db	4130
audit/fresh_repro_v3_other4/runs/RF00442__5U3G_B__7MLW_F/attempt1/STAR3D_source/tools/data_tables/coaxstack.dh	scripts/fresh_repro.py --pairs (4 pairs)	fresh downloads (metadata/sources_manifest.tsv URLs)	e6ccb6217953541437a6b32de9800617b1bdfbfff966b23d3a0d6ed4528ee86c	4132
audit/fresh_repro_v3_other4/runs/RF00442__5U3G_B__7MLW_F/attempt1/STAR3D_source/tools/data_tables/dangle.dat	scripts/fresh_repro.py --pairs (4 pairs)	fresh downloads (metadata/sources_manifest.tsv URLs)	68010bac4a3b41c21c1883ceb248b555106f185eec8fd87f107fcd48d8b24b6b	5395
audit/fresh_repro_v3_other4/runs/RF00442__5U3G_B__7MLW_F/attempt1/STAR3D_source/tools/data_tables/dangle.dh	scripts/fresh_repro.py --pairs (4 pairs)	fresh downloads (metadata/sources_manifest.tsv URLs)	45c13098da6a73e6864cd82235c6e5ad267446d2347b14ce1edb241a5c61447a	5381
audit/fresh_repro_v3_other4/runs/RF00442__5U3G_B__7MLW_F/attempt1/STAR3D_source/tools/data_tables/data_assemble_training_Multifind_predict_ensemble_z_final_svmformat.model	scripts/fresh_repro.py --pairs (4 pairs)	fresh downloads (metadata/sources_manifest.tsv URLs)	2c96bef2e1b92cc827c562b05d9624bd0bc3674b42e1c82a40e9a594d3dfd842	281627
audit/fresh_repro_v3_other4/runs/RF00442__5U3G_B__7MLW_F/attempt1/STAR3D_source/tools/data_tables/description.txt	scripts/fresh_repro.py --pairs (4 pairs)	fresh downloads (metadata/sources_manifest.tsv URLs)	7ef1730a63fc788d0189c9ab5f842df5611c94219237755a56ae875028ca3902	3506
audit/fresh_repro_v3_other4/runs/RF00442__5U3G_B__7MLW_F/attempt1/STAR3D_source/tools/data_tables/design.DNA.Helices.dat	scripts/fresh_repro.py --pairs (4 pairs)	fresh downloads (metadata/sources_manifest.tsv URLs)	d570e947706f93ed72e0630e1f2b1c168d6fbf2a3897dd5cb58008dd0f9ac97e	41352
audit/fresh_repro_v3_other4/runs/RF00442__5U3G_B__7MLW_F/attempt1/STAR3D_source/tools/data_tables/design.DNA.Loops.dat	scripts/fresh_repro.py --pairs (4 pairs)	fresh downloads (metadata/sources_manifest.tsv URLs)	5466f5d1e98d2d964b6b103a21a12227fee2fa2eb3139bf38002f29b57379186	19446
audit/fresh_repro_v3_other4/runs/RF00442__5U3G_B__7MLW_F/attempt1/STAR3D_source/tools/data_tables/design.RNA.Helices.dat	scripts/fresh_repro.py --pairs (4 pairs)	fresh downloads (metadata/sources_manifest.tsv URLs)	4e1a1334aecfa1ea13bb1236daa30035cb0961c085e87cced432c5addd83b895	40310
audit/fresh_repro_v3_other4/runs/RF00442__5U3G_B__7MLW_F/attempt1/STAR3D_source/tools/data_tables/design.RNA.Loops.dat	scripts/fresh_repro.py --pairs (4 pairs)	fresh downloads (metadata/sources_manifest.tsv URLs)	7f6912c48fd8a22888ad7606ce7ffc5eea391ce4ebad674bdd3b8c4869c6a8dd	20189
audit/fresh_repro_v3_other4/runs/RF00442__5U3G_B__7MLW_F/attempt1/STAR3D_source/tools/data_tables/dists/CMCTdist.txt	scripts/fresh_repro.py --pairs (4 pairs)	fresh downloads (metadata/sources_manifest.tsv URLs)	aca9b8070c45e2d9de7a341ec1a9c80d301c4b885dea5f92171f4ae3d1be98bf	193
audit/fresh_repro_v3_other4/runs/RF00442__5U3G_B__7MLW_F/attempt1/STAR3D_source/tools/data_tables/dists/DMSdist.txt	scripts/fresh_repro.py --pairs (4 pairs)	fresh downloads (metadata/sources_manifest.tsv URLs)	ace94d49bba6f44f8f88117b68ac42c4a77d071979c1b5fa5b5623195a6f9950	193
audit/fresh_repro_v3_other4/runs/RF00442__5U3G_B__7MLW_F/attempt1/STAR3D_source/tools/data_tables/dists/SHAPEdist.txt	scripts/fresh_repro.py --pairs (4 pairs)	fresh downloads (metadata/sources_manifest.tsv URLs)	14fc961a80b62455cbc1c0f248e3393a6ea23b83fe7a6d2bcd5623335c0ebdb3	194
audit/fresh_repro_v3_other4/runs/RF00442__5U3G_B__7MLW_F/attempt1/STAR3D_source/tools/data_tables/dnacoaxial.dat	scripts/fresh_repro.py --pairs (4 pairs)	fresh downloads (metadata/sources_manifest.tsv URLs)	36d55b869debc7998b8fef45d616af5b425c6c5a26bbdf8e5cdfb8ab50fb09b2	4131
audit/fresh_repro_v3_other4/runs/RF00442__5U3G_B__7MLW_F/attempt1/STAR3D_source/tools/data_tables/dnacoaxial.dh	scripts/fresh_repro.py --pairs (4 pairs)	fresh downloads (metadata/sources_manifest.tsv URLs)	d9f1f07209f0358828a6524d894553bb61657c2c977dc31cadc4bde8a61ae82b	4127
audit/fresh_repro_v3_other4/runs/RF00442__5U3G_B__7MLW_F/attempt1/STAR3D_source/tools/data_tables/dnacoaxstack.dat	scripts/fresh_repro.py --pairs (4 pairs)	fresh downloads (metadata/sources_manifest.tsv URLs)	dd48b5aeaf7e82d2542244069996d67109bc2fcfa2ae82fd50dca41be602e4c0	4110
audit/fresh_repro_v3_other4/runs/RF00442__5U3G_B__7MLW_F/attempt1/STAR3D_source/tools/data_tables/dnacoaxstack.dh	scripts/fresh_repro.py --pairs (4 pairs)	fresh downloads (metadata/sources_manifest.tsv URLs)	fb80b148fac09d8f0d3eba51fc514bb85d0ff01b2b3a9ab85c57f0d8866aa632	4040
audit/fresh_repro_v3_other4/runs/RF00442__5U3G_B__7MLW_F/attempt1/STAR3D_source/tools/data_tables/dnadangle.dat	scripts/fresh_repro.py --pairs (4 pairs)	fresh downloads (metadata/sources_manifest.tsv URLs)	538f8eef81595389f8897556cc0b157d976a9d9fdf38805e582b88eab50f0c26	5395
audit/fresh_repro_v3_other4/runs/RF00442__5U3G_B__7MLW_F/attempt1/STAR3D_source/tools/data_tables/dnadangle.dh	scripts/fresh_repro.py --pairs (4 pairs)	fresh downloads (metadata/sources_manifest.tsv URLs)	7e1ff89a63caea5683b0bf26eeba3ad4f719d09482d2b43616852e21ba13483c	5393
audit/fresh_repro_v3_other4/runs/RF00442__5U3G_B__7MLW_F/attempt1/STAR3D_source/tools/data_tables/dnadynalignmiscloop.dat	scripts/fresh_repro.py --pairs (4 pairs)	fresh downloads (metadata/sources_manifest.tsv URLs)	bb4b50a47cb716b13f4e2abd0dc611f1532af8b7a63530e08733e1785037d2db	826
audit/fresh_repro_v3_other4/runs/RF00442__5U3G_B__7MLW_F/attempt1/STAR3D_source/tools/data_tables/dnadynalignmiscloop.dh	scripts/fresh_repro.py --pairs (4 pairs)	fresh downloads (metadata/sources_manifest.tsv URLs)	af35416874b2da8cc5574f327862cf13053f89219c4dd326e585d29995455986	924
audit/fresh_repro_v3_other4/runs/RF00442__5U3G_B__7MLW_F/attempt1/STAR3D_source/tools/data_tables/dnahexaloop.dat	scripts/fresh_repro.py --pairs (4 pairs)	fresh downloads (metadata/sources_manifest.tsv URLs)	ee30c35eea18ec3bed9fc651cb9973a0dc1dfd63ac404369143218d34bd49e91	30
audit/fresh_repro_v3_other4/runs/RF00442__5U3G_B__7MLW_F/attempt1/STAR3D_source/tools/data_tables/dnahexaloop.dh	scripts/fresh_repro.py --pairs (4 pairs)	fresh downloads (metadata/sources_manifest.tsv URLs)	ee30c35eea18ec3bed9fc651cb9973a0dc1dfd63ac404369143218d34bd49e91	30
audit/fresh_repro_v3_other4/runs/RF00442__5U3G_B__7MLW_F/attempt1/STAR3D_source/tools/data_tables/dnaint11.dat	scripts/fresh_repro.py --pairs (4 pairs)	fresh downloads (metadata/sources_manifest.tsv URLs)	4766ab6e99cee11e53edbb1f46a7c2dc71ab5762f593ccf5f6b817aacb8481da	10352
audit/fresh_repro_v3_other4/runs/RF00442__5U3G_B__7MLW_F/attempt1/STAR3D_source/tools/data_tables/dnaint11.dh	scripts/fresh_repro.py --pairs (4 pairs)	fresh downloads (metadata/sources_manifest.tsv URLs)	f7b8bfca5516c71664bc76885085498636f0100fd279eb6411c8be7474f7ec4f	10409
audit/fresh_repro_v3_other4/runs/RF00442__5U3G_B__7MLW_F/attempt1/STAR3D_source/tools/data_tables/dnaint21.dat	scripts/fresh_repro.py --pairs (4 pairs)	fresh downloads (metadata/sources_manifest.tsv URLs)	9e7289ccab18129eb9803a8f9f53428f63d1f4cf8b7e94d4ec2b0da07452a2bc	39870
audit/fresh_repro_v3_other4/runs/RF00442__5U3G_B__7MLW_F/attempt1/STAR3D_source/tools/data_tables/dnaint21.dh	scripts/fresh_repro.py --pairs (4 pairs)	fresh downloads (metadata/sources_manifest.tsv URLs)	7e65979b7607922627c3deebfdcdacbfbfc300dc00ba3a040ea4f38b29ae7802	42016
audit/fresh_repro_v3_other4/runs/RF00442__5U3G_B__7MLW_F/attempt1/STAR3D_source/tools/data_tables/dnaint22.dat	scripts/fresh_repro.py --pairs (4 pairs)	fresh downloads (metadata/sources_manifest.tsv URLs)	03d6d9096269a51f3e3811866d8d731fa2866b3934763a5067ca9feda91010ce	68371
audit/fresh_repro_v3_other4/runs/RF00442__5U3G_B__7MLW_F/attempt1/STAR3D_source/tools/data_tables/dnaint22.dh	scripts/fresh_repro.py --pairs (4 pairs)	fresh downloads (metadata/sources_manifest.tsv URLs)	f8c19412fe7b22432fa3097e205c823346e9a5cb871624835973be7ca6b504fb	69001
audit/fresh_repro_v3_other4/runs/RF00442__5U3G_B__7MLW_F/attempt1/STAR3D_source/tools/data_tables/dnaloop.dat	scripts/fresh_repro.py --pairs (4 pairs)	fresh downloads (metadata/sources_manifest.tsv URLs)	5ee2c8fa2c2eb04faa7d76ddc9aa102051c2e6584d12407467af29e95cbfe6b4	1854
audit/fresh_repro_v3_other4/runs/RF00442__5U3G_B__7MLW_F/attempt1/STAR3D_source/tools/data_tables/dnaloop.dh	scripts/fresh_repro.py --pairs (4 pairs)	fresh downloads (metadata/sources_manifest.tsv URLs)	f663ec88f396ccb87277dcab02a2c2fa5afcc97101528b1f42b83d6790be8a33	1854
audit/fresh_repro_v3_other4/runs/RF00442__5U3G_B__7MLW_F/attempt1/STAR3D_source/tools/data_tables/dnamiscloop.dat	scripts/fresh_repro.py --pairs (4 pairs)	fresh downloads (metadata/sources_manifest.tsv URLs)	5d10c892b1767b4dc9c09c91495fc49e714653c496642edb71d727c79dfa8b04	852
audit/fresh_repro_v3_other4/runs/RF00442__5U3G_B__7MLW_F/attempt1/STAR3D_source/tools/data_tables/dnamiscloop.dh	scripts/fresh_repro.py --pairs (4 pairs)	fresh downloads (metadata/sources_manifest.tsv URLs)	27b0f17cb1b80f5efe34dd7059257948669ecdd2d634cabe9d5988f95cefc2e1	849
audit/fresh_repro_v3_other4/runs/RF00442__5U3G_B__7MLW_F/attempt1/STAR3D_source/tools/data_tables/dnastack.dat	scripts/fresh_repro.py --pairs (4 pairs)	fresh downloads (metadata/sources_manifest.tsv URLs)	36d55b869debc7998b8fef45d616af5b425c6c5a26bbdf8e5cdfb8ab50fb09b2	4131
audit/fresh_repro_v3_other4/runs/RF00442__5U3G_B__7MLW_F/attempt1/STAR3D_source/tools/data_tables/dnastack.dh	scripts/fresh_repro.py --pairs (4 pairs)	fresh downloads (metadata/sources_manifest.tsv URLs)	caab3e74f8f5157166bd67e215388100334fa26e2df228370947f94ede3e6b07	4127
audit/fresh_repro_v3_other4/runs/RF00442__5U3G_B__7MLW_F/attempt1/STAR3D_source/tools/data_tables/dnatloop.dat	scripts/fresh_repro.py --pairs (4 pairs)	fresh downloads (metadata/sources_manifest.tsv URLs)	7206744ce5dd9bc518465515547a83b822896ce83aaaa14f3418116aa50a4788	3192
audit/fresh_repro_v3_other4/runs/RF00442__5U3G_B__7MLW_F/attempt1/STAR3D_source/tools/data_tables/dnatloop.dh	scripts/fresh_repro.py --pairs (4 pairs)	fresh downloads (metadata/sources_manifest.tsv URLs)	abc9f93ebda63d4e52dc9ed895d2f79dbdd8ab79bb88676e6e575fe0951a705e	282
audit/fresh_repro_v3_other4/runs/RF00442__5U3G_B__7MLW_F/attempt1/STAR3D_source/tools/data_tables/dnatriloop.dat	scripts/fresh_repro.py --pairs (4 pairs)	fresh downloads (metadata/sources_manifest.tsv URLs)	1cc73c333b5d2568c269224138fcbf94889284ff52548b232c9d7303a82f02ff	256
audit/fresh_repro_v3_other4/runs/RF00442__5U3G_B__7MLW_F/attempt1/STAR3D_source/tools/data_tables/dnatriloop.dh	scripts/fresh_repro.py --pairs (4 pairs)	fresh downloads (metadata/sources_manifest.tsv URLs)	b9cfe28ee8f830df3d735c7e3d7e363854ba15fe6d6af34bc9b6ba82a98d60a9	72
audit/fresh_repro_v3_other4/runs/RF00442__5U3G_B__7MLW_F/attempt1/STAR3D_source/tools/data_tables/dnatstack.dat	scripts/fresh_repro.py --pairs (4 pairs)	fresh downloads (metadata/sources_manifest.tsv URLs)	699238a5dfcc1ebb8c2f6285d30c8b1e1504c8a2e1c8cc69b759a83649dfd823	4076
audit/fresh_repro_v3_other4/runs/RF00442__5U3G_B__7MLW_F/attempt1/STAR3D_source/tools/data_tables/dnatstack.dh	scripts/fresh_repro.py --pairs (4 pairs)	fresh downloads (metadata/sources_manifest.tsv URLs)	7c0a8a20ae52c8895bb95b260d5756358c94247e0d8a71a3940c76a369fafc93	4056
audit/fresh_repro_v3_other4/runs/RF00442__5U3G_B__7MLW_F/attempt1/STAR3D_source/tools/data_tables/dnatstackcoax.dat	scripts/fresh_repro.py --pairs (4 pairs)	fresh downloads (metadata/sources_manifest.tsv URLs)	699238a5dfcc1ebb8c2f6285d30c8b1e1504c8a2e1c8cc69b759a83649dfd823	4076
audit/fresh_repro_v3_other4/runs/RF00442__5U3G_B__7MLW_F/attempt1/STAR3D_source/tools/data_tables/dnatstackcoax.dh	scripts/fresh_repro.py --pairs (4 pairs)	fresh downloads (metadata/sources_manifest.tsv URLs)	c91472284ec0bb38b13f369f55d17ae0c16f7b7d31fb8caa63e91db24eadfec2	4024
audit/fresh_repro_v3_other4/runs/RF00442__5U3G_B__7MLW_F/attempt1/STAR3D_source/tools/data_tables/dnatstackh.dat	scripts/fresh_repro.py --pairs (4 pairs)	fresh downloads (metadata/sources_manifest.tsv URLs)	699238a5dfcc1ebb8c2f6285d30c8b1e1504c8a2e1c8cc69b759a83649dfd823	4076
audit/fresh_repro_v3_other4/runs/RF00442__5U3G_B__7MLW_F/attempt1/STAR3D_source/tools/data_tables/dnatstackh.dh	scripts/fresh_repro.py --pairs (4 pairs)	fresh downloads (metadata/sources_manifest.tsv URLs)	3c4043c8b147da97f51e20772d8a2d85cb2e378678d664e703dfa5f8dff28afd	4056
audit/fresh_repro_v3_other4/runs/RF00442__5U3G_B__7MLW_F/attempt1/STAR3D_source/tools/data_tables/dnatstacki.dat	scripts/fresh_repro.py --pairs (4 pairs)	fresh downloads (metadata/sources_manifest.tsv URLs)	699238a5dfcc1ebb8c2f6285d30c8b1e1504c8a2e1c8cc69b759a83649dfd823	4076
audit/fresh_repro_v3_other4/runs/RF00442__5U3G_B__7MLW_F/attempt1/STAR3D_source/tools/data_tables/dnatstacki.dh	scripts/fresh_repro.py --pairs (4 pairs)	fresh downloads (metadata/sources_manifest.tsv URLs)	3c4043c8b147da97f51e20772d8a2d85cb2e378678d664e703dfa5f8dff28afd	4056
audit/fresh_repro_v3_other4/runs/RF00442__5U3G_B__7MLW_F/attempt1/STAR3D_source/tools/data_tables/dnatstacki1n.dat	scripts/fresh_repro.py --pairs (4 pairs)	fresh downloads (metadata/sources_manifest.tsv URLs)	5dcd88f8a17cf36e786715f0354c973de5b8383347069366a92f21840c91833c	4083
audit/fresh_repro_v3_other4/runs/RF00442__5U3G_B__7MLW_F/attempt1/STAR3D_source/tools/data_tables/dnatstacki1n.dh	scripts/fresh_repro.py --pairs (4 pairs)	fresh downloads (metadata/sources_manifest.tsv URLs)	54478a515d6298bfbc0166bf70a5f7c9b3843daba329bbca27b39f40f3f20a0e	4083
audit/fresh_repro_v3_other4/runs/RF00442__5U3G_B__7MLW_F/attempt1/STAR3D_source/tools/data_tables/dnatstacki23.dat	scripts/fresh_repro.py --pairs (4 pairs)	fresh downloads (metadata/sources_manifest.tsv URLs)	699238a5dfcc1ebb8c2f6285d30c8b1e1504c8a2e1c8cc69b759a83649dfd823	4076
audit/fresh_repro_v3_other4/runs/RF00442__5U3G_B__7MLW_F/attempt1/STAR3D_source/tools/data_tables/dnatstacki23.dh	scripts/fresh_repro.py --pairs (4 pairs)	fresh downloads (metadata/sources_manifest.tsv URLs)	3c4043c8b147da97f51e20772d8a2d85cb2e378678d664e703dfa5f8dff28afd	4056
audit/fresh_repro_v3_other4/runs/RF00442__5U3G_B__7MLW_F/attempt1/STAR3D_source/tools/data_tables/dnatstackm.dat	scripts/fresh_repro.py --pairs (4 pairs)	fresh downloads (metadata/sources_manifest.tsv URLs)	53fe5ecb7fce6c9b2a59d67cfab59065c4b83118570626032c77f9a7575fe271	4076
audit/fresh_repro_v3_other4/runs/RF00442__5U3G_B__7MLW_F/attempt1/STAR3D_source/tools/data_tables/dnatstackm.dh	scripts/fresh_repro.py --pairs (4 pairs)	fresh downloads (metadata/sources_manifest.tsv URLs)	3c4043c8b147da97f51e20772d8a2d85cb2e378678d664e703dfa5f8dff28afd	4056
audit/fresh_repro_v3_other4/runs/RF00442__5U3G_B__7MLW_F/attempt1/STAR3D_source/tools/data_tables/dynalignmiscloop.dat	scripts/fresh_repro.py --pairs (4 pairs)	fresh downloads (metadata/sources_manifest.tsv URLs)	02b163f38317ef57c55b88298a10b6d5716a41fc16c16b032d40b0360de35858	844
audit/fresh_repro_v3_other4/runs/RF00442__5U3G_B__7MLW_F/attempt1/STAR3D_source/tools/data_tables/fam_hmm_pars.dat	scripts/fresh_repro.py --pairs (4 pairs)	fresh downloads (metadata/sources_manifest.tsv URLs)	969579f7da76cc225de5cf3a3a6a5d832f81becf292542701e8ae9297fdd419f	8202
audit/fresh_repro_v3_other4/runs/RF00442__5U3G_B__7MLW_F/attempt1/STAR3D_source/tools/data_tables/helix.dat	scripts/fresh_repro.py --pairs (4 pairs)	fresh downloads (metadata/sources_manifest.tsv URLs)	e0be9b15bbbc459423796b4d565b729db52ec8354a33fc5701fe700a351d5efd	128
audit/fresh_repro_v3_other4/runs/RF00442__5U3G_B__7MLW_F/attempt1/STAR3D_source/tools/data_tables/helixdr.dat	scripts/fresh_repro.py --pairs (4 pairs)	fresh downloads (metadata/sources_manifest.tsv URLs)	cfe4d62ba3d8258f9f949c9ce6d5b722f4032e1671fc92b5b47b11cf81b8ad72	126
audit/fresh_repro_v3_other4/runs/RF00442__5U3G_B__7MLW_F/attempt1/STAR3D_source/tools/data_tables/hexaloop.dat	scripts/fresh_repro.py --pairs (4 pairs)	fresh downloads (metadata/sources_manifest.tsv URLs)	1e2b3ea7d0f2bba02ef2513172a160ad8bc47f9315687ec9e3f57ea64d1d12a7	86
audit/fresh_repro_v3_other4/runs/RF00442__5U3G_B__7MLW_F/attempt1/STAR3D_source/tools/data_tables/hexaloop.dh	scripts/fresh_repro.py --pairs (4 pairs)	fresh downloads (metadata/sources_manifest.tsv URLs)	640c68e58dc8930bc2e47304877c1e98bd156ef33898ce5e67e88febbd7be75c	101
audit/fresh_repro_v3_other4/runs/RF00442__5U3G_B__7MLW_F/attempt1/STAR3D_source/tools/data_tables/int11.dat	scripts/fresh_repro.py --pairs (4 pairs)	fresh downloads (metadata/sources_manifest.tsv URLs)	f3889ec33019ea7827c6dd36b19633e39d01f97e68b8a144a9713c040c61c4bb	10422
audit/fresh_repro_v3_other4/runs/RF00442__5U3G_B__7MLW_F/attempt1/STAR3D_source/tools/data_tables/int11.dh	scripts/fresh_repro.py --pairs (4 pairs)	fresh downloads (metadata/sources_manifest.tsv URLs)	027dbac787e481b96d8d729628c61d4bbf161197501b24cc883cea00b983a850	10792
audit/fresh_repro_v3_other4/runs/RF00442__5U3G_B__7MLW_F/attempt1/STAR3D_source/tools/data_tables/int21.dat	scripts/fresh_repro.py --pairs (4 pairs)	fresh downloads (metadata/sources_manifest.tsv URLs)	4ef8147de60c1ca7cfa71ca1c9789bdd23e2f0626d58949dec5ded33af02a6f5	39823
audit/fresh_repro_v3_other4/runs/RF00442__5U3G_B__7MLW_F/attempt1/STAR3D_source/tools/data_tables/int21.dh	scripts/fresh_repro.py --pairs (4 pairs)	fresh downloads (metadata/sources_manifest.tsv URLs)	b14ad88c2384750cc3ca6b2e0de0649bfebd4ea2df5af9db24fc001f7b09304a	39846
audit/fresh_repro_v3_other4/runs/RF00442__5U3G_B__7MLW_F/attempt1/STAR3D_source/tools/data_tables/int22-exp.dh	scripts/fresh_repro.py --pairs (4 pairs)	fresh downloads (metadata/sources_manifest.tsv URLs)	f64e33ef792c4c7f7ae66f63ac859c2514e0d7f076f3839dc534e4e365d938a0	67786
audit/fresh_repro_v3_other4/runs/RF00442__5U3G_B__7MLW_F/attempt1/STAR3D_source/tools/data_tables/int22.dat	scripts/fresh_repro.py --pairs (4 pairs)	fresh downloads (metadata/sources_manifest.tsv URLs)	18b353d81c02b508493e509fa3143b211709923dd50ab8ad7f18c5b3c37027d7	68297
audit/fresh_repro_v3_other4/runs/RF00442__5U3G_B__7MLW_F/attempt1/STAR3D_source/tools/data_tables/int22.dh	scripts/fresh_repro.py --pairs (4 pairs)	fresh downloads (metadata/sources_manifest.tsv URLs)	191427765ca0d3ad02524c3204496e05c920fcb9b37fcdb95ab5a9af9f66d087	71577
audit/fresh_repro_v3_other4/runs/RF00442__5U3G_B__7MLW_F/attempt1/STAR3D_source/tools/data_tables/loop.dat	scripts/fresh_repro.py --pairs (4 pairs)	fresh downloads (metadata/sources_manifest.tsv URLs)	1f7bc76269db52564ef8b6155586c3a2b06da5f5361719b02c8811c9813f8363	1855
audit/fresh_repro_v3_other4/runs/RF00442__5U3G_B__7MLW_F/attempt1/STAR3D_source/tools/data_tables/loop.dh	scripts/fresh_repro.py --pairs (4 pairs)	fresh downloads (metadata/sources_manifest.tsv URLs)	badf2412d5795fc29bc6ebca7bbd073862b159ae0a97e4577e34d79796486708	1887
audit/fresh_repro_v3_other4/runs/RF00442__5U3G_B__7MLW_F/attempt1/STAR3D_source/tools/data_tables/miscloop.dat	scripts/fresh_repro.py --pairs (4 pairs)	fresh downloads (metadata/sources_manifest.tsv URLs)	da19ff374abdf42daac4e1b99be6260036b893a23af92228541269150355f126	854
audit/fresh_repro_v3_other4/runs/RF00442__5U3G_B__7MLW_F/attempt1/STAR3D_source/tools/data_tables/miscloop.dh	scripts/fresh_repro.py --pairs (4 pairs)	fresh downloads (metadata/sources_manifest.tsv URLs)	209f13518243c17beec2fc00f49d7eec0e866ada3ed2d85118b03224ae8a9614	853
audit/fresh_repro_v3_other4/runs/RF00442__5U3G_B__7MLW_F/attempt1/STAR3D_source/tools/data_tables/new_training_z_ave.scale.model	scripts/fresh_repro.py --pairs (4 pairs)	fresh downloads (metadata/sources_manifest.tsv URLs)	62dfd6dd9ed33af1ce064fddb1c0d95639a36a37caa762827c4a655c98d692dd	316406
audit/fresh_repro_v3_other4/runs/RF00442__5U3G_B__7MLW_F/attempt1/STAR3D_source/tools/data_tables/new_training_z_std.scale.model	scripts/fresh_repro.py --pairs (4 pairs)	fresh downloads (metadata/sources_manifest.tsv URLs)	2b0b008904061d51a7bc5c24fc973d42dd213cca85e041d1fb1515cfb3210bb7	356207
audit/fresh_repro_v3_other4/runs/RF00442__5U3G_B__7MLW_F/attempt1/STAR3D_source/tools/data_tables/pseudconst.dat	scripts/fresh_repro.py --pairs (4 pairs)	fresh downloads (metadata/sources_manifest.tsv URLs)	7dc98c7589c406065aeb042c1f45bc2dd6143824414395ea3ed9a731f0dfc86d	809
audit/fresh_repro_v3_other4/runs/RF00442__5U3G_B__7MLW_F/attempt1/STAR3D_source/tools/data_tables/stack.dat	scripts/fresh_repro.py --pairs (4 pairs)	fresh downloads (metadata/sources_manifest.tsv URLs)	912c75fcdc50e7c5fb5fc9949781303a069124d28dcfee8c48e84f502d7f8347	4136
audit/fresh_repro_v3_other4/runs/RF00442__5U3G_B__7MLW_F/attempt1/STAR3D_source/tools/data_tables/stack.dh	scripts/fresh_repro.py --pairs (4 pairs)	fresh downloads (metadata/sources_manifest.tsv URLs)	d79246bc3a3eaf4c3338725d0c4e4601a406bb21c5b2cc4f1a2b9a3045ae0e5c	4148
audit/fresh_repro_v3_other4/runs/RF00442__5U3G_B__7MLW_F/attempt1/STAR3D_source/tools/data_tables/stack.ds	scripts/fresh_repro.py --pairs (4 pairs)	fresh downloads (metadata/sources_manifest.tsv URLs)	c84a2bf83d1826690874cca437a7030335bd49ca4f40eb26109d2d4d28e80f21	4119
audit/fresh_repro_v3_other4/runs/RF00442__5U3G_B__7MLW_F/attempt1/STAR3D_source/tools/data_tables/stackdr.dat	scripts/fresh_repro.py --pairs (4 pairs)	fresh downloads (metadata/sources_manifest.tsv URLs)	ad8a1186be0a9164bfaedb2f84823ff4631842e4525a2e1f1ff81c4ed0d0e587	4172
audit/fresh_repro_v3_other4/runs/RF00442__5U3G_B__7MLW_F/attempt1/STAR3D_source/tools/data_tables/stackdr.dh	scripts/fresh_repro.py --pairs (4 pairs)	fresh downloads (metadata/sources_manifest.tsv URLs)	9d074ef9856b9609bd58126df889c749fc95b791d01ca8584e52b160bd3c4a5b	4139
audit/fresh_repro_v3_other4/runs/RF00442__5U3G_B__7MLW_F/attempt1/STAR3D_source/tools/data_tables/stackdr.ds	scripts/fresh_repro.py --pairs (4 pairs)	fresh downloads (metadata/sources_manifest.tsv URLs)	3aba2ff4109e759f09585fa9f6a415c1cbd450e2f6912e3ec2e04d6f24f27dd7	4138
audit/fresh_repro_v3_other4/runs/RF00442__5U3G_B__7MLW_F/attempt1/STAR3D_source/tools/data_tables/std_ensemble_defect.model	scripts/fresh_repro.py --pairs (4 pairs)	fresh downloads (metadata/sources_manifest.tsv URLs)	94c8824a923803310ed71a3e82def04d46583a5359a76a1277d062baea874394	28213
audit/fresh_repro_v3_other4/runs/RF00442__5U3G_B__7MLW_F/attempt1/STAR3D_source/tools/data_tables/tloop.dat	scripts/fresh_repro.py --pairs (4 pairs)	fresh downloads (metadata/sources_manifest.tsv URLs)	27e73ed4b824bba5687b9ec202fa73aec2a7bf7415e8be7dd738be6c323ccfc0	209
audit/fresh_repro_v3_other4/runs/RF00442__5U3G_B__7MLW_F/attempt1/STAR3D_source/tools/data_tables/tloop.dh	scripts/fresh_repro.py --pairs (4 pairs)	fresh downloads (metadata/sources_manifest.tsv URLs)	c38d62842241c7cd468741e4c291151f47f6e18ad876b3dcd4959639d1247874	232
audit/fresh_repro_v3_other4/runs/RF00442__5U3G_B__7MLW_F/attempt1/STAR3D_source/tools/data_tables/triloop.dat	scripts/fresh_repro.py --pairs (4 pairs)	fresh downloads (metadata/sources_manifest.tsv URLs)	bf6e20f45037699a225e9dee4772cccce959d4f6c826a2ff4dd0f8113b3f405a	49
audit/fresh_repro_v3_other4/runs/RF00442__5U3G_B__7MLW_F/attempt1/STAR3D_source/tools/data_tables/triloop.dh	scripts/fresh_repro.py --pairs (4 pairs)	fresh downloads (metadata/sources_manifest.tsv URLs)	1bc002e947901a7bfdf22944ab2fa6a0cb60f32d4792cd5e59d3e1fed4540b91	54
audit/fresh_repro_v3_other4/runs/RF00442__5U3G_B__7MLW_F/attempt1/STAR3D_source/tools/data_tables/tstack.dat	scripts/fresh_repro.py --pairs (4 pairs)	fresh downloads (metadata/sources_manifest.tsv URLs)	67105db188072e89cc141899c312761668d9b99bb27ed71887556273736be849	4112
audit/fresh_repro_v3_other4/runs/RF00442__5U3G_B__7MLW_F/attempt1/STAR3D_source/tools/data_tables/tstack.dh	scripts/fresh_repro.py --pairs (4 pairs)	fresh downloads (metadata/sources_manifest.tsv URLs)	a9a60a7decb19df134733b6e6f72fec5a1345cec5c429e1be2e9c26b82ad74ca	4114
audit/fresh_repro_v3_other4/runs/RF00442__5U3G_B__7MLW_F/attempt1/STAR3D_source/tools/data_tables/tstackcoax.dat	scripts/fresh_repro.py --pairs (4 pairs)	fresh downloads (metadata/sources_manifest.tsv URLs)	67105db188072e89cc141899c312761668d9b99bb27ed71887556273736be849	4112
audit/fresh_repro_v3_other4/runs/RF00442__5U3G_B__7MLW_F/attempt1/STAR3D_source/tools/data_tables/tstackcoax.dh	scripts/fresh_repro.py --pairs (4 pairs)	fresh downloads (metadata/sources_manifest.tsv URLs)	a9a60a7decb19df134733b6e6f72fec5a1345cec5c429e1be2e9c26b82ad74ca	4114
audit/fresh_repro_v3_other4/runs/RF00442__5U3G_B__7MLW_F/attempt1/STAR3D_source/tools/data_tables/tstackh.dat	scripts/fresh_repro.py --pairs (4 pairs)	fresh downloads (metadata/sources_manifest.tsv URLs)	e3ac961e7f89c2739505f0fa42644aa8da461f42b03ce90dbeb413006632b1c7	4112
audit/fresh_repro_v3_other4/runs/RF00442__5U3G_B__7MLW_F/attempt1/STAR3D_source/tools/data_tables/tstackh.dh	scripts/fresh_repro.py --pairs (4 pairs)	fresh downloads (metadata/sources_manifest.tsv URLs)	2e0a52904a3f6f2ed82eddaeddde010368582527724c2b5faa0bc068f8dbbce0	4114
audit/fresh_repro_v3_other4/runs/RF00442__5U3G_B__7MLW_F/attempt1/STAR3D_source/tools/data_tables/tstacki.dat	scripts/fresh_repro.py --pairs (4 pairs)	fresh downloads (metadata/sources_manifest.tsv URLs)	d701733e04c23cd813802d9507509fbdf7b4e582668ad2149b0d3c85413fd242	4083
audit/fresh_repro_v3_other4/runs/RF00442__5U3G_B__7MLW_F/attempt1/STAR3D_source/tools/data_tables/tstacki.dh	scripts/fresh_repro.py --pairs (4 pairs)	fresh downloads (metadata/sources_manifest.tsv URLs)	1329a422e72a4d9375351886993e7a0d4617139aaeda1f434698e54ba989f074	4072
audit/fresh_repro_v3_other4/runs/RF00442__5U3G_B__7MLW_F/attempt1/STAR3D_source/tools/data_tables/tstacki1n.dat	scripts/fresh_repro.py --pairs (4 pairs)	fresh downloads (metadata/sources_manifest.tsv URLs)	bc12f338ad3cfce5d3fcf3392ca114c05ab1607de8d318dfd5c8eb7d2a674ee4	4083
audit/fresh_repro_v3_other4/runs/RF00442__5U3G_B__7MLW_F/attempt1/STAR3D_source/tools/data_tables/tstacki1n.dh	scripts/fresh_repro.py --pairs (4 pairs)	fresh downloads (metadata/sources_manifest.tsv URLs)	58a65641e6c4a1c2201778d0ebb0bc6fb5d619f05e9f0df07661d89f79fcc2c1	4085
audit/fresh_repro_v3_other4/runs/RF00442__5U3G_B__7MLW_F/attempt1/STAR3D_source/tools/data_tables/tstacki23.dat	scripts/fresh_repro.py --pairs (4 pairs)	fresh downloads (metadata/sources_manifest.tsv URLs)	3d483a42d1d3474e3bfd71eb32ddd5de053a019ad053991f8b54f4605f04992e	4079
audit/fresh_repro_v3_other4/runs/RF00442__5U3G_B__7MLW_F/attempt1/STAR3D_source/tools/data_tables/tstacki23.dh	scripts/fresh_repro.py --pairs (4 pairs)	fresh downloads (metadata/sources_manifest.tsv URLs)	fc124d676bb1d6a4f53fa6beeed3c0ce34d16b1ea8e472bcd2b07b66d62d8053	4085
audit/fresh_repro_v3_other4/runs/RF00442__5U3G_B__7MLW_F/attempt1/STAR3D_source/tools/data_tables/tstackm.dat	scripts/fresh_repro.py --pairs (4 pairs)	fresh downloads (metadata/sources_manifest.tsv URLs)	67105db188072e89cc141899c312761668d9b99bb27ed71887556273736be849	4112
audit/fresh_repro_v3_other4/runs/RF00442__5U3G_B__7MLW_F/attempt1/STAR3D_source/tools/data_tables/tstackm.dh	scripts/fresh_repro.py --pairs (4 pairs)	fresh downloads (metadata/sources_manifest.tsv URLs)	a9a60a7decb19df134733b6e6f72fec5a1345cec5c429e1be2e9c26b82ad74ca	4114
audit/fresh_repro_v3_other4/runs/RF00442__5U3G_B__7MLW_F/attempt1/logs/RF00442__5U3G_B__7MLW_F__a1__forward__rep1.stderr	scripts/fresh_repro.py --pairs (4 pairs)	fresh downloads (metadata/sources_manifest.tsv URLs)	e3b0c44298fc1c149afbf4c8996fb92427ae41e4649b934ca495991b7852b855	0
audit/fresh_repro_v3_other4/runs/RF00442__5U3G_B__7MLW_F/attempt1/logs/RF00442__5U3G_B__7MLW_F__a1__forward__rep1.stdout	scripts/fresh_repro.py --pairs (4 pairs)	fresh downloads (metadata/sources_manifest.tsv URLs)	e3b0c44298fc1c149afbf4c8996fb92427ae41e4649b934ca495991b7852b855	0
audit/fresh_repro_v3_other4/runs/RF00442__5U3G_B__7MLW_F/attempt1/logs/RF00442__5U3G_B__7MLW_F__a1__forward__rep2.stderr	scripts/fresh_repro.py --pairs (4 pairs)	fresh downloads (metadata/sources_manifest.tsv URLs)	e3b0c44298fc1c149afbf4c8996fb92427ae41e4649b934ca495991b7852b855	0
audit/fresh_repro_v3_other4/runs/RF00442__5U3G_B__7MLW_F/attempt1/logs/RF00442__5U3G_B__7MLW_F__a1__forward__rep2.stdout	scripts/fresh_repro.py --pairs (4 pairs)	fresh downloads (metadata/sources_manifest.tsv URLs)	e3b0c44298fc1c149afbf4c8996fb92427ae41e4649b934ca495991b7852b855	0
audit/fresh_repro_v3_other4/runs/RF00442__5U3G_B__7MLW_F/attempt1/logs/RF00442__5U3G_B__7MLW_F__a1__forward__rep3.stderr	scripts/fresh_repro.py --pairs (4 pairs)	fresh downloads (metadata/sources_manifest.tsv URLs)	e3b0c44298fc1c149afbf4c8996fb92427ae41e4649b934ca495991b7852b855	0
audit/fresh_repro_v3_other4/runs/RF00442__5U3G_B__7MLW_F/attempt1/logs/RF00442__5U3G_B__7MLW_F__a1__forward__rep3.stdout	scripts/fresh_repro.py --pairs (4 pairs)	fresh downloads (metadata/sources_manifest.tsv URLs)	e3b0c44298fc1c149afbf4c8996fb92427ae41e4649b934ca495991b7852b855	0
audit/fresh_repro_v3_other4/runs/RF00442__5U3G_B__7MLW_F/attempt1/logs/RF00442__5U3G_B__7MLW_F__a1__reverse__rep1.stderr	scripts/fresh_repro.py --pairs (4 pairs)	fresh downloads (metadata/sources_manifest.tsv URLs)	e3b0c44298fc1c149afbf4c8996fb92427ae41e4649b934ca495991b7852b855	0
audit/fresh_repro_v3_other4/runs/RF00442__5U3G_B__7MLW_F/attempt1/logs/RF00442__5U3G_B__7MLW_F__a1__reverse__rep1.stdout	scripts/fresh_repro.py --pairs (4 pairs)	fresh downloads (metadata/sources_manifest.tsv URLs)	e3b0c44298fc1c149afbf4c8996fb92427ae41e4649b934ca495991b7852b855	0
audit/fresh_repro_v3_other4/runs/RF00442__5U3G_B__7MLW_F/attempt1/logs/RF00442__5U3G_B__7MLW_F__a1__reverse__rep2.stderr	scripts/fresh_repro.py --pairs (4 pairs)	fresh downloads (metadata/sources_manifest.tsv URLs)	e3b0c44298fc1c149afbf4c8996fb92427ae41e4649b934ca495991b7852b855	0
audit/fresh_repro_v3_other4/runs/RF00442__5U3G_B__7MLW_F/attempt1/logs/RF00442__5U3G_B__7MLW_F__a1__reverse__rep2.stdout	scripts/fresh_repro.py --pairs (4 pairs)	fresh downloads (metadata/sources_manifest.tsv URLs)	e3b0c44298fc1c149afbf4c8996fb92427ae41e4649b934ca495991b7852b855	0
audit/fresh_repro_v3_other4/runs/RF00442__5U3G_B__7MLW_F/attempt1/logs/RF00442__5U3G_B__7MLW_F__a1__reverse__rep3.stderr	scripts/fresh_repro.py --pairs (4 pairs)	fresh downloads (metadata/sources_manifest.tsv URLs)	e3b0c44298fc1c149afbf4c8996fb92427ae41e4649b934ca495991b7852b855	0
audit/fresh_repro_v3_other4/runs/RF00442__5U3G_B__7MLW_F/attempt1/logs/RF00442__5U3G_B__7MLW_F__a1__reverse__rep3.stdout	scripts/fresh_repro.py --pairs (4 pairs)	fresh downloads (metadata/sources_manifest.tsv URLs)	e3b0c44298fc1c149afbf4c8996fb92427ae41e4649b934ca495991b7852b855	0
audit/fresh_repro_v3_other4/runs/RF00442__5U3G_B__7MLW_F/attempt1/logs/mount_check.stderr	scripts/fresh_repro.py --pairs (4 pairs)	fresh downloads (metadata/sources_manifest.tsv URLs)	e3b0c44298fc1c149afbf4c8996fb92427ae41e4649b934ca495991b7852b855	0
audit/fresh_repro_v3_other4/runs/RF00442__5U3G_B__7MLW_F/attempt1/logs/mount_check.stdout	scripts/fresh_repro.py --pairs (4 pairs)	fresh downloads (metadata/sources_manifest.tsv URLs)	e4dd10977390eb3aa59cc805f49bf63c8978bfab9e7ece0c31a700db38647023	162
audit/fresh_repro_v3_other4/runs/RF00442__5U3G_B__7MLW_F/attempt1/logs/post_check_5u3gb.stderr	scripts/fresh_repro.py --pairs (4 pairs)	fresh downloads (metadata/sources_manifest.tsv URLs)	e3b0c44298fc1c149afbf4c8996fb92427ae41e4649b934ca495991b7852b855	0
audit/fresh_repro_v3_other4/runs/RF00442__5U3G_B__7MLW_F/attempt1/logs/post_check_5u3gb.stdout	scripts/fresh_repro.py --pairs (4 pairs)	fresh downloads (metadata/sources_manifest.tsv URLs)	0bc6c41d8837e0badf73510108a3fbbfd704223be0a5f2fb335c9045c4a15a9c	100
audit/fresh_repro_v3_other4/runs/RF00442__5U3G_B__7MLW_F/attempt1/logs/post_check_7mlwf.stderr	scripts/fresh_repro.py --pairs (4 pairs)	fresh downloads (metadata/sources_manifest.tsv URLs)	e3b0c44298fc1c149afbf4c8996fb92427ae41e4649b934ca495991b7852b855	0
audit/fresh_repro_v3_other4/runs/RF00442__5U3G_B__7MLW_F/attempt1/logs/post_check_7mlwf.stdout	scripts/fresh_repro.py --pairs (4 pairs)	fresh downloads (metadata/sources_manifest.tsv URLs)	f01e443449b65c9615a3c362ca2e549d7cbb48931a439f08ff3040bc8a6e9a54	100
audit/fresh_repro_v3_other4/runs/RF00442__5U3G_B__7MLW_F/attempt1/logs/preprocess_5u3gb.stderr	scripts/fresh_repro.py --pairs (4 pairs)	fresh downloads (metadata/sources_manifest.tsv URLs)	e3b0c44298fc1c149afbf4c8996fb92427ae41e4649b934ca495991b7852b855	0
audit/fresh_repro_v3_other4/runs/RF00442__5U3G_B__7MLW_F/attempt1/logs/preprocess_5u3gb.stdout	scripts/fresh_repro.py --pairs (4 pairs)	fresh downloads (metadata/sources_manifest.tsv URLs)	4aaddb67a279aced1186a7b7b016bad85803d98ea82baeb7ba0e22ec80cbf00a	77
audit/fresh_repro_v3_other4/runs/RF00442__5U3G_B__7MLW_F/attempt1/logs/preprocess_7mlwf.stderr	scripts/fresh_repro.py --pairs (4 pairs)	fresh downloads (metadata/sources_manifest.tsv URLs)	e3b0c44298fc1c149afbf4c8996fb92427ae41e4649b934ca495991b7852b855	0
audit/fresh_repro_v3_other4/runs/RF00442__5U3G_B__7MLW_F/attempt1/logs/preprocess_7mlwf.stdout	scripts/fresh_repro.py --pairs (4 pairs)	fresh downloads (metadata/sources_manifest.tsv URLs)	79ca72a2f36f699b2fb422f9797aabe0f546f03bb7867c5c3c05f15a0122eb98	77
audit/fresh_repro_v3_other4/runs/_inputs/2gdix.pdb	scripts/fresh_repro.py --pairs (4 pairs)	fresh downloads (metadata/sources_manifest.tsv URLs)	6470064a7e74aee463765c5390adfdb4216281c96abf91833f198136c04fc806	139401
audit/fresh_repro_v3_other4/runs/_inputs/2gisa.pdb	scripts/fresh_repro.py --pairs (4 pairs)	fresh downloads (metadata/sources_manifest.tsv URLs)	00f9b8fdae807d87532b27da48dba9cc626ebafe54be10806686aa6de8d85e8a	164511
audit/fresh_repro_v3_other4/runs/_inputs/3d2ga.pdb	scripts/fresh_repro.py --pairs (4 pairs)	fresh downloads (metadata/sources_manifest.tsv URLs)	3910793aa2c13ebfb9f7d8fb38f05e82ab250476489eaa28aaa6c5209f3e6305	134217
audit/fresh_repro_v3_other4/runs/_inputs/4gxya.pdb	scripts/fresh_repro.py --pairs (4 pairs)	fresh downloads (metadata/sources_manifest.tsv URLs)	bda3f47d055604f4ed486dd71feba74d71075756177849f89104d73433aea2dc	284148
audit/fresh_repro_v3_other4/runs/_inputs/4kqya.pdb	scripts/fresh_repro.py --pairs (4 pairs)	fresh downloads (metadata/sources_manifest.tsv URLs)	e56f935d835b208c3db4e36054d9944a97199be47f522476156836fbe00f5934	207198
audit/fresh_repro_v3_other4/runs/_inputs/5u3gb.pdb	scripts/fresh_repro.py --pairs (4 pairs)	fresh downloads (metadata/sources_manifest.tsv URLs)	d6852025a1f783b9cbb8889a60e29939dc5fbe62a600ba31500c50d13bc8298d	225261
audit/fresh_repro_v3_other4/runs/_inputs/6vmya.pdb	scripts/fresh_repro.py --pairs (4 pairs)	fresh downloads (metadata/sources_manifest.tsv URLs)	1affe2d9d3e6fd8b11718dbe1aed767e1d8ae438d16e4db38799afbfd15e6c6d	226557
audit/fresh_repro_v3_other4/runs/_inputs/7mlwf.pdb	scripts/fresh_repro.py --pairs (4 pairs)	fresh downloads (metadata/sources_manifest.tsv URLs)	c8ff0fea2c1cd8d4f2ecbe18fe7b05341cfb2e209a767f1ab61d25f4152706c3	434322
deliverables/2026-10-09/tables/RF00522_P1_register_all_rows.tsv	deliverables/2026-10-09/scripts/*.py; scripts/interactions.py --verify-regenerate	review/candidate_RF00522; annotations; results	b349ec9f667a76b3b560b96a08295c7a6f64a526ebc9fa4a6f31eeb090ead902	1661
deliverables/2026-10-09/tables/candidate_7REX_correspondence.tsv	deliverables/2026-10-09/scripts/*.py; scripts/interactions.py --verify-regenerate	review/candidate_RF00522; annotations; results	aff34b802abbb257fa68730ab3a8ff86fb0328e3a7b489f6a9be6eac72fe2787	27590
deliverables/2026-10-09/tables/candidate_7REX_counts.tsv	deliverables/2026-10-09/scripts/*.py; scripts/interactions.py --verify-regenerate	review/candidate_RF00522; annotations; results	0b064d43de27794c81e9ee7a317b385f4c4da35109aa4d89edc69e96c41a8902	2237
deliverables/2026-10-09/tables/candidate_7REX_excluded_from_common_set.tsv	deliverables/2026-10-09/scripts/*.py; scripts/interactions.py --verify-regenerate	review/candidate_RF00522; annotations; results	9556910df804452643945bf1c3b10d12f5d17b28f4e1ebe3746f46a09dd882cf	937
deliverables/2026-10-09/tables/candidate_7REX_method_differences.tsv	deliverables/2026-10-09/scripts/*.py; scripts/interactions.py --verify-regenerate	review/candidate_RF00522; annotations; results	a2c2453b25be753cfbdad94ce73e3cb0bfeda9d91db497938e2fb2393b4e560f	2752
deliverables/2026-10-09/tables/candidate_screening.tsv	deliverables/2026-10-09/scripts/*.py; scripts/interactions.py --verify-regenerate	review/candidate_RF00522; annotations; results	4ceb22ed683510e0cb8e44950cf9e3da9654a907d0fb0c2bbfc3adb659056ce2	13041
deliverables/2026-10-09/tables/downloads.tsv	deliverables/2026-10-09/scripts/*.py; scripts/interactions.py --verify-regenerate	review/candidate_RF00522; annotations; results	e65c706771a2e6d3811ea0ccb9778027c7b4d441870cd2cdb527d136df62879c	1394
deliverables/2026-10-09/tables/fr3d_verify_regenerate.tsv	deliverables/2026-10-09/scripts/*.py; scripts/interactions.py --verify-regenerate	review/candidate_RF00522; annotations; results	6d63a82a8f72e6db5c6547c4cd5cc47031648ada9f3b7e290418c4bb7cd14666	3740
deliverables/2026-10-09/tables/fresh_repro_other4.tsv	deliverables/2026-10-09/scripts/*.py; scripts/interactions.py --verify-regenerate	review/candidate_RF00522; annotations; results	cc7c0283f45cd2c4c5dbe6732af9a97b51bad06e2ee661815337bdb91e82586a	2193
deliverables/2026-10-09/tables/requirements_status.tsv	deliverables/2026-10-09/scripts/*.py; scripts/interactions.py --verify-regenerate	review/candidate_RF00522; annotations; results	3f62d6d6b191a3ef566311eaaaa95c6f7379078aaaa4875f21af0478c47acf02	1973
deliverables/2026-10-09/tables/results_status.tsv	deliverables/2026-10-09/scripts/*.py; scripts/interactions.py --verify-regenerate	review/candidate_RF00522; annotations; results	3f86d3256a9233cf8456d05c65063ae1ecd6ff64d8b2f6bc9302390d40e51710	2165
deliverables/2026-10-09/tables/survey_b_summary.tsv	deliverables/2026-10-09/scripts/*.py; scripts/interactions.py --verify-regenerate	review/candidate_RF00522; annotations; results	95c9ea04c15fb03fe54aac66d849d5b95e43279a0322ec7374357cc11c62f174	911
deliverables/2026-10-09/tables/test_results.tsv	deliverables/2026-10-09/scripts/*.py; scripts/interactions.py --verify-regenerate	review/candidate_RF00522; annotations; results	463395df30ddc821948dbed0e77f6e3042cf0c8a56efd7f65f78bf46c888b00d	222
deliverables/2026-10-09/tables/validation_checks.tsv	deliverables/2026-10-09/scripts/*.py; scripts/interactions.py --verify-regenerate	review/candidate_RF00522; annotations; results	7100c7950cd38c74d9b511f0ccdf1158f920cac7f72cf0d4a818a3374ba4e1f1	1468
deliverables/2026-10-09/figures/fig_7REX_correspondence_6VUI.png	deliverables/2026-10-09/scripts/fig_7REX_correspondence.py	review/candidate_RF00522/residue_evidence_*; annotations/normalized	8d80a529ee5479d12fa8a73b670d8d0342d7c653662c2c52557a88e75d573d6a	293446
deliverables/2026-10-09/star3d_audit/aln_crosswalk_audit.tsv	STAR3D audit agent (scripts inside)	runs/**/STAR3D_source; inputs/software	32013ff7ddb9796746856f3a9565b324c62b947a51f3bf2e9df70b0d1b25a706	4567
deliverables/2026-10-09/star3d_audit/audit_inputs.py	STAR3D audit agent (scripts inside)	runs/**/STAR3D_source; inputs/software	0edf4807d6a616bebf7a301494255dda5dcb63e2232a3e759424a9c718be7af4	1998
deliverables/2026-10-09/star3d_audit/audit_preproc_aln.py	STAR3D audit agent (scripts inside)	runs/**/STAR3D_source; inputs/software	de94e9c8610a8e203327e729042ef018af1cf72b00a3e23748f87e35ea24363e	5905
deliverables/2026-10-09/star3d_audit/container_help_and_jar.txt	STAR3D audit agent (scripts inside)	runs/**/STAR3D_source; inputs/software	c688ec49befa7b66915eae66d27f26fe9a212c85b4d440751899ef8428930049	1102
deliverables/2026-10-09/star3d_audit/env_checks.txt	STAR3D audit agent (scripts inside)	runs/**/STAR3D_source; inputs/software	ae1029b39c608cc53f3ffce2d20953d35bec97aed887faefd232a1a7c8e31012	2667
deliverables/2026-10-09/star3d_audit/input_parse_audit.tsv	STAR3D audit agent (scripts inside)	runs/**/STAR3D_source; inputs/software	dbb73953a33fbc7906755c15d7b1a1f91d8bf244b1b6eee9adc02cb36f6da26b	1551
deliverables/2026-10-09/star3d_audit/jar_vs_source.txt	STAR3D audit agent (scripts inside)	runs/**/STAR3D_source; inputs/software	ee2f8f578dbae746722bef4eb53cc895b3513c0f449bc69340b2478dd7f98250	1479
deliverables/2026-10-09/star3d_audit/paper_fetch.txt	STAR3D audit agent (scripts inside)	runs/**/STAR3D_source; inputs/software	31ee37ec24c4b3665dd25f320e42fc7aaabc4d1e2bd36e169dd3b041d586aee4	72
deliverables/2026-10-09/star3d_audit/paper_key_sentences.txt	STAR3D audit agent (scripts inside)	runs/**/STAR3D_source; inputs/software	88dc301688192f1c99f46abcd4ff769806d30096fc3219de9f7d56069b9f2c31	10881
deliverables/2026-10-09/star3d_audit/preprocessing_audit.tsv	STAR3D audit agent (scripts inside)	runs/**/STAR3D_source; inputs/software	08b3700386297106e611f1e95b4b22264ec895d3b585a4b8cc841afc2d32de92	2266
deliverables/2026-10-09/star3d_audit/pytest_star3d.txt	STAR3D audit agent (scripts inside)	runs/**/STAR3D_source; inputs/software	988344a7589dd35ded61b8e784dcd5bc43cb64ba0f19a2bda1a7ec44b380abcb	98
deliverables/2026-10-09/star3d_audit/replicate_body_identity.txt	STAR3D audit agent (scripts inside)	runs/**/STAR3D_source; inputs/software	a49daa88f0767512b1b9ab884e48d28ab27c65ab45cfe8e8121f23b1dbe87f1b	2011
deliverables/2026-10-09/site/README_site.md	scripts/export_site_data.py + static html/js/css	tables listed in site/data/export_manifest.json	8246d5229d1a5e6b897e33b9cf31cfab43c1b93caae79704b6da8490819de364	1304
deliverables/2026-10-09/site/app.js	scripts/export_site_data.py + static html/js/css	tables listed in site/data/export_manifest.json	d0dead18432fd43da2520e7c6e19ccaa2f5cd4b4c1990ea191fbb582403b0fa1	19782
deliverables/2026-10-09/site/assets/fig_7REX_correspondence_6VUI.png	scripts/export_site_data.py + static html/js/css	tables listed in site/data/export_manifest.json	8d80a529ee5479d12fa8a73b670d8d0342d7c653662c2c52557a88e75d573d6a	293446
deliverables/2026-10-09/site/assets/fig_RF00522_3FU2_7REX_anchorfit_shared.png	scripts/export_site_data.py + static html/js/css	tables listed in site/data/export_manifest.json	ff2204d58597d870441544626dd33e8f3fa2f3189cee1c38c8815181b3b534bd	112965
deliverables/2026-10-09/site/assets/fig_RF00522_3FU2_7REX_anchorfit_shared_flank_excl.png	scripts/export_site_data.py + static html/js/css	tables listed in site/data/export_manifest.json	6b2e350dccac01ed7c17fcf960cc08fcb06156312bd673610aa3628ec8f25571	114730
deliverables/2026-10-09/site/assets/fig_RF00522_6VUI_7REX_P1.png	scripts/export_site_data.py + static html/js/css	tables listed in site/data/export_manifest.json	8bb26e514467858f67b5df7c943fc13043502cd6abd4ec4d65a448390989a3b2	495607
deliverables/2026-10-09/site/assets/fig_RF00522_6VUI_7REX_anchorfit_shared.png	scripts/export_site_data.py + static html/js/css	tables listed in site/data/export_manifest.json	6232eae8fdf37f4aa8cb3c0848cadc616a0fe41a967311fce418f265201c2a6e	133029
deliverables/2026-10-09/site/assets/fig_RF00522_6VUI_7REX_anchorfit_shared_flank_excl.png	scripts/export_site_data.py + static html/js/css	tables listed in site/data/export_manifest.json	bae2a73b2b1049e9cc0abe8f64893df64ac4d615ff7f2055ae9ccfc696ff5710	130123
deliverables/2026-10-09/site/data/candidate_7rex.json	scripts/export_site_data.py + static html/js/css	tables listed in site/data/export_manifest.json	c2fd941b61d0bb68400a9de4f7628e15d3906eb74934b33d024043b002f3d61e	85210
deliverables/2026-10-09/site/data/candidate_screening.json	scripts/export_site_data.py + static html/js/css	tables listed in site/data/export_manifest.json	ce6e852d8a843d795fff8afaffbefcddef895a68908343867ffc7ccd5b8dffd2	19275
deliverables/2026-10-09/site/data/construct_review.json	scripts/export_site_data.py + static html/js/css	tables listed in site/data/export_manifest.json	9f8916fcfd69762243daf899b9bb34c0a8631f7b43697a6ed29cb96631b1da92	14145
deliverables/2026-10-09/site/data/downloads.json	scripts/export_site_data.py + static html/js/css	tables listed in site/data/export_manifest.json	a5f028fb2db32bd6bd1ce8e64fc61eb37f44fee6c9a3e3b8bb370e3f32ad4b64	8077
deliverables/2026-10-09/site/data/exact_source_check.json	scripts/export_site_data.py + static html/js/css	tables listed in site/data/export_manifest.json	e8c4f0bb6472b0d85f54eaa6cb9b9248d100e9d1d35480d8136cc6dc7669dc21	5242
deliverables/2026-10-09/site/data/export_manifest.json	scripts/export_site_data.py + static html/js/css	tables listed in site/data/export_manifest.json	80e72d317ad39ceb6ab70609af36504e840483a4611b04986e157fde9676e769	8047
deliverables/2026-10-09/site/data/families.json	scripts/export_site_data.py + static html/js/css	tables listed in site/data/export_manifest.json	b87aab24558caa0be19bdc6dd4126c91932ff6da33e6e8c0bd9e25b61ddc8252	65727
deliverables/2026-10-09/site/data/figures.json	scripts/export_site_data.py + static html/js/css	tables listed in site/data/export_manifest.json	d289800518ad07ced28b411916056caa0905c653e17ddb000840dc3e6a91a0e4	873
deliverables/2026-10-09/site/data/fresh_repro_other4.json	scripts/export_site_data.py + static html/js/css	tables listed in site/data/export_manifest.json	363dce4d465a8ea98d4b2c6b7448abedc69aa9cce45f2786057ea10f195b2fe8	9670
deliverables/2026-10-09/site/data/funnel.json	scripts/export_site_data.py + static html/js/css	tables listed in site/data/export_manifest.json	0f6c82be31852cb9c0a0641cd47fcac40ab9a72800ef9e89686bc9bc4eabd187	672
deliverables/2026-10-09/site/data/interactions.json	scripts/export_site_data.py + static html/js/css	tables listed in site/data/export_manifest.json	cccd57f3ced17a029cdaa1cae871e9961a5622198b042114215fb5ecf4535508	126176
deliverables/2026-10-09/site/data/method_differences.json	scripts/export_site_data.py + static html/js/css	tables listed in site/data/export_manifest.json	342a2d53f390654086ca2ea5017723b2bfad8e64cc9d5bbd5a12dc09372a17d6	9116
deliverables/2026-10-09/site/data/new_pair_summary.json	scripts/export_site_data.py + static html/js/css	tables listed in site/data/export_manifest.json	8996e3f44235a49216088cd44c0b6e5f5c845245c0434bd955edf1fcf8a63d2e	102
deliverables/2026-10-09/site/data/pair_summary.json	scripts/export_site_data.py + static html/js/css	tables listed in site/data/export_manifest.json	5a11449e262978e85867de51cc10349d6c2ae87c2a7c5d1bbe4fa6fb440c38f9	19069
deliverables/2026-10-09/site/data/pairs.json	scripts/export_site_data.py + static html/js/css	tables listed in site/data/export_manifest.json	56ea9c261e7a88ec356a4a30b2f4bf20a29655bef68e6c87e00fb9be70483eb9	4756
deliverables/2026-10-09/site/data/regions.json	scripts/export_site_data.py + static html/js/css	tables listed in site/data/export_manifest.json	753136d3cab93f928fbc5ce669d8df56b8e8518d2ed81645e8b9c23497080135	8434
deliverables/2026-10-09/site/data/representatives.json	scripts/export_site_data.py + static html/js/css	tables listed in site/data/export_manifest.json	efa8e2e0a32fe5bc68a0f452fc788b743c0ce239ae42cda7a63f3ba462292d26	4958
deliverables/2026-10-09/site/data/requirements_status.json	scripts/export_site_data.py + static html/js/css	tables listed in site/data/export_manifest.json	db79ae5b47090d2e5fba20316543a360d091a6649f7a95869c56b06555de52f5	2703
deliverables/2026-10-09/site/data/results_status.json	scripts/export_site_data.py + static html/js/css	tables listed in site/data/export_manifest.json	5b26a45245c84a05dbc328a48235cce39354417384b3c4b53efa413e0bb3e5cb	3321
deliverables/2026-10-09/site/data/rf00522_rows.json	scripts/export_site_data.py + static html/js/css	tables listed in site/data/export_manifest.json	4a4f8e419bc8476c6cf97d696937b7d9f4c2a63cc1625f14202de3d4ea46c351	8441
deliverables/2026-10-09/site/data/run_status.json	scripts/export_site_data.py + static html/js/css	tables listed in site/data/export_manifest.json	82f44773c87863972699902a988b9489aa9ab980c67dcbedd11dd92778231892	298
deliverables/2026-10-09/site/data/survey_b.json	scripts/export_site_data.py + static html/js/css	tables listed in site/data/export_manifest.json	7720cbca497250db7f72e57d6e40a60300392926b34a5d652947a04df18e54a8	1605
deliverables/2026-10-09/site/data/test_results.json	scripts/export_site_data.py + static html/js/css	tables listed in site/data/export_manifest.json	0e9e9add41dea2e43f2260f99b8c235831f634ea7c5ec69b1029e0e59868b030	542
deliverables/2026-10-09/site/data/validation_checks.json	scripts/export_site_data.py + static html/js/css	tables listed in site/data/export_manifest.json	8db0f2d6e09c1038b7ee7ee39afc371ba6873b0af7299121acb3c09d2e328c93	2318
deliverables/2026-10-09/site/downloads/README.md	scripts/export_site_data.py + static html/js/css	tables listed in site/data/export_manifest.json	fbd5041e02f275549b65d90d66616cdfffc46b8f946773c8fd89fceebb5d1507	3055
deliverables/2026-10-09/site/downloads/RF00522_P1_register_all_rows.tsv	scripts/export_site_data.py + static html/js/css	tables listed in site/data/export_manifest.json	b349ec9f667a76b3b560b96a08295c7a6f64a526ebc9fa4a6f31eeb090ead902	1661
deliverables/2026-10-09/site/downloads/STAR3D_execution_audit.md	scripts/export_site_data.py + static html/js/css	tables listed in site/data/export_manifest.json	a43c5bb59083a52094eccd716b887a7f64d715cca30c1705bcdcaf0db602b86a	22852
deliverables/2026-10-09/site/downloads/adjustment_interaction_summary.tsv	scripts/export_site_data.py + static html/js/css	tables listed in site/data/export_manifest.json	3d8beda20f425e332ad7bf69be7c772d3e14fd0a15ef6c46d451a117b5237dd2	519
deliverables/2026-10-09/site/downloads/adjustment_validation.json	scripts/export_site_data.py + static html/js/css	tables listed in site/data/export_manifest.json	87c8cfb4488514b6ee71fcd3f7b973a0befdd84afc32153aded73bd595175eb6	821
deliverables/2026-10-09/site/downloads/blockers.md	scripts/export_site_data.py + static html/js/css	tables listed in site/data/export_manifest.json	e9a76a8c422e3cfe1054cd1b10b5bdac19d1e4e7e9293c72674740751c37b34c	3050
deliverables/2026-10-09/site/downloads/candidate_7REX_correspondence.tsv	scripts/export_site_data.py + static html/js/css	tables listed in site/data/export_manifest.json	aff34b802abbb257fa68730ab3a8ff86fb0328e3a7b489f6a9be6eac72fe2787	27590
deliverables/2026-10-09/site/downloads/candidate_7REX_counts.tsv	scripts/export_site_data.py + static html/js/css	tables listed in site/data/export_manifest.json	0b064d43de27794c81e9ee7a317b385f4c4da35109aa4d89edc69e96c41a8902	2237
deliverables/2026-10-09/site/downloads/candidate_7REX_excluded_from_common_set.tsv	scripts/export_site_data.py + static html/js/css	tables listed in site/data/export_manifest.json	9556910df804452643945bf1c3b10d12f5d17b28f4e1ebe3746f46a09dd882cf	937
deliverables/2026-10-09/site/downloads/candidate_7REX_method_differences.tsv	scripts/export_site_data.py + static html/js/css	tables listed in site/data/export_manifest.json	a2c2453b25be753cfbdad94ce73e3cb0bfeda9d91db497938e2fb2393b4e560f	2752
deliverables/2026-10-09/site/downloads/candidate_evidence_update.md	scripts/export_site_data.py + static html/js/css	tables listed in site/data/export_manifest.json	a28cbd542adb0feb2fb7fddaf26169ea0eb698c5236d89de9a269bf00d212494	11046
deliverables/2026-10-09/site/downloads/candidate_screening.tsv	scripts/export_site_data.py + static html/js/css	tables listed in site/data/export_manifest.json	4ceb22ed683510e0cb8e44950cf9e3da9654a907d0fb0c2bbfc3adb659056ce2	13041
deliverables/2026-10-09/site/downloads/data_dictionary.md	scripts/export_site_data.py + static html/js/css	tables listed in site/data/export_manifest.json	02804115e915c7f620a7e440a392c97678aef67588beddf214fc2387a75051e4	10017
deliverables/2026-10-09/site/downloads/downloads.tsv	scripts/export_site_data.py + static html/js/css	tables listed in site/data/export_manifest.json	e65c706771a2e6d3811ea0ccb9778027c7b4d441870cd2cdb527d136df62879c	1394
deliverables/2026-10-09/site/downloads/evidence_cards.md	scripts/export_site_data.py + static html/js/css	tables listed in site/data/export_manifest.json	b27cc0a7827d7a002ab6252f59afd0766dc9465ba85150f6a63392c0b8ab7e36	25125
deliverables/2026-10-09/site/downloads/family_inventory.tsv	scripts/export_site_data.py + static html/js/css	tables listed in site/data/export_manifest.json	f67ea06e486f4846ae33ded97222ba58a04a635cfb51ef3993193a94785061da	21098
deliverables/2026-10-09/site/downloads/fr3d_verify_regenerate.tsv	scripts/export_site_data.py + static html/js/css	tables listed in site/data/export_manifest.json	6d63a82a8f72e6db5c6547c4cd5cc47031648ada9f3b7e290418c4bb7cd14666	3740
deliverables/2026-10-09/site/downloads/fresh_repro_other4.tsv	scripts/export_site_data.py + static html/js/css	tables listed in site/data/export_manifest.json	cc7c0283f45cd2c4c5dbe6732af9a97b51bad06e2ee661815337bdb91e82586a	2193
deliverables/2026-10-09/site/downloads/interaction_summary.tsv	scripts/export_site_data.py + static html/js/css	tables listed in site/data/export_manifest.json	bc261ebc9df8a7871f2af6047c103f3a9fb3e5006fca2df30086534a4fc4223c	19243
deliverables/2026-10-09/site/downloads/meeting_script.md	scripts/export_site_data.py + static html/js/css	tables listed in site/data/export_manifest.json	7315cc8d8607b83e43f70d99155b77d38f966029e0f185356f1c7ad5ccd879ca	1788
deliverables/2026-10-09/site/downloads/pair_summary.tsv	scripts/export_site_data.py + static html/js/css	tables listed in site/data/export_manifest.json	dda8623d0fd281c2a60417a272925622c4d1d06b368134e1e173bbc0ec4edb02	11480
deliverables/2026-10-09/site/downloads/professor_report.md	scripts/export_site_data.py + static html/js/css	tables listed in site/data/export_manifest.json	e7bee1150352220760e9dcb999a91b19af22b375551c78cacbbbad2dddd14075	12851
deliverables/2026-10-09/site/downloads/professor_summary.md	scripts/export_site_data.py + static html/js/css	tables listed in site/data/export_manifest.json	1e7b8935974a7ddc10b52c46ff91798b05981c45c5d47859f31726c58238e1da	4542
deliverables/2026-10-09/site/downloads/readiness.json	scripts/export_site_data.py + static html/js/css	tables listed in site/data/export_manifest.json	b458171cbcc3f2137abd5cc0daa15f270b6bd50980603bbfeeb4285b554b6e70	1984
deliverables/2026-10-09/site/downloads/region_review.tsv	scripts/export_site_data.py + static html/js/css	tables listed in site/data/export_manifest.json	86c54396373d693bd49d77cbb631d5093cb8962d7a929d0001998523939a9d63	9231
deliverables/2026-10-09/site/downloads/repair_impact_report.md	scripts/export_site_data.py + static html/js/css	tables listed in site/data/export_manifest.json	4055728c14846fcbfebaf4f939ddf4075cebc1114ef9c61cbfcb066b55bf4eb4	7847
deliverables/2026-10-09/site/downloads/report.md	scripts/export_site_data.py + static html/js/css	tables listed in site/data/export_manifest.json	eaa46c7b38a4e7d1081baabb2c418b02ddc546d46083a44df0426655c826bb11	11563
deliverables/2026-10-09/site/downloads/requirements_status.tsv	scripts/export_site_data.py + static html/js/css	tables listed in site/data/export_manifest.json	3f62d6d6b191a3ef566311eaaaa95c6f7379078aaaa4875f21af0478c47acf02	1973
deliverables/2026-10-09/site/downloads/results_status.tsv	scripts/export_site_data.py + static html/js/css	tables listed in site/data/export_manifest.json	3f86d3256a9233cf8456d05c65063ae1ecd6ff64d8b2f6bc9302390d40e51710	2165
deliverables/2026-10-09/site/downloads/screening_notes.md	scripts/export_site_data.py + static html/js/css	tables listed in site/data/export_manifest.json	23cca3ee0b7d930f83b89d59e467642353da4e7d2037c4f31010d1248758c41b	4761
deliverables/2026-10-09/site/downloads/selected_pairs.tsv	scripts/export_site_data.py + static html/js/css	tables listed in site/data/export_manifest.json	0ae4ea124e1dd08bcc43c614eb907235ad785fcc2f0a1daa0b558b26f2ece28d	2527
deliverables/2026-10-09/site/downloads/survey_b_summary.tsv	scripts/export_site_data.py + static html/js/css	tables listed in site/data/export_manifest.json	95c9ea04c15fb03fe54aac66d849d5b95e43279a0322ec7374357cc11c62f174	911
deliverables/2026-10-09/site/downloads/test_results.tsv	scripts/export_site_data.py + static html/js/css	tables listed in site/data/export_manifest.json	463395df30ddc821948dbed0e77f6e3042cf0c8a56efd7f65f78bf46c888b00d	222
deliverables/2026-10-09/site/downloads/validation_checks.tsv	scripts/export_site_data.py + static html/js/css	tables listed in site/data/export_manifest.json	7100c7950cd38c74d9b511f0ccdf1158f920cac7f72cf0d4a818a3374ba4e1f1	1468
deliverables/2026-10-09/site/downloads/validation_report.md	scripts/export_site_data.py + static html/js/css	tables listed in site/data/export_manifest.json	91ac9fd893fc7749936f2ede1718d04bd42cb51f34769c8bb7fd754bc23173cc	5285
deliverables/2026-10-09/site/downloads/weekly_progress_update.md	scripts/export_site_data.py + static html/js/css	tables listed in site/data/export_manifest.json	36d03261ffdd147e7a00afb0724b33570853bc1d7d52b71438de342b2e0d892a	2727
deliverables/2026-10-09/site/index.html	scripts/export_site_data.py + static html/js/css	tables listed in site/data/export_manifest.json	0a35387c092d54a557368a23637f0dfc991453dcc66fc856c90e1a2466f7bc45	13098
deliverables/2026-10-09/site/style.css	scripts/export_site_data.py + static html/js/css	tables listed in site/data/export_manifest.json	07b4b27f4d0e316b8cd1de849f65e07ba33af07739bdb0cdc8051839b9badc67	6731
deliverables/2026-10-09/STAR3D_execution_audit.md	hand-written reports (AI agent)	tables above	a43c5bb59083a52094eccd716b887a7f64d715cca30c1705bcdcaf0db602b86a	22852
deliverables/2026-10-09/candidate_evidence_update.md	hand-written reports (AI agent)	tables above	a28cbd542adb0feb2fb7fddaf26169ea0eb698c5236d89de9a269bf00d212494	11046
deliverables/2026-10-09/meeting_script.md	hand-written reports (AI agent)	tables above	7315cc8d8607b83e43f70d99155b77d38f966029e0f185356f1c7ad5ccd879ca	1788
deliverables/2026-10-09/professor_report.md	hand-written reports (AI agent)	tables above	e7bee1150352220760e9dcb999a91b19af22b375551c78cacbbbad2dddd14075	12851
deliverables/2026-10-09/readiness.json	hand-written reports (AI agent)	tables above	b458171cbcc3f2137abd5cc0daa15f270b6bd50980603bbfeeb4285b554b6e70	1984
deliverables/2026-10-09/repair_impact_report.md	hand-written reports (AI agent)	tables above	4055728c14846fcbfebaf4f939ddf4075cebc1114ef9c61cbfcb066b55bf4eb4	7847
deliverables/2026-10-09/weekly_progress_update.md	hand-written reports (AI agent)	tables above	36d03261ffdd147e7a00afb0724b33570853bc1d7d52b71438de342b2e0d892a	2727
