run_id	pair_id	direction	replicate	source_rep	source_row_index	source_nt	source_label_seq_id	source_auth	source_observed	source_masked	original_column	rfam_partner	rfam_partner_nt	rfam_partner_auth	star3d_partner	star3d_partner_nt	star3d_partner_auth	category	rfam_missing_reason	star3d_missing_reason	rfam_pair_structurally_assessable	partner_offset	reference_source	rfam_release	seed_sha256
RF00522__3FU2_A__6VUI_A__a3__forward__rep1	RF00522__3FU2_A__6VUI_A	forward	1	RF00522__3FU2_A	1	A	1	A:1	yes	no	6	1	C	A:1	1	C	A:1	same_partner	NA	NA	yes	0	Rfam.seed.gz	15.1	41f014f4ab5628620935f089b1bb77987ebc162fda7c72bff368a32c9cccabac
RF00522__3FU2_A__6VUI_A__a3__forward__rep1	RF00522__3FU2_A__6VUI_A	forward	1	RF00522__3FU2_A	2	G	2	A:2	yes	no	7	2	U	A:2	2	U	A:2	same_partner	NA	NA	yes	0	Rfam.seed.gz	15.1	41f014f4ab5628620935f089b1bb77987ebc162fda7c72bff368a32c9cccabac
RF00522__3FU2_A__6VUI_A__a3__forward__rep1	RF00522__3FU2_A__6VUI_A	forward	1	RF00522__3FU2_A	3	A	3	A:3	yes	no	8	3	G	A:3	3	G	A:3	same_partner	NA	NA	yes	0	Rfam.seed.gz	15.1	41f014f4ab5628620935f089b1bb77987ebc162fda7c72bff368a32c9cccabac
RF00522__3FU2_A__6VUI_A__a3__forward__rep1	RF00522__3FU2_A__6VUI_A	forward	1	RF00522__3FU2_A	4	G	4	A:4	yes	no	9	4	G	A:4	4	G	A:4	same_partner	NA	NA	yes	0	Rfam.seed.gz	15.1	41f014f4ab5628620935f089b1bb77987ebc162fda7c72bff368a32c9cccabac
RF00522__3FU2_A__6VUI_A__a3__forward__rep1	RF00522__3FU2_A__6VUI_A	forward	1	RF00522__3FU2_A	5	G	5	A:5	yes	no	10	5	G	A:5	5	G	A:5	same_partner	NA	NA	yes	0	Rfam.seed.gz	15.1	41f014f4ab5628620935f089b1bb77987ebc162fda7c72bff368a32c9cccabac
RF00522__3FU2_A__6VUI_A__a3__forward__rep1	RF00522__3FU2_A__6VUI_A	forward	1	RF00522__3FU2_A	6	U	6	A:6	yes	no	11	6	U	A:6	6	U	A:6	same_partner	NA	NA	yes	0	Rfam.seed.gz	15.1	41f014f4ab5628620935f089b1bb77987ebc162fda7c72bff368a32c9cccabac
RF00522__3FU2_A__6VUI_A__a3__forward__rep1	RF00522__3FU2_A__6VUI_A	forward	1	RF00522__3FU2_A	7	U	7	A:7	yes	no	12	NA	NA	NA	7	C	A:7	star3d_only	alignment_gap_in_standard_seed	NA	no	NA	Rfam.seed.gz	15.1	41f014f4ab5628620935f089b1bb77987ebc162fda7c72bff368a32c9cccabac
RF00522__3FU2_A__6VUI_A__a3__forward__rep1	RF00522__3FU2_A__6VUI_A	forward	1	RF00522__3FU2_A	8	C	8	A:8	yes	no	13	7	C	A:7	8	G	A:8	different_partner	NA	NA	yes	1	Rfam.seed.gz	15.1	41f014f4ab5628620935f089b1bb77987ebc162fda7c72bff368a32c9cccabac
RF00522__3FU2_A__6VUI_A__a3__forward__rep1	RF00522__3FU2_A__6VUI_A	forward	1	RF00522__3FU2_A	9	U	9	A:9	yes	no	15	9	C	A:9	9	C	A:9	same_partner	NA	NA	yes	0	Rfam.seed.gz	15.1	41f014f4ab5628620935f089b1bb77987ebc162fda7c72bff368a32c9cccabac
RF00522__3FU2_A__6VUI_A__a3__forward__rep1	RF00522__3FU2_A__6VUI_A	forward	1	RF00522__3FU2_A	10	A	10	A:10	yes	no	16	10	A	A:10	10	A	A:10	same_partner	NA	NA	yes	0	Rfam.seed.gz	15.1	41f014f4ab5628620935f089b1bb77987ebc162fda7c72bff368a32c9cccabac
RF00522__3FU2_A__6VUI_A__a3__forward__rep1	RF00522__3FU2_A__6VUI_A	forward	1	RF00522__3FU2_A	11	G	11	A:11	yes	no	17	11	G	A:11	11	G	A:11	same_partner	NA	NA	yes	0	Rfam.seed.gz	15.1	41f014f4ab5628620935f089b1bb77987ebc162fda7c72bff368a32c9cccabac
RF00522__3FU2_A__6VUI_A__a3__forward__rep1	RF00522__3FU2_A__6VUI_A	forward	1	RF00522__3FU2_A	12	C	12	A:12	yes	no	20	12	U	A:12	12	U	A:12	same_partner	NA	NA	yes	0	Rfam.seed.gz	15.1	41f014f4ab5628620935f089b1bb77987ebc162fda7c72bff368a32c9cccabac
RF00522__3FU2_A__6VUI_A__a3__forward__rep1	RF00522__3FU2_A__6VUI_A	forward	1	RF00522__3FU2_A	13	U	13	A:13	no	no	21	NA	NA	NA	NA	NA	NA	neither	alignment_gap_in_standard_seed	missing_coordinates_source	no	NA	Rfam.seed.gz	15.1	41f014f4ab5628620935f089b1bb77987ebc162fda7c72bff368a32c9cccabac
RF00522__3FU2_A__6VUI_A__a3__forward__rep1	RF00522__3FU2_A__6VUI_A	forward	1	RF00522__3FU2_A	14	A	14	A:14	no	no	22	13	A	A:13	NA	NA	NA	rfam_only	NA	missing_coordinates_source	no	NA	Rfam.seed.gz	15.1	41f014f4ab5628620935f089b1bb77987ebc162fda7c72bff368a32c9cccabac
RF00522__3FU2_A__6VUI_A__a3__forward__rep1	RF00522__3FU2_A__6VUI_A	forward	1	RF00522__3FU2_A	15	C	15	A:15	yes	no	24	NA	NA	NA	13	A	A:13	star3d_only	alignment_gap_in_standard_seed	NA	no	NA	Rfam.seed.gz	15.1	41f014f4ab5628620935f089b1bb77987ebc162fda7c72bff368a32c9cccabac
RF00522__3FU2_A__6VUI_A__a3__forward__rep1	RF00522__3FU2_A__6VUI_A	forward	1	RF00522__3FU2_A	16	A	16	A:16	yes	no	25	14	A	A:14	14	A	A:14	same_partner	NA	NA	yes	0	Rfam.seed.gz	15.1	41f014f4ab5628620935f089b1bb77987ebc162fda7c72bff368a32c9cccabac
RF00522__3FU2_A__6VUI_A__a3__forward__rep1	RF00522__3FU2_A__6VUI_A	forward	1	RF00522__3FU2_A	17	C	17	A:17	yes	no	26	15	C	A:15	15	C	A:15	same_partner	NA	NA	yes	0	Rfam.seed.gz	15.1	41f014f4ab5628620935f089b1bb77987ebc162fda7c72bff368a32c9cccabac
RF00522__3FU2_A__6VUI_A__a3__forward__rep1	RF00522__3FU2_A__6VUI_A	forward	1	RF00522__3FU2_A	18	C	18	A:18	yes	no	27	16	C	A:16	16	C	A:16	same_partner	NA	NA	yes	0	Rfam.seed.gz	15.1	41f014f4ab5628620935f089b1bb77987ebc162fda7c72bff368a32c9cccabac
RF00522__3FU2_A__6VUI_A__a3__forward__rep1	RF00522__3FU2_A__6VUI_A	forward	1	RF00522__3FU2_A	19	C	19	A:19	yes	no	28	17	C	A:17	17	C	A:17	same_partner	NA	NA	yes	0	Rfam.seed.gz	15.1	41f014f4ab5628620935f089b1bb77987ebc162fda7c72bff368a32c9cccabac
RF00522__3FU2_A__6VUI_A__a3__forward__rep1	RF00522__3FU2_A__6VUI_A	forward	1	RF00522__3FU2_A	20	U	20	A:20	yes	no	29	18	C	A:18	18	C	A:18	same_partner	NA	NA	yes	0	Rfam.seed.gz	15.1	41f014f4ab5628620935f089b1bb77987ebc162fda7c72bff368a32c9cccabac
RF00522__3FU2_A__6VUI_A__a3__forward__rep1	RF00522__3FU2_A__6VUI_A	forward	1	RF00522__3FU2_A	21	C	21	A:21	yes	no	30	19	A	A:19	19	A	A:19	same_partner	NA	NA	yes	0	Rfam.seed.gz	15.1	41f014f4ab5628620935f089b1bb77987ebc162fda7c72bff368a32c9cccabac
RF00522__3FU2_A__6VUI_A__a3__forward__rep1	RF00522__3FU2_A__6VUI_A	forward	1	RF00522__3FU2_A	22	U	22	A:22	yes	no	31	20	G	A:20	20	G	A:20	same_partner	NA	NA	yes	0	Rfam.seed.gz	15.1	41f014f4ab5628620935f089b1bb77987ebc162fda7c72bff368a32c9cccabac
RF00522__3FU2_A__6VUI_A__a3__forward__rep1	RF00522__3FU2_A__6VUI_A	forward	1	RF00522__3FU2_A	23	A	23	A:23	yes	no	53	22	U	A:22	21	U	A:21	different_partner	NA	NA	yes	-1	Rfam.seed.gz	15.1	41f014f4ab5628620935f089b1bb77987ebc162fda7c72bff368a32c9cccabac
RF00522__3FU2_A__6VUI_A__a3__forward__rep1	RF00522__3FU2_A__6VUI_A	forward	1	RF00522__3FU2_A	24	U	24	A:24	yes	no	54	23	A	A:23	22	U	A:22	different_partner	NA	NA	yes	-1	Rfam.seed.gz	15.1	41f014f4ab5628620935f089b1bb77987ebc162fda7c72bff368a32c9cccabac
RF00522__3FU2_A__6VUI_A__a3__forward__rep1	RF00522__3FU2_A__6VUI_A	forward	1	RF00522__3FU2_A	25	A	25	A:25	yes	no	55	24	A	A:24	24	A	A:24	same_partner	NA	NA	yes	0	Rfam.seed.gz	15.1	41f014f4ab5628620935f089b1bb77987ebc162fda7c72bff368a32c9cccabac
RF00522__3FU2_A__6VUI_A__a3__forward__rep1	RF00522__3FU2_A__6VUI_A	forward	1	RF00522__3FU2_A	26	A	26	A:26	yes	no	56	25	C	A:25	25	C	A:25	same_partner	NA	NA	yes	0	Rfam.seed.gz	15.1	41f014f4ab5628620935f089b1bb77987ebc162fda7c72bff368a32c9cccabac
RF00522__3FU2_A__6VUI_A__a3__forward__rep1	RF00522__3FU2_A__6VUI_A	forward	1	RF00522__3FU2_A	27	A	27	A:27	yes	no	57	26	A	A:26	26	A	A:26	same_partner	NA	NA	yes	0	Rfam.seed.gz	15.1	41f014f4ab5628620935f089b1bb77987ebc162fda7c72bff368a32c9cccabac
RF00522__3FU2_A__6VUI_A__a3__forward__rep1	RF00522__3FU2_A__6VUI_A	forward	1	RF00522__3FU2_A	28	A	28	A:28	yes	no	58	27	A	A:27	27	A	A:27	same_partner	NA	NA	yes	0	Rfam.seed.gz	15.1	41f014f4ab5628620935f089b1bb77987ebc162fda7c72bff368a32c9cccabac
RF00522__3FU2_A__6VUI_A__a3__forward__rep1	RF00522__3FU2_A__6VUI_A	forward	1	RF00522__3FU2_A	29	A	29	A:29	yes	no	59	28	A	A:28	28	A	A:28	same_partner	NA	NA	yes	0	Rfam.seed.gz	15.1	41f014f4ab5628620935f089b1bb77987ebc162fda7c72bff368a32c9cccabac
RF00522__3FU2_A__6VUI_A__a3__forward__rep1	RF00522__3FU2_A__6VUI_A	forward	1	RF00522__3FU2_A	30	A	30	A:30	yes	no	60	29	A	A:29	29	A	A:29	same_partner	NA	NA	yes	0	Rfam.seed.gz	15.1	41f014f4ab5628620935f089b1bb77987ebc162fda7c72bff368a32c9cccabac
RF00522__3FU2_A__6VUI_A__a3__forward__rep1	RF00522__3FU2_A__6VUI_A	forward	1	RF00522__3FU2_A	31	C	31	A:31	yes	no	61	30	C	A:30	30	C	A:30	same_partner	NA	NA	yes	0	Rfam.seed.gz	15.1	41f014f4ab5628620935f089b1bb77987ebc162fda7c72bff368a32c9cccabac
RF00522__3FU2_A__6VUI_A__a3__forward__rep1	RF00522__3FU2_A__6VUI_A	forward	1	RF00522__3FU2_A	32	U	32	A:32	yes	no	62	NA	NA	NA	32	A	A:32	star3d_only	alignment_gap_in_standard_seed	NA	no	NA	Rfam.seed.gz	15.1	41f014f4ab5628620935f089b1bb77987ebc162fda7c72bff368a32c9cccabac
RF00522__3FU2_A__6VUI_A__a3__forward__rep1	RF00522__3FU2_A__6VUI_A	forward	1	RF00522__3FU2_A	33	A	33	A:33	yes	no	63	31	A	A:31	33	G	A:33	different_partner	NA	NA	yes	2	Rfam.seed.gz	15.1	41f014f4ab5628620935f089b1bb77987ebc162fda7c72bff368a32c9cccabac
RF00522__3FU2_A__6VUI_A__a3__forward__rep1	RF00522__3FU2_A__6VUI_A	forward	1	RF00522__3FU2_A	34	A	34	A:34	yes	no	64	32	A	A:32	NA	NA	NA	rfam_only	NA	algorithm_omission	yes	NA	Rfam.seed.gz	15.1	41f014f4ab5628620935f089b1bb77987ebc162fda7c72bff368a32c9cccabac
RF00522__3FU2_A__6VUI_A__a3__forward__rep2	RF00522__3FU2_A__6VUI_A	forward	2	RF00522__3FU2_A	1	A	1	A:1	yes	no	6	1	C	A:1	1	C	A:1	same_partner	NA	NA	yes	0	Rfam.seed.gz	15.1	41f014f4ab5628620935f089b1bb77987ebc162fda7c72bff368a32c9cccabac
RF00522__3FU2_A__6VUI_A__a3__forward__rep2	RF00522__3FU2_A__6VUI_A	forward	2	RF00522__3FU2_A	2	G	2	A:2	yes	no	7	2	U	A:2	2	U	A:2	same_partner	NA	NA	yes	0	Rfam.seed.gz	15.1	41f014f4ab5628620935f089b1bb77987ebc162fda7c72bff368a32c9cccabac
RF00522__3FU2_A__6VUI_A__a3__forward__rep2	RF00522__3FU2_A__6VUI_A	forward	2	RF00522__3FU2_A	3	A	3	A:3	yes	no	8	3	G	A:3	3	G	A:3	same_partner	NA	NA	yes	0	Rfam.seed.gz	15.1	41f014f4ab5628620935f089b1bb77987ebc162fda7c72bff368a32c9cccabac
RF00522__3FU2_A__6VUI_A__a3__forward__rep2	RF00522__3FU2_A__6VUI_A	forward	2	RF00522__3FU2_A	4	G	4	A:4	yes	no	9	4	G	A:4	4	G	A:4	same_partner	NA	NA	yes	0	Rfam.seed.gz	15.1	41f014f4ab5628620935f089b1bb77987ebc162fda7c72bff368a32c9cccabac
RF00522__3FU2_A__6VUI_A__a3__forward__rep2	RF00522__3FU2_A__6VUI_A	forward	2	RF00522__3FU2_A	5	G	5	A:5	yes	no	10	5	G	A:5	5	G	A:5	same_partner	NA	NA	yes	0	Rfam.seed.gz	15.1	41f014f4ab5628620935f089b1bb77987ebc162fda7c72bff368a32c9cccabac
RF00522__3FU2_A__6VUI_A__a3__forward__rep2	RF00522__3FU2_A__6VUI_A	forward	2	RF00522__3FU2_A	6	U	6	A:6	yes	no	11	6	U	A:6	6	U	A:6	same_partner	NA	NA	yes	0	Rfam.seed.gz	15.1	41f014f4ab5628620935f089b1bb77987ebc162fda7c72bff368a32c9cccabac
RF00522__3FU2_A__6VUI_A__a3__forward__rep2	RF00522__3FU2_A__6VUI_A	forward	2	RF00522__3FU2_A	7	U	7	A:7	yes	no	12	NA	NA	NA	7	C	A:7	star3d_only	alignment_gap_in_standard_seed	NA	no	NA	Rfam.seed.gz	15.1	41f014f4ab5628620935f089b1bb77987ebc162fda7c72bff368a32c9cccabac
RF00522__3FU2_A__6VUI_A__a3__forward__rep2	RF00522__3FU2_A__6VUI_A	forward	2	RF00522__3FU2_A	8	C	8	A:8	yes	no	13	7	C	A:7	8	G	A:8	different_partner	NA	NA	yes	1	Rfam.seed.gz	15.1	41f014f4ab5628620935f089b1bb77987ebc162fda7c72bff368a32c9cccabac
RF00522__3FU2_A__6VUI_A__a3__forward__rep2	RF00522__3FU2_A__6VUI_A	forward	2	RF00522__3FU2_A	9	U	9	A:9	yes	no	15	9	C	A:9	9	C	A:9	same_partner	NA	NA	yes	0	Rfam.seed.gz	15.1	41f014f4ab5628620935f089b1bb77987ebc162fda7c72bff368a32c9cccabac
RF00522__3FU2_A__6VUI_A__a3__forward__rep2	RF00522__3FU2_A__6VUI_A	forward	2	RF00522__3FU2_A	10	A	10	A:10	yes	no	16	10	A	A:10	10	A	A:10	same_partner	NA	NA	yes	0	Rfam.seed.gz	15.1	41f014f4ab5628620935f089b1bb77987ebc162fda7c72bff368a32c9cccabac
RF00522__3FU2_A__6VUI_A__a3__forward__rep2	RF00522__3FU2_A__6VUI_A	forward	2	RF00522__3FU2_A	11	G	11	A:11	yes	no	17	11	G	A:11	11	G	A:11	same_partner	NA	NA	yes	0	Rfam.seed.gz	15.1	41f014f4ab5628620935f089b1bb77987ebc162fda7c72bff368a32c9cccabac
RF00522__3FU2_A__6VUI_A__a3__forward__rep2	RF00522__3FU2_A__6VUI_A	forward	2	RF00522__3FU2_A	12	C	12	A:12	yes	no	20	12	U	A:12	12	U	A:12	same_partner	NA	NA	yes	0	Rfam.seed.gz	15.1	41f014f4ab5628620935f089b1bb77987ebc162fda7c72bff368a32c9cccabac
RF00522__3FU2_A__6VUI_A__a3__forward__rep2	RF00522__3FU2_A__6VUI_A	forward	2	RF00522__3FU2_A	13	U	13	A:13	no	no	21	NA	NA	NA	NA	NA	NA	neither	alignment_gap_in_standard_seed	missing_coordinates_source	no	NA	Rfam.seed.gz	15.1	41f014f4ab5628620935f089b1bb77987ebc162fda7c72bff368a32c9cccabac
RF00522__3FU2_A__6VUI_A__a3__forward__rep2	RF00522__3FU2_A__6VUI_A	forward	2	RF00522__3FU2_A	14	A	14	A:14	no	no	22	13	A	A:13	NA	NA	NA	rfam_only	NA	missing_coordinates_source	no	NA	Rfam.seed.gz	15.1	41f014f4ab5628620935f089b1bb77987ebc162fda7c72bff368a32c9cccabac
RF00522__3FU2_A__6VUI_A__a3__forward__rep2	RF00522__3FU2_A__6VUI_A	forward	2	RF00522__3FU2_A	15	C	15	A:15	yes	no	24	NA	NA	NA	13	A	A:13	star3d_only	alignment_gap_in_standard_seed	NA	no	NA	Rfam.seed.gz	15.1	41f014f4ab5628620935f089b1bb77987ebc162fda7c72bff368a32c9cccabac
RF00522__3FU2_A__6VUI_A__a3__forward__rep2	RF00522__3FU2_A__6VUI_A	forward	2	RF00522__3FU2_A	16	A	16	A:16	yes	no	25	14	A	A:14	14	A	A:14	same_partner	NA	NA	yes	0	Rfam.seed.gz	15.1	41f014f4ab5628620935f089b1bb77987ebc162fda7c72bff368a32c9cccabac
RF00522__3FU2_A__6VUI_A__a3__forward__rep2	RF00522__3FU2_A__6VUI_A	forward	2	RF00522__3FU2_A	17	C	17	A:17	yes	no	26	15	C	A:15	15	C	A:15	same_partner	NA	NA	yes	0	Rfam.seed.gz	15.1	41f014f4ab5628620935f089b1bb77987ebc162fda7c72bff368a32c9cccabac
RF00522__3FU2_A__6VUI_A__a3__forward__rep2	RF00522__3FU2_A__6VUI_A	forward	2	RF00522__3FU2_A	18	C	18	A:18	yes	no	27	16	C	A:16	16	C	A:16	same_partner	NA	NA	yes	0	Rfam.seed.gz	15.1	41f014f4ab5628620935f089b1bb77987ebc162fda7c72bff368a32c9cccabac
RF00522__3FU2_A__6VUI_A__a3__forward__rep2	RF00522__3FU2_A__6VUI_A	forward	2	RF00522__3FU2_A	19	C	19	A:19	yes	no	28	17	C	A:17	17	C	A:17	same_partner	NA	NA	yes	0	Rfam.seed.gz	15.1	41f014f4ab5628620935f089b1bb77987ebc162fda7c72bff368a32c9cccabac
RF00522__3FU2_A__6VUI_A__a3__forward__rep2	RF00522__3FU2_A__6VUI_A	forward	2	RF00522__3FU2_A	20	U	20	A:20	yes	no	29	18	C	A:18	18	C	A:18	same_partner	NA	NA	yes	0	Rfam.seed.gz	15.1	41f014f4ab5628620935f089b1bb77987ebc162fda7c72bff368a32c9cccabac
RF00522__3FU2_A__6VUI_A__a3__forward__rep2	RF00522__3FU2_A__6VUI_A	forward	2	RF00522__3FU2_A	21	C	21	A:21	yes	no	30	19	A	A:19	19	A	A:19	same_partner	NA	NA	yes	0	Rfam.seed.gz	15.1	41f014f4ab5628620935f089b1bb77987ebc162fda7c72bff368a32c9cccabac
RF00522__3FU2_A__6VUI_A__a3__forward__rep2	RF00522__3FU2_A__6VUI_A	forward	2	RF00522__3FU2_A	22	U	22	A:22	yes	no	31	20	G	A:20	20	G	A:20	same_partner	NA	NA	yes	0	Rfam.seed.gz	15.1	41f014f4ab5628620935f089b1bb77987ebc162fda7c72bff368a32c9cccabac
RF00522__3FU2_A__6VUI_A__a3__forward__rep2	RF00522__3FU2_A__6VUI_A	forward	2	RF00522__3FU2_A	23	A	23	A:23	yes	no	53	22	U	A:22	21	U	A:21	different_partner	NA	NA	yes	-1	Rfam.seed.gz	15.1	41f014f4ab5628620935f089b1bb77987ebc162fda7c72bff368a32c9cccabac
RF00522__3FU2_A__6VUI_A__a3__forward__rep2	RF00522__3FU2_A__6VUI_A	forward	2	RF00522__3FU2_A	24	U	24	A:24	yes	no	54	23	A	A:23	22	U	A:22	different_partner	NA	NA	yes	-1	Rfam.seed.gz	15.1	41f014f4ab5628620935f089b1bb77987ebc162fda7c72bff368a32c9cccabac
RF00522__3FU2_A__6VUI_A__a3__forward__rep2	RF00522__3FU2_A__6VUI_A	forward	2	RF00522__3FU2_A	25	A	25	A:25	yes	no	55	24	A	A:24	24	A	A:24	same_partner	NA	NA	yes	0	Rfam.seed.gz	15.1	41f014f4ab5628620935f089b1bb77987ebc162fda7c72bff368a32c9cccabac
RF00522__3FU2_A__6VUI_A__a3__forward__rep2	RF00522__3FU2_A__6VUI_A	forward	2	RF00522__3FU2_A	26	A	26	A:26	yes	no	56	25	C	A:25	25	C	A:25	same_partner	NA	NA	yes	0	Rfam.seed.gz	15.1	41f014f4ab5628620935f089b1bb77987ebc162fda7c72bff368a32c9cccabac
RF00522__3FU2_A__6VUI_A__a3__forward__rep2	RF00522__3FU2_A__6VUI_A	forward	2	RF00522__3FU2_A	27	A	27	A:27	yes	no	57	26	A	A:26	26	A	A:26	same_partner	NA	NA	yes	0	Rfam.seed.gz	15.1	41f014f4ab5628620935f089b1bb77987ebc162fda7c72bff368a32c9cccabac
RF00522__3FU2_A__6VUI_A__a3__forward__rep2	RF00522__3FU2_A__6VUI_A	forward	2	RF00522__3FU2_A	28	A	28	A:28	yes	no	58	27	A	A:27	27	A	A:27	same_partner	NA	NA	yes	0	Rfam.seed.gz	15.1	41f014f4ab5628620935f089b1bb77987ebc162fda7c72bff368a32c9cccabac
RF00522__3FU2_A__6VUI_A__a3__forward__rep2	RF00522__3FU2_A__6VUI_A	forward	2	RF00522__3FU2_A	29	A	29	A:29	yes	no	59	28	A	A:28	28	A	A:28	same_partner	NA	NA	yes	0	Rfam.seed.gz	15.1	41f014f4ab5628620935f089b1bb77987ebc162fda7c72bff368a32c9cccabac
RF00522__3FU2_A__6VUI_A__a3__forward__rep2	RF00522__3FU2_A__6VUI_A	forward	2	RF00522__3FU2_A	30	A	30	A:30	yes	no	60	29	A	A:29	29	A	A:29	same_partner	NA	NA	yes	0	Rfam.seed.gz	15.1	41f014f4ab5628620935f089b1bb77987ebc162fda7c72bff368a32c9cccabac
RF00522__3FU2_A__6VUI_A__a3__forward__rep2	RF00522__3FU2_A__6VUI_A	forward	2	RF00522__3FU2_A	31	C	31	A:31	yes	no	61	30	C	A:30	30	C	A:30	same_partner	NA	NA	yes	0	Rfam.seed.gz	15.1	41f014f4ab5628620935f089b1bb77987ebc162fda7c72bff368a32c9cccabac
RF00522__3FU2_A__6VUI_A__a3__forward__rep2	RF00522__3FU2_A__6VUI_A	forward	2	RF00522__3FU2_A	32	U	32	A:32	yes	no	62	NA	NA	NA	32	A	A:32	star3d_only	alignment_gap_in_standard_seed	NA	no	NA	Rfam.seed.gz	15.1	41f014f4ab5628620935f089b1bb77987ebc162fda7c72bff368a32c9cccabac
RF00522__3FU2_A__6VUI_A__a3__forward__rep2	RF00522__3FU2_A__6VUI_A	forward	2	RF00522__3FU2_A	33	A	33	A:33	yes	no	63	31	A	A:31	33	G	A:33	different_partner	NA	NA	yes	2	Rfam.seed.gz	15.1	41f014f4ab5628620935f089b1bb77987ebc162fda7c72bff368a32c9cccabac
RF00522__3FU2_A__6VUI_A__a3__forward__rep2	RF00522__3FU2_A__6VUI_A	forward	2	RF00522__3FU2_A	34	A	34	A:34	yes	no	64	32	A	A:32	NA	NA	NA	rfam_only	NA	algorithm_omission	yes	NA	Rfam.seed.gz	15.1	41f014f4ab5628620935f089b1bb77987ebc162fda7c72bff368a32c9cccabac
RF00522__3FU2_A__6VUI_A__a3__forward__rep3	RF00522__3FU2_A__6VUI_A	forward	3	RF00522__3FU2_A	1	A	1	A:1	yes	no	6	1	C	A:1	1	C	A:1	same_partner	NA	NA	yes	0	Rfam.seed.gz	15.1	41f014f4ab5628620935f089b1bb77987ebc162fda7c72bff368a32c9cccabac
RF00522__3FU2_A__6VUI_A__a3__forward__rep3	RF00522__3FU2_A__6VUI_A	forward	3	RF00522__3FU2_A	2	G	2	A:2	yes	no	7	2	U	A:2	2	U	A:2	same_partner	NA	NA	yes	0	Rfam.seed.gz	15.1	41f014f4ab5628620935f089b1bb77987ebc162fda7c72bff368a32c9cccabac
RF00522__3FU2_A__6VUI_A__a3__forward__rep3	RF00522__3FU2_A__6VUI_A	forward	3	RF00522__3FU2_A	3	A	3	A:3	yes	no	8	3	G	A:3	3	G	A:3	same_partner	NA	NA	yes	0	Rfam.seed.gz	15.1	41f014f4ab5628620935f089b1bb77987ebc162fda7c72bff368a32c9cccabac
RF00522__3FU2_A__6VUI_A__a3__forward__rep3	RF00522__3FU2_A__6VUI_A	forward	3	RF00522__3FU2_A	4	G	4	A:4	yes	no	9	4	G	A:4	4	G	A:4	same_partner	NA	NA	yes	0	Rfam.seed.gz	15.1	41f014f4ab5628620935f089b1bb77987ebc162fda7c72bff368a32c9cccabac
RF00522__3FU2_A__6VUI_A__a3__forward__rep3	RF00522__3FU2_A__6VUI_A	forward	3	RF00522__3FU2_A	5	G	5	A:5	yes	no	10	5	G	A:5	5	G	A:5	same_partner	NA	NA	yes	0	Rfam.seed.gz	15.1	41f014f4ab5628620935f089b1bb77987ebc162fda7c72bff368a32c9cccabac
RF00522__3FU2_A__6VUI_A__a3__forward__rep3	RF00522__3FU2_A__6VUI_A	forward	3	RF00522__3FU2_A	6	U	6	A:6	yes	no	11	6	U	A:6	6	U	A:6	same_partner	NA	NA	yes	0	Rfam.seed.gz	15.1	41f014f4ab5628620935f089b1bb77987ebc162fda7c72bff368a32c9cccabac
RF00522__3FU2_A__6VUI_A__a3__forward__rep3	RF00522__3FU2_A__6VUI_A	forward	3	RF00522__3FU2_A	7	U	7	A:7	yes	no	12	NA	NA	NA	7	C	A:7	star3d_only	alignment_gap_in_standard_seed	NA	no	NA	Rfam.seed.gz	15.1	41f014f4ab5628620935f089b1bb77987ebc162fda7c72bff368a32c9cccabac
RF00522__3FU2_A__6VUI_A__a3__forward__rep3	RF00522__3FU2_A__6VUI_A	forward	3	RF00522__3FU2_A	8	C	8	A:8	yes	no	13	7	C	A:7	8	G	A:8	different_partner	NA	NA	yes	1	Rfam.seed.gz	15.1	41f014f4ab5628620935f089b1bb77987ebc162fda7c72bff368a32c9cccabac
RF00522__3FU2_A__6VUI_A__a3__forward__rep3	RF00522__3FU2_A__6VUI_A	forward	3	RF00522__3FU2_A	9	U	9	A:9	yes	no	15	9	C	A:9	9	C	A:9	same_partner	NA	NA	yes	0	Rfam.seed.gz	15.1	41f014f4ab5628620935f089b1bb77987ebc162fda7c72bff368a32c9cccabac
RF00522__3FU2_A__6VUI_A__a3__forward__rep3	RF00522__3FU2_A__6VUI_A	forward	3	RF00522__3FU2_A	10	A	10	A:10	yes	no	16	10	A	A:10	10	A	A:10	same_partner	NA	NA	yes	0	Rfam.seed.gz	15.1	41f014f4ab5628620935f089b1bb77987ebc162fda7c72bff368a32c9cccabac
RF00522__3FU2_A__6VUI_A__a3__forward__rep3	RF00522__3FU2_A__6VUI_A	forward	3	RF00522__3FU2_A	11	G	11	A:11	yes	no	17	11	G	A:11	11	G	A:11	same_partner	NA	NA	yes	0	Rfam.seed.gz	15.1	41f014f4ab5628620935f089b1bb77987ebc162fda7c72bff368a32c9cccabac
RF00522__3FU2_A__6VUI_A__a3__forward__rep3	RF00522__3FU2_A__6VUI_A	forward	3	RF00522__3FU2_A	12	C	12	A:12	yes	no	20	12	U	A:12	12	U	A:12	same_partner	NA	NA	yes	0	Rfam.seed.gz	15.1	41f014f4ab5628620935f089b1bb77987ebc162fda7c72bff368a32c9cccabac
RF00522__3FU2_A__6VUI_A__a3__forward__rep3	RF00522__3FU2_A__6VUI_A	forward	3	RF00522__3FU2_A	13	U	13	A:13	no	no	21	NA	NA	NA	NA	NA	NA	neither	alignment_gap_in_standard_seed	missing_coordinates_source	no	NA	Rfam.seed.gz	15.1	41f014f4ab5628620935f089b1bb77987ebc162fda7c72bff368a32c9cccabac
RF00522__3FU2_A__6VUI_A__a3__forward__rep3	RF00522__3FU2_A__6VUI_A	forward	3	RF00522__3FU2_A	14	A	14	A:14	no	no	22	13	A	A:13	NA	NA	NA	rfam_only	NA	missing_coordinates_source	no	NA	Rfam.seed.gz	15.1	41f014f4ab5628620935f089b1bb77987ebc162fda7c72bff368a32c9cccabac
RF00522__3FU2_A__6VUI_A__a3__forward__rep3	RF00522__3FU2_A__6VUI_A	forward	3	RF00522__3FU2_A	15	C	15	A:15	yes	no	24	NA	NA	NA	13	A	A:13	star3d_only	alignment_gap_in_standard_seed	NA	no	NA	Rfam.seed.gz	15.1	41f014f4ab5628620935f089b1bb77987ebc162fda7c72bff368a32c9cccabac
RF00522__3FU2_A__6VUI_A__a3__forward__rep3	RF00522__3FU2_A__6VUI_A	forward	3	RF00522__3FU2_A	16	A	16	A:16	yes	no	25	14	A	A:14	14	A	A:14	same_partner	NA	NA	yes	0	Rfam.seed.gz	15.1	41f014f4ab5628620935f089b1bb77987ebc162fda7c72bff368a32c9cccabac
RF00522__3FU2_A__6VUI_A__a3__forward__rep3	RF00522__3FU2_A__6VUI_A	forward	3	RF00522__3FU2_A	17	C	17	A:17	yes	no	26	15	C	A:15	15	C	A:15	same_partner	NA	NA	yes	0	Rfam.seed.gz	15.1	41f014f4ab5628620935f089b1bb77987ebc162fda7c72bff368a32c9cccabac
RF00522__3FU2_A__6VUI_A__a3__forward__rep3	RF00522__3FU2_A__6VUI_A	forward	3	RF00522__3FU2_A	18	C	18	A:18	yes	no	27	16	C	A:16	16	C	A:16	same_partner	NA	NA	yes	0	Rfam.seed.gz	15.1	41f014f4ab5628620935f089b1bb77987ebc162fda7c72bff368a32c9cccabac
RF00522__3FU2_A__6VUI_A__a3__forward__rep3	RF00522__3FU2_A__6VUI_A	forward	3	RF00522__3FU2_A	19	C	19	A:19	yes	no	28	17	C	A:17	17	C	A:17	same_partner	NA	NA	yes	0	Rfam.seed.gz	15.1	41f014f4ab5628620935f089b1bb77987ebc162fda7c72bff368a32c9cccabac
RF00522__3FU2_A__6VUI_A__a3__forward__rep3	RF00522__3FU2_A__6VUI_A	forward	3	RF00522__3FU2_A	20	U	20	A:20	yes	no	29	18	C	A:18	18	C	A:18	same_partner	NA	NA	yes	0	Rfam.seed.gz	15.1	41f014f4ab5628620935f089b1bb77987ebc162fda7c72bff368a32c9cccabac
RF00522__3FU2_A__6VUI_A__a3__forward__rep3	RF00522__3FU2_A__6VUI_A	forward	3	RF00522__3FU2_A	21	C	21	A:21	yes	no	30	19	A	A:19	19	A	A:19	same_partner	NA	NA	yes	0	Rfam.seed.gz	15.1	41f014f4ab5628620935f089b1bb77987ebc162fda7c72bff368a32c9cccabac
RF00522__3FU2_A__6VUI_A__a3__forward__rep3	RF00522__3FU2_A__6VUI_A	forward	3	RF00522__3FU2_A	22	U	22	A:22	yes	no	31	20	G	A:20	20	G	A:20	same_partner	NA	NA	yes	0	Rfam.seed.gz	15.1	41f014f4ab5628620935f089b1bb77987ebc162fda7c72bff368a32c9cccabac
RF00522__3FU2_A__6VUI_A__a3__forward__rep3	RF00522__3FU2_A__6VUI_A	forward	3	RF00522__3FU2_A	23	A	23	A:23	yes	no	53	22	U	A:22	21	U	A:21	different_partner	NA	NA	yes	-1	Rfam.seed.gz	15.1	41f014f4ab5628620935f089b1bb77987ebc162fda7c72bff368a32c9cccabac
RF00522__3FU2_A__6VUI_A__a3__forward__rep3	RF00522__3FU2_A__6VUI_A	forward	3	RF00522__3FU2_A	24	U	24	A:24	yes	no	54	23	A	A:23	22	U	A:22	different_partner	NA	NA	yes	-1	Rfam.seed.gz	15.1	41f014f4ab5628620935f089b1bb77987ebc162fda7c72bff368a32c9cccabac
RF00522__3FU2_A__6VUI_A__a3__forward__rep3	RF00522__3FU2_A__6VUI_A	forward	3	RF00522__3FU2_A	25	A	25	A:25	yes	no	55	24	A	A:24	24	A	A:24	same_partner	NA	NA	yes	0	Rfam.seed.gz	15.1	41f014f4ab5628620935f089b1bb77987ebc162fda7c72bff368a32c9cccabac
RF00522__3FU2_A__6VUI_A__a3__forward__rep3	RF00522__3FU2_A__6VUI_A	forward	3	RF00522__3FU2_A	26	A	26	A:26	yes	no	56	25	C	A:25	25	C	A:25	same_partner	NA	NA	yes	0	Rfam.seed.gz	15.1	41f014f4ab5628620935f089b1bb77987ebc162fda7c72bff368a32c9cccabac
RF00522__3FU2_A__6VUI_A__a3__forward__rep3	RF00522__3FU2_A__6VUI_A	forward	3	RF00522__3FU2_A	27	A	27	A:27	yes	no	57	26	A	A:26	26	A	A:26	same_partner	NA	NA	yes	0	Rfam.seed.gz	15.1	41f014f4ab5628620935f089b1bb77987ebc162fda7c72bff368a32c9cccabac
RF00522__3FU2_A__6VUI_A__a3__forward__rep3	RF00522__3FU2_A__6VUI_A	forward	3	RF00522__3FU2_A	28	A	28	A:28	yes	no	58	27	A	A:27	27	A	A:27	same_partner	NA	NA	yes	0	Rfam.seed.gz	15.1	41f014f4ab5628620935f089b1bb77987ebc162fda7c72bff368a32c9cccabac
RF00522__3FU2_A__6VUI_A__a3__forward__rep3	RF00522__3FU2_A__6VUI_A	forward	3	RF00522__3FU2_A	29	A	29	A:29	yes	no	59	28	A	A:28	28	A	A:28	same_partner	NA	NA	yes	0	Rfam.seed.gz	15.1	41f014f4ab5628620935f089b1bb77987ebc162fda7c72bff368a32c9cccabac
RF00522__3FU2_A__6VUI_A__a3__forward__rep3	RF00522__3FU2_A__6VUI_A	forward	3	RF00522__3FU2_A	30	A	30	A:30	yes	no	60	29	A	A:29	29	A	A:29	same_partner	NA	NA	yes	0	Rfam.seed.gz	15.1	41f014f4ab5628620935f089b1bb77987ebc162fda7c72bff368a32c9cccabac
RF00522__3FU2_A__6VUI_A__a3__forward__rep3	RF00522__3FU2_A__6VUI_A	forward	3	RF00522__3FU2_A	31	C	31	A:31	yes	no	61	30	C	A:30	30	C	A:30	same_partner	NA	NA	yes	0	Rfam.seed.gz	15.1	41f014f4ab5628620935f089b1bb77987ebc162fda7c72bff368a32c9cccabac
RF00522__3FU2_A__6VUI_A__a3__forward__rep3	RF00522__3FU2_A__6VUI_A	forward	3	RF00522__3FU2_A	32	U	32	A:32	yes	no	62	NA	NA	NA	32	A	A:32	star3d_only	alignment_gap_in_standard_seed	NA	no	NA	Rfam.seed.gz	15.1	41f014f4ab5628620935f089b1bb77987ebc162fda7c72bff368a32c9cccabac
RF00522__3FU2_A__6VUI_A__a3__forward__rep3	RF00522__3FU2_A__6VUI_A	forward	3	RF00522__3FU2_A	33	A	33	A:33	yes	no	63	31	A	A:31	33	G	A:33	different_partner	NA	NA	yes	2	Rfam.seed.gz	15.1	41f014f4ab5628620935f089b1bb77987ebc162fda7c72bff368a32c9cccabac
RF00522__3FU2_A__6VUI_A__a3__forward__rep3	RF00522__3FU2_A__6VUI_A	forward	3	RF00522__3FU2_A	34	A	34	A:34	yes	no	64	32	A	A:32	NA	NA	NA	rfam_only	NA	algorithm_omission	yes	NA	Rfam.seed.gz	15.1	41f014f4ab5628620935f089b1bb77987ebc162fda7c72bff368a32c9cccabac
RF00522__3FU2_A__6VUI_A__a3__reverse__rep1	RF00522__3FU2_A__6VUI_A	reverse	1	RF00522__3FU2_A	1	A	1	A:1	yes	no	6	1	C	A:1	1	C	A:1	same_partner	NA	NA	yes	0	Rfam.seed.gz	15.1	41f014f4ab5628620935f089b1bb77987ebc162fda7c72bff368a32c9cccabac
RF00522__3FU2_A__6VUI_A__a3__reverse__rep1	RF00522__3FU2_A__6VUI_A	reverse	1	RF00522__3FU2_A	2	G	2	A:2	yes	no	7	2	U	A:2	2	U	A:2	same_partner	NA	NA	yes	0	Rfam.seed.gz	15.1	41f014f4ab5628620935f089b1bb77987ebc162fda7c72bff368a32c9cccabac
RF00522__3FU2_A__6VUI_A__a3__reverse__rep1	RF00522__3FU2_A__6VUI_A	reverse	1	RF00522__3FU2_A	3	A	3	A:3	yes	no	8	3	G	A:3	3	G	A:3	same_partner	NA	NA	yes	0	Rfam.seed.gz	15.1	41f014f4ab5628620935f089b1bb77987ebc162fda7c72bff368a32c9cccabac
RF00522__3FU2_A__6VUI_A__a3__reverse__rep1	RF00522__3FU2_A__6VUI_A	reverse	1	RF00522__3FU2_A	4	G	4	A:4	yes	no	9	4	G	A:4	4	G	A:4	same_partner	NA	NA	yes	0	Rfam.seed.gz	15.1	41f014f4ab5628620935f089b1bb77987ebc162fda7c72bff368a32c9cccabac
RF00522__3FU2_A__6VUI_A__a3__reverse__rep1	RF00522__3FU2_A__6VUI_A	reverse	1	RF00522__3FU2_A	5	G	5	A:5	yes	no	10	5	G	A:5	5	G	A:5	same_partner	NA	NA	yes	0	Rfam.seed.gz	15.1	41f014f4ab5628620935f089b1bb77987ebc162fda7c72bff368a32c9cccabac
RF00522__3FU2_A__6VUI_A__a3__reverse__rep1	RF00522__3FU2_A__6VUI_A	reverse	1	RF00522__3FU2_A	6	U	6	A:6	yes	no	11	6	U	A:6	6	U	A:6	same_partner	NA	NA	yes	0	Rfam.seed.gz	15.1	41f014f4ab5628620935f089b1bb77987ebc162fda7c72bff368a32c9cccabac
RF00522__3FU2_A__6VUI_A__a3__reverse__rep1	RF00522__3FU2_A__6VUI_A	reverse	1	RF00522__3FU2_A	7	U	7	A:7	yes	no	12	NA	NA	NA	7	C	A:7	star3d_only	alignment_gap_in_standard_seed	NA	no	NA	Rfam.seed.gz	15.1	41f014f4ab5628620935f089b1bb77987ebc162fda7c72bff368a32c9cccabac
RF00522__3FU2_A__6VUI_A__a3__reverse__rep1	RF00522__3FU2_A__6VUI_A	reverse	1	RF00522__3FU2_A	8	C	8	A:8	yes	no	13	7	C	A:7	8	G	A:8	different_partner	NA	NA	yes	1	Rfam.seed.gz	15.1	41f014f4ab5628620935f089b1bb77987ebc162fda7c72bff368a32c9cccabac
RF00522__3FU2_A__6VUI_A__a3__reverse__rep1	RF00522__3FU2_A__6VUI_A	reverse	1	RF00522__3FU2_A	9	U	9	A:9	yes	no	15	9	C	A:9	9	C	A:9	same_partner	NA	NA	yes	0	Rfam.seed.gz	15.1	41f014f4ab5628620935f089b1bb77987ebc162fda7c72bff368a32c9cccabac
RF00522__3FU2_A__6VUI_A__a3__reverse__rep1	RF00522__3FU2_A__6VUI_A	reverse	1	RF00522__3FU2_A	10	A	10	A:10	yes	no	16	10	A	A:10	10	A	A:10	same_partner	NA	NA	yes	0	Rfam.seed.gz	15.1	41f014f4ab5628620935f089b1bb77987ebc162fda7c72bff368a32c9cccabac
RF00522__3FU2_A__6VUI_A__a3__reverse__rep1	RF00522__3FU2_A__6VUI_A	reverse	1	RF00522__3FU2_A	11	G	11	A:11	yes	no	17	11	G	A:11	11	G	A:11	same_partner	NA	NA	yes	0	Rfam.seed.gz	15.1	41f014f4ab5628620935f089b1bb77987ebc162fda7c72bff368a32c9cccabac
RF00522__3FU2_A__6VUI_A__a3__reverse__rep1	RF00522__3FU2_A__6VUI_A	reverse	1	RF00522__3FU2_A	12	C	12	A:12	yes	no	20	12	U	A:12	12	U	A:12	same_partner	NA	NA	yes	0	Rfam.seed.gz	15.1	41f014f4ab5628620935f089b1bb77987ebc162fda7c72bff368a32c9cccabac
RF00522__3FU2_A__6VUI_A__a3__reverse__rep1	RF00522__3FU2_A__6VUI_A	reverse	1	RF00522__3FU2_A	13	U	13	A:13	no	no	21	NA	NA	NA	NA	NA	NA	neither	alignment_gap_in_standard_seed	missing_coordinates_source	no	NA	Rfam.seed.gz	15.1	41f014f4ab5628620935f089b1bb77987ebc162fda7c72bff368a32c9cccabac
RF00522__3FU2_A__6VUI_A__a3__reverse__rep1	RF00522__3FU2_A__6VUI_A	reverse	1	RF00522__3FU2_A	14	A	14	A:14	no	no	22	13	A	A:13	NA	NA	NA	rfam_only	NA	missing_coordinates_source	no	NA	Rfam.seed.gz	15.1	41f014f4ab5628620935f089b1bb77987ebc162fda7c72bff368a32c9cccabac
RF00522__3FU2_A__6VUI_A__a3__reverse__rep1	RF00522__3FU2_A__6VUI_A	reverse	1	RF00522__3FU2_A	15	C	15	A:15	yes	no	24	NA	NA	NA	13	A	A:13	star3d_only	alignment_gap_in_standard_seed	NA	no	NA	Rfam.seed.gz	15.1	41f014f4ab5628620935f089b1bb77987ebc162fda7c72bff368a32c9cccabac
RF00522__3FU2_A__6VUI_A__a3__reverse__rep1	RF00522__3FU2_A__6VUI_A	reverse	1	RF00522__3FU2_A	16	A	16	A:16	yes	no	25	14	A	A:14	14	A	A:14	same_partner	NA	NA	yes	0	Rfam.seed.gz	15.1	41f014f4ab5628620935f089b1bb77987ebc162fda7c72bff368a32c9cccabac
RF00522__3FU2_A__6VUI_A__a3__reverse__rep1	RF00522__3FU2_A__6VUI_A	reverse	1	RF00522__3FU2_A	17	C	17	A:17	yes	no	26	15	C	A:15	15	C	A:15	same_partner	NA	NA	yes	0	Rfam.seed.gz	15.1	41f014f4ab5628620935f089b1bb77987ebc162fda7c72bff368a32c9cccabac
RF00522__3FU2_A__6VUI_A__a3__reverse__rep1	RF00522__3FU2_A__6VUI_A	reverse	1	RF00522__3FU2_A	18	C	18	A:18	yes	no	27	16	C	A:16	16	C	A:16	same_partner	NA	NA	yes	0	Rfam.seed.gz	15.1	41f014f4ab5628620935f089b1bb77987ebc162fda7c72bff368a32c9cccabac
RF00522__3FU2_A__6VUI_A__a3__reverse__rep1	RF00522__3FU2_A__6VUI_A	reverse	1	RF00522__3FU2_A	19	C	19	A:19	yes	no	28	17	C	A:17	17	C	A:17	same_partner	NA	NA	yes	0	Rfam.seed.gz	15.1	41f014f4ab5628620935f089b1bb77987ebc162fda7c72bff368a32c9cccabac
RF00522__3FU2_A__6VUI_A__a3__reverse__rep1	RF00522__3FU2_A__6VUI_A	reverse	1	RF00522__3FU2_A	20	U	20	A:20	yes	no	29	18	C	A:18	18	C	A:18	same_partner	NA	NA	yes	0	Rfam.seed.gz	15.1	41f014f4ab5628620935f089b1bb77987ebc162fda7c72bff368a32c9cccabac
RF00522__3FU2_A__6VUI_A__a3__reverse__rep1	RF00522__3FU2_A__6VUI_A	reverse	1	RF00522__3FU2_A	21	C	21	A:21	yes	no	30	19	A	A:19	19	A	A:19	same_partner	NA	NA	yes	0	Rfam.seed.gz	15.1	41f014f4ab5628620935f089b1bb77987ebc162fda7c72bff368a32c9cccabac
RF00522__3FU2_A__6VUI_A__a3__reverse__rep1	RF00522__3FU2_A__6VUI_A	reverse	1	RF00522__3FU2_A	22	U	22	A:22	yes	no	31	20	G	A:20	20	G	A:20	same_partner	NA	NA	yes	0	Rfam.seed.gz	15.1	41f014f4ab5628620935f089b1bb77987ebc162fda7c72bff368a32c9cccabac
RF00522__3FU2_A__6VUI_A__a3__reverse__rep1	RF00522__3FU2_A__6VUI_A	reverse	1	RF00522__3FU2_A	23	A	23	A:23	yes	no	53	22	U	A:22	21	U	A:21	different_partner	NA	NA	yes	-1	Rfam.seed.gz	15.1	41f014f4ab5628620935f089b1bb77987ebc162fda7c72bff368a32c9cccabac
RF00522__3FU2_A__6VUI_A__a3__reverse__rep1	RF00522__3FU2_A__6VUI_A	reverse	1	RF00522__3FU2_A	24	U	24	A:24	yes	no	54	23	A	A:23	22	U	A:22	different_partner	NA	NA	yes	-1	Rfam.seed.gz	15.1	41f014f4ab5628620935f089b1bb77987ebc162fda7c72bff368a32c9cccabac
RF00522__3FU2_A__6VUI_A__a3__reverse__rep1	RF00522__3FU2_A__6VUI_A	reverse	1	RF00522__3FU2_A	25	A	25	A:25	yes	no	55	24	A	A:24	24	A	A:24	same_partner	NA	NA	yes	0	Rfam.seed.gz	15.1	41f014f4ab5628620935f089b1bb77987ebc162fda7c72bff368a32c9cccabac
RF00522__3FU2_A__6VUI_A__a3__reverse__rep1	RF00522__3FU2_A__6VUI_A	reverse	1	RF00522__3FU2_A	26	A	26	A:26	yes	no	56	25	C	A:25	25	C	A:25	same_partner	NA	NA	yes	0	Rfam.seed.gz	15.1	41f014f4ab5628620935f089b1bb77987ebc162fda7c72bff368a32c9cccabac
RF00522__3FU2_A__6VUI_A__a3__reverse__rep1	RF00522__3FU2_A__6VUI_A	reverse	1	RF00522__3FU2_A	27	A	27	A:27	yes	no	57	26	A	A:26	26	A	A:26	same_partner	NA	NA	yes	0	Rfam.seed.gz	15.1	41f014f4ab5628620935f089b1bb77987ebc162fda7c72bff368a32c9cccabac
RF00522__3FU2_A__6VUI_A__a3__reverse__rep1	RF00522__3FU2_A__6VUI_A	reverse	1	RF00522__3FU2_A	28	A	28	A:28	yes	no	58	27	A	A:27	27	A	A:27	same_partner	NA	NA	yes	0	Rfam.seed.gz	15.1	41f014f4ab5628620935f089b1bb77987ebc162fda7c72bff368a32c9cccabac
RF00522__3FU2_A__6VUI_A__a3__reverse__rep1	RF00522__3FU2_A__6VUI_A	reverse	1	RF00522__3FU2_A	29	A	29	A:29	yes	no	59	28	A	A:28	28	A	A:28	same_partner	NA	NA	yes	0	Rfam.seed.gz	15.1	41f014f4ab5628620935f089b1bb77987ebc162fda7c72bff368a32c9cccabac
RF00522__3FU2_A__6VUI_A__a3__reverse__rep1	RF00522__3FU2_A__6VUI_A	reverse	1	RF00522__3FU2_A	30	A	30	A:30	yes	no	60	29	A	A:29	29	A	A:29	same_partner	NA	NA	yes	0	Rfam.seed.gz	15.1	41f014f4ab5628620935f089b1bb77987ebc162fda7c72bff368a32c9cccabac
RF00522__3FU2_A__6VUI_A__a3__reverse__rep1	RF00522__3FU2_A__6VUI_A	reverse	1	RF00522__3FU2_A	31	C	31	A:31	yes	no	61	30	C	A:30	30	C	A:30	same_partner	NA	NA	yes	0	Rfam.seed.gz	15.1	41f014f4ab5628620935f089b1bb77987ebc162fda7c72bff368a32c9cccabac
RF00522__3FU2_A__6VUI_A__a3__reverse__rep1	RF00522__3FU2_A__6VUI_A	reverse	1	RF00522__3FU2_A	32	U	32	A:32	yes	no	62	NA	NA	NA	31	A	A:31	star3d_only	alignment_gap_in_standard_seed	NA	no	NA	Rfam.seed.gz	15.1	41f014f4ab5628620935f089b1bb77987ebc162fda7c72bff368a32c9cccabac
RF00522__3FU2_A__6VUI_A__a3__reverse__rep1	RF00522__3FU2_A__6VUI_A	reverse	1	RF00522__3FU2_A	33	A	33	A:33	yes	no	63	31	A	A:31	32	A	A:32	different_partner	NA	NA	yes	1	Rfam.seed.gz	15.1	41f014f4ab5628620935f089b1bb77987ebc162fda7c72bff368a32c9cccabac
RF00522__3FU2_A__6VUI_A__a3__reverse__rep1	RF00522__3FU2_A__6VUI_A	reverse	1	RF00522__3FU2_A	34	A	34	A:34	yes	no	64	32	A	A:32	NA	NA	NA	rfam_only	NA	algorithm_omission	yes	NA	Rfam.seed.gz	15.1	41f014f4ab5628620935f089b1bb77987ebc162fda7c72bff368a32c9cccabac
RF00522__3FU2_A__6VUI_A__a3__reverse__rep2	RF00522__3FU2_A__6VUI_A	reverse	2	RF00522__3FU2_A	1	A	1	A:1	yes	no	6	1	C	A:1	1	C	A:1	same_partner	NA	NA	yes	0	Rfam.seed.gz	15.1	41f014f4ab5628620935f089b1bb77987ebc162fda7c72bff368a32c9cccabac
RF00522__3FU2_A__6VUI_A__a3__reverse__rep2	RF00522__3FU2_A__6VUI_A	reverse	2	RF00522__3FU2_A	2	G	2	A:2	yes	no	7	2	U	A:2	2	U	A:2	same_partner	NA	NA	yes	0	Rfam.seed.gz	15.1	41f014f4ab5628620935f089b1bb77987ebc162fda7c72bff368a32c9cccabac
RF00522__3FU2_A__6VUI_A__a3__reverse__rep2	RF00522__3FU2_A__6VUI_A	reverse	2	RF00522__3FU2_A	3	A	3	A:3	yes	no	8	3	G	A:3	3	G	A:3	same_partner	NA	NA	yes	0	Rfam.seed.gz	15.1	41f014f4ab5628620935f089b1bb77987ebc162fda7c72bff368a32c9cccabac
RF00522__3FU2_A__6VUI_A__a3__reverse__rep2	RF00522__3FU2_A__6VUI_A	reverse	2	RF00522__3FU2_A	4	G	4	A:4	yes	no	9	4	G	A:4	4	G	A:4	same_partner	NA	NA	yes	0	Rfam.seed.gz	15.1	41f014f4ab5628620935f089b1bb77987ebc162fda7c72bff368a32c9cccabac
RF00522__3FU2_A__6VUI_A__a3__reverse__rep2	RF00522__3FU2_A__6VUI_A	reverse	2	RF00522__3FU2_A	5	G	5	A:5	yes	no	10	5	G	A:5	5	G	A:5	same_partner	NA	NA	yes	0	Rfam.seed.gz	15.1	41f014f4ab5628620935f089b1bb77987ebc162fda7c72bff368a32c9cccabac
RF00522__3FU2_A__6VUI_A__a3__reverse__rep2	RF00522__3FU2_A__6VUI_A	reverse	2	RF00522__3FU2_A	6	U	6	A:6	yes	no	11	6	U	A:6	6	U	A:6	same_partner	NA	NA	yes	0	Rfam.seed.gz	15.1	41f014f4ab5628620935f089b1bb77987ebc162fda7c72bff368a32c9cccabac
RF00522__3FU2_A__6VUI_A__a3__reverse__rep2	RF00522__3FU2_A__6VUI_A	reverse	2	RF00522__3FU2_A	7	U	7	A:7	yes	no	12	NA	NA	NA	7	C	A:7	star3d_only	alignment_gap_in_standard_seed	NA	no	NA	Rfam.seed.gz	15.1	41f014f4ab5628620935f089b1bb77987ebc162fda7c72bff368a32c9cccabac
RF00522__3FU2_A__6VUI_A__a3__reverse__rep2	RF00522__3FU2_A__6VUI_A	reverse	2	RF00522__3FU2_A	8	C	8	A:8	yes	no	13	7	C	A:7	8	G	A:8	different_partner	NA	NA	yes	1	Rfam.seed.gz	15.1	41f014f4ab5628620935f089b1bb77987ebc162fda7c72bff368a32c9cccabac
RF00522__3FU2_A__6VUI_A__a3__reverse__rep2	RF00522__3FU2_A__6VUI_A	reverse	2	RF00522__3FU2_A	9	U	9	A:9	yes	no	15	9	C	A:9	9	C	A:9	same_partner	NA	NA	yes	0	Rfam.seed.gz	15.1	41f014f4ab5628620935f089b1bb77987ebc162fda7c72bff368a32c9cccabac
RF00522__3FU2_A__6VUI_A__a3__reverse__rep2	RF00522__3FU2_A__6VUI_A	reverse	2	RF00522__3FU2_A	10	A	10	A:10	yes	no	16	10	A	A:10	10	A	A:10	same_partner	NA	NA	yes	0	Rfam.seed.gz	15.1	41f014f4ab5628620935f089b1bb77987ebc162fda7c72bff368a32c9cccabac
RF00522__3FU2_A__6VUI_A__a3__reverse__rep2	RF00522__3FU2_A__6VUI_A	reverse	2	RF00522__3FU2_A	11	G	11	A:11	yes	no	17	11	G	A:11	11	G	A:11	same_partner	NA	NA	yes	0	Rfam.seed.gz	15.1	41f014f4ab5628620935f089b1bb77987ebc162fda7c72bff368a32c9cccabac
RF00522__3FU2_A__6VUI_A__a3__reverse__rep2	RF00522__3FU2_A__6VUI_A	reverse	2	RF00522__3FU2_A	12	C	12	A:12	yes	no	20	12	U	A:12	12	U	A:12	same_partner	NA	NA	yes	0	Rfam.seed.gz	15.1	41f014f4ab5628620935f089b1bb77987ebc162fda7c72bff368a32c9cccabac
RF00522__3FU2_A__6VUI_A__a3__reverse__rep2	RF00522__3FU2_A__6VUI_A	reverse	2	RF00522__3FU2_A	13	U	13	A:13	no	no	21	NA	NA	NA	NA	NA	NA	neither	alignment_gap_in_standard_seed	missing_coordinates_source	no	NA	Rfam.seed.gz	15.1	41f014f4ab5628620935f089b1bb77987ebc162fda7c72bff368a32c9cccabac
RF00522__3FU2_A__6VUI_A__a3__reverse__rep2	RF00522__3FU2_A__6VUI_A	reverse	2	RF00522__3FU2_A	14	A	14	A:14	no	no	22	13	A	A:13	NA	NA	NA	rfam_only	NA	missing_coordinates_source	no	NA	Rfam.seed.gz	15.1	41f014f4ab5628620935f089b1bb77987ebc162fda7c72bff368a32c9cccabac
RF00522__3FU2_A__6VUI_A__a3__reverse__rep2	RF00522__3FU2_A__6VUI_A	reverse	2	RF00522__3FU2_A	15	C	15	A:15	yes	no	24	NA	NA	NA	13	A	A:13	star3d_only	alignment_gap_in_standard_seed	NA	no	NA	Rfam.seed.gz	15.1	41f014f4ab5628620935f089b1bb77987ebc162fda7c72bff368a32c9cccabac
RF00522__3FU2_A__6VUI_A__a3__reverse__rep2	RF00522__3FU2_A__6VUI_A	reverse	2	RF00522__3FU2_A	16	A	16	A:16	yes	no	25	14	A	A:14	14	A	A:14	same_partner	NA	NA	yes	0	Rfam.seed.gz	15.1	41f014f4ab5628620935f089b1bb77987ebc162fda7c72bff368a32c9cccabac
RF00522__3FU2_A__6VUI_A__a3__reverse__rep2	RF00522__3FU2_A__6VUI_A	reverse	2	RF00522__3FU2_A	17	C	17	A:17	yes	no	26	15	C	A:15	15	C	A:15	same_partner	NA	NA	yes	0	Rfam.seed.gz	15.1	41f014f4ab5628620935f089b1bb77987ebc162fda7c72bff368a32c9cccabac
RF00522__3FU2_A__6VUI_A__a3__reverse__rep2	RF00522__3FU2_A__6VUI_A	reverse	2	RF00522__3FU2_A	18	C	18	A:18	yes	no	27	16	C	A:16	16	C	A:16	same_partner	NA	NA	yes	0	Rfam.seed.gz	15.1	41f014f4ab5628620935f089b1bb77987ebc162fda7c72bff368a32c9cccabac
RF00522__3FU2_A__6VUI_A__a3__reverse__rep2	RF00522__3FU2_A__6VUI_A	reverse	2	RF00522__3FU2_A	19	C	19	A:19	yes	no	28	17	C	A:17	17	C	A:17	same_partner	NA	NA	yes	0	Rfam.seed.gz	15.1	41f014f4ab5628620935f089b1bb77987ebc162fda7c72bff368a32c9cccabac
RF00522__3FU2_A__6VUI_A__a3__reverse__rep2	RF00522__3FU2_A__6VUI_A	reverse	2	RF00522__3FU2_A	20	U	20	A:20	yes	no	29	18	C	A:18	18	C	A:18	same_partner	NA	NA	yes	0	Rfam.seed.gz	15.1	41f014f4ab5628620935f089b1bb77987ebc162fda7c72bff368a32c9cccabac
RF00522__3FU2_A__6VUI_A__a3__reverse__rep2	RF00522__3FU2_A__6VUI_A	reverse	2	RF00522__3FU2_A	21	C	21	A:21	yes	no	30	19	A	A:19	19	A	A:19	same_partner	NA	NA	yes	0	Rfam.seed.gz	15.1	41f014f4ab5628620935f089b1bb77987ebc162fda7c72bff368a32c9cccabac
RF00522__3FU2_A__6VUI_A__a3__reverse__rep2	RF00522__3FU2_A__6VUI_A	reverse	2	RF00522__3FU2_A	22	U	22	A:22	yes	no	31	20	G	A:20	20	G	A:20	same_partner	NA	NA	yes	0	Rfam.seed.gz	15.1	41f014f4ab5628620935f089b1bb77987ebc162fda7c72bff368a32c9cccabac
RF00522__3FU2_A__6VUI_A__a3__reverse__rep2	RF00522__3FU2_A__6VUI_A	reverse	2	RF00522__3FU2_A	23	A	23	A:23	yes	no	53	22	U	A:22	21	U	A:21	different_partner	NA	NA	yes	-1	Rfam.seed.gz	15.1	41f014f4ab5628620935f089b1bb77987ebc162fda7c72bff368a32c9cccabac
RF00522__3FU2_A__6VUI_A__a3__reverse__rep2	RF00522__3FU2_A__6VUI_A	reverse	2	RF00522__3FU2_A	24	U	24	A:24	yes	no	54	23	A	A:23	22	U	A:22	different_partner	NA	NA	yes	-1	Rfam.seed.gz	15.1	41f014f4ab5628620935f089b1bb77987ebc162fda7c72bff368a32c9cccabac
RF00522__3FU2_A__6VUI_A__a3__reverse__rep2	RF00522__3FU2_A__6VUI_A	reverse	2	RF00522__3FU2_A	25	A	25	A:25	yes	no	55	24	A	A:24	24	A	A:24	same_partner	NA	NA	yes	0	Rfam.seed.gz	15.1	41f014f4ab5628620935f089b1bb77987ebc162fda7c72bff368a32c9cccabac
RF00522__3FU2_A__6VUI_A__a3__reverse__rep2	RF00522__3FU2_A__6VUI_A	reverse	2	RF00522__3FU2_A	26	A	26	A:26	yes	no	56	25	C	A:25	25	C	A:25	same_partner	NA	NA	yes	0	Rfam.seed.gz	15.1	41f014f4ab5628620935f089b1bb77987ebc162fda7c72bff368a32c9cccabac
RF00522__3FU2_A__6VUI_A__a3__reverse__rep2	RF00522__3FU2_A__6VUI_A	reverse	2	RF00522__3FU2_A	27	A	27	A:27	yes	no	57	26	A	A:26	26	A	A:26	same_partner	NA	NA	yes	0	Rfam.seed.gz	15.1	41f014f4ab5628620935f089b1bb77987ebc162fda7c72bff368a32c9cccabac
RF00522__3FU2_A__6VUI_A__a3__reverse__rep2	RF00522__3FU2_A__6VUI_A	reverse	2	RF00522__3FU2_A	28	A	28	A:28	yes	no	58	27	A	A:27	27	A	A:27	same_partner	NA	NA	yes	0	Rfam.seed.gz	15.1	41f014f4ab5628620935f089b1bb77987ebc162fda7c72bff368a32c9cccabac
RF00522__3FU2_A__6VUI_A__a3__reverse__rep2	RF00522__3FU2_A__6VUI_A	reverse	2	RF00522__3FU2_A	29	A	29	A:29	yes	no	59	28	A	A:28	28	A	A:28	same_partner	NA	NA	yes	0	Rfam.seed.gz	15.1	41f014f4ab5628620935f089b1bb77987ebc162fda7c72bff368a32c9cccabac
RF00522__3FU2_A__6VUI_A__a3__reverse__rep2	RF00522__3FU2_A__6VUI_A	reverse	2	RF00522__3FU2_A	30	A	30	A:30	yes	no	60	29	A	A:29	29	A	A:29	same_partner	NA	NA	yes	0	Rfam.seed.gz	15.1	41f014f4ab5628620935f089b1bb77987ebc162fda7c72bff368a32c9cccabac
RF00522__3FU2_A__6VUI_A__a3__reverse__rep2	RF00522__3FU2_A__6VUI_A	reverse	2	RF00522__3FU2_A	31	C	31	A:31	yes	no	61	30	C	A:30	30	C	A:30	same_partner	NA	NA	yes	0	Rfam.seed.gz	15.1	41f014f4ab5628620935f089b1bb77987ebc162fda7c72bff368a32c9cccabac
RF00522__3FU2_A__6VUI_A__a3__reverse__rep2	RF00522__3FU2_A__6VUI_A	reverse	2	RF00522__3FU2_A	32	U	32	A:32	yes	no	62	NA	NA	NA	31	A	A:31	star3d_only	alignment_gap_in_standard_seed	NA	no	NA	Rfam.seed.gz	15.1	41f014f4ab5628620935f089b1bb77987ebc162fda7c72bff368a32c9cccabac
RF00522__3FU2_A__6VUI_A__a3__reverse__rep2	RF00522__3FU2_A__6VUI_A	reverse	2	RF00522__3FU2_A	33	A	33	A:33	yes	no	63	31	A	A:31	32	A	A:32	different_partner	NA	NA	yes	1	Rfam.seed.gz	15.1	41f014f4ab5628620935f089b1bb77987ebc162fda7c72bff368a32c9cccabac
RF00522__3FU2_A__6VUI_A__a3__reverse__rep2	RF00522__3FU2_A__6VUI_A	reverse	2	RF00522__3FU2_A	34	A	34	A:34	yes	no	64	32	A	A:32	NA	NA	NA	rfam_only	NA	algorithm_omission	yes	NA	Rfam.seed.gz	15.1	41f014f4ab5628620935f089b1bb77987ebc162fda7c72bff368a32c9cccabac
RF00522__3FU2_A__6VUI_A__a3__reverse__rep3	RF00522__3FU2_A__6VUI_A	reverse	3	RF00522__3FU2_A	1	A	1	A:1	yes	no	6	1	C	A:1	1	C	A:1	same_partner	NA	NA	yes	0	Rfam.seed.gz	15.1	41f014f4ab5628620935f089b1bb77987ebc162fda7c72bff368a32c9cccabac
RF00522__3FU2_A__6VUI_A__a3__reverse__rep3	RF00522__3FU2_A__6VUI_A	reverse	3	RF00522__3FU2_A	2	G	2	A:2	yes	no	7	2	U	A:2	2	U	A:2	same_partner	NA	NA	yes	0	Rfam.seed.gz	15.1	41f014f4ab5628620935f089b1bb77987ebc162fda7c72bff368a32c9cccabac
RF00522__3FU2_A__6VUI_A__a3__reverse__rep3	RF00522__3FU2_A__6VUI_A	reverse	3	RF00522__3FU2_A	3	A	3	A:3	yes	no	8	3	G	A:3	3	G	A:3	same_partner	NA	NA	yes	0	Rfam.seed.gz	15.1	41f014f4ab5628620935f089b1bb77987ebc162fda7c72bff368a32c9cccabac
RF00522__3FU2_A__6VUI_A__a3__reverse__rep3	RF00522__3FU2_A__6VUI_A	reverse	3	RF00522__3FU2_A	4	G	4	A:4	yes	no	9	4	G	A:4	4	G	A:4	same_partner	NA	NA	yes	0	Rfam.seed.gz	15.1	41f014f4ab5628620935f089b1bb77987ebc162fda7c72bff368a32c9cccabac
RF00522__3FU2_A__6VUI_A__a3__reverse__rep3	RF00522__3FU2_A__6VUI_A	reverse	3	RF00522__3FU2_A	5	G	5	A:5	yes	no	10	5	G	A:5	5	G	A:5	same_partner	NA	NA	yes	0	Rfam.seed.gz	15.1	41f014f4ab5628620935f089b1bb77987ebc162fda7c72bff368a32c9cccabac
RF00522__3FU2_A__6VUI_A__a3__reverse__rep3	RF00522__3FU2_A__6VUI_A	reverse	3	RF00522__3FU2_A	6	U	6	A:6	yes	no	11	6	U	A:6	6	U	A:6	same_partner	NA	NA	yes	0	Rfam.seed.gz	15.1	41f014f4ab5628620935f089b1bb77987ebc162fda7c72bff368a32c9cccabac
RF00522__3FU2_A__6VUI_A__a3__reverse__rep3	RF00522__3FU2_A__6VUI_A	reverse	3	RF00522__3FU2_A	7	U	7	A:7	yes	no	12	NA	NA	NA	7	C	A:7	star3d_only	alignment_gap_in_standard_seed	NA	no	NA	Rfam.seed.gz	15.1	41f014f4ab5628620935f089b1bb77987ebc162fda7c72bff368a32c9cccabac
RF00522__3FU2_A__6VUI_A__a3__reverse__rep3	RF00522__3FU2_A__6VUI_A	reverse	3	RF00522__3FU2_A	8	C	8	A:8	yes	no	13	7	C	A:7	8	G	A:8	different_partner	NA	NA	yes	1	Rfam.seed.gz	15.1	41f014f4ab5628620935f089b1bb77987ebc162fda7c72bff368a32c9cccabac
RF00522__3FU2_A__6VUI_A__a3__reverse__rep3	RF00522__3FU2_A__6VUI_A	reverse	3	RF00522__3FU2_A	9	U	9	A:9	yes	no	15	9	C	A:9	9	C	A:9	same_partner	NA	NA	yes	0	Rfam.seed.gz	15.1	41f014f4ab5628620935f089b1bb77987ebc162fda7c72bff368a32c9cccabac
RF00522__3FU2_A__6VUI_A__a3__reverse__rep3	RF00522__3FU2_A__6VUI_A	reverse	3	RF00522__3FU2_A	10	A	10	A:10	yes	no	16	10	A	A:10	10	A	A:10	same_partner	NA	NA	yes	0	Rfam.seed.gz	15.1	41f014f4ab5628620935f089b1bb77987ebc162fda7c72bff368a32c9cccabac
RF00522__3FU2_A__6VUI_A__a3__reverse__rep3	RF00522__3FU2_A__6VUI_A	reverse	3	RF00522__3FU2_A	11	G	11	A:11	yes	no	17	11	G	A:11	11	G	A:11	same_partner	NA	NA	yes	0	Rfam.seed.gz	15.1	41f014f4ab5628620935f089b1bb77987ebc162fda7c72bff368a32c9cccabac
RF00522__3FU2_A__6VUI_A__a3__reverse__rep3	RF00522__3FU2_A__6VUI_A	reverse	3	RF00522__3FU2_A	12	C	12	A:12	yes	no	20	12	U	A:12	12	U	A:12	same_partner	NA	NA	yes	0	Rfam.seed.gz	15.1	41f014f4ab5628620935f089b1bb77987ebc162fda7c72bff368a32c9cccabac
RF00522__3FU2_A__6VUI_A__a3__reverse__rep3	RF00522__3FU2_A__6VUI_A	reverse	3	RF00522__3FU2_A	13	U	13	A:13	no	no	21	NA	NA	NA	NA	NA	NA	neither	alignment_gap_in_standard_seed	missing_coordinates_source	no	NA	Rfam.seed.gz	15.1	41f014f4ab5628620935f089b1bb77987ebc162fda7c72bff368a32c9cccabac
RF00522__3FU2_A__6VUI_A__a3__reverse__rep3	RF00522__3FU2_A__6VUI_A	reverse	3	RF00522__3FU2_A	14	A	14	A:14	no	no	22	13	A	A:13	NA	NA	NA	rfam_only	NA	missing_coordinates_source	no	NA	Rfam.seed.gz	15.1	41f014f4ab5628620935f089b1bb77987ebc162fda7c72bff368a32c9cccabac
RF00522__3FU2_A__6VUI_A__a3__reverse__rep3	RF00522__3FU2_A__6VUI_A	reverse	3	RF00522__3FU2_A	15	C	15	A:15	yes	no	24	NA	NA	NA	13	A	A:13	star3d_only	alignment_gap_in_standard_seed	NA	no	NA	Rfam.seed.gz	15.1	41f014f4ab5628620935f089b1bb77987ebc162fda7c72bff368a32c9cccabac
RF00522__3FU2_A__6VUI_A__a3__reverse__rep3	RF00522__3FU2_A__6VUI_A	reverse	3	RF00522__3FU2_A	16	A	16	A:16	yes	no	25	14	A	A:14	14	A	A:14	same_partner	NA	NA	yes	0	Rfam.seed.gz	15.1	41f014f4ab5628620935f089b1bb77987ebc162fda7c72bff368a32c9cccabac
RF00522__3FU2_A__6VUI_A__a3__reverse__rep3	RF00522__3FU2_A__6VUI_A	reverse	3	RF00522__3FU2_A	17	C	17	A:17	yes	no	26	15	C	A:15	15	C	A:15	same_partner	NA	NA	yes	0	Rfam.seed.gz	15.1	41f014f4ab5628620935f089b1bb77987ebc162fda7c72bff368a32c9cccabac
RF00522__3FU2_A__6VUI_A__a3__reverse__rep3	RF00522__3FU2_A__6VUI_A	reverse	3	RF00522__3FU2_A	18	C	18	A:18	yes	no	27	16	C	A:16	16	C	A:16	same_partner	NA	NA	yes	0	Rfam.seed.gz	15.1	41f014f4ab5628620935f089b1bb77987ebc162fda7c72bff368a32c9cccabac
RF00522__3FU2_A__6VUI_A__a3__reverse__rep3	RF00522__3FU2_A__6VUI_A	reverse	3	RF00522__3FU2_A	19	C	19	A:19	yes	no	28	17	C	A:17	17	C	A:17	same_partner	NA	NA	yes	0	Rfam.seed.gz	15.1	41f014f4ab5628620935f089b1bb77987ebc162fda7c72bff368a32c9cccabac
RF00522__3FU2_A__6VUI_A__a3__reverse__rep3	RF00522__3FU2_A__6VUI_A	reverse	3	RF00522__3FU2_A	20	U	20	A:20	yes	no	29	18	C	A:18	18	C	A:18	same_partner	NA	NA	yes	0	Rfam.seed.gz	15.1	41f014f4ab5628620935f089b1bb77987ebc162fda7c72bff368a32c9cccabac
RF00522__3FU2_A__6VUI_A__a3__reverse__rep3	RF00522__3FU2_A__6VUI_A	reverse	3	RF00522__3FU2_A	21	C	21	A:21	yes	no	30	19	A	A:19	19	A	A:19	same_partner	NA	NA	yes	0	Rfam.seed.gz	15.1	41f014f4ab5628620935f089b1bb77987ebc162fda7c72bff368a32c9cccabac
RF00522__3FU2_A__6VUI_A__a3__reverse__rep3	RF00522__3FU2_A__6VUI_A	reverse	3	RF00522__3FU2_A	22	U	22	A:22	yes	no	31	20	G	A:20	20	G	A:20	same_partner	NA	NA	yes	0	Rfam.seed.gz	15.1	41f014f4ab5628620935f089b1bb77987ebc162fda7c72bff368a32c9cccabac
RF00522__3FU2_A__6VUI_A__a3__reverse__rep3	RF00522__3FU2_A__6VUI_A	reverse	3	RF00522__3FU2_A	23	A	23	A:23	yes	no	53	22	U	A:22	21	U	A:21	different_partner	NA	NA	yes	-1	Rfam.seed.gz	15.1	41f014f4ab5628620935f089b1bb77987ebc162fda7c72bff368a32c9cccabac
RF00522__3FU2_A__6VUI_A__a3__reverse__rep3	RF00522__3FU2_A__6VUI_A	reverse	3	RF00522__3FU2_A	24	U	24	A:24	yes	no	54	23	A	A:23	22	U	A:22	different_partner	NA	NA	yes	-1	Rfam.seed.gz	15.1	41f014f4ab5628620935f089b1bb77987ebc162fda7c72bff368a32c9cccabac
RF00522__3FU2_A__6VUI_A__a3__reverse__rep3	RF00522__3FU2_A__6VUI_A	reverse	3	RF00522__3FU2_A	25	A	25	A:25	yes	no	55	24	A	A:24	24	A	A:24	same_partner	NA	NA	yes	0	Rfam.seed.gz	15.1	41f014f4ab5628620935f089b1bb77987ebc162fda7c72bff368a32c9cccabac
RF00522__3FU2_A__6VUI_A__a3__reverse__rep3	RF00522__3FU2_A__6VUI_A	reverse	3	RF00522__3FU2_A	26	A	26	A:26	yes	no	56	25	C	A:25	25	C	A:25	same_partner	NA	NA	yes	0	Rfam.seed.gz	15.1	41f014f4ab5628620935f089b1bb77987ebc162fda7c72bff368a32c9cccabac
RF00522__3FU2_A__6VUI_A__a3__reverse__rep3	RF00522__3FU2_A__6VUI_A	reverse	3	RF00522__3FU2_A	27	A	27	A:27	yes	no	57	26	A	A:26	26	A	A:26	same_partner	NA	NA	yes	0	Rfam.seed.gz	15.1	41f014f4ab5628620935f089b1bb77987ebc162fda7c72bff368a32c9cccabac
RF00522__3FU2_A__6VUI_A__a3__reverse__rep3	RF00522__3FU2_A__6VUI_A	reverse	3	RF00522__3FU2_A	28	A	28	A:28	yes	no	58	27	A	A:27	27	A	A:27	same_partner	NA	NA	yes	0	Rfam.seed.gz	15.1	41f014f4ab5628620935f089b1bb77987ebc162fda7c72bff368a32c9cccabac
RF00522__3FU2_A__6VUI_A__a3__reverse__rep3	RF00522__3FU2_A__6VUI_A	reverse	3	RF00522__3FU2_A	29	A	29	A:29	yes	no	59	28	A	A:28	28	A	A:28	same_partner	NA	NA	yes	0	Rfam.seed.gz	15.1	41f014f4ab5628620935f089b1bb77987ebc162fda7c72bff368a32c9cccabac
RF00522__3FU2_A__6VUI_A__a3__reverse__rep3	RF00522__3FU2_A__6VUI_A	reverse	3	RF00522__3FU2_A	30	A	30	A:30	yes	no	60	29	A	A:29	29	A	A:29	same_partner	NA	NA	yes	0	Rfam.seed.gz	15.1	41f014f4ab5628620935f089b1bb77987ebc162fda7c72bff368a32c9cccabac
RF00522__3FU2_A__6VUI_A__a3__reverse__rep3	RF00522__3FU2_A__6VUI_A	reverse	3	RF00522__3FU2_A	31	C	31	A:31	yes	no	61	30	C	A:30	30	C	A:30	same_partner	NA	NA	yes	0	Rfam.seed.gz	15.1	41f014f4ab5628620935f089b1bb77987ebc162fda7c72bff368a32c9cccabac
RF00522__3FU2_A__6VUI_A__a3__reverse__rep3	RF00522__3FU2_A__6VUI_A	reverse	3	RF00522__3FU2_A	32	U	32	A:32	yes	no	62	NA	NA	NA	31	A	A:31	star3d_only	alignment_gap_in_standard_seed	NA	no	NA	Rfam.seed.gz	15.1	41f014f4ab5628620935f089b1bb77987ebc162fda7c72bff368a32c9cccabac
RF00522__3FU2_A__6VUI_A__a3__reverse__rep3	RF00522__3FU2_A__6VUI_A	reverse	3	RF00522__3FU2_A	33	A	33	A:33	yes	no	63	31	A	A:31	32	A	A:32	different_partner	NA	NA	yes	1	Rfam.seed.gz	15.1	41f014f4ab5628620935f089b1bb77987ebc162fda7c72bff368a32c9cccabac
RF00522__3FU2_A__6VUI_A__a3__reverse__rep3	RF00522__3FU2_A__6VUI_A	reverse	3	RF00522__3FU2_A	34	A	34	A:34	yes	no	64	32	A	A:32	NA	NA	NA	rfam_only	NA	algorithm_omission	yes	NA	Rfam.seed.gz	15.1	41f014f4ab5628620935f089b1bb77987ebc162fda7c72bff368a32c9cccabac
RF00162__2GIS_A__4KQY_A__a1__forward__rep1	RF00162__2GIS_A__4KQY_A	forward	1	RF00162__2GIS_A	1	G	1	A:1	yes	yes	1	1	G	A:0	NA	NA	NA	rfam_only	NA	algorithm_omission	no	NA	Rfam.seed.gz	15.1	41f014f4ab5628620935f089b1bb77987ebc162fda7c72bff368a32c9cccabac
RF00162__2GIS_A__4KQY_A__a1__forward__rep1	RF00162__2GIS_A__4KQY_A	forward	1	RF00162__2GIS_A	2	G	2	A:2	yes	yes	3	3	U	A:2	NA	NA	NA	rfam_only	NA	algorithm_omission	no	NA	Rfam.seed.gz	15.1	41f014f4ab5628620935f089b1bb77987ebc162fda7c72bff368a32c9cccabac
RF00162__2GIS_A__4KQY_A__a1__forward__rep1	RF00162__2GIS_A__4KQY_A	forward	1	RF00162__2GIS_A	3	C	3	A:3	yes	no	4	4	C	A:3	NA	NA	NA	rfam_only	NA	algorithm_omission	yes	NA	Rfam.seed.gz	15.1	41f014f4ab5628620935f089b1bb77987ebc162fda7c72bff368a32c9cccabac
RF00162__2GIS_A__4KQY_A__a1__forward__rep1	RF00162__2GIS_A__4KQY_A	forward	1	RF00162__2GIS_A	4	U	4	A:4	yes	no	5	5	U	A:4	NA	NA	NA	rfam_only	NA	algorithm_omission	yes	NA	Rfam.seed.gz	15.1	41f014f4ab5628620935f089b1bb77987ebc162fda7c72bff368a32c9cccabac
RF00162__2GIS_A__4KQY_A__a1__forward__rep1	RF00162__2GIS_A__4KQY_A	forward	1	RF00162__2GIS_A	5	U	5	A:5	yes	no	6	6	U	A:5	NA	NA	NA	rfam_only	NA	algorithm_omission	yes	NA	Rfam.seed.gz	15.1	41f014f4ab5628620935f089b1bb77987ebc162fda7c72bff368a32c9cccabac
RF00162__2GIS_A__4KQY_A__a1__forward__rep1	RF00162__2GIS_A__4KQY_A	forward	1	RF00162__2GIS_A	6	A	6	A:6	yes	no	7	7	A	A:6	NA	NA	NA	rfam_only	NA	algorithm_omission	yes	NA	Rfam.seed.gz	15.1	41f014f4ab5628620935f089b1bb77987ebc162fda7c72bff368a32c9cccabac
RF00162__2GIS_A__4KQY_A__a1__forward__rep1	RF00162__2GIS_A__4KQY_A	forward	1	RF00162__2GIS_A	7	U	7	A:7	yes	no	8	8	U	A:7	NA	NA	NA	rfam_only	NA	algorithm_omission	yes	NA	Rfam.seed.gz	15.1	41f014f4ab5628620935f089b1bb77987ebc162fda7c72bff368a32c9cccabac
RF00162__2GIS_A__4KQY_A__a1__forward__rep1	RF00162__2GIS_A__4KQY_A	forward	1	RF00162__2GIS_A	8	C	8	A:8	yes	no	9	9	C	A:8	NA	NA	NA	rfam_only	NA	algorithm_omission	yes	NA	Rfam.seed.gz	15.1	41f014f4ab5628620935f089b1bb77987ebc162fda7c72bff368a32c9cccabac
RF00162__2GIS_A__4KQY_A__a1__forward__rep1	RF00162__2GIS_A__4KQY_A	forward	1	RF00162__2GIS_A	9	A	9	A:9	yes	no	10	10	A	A:9	NA	NA	NA	rfam_only	NA	algorithm_omission	yes	NA	Rfam.seed.gz	15.1	41f014f4ab5628620935f089b1bb77987ebc162fda7c72bff368a32c9cccabac
RF00162__2GIS_A__4KQY_A__a1__forward__rep1	RF00162__2GIS_A__4KQY_A	forward	1	RF00162__2GIS_A	10	A	10	A:10	yes	no	11	11	A	A:10	NA	NA	NA	rfam_only	NA	algorithm_omission	yes	NA	Rfam.seed.gz	15.1	41f014f4ab5628620935f089b1bb77987ebc162fda7c72bff368a32c9cccabac
RF00162__2GIS_A__4KQY_A__a1__forward__rep1	RF00162__2GIS_A__4KQY_A	forward	1	RF00162__2GIS_A	11	G	11	A:11	yes	no	12	12	G	A:11	NA	NA	NA	rfam_only	NA	algorithm_omission	yes	NA	Rfam.seed.gz	15.1	41f014f4ab5628620935f089b1bb77987ebc162fda7c72bff368a32c9cccabac
RF00162__2GIS_A__4KQY_A__a1__forward__rep1	RF00162__2GIS_A__4KQY_A	forward	1	RF00162__2GIS_A	12	A	12	A:12	yes	no	13	13	A	A:12	NA	NA	NA	rfam_only	NA	algorithm_omission	yes	NA	Rfam.seed.gz	15.1	41f014f4ab5628620935f089b1bb77987ebc162fda7c72bff368a32c9cccabac
RF00162__2GIS_A__4KQY_A__a1__forward__rep1	RF00162__2GIS_A__4KQY_A	forward	1	RF00162__2GIS_A	13	G	13	A:13	yes	no	14	14	G	A:13	NA	NA	NA	rfam_only	NA	algorithm_omission	yes	NA	Rfam.seed.gz	15.1	41f014f4ab5628620935f089b1bb77987ebc162fda7c72bff368a32c9cccabac
RF00162__2GIS_A__4KQY_A__a1__forward__rep1	RF00162__2GIS_A__4KQY_A	forward	1	RF00162__2GIS_A	14	A	14	A:14	yes	no	16	15	A	A:14	NA	NA	NA	rfam_only	NA	algorithm_omission	yes	NA	Rfam.seed.gz	15.1	41f014f4ab5628620935f089b1bb77987ebc162fda7c72bff368a32c9cccabac
RF00162__2GIS_A__4KQY_A__a1__forward__rep1	RF00162__2GIS_A__4KQY_A	forward	1	RF00162__2GIS_A	15	G	15	A:15	yes	no	17	16	A	A:15	NA	NA	NA	rfam_only	NA	algorithm_omission	yes	NA	Rfam.seed.gz	15.1	41f014f4ab5628620935f089b1bb77987ebc162fda7c72bff368a32c9cccabac
RF00162__2GIS_A__4KQY_A__a1__forward__rep1	RF00162__2GIS_A__4KQY_A	forward	1	RF00162__2GIS_A	16	G	16	A:16	yes	no	18	17	G	A:16	NA	NA	NA	rfam_only	NA	algorithm_omission	yes	NA	Rfam.seed.gz	15.1	41f014f4ab5628620935f089b1bb77987ebc162fda7c72bff368a32c9cccabac
RF00162__2GIS_A__4KQY_A__a1__forward__rep1	RF00162__2GIS_A__4KQY_A	forward	1	RF00162__2GIS_A	17	U	17	A:17	yes	no	20	18	C	A:17	NA	NA	NA	rfam_only	NA	algorithm_omission	yes	NA	Rfam.seed.gz	15.1	41f014f4ab5628620935f089b1bb77987ebc162fda7c72bff368a32c9cccabac
RF00162__2GIS_A__4KQY_A__a1__forward__rep1	RF00162__2GIS_A__4KQY_A	forward	1	RF00162__2GIS_A	18	G	18	A:18	yes	no	22	19	A	A:18	NA	NA	NA	rfam_only	NA	algorithm_omission	yes	NA	Rfam.seed.gz	15.1	41f014f4ab5628620935f089b1bb77987ebc162fda7c72bff368a32c9cccabac
RF00162__2GIS_A__4KQY_A__a1__forward__rep1	RF00162__2GIS_A__4KQY_A	forward	1	RF00162__2GIS_A	19	G	19	A:19	yes	no	23	20	G	A:19	45	G	A:44	different_partner	NA	NA	yes	25	Rfam.seed.gz	15.1	41f014f4ab5628620935f089b1bb77987ebc162fda7c72bff368a32c9cccabac
RF00162__2GIS_A__4KQY_A__a1__forward__rep1	RF00162__2GIS_A__4KQY_A	forward	1	RF00162__2GIS_A	20	A	20	A:20	yes	no	41	21	A	A:20	NA	NA	NA	rfam_only	NA	algorithm_omission	yes	NA	Rfam.seed.gz	15.1	41f014f4ab5628620935f089b1bb77987ebc162fda7c72bff368a32c9cccabac
RF00162__2GIS_A__4KQY_A__a1__forward__rep1	RF00162__2GIS_A__4KQY_A	forward	1	RF00162__2GIS_A	21	G	21	A:21	yes	no	42	22	G	A:21	NA	NA	NA	rfam_only	NA	algorithm_omission	yes	NA	Rfam.seed.gz	15.1	41f014f4ab5628620935f089b1bb77987ebc162fda7c72bff368a32c9cccabac
RF00162__2GIS_A__4KQY_A__a1__forward__rep1	RF00162__2GIS_A__4KQY_A	forward	1	RF00162__2GIS_A	22	G	22	A:22	yes	no	43	23	G	A:22	NA	NA	NA	rfam_only	NA	algorithm_omission	yes	NA	Rfam.seed.gz	15.1	41f014f4ab5628620935f089b1bb77987ebc162fda7c72bff368a32c9cccabac
RF00162__2GIS_A__4KQY_A__a1__forward__rep1	RF00162__2GIS_A__4KQY_A	forward	1	RF00162__2GIS_A	23	G	23	A:23	yes	no	44	24	G	A:23	NA	NA	NA	rfam_only	NA	algorithm_omission	yes	NA	Rfam.seed.gz	15.1	41f014f4ab5628620935f089b1bb77987ebc162fda7c72bff368a32c9cccabac
RF00162__2GIS_A__4KQY_A__a1__forward__rep1	RF00162__2GIS_A__4KQY_A	forward	1	RF00162__2GIS_A	24	A	24	A:24	yes	no	45	25	A	A:24	NA	NA	NA	rfam_only	NA	algorithm_omission	yes	NA	Rfam.seed.gz	15.1	41f014f4ab5628620935f089b1bb77987ebc162fda7c72bff368a32c9cccabac
RF00162__2GIS_A__4KQY_A__a1__forward__rep1	RF00162__2GIS_A__4KQY_A	forward	1	RF00162__2GIS_A	25	C	25	A:25	yes	no	48	26	C	A:25	NA	NA	NA	rfam_only	NA	algorithm_omission	yes	NA	Rfam.seed.gz	15.1	41f014f4ab5628620935f089b1bb77987ebc162fda7c72bff368a32c9cccabac
RF00162__2GIS_A__4KQY_A__a1__forward__rep1	RF00162__2GIS_A__4KQY_A	forward	1	RF00162__2GIS_A	26	U	26	A:26	yes	no	49	27	U	A:26	NA	NA	NA	rfam_only	NA	algorithm_omission	yes	NA	Rfam.seed.gz	15.1	41f014f4ab5628620935f089b1bb77987ebc162fda7c72bff368a32c9cccabac
RF00162__2GIS_A__4KQY_A__a1__forward__rep1	RF00162__2GIS_A__4KQY_A	forward	1	RF00162__2GIS_A	27	G	27	A:27	yes	no	50	28	G	A:27	NA	NA	NA	rfam_only	NA	algorithm_omission	yes	NA	Rfam.seed.gz	15.1	41f014f4ab5628620935f089b1bb77987ebc162fda7c72bff368a32c9cccabac
RF00162__2GIS_A__4KQY_A__a1__forward__rep1	RF00162__2GIS_A__4KQY_A	forward	1	RF00162__2GIS_A	28	G	28	A:28	yes	no	51	29	G	A:28	NA	NA	NA	rfam_only	NA	algorithm_omission	yes	NA	Rfam.seed.gz	15.1	41f014f4ab5628620935f089b1bb77987ebc162fda7c72bff368a32c9cccabac
RF00162__2GIS_A__4KQY_A__a1__forward__rep1	RF00162__2GIS_A__4KQY_A	forward	1	RF00162__2GIS_A	29	C	29	A:29	yes	no	53	30	C	A:29	NA	NA	NA	rfam_only	NA	algorithm_omission	yes	NA	Rfam.seed.gz	15.1	41f014f4ab5628620935f089b1bb77987ebc162fda7c72bff368a32c9cccabac
RF00162__2GIS_A__4KQY_A__a1__forward__rep1	RF00162__2GIS_A__4KQY_A	forward	1	RF00162__2GIS_A	30	C	30	A:30	yes	no	54	31	C	A:30	NA	NA	NA	rfam_only	NA	algorithm_omission	yes	NA	Rfam.seed.gz	15.1	41f014f4ab5628620935f089b1bb77987ebc162fda7c72bff368a32c9cccabac
RF00162__2GIS_A__4KQY_A__a1__forward__rep1	RF00162__2GIS_A__4KQY_A	forward	1	RF00162__2GIS_A	31	C	31	A:31	yes	no	55	32	C	A:31	NA	NA	NA	rfam_only	NA	algorithm_omission	yes	NA	Rfam.seed.gz	15.1	41f014f4ab5628620935f089b1bb77987ebc162fda7c72bff368a32c9cccabac
RF00162__2GIS_A__4KQY_A__a1__forward__rep1	RF00162__2GIS_A__4KQY_A	forward	1	RF00162__2GIS_A	32	G	32	A:32	yes	no	56	33	G	A:32	NA	NA	NA	rfam_only	NA	algorithm_omission	yes	NA	Rfam.seed.gz	15.1	41f014f4ab5628620935f089b1bb77987ebc162fda7c72bff368a32c9cccabac
RF00162__2GIS_A__4KQY_A__a1__forward__rep1	RF00162__2GIS_A__4KQY_A	forward	1	RF00162__2GIS_A	33	A	33	A:33	yes	no	57	34	A	A:33	NA	NA	NA	rfam_only	NA	algorithm_omission	yes	NA	Rfam.seed.gz	15.1	41f014f4ab5628620935f089b1bb77987ebc162fda7c72bff368a32c9cccabac
RF00162__2GIS_A__4KQY_A__a1__forward__rep1	RF00162__2GIS_A__4KQY_A	forward	1	RF00162__2GIS_A	34	U	34	A:34	yes	no	60	35	C	A:34	NA	NA	NA	rfam_only	NA	algorithm_omission	yes	NA	Rfam.seed.gz	15.1	41f014f4ab5628620935f089b1bb77987ebc162fda7c72bff368a32c9cccabac
RF00162__2GIS_A__4KQY_A__a1__forward__rep1	RF00162__2GIS_A__4KQY_A	forward	1	RF00162__2GIS_A	35	G	35	A:35	yes	no	61	36	G	A:35	NA	NA	NA	rfam_only	NA	algorithm_omission	yes	NA	Rfam.seed.gz	15.1	41f014f4ab5628620935f089b1bb77987ebc162fda7c72bff368a32c9cccabac
RF00162__2GIS_A__4KQY_A__a1__forward__rep1	RF00162__2GIS_A__4KQY_A	forward	1	RF00162__2GIS_A	36	A	36	A:36	yes	no	62	37	A	A:36	NA	NA	NA	rfam_only	NA	algorithm_omission	yes	NA	Rfam.seed.gz	15.1	41f014f4ab5628620935f089b1bb77987ebc162fda7c72bff368a32c9cccabac
RF00162__2GIS_A__4KQY_A__a1__forward__rep1	RF00162__2GIS_A__4KQY_A	forward	1	RF00162__2GIS_A	37	A	37	A:37	yes	no	63	38	A	A:37	46	C	A:45	different_partner	NA	NA	yes	8	Rfam.seed.gz	15.1	41f014f4ab5628620935f089b1bb77987ebc162fda7c72bff368a32c9cccabac
RF00162__2GIS_A__4KQY_A__a1__forward__rep1	RF00162__2GIS_A__4KQY_A	forward	1	RF00162__2GIS_A	38	A	38	A:38	yes	no	65	39	G	A:38	47	A	A:46	different_partner	NA	NA	yes	8	Rfam.seed.gz	15.1	41f014f4ab5628620935f089b1bb77987ebc162fda7c72bff368a32c9cccabac
RF00162__2GIS_A__4KQY_A__a1__forward__rep1	RF00162__2GIS_A__4KQY_A	forward	1	RF00162__2GIS_A	39	C	39	A:39	yes	no	66	40	C	A:39	48	A	A:47	different_partner	NA	NA	yes	8	Rfam.seed.gz	15.1	41f014f4ab5628620935f089b1bb77987ebc162fda7c72bff368a32c9cccabac
RF00162__2GIS_A__4KQY_A__a1__forward__rep1	RF00162__2GIS_A__4KQY_A	forward	1	RF00162__2GIS_A	40	C	40	A:40	yes	no	67	41	U	A:40	49	C	A:48	different_partner	NA	NA	yes	8	Rfam.seed.gz	15.1	41f014f4ab5628620935f089b1bb77987ebc162fda7c72bff368a32c9cccabac
RF00162__2GIS_A__4KQY_A__a1__forward__rep1	RF00162__2GIS_A__4KQY_A	forward	1	RF00162__2GIS_A	41	C	41	A:41	yes	no	70	43	C	A:42	50	C	A:49	different_partner	NA	NA	yes	7	Rfam.seed.gz	15.1	41f014f4ab5628620935f089b1bb77987ebc162fda7c72bff368a32c9cccabac
RF00162__2GIS_A__4KQY_A__a1__forward__rep1	RF00162__2GIS_A__4KQY_A	forward	1	RF00162__2GIS_A	42	G	42	A:42	yes	no	71	44	A	A:43	52	G	A:51	different_partner	NA	NA	yes	8	Rfam.seed.gz	15.1	41f014f4ab5628620935f089b1bb77987ebc162fda7c72bff368a32c9cccabac
RF00162__2GIS_A__4KQY_A__a1__forward__rep1	RF00162__2GIS_A__4KQY_A	forward	1	RF00162__2GIS_A	43	G	43	A:43	yes	no	72	45	G	A:44	53	U	A:52	different_partner	NA	NA	yes	8	Rfam.seed.gz	15.1	41f014f4ab5628620935f089b1bb77987ebc162fda7c72bff368a32c9cccabac
RF00162__2GIS_A__4KQY_A__a1__forward__rep1	RF00162__2GIS_A__4KQY_A	forward	1	RF00162__2GIS_A	44	C	44	A:44	yes	no	73	46	C	A:45	54	G	A:53	different_partner	NA	NA	yes	8	Rfam.seed.gz	15.1	41f014f4ab5628620935f089b1bb77987ebc162fda7c72bff368a32c9cccabac
RF00162__2GIS_A__4KQY_A__a1__forward__rep1	RF00162__2GIS_A__4KQY_A	forward	1	RF00162__2GIS_A	45	A	45	A:45	yes	no	74	47	A	A:46	56	A	A:55	different_partner	NA	NA	yes	9	Rfam.seed.gz	15.1	41f014f4ab5628620935f089b1bb77987ebc162fda7c72bff368a32c9cccabac
RF00162__2GIS_A__4KQY_A__a1__forward__rep1	RF00162__2GIS_A__4KQY_A	forward	1	RF00162__2GIS_A	46	A	46	A:46	yes	no	75	48	A	A:47	57	A	A:56	different_partner	NA	NA	yes	9	Rfam.seed.gz	15.1	41f014f4ab5628620935f089b1bb77987ebc162fda7c72bff368a32c9cccabac
RF00162__2GIS_A__4KQY_A__a1__forward__rep1	RF00162__2GIS_A__4KQY_A	forward	1	RF00162__2GIS_A	47	C	47	A:47	yes	no	76	49	C	A:48	58	U	A:57	different_partner	NA	NA	yes	9	Rfam.seed.gz	15.1	41f014f4ab5628620935f089b1bb77987ebc162fda7c72bff368a32c9cccabac
RF00162__2GIS_A__4KQY_A__a1__forward__rep1	RF00162__2GIS_A__4KQY_A	forward	1	RF00162__2GIS_A	48	C	48	A:48	yes	no	77	50	C	A:49	59	G	A:58	different_partner	NA	NA	yes	9	Rfam.seed.gz	15.1	41f014f4ab5628620935f089b1bb77987ebc162fda7c72bff368a32c9cccabac
RF00162__2GIS_A__4KQY_A__a1__forward__rep1	RF00162__2GIS_A__4KQY_A	forward	1	RF00162__2GIS_A	49	A	49	A:49	yes	yes	148	NA	NA	NA	60	G	A:59	star3d_only	alignment_gap_in_standard_seed	NA	no	NA	Rfam.seed.gz	15.1	41f014f4ab5628620935f089b1bb77987ebc162fda7c72bff368a32c9cccabac
RF00162__2GIS_A__4KQY_A__a1__forward__rep1	RF00162__2GIS_A__4KQY_A	forward	1	RF00162__2GIS_A	50	G	50	A:50	yes	yes	149	NA	NA	NA	61	C	A:60	star3d_only	alignment_gap_in_standard_seed	NA	no	NA	Rfam.seed.gz	15.1	41f014f4ab5628620935f089b1bb77987ebc162fda7c72bff368a32c9cccabac
RF00162__2GIS_A__4KQY_A__a1__forward__rep1	RF00162__2GIS_A__4KQY_A	forward	1	RF00162__2GIS_A	51	A	51	A:51	yes	yes	150	NA	NA	NA	64	A	A:63	star3d_only	alignment_gap_in_standard_seed	NA	no	NA	Rfam.seed.gz	15.1	41f014f4ab5628620935f089b1bb77987ebc162fda7c72bff368a32c9cccabac
RF00162__2GIS_A__4KQY_A__a1__forward__rep1	RF00162__2GIS_A__4KQY_A	forward	1	RF00162__2GIS_A	52	A	52	A:52	yes	yes	151	NA	NA	NA	65	A	A:64	star3d_only	alignment_gap_in_standard_seed	NA	no	NA	Rfam.seed.gz	15.1	41f014f4ab5628620935f089b1bb77987ebc162fda7c72bff368a32c9cccabac
RF00162__2GIS_A__4KQY_A__a1__forward__rep1	RF00162__2GIS_A__4KQY_A	forward	1	RF00162__2GIS_A	53	A	53	A:53	yes	no	156	75	A	A:74	66	G	A:65	different_partner	NA	NA	yes	-9	Rfam.seed.gz	15.1	41f014f4ab5628620935f089b1bb77987ebc162fda7c72bff368a32c9cccabac
RF00162__2GIS_A__4KQY_A__a1__forward__rep1	RF00162__2GIS_A__4KQY_A	forward	1	RF00162__2GIS_A	54	U	54	A:54	yes	no	157	76	A	A:75	67	C	A:66	different_partner	NA	NA	yes	-9	Rfam.seed.gz	15.1	41f014f4ab5628620935f089b1bb77987ebc162fda7c72bff368a32c9cccabac
RF00162__2GIS_A__4KQY_A__a1__forward__rep1	RF00162__2GIS_A__4KQY_A	forward	1	RF00162__2GIS_A	55	G	55	A:55	yes	no	160	77	G	A:76	68	C	A:67	different_partner	NA	NA	yes	-9	Rfam.seed.gz	15.1	41f014f4ab5628620935f089b1bb77987ebc162fda7c72bff368a32c9cccabac
RF00162__2GIS_A__4KQY_A__a1__forward__rep1	RF00162__2GIS_A__4KQY_A	forward	1	RF00162__2GIS_A	56	G	56	A:56	yes	no	161	78	G	A:77	69	A	A:68	different_partner	NA	NA	yes	-9	Rfam.seed.gz	15.1	41f014f4ab5628620935f089b1bb77987ebc162fda7c72bff368a32c9cccabac
RF00162__2GIS_A__4KQY_A__a1__forward__rep1	RF00162__2GIS_A__4KQY_A	forward	1	RF00162__2GIS_A	57	U	57	A:57	yes	no	162	79	U	A:78	70	U	A:69	different_partner	NA	NA	yes	-9	Rfam.seed.gz	15.1	41f014f4ab5628620935f089b1bb77987ebc162fda7c72bff368a32c9cccabac
RF00162__2GIS_A__4KQY_A__a1__forward__rep1	RF00162__2GIS_A__4KQY_A	forward	1	RF00162__2GIS_A	58	G	58	A:58	yes	no	163	80	G	A:79	71	G	A:70	different_partner	NA	NA	yes	-9	Rfam.seed.gz	15.1	41f014f4ab5628620935f089b1bb77987ebc162fda7c72bff368a32c9cccabac
RF00162__2GIS_A__4KQY_A__a1__forward__rep1	RF00162__2GIS_A__4KQY_A	forward	1	RF00162__2GIS_A	59	C	59	A:59	yes	no	164	81	C	A:80	72	A	A:71	different_partner	NA	NA	yes	-9	Rfam.seed.gz	15.1	41f014f4ab5628620935f089b1bb77987ebc162fda7c72bff368a32c9cccabac
RF00162__2GIS_A__4KQY_A__a1__forward__rep1	RF00162__2GIS_A__4KQY_A	forward	1	RF00162__2GIS_A	60	C	60	A:60	yes	no	165	82	U	A:81	73	C	A:72	different_partner	NA	NA	yes	-9	Rfam.seed.gz	15.1	41f014f4ab5628620935f089b1bb77987ebc162fda7c72bff368a32c9cccabac
RF00162__2GIS_A__4KQY_A__a1__forward__rep1	RF00162__2GIS_A__4KQY_A	forward	1	RF00162__2GIS_A	61	A	61	A:61	yes	no	166	83	A	A:82	NA	NA	NA	rfam_only	NA	algorithm_omission	yes	NA	Rfam.seed.gz	15.1	41f014f4ab5628620935f089b1bb77987ebc162fda7c72bff368a32c9cccabac
RF00162__2GIS_A__4KQY_A__a1__forward__rep1	RF00162__2GIS_A__4KQY_A	forward	1	RF00162__2GIS_A	62	A	62	A:62	yes	no	168	84	A	A:83	NA	NA	NA	rfam_only	NA	algorithm_omission	yes	NA	Rfam.seed.gz	15.1	41f014f4ab5628620935f089b1bb77987ebc162fda7c72bff368a32c9cccabac
RF00162__2GIS_A__4KQY_A__a1__forward__rep1	RF00162__2GIS_A__4KQY_A	forward	1	RF00162__2GIS_A	63	U	63	A:63	yes	no	169	85	A	A:84	NA	NA	NA	rfam_only	NA	algorithm_omission	yes	NA	Rfam.seed.gz	15.1	41f014f4ab5628620935f089b1bb77987ebc162fda7c72bff368a32c9cccabac
RF00162__2GIS_A__4KQY_A__a1__forward__rep1	RF00162__2GIS_A__4KQY_A	forward	1	RF00162__2GIS_A	64	U	64	A:64	yes	no	170	86	U	A:85	NA	NA	NA	rfam_only	NA	algorithm_omission	yes	NA	Rfam.seed.gz	15.1	41f014f4ab5628620935f089b1bb77987ebc162fda7c72bff368a32c9cccabac
RF00162__2GIS_A__4KQY_A__a1__forward__rep1	RF00162__2GIS_A__4KQY_A	forward	1	RF00162__2GIS_A	65	C	65	A:65	yes	no	171	87	C	A:86	NA	NA	NA	rfam_only	NA	algorithm_omission	yes	NA	Rfam.seed.gz	15.1	41f014f4ab5628620935f089b1bb77987ebc162fda7c72bff368a32c9cccabac
RF00162__2GIS_A__4KQY_A__a1__forward__rep1	RF00162__2GIS_A__4KQY_A	forward	1	RF00162__2GIS_A	66	C	66	A:66	yes	no	174	88	C	A:87	NA	NA	NA	rfam_only	NA	algorithm_omission	yes	NA	Rfam.seed.gz	15.1	41f014f4ab5628620935f089b1bb77987ebc162fda7c72bff368a32c9cccabac
RF00162__2GIS_A__4KQY_A__a1__forward__rep1	RF00162__2GIS_A__4KQY_A	forward	1	RF00162__2GIS_A	67	U	67	A:67	yes	no	175	89	A	A:88	NA	NA	NA	rfam_only	NA	algorithm_omission	yes	NA	Rfam.seed.gz	15.1	41f014f4ab5628620935f089b1bb77987ebc162fda7c72bff368a32c9cccabac
RF00162__2GIS_A__4KQY_A__a1__forward__rep1	RF00162__2GIS_A__4KQY_A	forward	1	RF00162__2GIS_A	68	G	68	A:68	yes	no	176	90	G	A:89	NA	NA	NA	rfam_only	NA	algorithm_omission	yes	NA	Rfam.seed.gz	15.1	41f014f4ab5628620935f089b1bb77987ebc162fda7c72bff368a32c9cccabac
RF00162__2GIS_A__4KQY_A__a1__forward__rep1	RF00162__2GIS_A__4KQY_A	forward	1	RF00162__2GIS_A	69	C	69	A:69	yes	no	178	91	C	A:90	NA	NA	NA	rfam_only	NA	algorithm_omission	yes	NA	Rfam.seed.gz	15.1	41f014f4ab5628620935f089b1bb77987ebc162fda7c72bff368a32c9cccabac
RF00162__2GIS_A__4KQY_A__a1__forward__rep1	RF00162__2GIS_A__4KQY_A	forward	1	RF00162__2GIS_A	70	A	70	A:70	yes	no	179	92	A	A:91	NA	NA	NA	rfam_only	NA	algorithm_omission	yes	NA	Rfam.seed.gz	15.1	41f014f4ab5628620935f089b1bb77987ebc162fda7c72bff368a32c9cccabac
RF00162__2GIS_A__4KQY_A__a1__forward__rep1	RF00162__2GIS_A__4KQY_A	forward	1	RF00162__2GIS_A	71	G	71	A:71	yes	no	180	93	A	A:92	NA	NA	NA	rfam_only	NA	algorithm_omission	yes	NA	Rfam.seed.gz	15.1	41f014f4ab5628620935f089b1bb77987ebc162fda7c72bff368a32c9cccabac
RF00162__2GIS_A__4KQY_A__a1__forward__rep1	RF00162__2GIS_A__4KQY_A	forward	1	RF00162__2GIS_A	72	C	72	A:72	yes	no	181	94	G	A:93	NA	NA	NA	rfam_only	NA	algorithm_omission	yes	NA	Rfam.seed.gz	15.1	41f014f4ab5628620935f089b1bb77987ebc162fda7c72bff368a32c9cccabac
RF00162__2GIS_A__4KQY_A__a1__forward__rep1	RF00162__2GIS_A__4KQY_A	forward	1	RF00162__2GIS_A	73	G	73	A:73	yes	no	182	95	C	A:94	NA	NA	NA	rfam_only	NA	algorithm_omission	yes	NA	Rfam.seed.gz	15.1	41f014f4ab5628620935f089b1bb77987ebc162fda7c72bff368a32c9cccabac
RF00162__2GIS_A__4KQY_A__a1__forward__rep1	RF00162__2GIS_A__4KQY_A	forward	1	RF00162__2GIS_A	74	G	74	A:74	yes	no	191	99	A	A:98	NA	NA	NA	rfam_only	NA	algorithm_omission	yes	NA	Rfam.seed.gz	15.1	41f014f4ab5628620935f089b1bb77987ebc162fda7c72bff368a32c9cccabac
RF00162__2GIS_A__4KQY_A__a1__forward__rep1	RF00162__2GIS_A__4KQY_A	forward	1	RF00162__2GIS_A	75	A	75	A:75	yes	yes	192	100	A	A:99	NA	NA	NA	rfam_only	NA	algorithm_omission	no	NA	Rfam.seed.gz	15.1	41f014f4ab5628620935f089b1bb77987ebc162fda7c72bff368a32c9cccabac
RF00162__2GIS_A__4KQY_A__a1__forward__rep1	RF00162__2GIS_A__4KQY_A	forward	1	RF00162__2GIS_A	76	A	76	A:76	yes	yes	193	101	C	A:100	NA	NA	NA	rfam_only	NA	algorithm_omission	no	NA	Rfam.seed.gz	15.1	41f014f4ab5628620935f089b1bb77987ebc162fda7c72bff368a32c9cccabac
RF00162__2GIS_A__4KQY_A__a1__forward__rep1	RF00162__2GIS_A__4KQY_A	forward	1	RF00162__2GIS_A	77	A	77	A:77	yes	yes	216	102	A	A:101	NA	NA	NA	rfam_only	NA	algorithm_omission	no	NA	Rfam.seed.gz	15.1	41f014f4ab5628620935f089b1bb77987ebc162fda7c72bff368a32c9cccabac
RF00162__2GIS_A__4KQY_A__a1__forward__rep1	RF00162__2GIS_A__4KQY_A	forward	1	RF00162__2GIS_A	78	C	78	A:78	yes	no	217	103	G	A:102	NA	NA	NA	rfam_only	NA	algorithm_omission	yes	NA	Rfam.seed.gz	15.1	41f014f4ab5628620935f089b1bb77987ebc162fda7c72bff368a32c9cccabac
RF00162__2GIS_A__4KQY_A__a1__forward__rep1	RF00162__2GIS_A__4KQY_A	forward	1	RF00162__2GIS_A	79	G	79	A:79	yes	no	218	104	C	A:103	NA	NA	NA	rfam_only	NA	algorithm_omission	yes	NA	Rfam.seed.gz	15.1	41f014f4ab5628620935f089b1bb77987ebc162fda7c72bff368a32c9cccabac
RF00162__2GIS_A__4KQY_A__a1__forward__rep1	RF00162__2GIS_A__4KQY_A	forward	1	RF00162__2GIS_A	80	U	80	A:80	yes	yes	219	105	U	A:104	NA	NA	NA	rfam_only	NA	algorithm_omission	no	NA	Rfam.seed.gz	15.1	41f014f4ab5628620935f089b1bb77987ebc162fda7c72bff368a32c9cccabac
RF00162__2GIS_A__4KQY_A__a1__forward__rep1	RF00162__2GIS_A__4KQY_A	forward	1	RF00162__2GIS_A	81	U	81	A:81	yes	no	221	106	U	A:105	NA	NA	NA	rfam_only	NA	algorithm_omission	yes	NA	Rfam.seed.gz	15.1	41f014f4ab5628620935f089b1bb77987ebc162fda7c72bff368a32c9cccabac
RF00162__2GIS_A__4KQY_A__a1__forward__rep1	RF00162__2GIS_A__4KQY_A	forward	1	RF00162__2GIS_A	82	G	82	A:82	yes	no	222	107	G	A:106	NA	NA	NA	rfam_only	NA	algorithm_omission	yes	NA	Rfam.seed.gz	15.1	41f014f4ab5628620935f089b1bb77987ebc162fda7c72bff368a32c9cccabac
RF00162__2GIS_A__4KQY_A__a1__forward__rep1	RF00162__2GIS_A__4KQY_A	forward	1	RF00162__2GIS_A	83	A	83	A:83	yes	no	224	108	G	A:107	NA	NA	NA	rfam_only	NA	algorithm_omission	yes	NA	Rfam.seed.gz	15.1	41f014f4ab5628620935f089b1bb77987ebc162fda7c72bff368a32c9cccabac
RF00162__2GIS_A__4KQY_A__a1__forward__rep1	RF00162__2GIS_A__4KQY_A	forward	1	RF00162__2GIS_A	84	A	84	A:84	yes	no	226	109	A	A:108	NA	NA	NA	rfam_only	NA	algorithm_omission	yes	NA	Rfam.seed.gz	15.1	41f014f4ab5628620935f089b1bb77987ebc162fda7c72bff368a32c9cccabac
RF00162__2GIS_A__4KQY_A__a1__forward__rep1	RF00162__2GIS_A__4KQY_A	forward	1	RF00162__2GIS_A	85	A	85	A:85	yes	no	227	110	A	A:109	NA	NA	NA	rfam_only	NA	algorithm_omission	yes	NA	Rfam.seed.gz	15.1	41f014f4ab5628620935f089b1bb77987ebc162fda7c72bff368a32c9cccabac
RF00162__2GIS_A__4KQY_A__a1__forward__rep1	RF00162__2GIS_A__4KQY_A	forward	1	RF00162__2GIS_A	86	G	86	A:86	yes	no	229	111	G	A:110	NA	NA	NA	rfam_only	NA	algorithm_omission	yes	NA	Rfam.seed.gz	15.1	41f014f4ab5628620935f089b1bb77987ebc162fda7c72bff368a32c9cccabac
RF00162__2GIS_A__4KQY_A__a1__forward__rep1	RF00162__2GIS_A__4KQY_A	forward	1	RF00162__2GIS_A	87	A	87	A:87	yes	no	230	112	A	A:111	NA	NA	NA	rfam_only	NA	algorithm_omission	yes	NA	Rfam.seed.gz	15.1	41f014f4ab5628620935f089b1bb77987ebc162fda7c72bff368a32c9cccabac
RF00162__2GIS_A__4KQY_A__a1__forward__rep1	RF00162__2GIS_A__4KQY_A	forward	1	RF00162__2GIS_A	88	U	88	A:88	yes	no	231	113	U	A:112	NA	NA	NA	rfam_only	NA	algorithm_omission	yes	NA	Rfam.seed.gz	15.1	41f014f4ab5628620935f089b1bb77987ebc162fda7c72bff368a32c9cccabac
RF00162__2GIS_A__4KQY_A__a1__forward__rep1	RF00162__2GIS_A__4KQY_A	forward	1	RF00162__2GIS_A	89	G	89	A:89	yes	no	232	114	A	A:113	NA	NA	NA	rfam_only	NA	algorithm_omission	yes	NA	Rfam.seed.gz	15.1	41f014f4ab5628620935f089b1bb77987ebc162fda7c72bff368a32c9cccabac
RF00162__2GIS_A__4KQY_A__a1__forward__rep1	RF00162__2GIS_A__4KQY_A	forward	1	RF00162__2GIS_A	90	A	90	A:90	yes	no	233	115	A	A:114	NA	NA	NA	rfam_only	NA	algorithm_omission	yes	NA	Rfam.seed.gz	15.1	41f014f4ab5628620935f089b1bb77987ebc162fda7c72bff368a32c9cccabac
RF00162__2GIS_A__4KQY_A__a1__forward__rep1	RF00162__2GIS_A__4KQY_A	forward	1	RF00162__2GIS_A	91	G	91	A:91	yes	no	234	116	G	A:115	NA	NA	NA	rfam_only	NA	algorithm_omission	yes	NA	Rfam.seed.gz	15.1	41f014f4ab5628620935f089b1bb77987ebc162fda7c72bff368a32c9cccabac
RF00162__2GIS_A__4KQY_A__a1__forward__rep1	RF00162__2GIS_A__4KQY_A	forward	1	RF00162__2GIS_A	92	C	92	A:92	yes	yes	235	117	A	A:116	NA	NA	NA	rfam_only	NA	algorithm_omission	no	NA	Rfam.seed.gz	15.1	41f014f4ab5628620935f089b1bb77987ebc162fda7c72bff368a32c9cccabac
RF00162__2GIS_A__4KQY_A__a1__forward__rep1	RF00162__2GIS_A__4KQY_A	forward	1	RF00162__2GIS_A	93	C	93	A:93	yes	yes	237	119	C	A:118	NA	NA	NA	rfam_only	NA	algorithm_omission	no	NA	Rfam.seed.gz	15.1	41f014f4ab5628620935f089b1bb77987ebc162fda7c72bff368a32c9cccabac
RF00162__2GIS_A__4KQY_A__a1__forward__rep1	RF00162__2GIS_A__4KQY_A	forward	1	RF00162__2GIS_A	94	A	94	A:94	yes	yes	238	NA	NA	NA	NA	NA	NA	neither	alignment_gap_in_standard_seed	algorithm_omission	no	NA	Rfam.seed.gz	15.1	41f014f4ab5628620935f089b1bb77987ebc162fda7c72bff368a32c9cccabac
RF00162__2GIS_A__4KQY_A__a1__forward__rep2	RF00162__2GIS_A__4KQY_A	forward	2	RF00162__2GIS_A	1	G	1	A:1	yes	yes	1	1	G	A:0	NA	NA	NA	rfam_only	NA	algorithm_omission	no	NA	Rfam.seed.gz	15.1	41f014f4ab5628620935f089b1bb77987ebc162fda7c72bff368a32c9cccabac
RF00162__2GIS_A__4KQY_A__a1__forward__rep2	RF00162__2GIS_A__4KQY_A	forward	2	RF00162__2GIS_A	2	G	2	A:2	yes	yes	3	3	U	A:2	NA	NA	NA	rfam_only	NA	algorithm_omission	no	NA	Rfam.seed.gz	15.1	41f014f4ab5628620935f089b1bb77987ebc162fda7c72bff368a32c9cccabac
RF00162__2GIS_A__4KQY_A__a1__forward__rep2	RF00162__2GIS_A__4KQY_A	forward	2	RF00162__2GIS_A	3	C	3	A:3	yes	no	4	4	C	A:3	NA	NA	NA	rfam_only	NA	algorithm_omission	yes	NA	Rfam.seed.gz	15.1	41f014f4ab5628620935f089b1bb77987ebc162fda7c72bff368a32c9cccabac
RF00162__2GIS_A__4KQY_A__a1__forward__rep2	RF00162__2GIS_A__4KQY_A	forward	2	RF00162__2GIS_A	4	U	4	A:4	yes	no	5	5	U	A:4	NA	NA	NA	rfam_only	NA	algorithm_omission	yes	NA	Rfam.seed.gz	15.1	41f014f4ab5628620935f089b1bb77987ebc162fda7c72bff368a32c9cccabac
RF00162__2GIS_A__4KQY_A__a1__forward__rep2	RF00162__2GIS_A__4KQY_A	forward	2	RF00162__2GIS_A	5	U	5	A:5	yes	no	6	6	U	A:5	NA	NA	NA	rfam_only	NA	algorithm_omission	yes	NA	Rfam.seed.gz	15.1	41f014f4ab5628620935f089b1bb77987ebc162fda7c72bff368a32c9cccabac
RF00162__2GIS_A__4KQY_A__a1__forward__rep2	RF00162__2GIS_A__4KQY_A	forward	2	RF00162__2GIS_A	6	A	6	A:6	yes	no	7	7	A	A:6	NA	NA	NA	rfam_only	NA	algorithm_omission	yes	NA	Rfam.seed.gz	15.1	41f014f4ab5628620935f089b1bb77987ebc162fda7c72bff368a32c9cccabac
RF00162__2GIS_A__4KQY_A__a1__forward__rep2	RF00162__2GIS_A__4KQY_A	forward	2	RF00162__2GIS_A	7	U	7	A:7	yes	no	8	8	U	A:7	NA	NA	NA	rfam_only	NA	algorithm_omission	yes	NA	Rfam.seed.gz	15.1	41f014f4ab5628620935f089b1bb77987ebc162fda7c72bff368a32c9cccabac
RF00162__2GIS_A__4KQY_A__a1__forward__rep2	RF00162__2GIS_A__4KQY_A	forward	2	RF00162__2GIS_A	8	C	8	A:8	yes	no	9	9	C	A:8	NA	NA	NA	rfam_only	NA	algorithm_omission	yes	NA	Rfam.seed.gz	15.1	41f014f4ab5628620935f089b1bb77987ebc162fda7c72bff368a32c9cccabac
RF00162__2GIS_A__4KQY_A__a1__forward__rep2	RF00162__2GIS_A__4KQY_A	forward	2	RF00162__2GIS_A	9	A	9	A:9	yes	no	10	10	A	A:9	NA	NA	NA	rfam_only	NA	algorithm_omission	yes	NA	Rfam.seed.gz	15.1	41f014f4ab5628620935f089b1bb77987ebc162fda7c72bff368a32c9cccabac
RF00162__2GIS_A__4KQY_A__a1__forward__rep2	RF00162__2GIS_A__4KQY_A	forward	2	RF00162__2GIS_A	10	A	10	A:10	yes	no	11	11	A	A:10	NA	NA	NA	rfam_only	NA	algorithm_omission	yes	NA	Rfam.seed.gz	15.1	41f014f4ab5628620935f089b1bb77987ebc162fda7c72bff368a32c9cccabac
RF00162__2GIS_A__4KQY_A__a1__forward__rep2	RF00162__2GIS_A__4KQY_A	forward	2	RF00162__2GIS_A	11	G	11	A:11	yes	no	12	12	G	A:11	NA	NA	NA	rfam_only	NA	algorithm_omission	yes	NA	Rfam.seed.gz	15.1	41f014f4ab5628620935f089b1bb77987ebc162fda7c72bff368a32c9cccabac
RF00162__2GIS_A__4KQY_A__a1__forward__rep2	RF00162__2GIS_A__4KQY_A	forward	2	RF00162__2GIS_A	12	A	12	A:12	yes	no	13	13	A	A:12	NA	NA	NA	rfam_only	NA	algorithm_omission	yes	NA	Rfam.seed.gz	15.1	41f014f4ab5628620935f089b1bb77987ebc162fda7c72bff368a32c9cccabac
RF00162__2GIS_A__4KQY_A__a1__forward__rep2	RF00162__2GIS_A__4KQY_A	forward	2	RF00162__2GIS_A	13	G	13	A:13	yes	no	14	14	G	A:13	NA	NA	NA	rfam_only	NA	algorithm_omission	yes	NA	Rfam.seed.gz	15.1	41f014f4ab5628620935f089b1bb77987ebc162fda7c72bff368a32c9cccabac
RF00162__2GIS_A__4KQY_A__a1__forward__rep2	RF00162__2GIS_A__4KQY_A	forward	2	RF00162__2GIS_A	14	A	14	A:14	yes	no	16	15	A	A:14	NA	NA	NA	rfam_only	NA	algorithm_omission	yes	NA	Rfam.seed.gz	15.1	41f014f4ab5628620935f089b1bb77987ebc162fda7c72bff368a32c9cccabac
RF00162__2GIS_A__4KQY_A__a1__forward__rep2	RF00162__2GIS_A__4KQY_A	forward	2	RF00162__2GIS_A	15	G	15	A:15	yes	no	17	16	A	A:15	NA	NA	NA	rfam_only	NA	algorithm_omission	yes	NA	Rfam.seed.gz	15.1	41f014f4ab5628620935f089b1bb77987ebc162fda7c72bff368a32c9cccabac
RF00162__2GIS_A__4KQY_A__a1__forward__rep2	RF00162__2GIS_A__4KQY_A	forward	2	RF00162__2GIS_A	16	G	16	A:16	yes	no	18	17	G	A:16	NA	NA	NA	rfam_only	NA	algorithm_omission	yes	NA	Rfam.seed.gz	15.1	41f014f4ab5628620935f089b1bb77987ebc162fda7c72bff368a32c9cccabac
RF00162__2GIS_A__4KQY_A__a1__forward__rep2	RF00162__2GIS_A__4KQY_A	forward	2	RF00162__2GIS_A	17	U	17	A:17	yes	no	20	18	C	A:17	NA	NA	NA	rfam_only	NA	algorithm_omission	yes	NA	Rfam.seed.gz	15.1	41f014f4ab5628620935f089b1bb77987ebc162fda7c72bff368a32c9cccabac
RF00162__2GIS_A__4KQY_A__a1__forward__rep2	RF00162__2GIS_A__4KQY_A	forward	2	RF00162__2GIS_A	18	G	18	A:18	yes	no	22	19	A	A:18	NA	NA	NA	rfam_only	NA	algorithm_omission	yes	NA	Rfam.seed.gz	15.1	41f014f4ab5628620935f089b1bb77987ebc162fda7c72bff368a32c9cccabac
RF00162__2GIS_A__4KQY_A__a1__forward__rep2	RF00162__2GIS_A__4KQY_A	forward	2	RF00162__2GIS_A	19	G	19	A:19	yes	no	23	20	G	A:19	45	G	A:44	different_partner	NA	NA	yes	25	Rfam.seed.gz	15.1	41f014f4ab5628620935f089b1bb77987ebc162fda7c72bff368a32c9cccabac
RF00162__2GIS_A__4KQY_A__a1__forward__rep2	RF00162__2GIS_A__4KQY_A	forward	2	RF00162__2GIS_A	20	A	20	A:20	yes	no	41	21	A	A:20	NA	NA	NA	rfam_only	NA	algorithm_omission	yes	NA	Rfam.seed.gz	15.1	41f014f4ab5628620935f089b1bb77987ebc162fda7c72bff368a32c9cccabac
RF00162__2GIS_A__4KQY_A__a1__forward__rep2	RF00162__2GIS_A__4KQY_A	forward	2	RF00162__2GIS_A	21	G	21	A:21	yes	no	42	22	G	A:21	NA	NA	NA	rfam_only	NA	algorithm_omission	yes	NA	Rfam.seed.gz	15.1	41f014f4ab5628620935f089b1bb77987ebc162fda7c72bff368a32c9cccabac
RF00162__2GIS_A__4KQY_A__a1__forward__rep2	RF00162__2GIS_A__4KQY_A	forward	2	RF00162__2GIS_A	22	G	22	A:22	yes	no	43	23	G	A:22	NA	NA	NA	rfam_only	NA	algorithm_omission	yes	NA	Rfam.seed.gz	15.1	41f014f4ab5628620935f089b1bb77987ebc162fda7c72bff368a32c9cccabac
RF00162__2GIS_A__4KQY_A__a1__forward__rep2	RF00162__2GIS_A__4KQY_A	forward	2	RF00162__2GIS_A	23	G	23	A:23	yes	no	44	24	G	A:23	NA	NA	NA	rfam_only	NA	algorithm_omission	yes	NA	Rfam.seed.gz	15.1	41f014f4ab5628620935f089b1bb77987ebc162fda7c72bff368a32c9cccabac
RF00162__2GIS_A__4KQY_A__a1__forward__rep2	RF00162__2GIS_A__4KQY_A	forward	2	RF00162__2GIS_A	24	A	24	A:24	yes	no	45	25	A	A:24	NA	NA	NA	rfam_only	NA	algorithm_omission	yes	NA	Rfam.seed.gz	15.1	41f014f4ab5628620935f089b1bb77987ebc162fda7c72bff368a32c9cccabac
RF00162__2GIS_A__4KQY_A__a1__forward__rep2	RF00162__2GIS_A__4KQY_A	forward	2	RF00162__2GIS_A	25	C	25	A:25	yes	no	48	26	C	A:25	NA	NA	NA	rfam_only	NA	algorithm_omission	yes	NA	Rfam.seed.gz	15.1	41f014f4ab5628620935f089b1bb77987ebc162fda7c72bff368a32c9cccabac
RF00162__2GIS_A__4KQY_A__a1__forward__rep2	RF00162__2GIS_A__4KQY_A	forward	2	RF00162__2GIS_A	26	U	26	A:26	yes	no	49	27	U	A:26	NA	NA	NA	rfam_only	NA	algorithm_omission	yes	NA	Rfam.seed.gz	15.1	41f014f4ab5628620935f089b1bb77987ebc162fda7c72bff368a32c9cccabac
RF00162__2GIS_A__4KQY_A__a1__forward__rep2	RF00162__2GIS_A__4KQY_A	forward	2	RF00162__2GIS_A	27	G	27	A:27	yes	no	50	28	G	A:27	NA	NA	NA	rfam_only	NA	algorithm_omission	yes	NA	Rfam.seed.gz	15.1	41f014f4ab5628620935f089b1bb77987ebc162fda7c72bff368a32c9cccabac
RF00162__2GIS_A__4KQY_A__a1__forward__rep2	RF00162__2GIS_A__4KQY_A	forward	2	RF00162__2GIS_A	28	G	28	A:28	yes	no	51	29	G	A:28	NA	NA	NA	rfam_only	NA	algorithm_omission	yes	NA	Rfam.seed.gz	15.1	41f014f4ab5628620935f089b1bb77987ebc162fda7c72bff368a32c9cccabac
RF00162__2GIS_A__4KQY_A__a1__forward__rep2	RF00162__2GIS_A__4KQY_A	forward	2	RF00162__2GIS_A	29	C	29	A:29	yes	no	53	30	C	A:29	NA	NA	NA	rfam_only	NA	algorithm_omission	yes	NA	Rfam.seed.gz	15.1	41f014f4ab5628620935f089b1bb77987ebc162fda7c72bff368a32c9cccabac
RF00162__2GIS_A__4KQY_A__a1__forward__rep2	RF00162__2GIS_A__4KQY_A	forward	2	RF00162__2GIS_A	30	C	30	A:30	yes	no	54	31	C	A:30	NA	NA	NA	rfam_only	NA	algorithm_omission	yes	NA	Rfam.seed.gz	15.1	41f014f4ab5628620935f089b1bb77987ebc162fda7c72bff368a32c9cccabac
RF00162__2GIS_A__4KQY_A__a1__forward__rep2	RF00162__2GIS_A__4KQY_A	forward	2	RF00162__2GIS_A	31	C	31	A:31	yes	no	55	32	C	A:31	NA	NA	NA	rfam_only	NA	algorithm_omission	yes	NA	Rfam.seed.gz	15.1	41f014f4ab5628620935f089b1bb77987ebc162fda7c72bff368a32c9cccabac
RF00162__2GIS_A__4KQY_A__a1__forward__rep2	RF00162__2GIS_A__4KQY_A	forward	2	RF00162__2GIS_A	32	G	32	A:32	yes	no	56	33	G	A:32	NA	NA	NA	rfam_only	NA	algorithm_omission	yes	NA	Rfam.seed.gz	15.1	41f014f4ab5628620935f089b1bb77987ebc162fda7c72bff368a32c9cccabac
RF00162__2GIS_A__4KQY_A__a1__forward__rep2	RF00162__2GIS_A__4KQY_A	forward	2	RF00162__2GIS_A	33	A	33	A:33	yes	no	57	34	A	A:33	NA	NA	NA	rfam_only	NA	algorithm_omission	yes	NA	Rfam.seed.gz	15.1	41f014f4ab5628620935f089b1bb77987ebc162fda7c72bff368a32c9cccabac
RF00162__2GIS_A__4KQY_A__a1__forward__rep2	RF00162__2GIS_A__4KQY_A	forward	2	RF00162__2GIS_A	34	U	34	A:34	yes	no	60	35	C	A:34	NA	NA	NA	rfam_only	NA	algorithm_omission	yes	NA	Rfam.seed.gz	15.1	41f014f4ab5628620935f089b1bb77987ebc162fda7c72bff368a32c9cccabac
RF00162__2GIS_A__4KQY_A__a1__forward__rep2	RF00162__2GIS_A__4KQY_A	forward	2	RF00162__2GIS_A	35	G	35	A:35	yes	no	61	36	G	A:35	NA	NA	NA	rfam_only	NA	algorithm_omission	yes	NA	Rfam.seed.gz	15.1	41f014f4ab5628620935f089b1bb77987ebc162fda7c72bff368a32c9cccabac
RF00162__2GIS_A__4KQY_A__a1__forward__rep2	RF00162__2GIS_A__4KQY_A	forward	2	RF00162__2GIS_A	36	A	36	A:36	yes	no	62	37	A	A:36	NA	NA	NA	rfam_only	NA	algorithm_omission	yes	NA	Rfam.seed.gz	15.1	41f014f4ab5628620935f089b1bb77987ebc162fda7c72bff368a32c9cccabac
RF00162__2GIS_A__4KQY_A__a1__forward__rep2	RF00162__2GIS_A__4KQY_A	forward	2	RF00162__2GIS_A	37	A	37	A:37	yes	no	63	38	A	A:37	46	C	A:45	different_partner	NA	NA	yes	8	Rfam.seed.gz	15.1	41f014f4ab5628620935f089b1bb77987ebc162fda7c72bff368a32c9cccabac
RF00162__2GIS_A__4KQY_A__a1__forward__rep2	RF00162__2GIS_A__4KQY_A	forward	2	RF00162__2GIS_A	38	A	38	A:38	yes	no	65	39	G	A:38	47	A	A:46	different_partner	NA	NA	yes	8	Rfam.seed.gz	15.1	41f014f4ab5628620935f089b1bb77987ebc162fda7c72bff368a32c9cccabac
RF00162__2GIS_A__4KQY_A__a1__forward__rep2	RF00162__2GIS_A__4KQY_A	forward	2	RF00162__2GIS_A	39	C	39	A:39	yes	no	66	40	C	A:39	48	A	A:47	different_partner	NA	NA	yes	8	Rfam.seed.gz	15.1	41f014f4ab5628620935f089b1bb77987ebc162fda7c72bff368a32c9cccabac
RF00162__2GIS_A__4KQY_A__a1__forward__rep2	RF00162__2GIS_A__4KQY_A	forward	2	RF00162__2GIS_A	40	C	40	A:40	yes	no	67	41	U	A:40	49	C	A:48	different_partner	NA	NA	yes	8	Rfam.seed.gz	15.1	41f014f4ab5628620935f089b1bb77987ebc162fda7c72bff368a32c9cccabac
RF00162__2GIS_A__4KQY_A__a1__forward__rep2	RF00162__2GIS_A__4KQY_A	forward	2	RF00162__2GIS_A	41	C	41	A:41	yes	no	70	43	C	A:42	50	C	A:49	different_partner	NA	NA	yes	7	Rfam.seed.gz	15.1	41f014f4ab5628620935f089b1bb77987ebc162fda7c72bff368a32c9cccabac
RF00162__2GIS_A__4KQY_A__a1__forward__rep2	RF00162__2GIS_A__4KQY_A	forward	2	RF00162__2GIS_A	42	G	42	A:42	yes	no	71	44	A	A:43	52	G	A:51	different_partner	NA	NA	yes	8	Rfam.seed.gz	15.1	41f014f4ab5628620935f089b1bb77987ebc162fda7c72bff368a32c9cccabac
RF00162__2GIS_A__4KQY_A__a1__forward__rep2	RF00162__2GIS_A__4KQY_A	forward	2	RF00162__2GIS_A	43	G	43	A:43	yes	no	72	45	G	A:44	53	U	A:52	different_partner	NA	NA	yes	8	Rfam.seed.gz	15.1	41f014f4ab5628620935f089b1bb77987ebc162fda7c72bff368a32c9cccabac
RF00162__2GIS_A__4KQY_A__a1__forward__rep2	RF00162__2GIS_A__4KQY_A	forward	2	RF00162__2GIS_A	44	C	44	A:44	yes	no	73	46	C	A:45	54	G	A:53	different_partner	NA	NA	yes	8	Rfam.seed.gz	15.1	41f014f4ab5628620935f089b1bb77987ebc162fda7c72bff368a32c9cccabac
RF00162__2GIS_A__4KQY_A__a1__forward__rep2	RF00162__2GIS_A__4KQY_A	forward	2	RF00162__2GIS_A	45	A	45	A:45	yes	no	74	47	A	A:46	56	A	A:55	different_partner	NA	NA	yes	9	Rfam.seed.gz	15.1	41f014f4ab5628620935f089b1bb77987ebc162fda7c72bff368a32c9cccabac
RF00162__2GIS_A__4KQY_A__a1__forward__rep2	RF00162__2GIS_A__4KQY_A	forward	2	RF00162__2GIS_A	46	A	46	A:46	yes	no	75	48	A	A:47	57	A	A:56	different_partner	NA	NA	yes	9	Rfam.seed.gz	15.1	41f014f4ab5628620935f089b1bb77987ebc162fda7c72bff368a32c9cccabac
RF00162__2GIS_A__4KQY_A__a1__forward__rep2	RF00162__2GIS_A__4KQY_A	forward	2	RF00162__2GIS_A	47	C	47	A:47	yes	no	76	49	C	A:48	58	U	A:57	different_partner	NA	NA	yes	9	Rfam.seed.gz	15.1	41f014f4ab5628620935f089b1bb77987ebc162fda7c72bff368a32c9cccabac
RF00162__2GIS_A__4KQY_A__a1__forward__rep2	RF00162__2GIS_A__4KQY_A	forward	2	RF00162__2GIS_A	48	C	48	A:48	yes	no	77	50	C	A:49	59	G	A:58	different_partner	NA	NA	yes	9	Rfam.seed.gz	15.1	41f014f4ab5628620935f089b1bb77987ebc162fda7c72bff368a32c9cccabac
RF00162__2GIS_A__4KQY_A__a1__forward__rep2	RF00162__2GIS_A__4KQY_A	forward	2	RF00162__2GIS_A	49	A	49	A:49	yes	yes	148	NA	NA	NA	60	G	A:59	star3d_only	alignment_gap_in_standard_seed	NA	no	NA	Rfam.seed.gz	15.1	41f014f4ab5628620935f089b1bb77987ebc162fda7c72bff368a32c9cccabac
RF00162__2GIS_A__4KQY_A__a1__forward__rep2	RF00162__2GIS_A__4KQY_A	forward	2	RF00162__2GIS_A	50	G	50	A:50	yes	yes	149	NA	NA	NA	61	C	A:60	star3d_only	alignment_gap_in_standard_seed	NA	no	NA	Rfam.seed.gz	15.1	41f014f4ab5628620935f089b1bb77987ebc162fda7c72bff368a32c9cccabac
RF00162__2GIS_A__4KQY_A__a1__forward__rep2	RF00162__2GIS_A__4KQY_A	forward	2	RF00162__2GIS_A	51	A	51	A:51	yes	yes	150	NA	NA	NA	64	A	A:63	star3d_only	alignment_gap_in_standard_seed	NA	no	NA	Rfam.seed.gz	15.1	41f014f4ab5628620935f089b1bb77987ebc162fda7c72bff368a32c9cccabac
RF00162__2GIS_A__4KQY_A__a1__forward__rep2	RF00162__2GIS_A__4KQY_A	forward	2	RF00162__2GIS_A	52	A	52	A:52	yes	yes	151	NA	NA	NA	65	A	A:64	star3d_only	alignment_gap_in_standard_seed	NA	no	NA	Rfam.seed.gz	15.1	41f014f4ab5628620935f089b1bb77987ebc162fda7c72bff368a32c9cccabac
RF00162__2GIS_A__4KQY_A__a1__forward__rep2	RF00162__2GIS_A__4KQY_A	forward	2	RF00162__2GIS_A	53	A	53	A:53	yes	no	156	75	A	A:74	66	G	A:65	different_partner	NA	NA	yes	-9	Rfam.seed.gz	15.1	41f014f4ab5628620935f089b1bb77987ebc162fda7c72bff368a32c9cccabac
RF00162__2GIS_A__4KQY_A__a1__forward__rep2	RF00162__2GIS_A__4KQY_A	forward	2	RF00162__2GIS_A	54	U	54	A:54	yes	no	157	76	A	A:75	67	C	A:66	different_partner	NA	NA	yes	-9	Rfam.seed.gz	15.1	41f014f4ab5628620935f089b1bb77987ebc162fda7c72bff368a32c9cccabac
RF00162__2GIS_A__4KQY_A__a1__forward__rep2	RF00162__2GIS_A__4KQY_A	forward	2	RF00162__2GIS_A	55	G	55	A:55	yes	no	160	77	G	A:76	68	C	A:67	different_partner	NA	NA	yes	-9	Rfam.seed.gz	15.1	41f014f4ab5628620935f089b1bb77987ebc162fda7c72bff368a32c9cccabac
RF00162__2GIS_A__4KQY_A__a1__forward__rep2	RF00162__2GIS_A__4KQY_A	forward	2	RF00162__2GIS_A	56	G	56	A:56	yes	no	161	78	G	A:77	69	A	A:68	different_partner	NA	NA	yes	-9	Rfam.seed.gz	15.1	41f014f4ab5628620935f089b1bb77987ebc162fda7c72bff368a32c9cccabac
RF00162__2GIS_A__4KQY_A__a1__forward__rep2	RF00162__2GIS_A__4KQY_A	forward	2	RF00162__2GIS_A	57	U	57	A:57	yes	no	162	79	U	A:78	70	U	A:69	different_partner	NA	NA	yes	-9	Rfam.seed.gz	15.1	41f014f4ab5628620935f089b1bb77987ebc162fda7c72bff368a32c9cccabac
RF00162__2GIS_A__4KQY_A__a1__forward__rep2	RF00162__2GIS_A__4KQY_A	forward	2	RF00162__2GIS_A	58	G	58	A:58	yes	no	163	80	G	A:79	71	G	A:70	different_partner	NA	NA	yes	-9	Rfam.seed.gz	15.1	41f014f4ab5628620935f089b1bb77987ebc162fda7c72bff368a32c9cccabac
RF00162__2GIS_A__4KQY_A__a1__forward__rep2	RF00162__2GIS_A__4KQY_A	forward	2	RF00162__2GIS_A	59	C	59	A:59	yes	no	164	81	C	A:80	72	A	A:71	different_partner	NA	NA	yes	-9	Rfam.seed.gz	15.1	41f014f4ab5628620935f089b1bb77987ebc162fda7c72bff368a32c9cccabac
RF00162__2GIS_A__4KQY_A__a1__forward__rep2	RF00162__2GIS_A__4KQY_A	forward	2	RF00162__2GIS_A	60	C	60	A:60	yes	no	165	82	U	A:81	73	C	A:72	different_partner	NA	NA	yes	-9	Rfam.seed.gz	15.1	41f014f4ab5628620935f089b1bb77987ebc162fda7c72bff368a32c9cccabac
RF00162__2GIS_A__4KQY_A__a1__forward__rep2	RF00162__2GIS_A__4KQY_A	forward	2	RF00162__2GIS_A	61	A	61	A:61	yes	no	166	83	A	A:82	NA	NA	NA	rfam_only	NA	algorithm_omission	yes	NA	Rfam.seed.gz	15.1	41f014f4ab5628620935f089b1bb77987ebc162fda7c72bff368a32c9cccabac
RF00162__2GIS_A__4KQY_A__a1__forward__rep2	RF00162__2GIS_A__4KQY_A	forward	2	RF00162__2GIS_A	62	A	62	A:62	yes	no	168	84	A	A:83	NA	NA	NA	rfam_only	NA	algorithm_omission	yes	NA	Rfam.seed.gz	15.1	41f014f4ab5628620935f089b1bb77987ebc162fda7c72bff368a32c9cccabac
RF00162__2GIS_A__4KQY_A__a1__forward__rep2	RF00162__2GIS_A__4KQY_A	forward	2	RF00162__2GIS_A	63	U	63	A:63	yes	no	169	85	A	A:84	NA	NA	NA	rfam_only	NA	algorithm_omission	yes	NA	Rfam.seed.gz	15.1	41f014f4ab5628620935f089b1bb77987ebc162fda7c72bff368a32c9cccabac
RF00162__2GIS_A__4KQY_A__a1__forward__rep2	RF00162__2GIS_A__4KQY_A	forward	2	RF00162__2GIS_A	64	U	64	A:64	yes	no	170	86	U	A:85	NA	NA	NA	rfam_only	NA	algorithm_omission	yes	NA	Rfam.seed.gz	15.1	41f014f4ab5628620935f089b1bb77987ebc162fda7c72bff368a32c9cccabac
RF00162__2GIS_A__4KQY_A__a1__forward__rep2	RF00162__2GIS_A__4KQY_A	forward	2	RF00162__2GIS_A	65	C	65	A:65	yes	no	171	87	C	A:86	NA	NA	NA	rfam_only	NA	algorithm_omission	yes	NA	Rfam.seed.gz	15.1	41f014f4ab5628620935f089b1bb77987ebc162fda7c72bff368a32c9cccabac
RF00162__2GIS_A__4KQY_A__a1__forward__rep2	RF00162__2GIS_A__4KQY_A	forward	2	RF00162__2GIS_A	66	C	66	A:66	yes	no	174	88	C	A:87	NA	NA	NA	rfam_only	NA	algorithm_omission	yes	NA	Rfam.seed.gz	15.1	41f014f4ab5628620935f089b1bb77987ebc162fda7c72bff368a32c9cccabac
RF00162__2GIS_A__4KQY_A__a1__forward__rep2	RF00162__2GIS_A__4KQY_A	forward	2	RF00162__2GIS_A	67	U	67	A:67	yes	no	175	89	A	A:88	NA	NA	NA	rfam_only	NA	algorithm_omission	yes	NA	Rfam.seed.gz	15.1	41f014f4ab5628620935f089b1bb77987ebc162fda7c72bff368a32c9cccabac
RF00162__2GIS_A__4KQY_A__a1__forward__rep2	RF00162__2GIS_A__4KQY_A	forward	2	RF00162__2GIS_A	68	G	68	A:68	yes	no	176	90	G	A:89	NA	NA	NA	rfam_only	NA	algorithm_omission	yes	NA	Rfam.seed.gz	15.1	41f014f4ab5628620935f089b1bb77987ebc162fda7c72bff368a32c9cccabac
RF00162__2GIS_A__4KQY_A__a1__forward__rep2	RF00162__2GIS_A__4KQY_A	forward	2	RF00162__2GIS_A	69	C	69	A:69	yes	no	178	91	C	A:90	NA	NA	NA	rfam_only	NA	algorithm_omission	yes	NA	Rfam.seed.gz	15.1	41f014f4ab5628620935f089b1bb77987ebc162fda7c72bff368a32c9cccabac
RF00162__2GIS_A__4KQY_A__a1__forward__rep2	RF00162__2GIS_A__4KQY_A	forward	2	RF00162__2GIS_A	70	A	70	A:70	yes	no	179	92	A	A:91	NA	NA	NA	rfam_only	NA	algorithm_omission	yes	NA	Rfam.seed.gz	15.1	41f014f4ab5628620935f089b1bb77987ebc162fda7c72bff368a32c9cccabac
RF00162__2GIS_A__4KQY_A__a1__forward__rep2	RF00162__2GIS_A__4KQY_A	forward	2	RF00162__2GIS_A	71	G	71	A:71	yes	no	180	93	A	A:92	NA	NA	NA	rfam_only	NA	algorithm_omission	yes	NA	Rfam.seed.gz	15.1	41f014f4ab5628620935f089b1bb77987ebc162fda7c72bff368a32c9cccabac
RF00162__2GIS_A__4KQY_A__a1__forward__rep2	RF00162__2GIS_A__4KQY_A	forward	2	RF00162__2GIS_A	72	C	72	A:72	yes	no	181	94	G	A:93	NA	NA	NA	rfam_only	NA	algorithm_omission	yes	NA	Rfam.seed.gz	15.1	41f014f4ab5628620935f089b1bb77987ebc162fda7c72bff368a32c9cccabac
RF00162__2GIS_A__4KQY_A__a1__forward__rep2	RF00162__2GIS_A__4KQY_A	forward	2	RF00162__2GIS_A	73	G	73	A:73	yes	no	182	95	C	A:94	NA	NA	NA	rfam_only	NA	algorithm_omission	yes	NA	Rfam.seed.gz	15.1	41f014f4ab5628620935f089b1bb77987ebc162fda7c72bff368a32c9cccabac
RF00162__2GIS_A__4KQY_A__a1__forward__rep2	RF00162__2GIS_A__4KQY_A	forward	2	RF00162__2GIS_A	74	G	74	A:74	yes	no	191	99	A	A:98	NA	NA	NA	rfam_only	NA	algorithm_omission	yes	NA	Rfam.seed.gz	15.1	41f014f4ab5628620935f089b1bb77987ebc162fda7c72bff368a32c9cccabac
RF00162__2GIS_A__4KQY_A__a1__forward__rep2	RF00162__2GIS_A__4KQY_A	forward	2	RF00162__2GIS_A	75	A	75	A:75	yes	yes	192	100	A	A:99	NA	NA	NA	rfam_only	NA	algorithm_omission	no	NA	Rfam.seed.gz	15.1	41f014f4ab5628620935f089b1bb77987ebc162fda7c72bff368a32c9cccabac
RF00162__2GIS_A__4KQY_A__a1__forward__rep2	RF00162__2GIS_A__4KQY_A	forward	2	RF00162__2GIS_A	76	A	76	A:76	yes	yes	193	101	C	A:100	NA	NA	NA	rfam_only	NA	algorithm_omission	no	NA	Rfam.seed.gz	15.1	41f014f4ab5628620935f089b1bb77987ebc162fda7c72bff368a32c9cccabac
RF00162__2GIS_A__4KQY_A__a1__forward__rep2	RF00162__2GIS_A__4KQY_A	forward	2	RF00162__2GIS_A	77	A	77	A:77	yes	yes	216	102	A	A:101	NA	NA	NA	rfam_only	NA	algorithm_omission	no	NA	Rfam.seed.gz	15.1	41f014f4ab5628620935f089b1bb77987ebc162fda7c72bff368a32c9cccabac
RF00162__2GIS_A__4KQY_A__a1__forward__rep2	RF00162__2GIS_A__4KQY_A	forward	2	RF00162__2GIS_A	78	C	78	A:78	yes	no	217	103	G	A:102	NA	NA	NA	rfam_only	NA	algorithm_omission	yes	NA	Rfam.seed.gz	15.1	41f014f4ab5628620935f089b1bb77987ebc162fda7c72bff368a32c9cccabac
RF00162__2GIS_A__4KQY_A__a1__forward__rep2	RF00162__2GIS_A__4KQY_A	forward	2	RF00162__2GIS_A	79	G	79	A:79	yes	no	218	104	C	A:103	NA	NA	NA	rfam_only	NA	algorithm_omission	yes	NA	Rfam.seed.gz	15.1	41f014f4ab5628620935f089b1bb77987ebc162fda7c72bff368a32c9cccabac
RF00162__2GIS_A__4KQY_A__a1__forward__rep2	RF00162__2GIS_A__4KQY_A	forward	2	RF00162__2GIS_A	80	U	80	A:80	yes	yes	219	105	U	A:104	NA	NA	NA	rfam_only	NA	algorithm_omission	no	NA	Rfam.seed.gz	15.1	41f014f4ab5628620935f089b1bb77987ebc162fda7c72bff368a32c9cccabac
RF00162__2GIS_A__4KQY_A__a1__forward__rep2	RF00162__2GIS_A__4KQY_A	forward	2	RF00162__2GIS_A	81	U	81	A:81	yes	no	221	106	U	A:105	NA	NA	NA	rfam_only	NA	algorithm_omission	yes	NA	Rfam.seed.gz	15.1	41f014f4ab5628620935f089b1bb77987ebc162fda7c72bff368a32c9cccabac
RF00162__2GIS_A__4KQY_A__a1__forward__rep2	RF00162__2GIS_A__4KQY_A	forward	2	RF00162__2GIS_A	82	G	82	A:82	yes	no	222	107	G	A:106	NA	NA	NA	rfam_only	NA	algorithm_omission	yes	NA	Rfam.seed.gz	15.1	41f014f4ab5628620935f089b1bb77987ebc162fda7c72bff368a32c9cccabac
RF00162__2GIS_A__4KQY_A__a1__forward__rep2	RF00162__2GIS_A__4KQY_A	forward	2	RF00162__2GIS_A	83	A	83	A:83	yes	no	224	108	G	A:107	NA	NA	NA	rfam_only	NA	algorithm_omission	yes	NA	Rfam.seed.gz	15.1	41f014f4ab5628620935f089b1bb77987ebc162fda7c72bff368a32c9cccabac
RF00162__2GIS_A__4KQY_A__a1__forward__rep2	RF00162__2GIS_A__4KQY_A	forward	2	RF00162__2GIS_A	84	A	84	A:84	yes	no	226	109	A	A:108	NA	NA	NA	rfam_only	NA	algorithm_omission	yes	NA	Rfam.seed.gz	15.1	41f014f4ab5628620935f089b1bb77987ebc162fda7c72bff368a32c9cccabac
RF00162__2GIS_A__4KQY_A__a1__forward__rep2	RF00162__2GIS_A__4KQY_A	forward	2	RF00162__2GIS_A	85	A	85	A:85	yes	no	227	110	A	A:109	NA	NA	NA	rfam_only	NA	algorithm_omission	yes	NA	Rfam.seed.gz	15.1	41f014f4ab5628620935f089b1bb77987ebc162fda7c72bff368a32c9cccabac
RF00162__2GIS_A__4KQY_A__a1__forward__rep2	RF00162__2GIS_A__4KQY_A	forward	2	RF00162__2GIS_A	86	G	86	A:86	yes	no	229	111	G	A:110	NA	NA	NA	rfam_only	NA	algorithm_omission	yes	NA	Rfam.seed.gz	15.1	41f014f4ab5628620935f089b1bb77987ebc162fda7c72bff368a32c9cccabac
RF00162__2GIS_A__4KQY_A__a1__forward__rep2	RF00162__2GIS_A__4KQY_A	forward	2	RF00162__2GIS_A	87	A	87	A:87	yes	no	230	112	A	A:111	NA	NA	NA	rfam_only	NA	algorithm_omission	yes	NA	Rfam.seed.gz	15.1	41f014f4ab5628620935f089b1bb77987ebc162fda7c72bff368a32c9cccabac
RF00162__2GIS_A__4KQY_A__a1__forward__rep2	RF00162__2GIS_A__4KQY_A	forward	2	RF00162__2GIS_A	88	U	88	A:88	yes	no	231	113	U	A:112	NA	NA	NA	rfam_only	NA	algorithm_omission	yes	NA	Rfam.seed.gz	15.1	41f014f4ab5628620935f089b1bb77987ebc162fda7c72bff368a32c9cccabac
RF00162__2GIS_A__4KQY_A__a1__forward__rep2	RF00162__2GIS_A__4KQY_A	forward	2	RF00162__2GIS_A	89	G	89	A:89	yes	no	232	114	A	A:113	NA	NA	NA	rfam_only	NA	algorithm_omission	yes	NA	Rfam.seed.gz	15.1	41f014f4ab5628620935f089b1bb77987ebc162fda7c72bff368a32c9cccabac
RF00162__2GIS_A__4KQY_A__a1__forward__rep2	RF00162__2GIS_A__4KQY_A	forward	2	RF00162__2GIS_A	90	A	90	A:90	yes	no	233	115	A	A:114	NA	NA	NA	rfam_only	NA	algorithm_omission	yes	NA	Rfam.seed.gz	15.1	41f014f4ab5628620935f089b1bb77987ebc162fda7c72bff368a32c9cccabac
RF00162__2GIS_A__4KQY_A__a1__forward__rep2	RF00162__2GIS_A__4KQY_A	forward	2	RF00162__2GIS_A	91	G	91	A:91	yes	no	234	116	G	A:115	NA	NA	NA	rfam_only	NA	algorithm_omission	yes	NA	Rfam.seed.gz	15.1	41f014f4ab5628620935f089b1bb77987ebc162fda7c72bff368a32c9cccabac
RF00162__2GIS_A__4KQY_A__a1__forward__rep2	RF00162__2GIS_A__4KQY_A	forward	2	RF00162__2GIS_A	92	C	92	A:92	yes	yes	235	117	A	A:116	NA	NA	NA	rfam_only	NA	algorithm_omission	no	NA	Rfam.seed.gz	15.1	41f014f4ab5628620935f089b1bb77987ebc162fda7c72bff368a32c9cccabac
RF00162__2GIS_A__4KQY_A__a1__forward__rep2	RF00162__2GIS_A__4KQY_A	forward	2	RF00162__2GIS_A	93	C	93	A:93	yes	yes	237	119	C	A:118	NA	NA	NA	rfam_only	NA	algorithm_omission	no	NA	Rfam.seed.gz	15.1	41f014f4ab5628620935f089b1bb77987ebc162fda7c72bff368a32c9cccabac
RF00162__2GIS_A__4KQY_A__a1__forward__rep2	RF00162__2GIS_A__4KQY_A	forward	2	RF00162__2GIS_A	94	A	94	A:94	yes	yes	238	NA	NA	NA	NA	NA	NA	neither	alignment_gap_in_standard_seed	algorithm_omission	no	NA	Rfam.seed.gz	15.1	41f014f4ab5628620935f089b1bb77987ebc162fda7c72bff368a32c9cccabac
RF00162__2GIS_A__4KQY_A__a1__forward__rep3	RF00162__2GIS_A__4KQY_A	forward	3	RF00162__2GIS_A	1	G	1	A:1	yes	yes	1	1	G	A:0	NA	NA	NA	rfam_only	NA	algorithm_omission	no	NA	Rfam.seed.gz	15.1	41f014f4ab5628620935f089b1bb77987ebc162fda7c72bff368a32c9cccabac
RF00162__2GIS_A__4KQY_A__a1__forward__rep3	RF00162__2GIS_A__4KQY_A	forward	3	RF00162__2GIS_A	2	G	2	A:2	yes	yes	3	3	U	A:2	NA	NA	NA	rfam_only	NA	algorithm_omission	no	NA	Rfam.seed.gz	15.1	41f014f4ab5628620935f089b1bb77987ebc162fda7c72bff368a32c9cccabac
RF00162__2GIS_A__4KQY_A__a1__forward__rep3	RF00162__2GIS_A__4KQY_A	forward	3	RF00162__2GIS_A	3	C	3	A:3	yes	no	4	4	C	A:3	NA	NA	NA	rfam_only	NA	algorithm_omission	yes	NA	Rfam.seed.gz	15.1	41f014f4ab5628620935f089b1bb77987ebc162fda7c72bff368a32c9cccabac
RF00162__2GIS_A__4KQY_A__a1__forward__rep3	RF00162__2GIS_A__4KQY_A	forward	3	RF00162__2GIS_A	4	U	4	A:4	yes	no	5	5	U	A:4	NA	NA	NA	rfam_only	NA	algorithm_omission	yes	NA	Rfam.seed.gz	15.1	41f014f4ab5628620935f089b1bb77987ebc162fda7c72bff368a32c9cccabac
RF00162__2GIS_A__4KQY_A__a1__forward__rep3	RF00162__2GIS_A__4KQY_A	forward	3	RF00162__2GIS_A	5	U	5	A:5	yes	no	6	6	U	A:5	NA	NA	NA	rfam_only	NA	algorithm_omission	yes	NA	Rfam.seed.gz	15.1	41f014f4ab5628620935f089b1bb77987ebc162fda7c72bff368a32c9cccabac
RF00162__2GIS_A__4KQY_A__a1__forward__rep3	RF00162__2GIS_A__4KQY_A	forward	3	RF00162__2GIS_A	6	A	6	A:6	yes	no	7	7	A	A:6	NA	NA	NA	rfam_only	NA	algorithm_omission	yes	NA	Rfam.seed.gz	15.1	41f014f4ab5628620935f089b1bb77987ebc162fda7c72bff368a32c9cccabac
RF00162__2GIS_A__4KQY_A__a1__forward__rep3	RF00162__2GIS_A__4KQY_A	forward	3	RF00162__2GIS_A	7	U	7	A:7	yes	no	8	8	U	A:7	NA	NA	NA	rfam_only	NA	algorithm_omission	yes	NA	Rfam.seed.gz	15.1	41f014f4ab5628620935f089b1bb77987ebc162fda7c72bff368a32c9cccabac
RF00162__2GIS_A__4KQY_A__a1__forward__rep3	RF00162__2GIS_A__4KQY_A	forward	3	RF00162__2GIS_A	8	C	8	A:8	yes	no	9	9	C	A:8	NA	NA	NA	rfam_only	NA	algorithm_omission	yes	NA	Rfam.seed.gz	15.1	41f014f4ab5628620935f089b1bb77987ebc162fda7c72bff368a32c9cccabac
RF00162__2GIS_A__4KQY_A__a1__forward__rep3	RF00162__2GIS_A__4KQY_A	forward	3	RF00162__2GIS_A	9	A	9	A:9	yes	no	10	10	A	A:9	NA	NA	NA	rfam_only	NA	algorithm_omission	yes	NA	Rfam.seed.gz	15.1	41f014f4ab5628620935f089b1bb77987ebc162fda7c72bff368a32c9cccabac
RF00162__2GIS_A__4KQY_A__a1__forward__rep3	RF00162__2GIS_A__4KQY_A	forward	3	RF00162__2GIS_A	10	A	10	A:10	yes	no	11	11	A	A:10	NA	NA	NA	rfam_only	NA	algorithm_omission	yes	NA	Rfam.seed.gz	15.1	41f014f4ab5628620935f089b1bb77987ebc162fda7c72bff368a32c9cccabac
RF00162__2GIS_A__4KQY_A__a1__forward__rep3	RF00162__2GIS_A__4KQY_A	forward	3	RF00162__2GIS_A	11	G	11	A:11	yes	no	12	12	G	A:11	NA	NA	NA	rfam_only	NA	algorithm_omission	yes	NA	Rfam.seed.gz	15.1	41f014f4ab5628620935f089b1bb77987ebc162fda7c72bff368a32c9cccabac
RF00162__2GIS_A__4KQY_A__a1__forward__rep3	RF00162__2GIS_A__4KQY_A	forward	3	RF00162__2GIS_A	12	A	12	A:12	yes	no	13	13	A	A:12	NA	NA	NA	rfam_only	NA	algorithm_omission	yes	NA	Rfam.seed.gz	15.1	41f014f4ab5628620935f089b1bb77987ebc162fda7c72bff368a32c9cccabac
RF00162__2GIS_A__4KQY_A__a1__forward__rep3	RF00162__2GIS_A__4KQY_A	forward	3	RF00162__2GIS_A	13	G	13	A:13	yes	no	14	14	G	A:13	NA	NA	NA	rfam_only	NA	algorithm_omission	yes	NA	Rfam.seed.gz	15.1	41f014f4ab5628620935f089b1bb77987ebc162fda7c72bff368a32c9cccabac
RF00162__2GIS_A__4KQY_A__a1__forward__rep3	RF00162__2GIS_A__4KQY_A	forward	3	RF00162__2GIS_A	14	A	14	A:14	yes	no	16	15	A	A:14	NA	NA	NA	rfam_only	NA	algorithm_omission	yes	NA	Rfam.seed.gz	15.1	41f014f4ab5628620935f089b1bb77987ebc162fda7c72bff368a32c9cccabac
RF00162__2GIS_A__4KQY_A__a1__forward__rep3	RF00162__2GIS_A__4KQY_A	forward	3	RF00162__2GIS_A	15	G	15	A:15	yes	no	17	16	A	A:15	NA	NA	NA	rfam_only	NA	algorithm_omission	yes	NA	Rfam.seed.gz	15.1	41f014f4ab5628620935f089b1bb77987ebc162fda7c72bff368a32c9cccabac
RF00162__2GIS_A__4KQY_A__a1__forward__rep3	RF00162__2GIS_A__4KQY_A	forward	3	RF00162__2GIS_A	16	G	16	A:16	yes	no	18	17	G	A:16	NA	NA	NA	rfam_only	NA	algorithm_omission	yes	NA	Rfam.seed.gz	15.1	41f014f4ab5628620935f089b1bb77987ebc162fda7c72bff368a32c9cccabac
RF00162__2GIS_A__4KQY_A__a1__forward__rep3	RF00162__2GIS_A__4KQY_A	forward	3	RF00162__2GIS_A	17	U	17	A:17	yes	no	20	18	C	A:17	NA	NA	NA	rfam_only	NA	algorithm_omission	yes	NA	Rfam.seed.gz	15.1	41f014f4ab5628620935f089b1bb77987ebc162fda7c72bff368a32c9cccabac
RF00162__2GIS_A__4KQY_A__a1__forward__rep3	RF00162__2GIS_A__4KQY_A	forward	3	RF00162__2GIS_A	18	G	18	A:18	yes	no	22	19	A	A:18	NA	NA	NA	rfam_only	NA	algorithm_omission	yes	NA	Rfam.seed.gz	15.1	41f014f4ab5628620935f089b1bb77987ebc162fda7c72bff368a32c9cccabac
RF00162__2GIS_A__4KQY_A__a1__forward__rep3	RF00162__2GIS_A__4KQY_A	forward	3	RF00162__2GIS_A	19	G	19	A:19	yes	no	23	20	G	A:19	45	G	A:44	different_partner	NA	NA	yes	25	Rfam.seed.gz	15.1	41f014f4ab5628620935f089b1bb77987ebc162fda7c72bff368a32c9cccabac
RF00162__2GIS_A__4KQY_A__a1__forward__rep3	RF00162__2GIS_A__4KQY_A	forward	3	RF00162__2GIS_A	20	A	20	A:20	yes	no	41	21	A	A:20	NA	NA	NA	rfam_only	NA	algorithm_omission	yes	NA	Rfam.seed.gz	15.1	41f014f4ab5628620935f089b1bb77987ebc162fda7c72bff368a32c9cccabac
RF00162__2GIS_A__4KQY_A__a1__forward__rep3	RF00162__2GIS_A__4KQY_A	forward	3	RF00162__2GIS_A	21	G	21	A:21	yes	no	42	22	G	A:21	NA	NA	NA	rfam_only	NA	algorithm_omission	yes	NA	Rfam.seed.gz	15.1	41f014f4ab5628620935f089b1bb77987ebc162fda7c72bff368a32c9cccabac
RF00162__2GIS_A__4KQY_A__a1__forward__rep3	RF00162__2GIS_A__4KQY_A	forward	3	RF00162__2GIS_A	22	G	22	A:22	yes	no	43	23	G	A:22	NA	NA	NA	rfam_only	NA	algorithm_omission	yes	NA	Rfam.seed.gz	15.1	41f014f4ab5628620935f089b1bb77987ebc162fda7c72bff368a32c9cccabac
RF00162__2GIS_A__4KQY_A__a1__forward__rep3	RF00162__2GIS_A__4KQY_A	forward	3	RF00162__2GIS_A	23	G	23	A:23	yes	no	44	24	G	A:23	NA	NA	NA	rfam_only	NA	algorithm_omission	yes	NA	Rfam.seed.gz	15.1	41f014f4ab5628620935f089b1bb77987ebc162fda7c72bff368a32c9cccabac
RF00162__2GIS_A__4KQY_A__a1__forward__rep3	RF00162__2GIS_A__4KQY_A	forward	3	RF00162__2GIS_A	24	A	24	A:24	yes	no	45	25	A	A:24	NA	NA	NA	rfam_only	NA	algorithm_omission	yes	NA	Rfam.seed.gz	15.1	41f014f4ab5628620935f089b1bb77987ebc162fda7c72bff368a32c9cccabac
RF00162__2GIS_A__4KQY_A__a1__forward__rep3	RF00162__2GIS_A__4KQY_A	forward	3	RF00162__2GIS_A	25	C	25	A:25	yes	no	48	26	C	A:25	NA	NA	NA	rfam_only	NA	algorithm_omission	yes	NA	Rfam.seed.gz	15.1	41f014f4ab5628620935f089b1bb77987ebc162fda7c72bff368a32c9cccabac
RF00162__2GIS_A__4KQY_A__a1__forward__rep3	RF00162__2GIS_A__4KQY_A	forward	3	RF00162__2GIS_A	26	U	26	A:26	yes	no	49	27	U	A:26	NA	NA	NA	rfam_only	NA	algorithm_omission	yes	NA	Rfam.seed.gz	15.1	41f014f4ab5628620935f089b1bb77987ebc162fda7c72bff368a32c9cccabac
RF00162__2GIS_A__4KQY_A__a1__forward__rep3	RF00162__2GIS_A__4KQY_A	forward	3	RF00162__2GIS_A	27	G	27	A:27	yes	no	50	28	G	A:27	NA	NA	NA	rfam_only	NA	algorithm_omission	yes	NA	Rfam.seed.gz	15.1	41f014f4ab5628620935f089b1bb77987ebc162fda7c72bff368a32c9cccabac
RF00162__2GIS_A__4KQY_A__a1__forward__rep3	RF00162__2GIS_A__4KQY_A	forward	3	RF00162__2GIS_A	28	G	28	A:28	yes	no	51	29	G	A:28	NA	NA	NA	rfam_only	NA	algorithm_omission	yes	NA	Rfam.seed.gz	15.1	41f014f4ab5628620935f089b1bb77987ebc162fda7c72bff368a32c9cccabac
RF00162__2GIS_A__4KQY_A__a1__forward__rep3	RF00162__2GIS_A__4KQY_A	forward	3	RF00162__2GIS_A	29	C	29	A:29	yes	no	53	30	C	A:29	NA	NA	NA	rfam_only	NA	algorithm_omission	yes	NA	Rfam.seed.gz	15.1	41f014f4ab5628620935f089b1bb77987ebc162fda7c72bff368a32c9cccabac
RF00162__2GIS_A__4KQY_A__a1__forward__rep3	RF00162__2GIS_A__4KQY_A	forward	3	RF00162__2GIS_A	30	C	30	A:30	yes	no	54	31	C	A:30	NA	NA	NA	rfam_only	NA	algorithm_omission	yes	NA	Rfam.seed.gz	15.1	41f014f4ab5628620935f089b1bb77987ebc162fda7c72bff368a32c9cccabac
RF00162__2GIS_A__4KQY_A__a1__forward__rep3	RF00162__2GIS_A__4KQY_A	forward	3	RF00162__2GIS_A	31	C	31	A:31	yes	no	55	32	C	A:31	NA	NA	NA	rfam_only	NA	algorithm_omission	yes	NA	Rfam.seed.gz	15.1	41f014f4ab5628620935f089b1bb77987ebc162fda7c72bff368a32c9cccabac
RF00162__2GIS_A__4KQY_A__a1__forward__rep3	RF00162__2GIS_A__4KQY_A	forward	3	RF00162__2GIS_A	32	G	32	A:32	yes	no	56	33	G	A:32	NA	NA	NA	rfam_only	NA	algorithm_omission	yes	NA	Rfam.seed.gz	15.1	41f014f4ab5628620935f089b1bb77987ebc162fda7c72bff368a32c9cccabac
RF00162__2GIS_A__4KQY_A__a1__forward__rep3	RF00162__2GIS_A__4KQY_A	forward	3	RF00162__2GIS_A	33	A	33	A:33	yes	no	57	34	A	A:33	NA	NA	NA	rfam_only	NA	algorithm_omission	yes	NA	Rfam.seed.gz	15.1	41f014f4ab5628620935f089b1bb77987ebc162fda7c72bff368a32c9cccabac
RF00162__2GIS_A__4KQY_A__a1__forward__rep3	RF00162__2GIS_A__4KQY_A	forward	3	RF00162__2GIS_A	34	U	34	A:34	yes	no	60	35	C	A:34	NA	NA	NA	rfam_only	NA	algorithm_omission	yes	NA	Rfam.seed.gz	15.1	41f014f4ab5628620935f089b1bb77987ebc162fda7c72bff368a32c9cccabac
RF00162__2GIS_A__4KQY_A__a1__forward__rep3	RF00162__2GIS_A__4KQY_A	forward	3	RF00162__2GIS_A	35	G	35	A:35	yes	no	61	36	G	A:35	NA	NA	NA	rfam_only	NA	algorithm_omission	yes	NA	Rfam.seed.gz	15.1	41f014f4ab5628620935f089b1bb77987ebc162fda7c72bff368a32c9cccabac
RF00162__2GIS_A__4KQY_A__a1__forward__rep3	RF00162__2GIS_A__4KQY_A	forward	3	RF00162__2GIS_A	36	A	36	A:36	yes	no	62	37	A	A:36	NA	NA	NA	rfam_only	NA	algorithm_omission	yes	NA	Rfam.seed.gz	15.1	41f014f4ab5628620935f089b1bb77987ebc162fda7c72bff368a32c9cccabac
RF00162__2GIS_A__4KQY_A__a1__forward__rep3	RF00162__2GIS_A__4KQY_A	forward	3	RF00162__2GIS_A	37	A	37	A:37	yes	no	63	38	A	A:37	46	C	A:45	different_partner	NA	NA	yes	8	Rfam.seed.gz	15.1	41f014f4ab5628620935f089b1bb77987ebc162fda7c72bff368a32c9cccabac
RF00162__2GIS_A__4KQY_A__a1__forward__rep3	RF00162__2GIS_A__4KQY_A	forward	3	RF00162__2GIS_A	38	A	38	A:38	yes	no	65	39	G	A:38	47	A	A:46	different_partner	NA	NA	yes	8	Rfam.seed.gz	15.1	41f014f4ab5628620935f089b1bb77987ebc162fda7c72bff368a32c9cccabac
RF00162__2GIS_A__4KQY_A__a1__forward__rep3	RF00162__2GIS_A__4KQY_A	forward	3	RF00162__2GIS_A	39	C	39	A:39	yes	no	66	40	C	A:39	48	A	A:47	different_partner	NA	NA	yes	8	Rfam.seed.gz	15.1	41f014f4ab5628620935f089b1bb77987ebc162fda7c72bff368a32c9cccabac
RF00162__2GIS_A__4KQY_A__a1__forward__rep3	RF00162__2GIS_A__4KQY_A	forward	3	RF00162__2GIS_A	40	C	40	A:40	yes	no	67	41	U	A:40	49	C	A:48	different_partner	NA	NA	yes	8	Rfam.seed.gz	15.1	41f014f4ab5628620935f089b1bb77987ebc162fda7c72bff368a32c9cccabac
RF00162__2GIS_A__4KQY_A__a1__forward__rep3	RF00162__2GIS_A__4KQY_A	forward	3	RF00162__2GIS_A	41	C	41	A:41	yes	no	70	43	C	A:42	50	C	A:49	different_partner	NA	NA	yes	7	Rfam.seed.gz	15.1	41f014f4ab5628620935f089b1bb77987ebc162fda7c72bff368a32c9cccabac
RF00162__2GIS_A__4KQY_A__a1__forward__rep3	RF00162__2GIS_A__4KQY_A	forward	3	RF00162__2GIS_A	42	G	42	A:42	yes	no	71	44	A	A:43	52	G	A:51	different_partner	NA	NA	yes	8	Rfam.seed.gz	15.1	41f014f4ab5628620935f089b1bb77987ebc162fda7c72bff368a32c9cccabac
RF00162__2GIS_A__4KQY_A__a1__forward__rep3	RF00162__2GIS_A__4KQY_A	forward	3	RF00162__2GIS_A	43	G	43	A:43	yes	no	72	45	G	A:44	53	U	A:52	different_partner	NA	NA	yes	8	Rfam.seed.gz	15.1	41f014f4ab5628620935f089b1bb77987ebc162fda7c72bff368a32c9cccabac
RF00162__2GIS_A__4KQY_A__a1__forward__rep3	RF00162__2GIS_A__4KQY_A	forward	3	RF00162__2GIS_A	44	C	44	A:44	yes	no	73	46	C	A:45	54	G	A:53	different_partner	NA	NA	yes	8	Rfam.seed.gz	15.1	41f014f4ab5628620935f089b1bb77987ebc162fda7c72bff368a32c9cccabac
RF00162__2GIS_A__4KQY_A__a1__forward__rep3	RF00162__2GIS_A__4KQY_A	forward	3	RF00162__2GIS_A	45	A	45	A:45	yes	no	74	47	A	A:46	56	A	A:55	different_partner	NA	NA	yes	9	Rfam.seed.gz	15.1	41f014f4ab5628620935f089b1bb77987ebc162fda7c72bff368a32c9cccabac
RF00162__2GIS_A__4KQY_A__a1__forward__rep3	RF00162__2GIS_A__4KQY_A	forward	3	RF00162__2GIS_A	46	A	46	A:46	yes	no	75	48	A	A:47	57	A	A:56	different_partner	NA	NA	yes	9	Rfam.seed.gz	15.1	41f014f4ab5628620935f089b1bb77987ebc162fda7c72bff368a32c9cccabac
RF00162__2GIS_A__4KQY_A__a1__forward__rep3	RF00162__2GIS_A__4KQY_A	forward	3	RF00162__2GIS_A	47	C	47	A:47	yes	no	76	49	C	A:48	58	U	A:57	different_partner	NA	NA	yes	9	Rfam.seed.gz	15.1	41f014f4ab5628620935f089b1bb77987ebc162fda7c72bff368a32c9cccabac
RF00162__2GIS_A__4KQY_A__a1__forward__rep3	RF00162__2GIS_A__4KQY_A	forward	3	RF00162__2GIS_A	48	C	48	A:48	yes	no	77	50	C	A:49	59	G	A:58	different_partner	NA	NA	yes	9	Rfam.seed.gz	15.1	41f014f4ab5628620935f089b1bb77987ebc162fda7c72bff368a32c9cccabac
RF00162__2GIS_A__4KQY_A__a1__forward__rep3	RF00162__2GIS_A__4KQY_A	forward	3	RF00162__2GIS_A	49	A	49	A:49	yes	yes	148	NA	NA	NA	60	G	A:59	star3d_only	alignment_gap_in_standard_seed	NA	no	NA	Rfam.seed.gz	15.1	41f014f4ab5628620935f089b1bb77987ebc162fda7c72bff368a32c9cccabac
RF00162__2GIS_A__4KQY_A__a1__forward__rep3	RF00162__2GIS_A__4KQY_A	forward	3	RF00162__2GIS_A	50	G	50	A:50	yes	yes	149	NA	NA	NA	61	C	A:60	star3d_only	alignment_gap_in_standard_seed	NA	no	NA	Rfam.seed.gz	15.1	41f014f4ab5628620935f089b1bb77987ebc162fda7c72bff368a32c9cccabac
RF00162__2GIS_A__4KQY_A__a1__forward__rep3	RF00162__2GIS_A__4KQY_A	forward	3	RF00162__2GIS_A	51	A	51	A:51	yes	yes	150	NA	NA	NA	64	A	A:63	star3d_only	alignment_gap_in_standard_seed	NA	no	NA	Rfam.seed.gz	15.1	41f014f4ab5628620935f089b1bb77987ebc162fda7c72bff368a32c9cccabac
RF00162__2GIS_A__4KQY_A__a1__forward__rep3	RF00162__2GIS_A__4KQY_A	forward	3	RF00162__2GIS_A	52	A	52	A:52	yes	yes	151	NA	NA	NA	65	A	A:64	star3d_only	alignment_gap_in_standard_seed	NA	no	NA	Rfam.seed.gz	15.1	41f014f4ab5628620935f089b1bb77987ebc162fda7c72bff368a32c9cccabac
RF00162__2GIS_A__4KQY_A__a1__forward__rep3	RF00162__2GIS_A__4KQY_A	forward	3	RF00162__2GIS_A	53	A	53	A:53	yes	no	156	75	A	A:74	66	G	A:65	different_partner	NA	NA	yes	-9	Rfam.seed.gz	15.1	41f014f4ab5628620935f089b1bb77987ebc162fda7c72bff368a32c9cccabac
RF00162__2GIS_A__4KQY_A__a1__forward__rep3	RF00162__2GIS_A__4KQY_A	forward	3	RF00162__2GIS_A	54	U	54	A:54	yes	no	157	76	A	A:75	67	C	A:66	different_partner	NA	NA	yes	-9	Rfam.seed.gz	15.1	41f014f4ab5628620935f089b1bb77987ebc162fda7c72bff368a32c9cccabac
RF00162__2GIS_A__4KQY_A__a1__forward__rep3	RF00162__2GIS_A__4KQY_A	forward	3	RF00162__2GIS_A	55	G	55	A:55	yes	no	160	77	G	A:76	68	C	A:67	different_partner	NA	NA	yes	-9	Rfam.seed.gz	15.1	41f014f4ab5628620935f089b1bb77987ebc162fda7c72bff368a32c9cccabac
RF00162__2GIS_A__4KQY_A__a1__forward__rep3	RF00162__2GIS_A__4KQY_A	forward	3	RF00162__2GIS_A	56	G	56	A:56	yes	no	161	78	G	A:77	69	A	A:68	different_partner	NA	NA	yes	-9	Rfam.seed.gz	15.1	41f014f4ab5628620935f089b1bb77987ebc162fda7c72bff368a32c9cccabac
RF00162__2GIS_A__4KQY_A__a1__forward__rep3	RF00162__2GIS_A__4KQY_A	forward	3	RF00162__2GIS_A	57	U	57	A:57	yes	no	162	79	U	A:78	70	U	A:69	different_partner	NA	NA	yes	-9	Rfam.seed.gz	15.1	41f014f4ab5628620935f089b1bb77987ebc162fda7c72bff368a32c9cccabac
RF00162__2GIS_A__4KQY_A__a1__forward__rep3	RF00162__2GIS_A__4KQY_A	forward	3	RF00162__2GIS_A	58	G	58	A:58	yes	no	163	80	G	A:79	71	G	A:70	different_partner	NA	NA	yes	-9	Rfam.seed.gz	15.1	41f014f4ab5628620935f089b1bb77987ebc162fda7c72bff368a32c9cccabac
RF00162__2GIS_A__4KQY_A__a1__forward__rep3	RF00162__2GIS_A__4KQY_A	forward	3	RF00162__2GIS_A	59	C	59	A:59	yes	no	164	81	C	A:80	72	A	A:71	different_partner	NA	NA	yes	-9	Rfam.seed.gz	15.1	41f014f4ab5628620935f089b1bb77987ebc162fda7c72bff368a32c9cccabac
RF00162__2GIS_A__4KQY_A__a1__forward__rep3	RF00162__2GIS_A__4KQY_A	forward	3	RF00162__2GIS_A	60	C	60	A:60	yes	no	165	82	U	A:81	73	C	A:72	different_partner	NA	NA	yes	-9	Rfam.seed.gz	15.1	41f014f4ab5628620935f089b1bb77987ebc162fda7c72bff368a32c9cccabac
RF00162__2GIS_A__4KQY_A__a1__forward__rep3	RF00162__2GIS_A__4KQY_A	forward	3	RF00162__2GIS_A	61	A	61	A:61	yes	no	166	83	A	A:82	NA	NA	NA	rfam_only	NA	algorithm_omission	yes	NA	Rfam.seed.gz	15.1	41f014f4ab5628620935f089b1bb77987ebc162fda7c72bff368a32c9cccabac
RF00162__2GIS_A__4KQY_A__a1__forward__rep3	RF00162__2GIS_A__4KQY_A	forward	3	RF00162__2GIS_A	62	A	62	A:62	yes	no	168	84	A	A:83	NA	NA	NA	rfam_only	NA	algorithm_omission	yes	NA	Rfam.seed.gz	15.1	41f014f4ab5628620935f089b1bb77987ebc162fda7c72bff368a32c9cccabac
RF00162__2GIS_A__4KQY_A__a1__forward__rep3	RF00162__2GIS_A__4KQY_A	forward	3	RF00162__2GIS_A	63	U	63	A:63	yes	no	169	85	A	A:84	NA	NA	NA	rfam_only	NA	algorithm_omission	yes	NA	Rfam.seed.gz	15.1	41f014f4ab5628620935f089b1bb77987ebc162fda7c72bff368a32c9cccabac
RF00162__2GIS_A__4KQY_A__a1__forward__rep3	RF00162__2GIS_A__4KQY_A	forward	3	RF00162__2GIS_A	64	U	64	A:64	yes	no	170	86	U	A:85	NA	NA	NA	rfam_only	NA	algorithm_omission	yes	NA	Rfam.seed.gz	15.1	41f014f4ab5628620935f089b1bb77987ebc162fda7c72bff368a32c9cccabac
RF00162__2GIS_A__4KQY_A__a1__forward__rep3	RF00162__2GIS_A__4KQY_A	forward	3	RF00162__2GIS_A	65	C	65	A:65	yes	no	171	87	C	A:86	NA	NA	NA	rfam_only	NA	algorithm_omission	yes	NA	Rfam.seed.gz	15.1	41f014f4ab5628620935f089b1bb77987ebc162fda7c72bff368a32c9cccabac
RF00162__2GIS_A__4KQY_A__a1__forward__rep3	RF00162__2GIS_A__4KQY_A	forward	3	RF00162__2GIS_A	66	C	66	A:66	yes	no	174	88	C	A:87	NA	NA	NA	rfam_only	NA	algorithm_omission	yes	NA	Rfam.seed.gz	15.1	41f014f4ab5628620935f089b1bb77987ebc162fda7c72bff368a32c9cccabac
RF00162__2GIS_A__4KQY_A__a1__forward__rep3	RF00162__2GIS_A__4KQY_A	forward	3	RF00162__2GIS_A	67	U	67	A:67	yes	no	175	89	A	A:88	NA	NA	NA	rfam_only	NA	algorithm_omission	yes	NA	Rfam.seed.gz	15.1	41f014f4ab5628620935f089b1bb77987ebc162fda7c72bff368a32c9cccabac
RF00162__2GIS_A__4KQY_A__a1__forward__rep3	RF00162__2GIS_A__4KQY_A	forward	3	RF00162__2GIS_A	68	G	68	A:68	yes	no	176	90	G	A:89	NA	NA	NA	rfam_only	NA	algorithm_omission	yes	NA	Rfam.seed.gz	15.1	41f014f4ab5628620935f089b1bb77987ebc162fda7c72bff368a32c9cccabac
RF00162__2GIS_A__4KQY_A__a1__forward__rep3	RF00162__2GIS_A__4KQY_A	forward	3	RF00162__2GIS_A	69	C	69	A:69	yes	no	178	91	C	A:90	NA	NA	NA	rfam_only	NA	algorithm_omission	yes	NA	Rfam.seed.gz	15.1	41f014f4ab5628620935f089b1bb77987ebc162fda7c72bff368a32c9cccabac
RF00162__2GIS_A__4KQY_A__a1__forward__rep3	RF00162__2GIS_A__4KQY_A	forward	3	RF00162__2GIS_A	70	A	70	A:70	yes	no	179	92	A	A:91	NA	NA	NA	rfam_only	NA	algorithm_omission	yes	NA	Rfam.seed.gz	15.1	41f014f4ab5628620935f089b1bb77987ebc162fda7c72bff368a32c9cccabac
RF00162__2GIS_A__4KQY_A__a1__forward__rep3	RF00162__2GIS_A__4KQY_A	forward	3	RF00162__2GIS_A	71	G	71	A:71	yes	no	180	93	A	A:92	NA	NA	NA	rfam_only	NA	algorithm_omission	yes	NA	Rfam.seed.gz	15.1	41f014f4ab5628620935f089b1bb77987ebc162fda7c72bff368a32c9cccabac
RF00162__2GIS_A__4KQY_A__a1__forward__rep3	RF00162__2GIS_A__4KQY_A	forward	3	RF00162__2GIS_A	72	C	72	A:72	yes	no	181	94	G	A:93	NA	NA	NA	rfam_only	NA	algorithm_omission	yes	NA	Rfam.seed.gz	15.1	41f014f4ab5628620935f089b1bb77987ebc162fda7c72bff368a32c9cccabac
RF00162__2GIS_A__4KQY_A__a1__forward__rep3	RF00162__2GIS_A__4KQY_A	forward	3	RF00162__2GIS_A	73	G	73	A:73	yes	no	182	95	C	A:94	NA	NA	NA	rfam_only	NA	algorithm_omission	yes	NA	Rfam.seed.gz	15.1	41f014f4ab5628620935f089b1bb77987ebc162fda7c72bff368a32c9cccabac
RF00162__2GIS_A__4KQY_A__a1__forward__rep3	RF00162__2GIS_A__4KQY_A	forward	3	RF00162__2GIS_A	74	G	74	A:74	yes	no	191	99	A	A:98	NA	NA	NA	rfam_only	NA	algorithm_omission	yes	NA	Rfam.seed.gz	15.1	41f014f4ab5628620935f089b1bb77987ebc162fda7c72bff368a32c9cccabac
RF00162__2GIS_A__4KQY_A__a1__forward__rep3	RF00162__2GIS_A__4KQY_A	forward	3	RF00162__2GIS_A	75	A	75	A:75	yes	yes	192	100	A	A:99	NA	NA	NA	rfam_only	NA	algorithm_omission	no	NA	Rfam.seed.gz	15.1	41f014f4ab5628620935f089b1bb77987ebc162fda7c72bff368a32c9cccabac
RF00162__2GIS_A__4KQY_A__a1__forward__rep3	RF00162__2GIS_A__4KQY_A	forward	3	RF00162__2GIS_A	76	A	76	A:76	yes	yes	193	101	C	A:100	NA	NA	NA	rfam_only	NA	algorithm_omission	no	NA	Rfam.seed.gz	15.1	41f014f4ab5628620935f089b1bb77987ebc162fda7c72bff368a32c9cccabac
RF00162__2GIS_A__4KQY_A__a1__forward__rep3	RF00162__2GIS_A__4KQY_A	forward	3	RF00162__2GIS_A	77	A	77	A:77	yes	yes	216	102	A	A:101	NA	NA	NA	rfam_only	NA	algorithm_omission	no	NA	Rfam.seed.gz	15.1	41f014f4ab5628620935f089b1bb77987ebc162fda7c72bff368a32c9cccabac
RF00162__2GIS_A__4KQY_A__a1__forward__rep3	RF00162__2GIS_A__4KQY_A	forward	3	RF00162__2GIS_A	78	C	78	A:78	yes	no	217	103	G	A:102	NA	NA	NA	rfam_only	NA	algorithm_omission	yes	NA	Rfam.seed.gz	15.1	41f014f4ab5628620935f089b1bb77987ebc162fda7c72bff368a32c9cccabac
RF00162__2GIS_A__4KQY_A__a1__forward__rep3	RF00162__2GIS_A__4KQY_A	forward	3	RF00162__2GIS_A	79	G	79	A:79	yes	no	218	104	C	A:103	NA	NA	NA	rfam_only	NA	algorithm_omission	yes	NA	Rfam.seed.gz	15.1	41f014f4ab5628620935f089b1bb77987ebc162fda7c72bff368a32c9cccabac
RF00162__2GIS_A__4KQY_A__a1__forward__rep3	RF00162__2GIS_A__4KQY_A	forward	3	RF00162__2GIS_A	80	U	80	A:80	yes	yes	219	105	U	A:104	NA	NA	NA	rfam_only	NA	algorithm_omission	no	NA	Rfam.seed.gz	15.1	41f014f4ab5628620935f089b1bb77987ebc162fda7c72bff368a32c9cccabac
RF00162__2GIS_A__4KQY_A__a1__forward__rep3	RF00162__2GIS_A__4KQY_A	forward	3	RF00162__2GIS_A	81	U	81	A:81	yes	no	221	106	U	A:105	NA	NA	NA	rfam_only	NA	algorithm_omission	yes	NA	Rfam.seed.gz	15.1	41f014f4ab5628620935f089b1bb77987ebc162fda7c72bff368a32c9cccabac
RF00162__2GIS_A__4KQY_A__a1__forward__rep3	RF00162__2GIS_A__4KQY_A	forward	3	RF00162__2GIS_A	82	G	82	A:82	yes	no	222	107	G	A:106	NA	NA	NA	rfam_only	NA	algorithm_omission	yes	NA	Rfam.seed.gz	15.1	41f014f4ab5628620935f089b1bb77987ebc162fda7c72bff368a32c9cccabac
RF00162__2GIS_A__4KQY_A__a1__forward__rep3	RF00162__2GIS_A__4KQY_A	forward	3	RF00162__2GIS_A	83	A	83	A:83	yes	no	224	108	G	A:107	NA	NA	NA	rfam_only	NA	algorithm_omission	yes	NA	Rfam.seed.gz	15.1	41f014f4ab5628620935f089b1bb77987ebc162fda7c72bff368a32c9cccabac
RF00162__2GIS_A__4KQY_A__a1__forward__rep3	RF00162__2GIS_A__4KQY_A	forward	3	RF00162__2GIS_A	84	A	84	A:84	yes	no	226	109	A	A:108	NA	NA	NA	rfam_only	NA	algorithm_omission	yes	NA	Rfam.seed.gz	15.1	41f014f4ab5628620935f089b1bb77987ebc162fda7c72bff368a32c9cccabac
RF00162__2GIS_A__4KQY_A__a1__forward__rep3	RF00162__2GIS_A__4KQY_A	forward	3	RF00162__2GIS_A	85	A	85	A:85	yes	no	227	110	A	A:109	NA	NA	NA	rfam_only	NA	algorithm_omission	yes	NA	Rfam.seed.gz	15.1	41f014f4ab5628620935f089b1bb77987ebc162fda7c72bff368a32c9cccabac
RF00162__2GIS_A__4KQY_A__a1__forward__rep3	RF00162__2GIS_A__4KQY_A	forward	3	RF00162__2GIS_A	86	G	86	A:86	yes	no	229	111	G	A:110	NA	NA	NA	rfam_only	NA	algorithm_omission	yes	NA	Rfam.seed.gz	15.1	41f014f4ab5628620935f089b1bb77987ebc162fda7c72bff368a32c9cccabac
RF00162__2GIS_A__4KQY_A__a1__forward__rep3	RF00162__2GIS_A__4KQY_A	forward	3	RF00162__2GIS_A	87	A	87	A:87	yes	no	230	112	A	A:111	NA	NA	NA	rfam_only	NA	algorithm_omission	yes	NA	Rfam.seed.gz	15.1	41f014f4ab5628620935f089b1bb77987ebc162fda7c72bff368a32c9cccabac
RF00162__2GIS_A__4KQY_A__a1__forward__rep3	RF00162__2GIS_A__4KQY_A	forward	3	RF00162__2GIS_A	88	U	88	A:88	yes	no	231	113	U	A:112	NA	NA	NA	rfam_only	NA	algorithm_omission	yes	NA	Rfam.seed.gz	15.1	41f014f4ab5628620935f089b1bb77987ebc162fda7c72bff368a32c9cccabac
RF00162__2GIS_A__4KQY_A__a1__forward__rep3	RF00162__2GIS_A__4KQY_A	forward	3	RF00162__2GIS_A	89	G	89	A:89	yes	no	232	114	A	A:113	NA	NA	NA	rfam_only	NA	algorithm_omission	yes	NA	Rfam.seed.gz	15.1	41f014f4ab5628620935f089b1bb77987ebc162fda7c72bff368a32c9cccabac
RF00162__2GIS_A__4KQY_A__a1__forward__rep3	RF00162__2GIS_A__4KQY_A	forward	3	RF00162__2GIS_A	90	A	90	A:90	yes	no	233	115	A	A:114	NA	NA	NA	rfam_only	NA	algorithm_omission	yes	NA	Rfam.seed.gz	15.1	41f014f4ab5628620935f089b1bb77987ebc162fda7c72bff368a32c9cccabac
RF00162__2GIS_A__4KQY_A__a1__forward__rep3	RF00162__2GIS_A__4KQY_A	forward	3	RF00162__2GIS_A	91	G	91	A:91	yes	no	234	116	G	A:115	NA	NA	NA	rfam_only	NA	algorithm_omission	yes	NA	Rfam.seed.gz	15.1	41f014f4ab5628620935f089b1bb77987ebc162fda7c72bff368a32c9cccabac
RF00162__2GIS_A__4KQY_A__a1__forward__rep3	RF00162__2GIS_A__4KQY_A	forward	3	RF00162__2GIS_A	92	C	92	A:92	yes	yes	235	117	A	A:116	NA	NA	NA	rfam_only	NA	algorithm_omission	no	NA	Rfam.seed.gz	15.1	41f014f4ab5628620935f089b1bb77987ebc162fda7c72bff368a32c9cccabac
RF00162__2GIS_A__4KQY_A__a1__forward__rep3	RF00162__2GIS_A__4KQY_A	forward	3	RF00162__2GIS_A	93	C	93	A:93	yes	yes	237	119	C	A:118	NA	NA	NA	rfam_only	NA	algorithm_omission	no	NA	Rfam.seed.gz	15.1	41f014f4ab5628620935f089b1bb77987ebc162fda7c72bff368a32c9cccabac
RF00162__2GIS_A__4KQY_A__a1__forward__rep3	RF00162__2GIS_A__4KQY_A	forward	3	RF00162__2GIS_A	94	A	94	A:94	yes	yes	238	NA	NA	NA	NA	NA	NA	neither	alignment_gap_in_standard_seed	algorithm_omission	no	NA	Rfam.seed.gz	15.1	41f014f4ab5628620935f089b1bb77987ebc162fda7c72bff368a32c9cccabac
RF00162__2GIS_A__4KQY_A__a1__reverse__rep1	RF00162__2GIS_A__4KQY_A	reverse	1	RF00162__2GIS_A	1	G	1	A:1	yes	yes	1	1	G	A:0	NA	NA	NA	rfam_only	NA	algorithm_omission	no	NA	Rfam.seed.gz	15.1	41f014f4ab5628620935f089b1bb77987ebc162fda7c72bff368a32c9cccabac
RF00162__2GIS_A__4KQY_A__a1__reverse__rep1	RF00162__2GIS_A__4KQY_A	reverse	1	RF00162__2GIS_A	2	G	2	A:2	yes	yes	3	3	U	A:2	NA	NA	NA	rfam_only	NA	algorithm_omission	no	NA	Rfam.seed.gz	15.1	41f014f4ab5628620935f089b1bb77987ebc162fda7c72bff368a32c9cccabac
RF00162__2GIS_A__4KQY_A__a1__reverse__rep1	RF00162__2GIS_A__4KQY_A	reverse	1	RF00162__2GIS_A	3	C	3	A:3	yes	no	4	4	C	A:3	NA	NA	NA	rfam_only	NA	algorithm_omission	yes	NA	Rfam.seed.gz	15.1	41f014f4ab5628620935f089b1bb77987ebc162fda7c72bff368a32c9cccabac
RF00162__2GIS_A__4KQY_A__a1__reverse__rep1	RF00162__2GIS_A__4KQY_A	reverse	1	RF00162__2GIS_A	4	U	4	A:4	yes	no	5	5	U	A:4	NA	NA	NA	rfam_only	NA	algorithm_omission	yes	NA	Rfam.seed.gz	15.1	41f014f4ab5628620935f089b1bb77987ebc162fda7c72bff368a32c9cccabac
RF00162__2GIS_A__4KQY_A__a1__reverse__rep1	RF00162__2GIS_A__4KQY_A	reverse	1	RF00162__2GIS_A	5	U	5	A:5	yes	no	6	6	U	A:5	NA	NA	NA	rfam_only	NA	algorithm_omission	yes	NA	Rfam.seed.gz	15.1	41f014f4ab5628620935f089b1bb77987ebc162fda7c72bff368a32c9cccabac
RF00162__2GIS_A__4KQY_A__a1__reverse__rep1	RF00162__2GIS_A__4KQY_A	reverse	1	RF00162__2GIS_A	6	A	6	A:6	yes	no	7	7	A	A:6	NA	NA	NA	rfam_only	NA	algorithm_omission	yes	NA	Rfam.seed.gz	15.1	41f014f4ab5628620935f089b1bb77987ebc162fda7c72bff368a32c9cccabac
RF00162__2GIS_A__4KQY_A__a1__reverse__rep1	RF00162__2GIS_A__4KQY_A	reverse	1	RF00162__2GIS_A	7	U	7	A:7	yes	no	8	8	U	A:7	NA	NA	NA	rfam_only	NA	algorithm_omission	yes	NA	Rfam.seed.gz	15.1	41f014f4ab5628620935f089b1bb77987ebc162fda7c72bff368a32c9cccabac
RF00162__2GIS_A__4KQY_A__a1__reverse__rep1	RF00162__2GIS_A__4KQY_A	reverse	1	RF00162__2GIS_A	8	C	8	A:8	yes	no	9	9	C	A:8	NA	NA	NA	rfam_only	NA	algorithm_omission	yes	NA	Rfam.seed.gz	15.1	41f014f4ab5628620935f089b1bb77987ebc162fda7c72bff368a32c9cccabac
RF00162__2GIS_A__4KQY_A__a1__reverse__rep1	RF00162__2GIS_A__4KQY_A	reverse	1	RF00162__2GIS_A	9	A	9	A:9	yes	no	10	10	A	A:9	NA	NA	NA	rfam_only	NA	algorithm_omission	yes	NA	Rfam.seed.gz	15.1	41f014f4ab5628620935f089b1bb77987ebc162fda7c72bff368a32c9cccabac
RF00162__2GIS_A__4KQY_A__a1__reverse__rep1	RF00162__2GIS_A__4KQY_A	reverse	1	RF00162__2GIS_A	10	A	10	A:10	yes	no	11	11	A	A:10	NA	NA	NA	rfam_only	NA	algorithm_omission	yes	NA	Rfam.seed.gz	15.1	41f014f4ab5628620935f089b1bb77987ebc162fda7c72bff368a32c9cccabac
RF00162__2GIS_A__4KQY_A__a1__reverse__rep1	RF00162__2GIS_A__4KQY_A	reverse	1	RF00162__2GIS_A	11	G	11	A:11	yes	no	12	12	G	A:11	NA	NA	NA	rfam_only	NA	algorithm_omission	yes	NA	Rfam.seed.gz	15.1	41f014f4ab5628620935f089b1bb77987ebc162fda7c72bff368a32c9cccabac
RF00162__2GIS_A__4KQY_A__a1__reverse__rep1	RF00162__2GIS_A__4KQY_A	reverse	1	RF00162__2GIS_A	12	A	12	A:12	yes	no	13	13	A	A:12	NA	NA	NA	rfam_only	NA	algorithm_omission	yes	NA	Rfam.seed.gz	15.1	41f014f4ab5628620935f089b1bb77987ebc162fda7c72bff368a32c9cccabac
RF00162__2GIS_A__4KQY_A__a1__reverse__rep1	RF00162__2GIS_A__4KQY_A	reverse	1	RF00162__2GIS_A	13	G	13	A:13	yes	no	14	14	G	A:13	NA	NA	NA	rfam_only	NA	algorithm_omission	yes	NA	Rfam.seed.gz	15.1	41f014f4ab5628620935f089b1bb77987ebc162fda7c72bff368a32c9cccabac
RF00162__2GIS_A__4KQY_A__a1__reverse__rep1	RF00162__2GIS_A__4KQY_A	reverse	1	RF00162__2GIS_A	14	A	14	A:14	yes	no	16	15	A	A:14	NA	NA	NA	rfam_only	NA	algorithm_omission	yes	NA	Rfam.seed.gz	15.1	41f014f4ab5628620935f089b1bb77987ebc162fda7c72bff368a32c9cccabac
RF00162__2GIS_A__4KQY_A__a1__reverse__rep1	RF00162__2GIS_A__4KQY_A	reverse	1	RF00162__2GIS_A	15	G	15	A:15	yes	no	17	16	A	A:15	NA	NA	NA	rfam_only	NA	algorithm_omission	yes	NA	Rfam.seed.gz	15.1	41f014f4ab5628620935f089b1bb77987ebc162fda7c72bff368a32c9cccabac
RF00162__2GIS_A__4KQY_A__a1__reverse__rep1	RF00162__2GIS_A__4KQY_A	reverse	1	RF00162__2GIS_A	16	G	16	A:16	yes	no	18	17	G	A:16	NA	NA	NA	rfam_only	NA	algorithm_omission	yes	NA	Rfam.seed.gz	15.1	41f014f4ab5628620935f089b1bb77987ebc162fda7c72bff368a32c9cccabac
RF00162__2GIS_A__4KQY_A__a1__reverse__rep1	RF00162__2GIS_A__4KQY_A	reverse	1	RF00162__2GIS_A	17	U	17	A:17	yes	no	20	18	C	A:17	NA	NA	NA	rfam_only	NA	algorithm_omission	yes	NA	Rfam.seed.gz	15.1	41f014f4ab5628620935f089b1bb77987ebc162fda7c72bff368a32c9cccabac
RF00162__2GIS_A__4KQY_A__a1__reverse__rep1	RF00162__2GIS_A__4KQY_A	reverse	1	RF00162__2GIS_A	18	G	18	A:18	yes	no	22	19	A	A:18	NA	NA	NA	rfam_only	NA	algorithm_omission	yes	NA	Rfam.seed.gz	15.1	41f014f4ab5628620935f089b1bb77987ebc162fda7c72bff368a32c9cccabac
RF00162__2GIS_A__4KQY_A__a1__reverse__rep1	RF00162__2GIS_A__4KQY_A	reverse	1	RF00162__2GIS_A	19	G	19	A:19	yes	no	23	20	G	A:19	45	G	A:44	different_partner	NA	NA	yes	25	Rfam.seed.gz	15.1	41f014f4ab5628620935f089b1bb77987ebc162fda7c72bff368a32c9cccabac
RF00162__2GIS_A__4KQY_A__a1__reverse__rep1	RF00162__2GIS_A__4KQY_A	reverse	1	RF00162__2GIS_A	20	A	20	A:20	yes	no	41	21	A	A:20	NA	NA	NA	rfam_only	NA	algorithm_omission	yes	NA	Rfam.seed.gz	15.1	41f014f4ab5628620935f089b1bb77987ebc162fda7c72bff368a32c9cccabac
RF00162__2GIS_A__4KQY_A__a1__reverse__rep1	RF00162__2GIS_A__4KQY_A	reverse	1	RF00162__2GIS_A	21	G	21	A:21	yes	no	42	22	G	A:21	NA	NA	NA	rfam_only	NA	algorithm_omission	yes	NA	Rfam.seed.gz	15.1	41f014f4ab5628620935f089b1bb77987ebc162fda7c72bff368a32c9cccabac
RF00162__2GIS_A__4KQY_A__a1__reverse__rep1	RF00162__2GIS_A__4KQY_A	reverse	1	RF00162__2GIS_A	22	G	22	A:22	yes	no	43	23	G	A:22	NA	NA	NA	rfam_only	NA	algorithm_omission	yes	NA	Rfam.seed.gz	15.1	41f014f4ab5628620935f089b1bb77987ebc162fda7c72bff368a32c9cccabac
RF00162__2GIS_A__4KQY_A__a1__reverse__rep1	RF00162__2GIS_A__4KQY_A	reverse	1	RF00162__2GIS_A	23	G	23	A:23	yes	no	44	24	G	A:23	NA	NA	NA	rfam_only	NA	algorithm_omission	yes	NA	Rfam.seed.gz	15.1	41f014f4ab5628620935f089b1bb77987ebc162fda7c72bff368a32c9cccabac
RF00162__2GIS_A__4KQY_A__a1__reverse__rep1	RF00162__2GIS_A__4KQY_A	reverse	1	RF00162__2GIS_A	24	A	24	A:24	yes	no	45	25	A	A:24	NA	NA	NA	rfam_only	NA	algorithm_omission	yes	NA	Rfam.seed.gz	15.1	41f014f4ab5628620935f089b1bb77987ebc162fda7c72bff368a32c9cccabac
RF00162__2GIS_A__4KQY_A__a1__reverse__rep1	RF00162__2GIS_A__4KQY_A	reverse	1	RF00162__2GIS_A	25	C	25	A:25	yes	no	48	26	C	A:25	NA	NA	NA	rfam_only	NA	algorithm_omission	yes	NA	Rfam.seed.gz	15.1	41f014f4ab5628620935f089b1bb77987ebc162fda7c72bff368a32c9cccabac
RF00162__2GIS_A__4KQY_A__a1__reverse__rep1	RF00162__2GIS_A__4KQY_A	reverse	1	RF00162__2GIS_A	26	U	26	A:26	yes	no	49	27	U	A:26	NA	NA	NA	rfam_only	NA	algorithm_omission	yes	NA	Rfam.seed.gz	15.1	41f014f4ab5628620935f089b1bb77987ebc162fda7c72bff368a32c9cccabac
RF00162__2GIS_A__4KQY_A__a1__reverse__rep1	RF00162__2GIS_A__4KQY_A	reverse	1	RF00162__2GIS_A	27	G	27	A:27	yes	no	50	28	G	A:27	NA	NA	NA	rfam_only	NA	algorithm_omission	yes	NA	Rfam.seed.gz	15.1	41f014f4ab5628620935f089b1bb77987ebc162fda7c72bff368a32c9cccabac
RF00162__2GIS_A__4KQY_A__a1__reverse__rep1	RF00162__2GIS_A__4KQY_A	reverse	1	RF00162__2GIS_A	28	G	28	A:28	yes	no	51	29	G	A:28	NA	NA	NA	rfam_only	NA	algorithm_omission	yes	NA	Rfam.seed.gz	15.1	41f014f4ab5628620935f089b1bb77987ebc162fda7c72bff368a32c9cccabac
RF00162__2GIS_A__4KQY_A__a1__reverse__rep1	RF00162__2GIS_A__4KQY_A	reverse	1	RF00162__2GIS_A	29	C	29	A:29	yes	no	53	30	C	A:29	NA	NA	NA	rfam_only	NA	algorithm_omission	yes	NA	Rfam.seed.gz	15.1	41f014f4ab5628620935f089b1bb77987ebc162fda7c72bff368a32c9cccabac
RF00162__2GIS_A__4KQY_A__a1__reverse__rep1	RF00162__2GIS_A__4KQY_A	reverse	1	RF00162__2GIS_A	30	C	30	A:30	yes	no	54	31	C	A:30	NA	NA	NA	rfam_only	NA	algorithm_omission	yes	NA	Rfam.seed.gz	15.1	41f014f4ab5628620935f089b1bb77987ebc162fda7c72bff368a32c9cccabac
RF00162__2GIS_A__4KQY_A__a1__reverse__rep1	RF00162__2GIS_A__4KQY_A	reverse	1	RF00162__2GIS_A	31	C	31	A:31	yes	no	55	32	C	A:31	NA	NA	NA	rfam_only	NA	algorithm_omission	yes	NA	Rfam.seed.gz	15.1	41f014f4ab5628620935f089b1bb77987ebc162fda7c72bff368a32c9cccabac
RF00162__2GIS_A__4KQY_A__a1__reverse__rep1	RF00162__2GIS_A__4KQY_A	reverse	1	RF00162__2GIS_A	32	G	32	A:32	yes	no	56	33	G	A:32	NA	NA	NA	rfam_only	NA	algorithm_omission	yes	NA	Rfam.seed.gz	15.1	41f014f4ab5628620935f089b1bb77987ebc162fda7c72bff368a32c9cccabac
RF00162__2GIS_A__4KQY_A__a1__reverse__rep1	RF00162__2GIS_A__4KQY_A	reverse	1	RF00162__2GIS_A	33	A	33	A:33	yes	no	57	34	A	A:33	NA	NA	NA	rfam_only	NA	algorithm_omission	yes	NA	Rfam.seed.gz	15.1	41f014f4ab5628620935f089b1bb77987ebc162fda7c72bff368a32c9cccabac
RF00162__2GIS_A__4KQY_A__a1__reverse__rep1	RF00162__2GIS_A__4KQY_A	reverse	1	RF00162__2GIS_A	34	U	34	A:34	yes	no	60	35	C	A:34	NA	NA	NA	rfam_only	NA	algorithm_omission	yes	NA	Rfam.seed.gz	15.1	41f014f4ab5628620935f089b1bb77987ebc162fda7c72bff368a32c9cccabac
RF00162__2GIS_A__4KQY_A__a1__reverse__rep1	RF00162__2GIS_A__4KQY_A	reverse	1	RF00162__2GIS_A	35	G	35	A:35	yes	no	61	36	G	A:35	NA	NA	NA	rfam_only	NA	algorithm_omission	yes	NA	Rfam.seed.gz	15.1	41f014f4ab5628620935f089b1bb77987ebc162fda7c72bff368a32c9cccabac
RF00162__2GIS_A__4KQY_A__a1__reverse__rep1	RF00162__2GIS_A__4KQY_A	reverse	1	RF00162__2GIS_A	36	A	36	A:36	yes	no	62	37	A	A:36	NA	NA	NA	rfam_only	NA	algorithm_omission	yes	NA	Rfam.seed.gz	15.1	41f014f4ab5628620935f089b1bb77987ebc162fda7c72bff368a32c9cccabac
RF00162__2GIS_A__4KQY_A__a1__reverse__rep1	RF00162__2GIS_A__4KQY_A	reverse	1	RF00162__2GIS_A	37	A	37	A:37	yes	no	63	38	A	A:37	46	C	A:45	different_partner	NA	NA	yes	8	Rfam.seed.gz	15.1	41f014f4ab5628620935f089b1bb77987ebc162fda7c72bff368a32c9cccabac
RF00162__2GIS_A__4KQY_A__a1__reverse__rep1	RF00162__2GIS_A__4KQY_A	reverse	1	RF00162__2GIS_A	38	A	38	A:38	yes	no	65	39	G	A:38	47	A	A:46	different_partner	NA	NA	yes	8	Rfam.seed.gz	15.1	41f014f4ab5628620935f089b1bb77987ebc162fda7c72bff368a32c9cccabac
RF00162__2GIS_A__4KQY_A__a1__reverse__rep1	RF00162__2GIS_A__4KQY_A	reverse	1	RF00162__2GIS_A	39	C	39	A:39	yes	no	66	40	C	A:39	48	A	A:47	different_partner	NA	NA	yes	8	Rfam.seed.gz	15.1	41f014f4ab5628620935f089b1bb77987ebc162fda7c72bff368a32c9cccabac
RF00162__2GIS_A__4KQY_A__a1__reverse__rep1	RF00162__2GIS_A__4KQY_A	reverse	1	RF00162__2GIS_A	40	C	40	A:40	yes	no	67	41	U	A:40	49	C	A:48	different_partner	NA	NA	yes	8	Rfam.seed.gz	15.1	41f014f4ab5628620935f089b1bb77987ebc162fda7c72bff368a32c9cccabac
RF00162__2GIS_A__4KQY_A__a1__reverse__rep1	RF00162__2GIS_A__4KQY_A	reverse	1	RF00162__2GIS_A	41	C	41	A:41	yes	no	70	43	C	A:42	50	C	A:49	different_partner	NA	NA	yes	7	Rfam.seed.gz	15.1	41f014f4ab5628620935f089b1bb77987ebc162fda7c72bff368a32c9cccabac
RF00162__2GIS_A__4KQY_A__a1__reverse__rep1	RF00162__2GIS_A__4KQY_A	reverse	1	RF00162__2GIS_A	42	G	42	A:42	yes	no	71	44	A	A:43	52	G	A:51	different_partner	NA	NA	yes	8	Rfam.seed.gz	15.1	41f014f4ab5628620935f089b1bb77987ebc162fda7c72bff368a32c9cccabac
RF00162__2GIS_A__4KQY_A__a1__reverse__rep1	RF00162__2GIS_A__4KQY_A	reverse	1	RF00162__2GIS_A	43	G	43	A:43	yes	no	72	45	G	A:44	53	U	A:52	different_partner	NA	NA	yes	8	Rfam.seed.gz	15.1	41f014f4ab5628620935f089b1bb77987ebc162fda7c72bff368a32c9cccabac
RF00162__2GIS_A__4KQY_A__a1__reverse__rep1	RF00162__2GIS_A__4KQY_A	reverse	1	RF00162__2GIS_A	44	C	44	A:44	yes	no	73	46	C	A:45	54	G	A:53	different_partner	NA	NA	yes	8	Rfam.seed.gz	15.1	41f014f4ab5628620935f089b1bb77987ebc162fda7c72bff368a32c9cccabac
RF00162__2GIS_A__4KQY_A__a1__reverse__rep1	RF00162__2GIS_A__4KQY_A	reverse	1	RF00162__2GIS_A	45	A	45	A:45	yes	no	74	47	A	A:46	56	A	A:55	different_partner	NA	NA	yes	9	Rfam.seed.gz	15.1	41f014f4ab5628620935f089b1bb77987ebc162fda7c72bff368a32c9cccabac
RF00162__2GIS_A__4KQY_A__a1__reverse__rep1	RF00162__2GIS_A__4KQY_A	reverse	1	RF00162__2GIS_A	46	A	46	A:46	yes	no	75	48	A	A:47	57	A	A:56	different_partner	NA	NA	yes	9	Rfam.seed.gz	15.1	41f014f4ab5628620935f089b1bb77987ebc162fda7c72bff368a32c9cccabac
RF00162__2GIS_A__4KQY_A__a1__reverse__rep1	RF00162__2GIS_A__4KQY_A	reverse	1	RF00162__2GIS_A	47	C	47	A:47	yes	no	76	49	C	A:48	58	U	A:57	different_partner	NA	NA	yes	9	Rfam.seed.gz	15.1	41f014f4ab5628620935f089b1bb77987ebc162fda7c72bff368a32c9cccabac
RF00162__2GIS_A__4KQY_A__a1__reverse__rep1	RF00162__2GIS_A__4KQY_A	reverse	1	RF00162__2GIS_A	48	C	48	A:48	yes	no	77	50	C	A:49	59	G	A:58	different_partner	NA	NA	yes	9	Rfam.seed.gz	15.1	41f014f4ab5628620935f089b1bb77987ebc162fda7c72bff368a32c9cccabac
RF00162__2GIS_A__4KQY_A__a1__reverse__rep1	RF00162__2GIS_A__4KQY_A	reverse	1	RF00162__2GIS_A	49	A	49	A:49	yes	yes	148	NA	NA	NA	60	G	A:59	star3d_only	alignment_gap_in_standard_seed	NA	no	NA	Rfam.seed.gz	15.1	41f014f4ab5628620935f089b1bb77987ebc162fda7c72bff368a32c9cccabac
RF00162__2GIS_A__4KQY_A__a1__reverse__rep1	RF00162__2GIS_A__4KQY_A	reverse	1	RF00162__2GIS_A	50	G	50	A:50	yes	yes	149	NA	NA	NA	61	C	A:60	star3d_only	alignment_gap_in_standard_seed	NA	no	NA	Rfam.seed.gz	15.1	41f014f4ab5628620935f089b1bb77987ebc162fda7c72bff368a32c9cccabac
RF00162__2GIS_A__4KQY_A__a1__reverse__rep1	RF00162__2GIS_A__4KQY_A	reverse	1	RF00162__2GIS_A	51	A	51	A:51	yes	yes	150	NA	NA	NA	64	A	A:63	star3d_only	alignment_gap_in_standard_seed	NA	no	NA	Rfam.seed.gz	15.1	41f014f4ab5628620935f089b1bb77987ebc162fda7c72bff368a32c9cccabac
RF00162__2GIS_A__4KQY_A__a1__reverse__rep1	RF00162__2GIS_A__4KQY_A	reverse	1	RF00162__2GIS_A	52	A	52	A:52	yes	yes	151	NA	NA	NA	65	A	A:64	star3d_only	alignment_gap_in_standard_seed	NA	no	NA	Rfam.seed.gz	15.1	41f014f4ab5628620935f089b1bb77987ebc162fda7c72bff368a32c9cccabac
RF00162__2GIS_A__4KQY_A__a1__reverse__rep1	RF00162__2GIS_A__4KQY_A	reverse	1	RF00162__2GIS_A	53	A	53	A:53	yes	no	156	75	A	A:74	66	G	A:65	different_partner	NA	NA	yes	-9	Rfam.seed.gz	15.1	41f014f4ab5628620935f089b1bb77987ebc162fda7c72bff368a32c9cccabac
RF00162__2GIS_A__4KQY_A__a1__reverse__rep1	RF00162__2GIS_A__4KQY_A	reverse	1	RF00162__2GIS_A	54	U	54	A:54	yes	no	157	76	A	A:75	67	C	A:66	different_partner	NA	NA	yes	-9	Rfam.seed.gz	15.1	41f014f4ab5628620935f089b1bb77987ebc162fda7c72bff368a32c9cccabac
RF00162__2GIS_A__4KQY_A__a1__reverse__rep1	RF00162__2GIS_A__4KQY_A	reverse	1	RF00162__2GIS_A	55	G	55	A:55	yes	no	160	77	G	A:76	68	C	A:67	different_partner	NA	NA	yes	-9	Rfam.seed.gz	15.1	41f014f4ab5628620935f089b1bb77987ebc162fda7c72bff368a32c9cccabac
RF00162__2GIS_A__4KQY_A__a1__reverse__rep1	RF00162__2GIS_A__4KQY_A	reverse	1	RF00162__2GIS_A	56	G	56	A:56	yes	no	161	78	G	A:77	69	A	A:68	different_partner	NA	NA	yes	-9	Rfam.seed.gz	15.1	41f014f4ab5628620935f089b1bb77987ebc162fda7c72bff368a32c9cccabac
RF00162__2GIS_A__4KQY_A__a1__reverse__rep1	RF00162__2GIS_A__4KQY_A	reverse	1	RF00162__2GIS_A	57	U	57	A:57	yes	no	162	79	U	A:78	70	U	A:69	different_partner	NA	NA	yes	-9	Rfam.seed.gz	15.1	41f014f4ab5628620935f089b1bb77987ebc162fda7c72bff368a32c9cccabac
RF00162__2GIS_A__4KQY_A__a1__reverse__rep1	RF00162__2GIS_A__4KQY_A	reverse	1	RF00162__2GIS_A	58	G	58	A:58	yes	no	163	80	G	A:79	71	G	A:70	different_partner	NA	NA	yes	-9	Rfam.seed.gz	15.1	41f014f4ab5628620935f089b1bb77987ebc162fda7c72bff368a32c9cccabac
RF00162__2GIS_A__4KQY_A__a1__reverse__rep1	RF00162__2GIS_A__4KQY_A	reverse	1	RF00162__2GIS_A	59	C	59	A:59	yes	no	164	81	C	A:80	72	A	A:71	different_partner	NA	NA	yes	-9	Rfam.seed.gz	15.1	41f014f4ab5628620935f089b1bb77987ebc162fda7c72bff368a32c9cccabac
RF00162__2GIS_A__4KQY_A__a1__reverse__rep1	RF00162__2GIS_A__4KQY_A	reverse	1	RF00162__2GIS_A	60	C	60	A:60	yes	no	165	82	U	A:81	73	C	A:72	different_partner	NA	NA	yes	-9	Rfam.seed.gz	15.1	41f014f4ab5628620935f089b1bb77987ebc162fda7c72bff368a32c9cccabac
RF00162__2GIS_A__4KQY_A__a1__reverse__rep1	RF00162__2GIS_A__4KQY_A	reverse	1	RF00162__2GIS_A	61	A	61	A:61	yes	no	166	83	A	A:82	NA	NA	NA	rfam_only	NA	algorithm_omission	yes	NA	Rfam.seed.gz	15.1	41f014f4ab5628620935f089b1bb77987ebc162fda7c72bff368a32c9cccabac
RF00162__2GIS_A__4KQY_A__a1__reverse__rep1	RF00162__2GIS_A__4KQY_A	reverse	1	RF00162__2GIS_A	62	A	62	A:62	yes	no	168	84	A	A:83	NA	NA	NA	rfam_only	NA	algorithm_omission	yes	NA	Rfam.seed.gz	15.1	41f014f4ab5628620935f089b1bb77987ebc162fda7c72bff368a32c9cccabac
RF00162__2GIS_A__4KQY_A__a1__reverse__rep1	RF00162__2GIS_A__4KQY_A	reverse	1	RF00162__2GIS_A	63	U	63	A:63	yes	no	169	85	A	A:84	NA	NA	NA	rfam_only	NA	algorithm_omission	yes	NA	Rfam.seed.gz	15.1	41f014f4ab5628620935f089b1bb77987ebc162fda7c72bff368a32c9cccabac
RF00162__2GIS_A__4KQY_A__a1__reverse__rep1	RF00162__2GIS_A__4KQY_A	reverse	1	RF00162__2GIS_A	64	U	64	A:64	yes	no	170	86	U	A:85	NA	NA	NA	rfam_only	NA	algorithm_omission	yes	NA	Rfam.seed.gz	15.1	41f014f4ab5628620935f089b1bb77987ebc162fda7c72bff368a32c9cccabac
RF00162__2GIS_A__4KQY_A__a1__reverse__rep1	RF00162__2GIS_A__4KQY_A	reverse	1	RF00162__2GIS_A	65	C	65	A:65	yes	no	171	87	C	A:86	NA	NA	NA	rfam_only	NA	algorithm_omission	yes	NA	Rfam.seed.gz	15.1	41f014f4ab5628620935f089b1bb77987ebc162fda7c72bff368a32c9cccabac
RF00162__2GIS_A__4KQY_A__a1__reverse__rep1	RF00162__2GIS_A__4KQY_A	reverse	1	RF00162__2GIS_A	66	C	66	A:66	yes	no	174	88	C	A:87	NA	NA	NA	rfam_only	NA	algorithm_omission	yes	NA	Rfam.seed.gz	15.1	41f014f4ab5628620935f089b1bb77987ebc162fda7c72bff368a32c9cccabac
RF00162__2GIS_A__4KQY_A__a1__reverse__rep1	RF00162__2GIS_A__4KQY_A	reverse	1	RF00162__2GIS_A	67	U	67	A:67	yes	no	175	89	A	A:88	NA	NA	NA	rfam_only	NA	algorithm_omission	yes	NA	Rfam.seed.gz	15.1	41f014f4ab5628620935f089b1bb77987ebc162fda7c72bff368a32c9cccabac
RF00162__2GIS_A__4KQY_A__a1__reverse__rep1	RF00162__2GIS_A__4KQY_A	reverse	1	RF00162__2GIS_A	68	G	68	A:68	yes	no	176	90	G	A:89	NA	NA	NA	rfam_only	NA	algorithm_omission	yes	NA	Rfam.seed.gz	15.1	41f014f4ab5628620935f089b1bb77987ebc162fda7c72bff368a32c9cccabac
RF00162__2GIS_A__4KQY_A__a1__reverse__rep1	RF00162__2GIS_A__4KQY_A	reverse	1	RF00162__2GIS_A	69	C	69	A:69	yes	no	178	91	C	A:90	NA	NA	NA	rfam_only	NA	algorithm_omission	yes	NA	Rfam.seed.gz	15.1	41f014f4ab5628620935f089b1bb77987ebc162fda7c72bff368a32c9cccabac
RF00162__2GIS_A__4KQY_A__a1__reverse__rep1	RF00162__2GIS_A__4KQY_A	reverse	1	RF00162__2GIS_A	70	A	70	A:70	yes	no	179	92	A	A:91	NA	NA	NA	rfam_only	NA	algorithm_omission	yes	NA	Rfam.seed.gz	15.1	41f014f4ab5628620935f089b1bb77987ebc162fda7c72bff368a32c9cccabac
RF00162__2GIS_A__4KQY_A__a1__reverse__rep1	RF00162__2GIS_A__4KQY_A	reverse	1	RF00162__2GIS_A	71	G	71	A:71	yes	no	180	93	A	A:92	NA	NA	NA	rfam_only	NA	algorithm_omission	yes	NA	Rfam.seed.gz	15.1	41f014f4ab5628620935f089b1bb77987ebc162fda7c72bff368a32c9cccabac
RF00162__2GIS_A__4KQY_A__a1__reverse__rep1	RF00162__2GIS_A__4KQY_A	reverse	1	RF00162__2GIS_A	72	C	72	A:72	yes	no	181	94	G	A:93	NA	NA	NA	rfam_only	NA	algorithm_omission	yes	NA	Rfam.seed.gz	15.1	41f014f4ab5628620935f089b1bb77987ebc162fda7c72bff368a32c9cccabac
RF00162__2GIS_A__4KQY_A__a1__reverse__rep1	RF00162__2GIS_A__4KQY_A	reverse	1	RF00162__2GIS_A	73	G	73	A:73	yes	no	182	95	C	A:94	NA	NA	NA	rfam_only	NA	algorithm_omission	yes	NA	Rfam.seed.gz	15.1	41f014f4ab5628620935f089b1bb77987ebc162fda7c72bff368a32c9cccabac
RF00162__2GIS_A__4KQY_A__a1__reverse__rep1	RF00162__2GIS_A__4KQY_A	reverse	1	RF00162__2GIS_A	74	G	74	A:74	yes	no	191	99	A	A:98	NA	NA	NA	rfam_only	NA	algorithm_omission	yes	NA	Rfam.seed.gz	15.1	41f014f4ab5628620935f089b1bb77987ebc162fda7c72bff368a32c9cccabac
RF00162__2GIS_A__4KQY_A__a1__reverse__rep1	RF00162__2GIS_A__4KQY_A	reverse	1	RF00162__2GIS_A	75	A	75	A:75	yes	yes	192	100	A	A:99	NA	NA	NA	rfam_only	NA	algorithm_omission	no	NA	Rfam.seed.gz	15.1	41f014f4ab5628620935f089b1bb77987ebc162fda7c72bff368a32c9cccabac
RF00162__2GIS_A__4KQY_A__a1__reverse__rep1	RF00162__2GIS_A__4KQY_A	reverse	1	RF00162__2GIS_A	76	A	76	A:76	yes	yes	193	101	C	A:100	NA	NA	NA	rfam_only	NA	algorithm_omission	no	NA	Rfam.seed.gz	15.1	41f014f4ab5628620935f089b1bb77987ebc162fda7c72bff368a32c9cccabac
RF00162__2GIS_A__4KQY_A__a1__reverse__rep1	RF00162__2GIS_A__4KQY_A	reverse	1	RF00162__2GIS_A	77	A	77	A:77	yes	yes	216	102	A	A:101	NA	NA	NA	rfam_only	NA	algorithm_omission	no	NA	Rfam.seed.gz	15.1	41f014f4ab5628620935f089b1bb77987ebc162fda7c72bff368a32c9cccabac
RF00162__2GIS_A__4KQY_A__a1__reverse__rep1	RF00162__2GIS_A__4KQY_A	reverse	1	RF00162__2GIS_A	78	C	78	A:78	yes	no	217	103	G	A:102	NA	NA	NA	rfam_only	NA	algorithm_omission	yes	NA	Rfam.seed.gz	15.1	41f014f4ab5628620935f089b1bb77987ebc162fda7c72bff368a32c9cccabac
RF00162__2GIS_A__4KQY_A__a1__reverse__rep1	RF00162__2GIS_A__4KQY_A	reverse	1	RF00162__2GIS_A	79	G	79	A:79	yes	no	218	104	C	A:103	NA	NA	NA	rfam_only	NA	algorithm_omission	yes	NA	Rfam.seed.gz	15.1	41f014f4ab5628620935f089b1bb77987ebc162fda7c72bff368a32c9cccabac
RF00162__2GIS_A__4KQY_A__a1__reverse__rep1	RF00162__2GIS_A__4KQY_A	reverse	1	RF00162__2GIS_A	80	U	80	A:80	yes	yes	219	105	U	A:104	NA	NA	NA	rfam_only	NA	algorithm_omission	no	NA	Rfam.seed.gz	15.1	41f014f4ab5628620935f089b1bb77987ebc162fda7c72bff368a32c9cccabac
RF00162__2GIS_A__4KQY_A__a1__reverse__rep1	RF00162__2GIS_A__4KQY_A	reverse	1	RF00162__2GIS_A	81	U	81	A:81	yes	no	221	106	U	A:105	NA	NA	NA	rfam_only	NA	algorithm_omission	yes	NA	Rfam.seed.gz	15.1	41f014f4ab5628620935f089b1bb77987ebc162fda7c72bff368a32c9cccabac
RF00162__2GIS_A__4KQY_A__a1__reverse__rep1	RF00162__2GIS_A__4KQY_A	reverse	1	RF00162__2GIS_A	82	G	82	A:82	yes	no	222	107	G	A:106	NA	NA	NA	rfam_only	NA	algorithm_omission	yes	NA	Rfam.seed.gz	15.1	41f014f4ab5628620935f089b1bb77987ebc162fda7c72bff368a32c9cccabac
RF00162__2GIS_A__4KQY_A__a1__reverse__rep1	RF00162__2GIS_A__4KQY_A	reverse	1	RF00162__2GIS_A	83	A	83	A:83	yes	no	224	108	G	A:107	NA	NA	NA	rfam_only	NA	algorithm_omission	yes	NA	Rfam.seed.gz	15.1	41f014f4ab5628620935f089b1bb77987ebc162fda7c72bff368a32c9cccabac
RF00162__2GIS_A__4KQY_A__a1__reverse__rep1	RF00162__2GIS_A__4KQY_A	reverse	1	RF00162__2GIS_A	84	A	84	A:84	yes	no	226	109	A	A:108	NA	NA	NA	rfam_only	NA	algorithm_omission	yes	NA	Rfam.seed.gz	15.1	41f014f4ab5628620935f089b1bb77987ebc162fda7c72bff368a32c9cccabac
RF00162__2GIS_A__4KQY_A__a1__reverse__rep1	RF00162__2GIS_A__4KQY_A	reverse	1	RF00162__2GIS_A	85	A	85	A:85	yes	no	227	110	A	A:109	NA	NA	NA	rfam_only	NA	algorithm_omission	yes	NA	Rfam.seed.gz	15.1	41f014f4ab5628620935f089b1bb77987ebc162fda7c72bff368a32c9cccabac
RF00162__2GIS_A__4KQY_A__a1__reverse__rep1	RF00162__2GIS_A__4KQY_A	reverse	1	RF00162__2GIS_A	86	G	86	A:86	yes	no	229	111	G	A:110	NA	NA	NA	rfam_only	NA	algorithm_omission	yes	NA	Rfam.seed.gz	15.1	41f014f4ab5628620935f089b1bb77987ebc162fda7c72bff368a32c9cccabac
RF00162__2GIS_A__4KQY_A__a1__reverse__rep1	RF00162__2GIS_A__4KQY_A	reverse	1	RF00162__2GIS_A	87	A	87	A:87	yes	no	230	112	A	A:111	NA	NA	NA	rfam_only	NA	algorithm_omission	yes	NA	Rfam.seed.gz	15.1	41f014f4ab5628620935f089b1bb77987ebc162fda7c72bff368a32c9cccabac
RF00162__2GIS_A__4KQY_A__a1__reverse__rep1	RF00162__2GIS_A__4KQY_A	reverse	1	RF00162__2GIS_A	88	U	88	A:88	yes	no	231	113	U	A:112	NA	NA	NA	rfam_only	NA	algorithm_omission	yes	NA	Rfam.seed.gz	15.1	41f014f4ab5628620935f089b1bb77987ebc162fda7c72bff368a32c9cccabac
RF00162__2GIS_A__4KQY_A__a1__reverse__rep1	RF00162__2GIS_A__4KQY_A	reverse	1	RF00162__2GIS_A	89	G	89	A:89	yes	no	232	114	A	A:113	NA	NA	NA	rfam_only	NA	algorithm_omission	yes	NA	Rfam.seed.gz	15.1	41f014f4ab5628620935f089b1bb77987ebc162fda7c72bff368a32c9cccabac
RF00162__2GIS_A__4KQY_A__a1__reverse__rep1	RF00162__2GIS_A__4KQY_A	reverse	1	RF00162__2GIS_A	90	A	90	A:90	yes	no	233	115	A	A:114	NA	NA	NA	rfam_only	NA	algorithm_omission	yes	NA	Rfam.seed.gz	15.1	41f014f4ab5628620935f089b1bb77987ebc162fda7c72bff368a32c9cccabac
RF00162__2GIS_A__4KQY_A__a1__reverse__rep1	RF00162__2GIS_A__4KQY_A	reverse	1	RF00162__2GIS_A	91	G	91	A:91	yes	no	234	116	G	A:115	NA	NA	NA	rfam_only	NA	algorithm_omission	yes	NA	Rfam.seed.gz	15.1	41f014f4ab5628620935f089b1bb77987ebc162fda7c72bff368a32c9cccabac
RF00162__2GIS_A__4KQY_A__a1__reverse__rep1	RF00162__2GIS_A__4KQY_A	reverse	1	RF00162__2GIS_A	92	C	92	A:92	yes	yes	235	117	A	A:116	NA	NA	NA	rfam_only	NA	algorithm_omission	no	NA	Rfam.seed.gz	15.1	41f014f4ab5628620935f089b1bb77987ebc162fda7c72bff368a32c9cccabac
RF00162__2GIS_A__4KQY_A__a1__reverse__rep1	RF00162__2GIS_A__4KQY_A	reverse	1	RF00162__2GIS_A	93	C	93	A:93	yes	yes	237	119	C	A:118	NA	NA	NA	rfam_only	NA	algorithm_omission	no	NA	Rfam.seed.gz	15.1	41f014f4ab5628620935f089b1bb77987ebc162fda7c72bff368a32c9cccabac
RF00162__2GIS_A__4KQY_A__a1__reverse__rep1	RF00162__2GIS_A__4KQY_A	reverse	1	RF00162__2GIS_A	94	A	94	A:94	yes	yes	238	NA	NA	NA	NA	NA	NA	neither	alignment_gap_in_standard_seed	algorithm_omission	no	NA	Rfam.seed.gz	15.1	41f014f4ab5628620935f089b1bb77987ebc162fda7c72bff368a32c9cccabac
RF00162__2GIS_A__4KQY_A__a1__reverse__rep2	RF00162__2GIS_A__4KQY_A	reverse	2	RF00162__2GIS_A	1	G	1	A:1	yes	yes	1	1	G	A:0	NA	NA	NA	rfam_only	NA	algorithm_omission	no	NA	Rfam.seed.gz	15.1	41f014f4ab5628620935f089b1bb77987ebc162fda7c72bff368a32c9cccabac
RF00162__2GIS_A__4KQY_A__a1__reverse__rep2	RF00162__2GIS_A__4KQY_A	reverse	2	RF00162__2GIS_A	2	G	2	A:2	yes	yes	3	3	U	A:2	NA	NA	NA	rfam_only	NA	algorithm_omission	no	NA	Rfam.seed.gz	15.1	41f014f4ab5628620935f089b1bb77987ebc162fda7c72bff368a32c9cccabac
RF00162__2GIS_A__4KQY_A__a1__reverse__rep2	RF00162__2GIS_A__4KQY_A	reverse	2	RF00162__2GIS_A	3	C	3	A:3	yes	no	4	4	C	A:3	NA	NA	NA	rfam_only	NA	algorithm_omission	yes	NA	Rfam.seed.gz	15.1	41f014f4ab5628620935f089b1bb77987ebc162fda7c72bff368a32c9cccabac
RF00162__2GIS_A__4KQY_A__a1__reverse__rep2	RF00162__2GIS_A__4KQY_A	reverse	2	RF00162__2GIS_A	4	U	4	A:4	yes	no	5	5	U	A:4	NA	NA	NA	rfam_only	NA	algorithm_omission	yes	NA	Rfam.seed.gz	15.1	41f014f4ab5628620935f089b1bb77987ebc162fda7c72bff368a32c9cccabac
RF00162__2GIS_A__4KQY_A__a1__reverse__rep2	RF00162__2GIS_A__4KQY_A	reverse	2	RF00162__2GIS_A	5	U	5	A:5	yes	no	6	6	U	A:5	NA	NA	NA	rfam_only	NA	algorithm_omission	yes	NA	Rfam.seed.gz	15.1	41f014f4ab5628620935f089b1bb77987ebc162fda7c72bff368a32c9cccabac
RF00162__2GIS_A__4KQY_A__a1__reverse__rep2	RF00162__2GIS_A__4KQY_A	reverse	2	RF00162__2GIS_A	6	A	6	A:6	yes	no	7	7	A	A:6	NA	NA	NA	rfam_only	NA	algorithm_omission	yes	NA	Rfam.seed.gz	15.1	41f014f4ab5628620935f089b1bb77987ebc162fda7c72bff368a32c9cccabac
RF00162__2GIS_A__4KQY_A__a1__reverse__rep2	RF00162__2GIS_A__4KQY_A	reverse	2	RF00162__2GIS_A	7	U	7	A:7	yes	no	8	8	U	A:7	NA	NA	NA	rfam_only	NA	algorithm_omission	yes	NA	Rfam.seed.gz	15.1	41f014f4ab5628620935f089b1bb77987ebc162fda7c72bff368a32c9cccabac
RF00162__2GIS_A__4KQY_A__a1__reverse__rep2	RF00162__2GIS_A__4KQY_A	reverse	2	RF00162__2GIS_A	8	C	8	A:8	yes	no	9	9	C	A:8	NA	NA	NA	rfam_only	NA	algorithm_omission	yes	NA	Rfam.seed.gz	15.1	41f014f4ab5628620935f089b1bb77987ebc162fda7c72bff368a32c9cccabac
RF00162__2GIS_A__4KQY_A__a1__reverse__rep2	RF00162__2GIS_A__4KQY_A	reverse	2	RF00162__2GIS_A	9	A	9	A:9	yes	no	10	10	A	A:9	NA	NA	NA	rfam_only	NA	algorithm_omission	yes	NA	Rfam.seed.gz	15.1	41f014f4ab5628620935f089b1bb77987ebc162fda7c72bff368a32c9cccabac
RF00162__2GIS_A__4KQY_A__a1__reverse__rep2	RF00162__2GIS_A__4KQY_A	reverse	2	RF00162__2GIS_A	10	A	10	A:10	yes	no	11	11	A	A:10	NA	NA	NA	rfam_only	NA	algorithm_omission	yes	NA	Rfam.seed.gz	15.1	41f014f4ab5628620935f089b1bb77987ebc162fda7c72bff368a32c9cccabac
RF00162__2GIS_A__4KQY_A__a1__reverse__rep2	RF00162__2GIS_A__4KQY_A	reverse	2	RF00162__2GIS_A	11	G	11	A:11	yes	no	12	12	G	A:11	NA	NA	NA	rfam_only	NA	algorithm_omission	yes	NA	Rfam.seed.gz	15.1	41f014f4ab5628620935f089b1bb77987ebc162fda7c72bff368a32c9cccabac
RF00162__2GIS_A__4KQY_A__a1__reverse__rep2	RF00162__2GIS_A__4KQY_A	reverse	2	RF00162__2GIS_A	12	A	12	A:12	yes	no	13	13	A	A:12	NA	NA	NA	rfam_only	NA	algorithm_omission	yes	NA	Rfam.seed.gz	15.1	41f014f4ab5628620935f089b1bb77987ebc162fda7c72bff368a32c9cccabac
RF00162__2GIS_A__4KQY_A__a1__reverse__rep2	RF00162__2GIS_A__4KQY_A	reverse	2	RF00162__2GIS_A	13	G	13	A:13	yes	no	14	14	G	A:13	NA	NA	NA	rfam_only	NA	algorithm_omission	yes	NA	Rfam.seed.gz	15.1	41f014f4ab5628620935f089b1bb77987ebc162fda7c72bff368a32c9cccabac
RF00162__2GIS_A__4KQY_A__a1__reverse__rep2	RF00162__2GIS_A__4KQY_A	reverse	2	RF00162__2GIS_A	14	A	14	A:14	yes	no	16	15	A	A:14	NA	NA	NA	rfam_only	NA	algorithm_omission	yes	NA	Rfam.seed.gz	15.1	41f014f4ab5628620935f089b1bb77987ebc162fda7c72bff368a32c9cccabac
RF00162__2GIS_A__4KQY_A__a1__reverse__rep2	RF00162__2GIS_A__4KQY_A	reverse	2	RF00162__2GIS_A	15	G	15	A:15	yes	no	17	16	A	A:15	NA	NA	NA	rfam_only	NA	algorithm_omission	yes	NA	Rfam.seed.gz	15.1	41f014f4ab5628620935f089b1bb77987ebc162fda7c72bff368a32c9cccabac
RF00162__2GIS_A__4KQY_A__a1__reverse__rep2	RF00162__2GIS_A__4KQY_A	reverse	2	RF00162__2GIS_A	16	G	16	A:16	yes	no	18	17	G	A:16	NA	NA	NA	rfam_only	NA	algorithm_omission	yes	NA	Rfam.seed.gz	15.1	41f014f4ab5628620935f089b1bb77987ebc162fda7c72bff368a32c9cccabac
RF00162__2GIS_A__4KQY_A__a1__reverse__rep2	RF00162__2GIS_A__4KQY_A	reverse	2	RF00162__2GIS_A	17	U	17	A:17	yes	no	20	18	C	A:17	NA	NA	NA	rfam_only	NA	algorithm_omission	yes	NA	Rfam.seed.gz	15.1	41f014f4ab5628620935f089b1bb77987ebc162fda7c72bff368a32c9cccabac
RF00162__2GIS_A__4KQY_A__a1__reverse__rep2	RF00162__2GIS_A__4KQY_A	reverse	2	RF00162__2GIS_A	18	G	18	A:18	yes	no	22	19	A	A:18	NA	NA	NA	rfam_only	NA	algorithm_omission	yes	NA	Rfam.seed.gz	15.1	41f014f4ab5628620935f089b1bb77987ebc162fda7c72bff368a32c9cccabac
RF00162__2GIS_A__4KQY_A__a1__reverse__rep2	RF00162__2GIS_A__4KQY_A	reverse	2	RF00162__2GIS_A	19	G	19	A:19	yes	no	23	20	G	A:19	45	G	A:44	different_partner	NA	NA	yes	25	Rfam.seed.gz	15.1	41f014f4ab5628620935f089b1bb77987ebc162fda7c72bff368a32c9cccabac
RF00162__2GIS_A__4KQY_A__a1__reverse__rep2	RF00162__2GIS_A__4KQY_A	reverse	2	RF00162__2GIS_A	20	A	20	A:20	yes	no	41	21	A	A:20	NA	NA	NA	rfam_only	NA	algorithm_omission	yes	NA	Rfam.seed.gz	15.1	41f014f4ab5628620935f089b1bb77987ebc162fda7c72bff368a32c9cccabac
RF00162__2GIS_A__4KQY_A__a1__reverse__rep2	RF00162__2GIS_A__4KQY_A	reverse	2	RF00162__2GIS_A	21	G	21	A:21	yes	no	42	22	G	A:21	NA	NA	NA	rfam_only	NA	algorithm_omission	yes	NA	Rfam.seed.gz	15.1	41f014f4ab5628620935f089b1bb77987ebc162fda7c72bff368a32c9cccabac
RF00162__2GIS_A__4KQY_A__a1__reverse__rep2	RF00162__2GIS_A__4KQY_A	reverse	2	RF00162__2GIS_A	22	G	22	A:22	yes	no	43	23	G	A:22	NA	NA	NA	rfam_only	NA	algorithm_omission	yes	NA	Rfam.seed.gz	15.1	41f014f4ab5628620935f089b1bb77987ebc162fda7c72bff368a32c9cccabac
RF00162__2GIS_A__4KQY_A__a1__reverse__rep2	RF00162__2GIS_A__4KQY_A	reverse	2	RF00162__2GIS_A	23	G	23	A:23	yes	no	44	24	G	A:23	NA	NA	NA	rfam_only	NA	algorithm_omission	yes	NA	Rfam.seed.gz	15.1	41f014f4ab5628620935f089b1bb77987ebc162fda7c72bff368a32c9cccabac
RF00162__2GIS_A__4KQY_A__a1__reverse__rep2	RF00162__2GIS_A__4KQY_A	reverse	2	RF00162__2GIS_A	24	A	24	A:24	yes	no	45	25	A	A:24	NA	NA	NA	rfam_only	NA	algorithm_omission	yes	NA	Rfam.seed.gz	15.1	41f014f4ab5628620935f089b1bb77987ebc162fda7c72bff368a32c9cccabac
RF00162__2GIS_A__4KQY_A__a1__reverse__rep2	RF00162__2GIS_A__4KQY_A	reverse	2	RF00162__2GIS_A	25	C	25	A:25	yes	no	48	26	C	A:25	NA	NA	NA	rfam_only	NA	algorithm_omission	yes	NA	Rfam.seed.gz	15.1	41f014f4ab5628620935f089b1bb77987ebc162fda7c72bff368a32c9cccabac
RF00162__2GIS_A__4KQY_A__a1__reverse__rep2	RF00162__2GIS_A__4KQY_A	reverse	2	RF00162__2GIS_A	26	U	26	A:26	yes	no	49	27	U	A:26	NA	NA	NA	rfam_only	NA	algorithm_omission	yes	NA	Rfam.seed.gz	15.1	41f014f4ab5628620935f089b1bb77987ebc162fda7c72bff368a32c9cccabac
RF00162__2GIS_A__4KQY_A__a1__reverse__rep2	RF00162__2GIS_A__4KQY_A	reverse	2	RF00162__2GIS_A	27	G	27	A:27	yes	no	50	28	G	A:27	NA	NA	NA	rfam_only	NA	algorithm_omission	yes	NA	Rfam.seed.gz	15.1	41f014f4ab5628620935f089b1bb77987ebc162fda7c72bff368a32c9cccabac
RF00162__2GIS_A__4KQY_A__a1__reverse__rep2	RF00162__2GIS_A__4KQY_A	reverse	2	RF00162__2GIS_A	28	G	28	A:28	yes	no	51	29	G	A:28	NA	NA	NA	rfam_only	NA	algorithm_omission	yes	NA	Rfam.seed.gz	15.1	41f014f4ab5628620935f089b1bb77987ebc162fda7c72bff368a32c9cccabac
RF00162__2GIS_A__4KQY_A__a1__reverse__rep2	RF00162__2GIS_A__4KQY_A	reverse	2	RF00162__2GIS_A	29	C	29	A:29	yes	no	53	30	C	A:29	NA	NA	NA	rfam_only	NA	algorithm_omission	yes	NA	Rfam.seed.gz	15.1	41f014f4ab5628620935f089b1bb77987ebc162fda7c72bff368a32c9cccabac
RF00162__2GIS_A__4KQY_A__a1__reverse__rep2	RF00162__2GIS_A__4KQY_A	reverse	2	RF00162__2GIS_A	30	C	30	A:30	yes	no	54	31	C	A:30	NA	NA	NA	rfam_only	NA	algorithm_omission	yes	NA	Rfam.seed.gz	15.1	41f014f4ab5628620935f089b1bb77987ebc162fda7c72bff368a32c9cccabac
RF00162__2GIS_A__4KQY_A__a1__reverse__rep2	RF00162__2GIS_A__4KQY_A	reverse	2	RF00162__2GIS_A	31	C	31	A:31	yes	no	55	32	C	A:31	NA	NA	NA	rfam_only	NA	algorithm_omission	yes	NA	Rfam.seed.gz	15.1	41f014f4ab5628620935f089b1bb77987ebc162fda7c72bff368a32c9cccabac
RF00162__2GIS_A__4KQY_A__a1__reverse__rep2	RF00162__2GIS_A__4KQY_A	reverse	2	RF00162__2GIS_A	32	G	32	A:32	yes	no	56	33	G	A:32	NA	NA	NA	rfam_only	NA	algorithm_omission	yes	NA	Rfam.seed.gz	15.1	41f014f4ab5628620935f089b1bb77987ebc162fda7c72bff368a32c9cccabac
RF00162__2GIS_A__4KQY_A__a1__reverse__rep2	RF00162__2GIS_A__4KQY_A	reverse	2	RF00162__2GIS_A	33	A	33	A:33	yes	no	57	34	A	A:33	NA	NA	NA	rfam_only	NA	algorithm_omission	yes	NA	Rfam.seed.gz	15.1	41f014f4ab5628620935f089b1bb77987ebc162fda7c72bff368a32c9cccabac
RF00162__2GIS_A__4KQY_A__a1__reverse__rep2	RF00162__2GIS_A__4KQY_A	reverse	2	RF00162__2GIS_A	34	U	34	A:34	yes	no	60	35	C	A:34	NA	NA	NA	rfam_only	NA	algorithm_omission	yes	NA	Rfam.seed.gz	15.1	41f014f4ab5628620935f089b1bb77987ebc162fda7c72bff368a32c9cccabac
RF00162__2GIS_A__4KQY_A__a1__reverse__rep2	RF00162__2GIS_A__4KQY_A	reverse	2	RF00162__2GIS_A	35	G	35	A:35	yes	no	61	36	G	A:35	NA	NA	NA	rfam_only	NA	algorithm_omission	yes	NA	Rfam.seed.gz	15.1	41f014f4ab5628620935f089b1bb77987ebc162fda7c72bff368a32c9cccabac
RF00162__2GIS_A__4KQY_A__a1__reverse__rep2	RF00162__2GIS_A__4KQY_A	reverse	2	RF00162__2GIS_A	36	A	36	A:36	yes	no	62	37	A	A:36	NA	NA	NA	rfam_only	NA	algorithm_omission	yes	NA	Rfam.seed.gz	15.1	41f014f4ab5628620935f089b1bb77987ebc162fda7c72bff368a32c9cccabac
RF00162__2GIS_A__4KQY_A__a1__reverse__rep2	RF00162__2GIS_A__4KQY_A	reverse	2	RF00162__2GIS_A	37	A	37	A:37	yes	no	63	38	A	A:37	46	C	A:45	different_partner	NA	NA	yes	8	Rfam.seed.gz	15.1	41f014f4ab5628620935f089b1bb77987ebc162fda7c72bff368a32c9cccabac
RF00162__2GIS_A__4KQY_A__a1__reverse__rep2	RF00162__2GIS_A__4KQY_A	reverse	2	RF00162__2GIS_A	38	A	38	A:38	yes	no	65	39	G	A:38	47	A	A:46	different_partner	NA	NA	yes	8	Rfam.seed.gz	15.1	41f014f4ab5628620935f089b1bb77987ebc162fda7c72bff368a32c9cccabac
RF00162__2GIS_A__4KQY_A__a1__reverse__rep2	RF00162__2GIS_A__4KQY_A	reverse	2	RF00162__2GIS_A	39	C	39	A:39	yes	no	66	40	C	A:39	48	A	A:47	different_partner	NA	NA	yes	8	Rfam.seed.gz	15.1	41f014f4ab5628620935f089b1bb77987ebc162fda7c72bff368a32c9cccabac
RF00162__2GIS_A__4KQY_A__a1__reverse__rep2	RF00162__2GIS_A__4KQY_A	reverse	2	RF00162__2GIS_A	40	C	40	A:40	yes	no	67	41	U	A:40	49	C	A:48	different_partner	NA	NA	yes	8	Rfam.seed.gz	15.1	41f014f4ab5628620935f089b1bb77987ebc162fda7c72bff368a32c9cccabac
RF00162__2GIS_A__4KQY_A__a1__reverse__rep2	RF00162__2GIS_A__4KQY_A	reverse	2	RF00162__2GIS_A	41	C	41	A:41	yes	no	70	43	C	A:42	50	C	A:49	different_partner	NA	NA	yes	7	Rfam.seed.gz	15.1	41f014f4ab5628620935f089b1bb77987ebc162fda7c72bff368a32c9cccabac
RF00162__2GIS_A__4KQY_A__a1__reverse__rep2	RF00162__2GIS_A__4KQY_A	reverse	2	RF00162__2GIS_A	42	G	42	A:42	yes	no	71	44	A	A:43	52	G	A:51	different_partner	NA	NA	yes	8	Rfam.seed.gz	15.1	41f014f4ab5628620935f089b1bb77987ebc162fda7c72bff368a32c9cccabac
RF00162__2GIS_A__4KQY_A__a1__reverse__rep2	RF00162__2GIS_A__4KQY_A	reverse	2	RF00162__2GIS_A	43	G	43	A:43	yes	no	72	45	G	A:44	53	U	A:52	different_partner	NA	NA	yes	8	Rfam.seed.gz	15.1	41f014f4ab5628620935f089b1bb77987ebc162fda7c72bff368a32c9cccabac
RF00162__2GIS_A__4KQY_A__a1__reverse__rep2	RF00162__2GIS_A__4KQY_A	reverse	2	RF00162__2GIS_A	44	C	44	A:44	yes	no	73	46	C	A:45	54	G	A:53	different_partner	NA	NA	yes	8	Rfam.seed.gz	15.1	41f014f4ab5628620935f089b1bb77987ebc162fda7c72bff368a32c9cccabac
RF00162__2GIS_A__4KQY_A__a1__reverse__rep2	RF00162__2GIS_A__4KQY_A	reverse	2	RF00162__2GIS_A	45	A	45	A:45	yes	no	74	47	A	A:46	56	A	A:55	different_partner	NA	NA	yes	9	Rfam.seed.gz	15.1	41f014f4ab5628620935f089b1bb77987ebc162fda7c72bff368a32c9cccabac
RF00162__2GIS_A__4KQY_A__a1__reverse__rep2	RF00162__2GIS_A__4KQY_A	reverse	2	RF00162__2GIS_A	46	A	46	A:46	yes	no	75	48	A	A:47	57	A	A:56	different_partner	NA	NA	yes	9	Rfam.seed.gz	15.1	41f014f4ab5628620935f089b1bb77987ebc162fda7c72bff368a32c9cccabac
RF00162__2GIS_A__4KQY_A__a1__reverse__rep2	RF00162__2GIS_A__4KQY_A	reverse	2	RF00162__2GIS_A	47	C	47	A:47	yes	no	76	49	C	A:48	58	U	A:57	different_partner	NA	NA	yes	9	Rfam.seed.gz	15.1	41f014f4ab5628620935f089b1bb77987ebc162fda7c72bff368a32c9cccabac
RF00162__2GIS_A__4KQY_A__a1__reverse__rep2	RF00162__2GIS_A__4KQY_A	reverse	2	RF00162__2GIS_A	48	C	48	A:48	yes	no	77	50	C	A:49	59	G	A:58	different_partner	NA	NA	yes	9	Rfam.seed.gz	15.1	41f014f4ab5628620935f089b1bb77987ebc162fda7c72bff368a32c9cccabac
RF00162__2GIS_A__4KQY_A__a1__reverse__rep2	RF00162__2GIS_A__4KQY_A	reverse	2	RF00162__2GIS_A	49	A	49	A:49	yes	yes	148	NA	NA	NA	60	G	A:59	star3d_only	alignment_gap_in_standard_seed	NA	no	NA	Rfam.seed.gz	15.1	41f014f4ab5628620935f089b1bb77987ebc162fda7c72bff368a32c9cccabac
RF00162__2GIS_A__4KQY_A__a1__reverse__rep2	RF00162__2GIS_A__4KQY_A	reverse	2	RF00162__2GIS_A	50	G	50	A:50	yes	yes	149	NA	NA	NA	61	C	A:60	star3d_only	alignment_gap_in_standard_seed	NA	no	NA	Rfam.seed.gz	15.1	41f014f4ab5628620935f089b1bb77987ebc162fda7c72bff368a32c9cccabac
RF00162__2GIS_A__4KQY_A__a1__reverse__rep2	RF00162__2GIS_A__4KQY_A	reverse	2	RF00162__2GIS_A	51	A	51	A:51	yes	yes	150	NA	NA	NA	64	A	A:63	star3d_only	alignment_gap_in_standard_seed	NA	no	NA	Rfam.seed.gz	15.1	41f014f4ab5628620935f089b1bb77987ebc162fda7c72bff368a32c9cccabac
RF00162__2GIS_A__4KQY_A__a1__reverse__rep2	RF00162__2GIS_A__4KQY_A	reverse	2	RF00162__2GIS_A	52	A	52	A:52	yes	yes	151	NA	NA	NA	65	A	A:64	star3d_only	alignment_gap_in_standard_seed	NA	no	NA	Rfam.seed.gz	15.1	41f014f4ab5628620935f089b1bb77987ebc162fda7c72bff368a32c9cccabac
RF00162__2GIS_A__4KQY_A__a1__reverse__rep2	RF00162__2GIS_A__4KQY_A	reverse	2	RF00162__2GIS_A	53	A	53	A:53	yes	no	156	75	A	A:74	66	G	A:65	different_partner	NA	NA	yes	-9	Rfam.seed.gz	15.1	41f014f4ab5628620935f089b1bb77987ebc162fda7c72bff368a32c9cccabac
RF00162__2GIS_A__4KQY_A__a1__reverse__rep2	RF00162__2GIS_A__4KQY_A	reverse	2	RF00162__2GIS_A	54	U	54	A:54	yes	no	157	76	A	A:75	67	C	A:66	different_partner	NA	NA	yes	-9	Rfam.seed.gz	15.1	41f014f4ab5628620935f089b1bb77987ebc162fda7c72bff368a32c9cccabac
RF00162__2GIS_A__4KQY_A__a1__reverse__rep2	RF00162__2GIS_A__4KQY_A	reverse	2	RF00162__2GIS_A	55	G	55	A:55	yes	no	160	77	G	A:76	68	C	A:67	different_partner	NA	NA	yes	-9	Rfam.seed.gz	15.1	41f014f4ab5628620935f089b1bb77987ebc162fda7c72bff368a32c9cccabac
RF00162__2GIS_A__4KQY_A__a1__reverse__rep2	RF00162__2GIS_A__4KQY_A	reverse	2	RF00162__2GIS_A	56	G	56	A:56	yes	no	161	78	G	A:77	69	A	A:68	different_partner	NA	NA	yes	-9	Rfam.seed.gz	15.1	41f014f4ab5628620935f089b1bb77987ebc162fda7c72bff368a32c9cccabac
RF00162__2GIS_A__4KQY_A__a1__reverse__rep2	RF00162__2GIS_A__4KQY_A	reverse	2	RF00162__2GIS_A	57	U	57	A:57	yes	no	162	79	U	A:78	70	U	A:69	different_partner	NA	NA	yes	-9	Rfam.seed.gz	15.1	41f014f4ab5628620935f089b1bb77987ebc162fda7c72bff368a32c9cccabac
RF00162__2GIS_A__4KQY_A__a1__reverse__rep2	RF00162__2GIS_A__4KQY_A	reverse	2	RF00162__2GIS_A	58	G	58	A:58	yes	no	163	80	G	A:79	71	G	A:70	different_partner	NA	NA	yes	-9	Rfam.seed.gz	15.1	41f014f4ab5628620935f089b1bb77987ebc162fda7c72bff368a32c9cccabac
RF00162__2GIS_A__4KQY_A__a1__reverse__rep2	RF00162__2GIS_A__4KQY_A	reverse	2	RF00162__2GIS_A	59	C	59	A:59	yes	no	164	81	C	A:80	72	A	A:71	different_partner	NA	NA	yes	-9	Rfam.seed.gz	15.1	41f014f4ab5628620935f089b1bb77987ebc162fda7c72bff368a32c9cccabac
RF00162__2GIS_A__4KQY_A__a1__reverse__rep2	RF00162__2GIS_A__4KQY_A	reverse	2	RF00162__2GIS_A	60	C	60	A:60	yes	no	165	82	U	A:81	73	C	A:72	different_partner	NA	NA	yes	-9	Rfam.seed.gz	15.1	41f014f4ab5628620935f089b1bb77987ebc162fda7c72bff368a32c9cccabac
RF00162__2GIS_A__4KQY_A__a1__reverse__rep2	RF00162__2GIS_A__4KQY_A	reverse	2	RF00162__2GIS_A	61	A	61	A:61	yes	no	166	83	A	A:82	NA	NA	NA	rfam_only	NA	algorithm_omission	yes	NA	Rfam.seed.gz	15.1	41f014f4ab5628620935f089b1bb77987ebc162fda7c72bff368a32c9cccabac
RF00162__2GIS_A__4KQY_A__a1__reverse__rep2	RF00162__2GIS_A__4KQY_A	reverse	2	RF00162__2GIS_A	62	A	62	A:62	yes	no	168	84	A	A:83	NA	NA	NA	rfam_only	NA	algorithm_omission	yes	NA	Rfam.seed.gz	15.1	41f014f4ab5628620935f089b1bb77987ebc162fda7c72bff368a32c9cccabac
RF00162__2GIS_A__4KQY_A__a1__reverse__rep2	RF00162__2GIS_A__4KQY_A	reverse	2	RF00162__2GIS_A	63	U	63	A:63	yes	no	169	85	A	A:84	NA	NA	NA	rfam_only	NA	algorithm_omission	yes	NA	Rfam.seed.gz	15.1	41f014f4ab5628620935f089b1bb77987ebc162fda7c72bff368a32c9cccabac
RF00162__2GIS_A__4KQY_A__a1__reverse__rep2	RF00162__2GIS_A__4KQY_A	reverse	2	RF00162__2GIS_A	64	U	64	A:64	yes	no	170	86	U	A:85	NA	NA	NA	rfam_only	NA	algorithm_omission	yes	NA	Rfam.seed.gz	15.1	41f014f4ab5628620935f089b1bb77987ebc162fda7c72bff368a32c9cccabac
RF00162__2GIS_A__4KQY_A__a1__reverse__rep2	RF00162__2GIS_A__4KQY_A	reverse	2	RF00162__2GIS_A	65	C	65	A:65	yes	no	171	87	C	A:86	NA	NA	NA	rfam_only	NA	algorithm_omission	yes	NA	Rfam.seed.gz	15.1	41f014f4ab5628620935f089b1bb77987ebc162fda7c72bff368a32c9cccabac
RF00162__2GIS_A__4KQY_A__a1__reverse__rep2	RF00162__2GIS_A__4KQY_A	reverse	2	RF00162__2GIS_A	66	C	66	A:66	yes	no	174	88	C	A:87	NA	NA	NA	rfam_only	NA	algorithm_omission	yes	NA	Rfam.seed.gz	15.1	41f014f4ab5628620935f089b1bb77987ebc162fda7c72bff368a32c9cccabac
RF00162__2GIS_A__4KQY_A__a1__reverse__rep2	RF00162__2GIS_A__4KQY_A	reverse	2	RF00162__2GIS_A	67	U	67	A:67	yes	no	175	89	A	A:88	NA	NA	NA	rfam_only	NA	algorithm_omission	yes	NA	Rfam.seed.gz	15.1	41f014f4ab5628620935f089b1bb77987ebc162fda7c72bff368a32c9cccabac
RF00162__2GIS_A__4KQY_A__a1__reverse__rep2	RF00162__2GIS_A__4KQY_A	reverse	2	RF00162__2GIS_A	68	G	68	A:68	yes	no	176	90	G	A:89	NA	NA	NA	rfam_only	NA	algorithm_omission	yes	NA	Rfam.seed.gz	15.1	41f014f4ab5628620935f089b1bb77987ebc162fda7c72bff368a32c9cccabac
RF00162__2GIS_A__4KQY_A__a1__reverse__rep2	RF00162__2GIS_A__4KQY_A	reverse	2	RF00162__2GIS_A	69	C	69	A:69	yes	no	178	91	C	A:90	NA	NA	NA	rfam_only	NA	algorithm_omission	yes	NA	Rfam.seed.gz	15.1	41f014f4ab5628620935f089b1bb77987ebc162fda7c72bff368a32c9cccabac
RF00162__2GIS_A__4KQY_A__a1__reverse__rep2	RF00162__2GIS_A__4KQY_A	reverse	2	RF00162__2GIS_A	70	A	70	A:70	yes	no	179	92	A	A:91	NA	NA	NA	rfam_only	NA	algorithm_omission	yes	NA	Rfam.seed.gz	15.1	41f014f4ab5628620935f089b1bb77987ebc162fda7c72bff368a32c9cccabac
RF00162__2GIS_A__4KQY_A__a1__reverse__rep2	RF00162__2GIS_A__4KQY_A	reverse	2	RF00162__2GIS_A	71	G	71	A:71	yes	no	180	93	A	A:92	NA	NA	NA	rfam_only	NA	algorithm_omission	yes	NA	Rfam.seed.gz	15.1	41f014f4ab5628620935f089b1bb77987ebc162fda7c72bff368a32c9cccabac
RF00162__2GIS_A__4KQY_A__a1__reverse__rep2	RF00162__2GIS_A__4KQY_A	reverse	2	RF00162__2GIS_A	72	C	72	A:72	yes	no	181	94	G	A:93	NA	NA	NA	rfam_only	NA	algorithm_omission	yes	NA	Rfam.seed.gz	15.1	41f014f4ab5628620935f089b1bb77987ebc162fda7c72bff368a32c9cccabac
RF00162__2GIS_A__4KQY_A__a1__reverse__rep2	RF00162__2GIS_A__4KQY_A	reverse	2	RF00162__2GIS_A	73	G	73	A:73	yes	no	182	95	C	A:94	NA	NA	NA	rfam_only	NA	algorithm_omission	yes	NA	Rfam.seed.gz	15.1	41f014f4ab5628620935f089b1bb77987ebc162fda7c72bff368a32c9cccabac
RF00162__2GIS_A__4KQY_A__a1__reverse__rep2	RF00162__2GIS_A__4KQY_A	reverse	2	RF00162__2GIS_A	74	G	74	A:74	yes	no	191	99	A	A:98	NA	NA	NA	rfam_only	NA	algorithm_omission	yes	NA	Rfam.seed.gz	15.1	41f014f4ab5628620935f089b1bb77987ebc162fda7c72bff368a32c9cccabac
RF00162__2GIS_A__4KQY_A__a1__reverse__rep2	RF00162__2GIS_A__4KQY_A	reverse	2	RF00162__2GIS_A	75	A	75	A:75	yes	yes	192	100	A	A:99	NA	NA	NA	rfam_only	NA	algorithm_omission	no	NA	Rfam.seed.gz	15.1	41f014f4ab5628620935f089b1bb77987ebc162fda7c72bff368a32c9cccabac
RF00162__2GIS_A__4KQY_A__a1__reverse__rep2	RF00162__2GIS_A__4KQY_A	reverse	2	RF00162__2GIS_A	76	A	76	A:76	yes	yes	193	101	C	A:100	NA	NA	NA	rfam_only	NA	algorithm_omission	no	NA	Rfam.seed.gz	15.1	41f014f4ab5628620935f089b1bb77987ebc162fda7c72bff368a32c9cccabac
RF00162__2GIS_A__4KQY_A__a1__reverse__rep2	RF00162__2GIS_A__4KQY_A	reverse	2	RF00162__2GIS_A	77	A	77	A:77	yes	yes	216	102	A	A:101	NA	NA	NA	rfam_only	NA	algorithm_omission	no	NA	Rfam.seed.gz	15.1	41f014f4ab5628620935f089b1bb77987ebc162fda7c72bff368a32c9cccabac
RF00162__2GIS_A__4KQY_A__a1__reverse__rep2	RF00162__2GIS_A__4KQY_A	reverse	2	RF00162__2GIS_A	78	C	78	A:78	yes	no	217	103	G	A:102	NA	NA	NA	rfam_only	NA	algorithm_omission	yes	NA	Rfam.seed.gz	15.1	41f014f4ab5628620935f089b1bb77987ebc162fda7c72bff368a32c9cccabac
RF00162__2GIS_A__4KQY_A__a1__reverse__rep2	RF00162__2GIS_A__4KQY_A	reverse	2	RF00162__2GIS_A	79	G	79	A:79	yes	no	218	104	C	A:103	NA	NA	NA	rfam_only	NA	algorithm_omission	yes	NA	Rfam.seed.gz	15.1	41f014f4ab5628620935f089b1bb77987ebc162fda7c72bff368a32c9cccabac
RF00162__2GIS_A__4KQY_A__a1__reverse__rep2	RF00162__2GIS_A__4KQY_A	reverse	2	RF00162__2GIS_A	80	U	80	A:80	yes	yes	219	105	U	A:104	NA	NA	NA	rfam_only	NA	algorithm_omission	no	NA	Rfam.seed.gz	15.1	41f014f4ab5628620935f089b1bb77987ebc162fda7c72bff368a32c9cccabac
RF00162__2GIS_A__4KQY_A__a1__reverse__rep2	RF00162__2GIS_A__4KQY_A	reverse	2	RF00162__2GIS_A	81	U	81	A:81	yes	no	221	106	U	A:105	NA	NA	NA	rfam_only	NA	algorithm_omission	yes	NA	Rfam.seed.gz	15.1	41f014f4ab5628620935f089b1bb77987ebc162fda7c72bff368a32c9cccabac
RF00162__2GIS_A__4KQY_A__a1__reverse__rep2	RF00162__2GIS_A__4KQY_A	reverse	2	RF00162__2GIS_A	82	G	82	A:82	yes	no	222	107	G	A:106	NA	NA	NA	rfam_only	NA	algorithm_omission	yes	NA	Rfam.seed.gz	15.1	41f014f4ab5628620935f089b1bb77987ebc162fda7c72bff368a32c9cccabac
RF00162__2GIS_A__4KQY_A__a1__reverse__rep2	RF00162__2GIS_A__4KQY_A	reverse	2	RF00162__2GIS_A	83	A	83	A:83	yes	no	224	108	G	A:107	NA	NA	NA	rfam_only	NA	algorithm_omission	yes	NA	Rfam.seed.gz	15.1	41f014f4ab5628620935f089b1bb77987ebc162fda7c72bff368a32c9cccabac
RF00162__2GIS_A__4KQY_A__a1__reverse__rep2	RF00162__2GIS_A__4KQY_A	reverse	2	RF00162__2GIS_A	84	A	84	A:84	yes	no	226	109	A	A:108	NA	NA	NA	rfam_only	NA	algorithm_omission	yes	NA	Rfam.seed.gz	15.1	41f014f4ab5628620935f089b1bb77987ebc162fda7c72bff368a32c9cccabac
RF00162__2GIS_A__4KQY_A__a1__reverse__rep2	RF00162__2GIS_A__4KQY_A	reverse	2	RF00162__2GIS_A	85	A	85	A:85	yes	no	227	110	A	A:109	NA	NA	NA	rfam_only	NA	algorithm_omission	yes	NA	Rfam.seed.gz	15.1	41f014f4ab5628620935f089b1bb77987ebc162fda7c72bff368a32c9cccabac
RF00162__2GIS_A__4KQY_A__a1__reverse__rep2	RF00162__2GIS_A__4KQY_A	reverse	2	RF00162__2GIS_A	86	G	86	A:86	yes	no	229	111	G	A:110	NA	NA	NA	rfam_only	NA	algorithm_omission	yes	NA	Rfam.seed.gz	15.1	41f014f4ab5628620935f089b1bb77987ebc162fda7c72bff368a32c9cccabac
RF00162__2GIS_A__4KQY_A__a1__reverse__rep2	RF00162__2GIS_A__4KQY_A	reverse	2	RF00162__2GIS_A	87	A	87	A:87	yes	no	230	112	A	A:111	NA	NA	NA	rfam_only	NA	algorithm_omission	yes	NA	Rfam.seed.gz	15.1	41f014f4ab5628620935f089b1bb77987ebc162fda7c72bff368a32c9cccabac
RF00162__2GIS_A__4KQY_A__a1__reverse__rep2	RF00162__2GIS_A__4KQY_A	reverse	2	RF00162__2GIS_A	88	U	88	A:88	yes	no	231	113	U	A:112	NA	NA	NA	rfam_only	NA	algorithm_omission	yes	NA	Rfam.seed.gz	15.1	41f014f4ab5628620935f089b1bb77987ebc162fda7c72bff368a32c9cccabac
RF00162__2GIS_A__4KQY_A__a1__reverse__rep2	RF00162__2GIS_A__4KQY_A	reverse	2	RF00162__2GIS_A	89	G	89	A:89	yes	no	232	114	A	A:113	NA	NA	NA	rfam_only	NA	algorithm_omission	yes	NA	Rfam.seed.gz	15.1	41f014f4ab5628620935f089b1bb77987ebc162fda7c72bff368a32c9cccabac
RF00162__2GIS_A__4KQY_A__a1__reverse__rep2	RF00162__2GIS_A__4KQY_A	reverse	2	RF00162__2GIS_A	90	A	90	A:90	yes	no	233	115	A	A:114	NA	NA	NA	rfam_only	NA	algorithm_omission	yes	NA	Rfam.seed.gz	15.1	41f014f4ab5628620935f089b1bb77987ebc162fda7c72bff368a32c9cccabac
RF00162__2GIS_A__4KQY_A__a1__reverse__rep2	RF00162__2GIS_A__4KQY_A	reverse	2	RF00162__2GIS_A	91	G	91	A:91	yes	no	234	116	G	A:115	NA	NA	NA	rfam_only	NA	algorithm_omission	yes	NA	Rfam.seed.gz	15.1	41f014f4ab5628620935f089b1bb77987ebc162fda7c72bff368a32c9cccabac
RF00162__2GIS_A__4KQY_A__a1__reverse__rep2	RF00162__2GIS_A__4KQY_A	reverse	2	RF00162__2GIS_A	92	C	92	A:92	yes	yes	235	117	A	A:116	NA	NA	NA	rfam_only	NA	algorithm_omission	no	NA	Rfam.seed.gz	15.1	41f014f4ab5628620935f089b1bb77987ebc162fda7c72bff368a32c9cccabac
RF00162__2GIS_A__4KQY_A__a1__reverse__rep2	RF00162__2GIS_A__4KQY_A	reverse	2	RF00162__2GIS_A	93	C	93	A:93	yes	yes	237	119	C	A:118	NA	NA	NA	rfam_only	NA	algorithm_omission	no	NA	Rfam.seed.gz	15.1	41f014f4ab5628620935f089b1bb77987ebc162fda7c72bff368a32c9cccabac
RF00162__2GIS_A__4KQY_A__a1__reverse__rep2	RF00162__2GIS_A__4KQY_A	reverse	2	RF00162__2GIS_A	94	A	94	A:94	yes	yes	238	NA	NA	NA	NA	NA	NA	neither	alignment_gap_in_standard_seed	algorithm_omission	no	NA	Rfam.seed.gz	15.1	41f014f4ab5628620935f089b1bb77987ebc162fda7c72bff368a32c9cccabac
RF00162__2GIS_A__4KQY_A__a1__reverse__rep3	RF00162__2GIS_A__4KQY_A	reverse	3	RF00162__2GIS_A	1	G	1	A:1	yes	yes	1	1	G	A:0	NA	NA	NA	rfam_only	NA	algorithm_omission	no	NA	Rfam.seed.gz	15.1	41f014f4ab5628620935f089b1bb77987ebc162fda7c72bff368a32c9cccabac
RF00162__2GIS_A__4KQY_A__a1__reverse__rep3	RF00162__2GIS_A__4KQY_A	reverse	3	RF00162__2GIS_A	2	G	2	A:2	yes	yes	3	3	U	A:2	NA	NA	NA	rfam_only	NA	algorithm_omission	no	NA	Rfam.seed.gz	15.1	41f014f4ab5628620935f089b1bb77987ebc162fda7c72bff368a32c9cccabac
RF00162__2GIS_A__4KQY_A__a1__reverse__rep3	RF00162__2GIS_A__4KQY_A	reverse	3	RF00162__2GIS_A	3	C	3	A:3	yes	no	4	4	C	A:3	NA	NA	NA	rfam_only	NA	algorithm_omission	yes	NA	Rfam.seed.gz	15.1	41f014f4ab5628620935f089b1bb77987ebc162fda7c72bff368a32c9cccabac
RF00162__2GIS_A__4KQY_A__a1__reverse__rep3	RF00162__2GIS_A__4KQY_A	reverse	3	RF00162__2GIS_A	4	U	4	A:4	yes	no	5	5	U	A:4	NA	NA	NA	rfam_only	NA	algorithm_omission	yes	NA	Rfam.seed.gz	15.1	41f014f4ab5628620935f089b1bb77987ebc162fda7c72bff368a32c9cccabac
RF00162__2GIS_A__4KQY_A__a1__reverse__rep3	RF00162__2GIS_A__4KQY_A	reverse	3	RF00162__2GIS_A	5	U	5	A:5	yes	no	6	6	U	A:5	NA	NA	NA	rfam_only	NA	algorithm_omission	yes	NA	Rfam.seed.gz	15.1	41f014f4ab5628620935f089b1bb77987ebc162fda7c72bff368a32c9cccabac
RF00162__2GIS_A__4KQY_A__a1__reverse__rep3	RF00162__2GIS_A__4KQY_A	reverse	3	RF00162__2GIS_A	6	A	6	A:6	yes	no	7	7	A	A:6	NA	NA	NA	rfam_only	NA	algorithm_omission	yes	NA	Rfam.seed.gz	15.1	41f014f4ab5628620935f089b1bb77987ebc162fda7c72bff368a32c9cccabac
RF00162__2GIS_A__4KQY_A__a1__reverse__rep3	RF00162__2GIS_A__4KQY_A	reverse	3	RF00162__2GIS_A	7	U	7	A:7	yes	no	8	8	U	A:7	NA	NA	NA	rfam_only	NA	algorithm_omission	yes	NA	Rfam.seed.gz	15.1	41f014f4ab5628620935f089b1bb77987ebc162fda7c72bff368a32c9cccabac
RF00162__2GIS_A__4KQY_A__a1__reverse__rep3	RF00162__2GIS_A__4KQY_A	reverse	3	RF00162__2GIS_A	8	C	8	A:8	yes	no	9	9	C	A:8	NA	NA	NA	rfam_only	NA	algorithm_omission	yes	NA	Rfam.seed.gz	15.1	41f014f4ab5628620935f089b1bb77987ebc162fda7c72bff368a32c9cccabac
RF00162__2GIS_A__4KQY_A__a1__reverse__rep3	RF00162__2GIS_A__4KQY_A	reverse	3	RF00162__2GIS_A	9	A	9	A:9	yes	no	10	10	A	A:9	NA	NA	NA	rfam_only	NA	algorithm_omission	yes	NA	Rfam.seed.gz	15.1	41f014f4ab5628620935f089b1bb77987ebc162fda7c72bff368a32c9cccabac
RF00162__2GIS_A__4KQY_A__a1__reverse__rep3	RF00162__2GIS_A__4KQY_A	reverse	3	RF00162__2GIS_A	10	A	10	A:10	yes	no	11	11	A	A:10	NA	NA	NA	rfam_only	NA	algorithm_omission	yes	NA	Rfam.seed.gz	15.1	41f014f4ab5628620935f089b1bb77987ebc162fda7c72bff368a32c9cccabac
RF00162__2GIS_A__4KQY_A__a1__reverse__rep3	RF00162__2GIS_A__4KQY_A	reverse	3	RF00162__2GIS_A	11	G	11	A:11	yes	no	12	12	G	A:11	NA	NA	NA	rfam_only	NA	algorithm_omission	yes	NA	Rfam.seed.gz	15.1	41f014f4ab5628620935f089b1bb77987ebc162fda7c72bff368a32c9cccabac
RF00162__2GIS_A__4KQY_A__a1__reverse__rep3	RF00162__2GIS_A__4KQY_A	reverse	3	RF00162__2GIS_A	12	A	12	A:12	yes	no	13	13	A	A:12	NA	NA	NA	rfam_only	NA	algorithm_omission	yes	NA	Rfam.seed.gz	15.1	41f014f4ab5628620935f089b1bb77987ebc162fda7c72bff368a32c9cccabac
RF00162__2GIS_A__4KQY_A__a1__reverse__rep3	RF00162__2GIS_A__4KQY_A	reverse	3	RF00162__2GIS_A	13	G	13	A:13	yes	no	14	14	G	A:13	NA	NA	NA	rfam_only	NA	algorithm_omission	yes	NA	Rfam.seed.gz	15.1	41f014f4ab5628620935f089b1bb77987ebc162fda7c72bff368a32c9cccabac
RF00162__2GIS_A__4KQY_A__a1__reverse__rep3	RF00162__2GIS_A__4KQY_A	reverse	3	RF00162__2GIS_A	14	A	14	A:14	yes	no	16	15	A	A:14	NA	NA	NA	rfam_only	NA	algorithm_omission	yes	NA	Rfam.seed.gz	15.1	41f014f4ab5628620935f089b1bb77987ebc162fda7c72bff368a32c9cccabac
RF00162__2GIS_A__4KQY_A__a1__reverse__rep3	RF00162__2GIS_A__4KQY_A	reverse	3	RF00162__2GIS_A	15	G	15	A:15	yes	no	17	16	A	A:15	NA	NA	NA	rfam_only	NA	algorithm_omission	yes	NA	Rfam.seed.gz	15.1	41f014f4ab5628620935f089b1bb77987ebc162fda7c72bff368a32c9cccabac
RF00162__2GIS_A__4KQY_A__a1__reverse__rep3	RF00162__2GIS_A__4KQY_A	reverse	3	RF00162__2GIS_A	16	G	16	A:16	yes	no	18	17	G	A:16	NA	NA	NA	rfam_only	NA	algorithm_omission	yes	NA	Rfam.seed.gz	15.1	41f014f4ab5628620935f089b1bb77987ebc162fda7c72bff368a32c9cccabac
RF00162__2GIS_A__4KQY_A__a1__reverse__rep3	RF00162__2GIS_A__4KQY_A	reverse	3	RF00162__2GIS_A	17	U	17	A:17	yes	no	20	18	C	A:17	NA	NA	NA	rfam_only	NA	algorithm_omission	yes	NA	Rfam.seed.gz	15.1	41f014f4ab5628620935f089b1bb77987ebc162fda7c72bff368a32c9cccabac
RF00162__2GIS_A__4KQY_A__a1__reverse__rep3	RF00162__2GIS_A__4KQY_A	reverse	3	RF00162__2GIS_A	18	G	18	A:18	yes	no	22	19	A	A:18	NA	NA	NA	rfam_only	NA	algorithm_omission	yes	NA	Rfam.seed.gz	15.1	41f014f4ab5628620935f089b1bb77987ebc162fda7c72bff368a32c9cccabac
RF00162__2GIS_A__4KQY_A__a1__reverse__rep3	RF00162__2GIS_A__4KQY_A	reverse	3	RF00162__2GIS_A	19	G	19	A:19	yes	no	23	20	G	A:19	45	G	A:44	different_partner	NA	NA	yes	25	Rfam.seed.gz	15.1	41f014f4ab5628620935f089b1bb77987ebc162fda7c72bff368a32c9cccabac
RF00162__2GIS_A__4KQY_A__a1__reverse__rep3	RF00162__2GIS_A__4KQY_A	reverse	3	RF00162__2GIS_A	20	A	20	A:20	yes	no	41	21	A	A:20	NA	NA	NA	rfam_only	NA	algorithm_omission	yes	NA	Rfam.seed.gz	15.1	41f014f4ab5628620935f089b1bb77987ebc162fda7c72bff368a32c9cccabac
RF00162__2GIS_A__4KQY_A__a1__reverse__rep3	RF00162__2GIS_A__4KQY_A	reverse	3	RF00162__2GIS_A	21	G	21	A:21	yes	no	42	22	G	A:21	NA	NA	NA	rfam_only	NA	algorithm_omission	yes	NA	Rfam.seed.gz	15.1	41f014f4ab5628620935f089b1bb77987ebc162fda7c72bff368a32c9cccabac
RF00162__2GIS_A__4KQY_A__a1__reverse__rep3	RF00162__2GIS_A__4KQY_A	reverse	3	RF00162__2GIS_A	22	G	22	A:22	yes	no	43	23	G	A:22	NA	NA	NA	rfam_only	NA	algorithm_omission	yes	NA	Rfam.seed.gz	15.1	41f014f4ab5628620935f089b1bb77987ebc162fda7c72bff368a32c9cccabac
RF00162__2GIS_A__4KQY_A__a1__reverse__rep3	RF00162__2GIS_A__4KQY_A	reverse	3	RF00162__2GIS_A	23	G	23	A:23	yes	no	44	24	G	A:23	NA	NA	NA	rfam_only	NA	algorithm_omission	yes	NA	Rfam.seed.gz	15.1	41f014f4ab5628620935f089b1bb77987ebc162fda7c72bff368a32c9cccabac
RF00162__2GIS_A__4KQY_A__a1__reverse__rep3	RF00162__2GIS_A__4KQY_A	reverse	3	RF00162__2GIS_A	24	A	24	A:24	yes	no	45	25	A	A:24	NA	NA	NA	rfam_only	NA	algorithm_omission	yes	NA	Rfam.seed.gz	15.1	41f014f4ab5628620935f089b1bb77987ebc162fda7c72bff368a32c9cccabac
RF00162__2GIS_A__4KQY_A__a1__reverse__rep3	RF00162__2GIS_A__4KQY_A	reverse	3	RF00162__2GIS_A	25	C	25	A:25	yes	no	48	26	C	A:25	NA	NA	NA	rfam_only	NA	algorithm_omission	yes	NA	Rfam.seed.gz	15.1	41f014f4ab5628620935f089b1bb77987ebc162fda7c72bff368a32c9cccabac
RF00162__2GIS_A__4KQY_A__a1__reverse__rep3	RF00162__2GIS_A__4KQY_A	reverse	3	RF00162__2GIS_A	26	U	26	A:26	yes	no	49	27	U	A:26	NA	NA	NA	rfam_only	NA	algorithm_omission	yes	NA	Rfam.seed.gz	15.1	41f014f4ab5628620935f089b1bb77987ebc162fda7c72bff368a32c9cccabac
RF00162__2GIS_A__4KQY_A__a1__reverse__rep3	RF00162__2GIS_A__4KQY_A	reverse	3	RF00162__2GIS_A	27	G	27	A:27	yes	no	50	28	G	A:27	NA	NA	NA	rfam_only	NA	algorithm_omission	yes	NA	Rfam.seed.gz	15.1	41f014f4ab5628620935f089b1bb77987ebc162fda7c72bff368a32c9cccabac
RF00162__2GIS_A__4KQY_A__a1__reverse__rep3	RF00162__2GIS_A__4KQY_A	reverse	3	RF00162__2GIS_A	28	G	28	A:28	yes	no	51	29	G	A:28	NA	NA	NA	rfam_only	NA	algorithm_omission	yes	NA	Rfam.seed.gz	15.1	41f014f4ab5628620935f089b1bb77987ebc162fda7c72bff368a32c9cccabac
RF00162__2GIS_A__4KQY_A__a1__reverse__rep3	RF00162__2GIS_A__4KQY_A	reverse	3	RF00162__2GIS_A	29	C	29	A:29	yes	no	53	30	C	A:29	NA	NA	NA	rfam_only	NA	algorithm_omission	yes	NA	Rfam.seed.gz	15.1	41f014f4ab5628620935f089b1bb77987ebc162fda7c72bff368a32c9cccabac
RF00162__2GIS_A__4KQY_A__a1__reverse__rep3	RF00162__2GIS_A__4KQY_A	reverse	3	RF00162__2GIS_A	30	C	30	A:30	yes	no	54	31	C	A:30	NA	NA	NA	rfam_only	NA	algorithm_omission	yes	NA	Rfam.seed.gz	15.1	41f014f4ab5628620935f089b1bb77987ebc162fda7c72bff368a32c9cccabac
RF00162__2GIS_A__4KQY_A__a1__reverse__rep3	RF00162__2GIS_A__4KQY_A	reverse	3	RF00162__2GIS_A	31	C	31	A:31	yes	no	55	32	C	A:31	NA	NA	NA	rfam_only	NA	algorithm_omission	yes	NA	Rfam.seed.gz	15.1	41f014f4ab5628620935f089b1bb77987ebc162fda7c72bff368a32c9cccabac
RF00162__2GIS_A__4KQY_A__a1__reverse__rep3	RF00162__2GIS_A__4KQY_A	reverse	3	RF00162__2GIS_A	32	G	32	A:32	yes	no	56	33	G	A:32	NA	NA	NA	rfam_only	NA	algorithm_omission	yes	NA	Rfam.seed.gz	15.1	41f014f4ab5628620935f089b1bb77987ebc162fda7c72bff368a32c9cccabac
RF00162__2GIS_A__4KQY_A__a1__reverse__rep3	RF00162__2GIS_A__4KQY_A	reverse	3	RF00162__2GIS_A	33	A	33	A:33	yes	no	57	34	A	A:33	NA	NA	NA	rfam_only	NA	algorithm_omission	yes	NA	Rfam.seed.gz	15.1	41f014f4ab5628620935f089b1bb77987ebc162fda7c72bff368a32c9cccabac
RF00162__2GIS_A__4KQY_A__a1__reverse__rep3	RF00162__2GIS_A__4KQY_A	reverse	3	RF00162__2GIS_A	34	U	34	A:34	yes	no	60	35	C	A:34	NA	NA	NA	rfam_only	NA	algorithm_omission	yes	NA	Rfam.seed.gz	15.1	41f014f4ab5628620935f089b1bb77987ebc162fda7c72bff368a32c9cccabac
RF00162__2GIS_A__4KQY_A__a1__reverse__rep3	RF00162__2GIS_A__4KQY_A	reverse	3	RF00162__2GIS_A	35	G	35	A:35	yes	no	61	36	G	A:35	NA	NA	NA	rfam_only	NA	algorithm_omission	yes	NA	Rfam.seed.gz	15.1	41f014f4ab5628620935f089b1bb77987ebc162fda7c72bff368a32c9cccabac
RF00162__2GIS_A__4KQY_A__a1__reverse__rep3	RF00162__2GIS_A__4KQY_A	reverse	3	RF00162__2GIS_A	36	A	36	A:36	yes	no	62	37	A	A:36	NA	NA	NA	rfam_only	NA	algorithm_omission	yes	NA	Rfam.seed.gz	15.1	41f014f4ab5628620935f089b1bb77987ebc162fda7c72bff368a32c9cccabac
RF00162__2GIS_A__4KQY_A__a1__reverse__rep3	RF00162__2GIS_A__4KQY_A	reverse	3	RF00162__2GIS_A	37	A	37	A:37	yes	no	63	38	A	A:37	46	C	A:45	different_partner	NA	NA	yes	8	Rfam.seed.gz	15.1	41f014f4ab5628620935f089b1bb77987ebc162fda7c72bff368a32c9cccabac
RF00162__2GIS_A__4KQY_A__a1__reverse__rep3	RF00162__2GIS_A__4KQY_A	reverse	3	RF00162__2GIS_A	38	A	38	A:38	yes	no	65	39	G	A:38	47	A	A:46	different_partner	NA	NA	yes	8	Rfam.seed.gz	15.1	41f014f4ab5628620935f089b1bb77987ebc162fda7c72bff368a32c9cccabac
RF00162__2GIS_A__4KQY_A__a1__reverse__rep3	RF00162__2GIS_A__4KQY_A	reverse	3	RF00162__2GIS_A	39	C	39	A:39	yes	no	66	40	C	A:39	48	A	A:47	different_partner	NA	NA	yes	8	Rfam.seed.gz	15.1	41f014f4ab5628620935f089b1bb77987ebc162fda7c72bff368a32c9cccabac
RF00162__2GIS_A__4KQY_A__a1__reverse__rep3	RF00162__2GIS_A__4KQY_A	reverse	3	RF00162__2GIS_A	40	C	40	A:40	yes	no	67	41	U	A:40	49	C	A:48	different_partner	NA	NA	yes	8	Rfam.seed.gz	15.1	41f014f4ab5628620935f089b1bb77987ebc162fda7c72bff368a32c9cccabac
RF00162__2GIS_A__4KQY_A__a1__reverse__rep3	RF00162__2GIS_A__4KQY_A	reverse	3	RF00162__2GIS_A	41	C	41	A:41	yes	no	70	43	C	A:42	50	C	A:49	different_partner	NA	NA	yes	7	Rfam.seed.gz	15.1	41f014f4ab5628620935f089b1bb77987ebc162fda7c72bff368a32c9cccabac
RF00162__2GIS_A__4KQY_A__a1__reverse__rep3	RF00162__2GIS_A__4KQY_A	reverse	3	RF00162__2GIS_A	42	G	42	A:42	yes	no	71	44	A	A:43	52	G	A:51	different_partner	NA	NA	yes	8	Rfam.seed.gz	15.1	41f014f4ab5628620935f089b1bb77987ebc162fda7c72bff368a32c9cccabac
RF00162__2GIS_A__4KQY_A__a1__reverse__rep3	RF00162__2GIS_A__4KQY_A	reverse	3	RF00162__2GIS_A	43	G	43	A:43	yes	no	72	45	G	A:44	53	U	A:52	different_partner	NA	NA	yes	8	Rfam.seed.gz	15.1	41f014f4ab5628620935f089b1bb77987ebc162fda7c72bff368a32c9cccabac
RF00162__2GIS_A__4KQY_A__a1__reverse__rep3	RF00162__2GIS_A__4KQY_A	reverse	3	RF00162__2GIS_A	44	C	44	A:44	yes	no	73	46	C	A:45	54	G	A:53	different_partner	NA	NA	yes	8	Rfam.seed.gz	15.1	41f014f4ab5628620935f089b1bb77987ebc162fda7c72bff368a32c9cccabac
RF00162__2GIS_A__4KQY_A__a1__reverse__rep3	RF00162__2GIS_A__4KQY_A	reverse	3	RF00162__2GIS_A	45	A	45	A:45	yes	no	74	47	A	A:46	56	A	A:55	different_partner	NA	NA	yes	9	Rfam.seed.gz	15.1	41f014f4ab5628620935f089b1bb77987ebc162fda7c72bff368a32c9cccabac
RF00162__2GIS_A__4KQY_A__a1__reverse__rep3	RF00162__2GIS_A__4KQY_A	reverse	3	RF00162__2GIS_A	46	A	46	A:46	yes	no	75	48	A	A:47	57	A	A:56	different_partner	NA	NA	yes	9	Rfam.seed.gz	15.1	41f014f4ab5628620935f089b1bb77987ebc162fda7c72bff368a32c9cccabac
RF00162__2GIS_A__4KQY_A__a1__reverse__rep3	RF00162__2GIS_A__4KQY_A	reverse	3	RF00162__2GIS_A	47	C	47	A:47	yes	no	76	49	C	A:48	58	U	A:57	different_partner	NA	NA	yes	9	Rfam.seed.gz	15.1	41f014f4ab5628620935f089b1bb77987ebc162fda7c72bff368a32c9cccabac
RF00162__2GIS_A__4KQY_A__a1__reverse__rep3	RF00162__2GIS_A__4KQY_A	reverse	3	RF00162__2GIS_A	48	C	48	A:48	yes	no	77	50	C	A:49	59	G	A:58	different_partner	NA	NA	yes	9	Rfam.seed.gz	15.1	41f014f4ab5628620935f089b1bb77987ebc162fda7c72bff368a32c9cccabac
RF00162__2GIS_A__4KQY_A__a1__reverse__rep3	RF00162__2GIS_A__4KQY_A	reverse	3	RF00162__2GIS_A	49	A	49	A:49	yes	yes	148	NA	NA	NA	60	G	A:59	star3d_only	alignment_gap_in_standard_seed	NA	no	NA	Rfam.seed.gz	15.1	41f014f4ab5628620935f089b1bb77987ebc162fda7c72bff368a32c9cccabac
RF00162__2GIS_A__4KQY_A__a1__reverse__rep3	RF00162__2GIS_A__4KQY_A	reverse	3	RF00162__2GIS_A	50	G	50	A:50	yes	yes	149	NA	NA	NA	61	C	A:60	star3d_only	alignment_gap_in_standard_seed	NA	no	NA	Rfam.seed.gz	15.1	41f014f4ab5628620935f089b1bb77987ebc162fda7c72bff368a32c9cccabac
RF00162__2GIS_A__4KQY_A__a1__reverse__rep3	RF00162__2GIS_A__4KQY_A	reverse	3	RF00162__2GIS_A	51	A	51	A:51	yes	yes	150	NA	NA	NA	64	A	A:63	star3d_only	alignment_gap_in_standard_seed	NA	no	NA	Rfam.seed.gz	15.1	41f014f4ab5628620935f089b1bb77987ebc162fda7c72bff368a32c9cccabac
RF00162__2GIS_A__4KQY_A__a1__reverse__rep3	RF00162__2GIS_A__4KQY_A	reverse	3	RF00162__2GIS_A	52	A	52	A:52	yes	yes	151	NA	NA	NA	65	A	A:64	star3d_only	alignment_gap_in_standard_seed	NA	no	NA	Rfam.seed.gz	15.1	41f014f4ab5628620935f089b1bb77987ebc162fda7c72bff368a32c9cccabac
RF00162__2GIS_A__4KQY_A__a1__reverse__rep3	RF00162__2GIS_A__4KQY_A	reverse	3	RF00162__2GIS_A	53	A	53	A:53	yes	no	156	75	A	A:74	66	G	A:65	different_partner	NA	NA	yes	-9	Rfam.seed.gz	15.1	41f014f4ab5628620935f089b1bb77987ebc162fda7c72bff368a32c9cccabac
RF00162__2GIS_A__4KQY_A__a1__reverse__rep3	RF00162__2GIS_A__4KQY_A	reverse	3	RF00162__2GIS_A	54	U	54	A:54	yes	no	157	76	A	A:75	67	C	A:66	different_partner	NA	NA	yes	-9	Rfam.seed.gz	15.1	41f014f4ab5628620935f089b1bb77987ebc162fda7c72bff368a32c9cccabac
RF00162__2GIS_A__4KQY_A__a1__reverse__rep3	RF00162__2GIS_A__4KQY_A	reverse	3	RF00162__2GIS_A	55	G	55	A:55	yes	no	160	77	G	A:76	68	C	A:67	different_partner	NA	NA	yes	-9	Rfam.seed.gz	15.1	41f014f4ab5628620935f089b1bb77987ebc162fda7c72bff368a32c9cccabac
RF00162__2GIS_A__4KQY_A__a1__reverse__rep3	RF00162__2GIS_A__4KQY_A	reverse	3	RF00162__2GIS_A	56	G	56	A:56	yes	no	161	78	G	A:77	69	A	A:68	different_partner	NA	NA	yes	-9	Rfam.seed.gz	15.1	41f014f4ab5628620935f089b1bb77987ebc162fda7c72bff368a32c9cccabac
RF00162__2GIS_A__4KQY_A__a1__reverse__rep3	RF00162__2GIS_A__4KQY_A	reverse	3	RF00162__2GIS_A	57	U	57	A:57	yes	no	162	79	U	A:78	70	U	A:69	different_partner	NA	NA	yes	-9	Rfam.seed.gz	15.1	41f014f4ab5628620935f089b1bb77987ebc162fda7c72bff368a32c9cccabac
RF00162__2GIS_A__4KQY_A__a1__reverse__rep3	RF00162__2GIS_A__4KQY_A	reverse	3	RF00162__2GIS_A	58	G	58	A:58	yes	no	163	80	G	A:79	71	G	A:70	different_partner	NA	NA	yes	-9	Rfam.seed.gz	15.1	41f014f4ab5628620935f089b1bb77987ebc162fda7c72bff368a32c9cccabac
RF00162__2GIS_A__4KQY_A__a1__reverse__rep3	RF00162__2GIS_A__4KQY_A	reverse	3	RF00162__2GIS_A	59	C	59	A:59	yes	no	164	81	C	A:80	72	A	A:71	different_partner	NA	NA	yes	-9	Rfam.seed.gz	15.1	41f014f4ab5628620935f089b1bb77987ebc162fda7c72bff368a32c9cccabac
RF00162__2GIS_A__4KQY_A__a1__reverse__rep3	RF00162__2GIS_A__4KQY_A	reverse	3	RF00162__2GIS_A	60	C	60	A:60	yes	no	165	82	U	A:81	73	C	A:72	different_partner	NA	NA	yes	-9	Rfam.seed.gz	15.1	41f014f4ab5628620935f089b1bb77987ebc162fda7c72bff368a32c9cccabac
RF00162__2GIS_A__4KQY_A__a1__reverse__rep3	RF00162__2GIS_A__4KQY_A	reverse	3	RF00162__2GIS_A	61	A	61	A:61	yes	no	166	83	A	A:82	NA	NA	NA	rfam_only	NA	algorithm_omission	yes	NA	Rfam.seed.gz	15.1	41f014f4ab5628620935f089b1bb77987ebc162fda7c72bff368a32c9cccabac
RF00162__2GIS_A__4KQY_A__a1__reverse__rep3	RF00162__2GIS_A__4KQY_A	reverse	3	RF00162__2GIS_A	62	A	62	A:62	yes	no	168	84	A	A:83	NA	NA	NA	rfam_only	NA	algorithm_omission	yes	NA	Rfam.seed.gz	15.1	41f014f4ab5628620935f089b1bb77987ebc162fda7c72bff368a32c9cccabac
RF00162__2GIS_A__4KQY_A__a1__reverse__rep3	RF00162__2GIS_A__4KQY_A	reverse	3	RF00162__2GIS_A	63	U	63	A:63	yes	no	169	85	A	A:84	NA	NA	NA	rfam_only	NA	algorithm_omission	yes	NA	Rfam.seed.gz	15.1	41f014f4ab5628620935f089b1bb77987ebc162fda7c72bff368a32c9cccabac
RF00162__2GIS_A__4KQY_A__a1__reverse__rep3	RF00162__2GIS_A__4KQY_A	reverse	3	RF00162__2GIS_A	64	U	64	A:64	yes	no	170	86	U	A:85	NA	NA	NA	rfam_only	NA	algorithm_omission	yes	NA	Rfam.seed.gz	15.1	41f014f4ab5628620935f089b1bb77987ebc162fda7c72bff368a32c9cccabac
RF00162__2GIS_A__4KQY_A__a1__reverse__rep3	RF00162__2GIS_A__4KQY_A	reverse	3	RF00162__2GIS_A	65	C	65	A:65	yes	no	171	87	C	A:86	NA	NA	NA	rfam_only	NA	algorithm_omission	yes	NA	Rfam.seed.gz	15.1	41f014f4ab5628620935f089b1bb77987ebc162fda7c72bff368a32c9cccabac
RF00162__2GIS_A__4KQY_A__a1__reverse__rep3	RF00162__2GIS_A__4KQY_A	reverse	3	RF00162__2GIS_A	66	C	66	A:66	yes	no	174	88	C	A:87	NA	NA	NA	rfam_only	NA	algorithm_omission	yes	NA	Rfam.seed.gz	15.1	41f014f4ab5628620935f089b1bb77987ebc162fda7c72bff368a32c9cccabac
RF00162__2GIS_A__4KQY_A__a1__reverse__rep3	RF00162__2GIS_A__4KQY_A	reverse	3	RF00162__2GIS_A	67	U	67	A:67	yes	no	175	89	A	A:88	NA	NA	NA	rfam_only	NA	algorithm_omission	yes	NA	Rfam.seed.gz	15.1	41f014f4ab5628620935f089b1bb77987ebc162fda7c72bff368a32c9cccabac
RF00162__2GIS_A__4KQY_A__a1__reverse__rep3	RF00162__2GIS_A__4KQY_A	reverse	3	RF00162__2GIS_A	68	G	68	A:68	yes	no	176	90	G	A:89	NA	NA	NA	rfam_only	NA	algorithm_omission	yes	NA	Rfam.seed.gz	15.1	41f014f4ab5628620935f089b1bb77987ebc162fda7c72bff368a32c9cccabac
RF00162__2GIS_A__4KQY_A__a1__reverse__rep3	RF00162__2GIS_A__4KQY_A	reverse	3	RF00162__2GIS_A	69	C	69	A:69	yes	no	178	91	C	A:90	NA	NA	NA	rfam_only	NA	algorithm_omission	yes	NA	Rfam.seed.gz	15.1	41f014f4ab5628620935f089b1bb77987ebc162fda7c72bff368a32c9cccabac
RF00162__2GIS_A__4KQY_A__a1__reverse__rep3	RF00162__2GIS_A__4KQY_A	reverse	3	RF00162__2GIS_A	70	A	70	A:70	yes	no	179	92	A	A:91	NA	NA	NA	rfam_only	NA	algorithm_omission	yes	NA	Rfam.seed.gz	15.1	41f014f4ab5628620935f089b1bb77987ebc162fda7c72bff368a32c9cccabac
RF00162__2GIS_A__4KQY_A__a1__reverse__rep3	RF00162__2GIS_A__4KQY_A	reverse	3	RF00162__2GIS_A	71	G	71	A:71	yes	no	180	93	A	A:92	NA	NA	NA	rfam_only	NA	algorithm_omission	yes	NA	Rfam.seed.gz	15.1	41f014f4ab5628620935f089b1bb77987ebc162fda7c72bff368a32c9cccabac
RF00162__2GIS_A__4KQY_A__a1__reverse__rep3	RF00162__2GIS_A__4KQY_A	reverse	3	RF00162__2GIS_A	72	C	72	A:72	yes	no	181	94	G	A:93	NA	NA	NA	rfam_only	NA	algorithm_omission	yes	NA	Rfam.seed.gz	15.1	41f014f4ab5628620935f089b1bb77987ebc162fda7c72bff368a32c9cccabac
RF00162__2GIS_A__4KQY_A__a1__reverse__rep3	RF00162__2GIS_A__4KQY_A	reverse	3	RF00162__2GIS_A	73	G	73	A:73	yes	no	182	95	C	A:94	NA	NA	NA	rfam_only	NA	algorithm_omission	yes	NA	Rfam.seed.gz	15.1	41f014f4ab5628620935f089b1bb77987ebc162fda7c72bff368a32c9cccabac
RF00162__2GIS_A__4KQY_A__a1__reverse__rep3	RF00162__2GIS_A__4KQY_A	reverse	3	RF00162__2GIS_A	74	G	74	A:74	yes	no	191	99	A	A:98	NA	NA	NA	rfam_only	NA	algorithm_omission	yes	NA	Rfam.seed.gz	15.1	41f014f4ab5628620935f089b1bb77987ebc162fda7c72bff368a32c9cccabac
RF00162__2GIS_A__4KQY_A__a1__reverse__rep3	RF00162__2GIS_A__4KQY_A	reverse	3	RF00162__2GIS_A	75	A	75	A:75	yes	yes	192	100	A	A:99	NA	NA	NA	rfam_only	NA	algorithm_omission	no	NA	Rfam.seed.gz	15.1	41f014f4ab5628620935f089b1bb77987ebc162fda7c72bff368a32c9cccabac
RF00162__2GIS_A__4KQY_A__a1__reverse__rep3	RF00162__2GIS_A__4KQY_A	reverse	3	RF00162__2GIS_A	76	A	76	A:76	yes	yes	193	101	C	A:100	NA	NA	NA	rfam_only	NA	algorithm_omission	no	NA	Rfam.seed.gz	15.1	41f014f4ab5628620935f089b1bb77987ebc162fda7c72bff368a32c9cccabac
RF00162__2GIS_A__4KQY_A__a1__reverse__rep3	RF00162__2GIS_A__4KQY_A	reverse	3	RF00162__2GIS_A	77	A	77	A:77	yes	yes	216	102	A	A:101	NA	NA	NA	rfam_only	NA	algorithm_omission	no	NA	Rfam.seed.gz	15.1	41f014f4ab5628620935f089b1bb77987ebc162fda7c72bff368a32c9cccabac
RF00162__2GIS_A__4KQY_A__a1__reverse__rep3	RF00162__2GIS_A__4KQY_A	reverse	3	RF00162__2GIS_A	78	C	78	A:78	yes	no	217	103	G	A:102	NA	NA	NA	rfam_only	NA	algorithm_omission	yes	NA	Rfam.seed.gz	15.1	41f014f4ab5628620935f089b1bb77987ebc162fda7c72bff368a32c9cccabac
RF00162__2GIS_A__4KQY_A__a1__reverse__rep3	RF00162__2GIS_A__4KQY_A	reverse	3	RF00162__2GIS_A	79	G	79	A:79	yes	no	218	104	C	A:103	NA	NA	NA	rfam_only	NA	algorithm_omission	yes	NA	Rfam.seed.gz	15.1	41f014f4ab5628620935f089b1bb77987ebc162fda7c72bff368a32c9cccabac
RF00162__2GIS_A__4KQY_A__a1__reverse__rep3	RF00162__2GIS_A__4KQY_A	reverse	3	RF00162__2GIS_A	80	U	80	A:80	yes	yes	219	105	U	A:104	NA	NA	NA	rfam_only	NA	algorithm_omission	no	NA	Rfam.seed.gz	15.1	41f014f4ab5628620935f089b1bb77987ebc162fda7c72bff368a32c9cccabac
RF00162__2GIS_A__4KQY_A__a1__reverse__rep3	RF00162__2GIS_A__4KQY_A	reverse	3	RF00162__2GIS_A	81	U	81	A:81	yes	no	221	106	U	A:105	NA	NA	NA	rfam_only	NA	algorithm_omission	yes	NA	Rfam.seed.gz	15.1	41f014f4ab5628620935f089b1bb77987ebc162fda7c72bff368a32c9cccabac
RF00162__2GIS_A__4KQY_A__a1__reverse__rep3	RF00162__2GIS_A__4KQY_A	reverse	3	RF00162__2GIS_A	82	G	82	A:82	yes	no	222	107	G	A:106	NA	NA	NA	rfam_only	NA	algorithm_omission	yes	NA	Rfam.seed.gz	15.1	41f014f4ab5628620935f089b1bb77987ebc162fda7c72bff368a32c9cccabac
RF00162__2GIS_A__4KQY_A__a1__reverse__rep3	RF00162__2GIS_A__4KQY_A	reverse	3	RF00162__2GIS_A	83	A	83	A:83	yes	no	224	108	G	A:107	NA	NA	NA	rfam_only	NA	algorithm_omission	yes	NA	Rfam.seed.gz	15.1	41f014f4ab5628620935f089b1bb77987ebc162fda7c72bff368a32c9cccabac
RF00162__2GIS_A__4KQY_A__a1__reverse__rep3	RF00162__2GIS_A__4KQY_A	reverse	3	RF00162__2GIS_A	84	A	84	A:84	yes	no	226	109	A	A:108	NA	NA	NA	rfam_only	NA	algorithm_omission	yes	NA	Rfam.seed.gz	15.1	41f014f4ab5628620935f089b1bb77987ebc162fda7c72bff368a32c9cccabac
RF00162__2GIS_A__4KQY_A__a1__reverse__rep3	RF00162__2GIS_A__4KQY_A	reverse	3	RF00162__2GIS_A	85	A	85	A:85	yes	no	227	110	A	A:109	NA	NA	NA	rfam_only	NA	algorithm_omission	yes	NA	Rfam.seed.gz	15.1	41f014f4ab5628620935f089b1bb77987ebc162fda7c72bff368a32c9cccabac
RF00162__2GIS_A__4KQY_A__a1__reverse__rep3	RF00162__2GIS_A__4KQY_A	reverse	3	RF00162__2GIS_A	86	G	86	A:86	yes	no	229	111	G	A:110	NA	NA	NA	rfam_only	NA	algorithm_omission	yes	NA	Rfam.seed.gz	15.1	41f014f4ab5628620935f089b1bb77987ebc162fda7c72bff368a32c9cccabac
RF00162__2GIS_A__4KQY_A__a1__reverse__rep3	RF00162__2GIS_A__4KQY_A	reverse	3	RF00162__2GIS_A	87	A	87	A:87	yes	no	230	112	A	A:111	NA	NA	NA	rfam_only	NA	algorithm_omission	yes	NA	Rfam.seed.gz	15.1	41f014f4ab5628620935f089b1bb77987ebc162fda7c72bff368a32c9cccabac
RF00162__2GIS_A__4KQY_A__a1__reverse__rep3	RF00162__2GIS_A__4KQY_A	reverse	3	RF00162__2GIS_A	88	U	88	A:88	yes	no	231	113	U	A:112	NA	NA	NA	rfam_only	NA	algorithm_omission	yes	NA	Rfam.seed.gz	15.1	41f014f4ab5628620935f089b1bb77987ebc162fda7c72bff368a32c9cccabac
RF00162__2GIS_A__4KQY_A__a1__reverse__rep3	RF00162__2GIS_A__4KQY_A	reverse	3	RF00162__2GIS_A	89	G	89	A:89	yes	no	232	114	A	A:113	NA	NA	NA	rfam_only	NA	algorithm_omission	yes	NA	Rfam.seed.gz	15.1	41f014f4ab5628620935f089b1bb77987ebc162fda7c72bff368a32c9cccabac
RF00162__2GIS_A__4KQY_A__a1__reverse__rep3	RF00162__2GIS_A__4KQY_A	reverse	3	RF00162__2GIS_A	90	A	90	A:90	yes	no	233	115	A	A:114	NA	NA	NA	rfam_only	NA	algorithm_omission	yes	NA	Rfam.seed.gz	15.1	41f014f4ab5628620935f089b1bb77987ebc162fda7c72bff368a32c9cccabac
RF00162__2GIS_A__4KQY_A__a1__reverse__rep3	RF00162__2GIS_A__4KQY_A	reverse	3	RF00162__2GIS_A	91	G	91	A:91	yes	no	234	116	G	A:115	NA	NA	NA	rfam_only	NA	algorithm_omission	yes	NA	Rfam.seed.gz	15.1	41f014f4ab5628620935f089b1bb77987ebc162fda7c72bff368a32c9cccabac
RF00162__2GIS_A__4KQY_A__a1__reverse__rep3	RF00162__2GIS_A__4KQY_A	reverse	3	RF00162__2GIS_A	92	C	92	A:92	yes	yes	235	117	A	A:116	NA	NA	NA	rfam_only	NA	algorithm_omission	no	NA	Rfam.seed.gz	15.1	41f014f4ab5628620935f089b1bb77987ebc162fda7c72bff368a32c9cccabac
RF00162__2GIS_A__4KQY_A__a1__reverse__rep3	RF00162__2GIS_A__4KQY_A	reverse	3	RF00162__2GIS_A	93	C	93	A:93	yes	yes	237	119	C	A:118	NA	NA	NA	rfam_only	NA	algorithm_omission	no	NA	Rfam.seed.gz	15.1	41f014f4ab5628620935f089b1bb77987ebc162fda7c72bff368a32c9cccabac
RF00162__2GIS_A__4KQY_A__a1__reverse__rep3	RF00162__2GIS_A__4KQY_A	reverse	3	RF00162__2GIS_A	94	A	94	A:94	yes	yes	238	NA	NA	NA	NA	NA	NA	neither	alignment_gap_in_standard_seed	algorithm_omission	no	NA	Rfam.seed.gz	15.1	41f014f4ab5628620935f089b1bb77987ebc162fda7c72bff368a32c9cccabac
RF00174__4GXY_A__6VMY_A__a1__forward__rep1	RF00174__4GXY_A__6VMY_A	forward	1	RF00174__4GXY_A	1	G	1	A:1	yes	yes	12	3	U	A:204	NA	NA	NA	rfam_only	NA	algorithm_omission	no	NA	Rfam.seed.gz	15.1	41f014f4ab5628620935f089b1bb77987ebc162fda7c72bff368a32c9cccabac
RF00174__4GXY_A__6VMY_A__a1__forward__rep1	RF00174__4GXY_A__6VMY_A	forward	1	RF00174__4GXY_A	2	G	2	A:2	yes	no	13	4	C	A:205	NA	NA	NA	rfam_only	NA	algorithm_omission	yes	NA	Rfam.seed.gz	15.1	41f014f4ab5628620935f089b1bb77987ebc162fda7c72bff368a32c9cccabac
RF00174__4GXY_A__6VMY_A__a1__forward__rep1	RF00174__4GXY_A__6VMY_A	forward	1	RF00174__4GXY_A	3	C	3	A:3	yes	no	14	5	A	A:206	NA	NA	NA	rfam_only	NA	algorithm_omission	yes	NA	Rfam.seed.gz	15.1	41f014f4ab5628620935f089b1bb77987ebc162fda7c72bff368a32c9cccabac
RF00174__4GXY_A__6VMY_A__a1__forward__rep1	RF00174__4GXY_A__6VMY_A	forward	1	RF00174__4GXY_A	4	G	4	A:4	yes	no	15	6	A	A:207	NA	NA	NA	rfam_only	NA	algorithm_omission	yes	NA	Rfam.seed.gz	15.1	41f014f4ab5628620935f089b1bb77987ebc162fda7c72bff368a32c9cccabac
RF00174__4GXY_A__6VMY_A__a1__forward__rep1	RF00174__4GXY_A__6VMY_A	forward	1	RF00174__4GXY_A	5	G	5	A:5	yes	no	16	7	A	A:208	NA	NA	NA	rfam_only	NA	algorithm_omission	yes	NA	Rfam.seed.gz	15.1	41f014f4ab5628620935f089b1bb77987ebc162fda7c72bff368a32c9cccabac
RF00174__4GXY_A__6VMY_A__a1__forward__rep1	RF00174__4GXY_A__6VMY_A	forward	1	RF00174__4GXY_A	6	C	6	A:6	yes	no	18	8	U	A:209	NA	NA	NA	rfam_only	NA	algorithm_omission	yes	NA	Rfam.seed.gz	15.1	41f014f4ab5628620935f089b1bb77987ebc162fda7c72bff368a32c9cccabac
RF00174__4GXY_A__6VMY_A__a1__forward__rep1	RF00174__4GXY_A__6VMY_A	forward	1	RF00174__4GXY_A	7	A	7	A:7	yes	no	20	9	A	A:210	NA	NA	NA	rfam_only	NA	algorithm_omission	yes	NA	Rfam.seed.gz	15.1	41f014f4ab5628620935f089b1bb77987ebc162fda7c72bff368a32c9cccabac
RF00174__4GXY_A__6VMY_A__a1__forward__rep1	RF00174__4GXY_A__6VMY_A	forward	1	RF00174__4GXY_A	8	G	8	A:8	yes	no	22	10	G	A:211	NA	NA	NA	rfam_only	NA	algorithm_omission	yes	NA	Rfam.seed.gz	15.1	41f014f4ab5628620935f089b1bb77987ebc162fda7c72bff368a32c9cccabac
RF00174__4GXY_A__6VMY_A__a1__forward__rep1	RF00174__4GXY_A__6VMY_A	forward	1	RF00174__4GXY_A	9	G	9	A:9	yes	no	24	11	G	A:212	NA	NA	NA	rfam_only	NA	algorithm_omission	yes	NA	Rfam.seed.gz	15.1	41f014f4ab5628620935f089b1bb77987ebc162fda7c72bff368a32c9cccabac
RF00174__4GXY_A__6VMY_A__a1__forward__rep1	RF00174__4GXY_A__6VMY_A	forward	1	RF00174__4GXY_A	10	U	10	A:10	yes	no	25	12	U	A:213	NA	NA	NA	rfam_only	NA	algorithm_omission	yes	NA	Rfam.seed.gz	15.1	41f014f4ab5628620935f089b1bb77987ebc162fda7c72bff368a32c9cccabac
RF00174__4GXY_A__6VMY_A__a1__forward__rep1	RF00174__4GXY_A__6VMY_A	forward	1	RF00174__4GXY_A	11	G	11	A:11	yes	no	29	NA	NA	NA	NA	NA	NA	neither	alignment_gap_in_standard_seed	algorithm_omission	no	NA	Rfam.seed.gz	15.1	41f014f4ab5628620935f089b1bb77987ebc162fda7c72bff368a32c9cccabac
RF00174__4GXY_A__6VMY_A__a1__forward__rep1	RF00174__4GXY_A__6VMY_A	forward	1	RF00174__4GXY_A	12	C	12	A:12	yes	no	30	13	G	A:214	NA	NA	NA	rfam_only	NA	algorithm_omission	yes	NA	Rfam.seed.gz	15.1	41f014f4ab5628620935f089b1bb77987ebc162fda7c72bff368a32c9cccabac
RF00174__4GXY_A__6VMY_A__a1__forward__rep1	RF00174__4GXY_A__6VMY_A	forward	1	RF00174__4GXY_A	13	U	13	A:13	yes	no	31	14	C	A:215	NA	NA	NA	rfam_only	NA	algorithm_omission	yes	NA	Rfam.seed.gz	15.1	41f014f4ab5628620935f089b1bb77987ebc162fda7c72bff368a32c9cccabac
RF00174__4GXY_A__6VMY_A__a1__forward__rep1	RF00174__4GXY_A__6VMY_A	forward	1	RF00174__4GXY_A	14	C	14	A:14	yes	no	32	15	C	A:216	NA	NA	NA	rfam_only	NA	algorithm_omission	yes	NA	Rfam.seed.gz	15.1	41f014f4ab5628620935f089b1bb77987ebc162fda7c72bff368a32c9cccabac
RF00174__4GXY_A__6VMY_A__a1__forward__rep1	RF00174__4GXY_A__6VMY_A	forward	1	RF00174__4GXY_A	15	C	15	A:15	yes	no	33	16	G	A:217	NA	NA	NA	rfam_only	NA	algorithm_omission	yes	NA	Rfam.seed.gz	15.1	41f014f4ab5628620935f089b1bb77987ebc162fda7c72bff368a32c9cccabac
RF00174__4GXY_A__6VMY_A__a1__forward__rep1	RF00174__4GXY_A__6VMY_A	forward	1	RF00174__4GXY_A	16	C	16	A:16	yes	no	34	17	G	A:218	NA	NA	NA	rfam_only	NA	algorithm_omission	yes	NA	Rfam.seed.gz	15.1	41f014f4ab5628620935f089b1bb77987ebc162fda7c72bff368a32c9cccabac
RF00174__4GXY_A__6VMY_A__a1__forward__rep1	RF00174__4GXY_A__6VMY_A	forward	1	RF00174__4GXY_A	17	G	17	A:17	yes	no	35	18	U	A:219	NA	NA	NA	rfam_only	NA	algorithm_omission	yes	NA	Rfam.seed.gz	15.1	41f014f4ab5628620935f089b1bb77987ebc162fda7c72bff368a32c9cccabac
RF00174__4GXY_A__6VMY_A__a1__forward__rep1	RF00174__4GXY_A__6VMY_A	forward	1	RF00174__4GXY_A	18	A	18	A:18	yes	no	36	19	C	A:220	NA	NA	NA	rfam_only	NA	algorithm_omission	yes	NA	Rfam.seed.gz	15.1	41f014f4ab5628620935f089b1bb77987ebc162fda7c72bff368a32c9cccabac
RF00174__4GXY_A__6VMY_A__a1__forward__rep1	RF00174__4GXY_A__6VMY_A	forward	1	RF00174__4GXY_A	19	C	19	A:19	yes	no	37	20	C	A:221	NA	NA	NA	rfam_only	NA	algorithm_omission	yes	NA	Rfam.seed.gz	15.1	41f014f4ab5628620935f089b1bb77987ebc162fda7c72bff368a32c9cccabac
RF00174__4GXY_A__6VMY_A__a1__forward__rep1	RF00174__4GXY_A__6VMY_A	forward	1	RF00174__4GXY_A	20	C	20	A:20	no	no	38	21	G	A:222	NA	NA	NA	rfam_only	NA	missing_coordinates_source	no	NA	Rfam.seed.gz	15.1	41f014f4ab5628620935f089b1bb77987ebc162fda7c72bff368a32c9cccabac
RF00174__4GXY_A__6VMY_A__a1__forward__rep1	RF00174__4GXY_A__6VMY_A	forward	1	RF00174__4GXY_A	21	C	21	A:21	no	no	57	24	A	A:225	NA	NA	NA	rfam_only	NA	missing_coordinates_source	no	NA	Rfam.seed.gz	15.1	41f014f4ab5628620935f089b1bb77987ebc162fda7c72bff368a32c9cccabac
RF00174__4GXY_A__6VMY_A__a1__forward__rep1	RF00174__4GXY_A__6VMY_A	forward	1	RF00174__4GXY_A	22	U	22	A:22	no	no	58	25	A	A:226	NA	NA	NA	rfam_only	NA	missing_coordinates_source	no	NA	Rfam.seed.gz	15.1	41f014f4ab5628620935f089b1bb77987ebc162fda7c72bff368a32c9cccabac
RF00174__4GXY_A__6VMY_A__a1__forward__rep1	RF00174__4GXY_A__6VMY_A	forward	1	RF00174__4GXY_A	23	G	23	A:23	no	no	59	26	C	A:227	NA	NA	NA	rfam_only	NA	missing_coordinates_source	no	NA	Rfam.seed.gz	15.1	41f014f4ab5628620935f089b1bb77987ebc162fda7c72bff368a32c9cccabac
RF00174__4GXY_A__6VMY_A__a1__forward__rep1	RF00174__4GXY_A__6VMY_A	forward	1	RF00174__4GXY_A	24	C	24	A:24	no	no	60	27	A	A:228	NA	NA	NA	rfam_only	NA	missing_coordinates_source	no	NA	Rfam.seed.gz	15.1	41f014f4ab5628620935f089b1bb77987ebc162fda7c72bff368a32c9cccabac
RF00174__4GXY_A__6VMY_A__a1__forward__rep1	RF00174__4GXY_A__6VMY_A	forward	1	RF00174__4GXY_A	25	G	25	A:25	no	no	61	28	A	A:229	NA	NA	NA	rfam_only	NA	missing_coordinates_source	no	NA	Rfam.seed.gz	15.1	41f014f4ab5628620935f089b1bb77987ebc162fda7c72bff368a32c9cccabac
RF00174__4GXY_A__6VMY_A__a1__forward__rep1	RF00174__4GXY_A__6VMY_A	forward	1	RF00174__4GXY_A	26	G	26	A:26	yes	no	62	29	C	A:230	NA	NA	NA	rfam_only	NA	algorithm_omission	yes	NA	Rfam.seed.gz	15.1	41f014f4ab5628620935f089b1bb77987ebc162fda7c72bff368a32c9cccabac
RF00174__4GXY_A__6VMY_A__a1__forward__rep1	RF00174__4GXY_A__6VMY_A	forward	1	RF00174__4GXY_A	27	U	27	A:27	yes	no	63	30	A	A:231	NA	NA	NA	rfam_only	NA	algorithm_omission	yes	NA	Rfam.seed.gz	15.1	41f014f4ab5628620935f089b1bb77987ebc162fda7c72bff368a32c9cccabac
RF00174__4GXY_A__6VMY_A__a1__forward__rep1	RF00174__4GXY_A__6VMY_A	forward	1	RF00174__4GXY_A	28	C	28	A:28	yes	no	65	31	G	A:232	NA	NA	NA	rfam_only	NA	algorithm_omission	yes	NA	Rfam.seed.gz	15.1	41f014f4ab5628620935f089b1bb77987ebc162fda7c72bff368a32c9cccabac
RF00174__4GXY_A__6VMY_A__a1__forward__rep1	RF00174__4GXY_A__6VMY_A	forward	1	RF00174__4GXY_A	29	G	29	A:29	yes	no	66	32	C	A:233	NA	NA	NA	rfam_only	NA	algorithm_omission	yes	NA	Rfam.seed.gz	15.1	41f014f4ab5628620935f089b1bb77987ebc162fda7c72bff368a32c9cccabac
RF00174__4GXY_A__6VMY_A__a1__forward__rep1	RF00174__4GXY_A__6VMY_A	forward	1	RF00174__4GXY_A	30	G	30	A:30	yes	no	67	33	C	A:234	NA	NA	NA	rfam_only	NA	algorithm_omission	yes	NA	Rfam.seed.gz	15.1	41f014f4ab5628620935f089b1bb77987ebc162fda7c72bff368a32c9cccabac
RF00174__4GXY_A__6VMY_A__a1__forward__rep1	RF00174__4GXY_A__6VMY_A	forward	1	RF00174__4GXY_A	31	G	31	A:31	yes	no	68	34	G	A:235	NA	NA	NA	rfam_only	NA	algorithm_omission	yes	NA	Rfam.seed.gz	15.1	41f014f4ab5628620935f089b1bb77987ebc162fda7c72bff368a32c9cccabac
RF00174__4GXY_A__6VMY_A__a1__forward__rep1	RF00174__4GXY_A__6VMY_A	forward	1	RF00174__4GXY_A	32	A	32	A:32	yes	no	69	35	G	A:236	NA	NA	NA	rfam_only	NA	algorithm_omission	yes	NA	Rfam.seed.gz	15.1	41f014f4ab5628620935f089b1bb77987ebc162fda7c72bff368a32c9cccabac
RF00174__4GXY_A__6VMY_A__a1__forward__rep1	RF00174__4GXY_A__6VMY_A	forward	1	RF00174__4GXY_A	33	G	33	A:33	yes	no	70	36	C	A:237	NA	NA	NA	rfam_only	NA	algorithm_omission	yes	NA	Rfam.seed.gz	15.1	41f014f4ab5628620935f089b1bb77987ebc162fda7c72bff368a32c9cccabac
RF00174__4GXY_A__6VMY_A__a1__forward__rep1	RF00174__4GXY_A__6VMY_A	forward	1	RF00174__4GXY_A	34	U	34	A:34	yes	no	71	37	U	A:238	NA	NA	NA	rfam_only	NA	algorithm_omission	yes	NA	Rfam.seed.gz	15.1	41f014f4ab5628620935f089b1bb77987ebc162fda7c72bff368a32c9cccabac
RF00174__4GXY_A__6VMY_A__a1__forward__rep1	RF00174__4GXY_A__6VMY_A	forward	1	RF00174__4GXY_A	35	U	35	A:35	yes	no	72	38	U	A:239	NA	NA	NA	rfam_only	NA	algorithm_omission	yes	NA	Rfam.seed.gz	15.1	41f014f4ab5628620935f089b1bb77987ebc162fda7c72bff368a32c9cccabac
RF00174__4GXY_A__6VMY_A__a1__forward__rep1	RF00174__4GXY_A__6VMY_A	forward	1	RF00174__4GXY_A	36	A	36	A:36	yes	no	77	39	A	A:240	NA	NA	NA	rfam_only	NA	algorithm_omission	yes	NA	Rfam.seed.gz	15.1	41f014f4ab5628620935f089b1bb77987ebc162fda7c72bff368a32c9cccabac
RF00174__4GXY_A__6VMY_A__a1__forward__rep1	RF00174__4GXY_A__6VMY_A	forward	1	RF00174__4GXY_A	37	A	37	A:37	yes	no	78	40	A	A:241	NA	NA	NA	rfam_only	NA	algorithm_omission	yes	NA	Rfam.seed.gz	15.1	41f014f4ab5628620935f089b1bb77987ebc162fda7c72bff368a32c9cccabac
RF00174__4GXY_A__6VMY_A__a1__forward__rep1	RF00174__4GXY_A__6VMY_A	forward	1	RF00174__4GXY_A	38	A	38	A:38	yes	no	79	41	A	A:242	NA	NA	NA	rfam_only	NA	algorithm_omission	yes	NA	Rfam.seed.gz	15.1	41f014f4ab5628620935f089b1bb77987ebc162fda7c72bff368a32c9cccabac
RF00174__4GXY_A__6VMY_A__a1__forward__rep1	RF00174__4GXY_A__6VMY_A	forward	1	RF00174__4GXY_A	39	A	39	A:39	yes	no	80	42	A	A:243	NA	NA	NA	rfam_only	NA	algorithm_omission	yes	NA	Rfam.seed.gz	15.1	41f014f4ab5628620935f089b1bb77987ebc162fda7c72bff368a32c9cccabac
RF00174__4GXY_A__6VMY_A__a1__forward__rep1	RF00174__4GXY_A__6VMY_A	forward	1	RF00174__4GXY_A	40	G	40	A:40	yes	no	82	43	G	A:244	NA	NA	NA	rfam_only	NA	algorithm_omission	yes	NA	Rfam.seed.gz	15.1	41f014f4ab5628620935f089b1bb77987ebc162fda7c72bff368a32c9cccabac
RF00174__4GXY_A__6VMY_A__a1__forward__rep1	RF00174__4GXY_A__6VMY_A	forward	1	RF00174__4GXY_A	41	G	41	A:41	yes	no	83	44	G	A:245	NA	NA	NA	rfam_only	NA	algorithm_omission	yes	NA	Rfam.seed.gz	15.1	41f014f4ab5628620935f089b1bb77987ebc162fda7c72bff368a32c9cccabac
RF00174__4GXY_A__6VMY_A__a1__forward__rep1	RF00174__4GXY_A__6VMY_A	forward	1	RF00174__4GXY_A	42	G	42	A:42	yes	no	84	45	G	A:246	NA	NA	NA	rfam_only	NA	algorithm_omission	yes	NA	Rfam.seed.gz	15.1	41f014f4ab5628620935f089b1bb77987ebc162fda7c72bff368a32c9cccabac
RF00174__4GXY_A__6VMY_A__a1__forward__rep1	RF00174__4GXY_A__6VMY_A	forward	1	RF00174__4GXY_A	43	A	43	A:43	yes	no	85	46	A	A:247	NA	NA	NA	rfam_only	NA	algorithm_omission	yes	NA	Rfam.seed.gz	15.1	41f014f4ab5628620935f089b1bb77987ebc162fda7c72bff368a32c9cccabac
RF00174__4GXY_A__6VMY_A__a1__forward__rep1	RF00174__4GXY_A__6VMY_A	forward	1	RF00174__4GXY_A	44	A	44	A:44	yes	no	86	47	A	A:248	NA	NA	NA	rfam_only	NA	algorithm_omission	yes	NA	Rfam.seed.gz	15.1	41f014f4ab5628620935f089b1bb77987ebc162fda7c72bff368a32c9cccabac
RF00174__4GXY_A__6VMY_A__a1__forward__rep1	RF00174__4GXY_A__6VMY_A	forward	1	RF00174__4GXY_A	45	G	45	A:45	yes	no	88	48	A	A:249	NA	NA	NA	rfam_only	NA	algorithm_omission	yes	NA	Rfam.seed.gz	15.1	41f014f4ab5628620935f089b1bb77987ebc162fda7c72bff368a32c9cccabac
RF00174__4GXY_A__6VMY_A__a1__forward__rep1	RF00174__4GXY_A__6VMY_A	forward	1	RF00174__4GXY_A	46	C	46	A:46	yes	no	90	49	C	A:250	NA	NA	NA	rfam_only	NA	algorithm_omission	yes	NA	Rfam.seed.gz	15.1	41f014f4ab5628620935f089b1bb77987ebc162fda7c72bff368a32c9cccabac
RF00174__4GXY_A__6VMY_A__a1__forward__rep1	RF00174__4GXY_A__6VMY_A	forward	1	RF00174__4GXY_A	47	C	47	A:47	yes	no	91	50	C	A:251	NA	NA	NA	rfam_only	NA	algorithm_omission	yes	NA	Rfam.seed.gz	15.1	41f014f4ab5628620935f089b1bb77987ebc162fda7c72bff368a32c9cccabac
RF00174__4GXY_A__6VMY_A__a1__forward__rep1	RF00174__4GXY_A__6VMY_A	forward	1	RF00174__4GXY_A	48	G	48	A:48	yes	no	93	51	G	A:252	NA	NA	NA	rfam_only	NA	algorithm_omission	yes	NA	Rfam.seed.gz	15.1	41f014f4ab5628620935f089b1bb77987ebc162fda7c72bff368a32c9cccabac
RF00174__4GXY_A__6VMY_A__a1__forward__rep1	RF00174__4GXY_A__6VMY_A	forward	1	RF00174__4GXY_A	49	G	49	A:49	yes	no	94	52	G	A:253	NA	NA	NA	rfam_only	NA	algorithm_omission	yes	NA	Rfam.seed.gz	15.1	41f014f4ab5628620935f089b1bb77987ebc162fda7c72bff368a32c9cccabac
RF00174__4GXY_A__6VMY_A__a1__forward__rep1	RF00174__4GXY_A__6VMY_A	forward	1	RF00174__4GXY_A	50	U	50	A:50	yes	no	96	53	U	A:254	NA	NA	NA	rfam_only	NA	algorithm_omission	yes	NA	Rfam.seed.gz	15.1	41f014f4ab5628620935f089b1bb77987ebc162fda7c72bff368a32c9cccabac
RF00174__4GXY_A__6VMY_A__a1__forward__rep1	RF00174__4GXY_A__6VMY_A	forward	1	RF00174__4GXY_A	51	G	51	A:51	yes	no	97	NA	NA	NA	NA	NA	NA	neither	alignment_gap_in_standard_seed	algorithm_omission	no	NA	Rfam.seed.gz	15.1	41f014f4ab5628620935f089b1bb77987ebc162fda7c72bff368a32c9cccabac
RF00174__4GXY_A__6VMY_A__a1__forward__rep1	RF00174__4GXY_A__6VMY_A	forward	1	RF00174__4GXY_A	52	C	52	A:52	yes	no	98	54	A	A:255	NA	NA	NA	rfam_only	NA	algorithm_omission	yes	NA	Rfam.seed.gz	15.1	41f014f4ab5628620935f089b1bb77987ebc162fda7c72bff368a32c9cccabac
RF00174__4GXY_A__6VMY_A__a1__forward__rep1	RF00174__4GXY_A__6VMY_A	forward	1	RF00174__4GXY_A	53	A	53	A:53	yes	no	130	55	A	A:256	NA	NA	NA	rfam_only	NA	algorithm_omission	yes	NA	Rfam.seed.gz	15.1	41f014f4ab5628620935f089b1bb77987ebc162fda7c72bff368a32c9cccabac
RF00174__4GXY_A__6VMY_A__a1__forward__rep1	RF00174__4GXY_A__6VMY_A	forward	1	RF00174__4GXY_A	54	A	54	A:54	yes	no	131	56	A	A:257	NA	NA	NA	rfam_only	NA	algorithm_omission	yes	NA	Rfam.seed.gz	15.1	41f014f4ab5628620935f089b1bb77987ebc162fda7c72bff368a32c9cccabac
RF00174__4GXY_A__6VMY_A__a1__forward__rep1	RF00174__4GXY_A__6VMY_A	forward	1	RF00174__4GXY_A	55	G	55	A:55	yes	no	132	57	A	A:258	NA	NA	NA	rfam_only	NA	algorithm_omission	yes	NA	Rfam.seed.gz	15.1	41f014f4ab5628620935f089b1bb77987ebc162fda7c72bff368a32c9cccabac
RF00174__4GXY_A__6VMY_A__a1__forward__rep1	RF00174__4GXY_A__6VMY_A	forward	1	RF00174__4GXY_A	56	U	56	A:56	yes	no	133	58	G	A:259	NA	NA	NA	rfam_only	NA	algorithm_omission	yes	NA	Rfam.seed.gz	15.1	41f014f4ab5628620935f089b1bb77987ebc162fda7c72bff368a32c9cccabac
RF00174__4GXY_A__6VMY_A__a1__forward__rep1	RF00174__4GXY_A__6VMY_A	forward	1	RF00174__4GXY_A	57	C	57	A:57	yes	no	134	59	C	A:260	NA	NA	NA	rfam_only	NA	algorithm_omission	yes	NA	Rfam.seed.gz	15.1	41f014f4ab5628620935f089b1bb77987ebc162fda7c72bff368a32c9cccabac
RF00174__4GXY_A__6VMY_A__a1__forward__rep1	RF00174__4GXY_A__6VMY_A	forward	1	RF00174__4GXY_A	58	C	58	A:58	yes	no	135	60	C	A:261	NA	NA	NA	rfam_only	NA	algorithm_omission	yes	NA	Rfam.seed.gz	15.1	41f014f4ab5628620935f089b1bb77987ebc162fda7c72bff368a32c9cccabac
RF00174__4GXY_A__6VMY_A__a1__forward__rep1	RF00174__4GXY_A__6VMY_A	forward	1	RF00174__4GXY_A	59	G	59	A:59	yes	no	136	61	G	A:262	NA	NA	NA	rfam_only	NA	algorithm_omission	yes	NA	Rfam.seed.gz	15.1	41f014f4ab5628620935f089b1bb77987ebc162fda7c72bff368a32c9cccabac
RF00174__4GXY_A__6VMY_A__a1__forward__rep1	RF00174__4GXY_A__6VMY_A	forward	1	RF00174__4GXY_A	60	G	60	A:60	yes	no	137	62	G	A:263	NA	NA	NA	rfam_only	NA	algorithm_omission	yes	NA	Rfam.seed.gz	15.1	41f014f4ab5628620935f089b1bb77987ebc162fda7c72bff368a32c9cccabac
RF00174__4GXY_A__6VMY_A__a1__forward__rep1	RF00174__4GXY_A__6VMY_A	forward	1	RF00174__4GXY_A	61	C	61	A:61	yes	no	139	63	U	A:264	NA	NA	NA	rfam_only	NA	algorithm_omission	yes	NA	Rfam.seed.gz	15.1	41f014f4ab5628620935f089b1bb77987ebc162fda7c72bff368a32c9cccabac
RF00174__4GXY_A__6VMY_A__a1__forward__rep1	RF00174__4GXY_A__6VMY_A	forward	1	RF00174__4GXY_A	62	A	62	A:62	yes	no	140	64	G	A:265	NA	NA	NA	rfam_only	NA	algorithm_omission	yes	NA	Rfam.seed.gz	15.1	41f014f4ab5628620935f089b1bb77987ebc162fda7c72bff368a32c9cccabac
RF00174__4GXY_A__6VMY_A__a1__forward__rep1	RF00174__4GXY_A__6VMY_A	forward	1	RF00174__4GXY_A	63	C	63	A:63	yes	no	141	65	C	A:266	NA	NA	NA	rfam_only	NA	algorithm_omission	yes	NA	Rfam.seed.gz	15.1	41f014f4ab5628620935f089b1bb77987ebc162fda7c72bff368a32c9cccabac
RF00174__4GXY_A__6VMY_A__a1__forward__rep1	RF00174__4GXY_A__6VMY_A	forward	1	RF00174__4GXY_A	64	G	64	A:64	yes	no	142	66	G	A:267	NA	NA	NA	rfam_only	NA	algorithm_omission	yes	NA	Rfam.seed.gz	15.1	41f014f4ab5628620935f089b1bb77987ebc162fda7c72bff368a32c9cccabac
RF00174__4GXY_A__6VMY_A__a1__forward__rep1	RF00174__4GXY_A__6VMY_A	forward	1	RF00174__4GXY_A	65	G	65	A:65	yes	no	143	67	G	A:268	NA	NA	NA	rfam_only	NA	algorithm_omission	yes	NA	Rfam.seed.gz	15.1	41f014f4ab5628620935f089b1bb77987ebc162fda7c72bff368a32c9cccabac
RF00174__4GXY_A__6VMY_A__a1__forward__rep1	RF00174__4GXY_A__6VMY_A	forward	1	RF00174__4GXY_A	66	U	66	A:66	yes	no	144	68	U	A:269	NA	NA	NA	rfam_only	NA	algorithm_omission	yes	NA	Rfam.seed.gz	15.1	41f014f4ab5628620935f089b1bb77987ebc162fda7c72bff368a32c9cccabac
RF00174__4GXY_A__6VMY_A__a1__forward__rep1	RF00174__4GXY_A__6VMY_A	forward	1	RF00174__4GXY_A	67	C	67	A:67	yes	no	146	69	C	A:270	NA	NA	NA	rfam_only	NA	algorithm_omission	yes	NA	Rfam.seed.gz	15.1	41f014f4ab5628620935f089b1bb77987ebc162fda7c72bff368a32c9cccabac
RF00174__4GXY_A__6VMY_A__a1__forward__rep1	RF00174__4GXY_A__6VMY_A	forward	1	RF00174__4GXY_A	68	C	68	A:68	yes	no	148	70	C	A:271	NA	NA	NA	rfam_only	NA	algorithm_omission	yes	NA	Rfam.seed.gz	15.1	41f014f4ab5628620935f089b1bb77987ebc162fda7c72bff368a32c9cccabac
RF00174__4GXY_A__6VMY_A__a1__forward__rep1	RF00174__4GXY_A__6VMY_A	forward	1	RF00174__4GXY_A	69	C	69	A:69	yes	no	149	71	C	A:272	NA	NA	NA	rfam_only	NA	algorithm_omission	yes	NA	Rfam.seed.gz	15.1	41f014f4ab5628620935f089b1bb77987ebc162fda7c72bff368a32c9cccabac
RF00174__4GXY_A__6VMY_A__a1__forward__rep1	RF00174__4GXY_A__6VMY_A	forward	1	RF00174__4GXY_A	70	G	70	A:70	yes	no	151	72	G	A:273	NA	NA	NA	rfam_only	NA	algorithm_omission	yes	NA	Rfam.seed.gz	15.1	41f014f4ab5628620935f089b1bb77987ebc162fda7c72bff368a32c9cccabac
RF00174__4GXY_A__6VMY_A__a1__forward__rep1	RF00174__4GXY_A__6VMY_A	forward	1	RF00174__4GXY_A	71	C	71	A:71	yes	no	152	73	C	A:274	NA	NA	NA	rfam_only	NA	algorithm_omission	yes	NA	Rfam.seed.gz	15.1	41f014f4ab5628620935f089b1bb77987ebc162fda7c72bff368a32c9cccabac
RF00174__4GXY_A__6VMY_A__a1__forward__rep1	RF00174__4GXY_A__6VMY_A	forward	1	RF00174__4GXY_A	72	C	72	A:72	yes	no	153	74	C	A:275	NA	NA	NA	rfam_only	NA	algorithm_omission	yes	NA	Rfam.seed.gz	15.1	41f014f4ab5628620935f089b1bb77987ebc162fda7c72bff368a32c9cccabac
RF00174__4GXY_A__6VMY_A__a1__forward__rep1	RF00174__4GXY_A__6VMY_A	forward	1	RF00174__4GXY_A	73	A	73	A:73	yes	no	154	75	A	A:276	NA	NA	NA	rfam_only	NA	algorithm_omission	yes	NA	Rfam.seed.gz	15.1	41f014f4ab5628620935f089b1bb77987ebc162fda7c72bff368a32c9cccabac
RF00174__4GXY_A__6VMY_A__a1__forward__rep1	RF00174__4GXY_A__6VMY_A	forward	1	RF00174__4GXY_A	74	C	74	A:74	yes	no	155	76	C	A:277	NA	NA	NA	rfam_only	NA	algorithm_omission	yes	NA	Rfam.seed.gz	15.1	41f014f4ab5628620935f089b1bb77987ebc162fda7c72bff368a32c9cccabac
RF00174__4GXY_A__6VMY_A__a1__forward__rep1	RF00174__4GXY_A__6VMY_A	forward	1	RF00174__4GXY_A	75	U	75	A:75	yes	no	156	77	U	A:278	NA	NA	NA	rfam_only	NA	algorithm_omission	yes	NA	Rfam.seed.gz	15.1	41f014f4ab5628620935f089b1bb77987ebc162fda7c72bff368a32c9cccabac
RF00174__4GXY_A__6VMY_A__a1__forward__rep1	RF00174__4GXY_A__6VMY_A	forward	1	RF00174__4GXY_A	76	G	76	A:76	yes	no	157	78	G	A:279	NA	NA	NA	rfam_only	NA	algorithm_omission	yes	NA	Rfam.seed.gz	15.1	41f014f4ab5628620935f089b1bb77987ebc162fda7c72bff368a32c9cccabac
RF00174__4GXY_A__6VMY_A__a1__forward__rep1	RF00174__4GXY_A__6VMY_A	forward	1	RF00174__4GXY_A	77	U	77	A:77	yes	no	158	79	U	A:280	49	C	A:250	different_partner	NA	NA	yes	-30	Rfam.seed.gz	15.1	41f014f4ab5628620935f089b1bb77987ebc162fda7c72bff368a32c9cccabac
RF00174__4GXY_A__6VMY_A__a1__forward__rep1	RF00174__4GXY_A__6VMY_A	forward	1	RF00174__4GXY_A	78	G	78	A:78	yes	no	159	80	A	A:281	50	C	A:251	different_partner	NA	NA	yes	-30	Rfam.seed.gz	15.1	41f014f4ab5628620935f089b1bb77987ebc162fda7c72bff368a32c9cccabac
RF00174__4GXY_A__6VMY_A__a1__forward__rep1	RF00174__4GXY_A__6VMY_A	forward	1	RF00174__4GXY_A	79	A	79	A:79	yes	no	160	81	A	A:282	NA	NA	NA	rfam_only	NA	algorithm_omission	yes	NA	Rfam.seed.gz	15.1	41f014f4ab5628620935f089b1bb77987ebc162fda7c72bff368a32c9cccabac
RF00174__4GXY_A__6VMY_A__a1__forward__rep1	RF00174__4GXY_A__6VMY_A	forward	1	RF00174__4GXY_A	80	C	80	A:80	yes	no	163	82	U	A:283	NA	NA	NA	rfam_only	NA	algorithm_omission	yes	NA	Rfam.seed.gz	15.1	41f014f4ab5628620935f089b1bb77987ebc162fda7c72bff368a32c9cccabac
RF00174__4GXY_A__6VMY_A__a1__forward__rep1	RF00174__4GXY_A__6VMY_A	forward	1	RF00174__4GXY_A	81	G	81	A:81	yes	no	164	83	U	A:284	NA	NA	NA	rfam_only	NA	algorithm_omission	yes	NA	Rfam.seed.gz	15.1	41f014f4ab5628620935f089b1bb77987ebc162fda7c72bff368a32c9cccabac
RF00174__4GXY_A__6VMY_A__a1__forward__rep1	RF00174__4GXY_A__6VMY_A	forward	1	RF00174__4GXY_A	82	G	82	A:82	yes	no	165	84	G	A:285	NA	NA	NA	rfam_only	NA	algorithm_omission	yes	NA	Rfam.seed.gz	15.1	41f014f4ab5628620935f089b1bb77987ebc162fda7c72bff368a32c9cccabac
RF00174__4GXY_A__6VMY_A__a1__forward__rep1	RF00174__4GXY_A__6VMY_A	forward	1	RF00174__4GXY_A	83	G	83	A:83	yes	no	166	NA	NA	NA	NA	NA	NA	neither	alignment_gap_in_standard_seed	algorithm_omission	no	NA	Rfam.seed.gz	15.1	41f014f4ab5628620935f089b1bb77987ebc162fda7c72bff368a32c9cccabac
RF00174__4GXY_A__6VMY_A__a1__forward__rep1	RF00174__4GXY_A__6VMY_A	forward	1	RF00174__4GXY_A	84	G	84	A:84	yes	no	174	NA	NA	NA	NA	NA	NA	neither	alignment_gap_in_standard_seed	algorithm_omission	no	NA	Rfam.seed.gz	15.1	41f014f4ab5628620935f089b1bb77987ebc162fda7c72bff368a32c9cccabac
RF00174__4GXY_A__6VMY_A__a1__forward__rep1	RF00174__4GXY_A__6VMY_A	forward	1	RF00174__4GXY_A	85	A	85	A:85	yes	no	175	88	A	A:289	NA	NA	NA	rfam_only	NA	algorithm_omission	yes	NA	Rfam.seed.gz	15.1	41f014f4ab5628620935f089b1bb77987ebc162fda7c72bff368a32c9cccabac
RF00174__4GXY_A__6VMY_A__a1__forward__rep1	RF00174__4GXY_A__6VMY_A	forward	1	RF00174__4GXY_A	86	G	86	A:86	yes	no	176	89	A	A:290	NA	NA	NA	rfam_only	NA	algorithm_omission	yes	NA	Rfam.seed.gz	15.1	41f014f4ab5628620935f089b1bb77987ebc162fda7c72bff368a32c9cccabac
RF00174__4GXY_A__6VMY_A__a1__forward__rep1	RF00174__4GXY_A__6VMY_A	forward	1	RF00174__4GXY_A	87	U	87	A:87	yes	no	177	90	G	A:291	NA	NA	NA	rfam_only	NA	algorithm_omission	yes	NA	Rfam.seed.gz	15.1	41f014f4ab5628620935f089b1bb77987ebc162fda7c72bff368a32c9cccabac
RF00174__4GXY_A__6VMY_A__a1__forward__rep1	RF00174__4GXY_A__6VMY_A	forward	1	RF00174__4GXY_A	88	C	88	A:88	yes	no	178	91	C	A:292	NA	NA	NA	rfam_only	NA	algorithm_omission	yes	NA	Rfam.seed.gz	15.1	41f014f4ab5628620935f089b1bb77987ebc162fda7c72bff368a32c9cccabac
RF00174__4GXY_A__6VMY_A__a1__forward__rep1	RF00174__4GXY_A__6VMY_A	forward	1	RF00174__4GXY_A	89	G	89	A:89	yes	no	179	NA	NA	NA	NA	NA	NA	neither	alignment_gap_in_standard_seed	algorithm_omission	no	NA	Rfam.seed.gz	15.1	41f014f4ab5628620935f089b1bb77987ebc162fda7c72bff368a32c9cccabac
RF00174__4GXY_A__6VMY_A__a1__forward__rep1	RF00174__4GXY_A__6VMY_A	forward	1	RF00174__4GXY_A	90	C	90	A:90	yes	no	181	NA	NA	NA	NA	NA	NA	neither	alignment_gap_in_standard_seed	algorithm_omission	no	NA	Rfam.seed.gz	15.1	41f014f4ab5628620935f089b1bb77987ebc162fda7c72bff368a32c9cccabac
RF00174__4GXY_A__6VMY_A__a1__forward__rep1	RF00174__4GXY_A__6VMY_A	forward	1	RF00174__4GXY_A	91	C	91	A:91	yes	no	182	NA	NA	NA	NA	NA	NA	neither	alignment_gap_in_standard_seed	algorithm_omission	no	NA	Rfam.seed.gz	15.1	41f014f4ab5628620935f089b1bb77987ebc162fda7c72bff368a32c9cccabac
RF00174__4GXY_A__6VMY_A__a1__forward__rep1	RF00174__4GXY_A__6VMY_A	forward	1	RF00174__4GXY_A	92	C	92	A:92	yes	no	183	NA	NA	NA	NA	NA	NA	neither	alignment_gap_in_standard_seed	algorithm_omission	no	NA	Rfam.seed.gz	15.1	41f014f4ab5628620935f089b1bb77987ebc162fda7c72bff368a32c9cccabac
RF00174__4GXY_A__6VMY_A__a1__forward__rep1	RF00174__4GXY_A__6VMY_A	forward	1	RF00174__4GXY_A	93	C	93	A:93	yes	no	184	NA	NA	NA	NA	NA	NA	neither	alignment_gap_in_standard_seed	algorithm_omission	no	NA	Rfam.seed.gz	15.1	41f014f4ab5628620935f089b1bb77987ebc162fda7c72bff368a32c9cccabac
RF00174__4GXY_A__6VMY_A__a1__forward__rep1	RF00174__4GXY_A__6VMY_A	forward	1	RF00174__4GXY_A	94	U	94	A:94	yes	no	185	NA	NA	NA	NA	NA	NA	neither	alignment_gap_in_standard_seed	algorithm_omission	no	NA	Rfam.seed.gz	15.1	41f014f4ab5628620935f089b1bb77987ebc162fda7c72bff368a32c9cccabac
RF00174__4GXY_A__6VMY_A__a1__forward__rep1	RF00174__4GXY_A__6VMY_A	forward	1	RF00174__4GXY_A	95	C	95	A:95	yes	no	186	NA	NA	NA	NA	NA	NA	neither	alignment_gap_in_standard_seed	algorithm_omission	no	NA	Rfam.seed.gz	15.1	41f014f4ab5628620935f089b1bb77987ebc162fda7c72bff368a32c9cccabac
RF00174__4GXY_A__6VMY_A__a1__forward__rep1	RF00174__4GXY_A__6VMY_A	forward	1	RF00174__4GXY_A	96	G	96	A:96	yes	no	187	NA	NA	NA	NA	NA	NA	neither	alignment_gap_in_standard_seed	algorithm_omission	no	NA	Rfam.seed.gz	15.1	41f014f4ab5628620935f089b1bb77987ebc162fda7c72bff368a32c9cccabac
RF00174__4GXY_A__6VMY_A__a1__forward__rep1	RF00174__4GXY_A__6VMY_A	forward	1	RF00174__4GXY_A	97	G	97	A:97	yes	no	188	NA	NA	NA	NA	NA	NA	neither	alignment_gap_in_standard_seed	algorithm_omission	no	NA	Rfam.seed.gz	15.1	41f014f4ab5628620935f089b1bb77987ebc162fda7c72bff368a32c9cccabac
RF00174__4GXY_A__6VMY_A__a1__forward__rep1	RF00174__4GXY_A__6VMY_A	forward	1	RF00174__4GXY_A	98	G	98	A:98	yes	no	189	NA	NA	NA	NA	NA	NA	neither	alignment_gap_in_standard_seed	algorithm_omission	no	NA	Rfam.seed.gz	15.1	41f014f4ab5628620935f089b1bb77987ebc162fda7c72bff368a32c9cccabac
RF00174__4GXY_A__6VMY_A__a1__forward__rep1	RF00174__4GXY_A__6VMY_A	forward	1	RF00174__4GXY_A	99	A	99	A:99	yes	no	190	NA	NA	NA	NA	NA	NA	neither	alignment_gap_in_standard_seed	algorithm_omission	no	NA	Rfam.seed.gz	15.1	41f014f4ab5628620935f089b1bb77987ebc162fda7c72bff368a32c9cccabac
RF00174__4GXY_A__6VMY_A__a1__forward__rep1	RF00174__4GXY_A__6VMY_A	forward	1	RF00174__4GXY_A	100	U	100	A:100	yes	no	191	NA	NA	NA	NA	NA	NA	neither	alignment_gap_in_standard_seed	algorithm_omission	no	NA	Rfam.seed.gz	15.1	41f014f4ab5628620935f089b1bb77987ebc162fda7c72bff368a32c9cccabac
RF00174__4GXY_A__6VMY_A__a1__forward__rep1	RF00174__4GXY_A__6VMY_A	forward	1	RF00174__4GXY_A	101	G	101	A:101	yes	no	192	NA	NA	NA	NA	NA	NA	neither	alignment_gap_in_standard_seed	algorithm_omission	no	NA	Rfam.seed.gz	15.1	41f014f4ab5628620935f089b1bb77987ebc162fda7c72bff368a32c9cccabac
RF00174__4GXY_A__6VMY_A__a1__forward__rep1	RF00174__4GXY_A__6VMY_A	forward	1	RF00174__4GXY_A	102	U	102	A:102	yes	no	220	NA	NA	NA	75	A	A:276	star3d_only	alignment_gap_in_standard_seed	NA	no	NA	Rfam.seed.gz	15.1	41f014f4ab5628620935f089b1bb77987ebc162fda7c72bff368a32c9cccabac
RF00174__4GXY_A__6VMY_A__a1__forward__rep1	RF00174__4GXY_A__6VMY_A	forward	1	RF00174__4GXY_A	103	G	103	A:103	yes	no	221	NA	NA	NA	76	C	A:277	star3d_only	alignment_gap_in_standard_seed	NA	no	NA	Rfam.seed.gz	15.1	41f014f4ab5628620935f089b1bb77987ebc162fda7c72bff368a32c9cccabac
RF00174__4GXY_A__6VMY_A__a1__forward__rep1	RF00174__4GXY_A__6VMY_A	forward	1	RF00174__4GXY_A	104	C	104	A:104	yes	no	222	NA	NA	NA	77	U	A:278	star3d_only	alignment_gap_in_standard_seed	NA	no	NA	Rfam.seed.gz	15.1	41f014f4ab5628620935f089b1bb77987ebc162fda7c72bff368a32c9cccabac
RF00174__4GXY_A__6VMY_A__a1__forward__rep1	RF00174__4GXY_A__6VMY_A	forward	1	RF00174__4GXY_A	105	C	105	A:105	yes	no	223	NA	NA	NA	78	G	A:279	star3d_only	alignment_gap_in_standard_seed	NA	no	NA	Rfam.seed.gz	15.1	41f014f4ab5628620935f089b1bb77987ebc162fda7c72bff368a32c9cccabac
RF00174__4GXY_A__6VMY_A__a1__forward__rep1	RF00174__4GXY_A__6VMY_A	forward	1	RF00174__4GXY_A	106	A	106	A:106	yes	no	224	NA	NA	NA	79	U	A:280	star3d_only	alignment_gap_in_standard_seed	NA	no	NA	Rfam.seed.gz	15.1	41f014f4ab5628620935f089b1bb77987ebc162fda7c72bff368a32c9cccabac
RF00174__4GXY_A__6VMY_A__a1__forward__rep1	RF00174__4GXY_A__6VMY_A	forward	1	RF00174__4GXY_A	107	C	107	A:107	yes	no	225	NA	NA	NA	81	A	A:282	star3d_only	alignment_gap_in_standard_seed	NA	no	NA	Rfam.seed.gz	15.1	41f014f4ab5628620935f089b1bb77987ebc162fda7c72bff368a32c9cccabac
RF00174__4GXY_A__6VMY_A__a1__forward__rep1	RF00174__4GXY_A__6VMY_A	forward	1	RF00174__4GXY_A	108	U	108	A:108	yes	no	226	NA	NA	NA	82	U	A:283	star3d_only	alignment_gap_in_standard_seed	NA	no	NA	Rfam.seed.gz	15.1	41f014f4ab5628620935f089b1bb77987ebc162fda7c72bff368a32c9cccabac
RF00174__4GXY_A__6VMY_A__a1__forward__rep1	RF00174__4GXY_A__6VMY_A	forward	1	RF00174__4GXY_A	109	G	109	A:109	yes	no	227	NA	NA	NA	83	U	A:284	star3d_only	alignment_gap_in_standard_seed	NA	no	NA	Rfam.seed.gz	15.1	41f014f4ab5628620935f089b1bb77987ebc162fda7c72bff368a32c9cccabac
RF00174__4GXY_A__6VMY_A__a1__forward__rep1	RF00174__4GXY_A__6VMY_A	forward	1	RF00174__4GXY_A	110	G	110	A:110	yes	no	228	NA	NA	NA	84	G	A:285	star3d_only	alignment_gap_in_standard_seed	NA	no	NA	Rfam.seed.gz	15.1	41f014f4ab5628620935f089b1bb77987ebc162fda7c72bff368a32c9cccabac
RF00174__4GXY_A__6VMY_A__a1__forward__rep1	RF00174__4GXY_A__6VMY_A	forward	1	RF00174__4GXY_A	111	C	111	A:111	yes	no	229	NA	NA	NA	85	G	A:286	star3d_only	alignment_gap_in_standard_seed	NA	no	NA	Rfam.seed.gz	15.1	41f014f4ab5628620935f089b1bb77987ebc162fda7c72bff368a32c9cccabac
RF00174__4GXY_A__6VMY_A__a1__forward__rep1	RF00174__4GXY_A__6VMY_A	forward	1	RF00174__4GXY_A	112	C	112	A:112	yes	no	230	NA	NA	NA	86	C	A:287	star3d_only	alignment_gap_in_standard_seed	NA	no	NA	Rfam.seed.gz	15.1	41f014f4ab5628620935f089b1bb77987ebc162fda7c72bff368a32c9cccabac
RF00174__4GXY_A__6VMY_A__a1__forward__rep1	RF00174__4GXY_A__6VMY_A	forward	1	RF00174__4GXY_A	113	C	113	A:113	yes	no	232	NA	NA	NA	NA	NA	NA	neither	alignment_gap_in_standard_seed	algorithm_omission	no	NA	Rfam.seed.gz	15.1	41f014f4ab5628620935f089b1bb77987ebc162fda7c72bff368a32c9cccabac
RF00174__4GXY_A__6VMY_A__a1__forward__rep1	RF00174__4GXY_A__6VMY_A	forward	1	RF00174__4GXY_A	114	G	114	A:114	no	no	233	NA	NA	NA	NA	NA	NA	neither	alignment_gap_in_standard_seed	missing_coordinates_source	no	NA	Rfam.seed.gz	15.1	41f014f4ab5628620935f089b1bb77987ebc162fda7c72bff368a32c9cccabac
RF00174__4GXY_A__6VMY_A__a1__forward__rep1	RF00174__4GXY_A__6VMY_A	forward	1	RF00174__4GXY_A	115	A	115	A:115	no	no	234	NA	NA	NA	NA	NA	NA	neither	alignment_gap_in_standard_seed	missing_coordinates_source	no	NA	Rfam.seed.gz	15.1	41f014f4ab5628620935f089b1bb77987ebc162fda7c72bff368a32c9cccabac
RF00174__4GXY_A__6VMY_A__a1__forward__rep1	RF00174__4GXY_A__6VMY_A	forward	1	RF00174__4GXY_A	116	A	116	A:116	no	no	235	NA	NA	NA	NA	NA	NA	neither	alignment_gap_in_standard_seed	missing_coordinates_source	no	NA	Rfam.seed.gz	15.1	41f014f4ab5628620935f089b1bb77987ebc162fda7c72bff368a32c9cccabac
RF00174__4GXY_A__6VMY_A__a1__forward__rep1	RF00174__4GXY_A__6VMY_A	forward	1	RF00174__4GXY_A	117	G	117	A:117	yes	no	295	NA	NA	NA	92	G	A:293	star3d_only	alignment_gap_in_standard_seed	NA	no	NA	Rfam.seed.gz	15.1	41f014f4ab5628620935f089b1bb77987ebc162fda7c72bff368a32c9cccabac
RF00174__4GXY_A__6VMY_A__a1__forward__rep1	RF00174__4GXY_A__6VMY_A	forward	1	RF00174__4GXY_A	118	G	118	A:118	yes	no	296	NA	NA	NA	93	C	A:294	star3d_only	alignment_gap_in_standard_seed	NA	no	NA	Rfam.seed.gz	15.1	41f014f4ab5628620935f089b1bb77987ebc162fda7c72bff368a32c9cccabac
RF00174__4GXY_A__6VMY_A__a1__forward__rep1	RF00174__4GXY_A__6VMY_A	forward	1	RF00174__4GXY_A	119	C	119	A:119	yes	no	297	NA	NA	NA	94	C	A:295	star3d_only	alignment_gap_in_standard_seed	NA	no	NA	Rfam.seed.gz	15.1	41f014f4ab5628620935f089b1bb77987ebc162fda7c72bff368a32c9cccabac
RF00174__4GXY_A__6VMY_A__a1__forward__rep1	RF00174__4GXY_A__6VMY_A	forward	1	RF00174__4GXY_A	120	C	120	A:120	yes	no	298	NA	NA	NA	95	A	A:296	star3d_only	alignment_gap_in_standard_seed	NA	no	NA	Rfam.seed.gz	15.1	41f014f4ab5628620935f089b1bb77987ebc162fda7c72bff368a32c9cccabac
RF00174__4GXY_A__6VMY_A__a1__forward__rep1	RF00174__4GXY_A__6VMY_A	forward	1	RF00174__4GXY_A	121	G	121	A:121	yes	no	299	NA	NA	NA	96	A	A:297	star3d_only	alignment_gap_in_standard_seed	NA	no	NA	Rfam.seed.gz	15.1	41f014f4ab5628620935f089b1bb77987ebc162fda7c72bff368a32c9cccabac
RF00174__4GXY_A__6VMY_A__a1__forward__rep1	RF00174__4GXY_A__6VMY_A	forward	1	RF00174__4GXY_A	122	G	122	A:122	yes	no	300	NA	NA	NA	97	G	A:298	star3d_only	alignment_gap_in_standard_seed	NA	no	NA	Rfam.seed.gz	15.1	41f014f4ab5628620935f089b1bb77987ebc162fda7c72bff368a32c9cccabac
RF00174__4GXY_A__6VMY_A__a1__forward__rep1	RF00174__4GXY_A__6VMY_A	forward	1	RF00174__4GXY_A	123	G	123	A:123	yes	no	301	NA	NA	NA	98	A	A:299	star3d_only	alignment_gap_in_standard_seed	NA	no	NA	Rfam.seed.gz	15.1	41f014f4ab5628620935f089b1bb77987ebc162fda7c72bff368a32c9cccabac
RF00174__4GXY_A__6VMY_A__a1__forward__rep1	RF00174__4GXY_A__6VMY_A	forward	1	RF00174__4GXY_A	124	A	124	A:124	yes	no	302	NA	NA	NA	99	G	A:300	star3d_only	alignment_gap_in_standard_seed	NA	no	NA	Rfam.seed.gz	15.1	41f014f4ab5628620935f089b1bb77987ebc162fda7c72bff368a32c9cccabac
RF00174__4GXY_A__6VMY_A__a1__forward__rep1	RF00174__4GXY_A__6VMY_A	forward	1	RF00174__4GXY_A	125	A	125	A:125	yes	no	303	NA	NA	NA	100	C	A:301	star3d_only	alignment_gap_in_standard_seed	NA	no	NA	Rfam.seed.gz	15.1	41f014f4ab5628620935f089b1bb77987ebc162fda7c72bff368a32c9cccabac
RF00174__4GXY_A__6VMY_A__a1__forward__rep1	RF00174__4GXY_A__6VMY_A	forward	1	RF00174__4GXY_A	126	G	126	A:126	yes	no	304	NA	NA	NA	101	C	A:302	star3d_only	alignment_gap_in_standard_seed	NA	no	NA	Rfam.seed.gz	15.1	41f014f4ab5628620935f089b1bb77987ebc162fda7c72bff368a32c9cccabac
RF00174__4GXY_A__6VMY_A__a1__forward__rep1	RF00174__4GXY_A__6VMY_A	forward	1	RF00174__4GXY_A	127	G	127	A:127	yes	no	305	NA	NA	NA	102	A	A:303	star3d_only	alignment_gap_in_standard_seed	NA	no	NA	Rfam.seed.gz	15.1	41f014f4ab5628620935f089b1bb77987ebc162fda7c72bff368a32c9cccabac
RF00174__4GXY_A__6VMY_A__a1__forward__rep1	RF00174__4GXY_A__6VMY_A	forward	1	RF00174__4GXY_A	128	C	128	A:128	yes	no	306	NA	NA	NA	103	G	A:304	star3d_only	alignment_gap_in_standard_seed	NA	no	NA	Rfam.seed.gz	15.1	41f014f4ab5628620935f089b1bb77987ebc162fda7c72bff368a32c9cccabac
RF00174__4GXY_A__6VMY_A__a1__forward__rep1	RF00174__4GXY_A__6VMY_A	forward	1	RF00174__4GXY_A	129	G	129	A:129	yes	no	309	NA	NA	NA	104	G	A:305	star3d_only	alignment_gap_in_standard_seed	NA	no	NA	Rfam.seed.gz	15.1	41f014f4ab5628620935f089b1bb77987ebc162fda7c72bff368a32c9cccabac
RF00174__4GXY_A__6VMY_A__a1__forward__rep1	RF00174__4GXY_A__6VMY_A	forward	1	RF00174__4GXY_A	130	G	130	A:130	yes	no	310	NA	NA	NA	NA	NA	NA	neither	alignment_gap_in_standard_seed	algorithm_omission	no	NA	Rfam.seed.gz	15.1	41f014f4ab5628620935f089b1bb77987ebc162fda7c72bff368a32c9cccabac
RF00174__4GXY_A__6VMY_A__a1__forward__rep1	RF00174__4GXY_A__6VMY_A	forward	1	RF00174__4GXY_A	131	A	131	A:131	yes	no	311	NA	NA	NA	NA	NA	NA	neither	alignment_gap_in_standard_seed	algorithm_omission	no	NA	Rfam.seed.gz	15.1	41f014f4ab5628620935f089b1bb77987ebc162fda7c72bff368a32c9cccabac
RF00174__4GXY_A__6VMY_A__a1__forward__rep1	RF00174__4GXY_A__6VMY_A	forward	1	RF00174__4GXY_A	132	G	132	A:132	yes	no	313	NA	NA	NA	NA	NA	NA	neither	alignment_gap_in_standard_seed	algorithm_omission	no	NA	Rfam.seed.gz	15.1	41f014f4ab5628620935f089b1bb77987ebc162fda7c72bff368a32c9cccabac
RF00174__4GXY_A__6VMY_A__a1__forward__rep1	RF00174__4GXY_A__6VMY_A	forward	1	RF00174__4GXY_A	133	G	133	A:133	yes	no	316	NA	NA	NA	NA	NA	NA	neither	alignment_gap_in_standard_seed	algorithm_omission	no	NA	Rfam.seed.gz	15.1	41f014f4ab5628620935f089b1bb77987ebc162fda7c72bff368a32c9cccabac
RF00174__4GXY_A__6VMY_A__a1__forward__rep1	RF00174__4GXY_A__6VMY_A	forward	1	RF00174__4GXY_A	134	G	134	A:134	yes	no	320	NA	NA	NA	NA	NA	NA	neither	alignment_gap_in_standard_seed	algorithm_omission	no	NA	Rfam.seed.gz	15.1	41f014f4ab5628620935f089b1bb77987ebc162fda7c72bff368a32c9cccabac
RF00174__4GXY_A__6VMY_A__a1__forward__rep1	RF00174__4GXY_A__6VMY_A	forward	1	RF00174__4GXY_A	135	G	135	A:135	yes	no	321	NA	NA	NA	NA	NA	NA	neither	alignment_gap_in_standard_seed	algorithm_omission	no	NA	Rfam.seed.gz	15.1	41f014f4ab5628620935f089b1bb77987ebc162fda7c72bff368a32c9cccabac
RF00174__4GXY_A__6VMY_A__a1__forward__rep1	RF00174__4GXY_A__6VMY_A	forward	1	RF00174__4GXY_A	136	C	136	A:136	yes	no	323	NA	NA	NA	NA	NA	NA	neither	alignment_gap_in_standard_seed	algorithm_omission	no	NA	Rfam.seed.gz	15.1	41f014f4ab5628620935f089b1bb77987ebc162fda7c72bff368a32c9cccabac
RF00174__4GXY_A__6VMY_A__a1__forward__rep1	RF00174__4GXY_A__6VMY_A	forward	1	RF00174__4GXY_A	137	G	137	A:137	yes	no	324	NA	NA	NA	NA	NA	NA	neither	alignment_gap_in_standard_seed	algorithm_omission	no	NA	Rfam.seed.gz	15.1	41f014f4ab5628620935f089b1bb77987ebc162fda7c72bff368a32c9cccabac
RF00174__4GXY_A__6VMY_A__a1__forward__rep1	RF00174__4GXY_A__6VMY_A	forward	1	RF00174__4GXY_A	138	G	138	A:138	yes	no	325	NA	NA	NA	NA	NA	NA	neither	alignment_gap_in_standard_seed	algorithm_omission	no	NA	Rfam.seed.gz	15.1	41f014f4ab5628620935f089b1bb77987ebc162fda7c72bff368a32c9cccabac
RF00174__4GXY_A__6VMY_A__a1__forward__rep1	RF00174__4GXY_A__6VMY_A	forward	1	RF00174__4GXY_A	139	C	139	A:139	yes	no	326	NA	NA	NA	NA	NA	NA	neither	alignment_gap_in_standard_seed	algorithm_omission	no	NA	Rfam.seed.gz	15.1	41f014f4ab5628620935f089b1bb77987ebc162fda7c72bff368a32c9cccabac
RF00174__4GXY_A__6VMY_A__a1__forward__rep1	RF00174__4GXY_A__6VMY_A	forward	1	RF00174__4GXY_A	140	G	140	A:140	yes	no	327	NA	NA	NA	NA	NA	NA	neither	alignment_gap_in_standard_seed	algorithm_omission	no	NA	Rfam.seed.gz	15.1	41f014f4ab5628620935f089b1bb77987ebc162fda7c72bff368a32c9cccabac
RF00174__4GXY_A__6VMY_A__a1__forward__rep1	RF00174__4GXY_A__6VMY_A	forward	1	RF00174__4GXY_A	141	A	141	A:141	yes	no	328	NA	NA	NA	NA	NA	NA	neither	alignment_gap_in_standard_seed	algorithm_omission	no	NA	Rfam.seed.gz	15.1	41f014f4ab5628620935f089b1bb77987ebc162fda7c72bff368a32c9cccabac
RF00174__4GXY_A__6VMY_A__a1__forward__rep1	RF00174__4GXY_A__6VMY_A	forward	1	RF00174__4GXY_A	142	G	142	A:142	yes	no	329	NA	NA	NA	NA	NA	NA	neither	alignment_gap_in_standard_seed	algorithm_omission	no	NA	Rfam.seed.gz	15.1	41f014f4ab5628620935f089b1bb77987ebc162fda7c72bff368a32c9cccabac
RF00174__4GXY_A__6VMY_A__a1__forward__rep1	RF00174__4GXY_A__6VMY_A	forward	1	RF00174__4GXY_A	143	G	143	A:143	yes	no	330	NA	NA	NA	NA	NA	NA	neither	alignment_gap_in_standard_seed	algorithm_omission	no	NA	Rfam.seed.gz	15.1	41f014f4ab5628620935f089b1bb77987ebc162fda7c72bff368a32c9cccabac
RF00174__4GXY_A__6VMY_A__a1__forward__rep1	RF00174__4GXY_A__6VMY_A	forward	1	RF00174__4GXY_A	144	A	144	A:144	yes	no	331	NA	NA	NA	NA	NA	NA	neither	alignment_gap_in_standard_seed	algorithm_omission	no	NA	Rfam.seed.gz	15.1	41f014f4ab5628620935f089b1bb77987ebc162fda7c72bff368a32c9cccabac
RF00174__4GXY_A__6VMY_A__a1__forward__rep1	RF00174__4GXY_A__6VMY_A	forward	1	RF00174__4GXY_A	145	U	145	A:145	yes	no	398	92	G	A:293	NA	NA	NA	rfam_only	NA	algorithm_omission	yes	NA	Rfam.seed.gz	15.1	41f014f4ab5628620935f089b1bb77987ebc162fda7c72bff368a32c9cccabac
RF00174__4GXY_A__6VMY_A__a1__forward__rep1	RF00174__4GXY_A__6VMY_A	forward	1	RF00174__4GXY_A	146	C	146	A:146	yes	no	399	93	C	A:294	NA	NA	NA	rfam_only	NA	algorithm_omission	yes	NA	Rfam.seed.gz	15.1	41f014f4ab5628620935f089b1bb77987ebc162fda7c72bff368a32c9cccabac
RF00174__4GXY_A__6VMY_A__a1__forward__rep1	RF00174__4GXY_A__6VMY_A	forward	1	RF00174__4GXY_A	147	C	147	A:147	yes	no	400	94	C	A:295	NA	NA	NA	rfam_only	NA	algorithm_omission	yes	NA	Rfam.seed.gz	15.1	41f014f4ab5628620935f089b1bb77987ebc162fda7c72bff368a32c9cccabac
RF00174__4GXY_A__6VMY_A__a1__forward__rep1	RF00174__4GXY_A__6VMY_A	forward	1	RF00174__4GXY_A	148	G	148	A:148	yes	no	401	95	A	A:296	NA	NA	NA	rfam_only	NA	algorithm_omission	yes	NA	Rfam.seed.gz	15.1	41f014f4ab5628620935f089b1bb77987ebc162fda7c72bff368a32c9cccabac
RF00174__4GXY_A__6VMY_A__a1__forward__rep1	RF00174__4GXY_A__6VMY_A	forward	1	RF00174__4GXY_A	149	G	149	A:149	yes	no	403	97	G	A:298	NA	NA	NA	rfam_only	NA	algorithm_omission	yes	NA	Rfam.seed.gz	15.1	41f014f4ab5628620935f089b1bb77987ebc162fda7c72bff368a32c9cccabac
RF00174__4GXY_A__6VMY_A__a1__forward__rep1	RF00174__4GXY_A__6VMY_A	forward	1	RF00174__4GXY_A	150	A	150	A:150	yes	no	404	98	A	A:299	NA	NA	NA	rfam_only	NA	algorithm_omission	yes	NA	Rfam.seed.gz	15.1	41f014f4ab5628620935f089b1bb77987ebc162fda7c72bff368a32c9cccabac
RF00174__4GXY_A__6VMY_A__a1__forward__rep1	RF00174__4GXY_A__6VMY_A	forward	1	RF00174__4GXY_A	151	G	151	A:151	yes	no	405	99	G	A:300	NA	NA	NA	rfam_only	NA	algorithm_omission	yes	NA	Rfam.seed.gz	15.1	41f014f4ab5628620935f089b1bb77987ebc162fda7c72bff368a32c9cccabac
RF00174__4GXY_A__6VMY_A__a1__forward__rep1	RF00174__4GXY_A__6VMY_A	forward	1	RF00174__4GXY_A	152	U	152	A:152	yes	no	406	100	C	A:301	NA	NA	NA	rfam_only	NA	algorithm_omission	yes	NA	Rfam.seed.gz	15.1	41f014f4ab5628620935f089b1bb77987ebc162fda7c72bff368a32c9cccabac
RF00174__4GXY_A__6VMY_A__a1__forward__rep1	RF00174__4GXY_A__6VMY_A	forward	1	RF00174__4GXY_A	153	C	153	A:153	yes	no	407	101	C	A:302	NA	NA	NA	rfam_only	NA	algorithm_omission	yes	NA	Rfam.seed.gz	15.1	41f014f4ab5628620935f089b1bb77987ebc162fda7c72bff368a32c9cccabac
RF00174__4GXY_A__6VMY_A__a1__forward__rep1	RF00174__4GXY_A__6VMY_A	forward	1	RF00174__4GXY_A	154	A	154	A:154	yes	no	408	102	A	A:303	NA	NA	NA	rfam_only	NA	algorithm_omission	yes	NA	Rfam.seed.gz	15.1	41f014f4ab5628620935f089b1bb77987ebc162fda7c72bff368a32c9cccabac
RF00174__4GXY_A__6VMY_A__a1__forward__rep1	RF00174__4GXY_A__6VMY_A	forward	1	RF00174__4GXY_A	155	G	155	A:155	yes	no	409	103	G	A:304	NA	NA	NA	rfam_only	NA	algorithm_omission	yes	NA	Rfam.seed.gz	15.1	41f014f4ab5628620935f089b1bb77987ebc162fda7c72bff368a32c9cccabac
RF00174__4GXY_A__6VMY_A__a1__forward__rep1	RF00174__4GXY_A__6VMY_A	forward	1	RF00174__4GXY_A	156	G	156	A:156	yes	no	410	104	G	A:305	NA	NA	NA	rfam_only	NA	algorithm_omission	yes	NA	Rfam.seed.gz	15.1	41f014f4ab5628620935f089b1bb77987ebc162fda7c72bff368a32c9cccabac
RF00174__4GXY_A__6VMY_A__a1__forward__rep1	RF00174__4GXY_A__6VMY_A	forward	1	RF00174__4GXY_A	157	A	157	A:157	yes	no	411	105	A	A:306	NA	NA	NA	rfam_only	NA	algorithm_omission	yes	NA	Rfam.seed.gz	15.1	41f014f4ab5628620935f089b1bb77987ebc162fda7c72bff368a32c9cccabac
RF00174__4GXY_A__6VMY_A__a1__forward__rep1	RF00174__4GXY_A__6VMY_A	forward	1	RF00174__4GXY_A	158	A	158	A:158	yes	no	412	106	U	A:307	NA	NA	NA	rfam_only	NA	algorithm_omission	yes	NA	Rfam.seed.gz	15.1	41f014f4ab5628620935f089b1bb77987ebc162fda7c72bff368a32c9cccabac
RF00174__4GXY_A__6VMY_A__a1__forward__rep1	RF00174__4GXY_A__6VMY_A	forward	1	RF00174__4GXY_A	159	A	159	A:159	yes	no	413	107	A	A:308	NA	NA	NA	rfam_only	NA	algorithm_omission	yes	NA	Rfam.seed.gz	15.1	41f014f4ab5628620935f089b1bb77987ebc162fda7c72bff368a32c9cccabac
RF00174__4GXY_A__6VMY_A__a1__forward__rep1	RF00174__4GXY_A__6VMY_A	forward	1	RF00174__4GXY_A	160	C	160	A:160	yes	no	414	108	C	A:309	NA	NA	NA	rfam_only	NA	algorithm_omission	yes	NA	Rfam.seed.gz	15.1	41f014f4ab5628620935f089b1bb77987ebc162fda7c72bff368a32c9cccabac
RF00174__4GXY_A__6VMY_A__a1__forward__rep1	RF00174__4GXY_A__6VMY_A	forward	1	RF00174__4GXY_A	161	C	161	A:161	yes	no	415	109	C	A:310	NA	NA	NA	rfam_only	NA	algorithm_omission	yes	NA	Rfam.seed.gz	15.1	41f014f4ab5628620935f089b1bb77987ebc162fda7c72bff368a32c9cccabac
RF00174__4GXY_A__6VMY_A__a1__forward__rep1	RF00174__4GXY_A__6VMY_A	forward	1	RF00174__4GXY_A	162	U	162	A:162	yes	no	416	110	U	A:311	NA	NA	NA	rfam_only	NA	algorithm_omission	yes	NA	Rfam.seed.gz	15.1	41f014f4ab5628620935f089b1bb77987ebc162fda7c72bff368a32c9cccabac
RF00174__4GXY_A__6VMY_A__a1__forward__rep1	RF00174__4GXY_A__6VMY_A	forward	1	RF00174__4GXY_A	163	G	163	A:163	yes	no	417	111	G	A:312	NA	NA	NA	rfam_only	NA	algorithm_omission	yes	NA	Rfam.seed.gz	15.1	41f014f4ab5628620935f089b1bb77987ebc162fda7c72bff368a32c9cccabac
RF00174__4GXY_A__6VMY_A__a1__forward__rep1	RF00174__4GXY_A__6VMY_A	forward	1	RF00174__4GXY_A	164	C	164	A:164	yes	no	418	112	C	A:313	NA	NA	NA	rfam_only	NA	algorithm_omission	yes	NA	Rfam.seed.gz	15.1	41f014f4ab5628620935f089b1bb77987ebc162fda7c72bff368a32c9cccabac
RF00174__4GXY_A__6VMY_A__a1__forward__rep1	RF00174__4GXY_A__6VMY_A	forward	1	RF00174__4GXY_A	165	C	165	A:165	yes	no	419	113	C	A:314	NA	NA	NA	rfam_only	NA	algorithm_omission	yes	NA	Rfam.seed.gz	15.1	41f014f4ab5628620935f089b1bb77987ebc162fda7c72bff368a32c9cccabac
RF00174__4GXY_A__6VMY_A__a1__forward__rep1	RF00174__4GXY_A__6VMY_A	forward	1	RF00174__4GXY_A	166	U	166	A:166	yes	no	420	114	U	A:315	NA	NA	NA	rfam_only	NA	algorithm_omission	yes	NA	Rfam.seed.gz	15.1	41f014f4ab5628620935f089b1bb77987ebc162fda7c72bff368a32c9cccabac
RF00174__4GXY_A__6VMY_A__a1__forward__rep1	RF00174__4GXY_A__6VMY_A	forward	1	RF00174__4GXY_A	167	G	167	A:167	yes	no	422	116	U	A:317	NA	NA	NA	rfam_only	NA	algorithm_omission	yes	NA	Rfam.seed.gz	15.1	41f014f4ab5628620935f089b1bb77987ebc162fda7c72bff368a32c9cccabac
RF00174__4GXY_A__6VMY_A__a1__forward__rep1	RF00174__4GXY_A__6VMY_A	forward	1	RF00174__4GXY_A	168	C	168	A:168	yes	no	423	117	U	A:318	NA	NA	NA	rfam_only	NA	algorithm_omission	yes	NA	Rfam.seed.gz	15.1	41f014f4ab5628620935f089b1bb77987ebc162fda7c72bff368a32c9cccabac
RF00174__4GXY_A__6VMY_A__a1__forward__rep1	RF00174__4GXY_A__6VMY_A	forward	1	RF00174__4GXY_A	169	C	169	A:169	yes	no	424	118	U	A:319	NA	NA	NA	rfam_only	NA	algorithm_omission	yes	NA	Rfam.seed.gz	15.1	41f014f4ab5628620935f089b1bb77987ebc162fda7c72bff368a32c9cccabac
RF00174__4GXY_A__6VMY_A__a1__forward__rep1	RF00174__4GXY_A__6VMY_A	forward	1	RF00174__4GXY_A	170	G	170	A:170	yes	no	426	120	A	A:321	NA	NA	NA	rfam_only	NA	algorithm_omission	yes	NA	Rfam.seed.gz	15.1	41f014f4ab5628620935f089b1bb77987ebc162fda7c72bff368a32c9cccabac
RF00174__4GXY_A__6VMY_A__a1__forward__rep1	RF00174__4GXY_A__6VMY_A	forward	1	RF00174__4GXY_A	171	U	171	A:171	yes	yes	427	121	U	A:322	NA	NA	NA	rfam_only	NA	algorithm_omission	no	NA	Rfam.seed.gz	15.1	41f014f4ab5628620935f089b1bb77987ebc162fda7c72bff368a32c9cccabac
RF00174__4GXY_A__6VMY_A__a1__forward__rep1	RF00174__4GXY_A__6VMY_A	forward	1	RF00174__4GXY_A	172	C	172	A:172	yes	yes	428	122	C	A:323	NA	NA	NA	rfam_only	NA	algorithm_omission	no	NA	Rfam.seed.gz	15.1	41f014f4ab5628620935f089b1bb77987ebc162fda7c72bff368a32c9cccabac
RF00174__4GXY_A__6VMY_A__a1__forward__rep2	RF00174__4GXY_A__6VMY_A	forward	2	RF00174__4GXY_A	1	G	1	A:1	yes	yes	12	3	U	A:204	NA	NA	NA	rfam_only	NA	algorithm_omission	no	NA	Rfam.seed.gz	15.1	41f014f4ab5628620935f089b1bb77987ebc162fda7c72bff368a32c9cccabac
RF00174__4GXY_A__6VMY_A__a1__forward__rep2	RF00174__4GXY_A__6VMY_A	forward	2	RF00174__4GXY_A	2	G	2	A:2	yes	no	13	4	C	A:205	NA	NA	NA	rfam_only	NA	algorithm_omission	yes	NA	Rfam.seed.gz	15.1	41f014f4ab5628620935f089b1bb77987ebc162fda7c72bff368a32c9cccabac
RF00174__4GXY_A__6VMY_A__a1__forward__rep2	RF00174__4GXY_A__6VMY_A	forward	2	RF00174__4GXY_A	3	C	3	A:3	yes	no	14	5	A	A:206	NA	NA	NA	rfam_only	NA	algorithm_omission	yes	NA	Rfam.seed.gz	15.1	41f014f4ab5628620935f089b1bb77987ebc162fda7c72bff368a32c9cccabac
RF00174__4GXY_A__6VMY_A__a1__forward__rep2	RF00174__4GXY_A__6VMY_A	forward	2	RF00174__4GXY_A	4	G	4	A:4	yes	no	15	6	A	A:207	NA	NA	NA	rfam_only	NA	algorithm_omission	yes	NA	Rfam.seed.gz	15.1	41f014f4ab5628620935f089b1bb77987ebc162fda7c72bff368a32c9cccabac
RF00174__4GXY_A__6VMY_A__a1__forward__rep2	RF00174__4GXY_A__6VMY_A	forward	2	RF00174__4GXY_A	5	G	5	A:5	yes	no	16	7	A	A:208	NA	NA	NA	rfam_only	NA	algorithm_omission	yes	NA	Rfam.seed.gz	15.1	41f014f4ab5628620935f089b1bb77987ebc162fda7c72bff368a32c9cccabac
RF00174__4GXY_A__6VMY_A__a1__forward__rep2	RF00174__4GXY_A__6VMY_A	forward	2	RF00174__4GXY_A	6	C	6	A:6	yes	no	18	8	U	A:209	NA	NA	NA	rfam_only	NA	algorithm_omission	yes	NA	Rfam.seed.gz	15.1	41f014f4ab5628620935f089b1bb77987ebc162fda7c72bff368a32c9cccabac
RF00174__4GXY_A__6VMY_A__a1__forward__rep2	RF00174__4GXY_A__6VMY_A	forward	2	RF00174__4GXY_A	7	A	7	A:7	yes	no	20	9	A	A:210	NA	NA	NA	rfam_only	NA	algorithm_omission	yes	NA	Rfam.seed.gz	15.1	41f014f4ab5628620935f089b1bb77987ebc162fda7c72bff368a32c9cccabac
RF00174__4GXY_A__6VMY_A__a1__forward__rep2	RF00174__4GXY_A__6VMY_A	forward	2	RF00174__4GXY_A	8	G	8	A:8	yes	no	22	10	G	A:211	NA	NA	NA	rfam_only	NA	algorithm_omission	yes	NA	Rfam.seed.gz	15.1	41f014f4ab5628620935f089b1bb77987ebc162fda7c72bff368a32c9cccabac
RF00174__4GXY_A__6VMY_A__a1__forward__rep2	RF00174__4GXY_A__6VMY_A	forward	2	RF00174__4GXY_A	9	G	9	A:9	yes	no	24	11	G	A:212	NA	NA	NA	rfam_only	NA	algorithm_omission	yes	NA	Rfam.seed.gz	15.1	41f014f4ab5628620935f089b1bb77987ebc162fda7c72bff368a32c9cccabac
RF00174__4GXY_A__6VMY_A__a1__forward__rep2	RF00174__4GXY_A__6VMY_A	forward	2	RF00174__4GXY_A	10	U	10	A:10	yes	no	25	12	U	A:213	NA	NA	NA	rfam_only	NA	algorithm_omission	yes	NA	Rfam.seed.gz	15.1	41f014f4ab5628620935f089b1bb77987ebc162fda7c72bff368a32c9cccabac
RF00174__4GXY_A__6VMY_A__a1__forward__rep2	RF00174__4GXY_A__6VMY_A	forward	2	RF00174__4GXY_A	11	G	11	A:11	yes	no	29	NA	NA	NA	NA	NA	NA	neither	alignment_gap_in_standard_seed	algorithm_omission	no	NA	Rfam.seed.gz	15.1	41f014f4ab5628620935f089b1bb77987ebc162fda7c72bff368a32c9cccabac
RF00174__4GXY_A__6VMY_A__a1__forward__rep2	RF00174__4GXY_A__6VMY_A	forward	2	RF00174__4GXY_A	12	C	12	A:12	yes	no	30	13	G	A:214	NA	NA	NA	rfam_only	NA	algorithm_omission	yes	NA	Rfam.seed.gz	15.1	41f014f4ab5628620935f089b1bb77987ebc162fda7c72bff368a32c9cccabac
RF00174__4GXY_A__6VMY_A__a1__forward__rep2	RF00174__4GXY_A__6VMY_A	forward	2	RF00174__4GXY_A	13	U	13	A:13	yes	no	31	14	C	A:215	NA	NA	NA	rfam_only	NA	algorithm_omission	yes	NA	Rfam.seed.gz	15.1	41f014f4ab5628620935f089b1bb77987ebc162fda7c72bff368a32c9cccabac
RF00174__4GXY_A__6VMY_A__a1__forward__rep2	RF00174__4GXY_A__6VMY_A	forward	2	RF00174__4GXY_A	14	C	14	A:14	yes	no	32	15	C	A:216	NA	NA	NA	rfam_only	NA	algorithm_omission	yes	NA	Rfam.seed.gz	15.1	41f014f4ab5628620935f089b1bb77987ebc162fda7c72bff368a32c9cccabac
RF00174__4GXY_A__6VMY_A__a1__forward__rep2	RF00174__4GXY_A__6VMY_A	forward	2	RF00174__4GXY_A	15	C	15	A:15	yes	no	33	16	G	A:217	NA	NA	NA	rfam_only	NA	algorithm_omission	yes	NA	Rfam.seed.gz	15.1	41f014f4ab5628620935f089b1bb77987ebc162fda7c72bff368a32c9cccabac
RF00174__4GXY_A__6VMY_A__a1__forward__rep2	RF00174__4GXY_A__6VMY_A	forward	2	RF00174__4GXY_A	16	C	16	A:16	yes	no	34	17	G	A:218	NA	NA	NA	rfam_only	NA	algorithm_omission	yes	NA	Rfam.seed.gz	15.1	41f014f4ab5628620935f089b1bb77987ebc162fda7c72bff368a32c9cccabac
RF00174__4GXY_A__6VMY_A__a1__forward__rep2	RF00174__4GXY_A__6VMY_A	forward	2	RF00174__4GXY_A	17	G	17	A:17	yes	no	35	18	U	A:219	NA	NA	NA	rfam_only	NA	algorithm_omission	yes	NA	Rfam.seed.gz	15.1	41f014f4ab5628620935f089b1bb77987ebc162fda7c72bff368a32c9cccabac
RF00174__4GXY_A__6VMY_A__a1__forward__rep2	RF00174__4GXY_A__6VMY_A	forward	2	RF00174__4GXY_A	18	A	18	A:18	yes	no	36	19	C	A:220	NA	NA	NA	rfam_only	NA	algorithm_omission	yes	NA	Rfam.seed.gz	15.1	41f014f4ab5628620935f089b1bb77987ebc162fda7c72bff368a32c9cccabac
RF00174__4GXY_A__6VMY_A__a1__forward__rep2	RF00174__4GXY_A__6VMY_A	forward	2	RF00174__4GXY_A	19	C	19	A:19	yes	no	37	20	C	A:221	NA	NA	NA	rfam_only	NA	algorithm_omission	yes	NA	Rfam.seed.gz	15.1	41f014f4ab5628620935f089b1bb77987ebc162fda7c72bff368a32c9cccabac
RF00174__4GXY_A__6VMY_A__a1__forward__rep2	RF00174__4GXY_A__6VMY_A	forward	2	RF00174__4GXY_A	20	C	20	A:20	no	no	38	21	G	A:222	NA	NA	NA	rfam_only	NA	missing_coordinates_source	no	NA	Rfam.seed.gz	15.1	41f014f4ab5628620935f089b1bb77987ebc162fda7c72bff368a32c9cccabac
RF00174__4GXY_A__6VMY_A__a1__forward__rep2	RF00174__4GXY_A__6VMY_A	forward	2	RF00174__4GXY_A	21	C	21	A:21	no	no	57	24	A	A:225	NA	NA	NA	rfam_only	NA	missing_coordinates_source	no	NA	Rfam.seed.gz	15.1	41f014f4ab5628620935f089b1bb77987ebc162fda7c72bff368a32c9cccabac
RF00174__4GXY_A__6VMY_A__a1__forward__rep2	RF00174__4GXY_A__6VMY_A	forward	2	RF00174__4GXY_A	22	U	22	A:22	no	no	58	25	A	A:226	NA	NA	NA	rfam_only	NA	missing_coordinates_source	no	NA	Rfam.seed.gz	15.1	41f014f4ab5628620935f089b1bb77987ebc162fda7c72bff368a32c9cccabac
RF00174__4GXY_A__6VMY_A__a1__forward__rep2	RF00174__4GXY_A__6VMY_A	forward	2	RF00174__4GXY_A	23	G	23	A:23	no	no	59	26	C	A:227	NA	NA	NA	rfam_only	NA	missing_coordinates_source	no	NA	Rfam.seed.gz	15.1	41f014f4ab5628620935f089b1bb77987ebc162fda7c72bff368a32c9cccabac
RF00174__4GXY_A__6VMY_A__a1__forward__rep2	RF00174__4GXY_A__6VMY_A	forward	2	RF00174__4GXY_A	24	C	24	A:24	no	no	60	27	A	A:228	NA	NA	NA	rfam_only	NA	missing_coordinates_source	no	NA	Rfam.seed.gz	15.1	41f014f4ab5628620935f089b1bb77987ebc162fda7c72bff368a32c9cccabac
RF00174__4GXY_A__6VMY_A__a1__forward__rep2	RF00174__4GXY_A__6VMY_A	forward	2	RF00174__4GXY_A	25	G	25	A:25	no	no	61	28	A	A:229	NA	NA	NA	rfam_only	NA	missing_coordinates_source	no	NA	Rfam.seed.gz	15.1	41f014f4ab5628620935f089b1bb77987ebc162fda7c72bff368a32c9cccabac
RF00174__4GXY_A__6VMY_A__a1__forward__rep2	RF00174__4GXY_A__6VMY_A	forward	2	RF00174__4GXY_A	26	G	26	A:26	yes	no	62	29	C	A:230	NA	NA	NA	rfam_only	NA	algorithm_omission	yes	NA	Rfam.seed.gz	15.1	41f014f4ab5628620935f089b1bb77987ebc162fda7c72bff368a32c9cccabac
RF00174__4GXY_A__6VMY_A__a1__forward__rep2	RF00174__4GXY_A__6VMY_A	forward	2	RF00174__4GXY_A	27	U	27	A:27	yes	no	63	30	A	A:231	NA	NA	NA	rfam_only	NA	algorithm_omission	yes	NA	Rfam.seed.gz	15.1	41f014f4ab5628620935f089b1bb77987ebc162fda7c72bff368a32c9cccabac
RF00174__4GXY_A__6VMY_A__a1__forward__rep2	RF00174__4GXY_A__6VMY_A	forward	2	RF00174__4GXY_A	28	C	28	A:28	yes	no	65	31	G	A:232	NA	NA	NA	rfam_only	NA	algorithm_omission	yes	NA	Rfam.seed.gz	15.1	41f014f4ab5628620935f089b1bb77987ebc162fda7c72bff368a32c9cccabac
RF00174__4GXY_A__6VMY_A__a1__forward__rep2	RF00174__4GXY_A__6VMY_A	forward	2	RF00174__4GXY_A	29	G	29	A:29	yes	no	66	32	C	A:233	NA	NA	NA	rfam_only	NA	algorithm_omission	yes	NA	Rfam.seed.gz	15.1	41f014f4ab5628620935f089b1bb77987ebc162fda7c72bff368a32c9cccabac
RF00174__4GXY_A__6VMY_A__a1__forward__rep2	RF00174__4GXY_A__6VMY_A	forward	2	RF00174__4GXY_A	30	G	30	A:30	yes	no	67	33	C	A:234	NA	NA	NA	rfam_only	NA	algorithm_omission	yes	NA	Rfam.seed.gz	15.1	41f014f4ab5628620935f089b1bb77987ebc162fda7c72bff368a32c9cccabac
RF00174__4GXY_A__6VMY_A__a1__forward__rep2	RF00174__4GXY_A__6VMY_A	forward	2	RF00174__4GXY_A	31	G	31	A:31	yes	no	68	34	G	A:235	NA	NA	NA	rfam_only	NA	algorithm_omission	yes	NA	Rfam.seed.gz	15.1	41f014f4ab5628620935f089b1bb77987ebc162fda7c72bff368a32c9cccabac
RF00174__4GXY_A__6VMY_A__a1__forward__rep2	RF00174__4GXY_A__6VMY_A	forward	2	RF00174__4GXY_A	32	A	32	A:32	yes	no	69	35	G	A:236	NA	NA	NA	rfam_only	NA	algorithm_omission	yes	NA	Rfam.seed.gz	15.1	41f014f4ab5628620935f089b1bb77987ebc162fda7c72bff368a32c9cccabac
RF00174__4GXY_A__6VMY_A__a1__forward__rep2	RF00174__4GXY_A__6VMY_A	forward	2	RF00174__4GXY_A	33	G	33	A:33	yes	no	70	36	C	A:237	NA	NA	NA	rfam_only	NA	algorithm_omission	yes	NA	Rfam.seed.gz	15.1	41f014f4ab5628620935f089b1bb77987ebc162fda7c72bff368a32c9cccabac
RF00174__4GXY_A__6VMY_A__a1__forward__rep2	RF00174__4GXY_A__6VMY_A	forward	2	RF00174__4GXY_A	34	U	34	A:34	yes	no	71	37	U	A:238	NA	NA	NA	rfam_only	NA	algorithm_omission	yes	NA	Rfam.seed.gz	15.1	41f014f4ab5628620935f089b1bb77987ebc162fda7c72bff368a32c9cccabac
RF00174__4GXY_A__6VMY_A__a1__forward__rep2	RF00174__4GXY_A__6VMY_A	forward	2	RF00174__4GXY_A	35	U	35	A:35	yes	no	72	38	U	A:239	NA	NA	NA	rfam_only	NA	algorithm_omission	yes	NA	Rfam.seed.gz	15.1	41f014f4ab5628620935f089b1bb77987ebc162fda7c72bff368a32c9cccabac
RF00174__4GXY_A__6VMY_A__a1__forward__rep2	RF00174__4GXY_A__6VMY_A	forward	2	RF00174__4GXY_A	36	A	36	A:36	yes	no	77	39	A	A:240	NA	NA	NA	rfam_only	NA	algorithm_omission	yes	NA	Rfam.seed.gz	15.1	41f014f4ab5628620935f089b1bb77987ebc162fda7c72bff368a32c9cccabac
RF00174__4GXY_A__6VMY_A__a1__forward__rep2	RF00174__4GXY_A__6VMY_A	forward	2	RF00174__4GXY_A	37	A	37	A:37	yes	no	78	40	A	A:241	NA	NA	NA	rfam_only	NA	algorithm_omission	yes	NA	Rfam.seed.gz	15.1	41f014f4ab5628620935f089b1bb77987ebc162fda7c72bff368a32c9cccabac
RF00174__4GXY_A__6VMY_A__a1__forward__rep2	RF00174__4GXY_A__6VMY_A	forward	2	RF00174__4GXY_A	38	A	38	A:38	yes	no	79	41	A	A:242	NA	NA	NA	rfam_only	NA	algorithm_omission	yes	NA	Rfam.seed.gz	15.1	41f014f4ab5628620935f089b1bb77987ebc162fda7c72bff368a32c9cccabac
RF00174__4GXY_A__6VMY_A__a1__forward__rep2	RF00174__4GXY_A__6VMY_A	forward	2	RF00174__4GXY_A	39	A	39	A:39	yes	no	80	42	A	A:243	NA	NA	NA	rfam_only	NA	algorithm_omission	yes	NA	Rfam.seed.gz	15.1	41f014f4ab5628620935f089b1bb77987ebc162fda7c72bff368a32c9cccabac
RF00174__4GXY_A__6VMY_A__a1__forward__rep2	RF00174__4GXY_A__6VMY_A	forward	2	RF00174__4GXY_A	40	G	40	A:40	yes	no	82	43	G	A:244	NA	NA	NA	rfam_only	NA	algorithm_omission	yes	NA	Rfam.seed.gz	15.1	41f014f4ab5628620935f089b1bb77987ebc162fda7c72bff368a32c9cccabac
RF00174__4GXY_A__6VMY_A__a1__forward__rep2	RF00174__4GXY_A__6VMY_A	forward	2	RF00174__4GXY_A	41	G	41	A:41	yes	no	83	44	G	A:245	NA	NA	NA	rfam_only	NA	algorithm_omission	yes	NA	Rfam.seed.gz	15.1	41f014f4ab5628620935f089b1bb77987ebc162fda7c72bff368a32c9cccabac
RF00174__4GXY_A__6VMY_A__a1__forward__rep2	RF00174__4GXY_A__6VMY_A	forward	2	RF00174__4GXY_A	42	G	42	A:42	yes	no	84	45	G	A:246	NA	NA	NA	rfam_only	NA	algorithm_omission	yes	NA	Rfam.seed.gz	15.1	41f014f4ab5628620935f089b1bb77987ebc162fda7c72bff368a32c9cccabac
RF00174__4GXY_A__6VMY_A__a1__forward__rep2	RF00174__4GXY_A__6VMY_A	forward	2	RF00174__4GXY_A	43	A	43	A:43	yes	no	85	46	A	A:247	NA	NA	NA	rfam_only	NA	algorithm_omission	yes	NA	Rfam.seed.gz	15.1	41f014f4ab5628620935f089b1bb77987ebc162fda7c72bff368a32c9cccabac
RF00174__4GXY_A__6VMY_A__a1__forward__rep2	RF00174__4GXY_A__6VMY_A	forward	2	RF00174__4GXY_A	44	A	44	A:44	yes	no	86	47	A	A:248	NA	NA	NA	rfam_only	NA	algorithm_omission	yes	NA	Rfam.seed.gz	15.1	41f014f4ab5628620935f089b1bb77987ebc162fda7c72bff368a32c9cccabac
RF00174__4GXY_A__6VMY_A__a1__forward__rep2	RF00174__4GXY_A__6VMY_A	forward	2	RF00174__4GXY_A	45	G	45	A:45	yes	no	88	48	A	A:249	NA	NA	NA	rfam_only	NA	algorithm_omission	yes	NA	Rfam.seed.gz	15.1	41f014f4ab5628620935f089b1bb77987ebc162fda7c72bff368a32c9cccabac
RF00174__4GXY_A__6VMY_A__a1__forward__rep2	RF00174__4GXY_A__6VMY_A	forward	2	RF00174__4GXY_A	46	C	46	A:46	yes	no	90	49	C	A:250	NA	NA	NA	rfam_only	NA	algorithm_omission	yes	NA	Rfam.seed.gz	15.1	41f014f4ab5628620935f089b1bb77987ebc162fda7c72bff368a32c9cccabac
RF00174__4GXY_A__6VMY_A__a1__forward__rep2	RF00174__4GXY_A__6VMY_A	forward	2	RF00174__4GXY_A	47	C	47	A:47	yes	no	91	50	C	A:251	NA	NA	NA	rfam_only	NA	algorithm_omission	yes	NA	Rfam.seed.gz	15.1	41f014f4ab5628620935f089b1bb77987ebc162fda7c72bff368a32c9cccabac
RF00174__4GXY_A__6VMY_A__a1__forward__rep2	RF00174__4GXY_A__6VMY_A	forward	2	RF00174__4GXY_A	48	G	48	A:48	yes	no	93	51	G	A:252	NA	NA	NA	rfam_only	NA	algorithm_omission	yes	NA	Rfam.seed.gz	15.1	41f014f4ab5628620935f089b1bb77987ebc162fda7c72bff368a32c9cccabac
RF00174__4GXY_A__6VMY_A__a1__forward__rep2	RF00174__4GXY_A__6VMY_A	forward	2	RF00174__4GXY_A	49	G	49	A:49	yes	no	94	52	G	A:253	NA	NA	NA	rfam_only	NA	algorithm_omission	yes	NA	Rfam.seed.gz	15.1	41f014f4ab5628620935f089b1bb77987ebc162fda7c72bff368a32c9cccabac
RF00174__4GXY_A__6VMY_A__a1__forward__rep2	RF00174__4GXY_A__6VMY_A	forward	2	RF00174__4GXY_A	50	U	50	A:50	yes	no	96	53	U	A:254	NA	NA	NA	rfam_only	NA	algorithm_omission	yes	NA	Rfam.seed.gz	15.1	41f014f4ab5628620935f089b1bb77987ebc162fda7c72bff368a32c9cccabac
RF00174__4GXY_A__6VMY_A__a1__forward__rep2	RF00174__4GXY_A__6VMY_A	forward	2	RF00174__4GXY_A	51	G	51	A:51	yes	no	97	NA	NA	NA	NA	NA	NA	neither	alignment_gap_in_standard_seed	algorithm_omission	no	NA	Rfam.seed.gz	15.1	41f014f4ab5628620935f089b1bb77987ebc162fda7c72bff368a32c9cccabac
RF00174__4GXY_A__6VMY_A__a1__forward__rep2	RF00174__4GXY_A__6VMY_A	forward	2	RF00174__4GXY_A	52	C	52	A:52	yes	no	98	54	A	A:255	NA	NA	NA	rfam_only	NA	algorithm_omission	yes	NA	Rfam.seed.gz	15.1	41f014f4ab5628620935f089b1bb77987ebc162fda7c72bff368a32c9cccabac
RF00174__4GXY_A__6VMY_A__a1__forward__rep2	RF00174__4GXY_A__6VMY_A	forward	2	RF00174__4GXY_A	53	A	53	A:53	yes	no	130	55	A	A:256	NA	NA	NA	rfam_only	NA	algorithm_omission	yes	NA	Rfam.seed.gz	15.1	41f014f4ab5628620935f089b1bb77987ebc162fda7c72bff368a32c9cccabac
RF00174__4GXY_A__6VMY_A__a1__forward__rep2	RF00174__4GXY_A__6VMY_A	forward	2	RF00174__4GXY_A	54	A	54	A:54	yes	no	131	56	A	A:257	NA	NA	NA	rfam_only	NA	algorithm_omission	yes	NA	Rfam.seed.gz	15.1	41f014f4ab5628620935f089b1bb77987ebc162fda7c72bff368a32c9cccabac
RF00174__4GXY_A__6VMY_A__a1__forward__rep2	RF00174__4GXY_A__6VMY_A	forward	2	RF00174__4GXY_A	55	G	55	A:55	yes	no	132	57	A	A:258	NA	NA	NA	rfam_only	NA	algorithm_omission	yes	NA	Rfam.seed.gz	15.1	41f014f4ab5628620935f089b1bb77987ebc162fda7c72bff368a32c9cccabac
RF00174__4GXY_A__6VMY_A__a1__forward__rep2	RF00174__4GXY_A__6VMY_A	forward	2	RF00174__4GXY_A	56	U	56	A:56	yes	no	133	58	G	A:259	NA	NA	NA	rfam_only	NA	algorithm_omission	yes	NA	Rfam.seed.gz	15.1	41f014f4ab5628620935f089b1bb77987ebc162fda7c72bff368a32c9cccabac
RF00174__4GXY_A__6VMY_A__a1__forward__rep2	RF00174__4GXY_A__6VMY_A	forward	2	RF00174__4GXY_A	57	C	57	A:57	yes	no	134	59	C	A:260	NA	NA	NA	rfam_only	NA	algorithm_omission	yes	NA	Rfam.seed.gz	15.1	41f014f4ab5628620935f089b1bb77987ebc162fda7c72bff368a32c9cccabac
RF00174__4GXY_A__6VMY_A__a1__forward__rep2	RF00174__4GXY_A__6VMY_A	forward	2	RF00174__4GXY_A	58	C	58	A:58	yes	no	135	60	C	A:261	NA	NA	NA	rfam_only	NA	algorithm_omission	yes	NA	Rfam.seed.gz	15.1	41f014f4ab5628620935f089b1bb77987ebc162fda7c72bff368a32c9cccabac
RF00174__4GXY_A__6VMY_A__a1__forward__rep2	RF00174__4GXY_A__6VMY_A	forward	2	RF00174__4GXY_A	59	G	59	A:59	yes	no	136	61	G	A:262	NA	NA	NA	rfam_only	NA	algorithm_omission	yes	NA	Rfam.seed.gz	15.1	41f014f4ab5628620935f089b1bb77987ebc162fda7c72bff368a32c9cccabac
RF00174__4GXY_A__6VMY_A__a1__forward__rep2	RF00174__4GXY_A__6VMY_A	forward	2	RF00174__4GXY_A	60	G	60	A:60	yes	no	137	62	G	A:263	NA	NA	NA	rfam_only	NA	algorithm_omission	yes	NA	Rfam.seed.gz	15.1	41f014f4ab5628620935f089b1bb77987ebc162fda7c72bff368a32c9cccabac
RF00174__4GXY_A__6VMY_A__a1__forward__rep2	RF00174__4GXY_A__6VMY_A	forward	2	RF00174__4GXY_A	61	C	61	A:61	yes	no	139	63	U	A:264	NA	NA	NA	rfam_only	NA	algorithm_omission	yes	NA	Rfam.seed.gz	15.1	41f014f4ab5628620935f089b1bb77987ebc162fda7c72bff368a32c9cccabac
RF00174__4GXY_A__6VMY_A__a1__forward__rep2	RF00174__4GXY_A__6VMY_A	forward	2	RF00174__4GXY_A	62	A	62	A:62	yes	no	140	64	G	A:265	NA	NA	NA	rfam_only	NA	algorithm_omission	yes	NA	Rfam.seed.gz	15.1	41f014f4ab5628620935f089b1bb77987ebc162fda7c72bff368a32c9cccabac
RF00174__4GXY_A__6VMY_A__a1__forward__rep2	RF00174__4GXY_A__6VMY_A	forward	2	RF00174__4GXY_A	63	C	63	A:63	yes	no	141	65	C	A:266	NA	NA	NA	rfam_only	NA	algorithm_omission	yes	NA	Rfam.seed.gz	15.1	41f014f4ab5628620935f089b1bb77987ebc162fda7c72bff368a32c9cccabac
RF00174__4GXY_A__6VMY_A__a1__forward__rep2	RF00174__4GXY_A__6VMY_A	forward	2	RF00174__4GXY_A	64	G	64	A:64	yes	no	142	66	G	A:267	NA	NA	NA	rfam_only	NA	algorithm_omission	yes	NA	Rfam.seed.gz	15.1	41f014f4ab5628620935f089b1bb77987ebc162fda7c72bff368a32c9cccabac
RF00174__4GXY_A__6VMY_A__a1__forward__rep2	RF00174__4GXY_A__6VMY_A	forward	2	RF00174__4GXY_A	65	G	65	A:65	yes	no	143	67	G	A:268	NA	NA	NA	rfam_only	NA	algorithm_omission	yes	NA	Rfam.seed.gz	15.1	41f014f4ab5628620935f089b1bb77987ebc162fda7c72bff368a32c9cccabac
RF00174__4GXY_A__6VMY_A__a1__forward__rep2	RF00174__4GXY_A__6VMY_A	forward	2	RF00174__4GXY_A	66	U	66	A:66	yes	no	144	68	U	A:269	NA	NA	NA	rfam_only	NA	algorithm_omission	yes	NA	Rfam.seed.gz	15.1	41f014f4ab5628620935f089b1bb77987ebc162fda7c72bff368a32c9cccabac
RF00174__4GXY_A__6VMY_A__a1__forward__rep2	RF00174__4GXY_A__6VMY_A	forward	2	RF00174__4GXY_A	67	C	67	A:67	yes	no	146	69	C	A:270	NA	NA	NA	rfam_only	NA	algorithm_omission	yes	NA	Rfam.seed.gz	15.1	41f014f4ab5628620935f089b1bb77987ebc162fda7c72bff368a32c9cccabac
RF00174__4GXY_A__6VMY_A__a1__forward__rep2	RF00174__4GXY_A__6VMY_A	forward	2	RF00174__4GXY_A	68	C	68	A:68	yes	no	148	70	C	A:271	NA	NA	NA	rfam_only	NA	algorithm_omission	yes	NA	Rfam.seed.gz	15.1	41f014f4ab5628620935f089b1bb77987ebc162fda7c72bff368a32c9cccabac
RF00174__4GXY_A__6VMY_A__a1__forward__rep2	RF00174__4GXY_A__6VMY_A	forward	2	RF00174__4GXY_A	69	C	69	A:69	yes	no	149	71	C	A:272	NA	NA	NA	rfam_only	NA	algorithm_omission	yes	NA	Rfam.seed.gz	15.1	41f014f4ab5628620935f089b1bb77987ebc162fda7c72bff368a32c9cccabac
RF00174__4GXY_A__6VMY_A__a1__forward__rep2	RF00174__4GXY_A__6VMY_A	forward	2	RF00174__4GXY_A	70	G	70	A:70	yes	no	151	72	G	A:273	NA	NA	NA	rfam_only	NA	algorithm_omission	yes	NA	Rfam.seed.gz	15.1	41f014f4ab5628620935f089b1bb77987ebc162fda7c72bff368a32c9cccabac
RF00174__4GXY_A__6VMY_A__a1__forward__rep2	RF00174__4GXY_A__6VMY_A	forward	2	RF00174__4GXY_A	71	C	71	A:71	yes	no	152	73	C	A:274	NA	NA	NA	rfam_only	NA	algorithm_omission	yes	NA	Rfam.seed.gz	15.1	41f014f4ab5628620935f089b1bb77987ebc162fda7c72bff368a32c9cccabac
RF00174__4GXY_A__6VMY_A__a1__forward__rep2	RF00174__4GXY_A__6VMY_A	forward	2	RF00174__4GXY_A	72	C	72	A:72	yes	no	153	74	C	A:275	NA	NA	NA	rfam_only	NA	algorithm_omission	yes	NA	Rfam.seed.gz	15.1	41f014f4ab5628620935f089b1bb77987ebc162fda7c72bff368a32c9cccabac
RF00174__4GXY_A__6VMY_A__a1__forward__rep2	RF00174__4GXY_A__6VMY_A	forward	2	RF00174__4GXY_A	73	A	73	A:73	yes	no	154	75	A	A:276	NA	NA	NA	rfam_only	NA	algorithm_omission	yes	NA	Rfam.seed.gz	15.1	41f014f4ab5628620935f089b1bb77987ebc162fda7c72bff368a32c9cccabac
RF00174__4GXY_A__6VMY_A__a1__forward__rep2	RF00174__4GXY_A__6VMY_A	forward	2	RF00174__4GXY_A	74	C	74	A:74	yes	no	155	76	C	A:277	NA	NA	NA	rfam_only	NA	algorithm_omission	yes	NA	Rfam.seed.gz	15.1	41f014f4ab5628620935f089b1bb77987ebc162fda7c72bff368a32c9cccabac
RF00174__4GXY_A__6VMY_A__a1__forward__rep2	RF00174__4GXY_A__6VMY_A	forward	2	RF00174__4GXY_A	75	U	75	A:75	yes	no	156	77	U	A:278	NA	NA	NA	rfam_only	NA	algorithm_omission	yes	NA	Rfam.seed.gz	15.1	41f014f4ab5628620935f089b1bb77987ebc162fda7c72bff368a32c9cccabac
RF00174__4GXY_A__6VMY_A__a1__forward__rep2	RF00174__4GXY_A__6VMY_A	forward	2	RF00174__4GXY_A	76	G	76	A:76	yes	no	157	78	G	A:279	NA	NA	NA	rfam_only	NA	algorithm_omission	yes	NA	Rfam.seed.gz	15.1	41f014f4ab5628620935f089b1bb77987ebc162fda7c72bff368a32c9cccabac
RF00174__4GXY_A__6VMY_A__a1__forward__rep2	RF00174__4GXY_A__6VMY_A	forward	2	RF00174__4GXY_A	77	U	77	A:77	yes	no	158	79	U	A:280	49	C	A:250	different_partner	NA	NA	yes	-30	Rfam.seed.gz	15.1	41f014f4ab5628620935f089b1bb77987ebc162fda7c72bff368a32c9cccabac
RF00174__4GXY_A__6VMY_A__a1__forward__rep2	RF00174__4GXY_A__6VMY_A	forward	2	RF00174__4GXY_A	78	G	78	A:78	yes	no	159	80	A	A:281	50	C	A:251	different_partner	NA	NA	yes	-30	Rfam.seed.gz	15.1	41f014f4ab5628620935f089b1bb77987ebc162fda7c72bff368a32c9cccabac
RF00174__4GXY_A__6VMY_A__a1__forward__rep2	RF00174__4GXY_A__6VMY_A	forward	2	RF00174__4GXY_A	79	A	79	A:79	yes	no	160	81	A	A:282	NA	NA	NA	rfam_only	NA	algorithm_omission	yes	NA	Rfam.seed.gz	15.1	41f014f4ab5628620935f089b1bb77987ebc162fda7c72bff368a32c9cccabac
RF00174__4GXY_A__6VMY_A__a1__forward__rep2	RF00174__4GXY_A__6VMY_A	forward	2	RF00174__4GXY_A	80	C	80	A:80	yes	no	163	82	U	A:283	NA	NA	NA	rfam_only	NA	algorithm_omission	yes	NA	Rfam.seed.gz	15.1	41f014f4ab5628620935f089b1bb77987ebc162fda7c72bff368a32c9cccabac
RF00174__4GXY_A__6VMY_A__a1__forward__rep2	RF00174__4GXY_A__6VMY_A	forward	2	RF00174__4GXY_A	81	G	81	A:81	yes	no	164	83	U	A:284	NA	NA	NA	rfam_only	NA	algorithm_omission	yes	NA	Rfam.seed.gz	15.1	41f014f4ab5628620935f089b1bb77987ebc162fda7c72bff368a32c9cccabac
RF00174__4GXY_A__6VMY_A__a1__forward__rep2	RF00174__4GXY_A__6VMY_A	forward	2	RF00174__4GXY_A	82	G	82	A:82	yes	no	165	84	G	A:285	NA	NA	NA	rfam_only	NA	algorithm_omission	yes	NA	Rfam.seed.gz	15.1	41f014f4ab5628620935f089b1bb77987ebc162fda7c72bff368a32c9cccabac
RF00174__4GXY_A__6VMY_A__a1__forward__rep2	RF00174__4GXY_A__6VMY_A	forward	2	RF00174__4GXY_A	83	G	83	A:83	yes	no	166	NA	NA	NA	NA	NA	NA	neither	alignment_gap_in_standard_seed	algorithm_omission	no	NA	Rfam.seed.gz	15.1	41f014f4ab5628620935f089b1bb77987ebc162fda7c72bff368a32c9cccabac
RF00174__4GXY_A__6VMY_A__a1__forward__rep2	RF00174__4GXY_A__6VMY_A	forward	2	RF00174__4GXY_A	84	G	84	A:84	yes	no	174	NA	NA	NA	NA	NA	NA	neither	alignment_gap_in_standard_seed	algorithm_omission	no	NA	Rfam.seed.gz	15.1	41f014f4ab5628620935f089b1bb77987ebc162fda7c72bff368a32c9cccabac
RF00174__4GXY_A__6VMY_A__a1__forward__rep2	RF00174__4GXY_A__6VMY_A	forward	2	RF00174__4GXY_A	85	A	85	A:85	yes	no	175	88	A	A:289	NA	NA	NA	rfam_only	NA	algorithm_omission	yes	NA	Rfam.seed.gz	15.1	41f014f4ab5628620935f089b1bb77987ebc162fda7c72bff368a32c9cccabac
RF00174__4GXY_A__6VMY_A__a1__forward__rep2	RF00174__4GXY_A__6VMY_A	forward	2	RF00174__4GXY_A	86	G	86	A:86	yes	no	176	89	A	A:290	NA	NA	NA	rfam_only	NA	algorithm_omission	yes	NA	Rfam.seed.gz	15.1	41f014f4ab5628620935f089b1bb77987ebc162fda7c72bff368a32c9cccabac
RF00174__4GXY_A__6VMY_A__a1__forward__rep2	RF00174__4GXY_A__6VMY_A	forward	2	RF00174__4GXY_A	87	U	87	A:87	yes	no	177	90	G	A:291	NA	NA	NA	rfam_only	NA	algorithm_omission	yes	NA	Rfam.seed.gz	15.1	41f014f4ab5628620935f089b1bb77987ebc162fda7c72bff368a32c9cccabac
RF00174__4GXY_A__6VMY_A__a1__forward__rep2	RF00174__4GXY_A__6VMY_A	forward	2	RF00174__4GXY_A	88	C	88	A:88	yes	no	178	91	C	A:292	NA	NA	NA	rfam_only	NA	algorithm_omission	yes	NA	Rfam.seed.gz	15.1	41f014f4ab5628620935f089b1bb77987ebc162fda7c72bff368a32c9cccabac
RF00174__4GXY_A__6VMY_A__a1__forward__rep2	RF00174__4GXY_A__6VMY_A	forward	2	RF00174__4GXY_A	89	G	89	A:89	yes	no	179	NA	NA	NA	NA	NA	NA	neither	alignment_gap_in_standard_seed	algorithm_omission	no	NA	Rfam.seed.gz	15.1	41f014f4ab5628620935f089b1bb77987ebc162fda7c72bff368a32c9cccabac
RF00174__4GXY_A__6VMY_A__a1__forward__rep2	RF00174__4GXY_A__6VMY_A	forward	2	RF00174__4GXY_A	90	C	90	A:90	yes	no	181	NA	NA	NA	NA	NA	NA	neither	alignment_gap_in_standard_seed	algorithm_omission	no	NA	Rfam.seed.gz	15.1	41f014f4ab5628620935f089b1bb77987ebc162fda7c72bff368a32c9cccabac
RF00174__4GXY_A__6VMY_A__a1__forward__rep2	RF00174__4GXY_A__6VMY_A	forward	2	RF00174__4GXY_A	91	C	91	A:91	yes	no	182	NA	NA	NA	NA	NA	NA	neither	alignment_gap_in_standard_seed	algorithm_omission	no	NA	Rfam.seed.gz	15.1	41f014f4ab5628620935f089b1bb77987ebc162fda7c72bff368a32c9cccabac
RF00174__4GXY_A__6VMY_A__a1__forward__rep2	RF00174__4GXY_A__6VMY_A	forward	2	RF00174__4GXY_A	92	C	92	A:92	yes	no	183	NA	NA	NA	NA	NA	NA	neither	alignment_gap_in_standard_seed	algorithm_omission	no	NA	Rfam.seed.gz	15.1	41f014f4ab5628620935f089b1bb77987ebc162fda7c72bff368a32c9cccabac
RF00174__4GXY_A__6VMY_A__a1__forward__rep2	RF00174__4GXY_A__6VMY_A	forward	2	RF00174__4GXY_A	93	C	93	A:93	yes	no	184	NA	NA	NA	NA	NA	NA	neither	alignment_gap_in_standard_seed	algorithm_omission	no	NA	Rfam.seed.gz	15.1	41f014f4ab5628620935f089b1bb77987ebc162fda7c72bff368a32c9cccabac
RF00174__4GXY_A__6VMY_A__a1__forward__rep2	RF00174__4GXY_A__6VMY_A	forward	2	RF00174__4GXY_A	94	U	94	A:94	yes	no	185	NA	NA	NA	NA	NA	NA	neither	alignment_gap_in_standard_seed	algorithm_omission	no	NA	Rfam.seed.gz	15.1	41f014f4ab5628620935f089b1bb77987ebc162fda7c72bff368a32c9cccabac
RF00174__4GXY_A__6VMY_A__a1__forward__rep2	RF00174__4GXY_A__6VMY_A	forward	2	RF00174__4GXY_A	95	C	95	A:95	yes	no	186	NA	NA	NA	NA	NA	NA	neither	alignment_gap_in_standard_seed	algorithm_omission	no	NA	Rfam.seed.gz	15.1	41f014f4ab5628620935f089b1bb77987ebc162fda7c72bff368a32c9cccabac
RF00174__4GXY_A__6VMY_A__a1__forward__rep2	RF00174__4GXY_A__6VMY_A	forward	2	RF00174__4GXY_A	96	G	96	A:96	yes	no	187	NA	NA	NA	NA	NA	NA	neither	alignment_gap_in_standard_seed	algorithm_omission	no	NA	Rfam.seed.gz	15.1	41f014f4ab5628620935f089b1bb77987ebc162fda7c72bff368a32c9cccabac
RF00174__4GXY_A__6VMY_A__a1__forward__rep2	RF00174__4GXY_A__6VMY_A	forward	2	RF00174__4GXY_A	97	G	97	A:97	yes	no	188	NA	NA	NA	NA	NA	NA	neither	alignment_gap_in_standard_seed	algorithm_omission	no	NA	Rfam.seed.gz	15.1	41f014f4ab5628620935f089b1bb77987ebc162fda7c72bff368a32c9cccabac
RF00174__4GXY_A__6VMY_A__a1__forward__rep2	RF00174__4GXY_A__6VMY_A	forward	2	RF00174__4GXY_A	98	G	98	A:98	yes	no	189	NA	NA	NA	NA	NA	NA	neither	alignment_gap_in_standard_seed	algorithm_omission	no	NA	Rfam.seed.gz	15.1	41f014f4ab5628620935f089b1bb77987ebc162fda7c72bff368a32c9cccabac
RF00174__4GXY_A__6VMY_A__a1__forward__rep2	RF00174__4GXY_A__6VMY_A	forward	2	RF00174__4GXY_A	99	A	99	A:99	yes	no	190	NA	NA	NA	NA	NA	NA	neither	alignment_gap_in_standard_seed	algorithm_omission	no	NA	Rfam.seed.gz	15.1	41f014f4ab5628620935f089b1bb77987ebc162fda7c72bff368a32c9cccabac
RF00174__4GXY_A__6VMY_A__a1__forward__rep2	RF00174__4GXY_A__6VMY_A	forward	2	RF00174__4GXY_A	100	U	100	A:100	yes	no	191	NA	NA	NA	NA	NA	NA	neither	alignment_gap_in_standard_seed	algorithm_omission	no	NA	Rfam.seed.gz	15.1	41f014f4ab5628620935f089b1bb77987ebc162fda7c72bff368a32c9cccabac
RF00174__4GXY_A__6VMY_A__a1__forward__rep2	RF00174__4GXY_A__6VMY_A	forward	2	RF00174__4GXY_A	101	G	101	A:101	yes	no	192	NA	NA	NA	NA	NA	NA	neither	alignment_gap_in_standard_seed	algorithm_omission	no	NA	Rfam.seed.gz	15.1	41f014f4ab5628620935f089b1bb77987ebc162fda7c72bff368a32c9cccabac
RF00174__4GXY_A__6VMY_A__a1__forward__rep2	RF00174__4GXY_A__6VMY_A	forward	2	RF00174__4GXY_A	102	U	102	A:102	yes	no	220	NA	NA	NA	75	A	A:276	star3d_only	alignment_gap_in_standard_seed	NA	no	NA	Rfam.seed.gz	15.1	41f014f4ab5628620935f089b1bb77987ebc162fda7c72bff368a32c9cccabac
RF00174__4GXY_A__6VMY_A__a1__forward__rep2	RF00174__4GXY_A__6VMY_A	forward	2	RF00174__4GXY_A	103	G	103	A:103	yes	no	221	NA	NA	NA	76	C	A:277	star3d_only	alignment_gap_in_standard_seed	NA	no	NA	Rfam.seed.gz	15.1	41f014f4ab5628620935f089b1bb77987ebc162fda7c72bff368a32c9cccabac
RF00174__4GXY_A__6VMY_A__a1__forward__rep2	RF00174__4GXY_A__6VMY_A	forward	2	RF00174__4GXY_A	104	C	104	A:104	yes	no	222	NA	NA	NA	77	U	A:278	star3d_only	alignment_gap_in_standard_seed	NA	no	NA	Rfam.seed.gz	15.1	41f014f4ab5628620935f089b1bb77987ebc162fda7c72bff368a32c9cccabac
RF00174__4GXY_A__6VMY_A__a1__forward__rep2	RF00174__4GXY_A__6VMY_A	forward	2	RF00174__4GXY_A	105	C	105	A:105	yes	no	223	NA	NA	NA	78	G	A:279	star3d_only	alignment_gap_in_standard_seed	NA	no	NA	Rfam.seed.gz	15.1	41f014f4ab5628620935f089b1bb77987ebc162fda7c72bff368a32c9cccabac
RF00174__4GXY_A__6VMY_A__a1__forward__rep2	RF00174__4GXY_A__6VMY_A	forward	2	RF00174__4GXY_A	106	A	106	A:106	yes	no	224	NA	NA	NA	79	U	A:280	star3d_only	alignment_gap_in_standard_seed	NA	no	NA	Rfam.seed.gz	15.1	41f014f4ab5628620935f089b1bb77987ebc162fda7c72bff368a32c9cccabac
RF00174__4GXY_A__6VMY_A__a1__forward__rep2	RF00174__4GXY_A__6VMY_A	forward	2	RF00174__4GXY_A	107	C	107	A:107	yes	no	225	NA	NA	NA	81	A	A:282	star3d_only	alignment_gap_in_standard_seed	NA	no	NA	Rfam.seed.gz	15.1	41f014f4ab5628620935f089b1bb77987ebc162fda7c72bff368a32c9cccabac
RF00174__4GXY_A__6VMY_A__a1__forward__rep2	RF00174__4GXY_A__6VMY_A	forward	2	RF00174__4GXY_A	108	U	108	A:108	yes	no	226	NA	NA	NA	82	U	A:283	star3d_only	alignment_gap_in_standard_seed	NA	no	NA	Rfam.seed.gz	15.1	41f014f4ab5628620935f089b1bb77987ebc162fda7c72bff368a32c9cccabac
RF00174__4GXY_A__6VMY_A__a1__forward__rep2	RF00174__4GXY_A__6VMY_A	forward	2	RF00174__4GXY_A	109	G	109	A:109	yes	no	227	NA	NA	NA	83	U	A:284	star3d_only	alignment_gap_in_standard_seed	NA	no	NA	Rfam.seed.gz	15.1	41f014f4ab5628620935f089b1bb77987ebc162fda7c72bff368a32c9cccabac
RF00174__4GXY_A__6VMY_A__a1__forward__rep2	RF00174__4GXY_A__6VMY_A	forward	2	RF00174__4GXY_A	110	G	110	A:110	yes	no	228	NA	NA	NA	84	G	A:285	star3d_only	alignment_gap_in_standard_seed	NA	no	NA	Rfam.seed.gz	15.1	41f014f4ab5628620935f089b1bb77987ebc162fda7c72bff368a32c9cccabac
RF00174__4GXY_A__6VMY_A__a1__forward__rep2	RF00174__4GXY_A__6VMY_A	forward	2	RF00174__4GXY_A	111	C	111	A:111	yes	no	229	NA	NA	NA	85	G	A:286	star3d_only	alignment_gap_in_standard_seed	NA	no	NA	Rfam.seed.gz	15.1	41f014f4ab5628620935f089b1bb77987ebc162fda7c72bff368a32c9cccabac
RF00174__4GXY_A__6VMY_A__a1__forward__rep2	RF00174__4GXY_A__6VMY_A	forward	2	RF00174__4GXY_A	112	C	112	A:112	yes	no	230	NA	NA	NA	86	C	A:287	star3d_only	alignment_gap_in_standard_seed	NA	no	NA	Rfam.seed.gz	15.1	41f014f4ab5628620935f089b1bb77987ebc162fda7c72bff368a32c9cccabac
RF00174__4GXY_A__6VMY_A__a1__forward__rep2	RF00174__4GXY_A__6VMY_A	forward	2	RF00174__4GXY_A	113	C	113	A:113	yes	no	232	NA	NA	NA	NA	NA	NA	neither	alignment_gap_in_standard_seed	algorithm_omission	no	NA	Rfam.seed.gz	15.1	41f014f4ab5628620935f089b1bb77987ebc162fda7c72bff368a32c9cccabac
RF00174__4GXY_A__6VMY_A__a1__forward__rep2	RF00174__4GXY_A__6VMY_A	forward	2	RF00174__4GXY_A	114	G	114	A:114	no	no	233	NA	NA	NA	NA	NA	NA	neither	alignment_gap_in_standard_seed	missing_coordinates_source	no	NA	Rfam.seed.gz	15.1	41f014f4ab5628620935f089b1bb77987ebc162fda7c72bff368a32c9cccabac
RF00174__4GXY_A__6VMY_A__a1__forward__rep2	RF00174__4GXY_A__6VMY_A	forward	2	RF00174__4GXY_A	115	A	115	A:115	no	no	234	NA	NA	NA	NA	NA	NA	neither	alignment_gap_in_standard_seed	missing_coordinates_source	no	NA	Rfam.seed.gz	15.1	41f014f4ab5628620935f089b1bb77987ebc162fda7c72bff368a32c9cccabac
RF00174__4GXY_A__6VMY_A__a1__forward__rep2	RF00174__4GXY_A__6VMY_A	forward	2	RF00174__4GXY_A	116	A	116	A:116	no	no	235	NA	NA	NA	NA	NA	NA	neither	alignment_gap_in_standard_seed	missing_coordinates_source	no	NA	Rfam.seed.gz	15.1	41f014f4ab5628620935f089b1bb77987ebc162fda7c72bff368a32c9cccabac
RF00174__4GXY_A__6VMY_A__a1__forward__rep2	RF00174__4GXY_A__6VMY_A	forward	2	RF00174__4GXY_A	117	G	117	A:117	yes	no	295	NA	NA	NA	92	G	A:293	star3d_only	alignment_gap_in_standard_seed	NA	no	NA	Rfam.seed.gz	15.1	41f014f4ab5628620935f089b1bb77987ebc162fda7c72bff368a32c9cccabac
RF00174__4GXY_A__6VMY_A__a1__forward__rep2	RF00174__4GXY_A__6VMY_A	forward	2	RF00174__4GXY_A	118	G	118	A:118	yes	no	296	NA	NA	NA	93	C	A:294	star3d_only	alignment_gap_in_standard_seed	NA	no	NA	Rfam.seed.gz	15.1	41f014f4ab5628620935f089b1bb77987ebc162fda7c72bff368a32c9cccabac
RF00174__4GXY_A__6VMY_A__a1__forward__rep2	RF00174__4GXY_A__6VMY_A	forward	2	RF00174__4GXY_A	119	C	119	A:119	yes	no	297	NA	NA	NA	94	C	A:295	star3d_only	alignment_gap_in_standard_seed	NA	no	NA	Rfam.seed.gz	15.1	41f014f4ab5628620935f089b1bb77987ebc162fda7c72bff368a32c9cccabac
RF00174__4GXY_A__6VMY_A__a1__forward__rep2	RF00174__4GXY_A__6VMY_A	forward	2	RF00174__4GXY_A	120	C	120	A:120	yes	no	298	NA	NA	NA	95	A	A:296	star3d_only	alignment_gap_in_standard_seed	NA	no	NA	Rfam.seed.gz	15.1	41f014f4ab5628620935f089b1bb77987ebc162fda7c72bff368a32c9cccabac
RF00174__4GXY_A__6VMY_A__a1__forward__rep2	RF00174__4GXY_A__6VMY_A	forward	2	RF00174__4GXY_A	121	G	121	A:121	yes	no	299	NA	NA	NA	96	A	A:297	star3d_only	alignment_gap_in_standard_seed	NA	no	NA	Rfam.seed.gz	15.1	41f014f4ab5628620935f089b1bb77987ebc162fda7c72bff368a32c9cccabac
RF00174__4GXY_A__6VMY_A__a1__forward__rep2	RF00174__4GXY_A__6VMY_A	forward	2	RF00174__4GXY_A	122	G	122	A:122	yes	no	300	NA	NA	NA	97	G	A:298	star3d_only	alignment_gap_in_standard_seed	NA	no	NA	Rfam.seed.gz	15.1	41f014f4ab5628620935f089b1bb77987ebc162fda7c72bff368a32c9cccabac
RF00174__4GXY_A__6VMY_A__a1__forward__rep2	RF00174__4GXY_A__6VMY_A	forward	2	RF00174__4GXY_A	123	G	123	A:123	yes	no	301	NA	NA	NA	98	A	A:299	star3d_only	alignment_gap_in_standard_seed	NA	no	NA	Rfam.seed.gz	15.1	41f014f4ab5628620935f089b1bb77987ebc162fda7c72bff368a32c9cccabac
RF00174__4GXY_A__6VMY_A__a1__forward__rep2	RF00174__4GXY_A__6VMY_A	forward	2	RF00174__4GXY_A	124	A	124	A:124	yes	no	302	NA	NA	NA	99	G	A:300	star3d_only	alignment_gap_in_standard_seed	NA	no	NA	Rfam.seed.gz	15.1	41f014f4ab5628620935f089b1bb77987ebc162fda7c72bff368a32c9cccabac
RF00174__4GXY_A__6VMY_A__a1__forward__rep2	RF00174__4GXY_A__6VMY_A	forward	2	RF00174__4GXY_A	125	A	125	A:125	yes	no	303	NA	NA	NA	100	C	A:301	star3d_only	alignment_gap_in_standard_seed	NA	no	NA	Rfam.seed.gz	15.1	41f014f4ab5628620935f089b1bb77987ebc162fda7c72bff368a32c9cccabac
RF00174__4GXY_A__6VMY_A__a1__forward__rep2	RF00174__4GXY_A__6VMY_A	forward	2	RF00174__4GXY_A	126	G	126	A:126	yes	no	304	NA	NA	NA	101	C	A:302	star3d_only	alignment_gap_in_standard_seed	NA	no	NA	Rfam.seed.gz	15.1	41f014f4ab5628620935f089b1bb77987ebc162fda7c72bff368a32c9cccabac
RF00174__4GXY_A__6VMY_A__a1__forward__rep2	RF00174__4GXY_A__6VMY_A	forward	2	RF00174__4GXY_A	127	G	127	A:127	yes	no	305	NA	NA	NA	102	A	A:303	star3d_only	alignment_gap_in_standard_seed	NA	no	NA	Rfam.seed.gz	15.1	41f014f4ab5628620935f089b1bb77987ebc162fda7c72bff368a32c9cccabac
RF00174__4GXY_A__6VMY_A__a1__forward__rep2	RF00174__4GXY_A__6VMY_A	forward	2	RF00174__4GXY_A	128	C	128	A:128	yes	no	306	NA	NA	NA	103	G	A:304	star3d_only	alignment_gap_in_standard_seed	NA	no	NA	Rfam.seed.gz	15.1	41f014f4ab5628620935f089b1bb77987ebc162fda7c72bff368a32c9cccabac
RF00174__4GXY_A__6VMY_A__a1__forward__rep2	RF00174__4GXY_A__6VMY_A	forward	2	RF00174__4GXY_A	129	G	129	A:129	yes	no	309	NA	NA	NA	104	G	A:305	star3d_only	alignment_gap_in_standard_seed	NA	no	NA	Rfam.seed.gz	15.1	41f014f4ab5628620935f089b1bb77987ebc162fda7c72bff368a32c9cccabac
RF00174__4GXY_A__6VMY_A__a1__forward__rep2	RF00174__4GXY_A__6VMY_A	forward	2	RF00174__4GXY_A	130	G	130	A:130	yes	no	310	NA	NA	NA	NA	NA	NA	neither	alignment_gap_in_standard_seed	algorithm_omission	no	NA	Rfam.seed.gz	15.1	41f014f4ab5628620935f089b1bb77987ebc162fda7c72bff368a32c9cccabac
RF00174__4GXY_A__6VMY_A__a1__forward__rep2	RF00174__4GXY_A__6VMY_A	forward	2	RF00174__4GXY_A	131	A	131	A:131	yes	no	311	NA	NA	NA	NA	NA	NA	neither	alignment_gap_in_standard_seed	algorithm_omission	no	NA	Rfam.seed.gz	15.1	41f014f4ab5628620935f089b1bb77987ebc162fda7c72bff368a32c9cccabac
RF00174__4GXY_A__6VMY_A__a1__forward__rep2	RF00174__4GXY_A__6VMY_A	forward	2	RF00174__4GXY_A	132	G	132	A:132	yes	no	313	NA	NA	NA	NA	NA	NA	neither	alignment_gap_in_standard_seed	algorithm_omission	no	NA	Rfam.seed.gz	15.1	41f014f4ab5628620935f089b1bb77987ebc162fda7c72bff368a32c9cccabac
RF00174__4GXY_A__6VMY_A__a1__forward__rep2	RF00174__4GXY_A__6VMY_A	forward	2	RF00174__4GXY_A	133	G	133	A:133	yes	no	316	NA	NA	NA	NA	NA	NA	neither	alignment_gap_in_standard_seed	algorithm_omission	no	NA	Rfam.seed.gz	15.1	41f014f4ab5628620935f089b1bb77987ebc162fda7c72bff368a32c9cccabac
RF00174__4GXY_A__6VMY_A__a1__forward__rep2	RF00174__4GXY_A__6VMY_A	forward	2	RF00174__4GXY_A	134	G	134	A:134	yes	no	320	NA	NA	NA	NA	NA	NA	neither	alignment_gap_in_standard_seed	algorithm_omission	no	NA	Rfam.seed.gz	15.1	41f014f4ab5628620935f089b1bb77987ebc162fda7c72bff368a32c9cccabac
RF00174__4GXY_A__6VMY_A__a1__forward__rep2	RF00174__4GXY_A__6VMY_A	forward	2	RF00174__4GXY_A	135	G	135	A:135	yes	no	321	NA	NA	NA	NA	NA	NA	neither	alignment_gap_in_standard_seed	algorithm_omission	no	NA	Rfam.seed.gz	15.1	41f014f4ab5628620935f089b1bb77987ebc162fda7c72bff368a32c9cccabac
RF00174__4GXY_A__6VMY_A__a1__forward__rep2	RF00174__4GXY_A__6VMY_A	forward	2	RF00174__4GXY_A	136	C	136	A:136	yes	no	323	NA	NA	NA	NA	NA	NA	neither	alignment_gap_in_standard_seed	algorithm_omission	no	NA	Rfam.seed.gz	15.1	41f014f4ab5628620935f089b1bb77987ebc162fda7c72bff368a32c9cccabac
RF00174__4GXY_A__6VMY_A__a1__forward__rep2	RF00174__4GXY_A__6VMY_A	forward	2	RF00174__4GXY_A	137	G	137	A:137	yes	no	324	NA	NA	NA	NA	NA	NA	neither	alignment_gap_in_standard_seed	algorithm_omission	no	NA	Rfam.seed.gz	15.1	41f014f4ab5628620935f089b1bb77987ebc162fda7c72bff368a32c9cccabac
RF00174__4GXY_A__6VMY_A__a1__forward__rep2	RF00174__4GXY_A__6VMY_A	forward	2	RF00174__4GXY_A	138	G	138	A:138	yes	no	325	NA	NA	NA	NA	NA	NA	neither	alignment_gap_in_standard_seed	algorithm_omission	no	NA	Rfam.seed.gz	15.1	41f014f4ab5628620935f089b1bb77987ebc162fda7c72bff368a32c9cccabac
RF00174__4GXY_A__6VMY_A__a1__forward__rep2	RF00174__4GXY_A__6VMY_A	forward	2	RF00174__4GXY_A	139	C	139	A:139	yes	no	326	NA	NA	NA	NA	NA	NA	neither	alignment_gap_in_standard_seed	algorithm_omission	no	NA	Rfam.seed.gz	15.1	41f014f4ab5628620935f089b1bb77987ebc162fda7c72bff368a32c9cccabac
RF00174__4GXY_A__6VMY_A__a1__forward__rep2	RF00174__4GXY_A__6VMY_A	forward	2	RF00174__4GXY_A	140	G	140	A:140	yes	no	327	NA	NA	NA	NA	NA	NA	neither	alignment_gap_in_standard_seed	algorithm_omission	no	NA	Rfam.seed.gz	15.1	41f014f4ab5628620935f089b1bb77987ebc162fda7c72bff368a32c9cccabac
RF00174__4GXY_A__6VMY_A__a1__forward__rep2	RF00174__4GXY_A__6VMY_A	forward	2	RF00174__4GXY_A	141	A	141	A:141	yes	no	328	NA	NA	NA	NA	NA	NA	neither	alignment_gap_in_standard_seed	algorithm_omission	no	NA	Rfam.seed.gz	15.1	41f014f4ab5628620935f089b1bb77987ebc162fda7c72bff368a32c9cccabac
RF00174__4GXY_A__6VMY_A__a1__forward__rep2	RF00174__4GXY_A__6VMY_A	forward	2	RF00174__4GXY_A	142	G	142	A:142	yes	no	329	NA	NA	NA	NA	NA	NA	neither	alignment_gap_in_standard_seed	algorithm_omission	no	NA	Rfam.seed.gz	15.1	41f014f4ab5628620935f089b1bb77987ebc162fda7c72bff368a32c9cccabac
RF00174__4GXY_A__6VMY_A__a1__forward__rep2	RF00174__4GXY_A__6VMY_A	forward	2	RF00174__4GXY_A	143	G	143	A:143	yes	no	330	NA	NA	NA	NA	NA	NA	neither	alignment_gap_in_standard_seed	algorithm_omission	no	NA	Rfam.seed.gz	15.1	41f014f4ab5628620935f089b1bb77987ebc162fda7c72bff368a32c9cccabac
RF00174__4GXY_A__6VMY_A__a1__forward__rep2	RF00174__4GXY_A__6VMY_A	forward	2	RF00174__4GXY_A	144	A	144	A:144	yes	no	331	NA	NA	NA	NA	NA	NA	neither	alignment_gap_in_standard_seed	algorithm_omission	no	NA	Rfam.seed.gz	15.1	41f014f4ab5628620935f089b1bb77987ebc162fda7c72bff368a32c9cccabac
RF00174__4GXY_A__6VMY_A__a1__forward__rep2	RF00174__4GXY_A__6VMY_A	forward	2	RF00174__4GXY_A	145	U	145	A:145	yes	no	398	92	G	A:293	NA	NA	NA	rfam_only	NA	algorithm_omission	yes	NA	Rfam.seed.gz	15.1	41f014f4ab5628620935f089b1bb77987ebc162fda7c72bff368a32c9cccabac
RF00174__4GXY_A__6VMY_A__a1__forward__rep2	RF00174__4GXY_A__6VMY_A	forward	2	RF00174__4GXY_A	146	C	146	A:146	yes	no	399	93	C	A:294	NA	NA	NA	rfam_only	NA	algorithm_omission	yes	NA	Rfam.seed.gz	15.1	41f014f4ab5628620935f089b1bb77987ebc162fda7c72bff368a32c9cccabac
RF00174__4GXY_A__6VMY_A__a1__forward__rep2	RF00174__4GXY_A__6VMY_A	forward	2	RF00174__4GXY_A	147	C	147	A:147	yes	no	400	94	C	A:295	NA	NA	NA	rfam_only	NA	algorithm_omission	yes	NA	Rfam.seed.gz	15.1	41f014f4ab5628620935f089b1bb77987ebc162fda7c72bff368a32c9cccabac
RF00174__4GXY_A__6VMY_A__a1__forward__rep2	RF00174__4GXY_A__6VMY_A	forward	2	RF00174__4GXY_A	148	G	148	A:148	yes	no	401	95	A	A:296	NA	NA	NA	rfam_only	NA	algorithm_omission	yes	NA	Rfam.seed.gz	15.1	41f014f4ab5628620935f089b1bb77987ebc162fda7c72bff368a32c9cccabac
RF00174__4GXY_A__6VMY_A__a1__forward__rep2	RF00174__4GXY_A__6VMY_A	forward	2	RF00174__4GXY_A	149	G	149	A:149	yes	no	403	97	G	A:298	NA	NA	NA	rfam_only	NA	algorithm_omission	yes	NA	Rfam.seed.gz	15.1	41f014f4ab5628620935f089b1bb77987ebc162fda7c72bff368a32c9cccabac
RF00174__4GXY_A__6VMY_A__a1__forward__rep2	RF00174__4GXY_A__6VMY_A	forward	2	RF00174__4GXY_A	150	A	150	A:150	yes	no	404	98	A	A:299	NA	NA	NA	rfam_only	NA	algorithm_omission	yes	NA	Rfam.seed.gz	15.1	41f014f4ab5628620935f089b1bb77987ebc162fda7c72bff368a32c9cccabac
RF00174__4GXY_A__6VMY_A__a1__forward__rep2	RF00174__4GXY_A__6VMY_A	forward	2	RF00174__4GXY_A	151	G	151	A:151	yes	no	405	99	G	A:300	NA	NA	NA	rfam_only	NA	algorithm_omission	yes	NA	Rfam.seed.gz	15.1	41f014f4ab5628620935f089b1bb77987ebc162fda7c72bff368a32c9cccabac
RF00174__4GXY_A__6VMY_A__a1__forward__rep2	RF00174__4GXY_A__6VMY_A	forward	2	RF00174__4GXY_A	152	U	152	A:152	yes	no	406	100	C	A:301	NA	NA	NA	rfam_only	NA	algorithm_omission	yes	NA	Rfam.seed.gz	15.1	41f014f4ab5628620935f089b1bb77987ebc162fda7c72bff368a32c9cccabac
RF00174__4GXY_A__6VMY_A__a1__forward__rep2	RF00174__4GXY_A__6VMY_A	forward	2	RF00174__4GXY_A	153	C	153	A:153	yes	no	407	101	C	A:302	NA	NA	NA	rfam_only	NA	algorithm_omission	yes	NA	Rfam.seed.gz	15.1	41f014f4ab5628620935f089b1bb77987ebc162fda7c72bff368a32c9cccabac
RF00174__4GXY_A__6VMY_A__a1__forward__rep2	RF00174__4GXY_A__6VMY_A	forward	2	RF00174__4GXY_A	154	A	154	A:154	yes	no	408	102	A	A:303	NA	NA	NA	rfam_only	NA	algorithm_omission	yes	NA	Rfam.seed.gz	15.1	41f014f4ab5628620935f089b1bb77987ebc162fda7c72bff368a32c9cccabac
RF00174__4GXY_A__6VMY_A__a1__forward__rep2	RF00174__4GXY_A__6VMY_A	forward	2	RF00174__4GXY_A	155	G	155	A:155	yes	no	409	103	G	A:304	NA	NA	NA	rfam_only	NA	algorithm_omission	yes	NA	Rfam.seed.gz	15.1	41f014f4ab5628620935f089b1bb77987ebc162fda7c72bff368a32c9cccabac
RF00174__4GXY_A__6VMY_A__a1__forward__rep2	RF00174__4GXY_A__6VMY_A	forward	2	RF00174__4GXY_A	156	G	156	A:156	yes	no	410	104	G	A:305	NA	NA	NA	rfam_only	NA	algorithm_omission	yes	NA	Rfam.seed.gz	15.1	41f014f4ab5628620935f089b1bb77987ebc162fda7c72bff368a32c9cccabac
RF00174__4GXY_A__6VMY_A__a1__forward__rep2	RF00174__4GXY_A__6VMY_A	forward	2	RF00174__4GXY_A	157	A	157	A:157	yes	no	411	105	A	A:306	NA	NA	NA	rfam_only	NA	algorithm_omission	yes	NA	Rfam.seed.gz	15.1	41f014f4ab5628620935f089b1bb77987ebc162fda7c72bff368a32c9cccabac
RF00174__4GXY_A__6VMY_A__a1__forward__rep2	RF00174__4GXY_A__6VMY_A	forward	2	RF00174__4GXY_A	158	A	158	A:158	yes	no	412	106	U	A:307	NA	NA	NA	rfam_only	NA	algorithm_omission	yes	NA	Rfam.seed.gz	15.1	41f014f4ab5628620935f089b1bb77987ebc162fda7c72bff368a32c9cccabac
RF00174__4GXY_A__6VMY_A__a1__forward__rep2	RF00174__4GXY_A__6VMY_A	forward	2	RF00174__4GXY_A	159	A	159	A:159	yes	no	413	107	A	A:308	NA	NA	NA	rfam_only	NA	algorithm_omission	yes	NA	Rfam.seed.gz	15.1	41f014f4ab5628620935f089b1bb77987ebc162fda7c72bff368a32c9cccabac
RF00174__4GXY_A__6VMY_A__a1__forward__rep2	RF00174__4GXY_A__6VMY_A	forward	2	RF00174__4GXY_A	160	C	160	A:160	yes	no	414	108	C	A:309	NA	NA	NA	rfam_only	NA	algorithm_omission	yes	NA	Rfam.seed.gz	15.1	41f014f4ab5628620935f089b1bb77987ebc162fda7c72bff368a32c9cccabac
RF00174__4GXY_A__6VMY_A__a1__forward__rep2	RF00174__4GXY_A__6VMY_A	forward	2	RF00174__4GXY_A	161	C	161	A:161	yes	no	415	109	C	A:310	NA	NA	NA	rfam_only	NA	algorithm_omission	yes	NA	Rfam.seed.gz	15.1	41f014f4ab5628620935f089b1bb77987ebc162fda7c72bff368a32c9cccabac
RF00174__4GXY_A__6VMY_A__a1__forward__rep2	RF00174__4GXY_A__6VMY_A	forward	2	RF00174__4GXY_A	162	U	162	A:162	yes	no	416	110	U	A:311	NA	NA	NA	rfam_only	NA	algorithm_omission	yes	NA	Rfam.seed.gz	15.1	41f014f4ab5628620935f089b1bb77987ebc162fda7c72bff368a32c9cccabac
RF00174__4GXY_A__6VMY_A__a1__forward__rep2	RF00174__4GXY_A__6VMY_A	forward	2	RF00174__4GXY_A	163	G	163	A:163	yes	no	417	111	G	A:312	NA	NA	NA	rfam_only	NA	algorithm_omission	yes	NA	Rfam.seed.gz	15.1	41f014f4ab5628620935f089b1bb77987ebc162fda7c72bff368a32c9cccabac
RF00174__4GXY_A__6VMY_A__a1__forward__rep2	RF00174__4GXY_A__6VMY_A	forward	2	RF00174__4GXY_A	164	C	164	A:164	yes	no	418	112	C	A:313	NA	NA	NA	rfam_only	NA	algorithm_omission	yes	NA	Rfam.seed.gz	15.1	41f014f4ab5628620935f089b1bb77987ebc162fda7c72bff368a32c9cccabac
RF00174__4GXY_A__6VMY_A__a1__forward__rep2	RF00174__4GXY_A__6VMY_A	forward	2	RF00174__4GXY_A	165	C	165	A:165	yes	no	419	113	C	A:314	NA	NA	NA	rfam_only	NA	algorithm_omission	yes	NA	Rfam.seed.gz	15.1	41f014f4ab5628620935f089b1bb77987ebc162fda7c72bff368a32c9cccabac
RF00174__4GXY_A__6VMY_A__a1__forward__rep2	RF00174__4GXY_A__6VMY_A	forward	2	RF00174__4GXY_A	166	U	166	A:166	yes	no	420	114	U	A:315	NA	NA	NA	rfam_only	NA	algorithm_omission	yes	NA	Rfam.seed.gz	15.1	41f014f4ab5628620935f089b1bb77987ebc162fda7c72bff368a32c9cccabac
RF00174__4GXY_A__6VMY_A__a1__forward__rep2	RF00174__4GXY_A__6VMY_A	forward	2	RF00174__4GXY_A	167	G	167	A:167	yes	no	422	116	U	A:317	NA	NA	NA	rfam_only	NA	algorithm_omission	yes	NA	Rfam.seed.gz	15.1	41f014f4ab5628620935f089b1bb77987ebc162fda7c72bff368a32c9cccabac
RF00174__4GXY_A__6VMY_A__a1__forward__rep2	RF00174__4GXY_A__6VMY_A	forward	2	RF00174__4GXY_A	168	C	168	A:168	yes	no	423	117	U	A:318	NA	NA	NA	rfam_only	NA	algorithm_omission	yes	NA	Rfam.seed.gz	15.1	41f014f4ab5628620935f089b1bb77987ebc162fda7c72bff368a32c9cccabac
RF00174__4GXY_A__6VMY_A__a1__forward__rep2	RF00174__4GXY_A__6VMY_A	forward	2	RF00174__4GXY_A	169	C	169	A:169	yes	no	424	118	U	A:319	NA	NA	NA	rfam_only	NA	algorithm_omission	yes	NA	Rfam.seed.gz	15.1	41f014f4ab5628620935f089b1bb77987ebc162fda7c72bff368a32c9cccabac
RF00174__4GXY_A__6VMY_A__a1__forward__rep2	RF00174__4GXY_A__6VMY_A	forward	2	RF00174__4GXY_A	170	G	170	A:170	yes	no	426	120	A	A:321	NA	NA	NA	rfam_only	NA	algorithm_omission	yes	NA	Rfam.seed.gz	15.1	41f014f4ab5628620935f089b1bb77987ebc162fda7c72bff368a32c9cccabac
RF00174__4GXY_A__6VMY_A__a1__forward__rep2	RF00174__4GXY_A__6VMY_A	forward	2	RF00174__4GXY_A	171	U	171	A:171	yes	yes	427	121	U	A:322	NA	NA	NA	rfam_only	NA	algorithm_omission	no	NA	Rfam.seed.gz	15.1	41f014f4ab5628620935f089b1bb77987ebc162fda7c72bff368a32c9cccabac
RF00174__4GXY_A__6VMY_A__a1__forward__rep2	RF00174__4GXY_A__6VMY_A	forward	2	RF00174__4GXY_A	172	C	172	A:172	yes	yes	428	122	C	A:323	NA	NA	NA	rfam_only	NA	algorithm_omission	no	NA	Rfam.seed.gz	15.1	41f014f4ab5628620935f089b1bb77987ebc162fda7c72bff368a32c9cccabac
RF00174__4GXY_A__6VMY_A__a1__forward__rep3	RF00174__4GXY_A__6VMY_A	forward	3	RF00174__4GXY_A	1	G	1	A:1	yes	yes	12	3	U	A:204	NA	NA	NA	rfam_only	NA	algorithm_omission	no	NA	Rfam.seed.gz	15.1	41f014f4ab5628620935f089b1bb77987ebc162fda7c72bff368a32c9cccabac
RF00174__4GXY_A__6VMY_A__a1__forward__rep3	RF00174__4GXY_A__6VMY_A	forward	3	RF00174__4GXY_A	2	G	2	A:2	yes	no	13	4	C	A:205	NA	NA	NA	rfam_only	NA	algorithm_omission	yes	NA	Rfam.seed.gz	15.1	41f014f4ab5628620935f089b1bb77987ebc162fda7c72bff368a32c9cccabac
RF00174__4GXY_A__6VMY_A__a1__forward__rep3	RF00174__4GXY_A__6VMY_A	forward	3	RF00174__4GXY_A	3	C	3	A:3	yes	no	14	5	A	A:206	NA	NA	NA	rfam_only	NA	algorithm_omission	yes	NA	Rfam.seed.gz	15.1	41f014f4ab5628620935f089b1bb77987ebc162fda7c72bff368a32c9cccabac
RF00174__4GXY_A__6VMY_A__a1__forward__rep3	RF00174__4GXY_A__6VMY_A	forward	3	RF00174__4GXY_A	4	G	4	A:4	yes	no	15	6	A	A:207	NA	NA	NA	rfam_only	NA	algorithm_omission	yes	NA	Rfam.seed.gz	15.1	41f014f4ab5628620935f089b1bb77987ebc162fda7c72bff368a32c9cccabac
RF00174__4GXY_A__6VMY_A__a1__forward__rep3	RF00174__4GXY_A__6VMY_A	forward	3	RF00174__4GXY_A	5	G	5	A:5	yes	no	16	7	A	A:208	NA	NA	NA	rfam_only	NA	algorithm_omission	yes	NA	Rfam.seed.gz	15.1	41f014f4ab5628620935f089b1bb77987ebc162fda7c72bff368a32c9cccabac
RF00174__4GXY_A__6VMY_A__a1__forward__rep3	RF00174__4GXY_A__6VMY_A	forward	3	RF00174__4GXY_A	6	C	6	A:6	yes	no	18	8	U	A:209	NA	NA	NA	rfam_only	NA	algorithm_omission	yes	NA	Rfam.seed.gz	15.1	41f014f4ab5628620935f089b1bb77987ebc162fda7c72bff368a32c9cccabac
RF00174__4GXY_A__6VMY_A__a1__forward__rep3	RF00174__4GXY_A__6VMY_A	forward	3	RF00174__4GXY_A	7	A	7	A:7	yes	no	20	9	A	A:210	NA	NA	NA	rfam_only	NA	algorithm_omission	yes	NA	Rfam.seed.gz	15.1	41f014f4ab5628620935f089b1bb77987ebc162fda7c72bff368a32c9cccabac
RF00174__4GXY_A__6VMY_A__a1__forward__rep3	RF00174__4GXY_A__6VMY_A	forward	3	RF00174__4GXY_A	8	G	8	A:8	yes	no	22	10	G	A:211	NA	NA	NA	rfam_only	NA	algorithm_omission	yes	NA	Rfam.seed.gz	15.1	41f014f4ab5628620935f089b1bb77987ebc162fda7c72bff368a32c9cccabac
RF00174__4GXY_A__6VMY_A__a1__forward__rep3	RF00174__4GXY_A__6VMY_A	forward	3	RF00174__4GXY_A	9	G	9	A:9	yes	no	24	11	G	A:212	NA	NA	NA	rfam_only	NA	algorithm_omission	yes	NA	Rfam.seed.gz	15.1	41f014f4ab5628620935f089b1bb77987ebc162fda7c72bff368a32c9cccabac
RF00174__4GXY_A__6VMY_A__a1__forward__rep3	RF00174__4GXY_A__6VMY_A	forward	3	RF00174__4GXY_A	10	U	10	A:10	yes	no	25	12	U	A:213	NA	NA	NA	rfam_only	NA	algorithm_omission	yes	NA	Rfam.seed.gz	15.1	41f014f4ab5628620935f089b1bb77987ebc162fda7c72bff368a32c9cccabac
RF00174__4GXY_A__6VMY_A__a1__forward__rep3	RF00174__4GXY_A__6VMY_A	forward	3	RF00174__4GXY_A	11	G	11	A:11	yes	no	29	NA	NA	NA	NA	NA	NA	neither	alignment_gap_in_standard_seed	algorithm_omission	no	NA	Rfam.seed.gz	15.1	41f014f4ab5628620935f089b1bb77987ebc162fda7c72bff368a32c9cccabac
RF00174__4GXY_A__6VMY_A__a1__forward__rep3	RF00174__4GXY_A__6VMY_A	forward	3	RF00174__4GXY_A	12	C	12	A:12	yes	no	30	13	G	A:214	NA	NA	NA	rfam_only	NA	algorithm_omission	yes	NA	Rfam.seed.gz	15.1	41f014f4ab5628620935f089b1bb77987ebc162fda7c72bff368a32c9cccabac
RF00174__4GXY_A__6VMY_A__a1__forward__rep3	RF00174__4GXY_A__6VMY_A	forward	3	RF00174__4GXY_A	13	U	13	A:13	yes	no	31	14	C	A:215	NA	NA	NA	rfam_only	NA	algorithm_omission	yes	NA	Rfam.seed.gz	15.1	41f014f4ab5628620935f089b1bb77987ebc162fda7c72bff368a32c9cccabac
RF00174__4GXY_A__6VMY_A__a1__forward__rep3	RF00174__4GXY_A__6VMY_A	forward	3	RF00174__4GXY_A	14	C	14	A:14	yes	no	32	15	C	A:216	NA	NA	NA	rfam_only	NA	algorithm_omission	yes	NA	Rfam.seed.gz	15.1	41f014f4ab5628620935f089b1bb77987ebc162fda7c72bff368a32c9cccabac
RF00174__4GXY_A__6VMY_A__a1__forward__rep3	RF00174__4GXY_A__6VMY_A	forward	3	RF00174__4GXY_A	15	C	15	A:15	yes	no	33	16	G	A:217	NA	NA	NA	rfam_only	NA	algorithm_omission	yes	NA	Rfam.seed.gz	15.1	41f014f4ab5628620935f089b1bb77987ebc162fda7c72bff368a32c9cccabac
RF00174__4GXY_A__6VMY_A__a1__forward__rep3	RF00174__4GXY_A__6VMY_A	forward	3	RF00174__4GXY_A	16	C	16	A:16	yes	no	34	17	G	A:218	NA	NA	NA	rfam_only	NA	algorithm_omission	yes	NA	Rfam.seed.gz	15.1	41f014f4ab5628620935f089b1bb77987ebc162fda7c72bff368a32c9cccabac
RF00174__4GXY_A__6VMY_A__a1__forward__rep3	RF00174__4GXY_A__6VMY_A	forward	3	RF00174__4GXY_A	17	G	17	A:17	yes	no	35	18	U	A:219	NA	NA	NA	rfam_only	NA	algorithm_omission	yes	NA	Rfam.seed.gz	15.1	41f014f4ab5628620935f089b1bb77987ebc162fda7c72bff368a32c9cccabac
RF00174__4GXY_A__6VMY_A__a1__forward__rep3	RF00174__4GXY_A__6VMY_A	forward	3	RF00174__4GXY_A	18	A	18	A:18	yes	no	36	19	C	A:220	NA	NA	NA	rfam_only	NA	algorithm_omission	yes	NA	Rfam.seed.gz	15.1	41f014f4ab5628620935f089b1bb77987ebc162fda7c72bff368a32c9cccabac
RF00174__4GXY_A__6VMY_A__a1__forward__rep3	RF00174__4GXY_A__6VMY_A	forward	3	RF00174__4GXY_A	19	C	19	A:19	yes	no	37	20	C	A:221	NA	NA	NA	rfam_only	NA	algorithm_omission	yes	NA	Rfam.seed.gz	15.1	41f014f4ab5628620935f089b1bb77987ebc162fda7c72bff368a32c9cccabac
RF00174__4GXY_A__6VMY_A__a1__forward__rep3	RF00174__4GXY_A__6VMY_A	forward	3	RF00174__4GXY_A	20	C	20	A:20	no	no	38	21	G	A:222	NA	NA	NA	rfam_only	NA	missing_coordinates_source	no	NA	Rfam.seed.gz	15.1	41f014f4ab5628620935f089b1bb77987ebc162fda7c72bff368a32c9cccabac
RF00174__4GXY_A__6VMY_A__a1__forward__rep3	RF00174__4GXY_A__6VMY_A	forward	3	RF00174__4GXY_A	21	C	21	A:21	no	no	57	24	A	A:225	NA	NA	NA	rfam_only	NA	missing_coordinates_source	no	NA	Rfam.seed.gz	15.1	41f014f4ab5628620935f089b1bb77987ebc162fda7c72bff368a32c9cccabac
RF00174__4GXY_A__6VMY_A__a1__forward__rep3	RF00174__4GXY_A__6VMY_A	forward	3	RF00174__4GXY_A	22	U	22	A:22	no	no	58	25	A	A:226	NA	NA	NA	rfam_only	NA	missing_coordinates_source	no	NA	Rfam.seed.gz	15.1	41f014f4ab5628620935f089b1bb77987ebc162fda7c72bff368a32c9cccabac
RF00174__4GXY_A__6VMY_A__a1__forward__rep3	RF00174__4GXY_A__6VMY_A	forward	3	RF00174__4GXY_A	23	G	23	A:23	no	no	59	26	C	A:227	NA	NA	NA	rfam_only	NA	missing_coordinates_source	no	NA	Rfam.seed.gz	15.1	41f014f4ab5628620935f089b1bb77987ebc162fda7c72bff368a32c9cccabac
RF00174__4GXY_A__6VMY_A__a1__forward__rep3	RF00174__4GXY_A__6VMY_A	forward	3	RF00174__4GXY_A	24	C	24	A:24	no	no	60	27	A	A:228	NA	NA	NA	rfam_only	NA	missing_coordinates_source	no	NA	Rfam.seed.gz	15.1	41f014f4ab5628620935f089b1bb77987ebc162fda7c72bff368a32c9cccabac
RF00174__4GXY_A__6VMY_A__a1__forward__rep3	RF00174__4GXY_A__6VMY_A	forward	3	RF00174__4GXY_A	25	G	25	A:25	no	no	61	28	A	A:229	NA	NA	NA	rfam_only	NA	missing_coordinates_source	no	NA	Rfam.seed.gz	15.1	41f014f4ab5628620935f089b1bb77987ebc162fda7c72bff368a32c9cccabac
RF00174__4GXY_A__6VMY_A__a1__forward__rep3	RF00174__4GXY_A__6VMY_A	forward	3	RF00174__4GXY_A	26	G	26	A:26	yes	no	62	29	C	A:230	NA	NA	NA	rfam_only	NA	algorithm_omission	yes	NA	Rfam.seed.gz	15.1	41f014f4ab5628620935f089b1bb77987ebc162fda7c72bff368a32c9cccabac
RF00174__4GXY_A__6VMY_A__a1__forward__rep3	RF00174__4GXY_A__6VMY_A	forward	3	RF00174__4GXY_A	27	U	27	A:27	yes	no	63	30	A	A:231	NA	NA	NA	rfam_only	NA	algorithm_omission	yes	NA	Rfam.seed.gz	15.1	41f014f4ab5628620935f089b1bb77987ebc162fda7c72bff368a32c9cccabac
RF00174__4GXY_A__6VMY_A__a1__forward__rep3	RF00174__4GXY_A__6VMY_A	forward	3	RF00174__4GXY_A	28	C	28	A:28	yes	no	65	31	G	A:232	NA	NA	NA	rfam_only	NA	algorithm_omission	yes	NA	Rfam.seed.gz	15.1	41f014f4ab5628620935f089b1bb77987ebc162fda7c72bff368a32c9cccabac
RF00174__4GXY_A__6VMY_A__a1__forward__rep3	RF00174__4GXY_A__6VMY_A	forward	3	RF00174__4GXY_A	29	G	29	A:29	yes	no	66	32	C	A:233	NA	NA	NA	rfam_only	NA	algorithm_omission	yes	NA	Rfam.seed.gz	15.1	41f014f4ab5628620935f089b1bb77987ebc162fda7c72bff368a32c9cccabac
RF00174__4GXY_A__6VMY_A__a1__forward__rep3	RF00174__4GXY_A__6VMY_A	forward	3	RF00174__4GXY_A	30	G	30	A:30	yes	no	67	33	C	A:234	NA	NA	NA	rfam_only	NA	algorithm_omission	yes	NA	Rfam.seed.gz	15.1	41f014f4ab5628620935f089b1bb77987ebc162fda7c72bff368a32c9cccabac
RF00174__4GXY_A__6VMY_A__a1__forward__rep3	RF00174__4GXY_A__6VMY_A	forward	3	RF00174__4GXY_A	31	G	31	A:31	yes	no	68	34	G	A:235	NA	NA	NA	rfam_only	NA	algorithm_omission	yes	NA	Rfam.seed.gz	15.1	41f014f4ab5628620935f089b1bb77987ebc162fda7c72bff368a32c9cccabac
RF00174__4GXY_A__6VMY_A__a1__forward__rep3	RF00174__4GXY_A__6VMY_A	forward	3	RF00174__4GXY_A	32	A	32	A:32	yes	no	69	35	G	A:236	NA	NA	NA	rfam_only	NA	algorithm_omission	yes	NA	Rfam.seed.gz	15.1	41f014f4ab5628620935f089b1bb77987ebc162fda7c72bff368a32c9cccabac
RF00174__4GXY_A__6VMY_A__a1__forward__rep3	RF00174__4GXY_A__6VMY_A	forward	3	RF00174__4GXY_A	33	G	33	A:33	yes	no	70	36	C	A:237	NA	NA	NA	rfam_only	NA	algorithm_omission	yes	NA	Rfam.seed.gz	15.1	41f014f4ab5628620935f089b1bb77987ebc162fda7c72bff368a32c9cccabac
RF00174__4GXY_A__6VMY_A__a1__forward__rep3	RF00174__4GXY_A__6VMY_A	forward	3	RF00174__4GXY_A	34	U	34	A:34	yes	no	71	37	U	A:238	NA	NA	NA	rfam_only	NA	algorithm_omission	yes	NA	Rfam.seed.gz	15.1	41f014f4ab5628620935f089b1bb77987ebc162fda7c72bff368a32c9cccabac
RF00174__4GXY_A__6VMY_A__a1__forward__rep3	RF00174__4GXY_A__6VMY_A	forward	3	RF00174__4GXY_A	35	U	35	A:35	yes	no	72	38	U	A:239	NA	NA	NA	rfam_only	NA	algorithm_omission	yes	NA	Rfam.seed.gz	15.1	41f014f4ab5628620935f089b1bb77987ebc162fda7c72bff368a32c9cccabac
RF00174__4GXY_A__6VMY_A__a1__forward__rep3	RF00174__4GXY_A__6VMY_A	forward	3	RF00174__4GXY_A	36	A	36	A:36	yes	no	77	39	A	A:240	NA	NA	NA	rfam_only	NA	algorithm_omission	yes	NA	Rfam.seed.gz	15.1	41f014f4ab5628620935f089b1bb77987ebc162fda7c72bff368a32c9cccabac
RF00174__4GXY_A__6VMY_A__a1__forward__rep3	RF00174__4GXY_A__6VMY_A	forward	3	RF00174__4GXY_A	37	A	37	A:37	yes	no	78	40	A	A:241	NA	NA	NA	rfam_only	NA	algorithm_omission	yes	NA	Rfam.seed.gz	15.1	41f014f4ab5628620935f089b1bb77987ebc162fda7c72bff368a32c9cccabac
RF00174__4GXY_A__6VMY_A__a1__forward__rep3	RF00174__4GXY_A__6VMY_A	forward	3	RF00174__4GXY_A	38	A	38	A:38	yes	no	79	41	A	A:242	NA	NA	NA	rfam_only	NA	algorithm_omission	yes	NA	Rfam.seed.gz	15.1	41f014f4ab5628620935f089b1bb77987ebc162fda7c72bff368a32c9cccabac
RF00174__4GXY_A__6VMY_A__a1__forward__rep3	RF00174__4GXY_A__6VMY_A	forward	3	RF00174__4GXY_A	39	A	39	A:39	yes	no	80	42	A	A:243	NA	NA	NA	rfam_only	NA	algorithm_omission	yes	NA	Rfam.seed.gz	15.1	41f014f4ab5628620935f089b1bb77987ebc162fda7c72bff368a32c9cccabac
RF00174__4GXY_A__6VMY_A__a1__forward__rep3	RF00174__4GXY_A__6VMY_A	forward	3	RF00174__4GXY_A	40	G	40	A:40	yes	no	82	43	G	A:244	NA	NA	NA	rfam_only	NA	algorithm_omission	yes	NA	Rfam.seed.gz	15.1	41f014f4ab5628620935f089b1bb77987ebc162fda7c72bff368a32c9cccabac
RF00174__4GXY_A__6VMY_A__a1__forward__rep3	RF00174__4GXY_A__6VMY_A	forward	3	RF00174__4GXY_A	41	G	41	A:41	yes	no	83	44	G	A:245	NA	NA	NA	rfam_only	NA	algorithm_omission	yes	NA	Rfam.seed.gz	15.1	41f014f4ab5628620935f089b1bb77987ebc162fda7c72bff368a32c9cccabac
RF00174__4GXY_A__6VMY_A__a1__forward__rep3	RF00174__4GXY_A__6VMY_A	forward	3	RF00174__4GXY_A	42	G	42	A:42	yes	no	84	45	G	A:246	NA	NA	NA	rfam_only	NA	algorithm_omission	yes	NA	Rfam.seed.gz	15.1	41f014f4ab5628620935f089b1bb77987ebc162fda7c72bff368a32c9cccabac
RF00174__4GXY_A__6VMY_A__a1__forward__rep3	RF00174__4GXY_A__6VMY_A	forward	3	RF00174__4GXY_A	43	A	43	A:43	yes	no	85	46	A	A:247	NA	NA	NA	rfam_only	NA	algorithm_omission	yes	NA	Rfam.seed.gz	15.1	41f014f4ab5628620935f089b1bb77987ebc162fda7c72bff368a32c9cccabac
RF00174__4GXY_A__6VMY_A__a1__forward__rep3	RF00174__4GXY_A__6VMY_A	forward	3	RF00174__4GXY_A	44	A	44	A:44	yes	no	86	47	A	A:248	NA	NA	NA	rfam_only	NA	algorithm_omission	yes	NA	Rfam.seed.gz	15.1	41f014f4ab5628620935f089b1bb77987ebc162fda7c72bff368a32c9cccabac
RF00174__4GXY_A__6VMY_A__a1__forward__rep3	RF00174__4GXY_A__6VMY_A	forward	3	RF00174__4GXY_A	45	G	45	A:45	yes	no	88	48	A	A:249	NA	NA	NA	rfam_only	NA	algorithm_omission	yes	NA	Rfam.seed.gz	15.1	41f014f4ab5628620935f089b1bb77987ebc162fda7c72bff368a32c9cccabac
RF00174__4GXY_A__6VMY_A__a1__forward__rep3	RF00174__4GXY_A__6VMY_A	forward	3	RF00174__4GXY_A	46	C	46	A:46	yes	no	90	49	C	A:250	NA	NA	NA	rfam_only	NA	algorithm_omission	yes	NA	Rfam.seed.gz	15.1	41f014f4ab5628620935f089b1bb77987ebc162fda7c72bff368a32c9cccabac
RF00174__4GXY_A__6VMY_A__a1__forward__rep3	RF00174__4GXY_A__6VMY_A	forward	3	RF00174__4GXY_A	47	C	47	A:47	yes	no	91	50	C	A:251	NA	NA	NA	rfam_only	NA	algorithm_omission	yes	NA	Rfam.seed.gz	15.1	41f014f4ab5628620935f089b1bb77987ebc162fda7c72bff368a32c9cccabac
RF00174__4GXY_A__6VMY_A__a1__forward__rep3	RF00174__4GXY_A__6VMY_A	forward	3	RF00174__4GXY_A	48	G	48	A:48	yes	no	93	51	G	A:252	NA	NA	NA	rfam_only	NA	algorithm_omission	yes	NA	Rfam.seed.gz	15.1	41f014f4ab5628620935f089b1bb77987ebc162fda7c72bff368a32c9cccabac
RF00174__4GXY_A__6VMY_A__a1__forward__rep3	RF00174__4GXY_A__6VMY_A	forward	3	RF00174__4GXY_A	49	G	49	A:49	yes	no	94	52	G	A:253	NA	NA	NA	rfam_only	NA	algorithm_omission	yes	NA	Rfam.seed.gz	15.1	41f014f4ab5628620935f089b1bb77987ebc162fda7c72bff368a32c9cccabac
RF00174__4GXY_A__6VMY_A__a1__forward__rep3	RF00174__4GXY_A__6VMY_A	forward	3	RF00174__4GXY_A	50	U	50	A:50	yes	no	96	53	U	A:254	NA	NA	NA	rfam_only	NA	algorithm_omission	yes	NA	Rfam.seed.gz	15.1	41f014f4ab5628620935f089b1bb77987ebc162fda7c72bff368a32c9cccabac
RF00174__4GXY_A__6VMY_A__a1__forward__rep3	RF00174__4GXY_A__6VMY_A	forward	3	RF00174__4GXY_A	51	G	51	A:51	yes	no	97	NA	NA	NA	NA	NA	NA	neither	alignment_gap_in_standard_seed	algorithm_omission	no	NA	Rfam.seed.gz	15.1	41f014f4ab5628620935f089b1bb77987ebc162fda7c72bff368a32c9cccabac
RF00174__4GXY_A__6VMY_A__a1__forward__rep3	RF00174__4GXY_A__6VMY_A	forward	3	RF00174__4GXY_A	52	C	52	A:52	yes	no	98	54	A	A:255	NA	NA	NA	rfam_only	NA	algorithm_omission	yes	NA	Rfam.seed.gz	15.1	41f014f4ab5628620935f089b1bb77987ebc162fda7c72bff368a32c9cccabac
RF00174__4GXY_A__6VMY_A__a1__forward__rep3	RF00174__4GXY_A__6VMY_A	forward	3	RF00174__4GXY_A	53	A	53	A:53	yes	no	130	55	A	A:256	NA	NA	NA	rfam_only	NA	algorithm_omission	yes	NA	Rfam.seed.gz	15.1	41f014f4ab5628620935f089b1bb77987ebc162fda7c72bff368a32c9cccabac
RF00174__4GXY_A__6VMY_A__a1__forward__rep3	RF00174__4GXY_A__6VMY_A	forward	3	RF00174__4GXY_A	54	A	54	A:54	yes	no	131	56	A	A:257	NA	NA	NA	rfam_only	NA	algorithm_omission	yes	NA	Rfam.seed.gz	15.1	41f014f4ab5628620935f089b1bb77987ebc162fda7c72bff368a32c9cccabac
RF00174__4GXY_A__6VMY_A__a1__forward__rep3	RF00174__4GXY_A__6VMY_A	forward	3	RF00174__4GXY_A	55	G	55	A:55	yes	no	132	57	A	A:258	NA	NA	NA	rfam_only	NA	algorithm_omission	yes	NA	Rfam.seed.gz	15.1	41f014f4ab5628620935f089b1bb77987ebc162fda7c72bff368a32c9cccabac
RF00174__4GXY_A__6VMY_A__a1__forward__rep3	RF00174__4GXY_A__6VMY_A	forward	3	RF00174__4GXY_A	56	U	56	A:56	yes	no	133	58	G	A:259	NA	NA	NA	rfam_only	NA	algorithm_omission	yes	NA	Rfam.seed.gz	15.1	41f014f4ab5628620935f089b1bb77987ebc162fda7c72bff368a32c9cccabac
RF00174__4GXY_A__6VMY_A__a1__forward__rep3	RF00174__4GXY_A__6VMY_A	forward	3	RF00174__4GXY_A	57	C	57	A:57	yes	no	134	59	C	A:260	NA	NA	NA	rfam_only	NA	algorithm_omission	yes	NA	Rfam.seed.gz	15.1	41f014f4ab5628620935f089b1bb77987ebc162fda7c72bff368a32c9cccabac
RF00174__4GXY_A__6VMY_A__a1__forward__rep3	RF00174__4GXY_A__6VMY_A	forward	3	RF00174__4GXY_A	58	C	58	A:58	yes	no	135	60	C	A:261	NA	NA	NA	rfam_only	NA	algorithm_omission	yes	NA	Rfam.seed.gz	15.1	41f014f4ab5628620935f089b1bb77987ebc162fda7c72bff368a32c9cccabac
RF00174__4GXY_A__6VMY_A__a1__forward__rep3	RF00174__4GXY_A__6VMY_A	forward	3	RF00174__4GXY_A	59	G	59	A:59	yes	no	136	61	G	A:262	NA	NA	NA	rfam_only	NA	algorithm_omission	yes	NA	Rfam.seed.gz	15.1	41f014f4ab5628620935f089b1bb77987ebc162fda7c72bff368a32c9cccabac
RF00174__4GXY_A__6VMY_A__a1__forward__rep3	RF00174__4GXY_A__6VMY_A	forward	3	RF00174__4GXY_A	60	G	60	A:60	yes	no	137	62	G	A:263	NA	NA	NA	rfam_only	NA	algorithm_omission	yes	NA	Rfam.seed.gz	15.1	41f014f4ab5628620935f089b1bb77987ebc162fda7c72bff368a32c9cccabac
RF00174__4GXY_A__6VMY_A__a1__forward__rep3	RF00174__4GXY_A__6VMY_A	forward	3	RF00174__4GXY_A	61	C	61	A:61	yes	no	139	63	U	A:264	NA	NA	NA	rfam_only	NA	algorithm_omission	yes	NA	Rfam.seed.gz	15.1	41f014f4ab5628620935f089b1bb77987ebc162fda7c72bff368a32c9cccabac
RF00174__4GXY_A__6VMY_A__a1__forward__rep3	RF00174__4GXY_A__6VMY_A	forward	3	RF00174__4GXY_A	62	A	62	A:62	yes	no	140	64	G	A:265	NA	NA	NA	rfam_only	NA	algorithm_omission	yes	NA	Rfam.seed.gz	15.1	41f014f4ab5628620935f089b1bb77987ebc162fda7c72bff368a32c9cccabac
RF00174__4GXY_A__6VMY_A__a1__forward__rep3	RF00174__4GXY_A__6VMY_A	forward	3	RF00174__4GXY_A	63	C	63	A:63	yes	no	141	65	C	A:266	NA	NA	NA	rfam_only	NA	algorithm_omission	yes	NA	Rfam.seed.gz	15.1	41f014f4ab5628620935f089b1bb77987ebc162fda7c72bff368a32c9cccabac
RF00174__4GXY_A__6VMY_A__a1__forward__rep3	RF00174__4GXY_A__6VMY_A	forward	3	RF00174__4GXY_A	64	G	64	A:64	yes	no	142	66	G	A:267	NA	NA	NA	rfam_only	NA	algorithm_omission	yes	NA	Rfam.seed.gz	15.1	41f014f4ab5628620935f089b1bb77987ebc162fda7c72bff368a32c9cccabac
RF00174__4GXY_A__6VMY_A__a1__forward__rep3	RF00174__4GXY_A__6VMY_A	forward	3	RF00174__4GXY_A	65	G	65	A:65	yes	no	143	67	G	A:268	NA	NA	NA	rfam_only	NA	algorithm_omission	yes	NA	Rfam.seed.gz	15.1	41f014f4ab5628620935f089b1bb77987ebc162fda7c72bff368a32c9cccabac
RF00174__4GXY_A__6VMY_A__a1__forward__rep3	RF00174__4GXY_A__6VMY_A	forward	3	RF00174__4GXY_A	66	U	66	A:66	yes	no	144	68	U	A:269	NA	NA	NA	rfam_only	NA	algorithm_omission	yes	NA	Rfam.seed.gz	15.1	41f014f4ab5628620935f089b1bb77987ebc162fda7c72bff368a32c9cccabac
RF00174__4GXY_A__6VMY_A__a1__forward__rep3	RF00174__4GXY_A__6VMY_A	forward	3	RF00174__4GXY_A	67	C	67	A:67	yes	no	146	69	C	A:270	NA	NA	NA	rfam_only	NA	algorithm_omission	yes	NA	Rfam.seed.gz	15.1	41f014f4ab5628620935f089b1bb77987ebc162fda7c72bff368a32c9cccabac
RF00174__4GXY_A__6VMY_A__a1__forward__rep3	RF00174__4GXY_A__6VMY_A	forward	3	RF00174__4GXY_A	68	C	68	A:68	yes	no	148	70	C	A:271	NA	NA	NA	rfam_only	NA	algorithm_omission	yes	NA	Rfam.seed.gz	15.1	41f014f4ab5628620935f089b1bb77987ebc162fda7c72bff368a32c9cccabac
RF00174__4GXY_A__6VMY_A__a1__forward__rep3	RF00174__4GXY_A__6VMY_A	forward	3	RF00174__4GXY_A	69	C	69	A:69	yes	no	149	71	C	A:272	NA	NA	NA	rfam_only	NA	algorithm_omission	yes	NA	Rfam.seed.gz	15.1	41f014f4ab5628620935f089b1bb77987ebc162fda7c72bff368a32c9cccabac
RF00174__4GXY_A__6VMY_A__a1__forward__rep3	RF00174__4GXY_A__6VMY_A	forward	3	RF00174__4GXY_A	70	G	70	A:70	yes	no	151	72	G	A:273	NA	NA	NA	rfam_only	NA	algorithm_omission	yes	NA	Rfam.seed.gz	15.1	41f014f4ab5628620935f089b1bb77987ebc162fda7c72bff368a32c9cccabac
RF00174__4GXY_A__6VMY_A__a1__forward__rep3	RF00174__4GXY_A__6VMY_A	forward	3	RF00174__4GXY_A	71	C	71	A:71	yes	no	152	73	C	A:274	NA	NA	NA	rfam_only	NA	algorithm_omission	yes	NA	Rfam.seed.gz	15.1	41f014f4ab5628620935f089b1bb77987ebc162fda7c72bff368a32c9cccabac
RF00174__4GXY_A__6VMY_A__a1__forward__rep3	RF00174__4GXY_A__6VMY_A	forward	3	RF00174__4GXY_A	72	C	72	A:72	yes	no	153	74	C	A:275	NA	NA	NA	rfam_only	NA	algorithm_omission	yes	NA	Rfam.seed.gz	15.1	41f014f4ab5628620935f089b1bb77987ebc162fda7c72bff368a32c9cccabac
RF00174__4GXY_A__6VMY_A__a1__forward__rep3	RF00174__4GXY_A__6VMY_A	forward	3	RF00174__4GXY_A	73	A	73	A:73	yes	no	154	75	A	A:276	NA	NA	NA	rfam_only	NA	algorithm_omission	yes	NA	Rfam.seed.gz	15.1	41f014f4ab5628620935f089b1bb77987ebc162fda7c72bff368a32c9cccabac
RF00174__4GXY_A__6VMY_A__a1__forward__rep3	RF00174__4GXY_A__6VMY_A	forward	3	RF00174__4GXY_A	74	C	74	A:74	yes	no	155	76	C	A:277	NA	NA	NA	rfam_only	NA	algorithm_omission	yes	NA	Rfam.seed.gz	15.1	41f014f4ab5628620935f089b1bb77987ebc162fda7c72bff368a32c9cccabac
RF00174__4GXY_A__6VMY_A__a1__forward__rep3	RF00174__4GXY_A__6VMY_A	forward	3	RF00174__4GXY_A	75	U	75	A:75	yes	no	156	77	U	A:278	NA	NA	NA	rfam_only	NA	algorithm_omission	yes	NA	Rfam.seed.gz	15.1	41f014f4ab5628620935f089b1bb77987ebc162fda7c72bff368a32c9cccabac
RF00174__4GXY_A__6VMY_A__a1__forward__rep3	RF00174__4GXY_A__6VMY_A	forward	3	RF00174__4GXY_A	76	G	76	A:76	yes	no	157	78	G	A:279	NA	NA	NA	rfam_only	NA	algorithm_omission	yes	NA	Rfam.seed.gz	15.1	41f014f4ab5628620935f089b1bb77987ebc162fda7c72bff368a32c9cccabac
RF00174__4GXY_A__6VMY_A__a1__forward__rep3	RF00174__4GXY_A__6VMY_A	forward	3	RF00174__4GXY_A	77	U	77	A:77	yes	no	158	79	U	A:280	49	C	A:250	different_partner	NA	NA	yes	-30	Rfam.seed.gz	15.1	41f014f4ab5628620935f089b1bb77987ebc162fda7c72bff368a32c9cccabac
RF00174__4GXY_A__6VMY_A__a1__forward__rep3	RF00174__4GXY_A__6VMY_A	forward	3	RF00174__4GXY_A	78	G	78	A:78	yes	no	159	80	A	A:281	50	C	A:251	different_partner	NA	NA	yes	-30	Rfam.seed.gz	15.1	41f014f4ab5628620935f089b1bb77987ebc162fda7c72bff368a32c9cccabac
RF00174__4GXY_A__6VMY_A__a1__forward__rep3	RF00174__4GXY_A__6VMY_A	forward	3	RF00174__4GXY_A	79	A	79	A:79	yes	no	160	81	A	A:282	NA	NA	NA	rfam_only	NA	algorithm_omission	yes	NA	Rfam.seed.gz	15.1	41f014f4ab5628620935f089b1bb77987ebc162fda7c72bff368a32c9cccabac
RF00174__4GXY_A__6VMY_A__a1__forward__rep3	RF00174__4GXY_A__6VMY_A	forward	3	RF00174__4GXY_A	80	C	80	A:80	yes	no	163	82	U	A:283	NA	NA	NA	rfam_only	NA	algorithm_omission	yes	NA	Rfam.seed.gz	15.1	41f014f4ab5628620935f089b1bb77987ebc162fda7c72bff368a32c9cccabac
RF00174__4GXY_A__6VMY_A__a1__forward__rep3	RF00174__4GXY_A__6VMY_A	forward	3	RF00174__4GXY_A	81	G	81	A:81	yes	no	164	83	U	A:284	NA	NA	NA	rfam_only	NA	algorithm_omission	yes	NA	Rfam.seed.gz	15.1	41f014f4ab5628620935f089b1bb77987ebc162fda7c72bff368a32c9cccabac
RF00174__4GXY_A__6VMY_A__a1__forward__rep3	RF00174__4GXY_A__6VMY_A	forward	3	RF00174__4GXY_A	82	G	82	A:82	yes	no	165	84	G	A:285	NA	NA	NA	rfam_only	NA	algorithm_omission	yes	NA	Rfam.seed.gz	15.1	41f014f4ab5628620935f089b1bb77987ebc162fda7c72bff368a32c9cccabac
RF00174__4GXY_A__6VMY_A__a1__forward__rep3	RF00174__4GXY_A__6VMY_A	forward	3	RF00174__4GXY_A	83	G	83	A:83	yes	no	166	NA	NA	NA	NA	NA	NA	neither	alignment_gap_in_standard_seed	algorithm_omission	no	NA	Rfam.seed.gz	15.1	41f014f4ab5628620935f089b1bb77987ebc162fda7c72bff368a32c9cccabac
RF00174__4GXY_A__6VMY_A__a1__forward__rep3	RF00174__4GXY_A__6VMY_A	forward	3	RF00174__4GXY_A	84	G	84	A:84	yes	no	174	NA	NA	NA	NA	NA	NA	neither	alignment_gap_in_standard_seed	algorithm_omission	no	NA	Rfam.seed.gz	15.1	41f014f4ab5628620935f089b1bb77987ebc162fda7c72bff368a32c9cccabac
RF00174__4GXY_A__6VMY_A__a1__forward__rep3	RF00174__4GXY_A__6VMY_A	forward	3	RF00174__4GXY_A	85	A	85	A:85	yes	no	175	88	A	A:289	NA	NA	NA	rfam_only	NA	algorithm_omission	yes	NA	Rfam.seed.gz	15.1	41f014f4ab5628620935f089b1bb77987ebc162fda7c72bff368a32c9cccabac
RF00174__4GXY_A__6VMY_A__a1__forward__rep3	RF00174__4GXY_A__6VMY_A	forward	3	RF00174__4GXY_A	86	G	86	A:86	yes	no	176	89	A	A:290	NA	NA	NA	rfam_only	NA	algorithm_omission	yes	NA	Rfam.seed.gz	15.1	41f014f4ab5628620935f089b1bb77987ebc162fda7c72bff368a32c9cccabac
RF00174__4GXY_A__6VMY_A__a1__forward__rep3	RF00174__4GXY_A__6VMY_A	forward	3	RF00174__4GXY_A	87	U	87	A:87	yes	no	177	90	G	A:291	NA	NA	NA	rfam_only	NA	algorithm_omission	yes	NA	Rfam.seed.gz	15.1	41f014f4ab5628620935f089b1bb77987ebc162fda7c72bff368a32c9cccabac
RF00174__4GXY_A__6VMY_A__a1__forward__rep3	RF00174__4GXY_A__6VMY_A	forward	3	RF00174__4GXY_A	88	C	88	A:88	yes	no	178	91	C	A:292	NA	NA	NA	rfam_only	NA	algorithm_omission	yes	NA	Rfam.seed.gz	15.1	41f014f4ab5628620935f089b1bb77987ebc162fda7c72bff368a32c9cccabac
RF00174__4GXY_A__6VMY_A__a1__forward__rep3	RF00174__4GXY_A__6VMY_A	forward	3	RF00174__4GXY_A	89	G	89	A:89	yes	no	179	NA	NA	NA	NA	NA	NA	neither	alignment_gap_in_standard_seed	algorithm_omission	no	NA	Rfam.seed.gz	15.1	41f014f4ab5628620935f089b1bb77987ebc162fda7c72bff368a32c9cccabac
RF00174__4GXY_A__6VMY_A__a1__forward__rep3	RF00174__4GXY_A__6VMY_A	forward	3	RF00174__4GXY_A	90	C	90	A:90	yes	no	181	NA	NA	NA	NA	NA	NA	neither	alignment_gap_in_standard_seed	algorithm_omission	no	NA	Rfam.seed.gz	15.1	41f014f4ab5628620935f089b1bb77987ebc162fda7c72bff368a32c9cccabac
RF00174__4GXY_A__6VMY_A__a1__forward__rep3	RF00174__4GXY_A__6VMY_A	forward	3	RF00174__4GXY_A	91	C	91	A:91	yes	no	182	NA	NA	NA	NA	NA	NA	neither	alignment_gap_in_standard_seed	algorithm_omission	no	NA	Rfam.seed.gz	15.1	41f014f4ab5628620935f089b1bb77987ebc162fda7c72bff368a32c9cccabac
RF00174__4GXY_A__6VMY_A__a1__forward__rep3	RF00174__4GXY_A__6VMY_A	forward	3	RF00174__4GXY_A	92	C	92	A:92	yes	no	183	NA	NA	NA	NA	NA	NA	neither	alignment_gap_in_standard_seed	algorithm_omission	no	NA	Rfam.seed.gz	15.1	41f014f4ab5628620935f089b1bb77987ebc162fda7c72bff368a32c9cccabac
RF00174__4GXY_A__6VMY_A__a1__forward__rep3	RF00174__4GXY_A__6VMY_A	forward	3	RF00174__4GXY_A	93	C	93	A:93	yes	no	184	NA	NA	NA	NA	NA	NA	neither	alignment_gap_in_standard_seed	algorithm_omission	no	NA	Rfam.seed.gz	15.1	41f014f4ab5628620935f089b1bb77987ebc162fda7c72bff368a32c9cccabac
RF00174__4GXY_A__6VMY_A__a1__forward__rep3	RF00174__4GXY_A__6VMY_A	forward	3	RF00174__4GXY_A	94	U	94	A:94	yes	no	185	NA	NA	NA	NA	NA	NA	neither	alignment_gap_in_standard_seed	algorithm_omission	no	NA	Rfam.seed.gz	15.1	41f014f4ab5628620935f089b1bb77987ebc162fda7c72bff368a32c9cccabac
RF00174__4GXY_A__6VMY_A__a1__forward__rep3	RF00174__4GXY_A__6VMY_A	forward	3	RF00174__4GXY_A	95	C	95	A:95	yes	no	186	NA	NA	NA	NA	NA	NA	neither	alignment_gap_in_standard_seed	algorithm_omission	no	NA	Rfam.seed.gz	15.1	41f014f4ab5628620935f089b1bb77987ebc162fda7c72bff368a32c9cccabac
RF00174__4GXY_A__6VMY_A__a1__forward__rep3	RF00174__4GXY_A__6VMY_A	forward	3	RF00174__4GXY_A	96	G	96	A:96	yes	no	187	NA	NA	NA	NA	NA	NA	neither	alignment_gap_in_standard_seed	algorithm_omission	no	NA	Rfam.seed.gz	15.1	41f014f4ab5628620935f089b1bb77987ebc162fda7c72bff368a32c9cccabac
RF00174__4GXY_A__6VMY_A__a1__forward__rep3	RF00174__4GXY_A__6VMY_A	forward	3	RF00174__4GXY_A	97	G	97	A:97	yes	no	188	NA	NA	NA	NA	NA	NA	neither	alignment_gap_in_standard_seed	algorithm_omission	no	NA	Rfam.seed.gz	15.1	41f014f4ab5628620935f089b1bb77987ebc162fda7c72bff368a32c9cccabac
RF00174__4GXY_A__6VMY_A__a1__forward__rep3	RF00174__4GXY_A__6VMY_A	forward	3	RF00174__4GXY_A	98	G	98	A:98	yes	no	189	NA	NA	NA	NA	NA	NA	neither	alignment_gap_in_standard_seed	algorithm_omission	no	NA	Rfam.seed.gz	15.1	41f014f4ab5628620935f089b1bb77987ebc162fda7c72bff368a32c9cccabac
RF00174__4GXY_A__6VMY_A__a1__forward__rep3	RF00174__4GXY_A__6VMY_A	forward	3	RF00174__4GXY_A	99	A	99	A:99	yes	no	190	NA	NA	NA	NA	NA	NA	neither	alignment_gap_in_standard_seed	algorithm_omission	no	NA	Rfam.seed.gz	15.1	41f014f4ab5628620935f089b1bb77987ebc162fda7c72bff368a32c9cccabac
RF00174__4GXY_A__6VMY_A__a1__forward__rep3	RF00174__4GXY_A__6VMY_A	forward	3	RF00174__4GXY_A	100	U	100	A:100	yes	no	191	NA	NA	NA	NA	NA	NA	neither	alignment_gap_in_standard_seed	algorithm_omission	no	NA	Rfam.seed.gz	15.1	41f014f4ab5628620935f089b1bb77987ebc162fda7c72bff368a32c9cccabac
RF00174__4GXY_A__6VMY_A__a1__forward__rep3	RF00174__4GXY_A__6VMY_A	forward	3	RF00174__4GXY_A	101	G	101	A:101	yes	no	192	NA	NA	NA	NA	NA	NA	neither	alignment_gap_in_standard_seed	algorithm_omission	no	NA	Rfam.seed.gz	15.1	41f014f4ab5628620935f089b1bb77987ebc162fda7c72bff368a32c9cccabac
RF00174__4GXY_A__6VMY_A__a1__forward__rep3	RF00174__4GXY_A__6VMY_A	forward	3	RF00174__4GXY_A	102	U	102	A:102	yes	no	220	NA	NA	NA	75	A	A:276	star3d_only	alignment_gap_in_standard_seed	NA	no	NA	Rfam.seed.gz	15.1	41f014f4ab5628620935f089b1bb77987ebc162fda7c72bff368a32c9cccabac
RF00174__4GXY_A__6VMY_A__a1__forward__rep3	RF00174__4GXY_A__6VMY_A	forward	3	RF00174__4GXY_A	103	G	103	A:103	yes	no	221	NA	NA	NA	76	C	A:277	star3d_only	alignment_gap_in_standard_seed	NA	no	NA	Rfam.seed.gz	15.1	41f014f4ab5628620935f089b1bb77987ebc162fda7c72bff368a32c9cccabac
RF00174__4GXY_A__6VMY_A__a1__forward__rep3	RF00174__4GXY_A__6VMY_A	forward	3	RF00174__4GXY_A	104	C	104	A:104	yes	no	222	NA	NA	NA	77	U	A:278	star3d_only	alignment_gap_in_standard_seed	NA	no	NA	Rfam.seed.gz	15.1	41f014f4ab5628620935f089b1bb77987ebc162fda7c72bff368a32c9cccabac
RF00174__4GXY_A__6VMY_A__a1__forward__rep3	RF00174__4GXY_A__6VMY_A	forward	3	RF00174__4GXY_A	105	C	105	A:105	yes	no	223	NA	NA	NA	78	G	A:279	star3d_only	alignment_gap_in_standard_seed	NA	no	NA	Rfam.seed.gz	15.1	41f014f4ab5628620935f089b1bb77987ebc162fda7c72bff368a32c9cccabac
RF00174__4GXY_A__6VMY_A__a1__forward__rep3	RF00174__4GXY_A__6VMY_A	forward	3	RF00174__4GXY_A	106	A	106	A:106	yes	no	224	NA	NA	NA	79	U	A:280	star3d_only	alignment_gap_in_standard_seed	NA	no	NA	Rfam.seed.gz	15.1	41f014f4ab5628620935f089b1bb77987ebc162fda7c72bff368a32c9cccabac
RF00174__4GXY_A__6VMY_A__a1__forward__rep3	RF00174__4GXY_A__6VMY_A	forward	3	RF00174__4GXY_A	107	C	107	A:107	yes	no	225	NA	NA	NA	81	A	A:282	star3d_only	alignment_gap_in_standard_seed	NA	no	NA	Rfam.seed.gz	15.1	41f014f4ab5628620935f089b1bb77987ebc162fda7c72bff368a32c9cccabac
RF00174__4GXY_A__6VMY_A__a1__forward__rep3	RF00174__4GXY_A__6VMY_A	forward	3	RF00174__4GXY_A	108	U	108	A:108	yes	no	226	NA	NA	NA	82	U	A:283	star3d_only	alignment_gap_in_standard_seed	NA	no	NA	Rfam.seed.gz	15.1	41f014f4ab5628620935f089b1bb77987ebc162fda7c72bff368a32c9cccabac
RF00174__4GXY_A__6VMY_A__a1__forward__rep3	RF00174__4GXY_A__6VMY_A	forward	3	RF00174__4GXY_A	109	G	109	A:109	yes	no	227	NA	NA	NA	83	U	A:284	star3d_only	alignment_gap_in_standard_seed	NA	no	NA	Rfam.seed.gz	15.1	41f014f4ab5628620935f089b1bb77987ebc162fda7c72bff368a32c9cccabac
RF00174__4GXY_A__6VMY_A__a1__forward__rep3	RF00174__4GXY_A__6VMY_A	forward	3	RF00174__4GXY_A	110	G	110	A:110	yes	no	228	NA	NA	NA	84	G	A:285	star3d_only	alignment_gap_in_standard_seed	NA	no	NA	Rfam.seed.gz	15.1	41f014f4ab5628620935f089b1bb77987ebc162fda7c72bff368a32c9cccabac
RF00174__4GXY_A__6VMY_A__a1__forward__rep3	RF00174__4GXY_A__6VMY_A	forward	3	RF00174__4GXY_A	111	C	111	A:111	yes	no	229	NA	NA	NA	85	G	A:286	star3d_only	alignment_gap_in_standard_seed	NA	no	NA	Rfam.seed.gz	15.1	41f014f4ab5628620935f089b1bb77987ebc162fda7c72bff368a32c9cccabac
RF00174__4GXY_A__6VMY_A__a1__forward__rep3	RF00174__4GXY_A__6VMY_A	forward	3	RF00174__4GXY_A	112	C	112	A:112	yes	no	230	NA	NA	NA	86	C	A:287	star3d_only	alignment_gap_in_standard_seed	NA	no	NA	Rfam.seed.gz	15.1	41f014f4ab5628620935f089b1bb77987ebc162fda7c72bff368a32c9cccabac
RF00174__4GXY_A__6VMY_A__a1__forward__rep3	RF00174__4GXY_A__6VMY_A	forward	3	RF00174__4GXY_A	113	C	113	A:113	yes	no	232	NA	NA	NA	NA	NA	NA	neither	alignment_gap_in_standard_seed	algorithm_omission	no	NA	Rfam.seed.gz	15.1	41f014f4ab5628620935f089b1bb77987ebc162fda7c72bff368a32c9cccabac
RF00174__4GXY_A__6VMY_A__a1__forward__rep3	RF00174__4GXY_A__6VMY_A	forward	3	RF00174__4GXY_A	114	G	114	A:114	no	no	233	NA	NA	NA	NA	NA	NA	neither	alignment_gap_in_standard_seed	missing_coordinates_source	no	NA	Rfam.seed.gz	15.1	41f014f4ab5628620935f089b1bb77987ebc162fda7c72bff368a32c9cccabac
RF00174__4GXY_A__6VMY_A__a1__forward__rep3	RF00174__4GXY_A__6VMY_A	forward	3	RF00174__4GXY_A	115	A	115	A:115	no	no	234	NA	NA	NA	NA	NA	NA	neither	alignment_gap_in_standard_seed	missing_coordinates_source	no	NA	Rfam.seed.gz	15.1	41f014f4ab5628620935f089b1bb77987ebc162fda7c72bff368a32c9cccabac
RF00174__4GXY_A__6VMY_A__a1__forward__rep3	RF00174__4GXY_A__6VMY_A	forward	3	RF00174__4GXY_A	116	A	116	A:116	no	no	235	NA	NA	NA	NA	NA	NA	neither	alignment_gap_in_standard_seed	missing_coordinates_source	no	NA	Rfam.seed.gz	15.1	41f014f4ab5628620935f089b1bb77987ebc162fda7c72bff368a32c9cccabac
RF00174__4GXY_A__6VMY_A__a1__forward__rep3	RF00174__4GXY_A__6VMY_A	forward	3	RF00174__4GXY_A	117	G	117	A:117	yes	no	295	NA	NA	NA	92	G	A:293	star3d_only	alignment_gap_in_standard_seed	NA	no	NA	Rfam.seed.gz	15.1	41f014f4ab5628620935f089b1bb77987ebc162fda7c72bff368a32c9cccabac
RF00174__4GXY_A__6VMY_A__a1__forward__rep3	RF00174__4GXY_A__6VMY_A	forward	3	RF00174__4GXY_A	118	G	118	A:118	yes	no	296	NA	NA	NA	93	C	A:294	star3d_only	alignment_gap_in_standard_seed	NA	no	NA	Rfam.seed.gz	15.1	41f014f4ab5628620935f089b1bb77987ebc162fda7c72bff368a32c9cccabac
RF00174__4GXY_A__6VMY_A__a1__forward__rep3	RF00174__4GXY_A__6VMY_A	forward	3	RF00174__4GXY_A	119	C	119	A:119	yes	no	297	NA	NA	NA	94	C	A:295	star3d_only	alignment_gap_in_standard_seed	NA	no	NA	Rfam.seed.gz	15.1	41f014f4ab5628620935f089b1bb77987ebc162fda7c72bff368a32c9cccabac
RF00174__4GXY_A__6VMY_A__a1__forward__rep3	RF00174__4GXY_A__6VMY_A	forward	3	RF00174__4GXY_A	120	C	120	A:120	yes	no	298	NA	NA	NA	95	A	A:296	star3d_only	alignment_gap_in_standard_seed	NA	no	NA	Rfam.seed.gz	15.1	41f014f4ab5628620935f089b1bb77987ebc162fda7c72bff368a32c9cccabac
RF00174__4GXY_A__6VMY_A__a1__forward__rep3	RF00174__4GXY_A__6VMY_A	forward	3	RF00174__4GXY_A	121	G	121	A:121	yes	no	299	NA	NA	NA	96	A	A:297	star3d_only	alignment_gap_in_standard_seed	NA	no	NA	Rfam.seed.gz	15.1	41f014f4ab5628620935f089b1bb77987ebc162fda7c72bff368a32c9cccabac
RF00174__4GXY_A__6VMY_A__a1__forward__rep3	RF00174__4GXY_A__6VMY_A	forward	3	RF00174__4GXY_A	122	G	122	A:122	yes	no	300	NA	NA	NA	97	G	A:298	star3d_only	alignment_gap_in_standard_seed	NA	no	NA	Rfam.seed.gz	15.1	41f014f4ab5628620935f089b1bb77987ebc162fda7c72bff368a32c9cccabac
RF00174__4GXY_A__6VMY_A__a1__forward__rep3	RF00174__4GXY_A__6VMY_A	forward	3	RF00174__4GXY_A	123	G	123	A:123	yes	no	301	NA	NA	NA	98	A	A:299	star3d_only	alignment_gap_in_standard_seed	NA	no	NA	Rfam.seed.gz	15.1	41f014f4ab5628620935f089b1bb77987ebc162fda7c72bff368a32c9cccabac
RF00174__4GXY_A__6VMY_A__a1__forward__rep3	RF00174__4GXY_A__6VMY_A	forward	3	RF00174__4GXY_A	124	A	124	A:124	yes	no	302	NA	NA	NA	99	G	A:300	star3d_only	alignment_gap_in_standard_seed	NA	no	NA	Rfam.seed.gz	15.1	41f014f4ab5628620935f089b1bb77987ebc162fda7c72bff368a32c9cccabac
RF00174__4GXY_A__6VMY_A__a1__forward__rep3	RF00174__4GXY_A__6VMY_A	forward	3	RF00174__4GXY_A	125	A	125	A:125	yes	no	303	NA	NA	NA	100	C	A:301	star3d_only	alignment_gap_in_standard_seed	NA	no	NA	Rfam.seed.gz	15.1	41f014f4ab5628620935f089b1bb77987ebc162fda7c72bff368a32c9cccabac
RF00174__4GXY_A__6VMY_A__a1__forward__rep3	RF00174__4GXY_A__6VMY_A	forward	3	RF00174__4GXY_A	126	G	126	A:126	yes	no	304	NA	NA	NA	101	C	A:302	star3d_only	alignment_gap_in_standard_seed	NA	no	NA	Rfam.seed.gz	15.1	41f014f4ab5628620935f089b1bb77987ebc162fda7c72bff368a32c9cccabac
RF00174__4GXY_A__6VMY_A__a1__forward__rep3	RF00174__4GXY_A__6VMY_A	forward	3	RF00174__4GXY_A	127	G	127	A:127	yes	no	305	NA	NA	NA	102	A	A:303	star3d_only	alignment_gap_in_standard_seed	NA	no	NA	Rfam.seed.gz	15.1	41f014f4ab5628620935f089b1bb77987ebc162fda7c72bff368a32c9cccabac
RF00174__4GXY_A__6VMY_A__a1__forward__rep3	RF00174__4GXY_A__6VMY_A	forward	3	RF00174__4GXY_A	128	C	128	A:128	yes	no	306	NA	NA	NA	103	G	A:304	star3d_only	alignment_gap_in_standard_seed	NA	no	NA	Rfam.seed.gz	15.1	41f014f4ab5628620935f089b1bb77987ebc162fda7c72bff368a32c9cccabac
RF00174__4GXY_A__6VMY_A__a1__forward__rep3	RF00174__4GXY_A__6VMY_A	forward	3	RF00174__4GXY_A	129	G	129	A:129	yes	no	309	NA	NA	NA	104	G	A:305	star3d_only	alignment_gap_in_standard_seed	NA	no	NA	Rfam.seed.gz	15.1	41f014f4ab5628620935f089b1bb77987ebc162fda7c72bff368a32c9cccabac
RF00174__4GXY_A__6VMY_A__a1__forward__rep3	RF00174__4GXY_A__6VMY_A	forward	3	RF00174__4GXY_A	130	G	130	A:130	yes	no	310	NA	NA	NA	NA	NA	NA	neither	alignment_gap_in_standard_seed	algorithm_omission	no	NA	Rfam.seed.gz	15.1	41f014f4ab5628620935f089b1bb77987ebc162fda7c72bff368a32c9cccabac
RF00174__4GXY_A__6VMY_A__a1__forward__rep3	RF00174__4GXY_A__6VMY_A	forward	3	RF00174__4GXY_A	131	A	131	A:131	yes	no	311	NA	NA	NA	NA	NA	NA	neither	alignment_gap_in_standard_seed	algorithm_omission	no	NA	Rfam.seed.gz	15.1	41f014f4ab5628620935f089b1bb77987ebc162fda7c72bff368a32c9cccabac
RF00174__4GXY_A__6VMY_A__a1__forward__rep3	RF00174__4GXY_A__6VMY_A	forward	3	RF00174__4GXY_A	132	G	132	A:132	yes	no	313	NA	NA	NA	NA	NA	NA	neither	alignment_gap_in_standard_seed	algorithm_omission	no	NA	Rfam.seed.gz	15.1	41f014f4ab5628620935f089b1bb77987ebc162fda7c72bff368a32c9cccabac
RF00174__4GXY_A__6VMY_A__a1__forward__rep3	RF00174__4GXY_A__6VMY_A	forward	3	RF00174__4GXY_A	133	G	133	A:133	yes	no	316	NA	NA	NA	NA	NA	NA	neither	alignment_gap_in_standard_seed	algorithm_omission	no	NA	Rfam.seed.gz	15.1	41f014f4ab5628620935f089b1bb77987ebc162fda7c72bff368a32c9cccabac
RF00174__4GXY_A__6VMY_A__a1__forward__rep3	RF00174__4GXY_A__6VMY_A	forward	3	RF00174__4GXY_A	134	G	134	A:134	yes	no	320	NA	NA	NA	NA	NA	NA	neither	alignment_gap_in_standard_seed	algorithm_omission	no	NA	Rfam.seed.gz	15.1	41f014f4ab5628620935f089b1bb77987ebc162fda7c72bff368a32c9cccabac
RF00174__4GXY_A__6VMY_A__a1__forward__rep3	RF00174__4GXY_A__6VMY_A	forward	3	RF00174__4GXY_A	135	G	135	A:135	yes	no	321	NA	NA	NA	NA	NA	NA	neither	alignment_gap_in_standard_seed	algorithm_omission	no	NA	Rfam.seed.gz	15.1	41f014f4ab5628620935f089b1bb77987ebc162fda7c72bff368a32c9cccabac
RF00174__4GXY_A__6VMY_A__a1__forward__rep3	RF00174__4GXY_A__6VMY_A	forward	3	RF00174__4GXY_A	136	C	136	A:136	yes	no	323	NA	NA	NA	NA	NA	NA	neither	alignment_gap_in_standard_seed	algorithm_omission	no	NA	Rfam.seed.gz	15.1	41f014f4ab5628620935f089b1bb77987ebc162fda7c72bff368a32c9cccabac
RF00174__4GXY_A__6VMY_A__a1__forward__rep3	RF00174__4GXY_A__6VMY_A	forward	3	RF00174__4GXY_A	137	G	137	A:137	yes	no	324	NA	NA	NA	NA	NA	NA	neither	alignment_gap_in_standard_seed	algorithm_omission	no	NA	Rfam.seed.gz	15.1	41f014f4ab5628620935f089b1bb77987ebc162fda7c72bff368a32c9cccabac
RF00174__4GXY_A__6VMY_A__a1__forward__rep3	RF00174__4GXY_A__6VMY_A	forward	3	RF00174__4GXY_A	138	G	138	A:138	yes	no	325	NA	NA	NA	NA	NA	NA	neither	alignment_gap_in_standard_seed	algorithm_omission	no	NA	Rfam.seed.gz	15.1	41f014f4ab5628620935f089b1bb77987ebc162fda7c72bff368a32c9cccabac
RF00174__4GXY_A__6VMY_A__a1__forward__rep3	RF00174__4GXY_A__6VMY_A	forward	3	RF00174__4GXY_A	139	C	139	A:139	yes	no	326	NA	NA	NA	NA	NA	NA	neither	alignment_gap_in_standard_seed	algorithm_omission	no	NA	Rfam.seed.gz	15.1	41f014f4ab5628620935f089b1bb77987ebc162fda7c72bff368a32c9cccabac
RF00174__4GXY_A__6VMY_A__a1__forward__rep3	RF00174__4GXY_A__6VMY_A	forward	3	RF00174__4GXY_A	140	G	140	A:140	yes	no	327	NA	NA	NA	NA	NA	NA	neither	alignment_gap_in_standard_seed	algorithm_omission	no	NA	Rfam.seed.gz	15.1	41f014f4ab5628620935f089b1bb77987ebc162fda7c72bff368a32c9cccabac
RF00174__4GXY_A__6VMY_A__a1__forward__rep3	RF00174__4GXY_A__6VMY_A	forward	3	RF00174__4GXY_A	141	A	141	A:141	yes	no	328	NA	NA	NA	NA	NA	NA	neither	alignment_gap_in_standard_seed	algorithm_omission	no	NA	Rfam.seed.gz	15.1	41f014f4ab5628620935f089b1bb77987ebc162fda7c72bff368a32c9cccabac
RF00174__4GXY_A__6VMY_A__a1__forward__rep3	RF00174__4GXY_A__6VMY_A	forward	3	RF00174__4GXY_A	142	G	142	A:142	yes	no	329	NA	NA	NA	NA	NA	NA	neither	alignment_gap_in_standard_seed	algorithm_omission	no	NA	Rfam.seed.gz	15.1	41f014f4ab5628620935f089b1bb77987ebc162fda7c72bff368a32c9cccabac
RF00174__4GXY_A__6VMY_A__a1__forward__rep3	RF00174__4GXY_A__6VMY_A	forward	3	RF00174__4GXY_A	143	G	143	A:143	yes	no	330	NA	NA	NA	NA	NA	NA	neither	alignment_gap_in_standard_seed	algorithm_omission	no	NA	Rfam.seed.gz	15.1	41f014f4ab5628620935f089b1bb77987ebc162fda7c72bff368a32c9cccabac
RF00174__4GXY_A__6VMY_A__a1__forward__rep3	RF00174__4GXY_A__6VMY_A	forward	3	RF00174__4GXY_A	144	A	144	A:144	yes	no	331	NA	NA	NA	NA	NA	NA	neither	alignment_gap_in_standard_seed	algorithm_omission	no	NA	Rfam.seed.gz	15.1	41f014f4ab5628620935f089b1bb77987ebc162fda7c72bff368a32c9cccabac
RF00174__4GXY_A__6VMY_A__a1__forward__rep3	RF00174__4GXY_A__6VMY_A	forward	3	RF00174__4GXY_A	145	U	145	A:145	yes	no	398	92	G	A:293	NA	NA	NA	rfam_only	NA	algorithm_omission	yes	NA	Rfam.seed.gz	15.1	41f014f4ab5628620935f089b1bb77987ebc162fda7c72bff368a32c9cccabac
RF00174__4GXY_A__6VMY_A__a1__forward__rep3	RF00174__4GXY_A__6VMY_A	forward	3	RF00174__4GXY_A	146	C	146	A:146	yes	no	399	93	C	A:294	NA	NA	NA	rfam_only	NA	algorithm_omission	yes	NA	Rfam.seed.gz	15.1	41f014f4ab5628620935f089b1bb77987ebc162fda7c72bff368a32c9cccabac
RF00174__4GXY_A__6VMY_A__a1__forward__rep3	RF00174__4GXY_A__6VMY_A	forward	3	RF00174__4GXY_A	147	C	147	A:147	yes	no	400	94	C	A:295	NA	NA	NA	rfam_only	NA	algorithm_omission	yes	NA	Rfam.seed.gz	15.1	41f014f4ab5628620935f089b1bb77987ebc162fda7c72bff368a32c9cccabac
RF00174__4GXY_A__6VMY_A__a1__forward__rep3	RF00174__4GXY_A__6VMY_A	forward	3	RF00174__4GXY_A	148	G	148	A:148	yes	no	401	95	A	A:296	NA	NA	NA	rfam_only	NA	algorithm_omission	yes	NA	Rfam.seed.gz	15.1	41f014f4ab5628620935f089b1bb77987ebc162fda7c72bff368a32c9cccabac
RF00174__4GXY_A__6VMY_A__a1__forward__rep3	RF00174__4GXY_A__6VMY_A	forward	3	RF00174__4GXY_A	149	G	149	A:149	yes	no	403	97	G	A:298	NA	NA	NA	rfam_only	NA	algorithm_omission	yes	NA	Rfam.seed.gz	15.1	41f014f4ab5628620935f089b1bb77987ebc162fda7c72bff368a32c9cccabac
RF00174__4GXY_A__6VMY_A__a1__forward__rep3	RF00174__4GXY_A__6VMY_A	forward	3	RF00174__4GXY_A	150	A	150	A:150	yes	no	404	98	A	A:299	NA	NA	NA	rfam_only	NA	algorithm_omission	yes	NA	Rfam.seed.gz	15.1	41f014f4ab5628620935f089b1bb77987ebc162fda7c72bff368a32c9cccabac
RF00174__4GXY_A__6VMY_A__a1__forward__rep3	RF00174__4GXY_A__6VMY_A	forward	3	RF00174__4GXY_A	151	G	151	A:151	yes	no	405	99	G	A:300	NA	NA	NA	rfam_only	NA	algorithm_omission	yes	NA	Rfam.seed.gz	15.1	41f014f4ab5628620935f089b1bb77987ebc162fda7c72bff368a32c9cccabac
RF00174__4GXY_A__6VMY_A__a1__forward__rep3	RF00174__4GXY_A__6VMY_A	forward	3	RF00174__4GXY_A	152	U	152	A:152	yes	no	406	100	C	A:301	NA	NA	NA	rfam_only	NA	algorithm_omission	yes	NA	Rfam.seed.gz	15.1	41f014f4ab5628620935f089b1bb77987ebc162fda7c72bff368a32c9cccabac
RF00174__4GXY_A__6VMY_A__a1__forward__rep3	RF00174__4GXY_A__6VMY_A	forward	3	RF00174__4GXY_A	153	C	153	A:153	yes	no	407	101	C	A:302	NA	NA	NA	rfam_only	NA	algorithm_omission	yes	NA	Rfam.seed.gz	15.1	41f014f4ab5628620935f089b1bb77987ebc162fda7c72bff368a32c9cccabac
RF00174__4GXY_A__6VMY_A__a1__forward__rep3	RF00174__4GXY_A__6VMY_A	forward	3	RF00174__4GXY_A	154	A	154	A:154	yes	no	408	102	A	A:303	NA	NA	NA	rfam_only	NA	algorithm_omission	yes	NA	Rfam.seed.gz	15.1	41f014f4ab5628620935f089b1bb77987ebc162fda7c72bff368a32c9cccabac
RF00174__4GXY_A__6VMY_A__a1__forward__rep3	RF00174__4GXY_A__6VMY_A	forward	3	RF00174__4GXY_A	155	G	155	A:155	yes	no	409	103	G	A:304	NA	NA	NA	rfam_only	NA	algorithm_omission	yes	NA	Rfam.seed.gz	15.1	41f014f4ab5628620935f089b1bb77987ebc162fda7c72bff368a32c9cccabac
RF00174__4GXY_A__6VMY_A__a1__forward__rep3	RF00174__4GXY_A__6VMY_A	forward	3	RF00174__4GXY_A	156	G	156	A:156	yes	no	410	104	G	A:305	NA	NA	NA	rfam_only	NA	algorithm_omission	yes	NA	Rfam.seed.gz	15.1	41f014f4ab5628620935f089b1bb77987ebc162fda7c72bff368a32c9cccabac
RF00174__4GXY_A__6VMY_A__a1__forward__rep3	RF00174__4GXY_A__6VMY_A	forward	3	RF00174__4GXY_A	157	A	157	A:157	yes	no	411	105	A	A:306	NA	NA	NA	rfam_only	NA	algorithm_omission	yes	NA	Rfam.seed.gz	15.1	41f014f4ab5628620935f089b1bb77987ebc162fda7c72bff368a32c9cccabac
RF00174__4GXY_A__6VMY_A__a1__forward__rep3	RF00174__4GXY_A__6VMY_A	forward	3	RF00174__4GXY_A	158	A	158	A:158	yes	no	412	106	U	A:307	NA	NA	NA	rfam_only	NA	algorithm_omission	yes	NA	Rfam.seed.gz	15.1	41f014f4ab5628620935f089b1bb77987ebc162fda7c72bff368a32c9cccabac
RF00174__4GXY_A__6VMY_A__a1__forward__rep3	RF00174__4GXY_A__6VMY_A	forward	3	RF00174__4GXY_A	159	A	159	A:159	yes	no	413	107	A	A:308	NA	NA	NA	rfam_only	NA	algorithm_omission	yes	NA	Rfam.seed.gz	15.1	41f014f4ab5628620935f089b1bb77987ebc162fda7c72bff368a32c9cccabac
RF00174__4GXY_A__6VMY_A__a1__forward__rep3	RF00174__4GXY_A__6VMY_A	forward	3	RF00174__4GXY_A	160	C	160	A:160	yes	no	414	108	C	A:309	NA	NA	NA	rfam_only	NA	algorithm_omission	yes	NA	Rfam.seed.gz	15.1	41f014f4ab5628620935f089b1bb77987ebc162fda7c72bff368a32c9cccabac
RF00174__4GXY_A__6VMY_A__a1__forward__rep3	RF00174__4GXY_A__6VMY_A	forward	3	RF00174__4GXY_A	161	C	161	A:161	yes	no	415	109	C	A:310	NA	NA	NA	rfam_only	NA	algorithm_omission	yes	NA	Rfam.seed.gz	15.1	41f014f4ab5628620935f089b1bb77987ebc162fda7c72bff368a32c9cccabac
RF00174__4GXY_A__6VMY_A__a1__forward__rep3	RF00174__4GXY_A__6VMY_A	forward	3	RF00174__4GXY_A	162	U	162	A:162	yes	no	416	110	U	A:311	NA	NA	NA	rfam_only	NA	algorithm_omission	yes	NA	Rfam.seed.gz	15.1	41f014f4ab5628620935f089b1bb77987ebc162fda7c72bff368a32c9cccabac
RF00174__4GXY_A__6VMY_A__a1__forward__rep3	RF00174__4GXY_A__6VMY_A	forward	3	RF00174__4GXY_A	163	G	163	A:163	yes	no	417	111	G	A:312	NA	NA	NA	rfam_only	NA	algorithm_omission	yes	NA	Rfam.seed.gz	15.1	41f014f4ab5628620935f089b1bb77987ebc162fda7c72bff368a32c9cccabac
RF00174__4GXY_A__6VMY_A__a1__forward__rep3	RF00174__4GXY_A__6VMY_A	forward	3	RF00174__4GXY_A	164	C	164	A:164	yes	no	418	112	C	A:313	NA	NA	NA	rfam_only	NA	algorithm_omission	yes	NA	Rfam.seed.gz	15.1	41f014f4ab5628620935f089b1bb77987ebc162fda7c72bff368a32c9cccabac
RF00174__4GXY_A__6VMY_A__a1__forward__rep3	RF00174__4GXY_A__6VMY_A	forward	3	RF00174__4GXY_A	165	C	165	A:165	yes	no	419	113	C	A:314	NA	NA	NA	rfam_only	NA	algorithm_omission	yes	NA	Rfam.seed.gz	15.1	41f014f4ab5628620935f089b1bb77987ebc162fda7c72bff368a32c9cccabac
RF00174__4GXY_A__6VMY_A__a1__forward__rep3	RF00174__4GXY_A__6VMY_A	forward	3	RF00174__4GXY_A	166	U	166	A:166	yes	no	420	114	U	A:315	NA	NA	NA	rfam_only	NA	algorithm_omission	yes	NA	Rfam.seed.gz	15.1	41f014f4ab5628620935f089b1bb77987ebc162fda7c72bff368a32c9cccabac
RF00174__4GXY_A__6VMY_A__a1__forward__rep3	RF00174__4GXY_A__6VMY_A	forward	3	RF00174__4GXY_A	167	G	167	A:167	yes	no	422	116	U	A:317	NA	NA	NA	rfam_only	NA	algorithm_omission	yes	NA	Rfam.seed.gz	15.1	41f014f4ab5628620935f089b1bb77987ebc162fda7c72bff368a32c9cccabac
RF00174__4GXY_A__6VMY_A__a1__forward__rep3	RF00174__4GXY_A__6VMY_A	forward	3	RF00174__4GXY_A	168	C	168	A:168	yes	no	423	117	U	A:318	NA	NA	NA	rfam_only	NA	algorithm_omission	yes	NA	Rfam.seed.gz	15.1	41f014f4ab5628620935f089b1bb77987ebc162fda7c72bff368a32c9cccabac
RF00174__4GXY_A__6VMY_A__a1__forward__rep3	RF00174__4GXY_A__6VMY_A	forward	3	RF00174__4GXY_A	169	C	169	A:169	yes	no	424	118	U	A:319	NA	NA	NA	rfam_only	NA	algorithm_omission	yes	NA	Rfam.seed.gz	15.1	41f014f4ab5628620935f089b1bb77987ebc162fda7c72bff368a32c9cccabac
RF00174__4GXY_A__6VMY_A__a1__forward__rep3	RF00174__4GXY_A__6VMY_A	forward	3	RF00174__4GXY_A	170	G	170	A:170	yes	no	426	120	A	A:321	NA	NA	NA	rfam_only	NA	algorithm_omission	yes	NA	Rfam.seed.gz	15.1	41f014f4ab5628620935f089b1bb77987ebc162fda7c72bff368a32c9cccabac
RF00174__4GXY_A__6VMY_A__a1__forward__rep3	RF00174__4GXY_A__6VMY_A	forward	3	RF00174__4GXY_A	171	U	171	A:171	yes	yes	427	121	U	A:322	NA	NA	NA	rfam_only	NA	algorithm_omission	no	NA	Rfam.seed.gz	15.1	41f014f4ab5628620935f089b1bb77987ebc162fda7c72bff368a32c9cccabac
RF00174__4GXY_A__6VMY_A__a1__forward__rep3	RF00174__4GXY_A__6VMY_A	forward	3	RF00174__4GXY_A	172	C	172	A:172	yes	yes	428	122	C	A:323	NA	NA	NA	rfam_only	NA	algorithm_omission	no	NA	Rfam.seed.gz	15.1	41f014f4ab5628620935f089b1bb77987ebc162fda7c72bff368a32c9cccabac
RF00174__4GXY_A__6VMY_A__a1__reverse__rep1	RF00174__4GXY_A__6VMY_A	reverse	1	RF00174__4GXY_A	1	G	1	A:1	yes	yes	12	3	U	A:204	NA	NA	NA	rfam_only	NA	algorithm_omission	no	NA	Rfam.seed.gz	15.1	41f014f4ab5628620935f089b1bb77987ebc162fda7c72bff368a32c9cccabac
RF00174__4GXY_A__6VMY_A__a1__reverse__rep1	RF00174__4GXY_A__6VMY_A	reverse	1	RF00174__4GXY_A	2	G	2	A:2	yes	no	13	4	C	A:205	NA	NA	NA	rfam_only	NA	algorithm_omission	yes	NA	Rfam.seed.gz	15.1	41f014f4ab5628620935f089b1bb77987ebc162fda7c72bff368a32c9cccabac
RF00174__4GXY_A__6VMY_A__a1__reverse__rep1	RF00174__4GXY_A__6VMY_A	reverse	1	RF00174__4GXY_A	3	C	3	A:3	yes	no	14	5	A	A:206	NA	NA	NA	rfam_only	NA	algorithm_omission	yes	NA	Rfam.seed.gz	15.1	41f014f4ab5628620935f089b1bb77987ebc162fda7c72bff368a32c9cccabac
RF00174__4GXY_A__6VMY_A__a1__reverse__rep1	RF00174__4GXY_A__6VMY_A	reverse	1	RF00174__4GXY_A	4	G	4	A:4	yes	no	15	6	A	A:207	NA	NA	NA	rfam_only	NA	algorithm_omission	yes	NA	Rfam.seed.gz	15.1	41f014f4ab5628620935f089b1bb77987ebc162fda7c72bff368a32c9cccabac
RF00174__4GXY_A__6VMY_A__a1__reverse__rep1	RF00174__4GXY_A__6VMY_A	reverse	1	RF00174__4GXY_A	5	G	5	A:5	yes	no	16	7	A	A:208	NA	NA	NA	rfam_only	NA	algorithm_omission	yes	NA	Rfam.seed.gz	15.1	41f014f4ab5628620935f089b1bb77987ebc162fda7c72bff368a32c9cccabac
RF00174__4GXY_A__6VMY_A__a1__reverse__rep1	RF00174__4GXY_A__6VMY_A	reverse	1	RF00174__4GXY_A	6	C	6	A:6	yes	no	18	8	U	A:209	NA	NA	NA	rfam_only	NA	algorithm_omission	yes	NA	Rfam.seed.gz	15.1	41f014f4ab5628620935f089b1bb77987ebc162fda7c72bff368a32c9cccabac
RF00174__4GXY_A__6VMY_A__a1__reverse__rep1	RF00174__4GXY_A__6VMY_A	reverse	1	RF00174__4GXY_A	7	A	7	A:7	yes	no	20	9	A	A:210	NA	NA	NA	rfam_only	NA	algorithm_omission	yes	NA	Rfam.seed.gz	15.1	41f014f4ab5628620935f089b1bb77987ebc162fda7c72bff368a32c9cccabac
RF00174__4GXY_A__6VMY_A__a1__reverse__rep1	RF00174__4GXY_A__6VMY_A	reverse	1	RF00174__4GXY_A	8	G	8	A:8	yes	no	22	10	G	A:211	NA	NA	NA	rfam_only	NA	algorithm_omission	yes	NA	Rfam.seed.gz	15.1	41f014f4ab5628620935f089b1bb77987ebc162fda7c72bff368a32c9cccabac
RF00174__4GXY_A__6VMY_A__a1__reverse__rep1	RF00174__4GXY_A__6VMY_A	reverse	1	RF00174__4GXY_A	9	G	9	A:9	yes	no	24	11	G	A:212	NA	NA	NA	rfam_only	NA	algorithm_omission	yes	NA	Rfam.seed.gz	15.1	41f014f4ab5628620935f089b1bb77987ebc162fda7c72bff368a32c9cccabac
RF00174__4GXY_A__6VMY_A__a1__reverse__rep1	RF00174__4GXY_A__6VMY_A	reverse	1	RF00174__4GXY_A	10	U	10	A:10	yes	no	25	12	U	A:213	NA	NA	NA	rfam_only	NA	algorithm_omission	yes	NA	Rfam.seed.gz	15.1	41f014f4ab5628620935f089b1bb77987ebc162fda7c72bff368a32c9cccabac
RF00174__4GXY_A__6VMY_A__a1__reverse__rep1	RF00174__4GXY_A__6VMY_A	reverse	1	RF00174__4GXY_A	11	G	11	A:11	yes	no	29	NA	NA	NA	NA	NA	NA	neither	alignment_gap_in_standard_seed	algorithm_omission	no	NA	Rfam.seed.gz	15.1	41f014f4ab5628620935f089b1bb77987ebc162fda7c72bff368a32c9cccabac
RF00174__4GXY_A__6VMY_A__a1__reverse__rep1	RF00174__4GXY_A__6VMY_A	reverse	1	RF00174__4GXY_A	12	C	12	A:12	yes	no	30	13	G	A:214	NA	NA	NA	rfam_only	NA	algorithm_omission	yes	NA	Rfam.seed.gz	15.1	41f014f4ab5628620935f089b1bb77987ebc162fda7c72bff368a32c9cccabac
RF00174__4GXY_A__6VMY_A__a1__reverse__rep1	RF00174__4GXY_A__6VMY_A	reverse	1	RF00174__4GXY_A	13	U	13	A:13	yes	no	31	14	C	A:215	NA	NA	NA	rfam_only	NA	algorithm_omission	yes	NA	Rfam.seed.gz	15.1	41f014f4ab5628620935f089b1bb77987ebc162fda7c72bff368a32c9cccabac
RF00174__4GXY_A__6VMY_A__a1__reverse__rep1	RF00174__4GXY_A__6VMY_A	reverse	1	RF00174__4GXY_A	14	C	14	A:14	yes	no	32	15	C	A:216	NA	NA	NA	rfam_only	NA	algorithm_omission	yes	NA	Rfam.seed.gz	15.1	41f014f4ab5628620935f089b1bb77987ebc162fda7c72bff368a32c9cccabac
RF00174__4GXY_A__6VMY_A__a1__reverse__rep1	RF00174__4GXY_A__6VMY_A	reverse	1	RF00174__4GXY_A	15	C	15	A:15	yes	no	33	16	G	A:217	NA	NA	NA	rfam_only	NA	algorithm_omission	yes	NA	Rfam.seed.gz	15.1	41f014f4ab5628620935f089b1bb77987ebc162fda7c72bff368a32c9cccabac
RF00174__4GXY_A__6VMY_A__a1__reverse__rep1	RF00174__4GXY_A__6VMY_A	reverse	1	RF00174__4GXY_A	16	C	16	A:16	yes	no	34	17	G	A:218	NA	NA	NA	rfam_only	NA	algorithm_omission	yes	NA	Rfam.seed.gz	15.1	41f014f4ab5628620935f089b1bb77987ebc162fda7c72bff368a32c9cccabac
RF00174__4GXY_A__6VMY_A__a1__reverse__rep1	RF00174__4GXY_A__6VMY_A	reverse	1	RF00174__4GXY_A	17	G	17	A:17	yes	no	35	18	U	A:219	NA	NA	NA	rfam_only	NA	algorithm_omission	yes	NA	Rfam.seed.gz	15.1	41f014f4ab5628620935f089b1bb77987ebc162fda7c72bff368a32c9cccabac
RF00174__4GXY_A__6VMY_A__a1__reverse__rep1	RF00174__4GXY_A__6VMY_A	reverse	1	RF00174__4GXY_A	18	A	18	A:18	yes	no	36	19	C	A:220	NA	NA	NA	rfam_only	NA	algorithm_omission	yes	NA	Rfam.seed.gz	15.1	41f014f4ab5628620935f089b1bb77987ebc162fda7c72bff368a32c9cccabac
RF00174__4GXY_A__6VMY_A__a1__reverse__rep1	RF00174__4GXY_A__6VMY_A	reverse	1	RF00174__4GXY_A	19	C	19	A:19	yes	no	37	20	C	A:221	NA	NA	NA	rfam_only	NA	algorithm_omission	yes	NA	Rfam.seed.gz	15.1	41f014f4ab5628620935f089b1bb77987ebc162fda7c72bff368a32c9cccabac
RF00174__4GXY_A__6VMY_A__a1__reverse__rep1	RF00174__4GXY_A__6VMY_A	reverse	1	RF00174__4GXY_A	20	C	20	A:20	no	no	38	21	G	A:222	NA	NA	NA	rfam_only	NA	missing_coordinates_source	no	NA	Rfam.seed.gz	15.1	41f014f4ab5628620935f089b1bb77987ebc162fda7c72bff368a32c9cccabac
RF00174__4GXY_A__6VMY_A__a1__reverse__rep1	RF00174__4GXY_A__6VMY_A	reverse	1	RF00174__4GXY_A	21	C	21	A:21	no	no	57	24	A	A:225	NA	NA	NA	rfam_only	NA	missing_coordinates_source	no	NA	Rfam.seed.gz	15.1	41f014f4ab5628620935f089b1bb77987ebc162fda7c72bff368a32c9cccabac
RF00174__4GXY_A__6VMY_A__a1__reverse__rep1	RF00174__4GXY_A__6VMY_A	reverse	1	RF00174__4GXY_A	22	U	22	A:22	no	no	58	25	A	A:226	NA	NA	NA	rfam_only	NA	missing_coordinates_source	no	NA	Rfam.seed.gz	15.1	41f014f4ab5628620935f089b1bb77987ebc162fda7c72bff368a32c9cccabac
RF00174__4GXY_A__6VMY_A__a1__reverse__rep1	RF00174__4GXY_A__6VMY_A	reverse	1	RF00174__4GXY_A	23	G	23	A:23	no	no	59	26	C	A:227	NA	NA	NA	rfam_only	NA	missing_coordinates_source	no	NA	Rfam.seed.gz	15.1	41f014f4ab5628620935f089b1bb77987ebc162fda7c72bff368a32c9cccabac
RF00174__4GXY_A__6VMY_A__a1__reverse__rep1	RF00174__4GXY_A__6VMY_A	reverse	1	RF00174__4GXY_A	24	C	24	A:24	no	no	60	27	A	A:228	NA	NA	NA	rfam_only	NA	missing_coordinates_source	no	NA	Rfam.seed.gz	15.1	41f014f4ab5628620935f089b1bb77987ebc162fda7c72bff368a32c9cccabac
RF00174__4GXY_A__6VMY_A__a1__reverse__rep1	RF00174__4GXY_A__6VMY_A	reverse	1	RF00174__4GXY_A	25	G	25	A:25	no	no	61	28	A	A:229	NA	NA	NA	rfam_only	NA	missing_coordinates_source	no	NA	Rfam.seed.gz	15.1	41f014f4ab5628620935f089b1bb77987ebc162fda7c72bff368a32c9cccabac
RF00174__4GXY_A__6VMY_A__a1__reverse__rep1	RF00174__4GXY_A__6VMY_A	reverse	1	RF00174__4GXY_A	26	G	26	A:26	yes	no	62	29	C	A:230	NA	NA	NA	rfam_only	NA	algorithm_omission	yes	NA	Rfam.seed.gz	15.1	41f014f4ab5628620935f089b1bb77987ebc162fda7c72bff368a32c9cccabac
RF00174__4GXY_A__6VMY_A__a1__reverse__rep1	RF00174__4GXY_A__6VMY_A	reverse	1	RF00174__4GXY_A	27	U	27	A:27	yes	no	63	30	A	A:231	NA	NA	NA	rfam_only	NA	algorithm_omission	yes	NA	Rfam.seed.gz	15.1	41f014f4ab5628620935f089b1bb77987ebc162fda7c72bff368a32c9cccabac
RF00174__4GXY_A__6VMY_A__a1__reverse__rep1	RF00174__4GXY_A__6VMY_A	reverse	1	RF00174__4GXY_A	28	C	28	A:28	yes	no	65	31	G	A:232	NA	NA	NA	rfam_only	NA	algorithm_omission	yes	NA	Rfam.seed.gz	15.1	41f014f4ab5628620935f089b1bb77987ebc162fda7c72bff368a32c9cccabac
RF00174__4GXY_A__6VMY_A__a1__reverse__rep1	RF00174__4GXY_A__6VMY_A	reverse	1	RF00174__4GXY_A	29	G	29	A:29	yes	no	66	32	C	A:233	NA	NA	NA	rfam_only	NA	algorithm_omission	yes	NA	Rfam.seed.gz	15.1	41f014f4ab5628620935f089b1bb77987ebc162fda7c72bff368a32c9cccabac
RF00174__4GXY_A__6VMY_A__a1__reverse__rep1	RF00174__4GXY_A__6VMY_A	reverse	1	RF00174__4GXY_A	30	G	30	A:30	yes	no	67	33	C	A:234	NA	NA	NA	rfam_only	NA	algorithm_omission	yes	NA	Rfam.seed.gz	15.1	41f014f4ab5628620935f089b1bb77987ebc162fda7c72bff368a32c9cccabac
RF00174__4GXY_A__6VMY_A__a1__reverse__rep1	RF00174__4GXY_A__6VMY_A	reverse	1	RF00174__4GXY_A	31	G	31	A:31	yes	no	68	34	G	A:235	NA	NA	NA	rfam_only	NA	algorithm_omission	yes	NA	Rfam.seed.gz	15.1	41f014f4ab5628620935f089b1bb77987ebc162fda7c72bff368a32c9cccabac
RF00174__4GXY_A__6VMY_A__a1__reverse__rep1	RF00174__4GXY_A__6VMY_A	reverse	1	RF00174__4GXY_A	32	A	32	A:32	yes	no	69	35	G	A:236	NA	NA	NA	rfam_only	NA	algorithm_omission	yes	NA	Rfam.seed.gz	15.1	41f014f4ab5628620935f089b1bb77987ebc162fda7c72bff368a32c9cccabac
RF00174__4GXY_A__6VMY_A__a1__reverse__rep1	RF00174__4GXY_A__6VMY_A	reverse	1	RF00174__4GXY_A	33	G	33	A:33	yes	no	70	36	C	A:237	NA	NA	NA	rfam_only	NA	algorithm_omission	yes	NA	Rfam.seed.gz	15.1	41f014f4ab5628620935f089b1bb77987ebc162fda7c72bff368a32c9cccabac
RF00174__4GXY_A__6VMY_A__a1__reverse__rep1	RF00174__4GXY_A__6VMY_A	reverse	1	RF00174__4GXY_A	34	U	34	A:34	yes	no	71	37	U	A:238	NA	NA	NA	rfam_only	NA	algorithm_omission	yes	NA	Rfam.seed.gz	15.1	41f014f4ab5628620935f089b1bb77987ebc162fda7c72bff368a32c9cccabac
RF00174__4GXY_A__6VMY_A__a1__reverse__rep1	RF00174__4GXY_A__6VMY_A	reverse	1	RF00174__4GXY_A	35	U	35	A:35	yes	no	72	38	U	A:239	NA	NA	NA	rfam_only	NA	algorithm_omission	yes	NA	Rfam.seed.gz	15.1	41f014f4ab5628620935f089b1bb77987ebc162fda7c72bff368a32c9cccabac
RF00174__4GXY_A__6VMY_A__a1__reverse__rep1	RF00174__4GXY_A__6VMY_A	reverse	1	RF00174__4GXY_A	36	A	36	A:36	yes	no	77	39	A	A:240	NA	NA	NA	rfam_only	NA	algorithm_omission	yes	NA	Rfam.seed.gz	15.1	41f014f4ab5628620935f089b1bb77987ebc162fda7c72bff368a32c9cccabac
RF00174__4GXY_A__6VMY_A__a1__reverse__rep1	RF00174__4GXY_A__6VMY_A	reverse	1	RF00174__4GXY_A	37	A	37	A:37	yes	no	78	40	A	A:241	NA	NA	NA	rfam_only	NA	algorithm_omission	yes	NA	Rfam.seed.gz	15.1	41f014f4ab5628620935f089b1bb77987ebc162fda7c72bff368a32c9cccabac
RF00174__4GXY_A__6VMY_A__a1__reverse__rep1	RF00174__4GXY_A__6VMY_A	reverse	1	RF00174__4GXY_A	38	A	38	A:38	yes	no	79	41	A	A:242	NA	NA	NA	rfam_only	NA	algorithm_omission	yes	NA	Rfam.seed.gz	15.1	41f014f4ab5628620935f089b1bb77987ebc162fda7c72bff368a32c9cccabac
RF00174__4GXY_A__6VMY_A__a1__reverse__rep1	RF00174__4GXY_A__6VMY_A	reverse	1	RF00174__4GXY_A	39	A	39	A:39	yes	no	80	42	A	A:243	NA	NA	NA	rfam_only	NA	algorithm_omission	yes	NA	Rfam.seed.gz	15.1	41f014f4ab5628620935f089b1bb77987ebc162fda7c72bff368a32c9cccabac
RF00174__4GXY_A__6VMY_A__a1__reverse__rep1	RF00174__4GXY_A__6VMY_A	reverse	1	RF00174__4GXY_A	40	G	40	A:40	yes	no	82	43	G	A:244	NA	NA	NA	rfam_only	NA	algorithm_omission	yes	NA	Rfam.seed.gz	15.1	41f014f4ab5628620935f089b1bb77987ebc162fda7c72bff368a32c9cccabac
RF00174__4GXY_A__6VMY_A__a1__reverse__rep1	RF00174__4GXY_A__6VMY_A	reverse	1	RF00174__4GXY_A	41	G	41	A:41	yes	no	83	44	G	A:245	NA	NA	NA	rfam_only	NA	algorithm_omission	yes	NA	Rfam.seed.gz	15.1	41f014f4ab5628620935f089b1bb77987ebc162fda7c72bff368a32c9cccabac
RF00174__4GXY_A__6VMY_A__a1__reverse__rep1	RF00174__4GXY_A__6VMY_A	reverse	1	RF00174__4GXY_A	42	G	42	A:42	yes	no	84	45	G	A:246	NA	NA	NA	rfam_only	NA	algorithm_omission	yes	NA	Rfam.seed.gz	15.1	41f014f4ab5628620935f089b1bb77987ebc162fda7c72bff368a32c9cccabac
RF00174__4GXY_A__6VMY_A__a1__reverse__rep1	RF00174__4GXY_A__6VMY_A	reverse	1	RF00174__4GXY_A	43	A	43	A:43	yes	no	85	46	A	A:247	NA	NA	NA	rfam_only	NA	algorithm_omission	yes	NA	Rfam.seed.gz	15.1	41f014f4ab5628620935f089b1bb77987ebc162fda7c72bff368a32c9cccabac
RF00174__4GXY_A__6VMY_A__a1__reverse__rep1	RF00174__4GXY_A__6VMY_A	reverse	1	RF00174__4GXY_A	44	A	44	A:44	yes	no	86	47	A	A:248	NA	NA	NA	rfam_only	NA	algorithm_omission	yes	NA	Rfam.seed.gz	15.1	41f014f4ab5628620935f089b1bb77987ebc162fda7c72bff368a32c9cccabac
RF00174__4GXY_A__6VMY_A__a1__reverse__rep1	RF00174__4GXY_A__6VMY_A	reverse	1	RF00174__4GXY_A	45	G	45	A:45	yes	no	88	48	A	A:249	NA	NA	NA	rfam_only	NA	algorithm_omission	yes	NA	Rfam.seed.gz	15.1	41f014f4ab5628620935f089b1bb77987ebc162fda7c72bff368a32c9cccabac
RF00174__4GXY_A__6VMY_A__a1__reverse__rep1	RF00174__4GXY_A__6VMY_A	reverse	1	RF00174__4GXY_A	46	C	46	A:46	yes	no	90	49	C	A:250	NA	NA	NA	rfam_only	NA	algorithm_omission	yes	NA	Rfam.seed.gz	15.1	41f014f4ab5628620935f089b1bb77987ebc162fda7c72bff368a32c9cccabac
RF00174__4GXY_A__6VMY_A__a1__reverse__rep1	RF00174__4GXY_A__6VMY_A	reverse	1	RF00174__4GXY_A	47	C	47	A:47	yes	no	91	50	C	A:251	NA	NA	NA	rfam_only	NA	algorithm_omission	yes	NA	Rfam.seed.gz	15.1	41f014f4ab5628620935f089b1bb77987ebc162fda7c72bff368a32c9cccabac
RF00174__4GXY_A__6VMY_A__a1__reverse__rep1	RF00174__4GXY_A__6VMY_A	reverse	1	RF00174__4GXY_A	48	G	48	A:48	yes	no	93	51	G	A:252	NA	NA	NA	rfam_only	NA	algorithm_omission	yes	NA	Rfam.seed.gz	15.1	41f014f4ab5628620935f089b1bb77987ebc162fda7c72bff368a32c9cccabac
RF00174__4GXY_A__6VMY_A__a1__reverse__rep1	RF00174__4GXY_A__6VMY_A	reverse	1	RF00174__4GXY_A	49	G	49	A:49	yes	no	94	52	G	A:253	NA	NA	NA	rfam_only	NA	algorithm_omission	yes	NA	Rfam.seed.gz	15.1	41f014f4ab5628620935f089b1bb77987ebc162fda7c72bff368a32c9cccabac
RF00174__4GXY_A__6VMY_A__a1__reverse__rep1	RF00174__4GXY_A__6VMY_A	reverse	1	RF00174__4GXY_A	50	U	50	A:50	yes	no	96	53	U	A:254	NA	NA	NA	rfam_only	NA	algorithm_omission	yes	NA	Rfam.seed.gz	15.1	41f014f4ab5628620935f089b1bb77987ebc162fda7c72bff368a32c9cccabac
RF00174__4GXY_A__6VMY_A__a1__reverse__rep1	RF00174__4GXY_A__6VMY_A	reverse	1	RF00174__4GXY_A	51	G	51	A:51	yes	no	97	NA	NA	NA	NA	NA	NA	neither	alignment_gap_in_standard_seed	algorithm_omission	no	NA	Rfam.seed.gz	15.1	41f014f4ab5628620935f089b1bb77987ebc162fda7c72bff368a32c9cccabac
RF00174__4GXY_A__6VMY_A__a1__reverse__rep1	RF00174__4GXY_A__6VMY_A	reverse	1	RF00174__4GXY_A	52	C	52	A:52	yes	no	98	54	A	A:255	NA	NA	NA	rfam_only	NA	algorithm_omission	yes	NA	Rfam.seed.gz	15.1	41f014f4ab5628620935f089b1bb77987ebc162fda7c72bff368a32c9cccabac
RF00174__4GXY_A__6VMY_A__a1__reverse__rep1	RF00174__4GXY_A__6VMY_A	reverse	1	RF00174__4GXY_A	53	A	53	A:53	yes	no	130	55	A	A:256	NA	NA	NA	rfam_only	NA	algorithm_omission	yes	NA	Rfam.seed.gz	15.1	41f014f4ab5628620935f089b1bb77987ebc162fda7c72bff368a32c9cccabac
RF00174__4GXY_A__6VMY_A__a1__reverse__rep1	RF00174__4GXY_A__6VMY_A	reverse	1	RF00174__4GXY_A	54	A	54	A:54	yes	no	131	56	A	A:257	NA	NA	NA	rfam_only	NA	algorithm_omission	yes	NA	Rfam.seed.gz	15.1	41f014f4ab5628620935f089b1bb77987ebc162fda7c72bff368a32c9cccabac
RF00174__4GXY_A__6VMY_A__a1__reverse__rep1	RF00174__4GXY_A__6VMY_A	reverse	1	RF00174__4GXY_A	55	G	55	A:55	yes	no	132	57	A	A:258	NA	NA	NA	rfam_only	NA	algorithm_omission	yes	NA	Rfam.seed.gz	15.1	41f014f4ab5628620935f089b1bb77987ebc162fda7c72bff368a32c9cccabac
RF00174__4GXY_A__6VMY_A__a1__reverse__rep1	RF00174__4GXY_A__6VMY_A	reverse	1	RF00174__4GXY_A	56	U	56	A:56	yes	no	133	58	G	A:259	NA	NA	NA	rfam_only	NA	algorithm_omission	yes	NA	Rfam.seed.gz	15.1	41f014f4ab5628620935f089b1bb77987ebc162fda7c72bff368a32c9cccabac
RF00174__4GXY_A__6VMY_A__a1__reverse__rep1	RF00174__4GXY_A__6VMY_A	reverse	1	RF00174__4GXY_A	57	C	57	A:57	yes	no	134	59	C	A:260	NA	NA	NA	rfam_only	NA	algorithm_omission	yes	NA	Rfam.seed.gz	15.1	41f014f4ab5628620935f089b1bb77987ebc162fda7c72bff368a32c9cccabac
RF00174__4GXY_A__6VMY_A__a1__reverse__rep1	RF00174__4GXY_A__6VMY_A	reverse	1	RF00174__4GXY_A	58	C	58	A:58	yes	no	135	60	C	A:261	NA	NA	NA	rfam_only	NA	algorithm_omission	yes	NA	Rfam.seed.gz	15.1	41f014f4ab5628620935f089b1bb77987ebc162fda7c72bff368a32c9cccabac
RF00174__4GXY_A__6VMY_A__a1__reverse__rep1	RF00174__4GXY_A__6VMY_A	reverse	1	RF00174__4GXY_A	59	G	59	A:59	yes	no	136	61	G	A:262	NA	NA	NA	rfam_only	NA	algorithm_omission	yes	NA	Rfam.seed.gz	15.1	41f014f4ab5628620935f089b1bb77987ebc162fda7c72bff368a32c9cccabac
RF00174__4GXY_A__6VMY_A__a1__reverse__rep1	RF00174__4GXY_A__6VMY_A	reverse	1	RF00174__4GXY_A	60	G	60	A:60	yes	no	137	62	G	A:263	NA	NA	NA	rfam_only	NA	algorithm_omission	yes	NA	Rfam.seed.gz	15.1	41f014f4ab5628620935f089b1bb77987ebc162fda7c72bff368a32c9cccabac
RF00174__4GXY_A__6VMY_A__a1__reverse__rep1	RF00174__4GXY_A__6VMY_A	reverse	1	RF00174__4GXY_A	61	C	61	A:61	yes	no	139	63	U	A:264	NA	NA	NA	rfam_only	NA	algorithm_omission	yes	NA	Rfam.seed.gz	15.1	41f014f4ab5628620935f089b1bb77987ebc162fda7c72bff368a32c9cccabac
RF00174__4GXY_A__6VMY_A__a1__reverse__rep1	RF00174__4GXY_A__6VMY_A	reverse	1	RF00174__4GXY_A	62	A	62	A:62	yes	no	140	64	G	A:265	NA	NA	NA	rfam_only	NA	algorithm_omission	yes	NA	Rfam.seed.gz	15.1	41f014f4ab5628620935f089b1bb77987ebc162fda7c72bff368a32c9cccabac
RF00174__4GXY_A__6VMY_A__a1__reverse__rep1	RF00174__4GXY_A__6VMY_A	reverse	1	RF00174__4GXY_A	63	C	63	A:63	yes	no	141	65	C	A:266	NA	NA	NA	rfam_only	NA	algorithm_omission	yes	NA	Rfam.seed.gz	15.1	41f014f4ab5628620935f089b1bb77987ebc162fda7c72bff368a32c9cccabac
RF00174__4GXY_A__6VMY_A__a1__reverse__rep1	RF00174__4GXY_A__6VMY_A	reverse	1	RF00174__4GXY_A	64	G	64	A:64	yes	no	142	66	G	A:267	NA	NA	NA	rfam_only	NA	algorithm_omission	yes	NA	Rfam.seed.gz	15.1	41f014f4ab5628620935f089b1bb77987ebc162fda7c72bff368a32c9cccabac
RF00174__4GXY_A__6VMY_A__a1__reverse__rep1	RF00174__4GXY_A__6VMY_A	reverse	1	RF00174__4GXY_A	65	G	65	A:65	yes	no	143	67	G	A:268	NA	NA	NA	rfam_only	NA	algorithm_omission	yes	NA	Rfam.seed.gz	15.1	41f014f4ab5628620935f089b1bb77987ebc162fda7c72bff368a32c9cccabac
RF00174__4GXY_A__6VMY_A__a1__reverse__rep1	RF00174__4GXY_A__6VMY_A	reverse	1	RF00174__4GXY_A	66	U	66	A:66	yes	no	144	68	U	A:269	NA	NA	NA	rfam_only	NA	algorithm_omission	yes	NA	Rfam.seed.gz	15.1	41f014f4ab5628620935f089b1bb77987ebc162fda7c72bff368a32c9cccabac
RF00174__4GXY_A__6VMY_A__a1__reverse__rep1	RF00174__4GXY_A__6VMY_A	reverse	1	RF00174__4GXY_A	67	C	67	A:67	yes	no	146	69	C	A:270	NA	NA	NA	rfam_only	NA	algorithm_omission	yes	NA	Rfam.seed.gz	15.1	41f014f4ab5628620935f089b1bb77987ebc162fda7c72bff368a32c9cccabac
RF00174__4GXY_A__6VMY_A__a1__reverse__rep1	RF00174__4GXY_A__6VMY_A	reverse	1	RF00174__4GXY_A	68	C	68	A:68	yes	no	148	70	C	A:271	NA	NA	NA	rfam_only	NA	algorithm_omission	yes	NA	Rfam.seed.gz	15.1	41f014f4ab5628620935f089b1bb77987ebc162fda7c72bff368a32c9cccabac
RF00174__4GXY_A__6VMY_A__a1__reverse__rep1	RF00174__4GXY_A__6VMY_A	reverse	1	RF00174__4GXY_A	69	C	69	A:69	yes	no	149	71	C	A:272	NA	NA	NA	rfam_only	NA	algorithm_omission	yes	NA	Rfam.seed.gz	15.1	41f014f4ab5628620935f089b1bb77987ebc162fda7c72bff368a32c9cccabac
RF00174__4GXY_A__6VMY_A__a1__reverse__rep1	RF00174__4GXY_A__6VMY_A	reverse	1	RF00174__4GXY_A	70	G	70	A:70	yes	no	151	72	G	A:273	NA	NA	NA	rfam_only	NA	algorithm_omission	yes	NA	Rfam.seed.gz	15.1	41f014f4ab5628620935f089b1bb77987ebc162fda7c72bff368a32c9cccabac
RF00174__4GXY_A__6VMY_A__a1__reverse__rep1	RF00174__4GXY_A__6VMY_A	reverse	1	RF00174__4GXY_A	71	C	71	A:71	yes	no	152	73	C	A:274	NA	NA	NA	rfam_only	NA	algorithm_omission	yes	NA	Rfam.seed.gz	15.1	41f014f4ab5628620935f089b1bb77987ebc162fda7c72bff368a32c9cccabac
RF00174__4GXY_A__6VMY_A__a1__reverse__rep1	RF00174__4GXY_A__6VMY_A	reverse	1	RF00174__4GXY_A	72	C	72	A:72	yes	no	153	74	C	A:275	NA	NA	NA	rfam_only	NA	algorithm_omission	yes	NA	Rfam.seed.gz	15.1	41f014f4ab5628620935f089b1bb77987ebc162fda7c72bff368a32c9cccabac
RF00174__4GXY_A__6VMY_A__a1__reverse__rep1	RF00174__4GXY_A__6VMY_A	reverse	1	RF00174__4GXY_A	73	A	73	A:73	yes	no	154	75	A	A:276	NA	NA	NA	rfam_only	NA	algorithm_omission	yes	NA	Rfam.seed.gz	15.1	41f014f4ab5628620935f089b1bb77987ebc162fda7c72bff368a32c9cccabac
RF00174__4GXY_A__6VMY_A__a1__reverse__rep1	RF00174__4GXY_A__6VMY_A	reverse	1	RF00174__4GXY_A	74	C	74	A:74	yes	no	155	76	C	A:277	NA	NA	NA	rfam_only	NA	algorithm_omission	yes	NA	Rfam.seed.gz	15.1	41f014f4ab5628620935f089b1bb77987ebc162fda7c72bff368a32c9cccabac
RF00174__4GXY_A__6VMY_A__a1__reverse__rep1	RF00174__4GXY_A__6VMY_A	reverse	1	RF00174__4GXY_A	75	U	75	A:75	yes	no	156	77	U	A:278	NA	NA	NA	rfam_only	NA	algorithm_omission	yes	NA	Rfam.seed.gz	15.1	41f014f4ab5628620935f089b1bb77987ebc162fda7c72bff368a32c9cccabac
RF00174__4GXY_A__6VMY_A__a1__reverse__rep1	RF00174__4GXY_A__6VMY_A	reverse	1	RF00174__4GXY_A	76	G	76	A:76	yes	no	157	78	G	A:279	NA	NA	NA	rfam_only	NA	algorithm_omission	yes	NA	Rfam.seed.gz	15.1	41f014f4ab5628620935f089b1bb77987ebc162fda7c72bff368a32c9cccabac
RF00174__4GXY_A__6VMY_A__a1__reverse__rep1	RF00174__4GXY_A__6VMY_A	reverse	1	RF00174__4GXY_A	77	U	77	A:77	yes	no	158	79	U	A:280	NA	NA	NA	rfam_only	NA	algorithm_omission	yes	NA	Rfam.seed.gz	15.1	41f014f4ab5628620935f089b1bb77987ebc162fda7c72bff368a32c9cccabac
RF00174__4GXY_A__6VMY_A__a1__reverse__rep1	RF00174__4GXY_A__6VMY_A	reverse	1	RF00174__4GXY_A	78	G	78	A:78	yes	no	159	80	A	A:281	NA	NA	NA	rfam_only	NA	algorithm_omission	yes	NA	Rfam.seed.gz	15.1	41f014f4ab5628620935f089b1bb77987ebc162fda7c72bff368a32c9cccabac
RF00174__4GXY_A__6VMY_A__a1__reverse__rep1	RF00174__4GXY_A__6VMY_A	reverse	1	RF00174__4GXY_A	79	A	79	A:79	yes	no	160	81	A	A:282	NA	NA	NA	rfam_only	NA	algorithm_omission	yes	NA	Rfam.seed.gz	15.1	41f014f4ab5628620935f089b1bb77987ebc162fda7c72bff368a32c9cccabac
RF00174__4GXY_A__6VMY_A__a1__reverse__rep1	RF00174__4GXY_A__6VMY_A	reverse	1	RF00174__4GXY_A	80	C	80	A:80	yes	no	163	82	U	A:283	NA	NA	NA	rfam_only	NA	algorithm_omission	yes	NA	Rfam.seed.gz	15.1	41f014f4ab5628620935f089b1bb77987ebc162fda7c72bff368a32c9cccabac
RF00174__4GXY_A__6VMY_A__a1__reverse__rep1	RF00174__4GXY_A__6VMY_A	reverse	1	RF00174__4GXY_A	81	G	81	A:81	yes	no	164	83	U	A:284	NA	NA	NA	rfam_only	NA	algorithm_omission	yes	NA	Rfam.seed.gz	15.1	41f014f4ab5628620935f089b1bb77987ebc162fda7c72bff368a32c9cccabac
RF00174__4GXY_A__6VMY_A__a1__reverse__rep1	RF00174__4GXY_A__6VMY_A	reverse	1	RF00174__4GXY_A	82	G	82	A:82	yes	no	165	84	G	A:285	NA	NA	NA	rfam_only	NA	algorithm_omission	yes	NA	Rfam.seed.gz	15.1	41f014f4ab5628620935f089b1bb77987ebc162fda7c72bff368a32c9cccabac
RF00174__4GXY_A__6VMY_A__a1__reverse__rep1	RF00174__4GXY_A__6VMY_A	reverse	1	RF00174__4GXY_A	83	G	83	A:83	yes	no	166	NA	NA	NA	NA	NA	NA	neither	alignment_gap_in_standard_seed	algorithm_omission	no	NA	Rfam.seed.gz	15.1	41f014f4ab5628620935f089b1bb77987ebc162fda7c72bff368a32c9cccabac
RF00174__4GXY_A__6VMY_A__a1__reverse__rep1	RF00174__4GXY_A__6VMY_A	reverse	1	RF00174__4GXY_A	84	G	84	A:84	yes	no	174	NA	NA	NA	NA	NA	NA	neither	alignment_gap_in_standard_seed	algorithm_omission	no	NA	Rfam.seed.gz	15.1	41f014f4ab5628620935f089b1bb77987ebc162fda7c72bff368a32c9cccabac
RF00174__4GXY_A__6VMY_A__a1__reverse__rep1	RF00174__4GXY_A__6VMY_A	reverse	1	RF00174__4GXY_A	85	A	85	A:85	yes	no	175	88	A	A:289	NA	NA	NA	rfam_only	NA	algorithm_omission	yes	NA	Rfam.seed.gz	15.1	41f014f4ab5628620935f089b1bb77987ebc162fda7c72bff368a32c9cccabac
RF00174__4GXY_A__6VMY_A__a1__reverse__rep1	RF00174__4GXY_A__6VMY_A	reverse	1	RF00174__4GXY_A	86	G	86	A:86	yes	no	176	89	A	A:290	NA	NA	NA	rfam_only	NA	algorithm_omission	yes	NA	Rfam.seed.gz	15.1	41f014f4ab5628620935f089b1bb77987ebc162fda7c72bff368a32c9cccabac
RF00174__4GXY_A__6VMY_A__a1__reverse__rep1	RF00174__4GXY_A__6VMY_A	reverse	1	RF00174__4GXY_A	87	U	87	A:87	yes	no	177	90	G	A:291	NA	NA	NA	rfam_only	NA	algorithm_omission	yes	NA	Rfam.seed.gz	15.1	41f014f4ab5628620935f089b1bb77987ebc162fda7c72bff368a32c9cccabac
RF00174__4GXY_A__6VMY_A__a1__reverse__rep1	RF00174__4GXY_A__6VMY_A	reverse	1	RF00174__4GXY_A	88	C	88	A:88	yes	no	178	91	C	A:292	NA	NA	NA	rfam_only	NA	algorithm_omission	yes	NA	Rfam.seed.gz	15.1	41f014f4ab5628620935f089b1bb77987ebc162fda7c72bff368a32c9cccabac
RF00174__4GXY_A__6VMY_A__a1__reverse__rep1	RF00174__4GXY_A__6VMY_A	reverse	1	RF00174__4GXY_A	89	G	89	A:89	yes	no	179	NA	NA	NA	NA	NA	NA	neither	alignment_gap_in_standard_seed	algorithm_omission	no	NA	Rfam.seed.gz	15.1	41f014f4ab5628620935f089b1bb77987ebc162fda7c72bff368a32c9cccabac
RF00174__4GXY_A__6VMY_A__a1__reverse__rep1	RF00174__4GXY_A__6VMY_A	reverse	1	RF00174__4GXY_A	90	C	90	A:90	yes	no	181	NA	NA	NA	NA	NA	NA	neither	alignment_gap_in_standard_seed	algorithm_omission	no	NA	Rfam.seed.gz	15.1	41f014f4ab5628620935f089b1bb77987ebc162fda7c72bff368a32c9cccabac
RF00174__4GXY_A__6VMY_A__a1__reverse__rep1	RF00174__4GXY_A__6VMY_A	reverse	1	RF00174__4GXY_A	91	C	91	A:91	yes	no	182	NA	NA	NA	NA	NA	NA	neither	alignment_gap_in_standard_seed	algorithm_omission	no	NA	Rfam.seed.gz	15.1	41f014f4ab5628620935f089b1bb77987ebc162fda7c72bff368a32c9cccabac
RF00174__4GXY_A__6VMY_A__a1__reverse__rep1	RF00174__4GXY_A__6VMY_A	reverse	1	RF00174__4GXY_A	92	C	92	A:92	yes	no	183	NA	NA	NA	NA	NA	NA	neither	alignment_gap_in_standard_seed	algorithm_omission	no	NA	Rfam.seed.gz	15.1	41f014f4ab5628620935f089b1bb77987ebc162fda7c72bff368a32c9cccabac
RF00174__4GXY_A__6VMY_A__a1__reverse__rep1	RF00174__4GXY_A__6VMY_A	reverse	1	RF00174__4GXY_A	93	C	93	A:93	yes	no	184	NA	NA	NA	NA	NA	NA	neither	alignment_gap_in_standard_seed	algorithm_omission	no	NA	Rfam.seed.gz	15.1	41f014f4ab5628620935f089b1bb77987ebc162fda7c72bff368a32c9cccabac
RF00174__4GXY_A__6VMY_A__a1__reverse__rep1	RF00174__4GXY_A__6VMY_A	reverse	1	RF00174__4GXY_A	94	U	94	A:94	yes	no	185	NA	NA	NA	13	G	A:214	star3d_only	alignment_gap_in_standard_seed	NA	no	NA	Rfam.seed.gz	15.1	41f014f4ab5628620935f089b1bb77987ebc162fda7c72bff368a32c9cccabac
RF00174__4GXY_A__6VMY_A__a1__reverse__rep1	RF00174__4GXY_A__6VMY_A	reverse	1	RF00174__4GXY_A	95	C	95	A:95	yes	no	186	NA	NA	NA	14	C	A:215	star3d_only	alignment_gap_in_standard_seed	NA	no	NA	Rfam.seed.gz	15.1	41f014f4ab5628620935f089b1bb77987ebc162fda7c72bff368a32c9cccabac
RF00174__4GXY_A__6VMY_A__a1__reverse__rep1	RF00174__4GXY_A__6VMY_A	reverse	1	RF00174__4GXY_A	96	G	96	A:96	yes	no	187	NA	NA	NA	NA	NA	NA	neither	alignment_gap_in_standard_seed	algorithm_omission	no	NA	Rfam.seed.gz	15.1	41f014f4ab5628620935f089b1bb77987ebc162fda7c72bff368a32c9cccabac
RF00174__4GXY_A__6VMY_A__a1__reverse__rep1	RF00174__4GXY_A__6VMY_A	reverse	1	RF00174__4GXY_A	97	G	97	A:97	yes	no	188	NA	NA	NA	NA	NA	NA	neither	alignment_gap_in_standard_seed	algorithm_omission	no	NA	Rfam.seed.gz	15.1	41f014f4ab5628620935f089b1bb77987ebc162fda7c72bff368a32c9cccabac
RF00174__4GXY_A__6VMY_A__a1__reverse__rep1	RF00174__4GXY_A__6VMY_A	reverse	1	RF00174__4GXY_A	98	G	98	A:98	yes	no	189	NA	NA	NA	NA	NA	NA	neither	alignment_gap_in_standard_seed	algorithm_omission	no	NA	Rfam.seed.gz	15.1	41f014f4ab5628620935f089b1bb77987ebc162fda7c72bff368a32c9cccabac
RF00174__4GXY_A__6VMY_A__a1__reverse__rep1	RF00174__4GXY_A__6VMY_A	reverse	1	RF00174__4GXY_A	99	A	99	A:99	yes	no	190	NA	NA	NA	NA	NA	NA	neither	alignment_gap_in_standard_seed	algorithm_omission	no	NA	Rfam.seed.gz	15.1	41f014f4ab5628620935f089b1bb77987ebc162fda7c72bff368a32c9cccabac
RF00174__4GXY_A__6VMY_A__a1__reverse__rep1	RF00174__4GXY_A__6VMY_A	reverse	1	RF00174__4GXY_A	100	U	100	A:100	yes	no	191	NA	NA	NA	NA	NA	NA	neither	alignment_gap_in_standard_seed	algorithm_omission	no	NA	Rfam.seed.gz	15.1	41f014f4ab5628620935f089b1bb77987ebc162fda7c72bff368a32c9cccabac
RF00174__4GXY_A__6VMY_A__a1__reverse__rep1	RF00174__4GXY_A__6VMY_A	reverse	1	RF00174__4GXY_A	101	G	101	A:101	yes	no	192	NA	NA	NA	NA	NA	NA	neither	alignment_gap_in_standard_seed	algorithm_omission	no	NA	Rfam.seed.gz	15.1	41f014f4ab5628620935f089b1bb77987ebc162fda7c72bff368a32c9cccabac
RF00174__4GXY_A__6VMY_A__a1__reverse__rep1	RF00174__4GXY_A__6VMY_A	reverse	1	RF00174__4GXY_A	102	U	102	A:102	yes	no	220	NA	NA	NA	75	A	A:276	star3d_only	alignment_gap_in_standard_seed	NA	no	NA	Rfam.seed.gz	15.1	41f014f4ab5628620935f089b1bb77987ebc162fda7c72bff368a32c9cccabac
RF00174__4GXY_A__6VMY_A__a1__reverse__rep1	RF00174__4GXY_A__6VMY_A	reverse	1	RF00174__4GXY_A	103	G	103	A:103	yes	no	221	NA	NA	NA	76	C	A:277	star3d_only	alignment_gap_in_standard_seed	NA	no	NA	Rfam.seed.gz	15.1	41f014f4ab5628620935f089b1bb77987ebc162fda7c72bff368a32c9cccabac
RF00174__4GXY_A__6VMY_A__a1__reverse__rep1	RF00174__4GXY_A__6VMY_A	reverse	1	RF00174__4GXY_A	104	C	104	A:104	yes	no	222	NA	NA	NA	77	U	A:278	star3d_only	alignment_gap_in_standard_seed	NA	no	NA	Rfam.seed.gz	15.1	41f014f4ab5628620935f089b1bb77987ebc162fda7c72bff368a32c9cccabac
RF00174__4GXY_A__6VMY_A__a1__reverse__rep1	RF00174__4GXY_A__6VMY_A	reverse	1	RF00174__4GXY_A	105	C	105	A:105	yes	no	223	NA	NA	NA	78	G	A:279	star3d_only	alignment_gap_in_standard_seed	NA	no	NA	Rfam.seed.gz	15.1	41f014f4ab5628620935f089b1bb77987ebc162fda7c72bff368a32c9cccabac
RF00174__4GXY_A__6VMY_A__a1__reverse__rep1	RF00174__4GXY_A__6VMY_A	reverse	1	RF00174__4GXY_A	106	A	106	A:106	yes	no	224	NA	NA	NA	79	U	A:280	star3d_only	alignment_gap_in_standard_seed	NA	no	NA	Rfam.seed.gz	15.1	41f014f4ab5628620935f089b1bb77987ebc162fda7c72bff368a32c9cccabac
RF00174__4GXY_A__6VMY_A__a1__reverse__rep1	RF00174__4GXY_A__6VMY_A	reverse	1	RF00174__4GXY_A	107	C	107	A:107	yes	no	225	NA	NA	NA	81	A	A:282	star3d_only	alignment_gap_in_standard_seed	NA	no	NA	Rfam.seed.gz	15.1	41f014f4ab5628620935f089b1bb77987ebc162fda7c72bff368a32c9cccabac
RF00174__4GXY_A__6VMY_A__a1__reverse__rep1	RF00174__4GXY_A__6VMY_A	reverse	1	RF00174__4GXY_A	108	U	108	A:108	yes	no	226	NA	NA	NA	82	U	A:283	star3d_only	alignment_gap_in_standard_seed	NA	no	NA	Rfam.seed.gz	15.1	41f014f4ab5628620935f089b1bb77987ebc162fda7c72bff368a32c9cccabac
RF00174__4GXY_A__6VMY_A__a1__reverse__rep1	RF00174__4GXY_A__6VMY_A	reverse	1	RF00174__4GXY_A	109	G	109	A:109	yes	no	227	NA	NA	NA	83	U	A:284	star3d_only	alignment_gap_in_standard_seed	NA	no	NA	Rfam.seed.gz	15.1	41f014f4ab5628620935f089b1bb77987ebc162fda7c72bff368a32c9cccabac
RF00174__4GXY_A__6VMY_A__a1__reverse__rep1	RF00174__4GXY_A__6VMY_A	reverse	1	RF00174__4GXY_A	110	G	110	A:110	yes	no	228	NA	NA	NA	84	G	A:285	star3d_only	alignment_gap_in_standard_seed	NA	no	NA	Rfam.seed.gz	15.1	41f014f4ab5628620935f089b1bb77987ebc162fda7c72bff368a32c9cccabac
RF00174__4GXY_A__6VMY_A__a1__reverse__rep1	RF00174__4GXY_A__6VMY_A	reverse	1	RF00174__4GXY_A	111	C	111	A:111	yes	no	229	NA	NA	NA	85	G	A:286	star3d_only	alignment_gap_in_standard_seed	NA	no	NA	Rfam.seed.gz	15.1	41f014f4ab5628620935f089b1bb77987ebc162fda7c72bff368a32c9cccabac
RF00174__4GXY_A__6VMY_A__a1__reverse__rep1	RF00174__4GXY_A__6VMY_A	reverse	1	RF00174__4GXY_A	112	C	112	A:112	yes	no	230	NA	NA	NA	86	C	A:287	star3d_only	alignment_gap_in_standard_seed	NA	no	NA	Rfam.seed.gz	15.1	41f014f4ab5628620935f089b1bb77987ebc162fda7c72bff368a32c9cccabac
RF00174__4GXY_A__6VMY_A__a1__reverse__rep1	RF00174__4GXY_A__6VMY_A	reverse	1	RF00174__4GXY_A	113	C	113	A:113	yes	no	232	NA	NA	NA	NA	NA	NA	neither	alignment_gap_in_standard_seed	algorithm_omission	no	NA	Rfam.seed.gz	15.1	41f014f4ab5628620935f089b1bb77987ebc162fda7c72bff368a32c9cccabac
RF00174__4GXY_A__6VMY_A__a1__reverse__rep1	RF00174__4GXY_A__6VMY_A	reverse	1	RF00174__4GXY_A	114	G	114	A:114	no	no	233	NA	NA	NA	NA	NA	NA	neither	alignment_gap_in_standard_seed	missing_coordinates_source	no	NA	Rfam.seed.gz	15.1	41f014f4ab5628620935f089b1bb77987ebc162fda7c72bff368a32c9cccabac
RF00174__4GXY_A__6VMY_A__a1__reverse__rep1	RF00174__4GXY_A__6VMY_A	reverse	1	RF00174__4GXY_A	115	A	115	A:115	no	no	234	NA	NA	NA	NA	NA	NA	neither	alignment_gap_in_standard_seed	missing_coordinates_source	no	NA	Rfam.seed.gz	15.1	41f014f4ab5628620935f089b1bb77987ebc162fda7c72bff368a32c9cccabac
RF00174__4GXY_A__6VMY_A__a1__reverse__rep1	RF00174__4GXY_A__6VMY_A	reverse	1	RF00174__4GXY_A	116	A	116	A:116	no	no	235	NA	NA	NA	NA	NA	NA	neither	alignment_gap_in_standard_seed	missing_coordinates_source	no	NA	Rfam.seed.gz	15.1	41f014f4ab5628620935f089b1bb77987ebc162fda7c72bff368a32c9cccabac
RF00174__4GXY_A__6VMY_A__a1__reverse__rep1	RF00174__4GXY_A__6VMY_A	reverse	1	RF00174__4GXY_A	117	G	117	A:117	yes	no	295	NA	NA	NA	92	G	A:293	star3d_only	alignment_gap_in_standard_seed	NA	no	NA	Rfam.seed.gz	15.1	41f014f4ab5628620935f089b1bb77987ebc162fda7c72bff368a32c9cccabac
RF00174__4GXY_A__6VMY_A__a1__reverse__rep1	RF00174__4GXY_A__6VMY_A	reverse	1	RF00174__4GXY_A	118	G	118	A:118	yes	no	296	NA	NA	NA	93	C	A:294	star3d_only	alignment_gap_in_standard_seed	NA	no	NA	Rfam.seed.gz	15.1	41f014f4ab5628620935f089b1bb77987ebc162fda7c72bff368a32c9cccabac
RF00174__4GXY_A__6VMY_A__a1__reverse__rep1	RF00174__4GXY_A__6VMY_A	reverse	1	RF00174__4GXY_A	119	C	119	A:119	yes	no	297	NA	NA	NA	94	C	A:295	star3d_only	alignment_gap_in_standard_seed	NA	no	NA	Rfam.seed.gz	15.1	41f014f4ab5628620935f089b1bb77987ebc162fda7c72bff368a32c9cccabac
RF00174__4GXY_A__6VMY_A__a1__reverse__rep1	RF00174__4GXY_A__6VMY_A	reverse	1	RF00174__4GXY_A	120	C	120	A:120	yes	no	298	NA	NA	NA	95	A	A:296	star3d_only	alignment_gap_in_standard_seed	NA	no	NA	Rfam.seed.gz	15.1	41f014f4ab5628620935f089b1bb77987ebc162fda7c72bff368a32c9cccabac
RF00174__4GXY_A__6VMY_A__a1__reverse__rep1	RF00174__4GXY_A__6VMY_A	reverse	1	RF00174__4GXY_A	121	G	121	A:121	yes	no	299	NA	NA	NA	96	A	A:297	star3d_only	alignment_gap_in_standard_seed	NA	no	NA	Rfam.seed.gz	15.1	41f014f4ab5628620935f089b1bb77987ebc162fda7c72bff368a32c9cccabac
RF00174__4GXY_A__6VMY_A__a1__reverse__rep1	RF00174__4GXY_A__6VMY_A	reverse	1	RF00174__4GXY_A	122	G	122	A:122	yes	no	300	NA	NA	NA	97	G	A:298	star3d_only	alignment_gap_in_standard_seed	NA	no	NA	Rfam.seed.gz	15.1	41f014f4ab5628620935f089b1bb77987ebc162fda7c72bff368a32c9cccabac
RF00174__4GXY_A__6VMY_A__a1__reverse__rep1	RF00174__4GXY_A__6VMY_A	reverse	1	RF00174__4GXY_A	123	G	123	A:123	yes	no	301	NA	NA	NA	98	A	A:299	star3d_only	alignment_gap_in_standard_seed	NA	no	NA	Rfam.seed.gz	15.1	41f014f4ab5628620935f089b1bb77987ebc162fda7c72bff368a32c9cccabac
RF00174__4GXY_A__6VMY_A__a1__reverse__rep1	RF00174__4GXY_A__6VMY_A	reverse	1	RF00174__4GXY_A	124	A	124	A:124	yes	no	302	NA	NA	NA	99	G	A:300	star3d_only	alignment_gap_in_standard_seed	NA	no	NA	Rfam.seed.gz	15.1	41f014f4ab5628620935f089b1bb77987ebc162fda7c72bff368a32c9cccabac
RF00174__4GXY_A__6VMY_A__a1__reverse__rep1	RF00174__4GXY_A__6VMY_A	reverse	1	RF00174__4GXY_A	125	A	125	A:125	yes	no	303	NA	NA	NA	100	C	A:301	star3d_only	alignment_gap_in_standard_seed	NA	no	NA	Rfam.seed.gz	15.1	41f014f4ab5628620935f089b1bb77987ebc162fda7c72bff368a32c9cccabac
RF00174__4GXY_A__6VMY_A__a1__reverse__rep1	RF00174__4GXY_A__6VMY_A	reverse	1	RF00174__4GXY_A	126	G	126	A:126	yes	no	304	NA	NA	NA	101	C	A:302	star3d_only	alignment_gap_in_standard_seed	NA	no	NA	Rfam.seed.gz	15.1	41f014f4ab5628620935f089b1bb77987ebc162fda7c72bff368a32c9cccabac
RF00174__4GXY_A__6VMY_A__a1__reverse__rep1	RF00174__4GXY_A__6VMY_A	reverse	1	RF00174__4GXY_A	127	G	127	A:127	yes	no	305	NA	NA	NA	102	A	A:303	star3d_only	alignment_gap_in_standard_seed	NA	no	NA	Rfam.seed.gz	15.1	41f014f4ab5628620935f089b1bb77987ebc162fda7c72bff368a32c9cccabac
RF00174__4GXY_A__6VMY_A__a1__reverse__rep1	RF00174__4GXY_A__6VMY_A	reverse	1	RF00174__4GXY_A	128	C	128	A:128	yes	no	306	NA	NA	NA	103	G	A:304	star3d_only	alignment_gap_in_standard_seed	NA	no	NA	Rfam.seed.gz	15.1	41f014f4ab5628620935f089b1bb77987ebc162fda7c72bff368a32c9cccabac
RF00174__4GXY_A__6VMY_A__a1__reverse__rep1	RF00174__4GXY_A__6VMY_A	reverse	1	RF00174__4GXY_A	129	G	129	A:129	yes	no	309	NA	NA	NA	104	G	A:305	star3d_only	alignment_gap_in_standard_seed	NA	no	NA	Rfam.seed.gz	15.1	41f014f4ab5628620935f089b1bb77987ebc162fda7c72bff368a32c9cccabac
RF00174__4GXY_A__6VMY_A__a1__reverse__rep1	RF00174__4GXY_A__6VMY_A	reverse	1	RF00174__4GXY_A	130	G	130	A:130	yes	no	310	NA	NA	NA	NA	NA	NA	neither	alignment_gap_in_standard_seed	algorithm_omission	no	NA	Rfam.seed.gz	15.1	41f014f4ab5628620935f089b1bb77987ebc162fda7c72bff368a32c9cccabac
RF00174__4GXY_A__6VMY_A__a1__reverse__rep1	RF00174__4GXY_A__6VMY_A	reverse	1	RF00174__4GXY_A	131	A	131	A:131	yes	no	311	NA	NA	NA	NA	NA	NA	neither	alignment_gap_in_standard_seed	algorithm_omission	no	NA	Rfam.seed.gz	15.1	41f014f4ab5628620935f089b1bb77987ebc162fda7c72bff368a32c9cccabac
RF00174__4GXY_A__6VMY_A__a1__reverse__rep1	RF00174__4GXY_A__6VMY_A	reverse	1	RF00174__4GXY_A	132	G	132	A:132	yes	no	313	NA	NA	NA	NA	NA	NA	neither	alignment_gap_in_standard_seed	algorithm_omission	no	NA	Rfam.seed.gz	15.1	41f014f4ab5628620935f089b1bb77987ebc162fda7c72bff368a32c9cccabac
RF00174__4GXY_A__6VMY_A__a1__reverse__rep1	RF00174__4GXY_A__6VMY_A	reverse	1	RF00174__4GXY_A	133	G	133	A:133	yes	no	316	NA	NA	NA	NA	NA	NA	neither	alignment_gap_in_standard_seed	algorithm_omission	no	NA	Rfam.seed.gz	15.1	41f014f4ab5628620935f089b1bb77987ebc162fda7c72bff368a32c9cccabac
RF00174__4GXY_A__6VMY_A__a1__reverse__rep1	RF00174__4GXY_A__6VMY_A	reverse	1	RF00174__4GXY_A	134	G	134	A:134	yes	no	320	NA	NA	NA	NA	NA	NA	neither	alignment_gap_in_standard_seed	algorithm_omission	no	NA	Rfam.seed.gz	15.1	41f014f4ab5628620935f089b1bb77987ebc162fda7c72bff368a32c9cccabac
RF00174__4GXY_A__6VMY_A__a1__reverse__rep1	RF00174__4GXY_A__6VMY_A	reverse	1	RF00174__4GXY_A	135	G	135	A:135	yes	no	321	NA	NA	NA	NA	NA	NA	neither	alignment_gap_in_standard_seed	algorithm_omission	no	NA	Rfam.seed.gz	15.1	41f014f4ab5628620935f089b1bb77987ebc162fda7c72bff368a32c9cccabac
RF00174__4GXY_A__6VMY_A__a1__reverse__rep1	RF00174__4GXY_A__6VMY_A	reverse	1	RF00174__4GXY_A	136	C	136	A:136	yes	no	323	NA	NA	NA	NA	NA	NA	neither	alignment_gap_in_standard_seed	algorithm_omission	no	NA	Rfam.seed.gz	15.1	41f014f4ab5628620935f089b1bb77987ebc162fda7c72bff368a32c9cccabac
RF00174__4GXY_A__6VMY_A__a1__reverse__rep1	RF00174__4GXY_A__6VMY_A	reverse	1	RF00174__4GXY_A	137	G	137	A:137	yes	no	324	NA	NA	NA	NA	NA	NA	neither	alignment_gap_in_standard_seed	algorithm_omission	no	NA	Rfam.seed.gz	15.1	41f014f4ab5628620935f089b1bb77987ebc162fda7c72bff368a32c9cccabac
RF00174__4GXY_A__6VMY_A__a1__reverse__rep1	RF00174__4GXY_A__6VMY_A	reverse	1	RF00174__4GXY_A	138	G	138	A:138	yes	no	325	NA	NA	NA	NA	NA	NA	neither	alignment_gap_in_standard_seed	algorithm_omission	no	NA	Rfam.seed.gz	15.1	41f014f4ab5628620935f089b1bb77987ebc162fda7c72bff368a32c9cccabac
RF00174__4GXY_A__6VMY_A__a1__reverse__rep1	RF00174__4GXY_A__6VMY_A	reverse	1	RF00174__4GXY_A	139	C	139	A:139	yes	no	326	NA	NA	NA	NA	NA	NA	neither	alignment_gap_in_standard_seed	algorithm_omission	no	NA	Rfam.seed.gz	15.1	41f014f4ab5628620935f089b1bb77987ebc162fda7c72bff368a32c9cccabac
RF00174__4GXY_A__6VMY_A__a1__reverse__rep1	RF00174__4GXY_A__6VMY_A	reverse	1	RF00174__4GXY_A	140	G	140	A:140	yes	no	327	NA	NA	NA	NA	NA	NA	neither	alignment_gap_in_standard_seed	algorithm_omission	no	NA	Rfam.seed.gz	15.1	41f014f4ab5628620935f089b1bb77987ebc162fda7c72bff368a32c9cccabac
RF00174__4GXY_A__6VMY_A__a1__reverse__rep1	RF00174__4GXY_A__6VMY_A	reverse	1	RF00174__4GXY_A	141	A	141	A:141	yes	no	328	NA	NA	NA	NA	NA	NA	neither	alignment_gap_in_standard_seed	algorithm_omission	no	NA	Rfam.seed.gz	15.1	41f014f4ab5628620935f089b1bb77987ebc162fda7c72bff368a32c9cccabac
RF00174__4GXY_A__6VMY_A__a1__reverse__rep1	RF00174__4GXY_A__6VMY_A	reverse	1	RF00174__4GXY_A	142	G	142	A:142	yes	no	329	NA	NA	NA	NA	NA	NA	neither	alignment_gap_in_standard_seed	algorithm_omission	no	NA	Rfam.seed.gz	15.1	41f014f4ab5628620935f089b1bb77987ebc162fda7c72bff368a32c9cccabac
RF00174__4GXY_A__6VMY_A__a1__reverse__rep1	RF00174__4GXY_A__6VMY_A	reverse	1	RF00174__4GXY_A	143	G	143	A:143	yes	no	330	NA	NA	NA	NA	NA	NA	neither	alignment_gap_in_standard_seed	algorithm_omission	no	NA	Rfam.seed.gz	15.1	41f014f4ab5628620935f089b1bb77987ebc162fda7c72bff368a32c9cccabac
RF00174__4GXY_A__6VMY_A__a1__reverse__rep1	RF00174__4GXY_A__6VMY_A	reverse	1	RF00174__4GXY_A	144	A	144	A:144	yes	no	331	NA	NA	NA	NA	NA	NA	neither	alignment_gap_in_standard_seed	algorithm_omission	no	NA	Rfam.seed.gz	15.1	41f014f4ab5628620935f089b1bb77987ebc162fda7c72bff368a32c9cccabac
RF00174__4GXY_A__6VMY_A__a1__reverse__rep1	RF00174__4GXY_A__6VMY_A	reverse	1	RF00174__4GXY_A	145	U	145	A:145	yes	no	398	92	G	A:293	NA	NA	NA	rfam_only	NA	algorithm_omission	yes	NA	Rfam.seed.gz	15.1	41f014f4ab5628620935f089b1bb77987ebc162fda7c72bff368a32c9cccabac
RF00174__4GXY_A__6VMY_A__a1__reverse__rep1	RF00174__4GXY_A__6VMY_A	reverse	1	RF00174__4GXY_A	146	C	146	A:146	yes	no	399	93	C	A:294	NA	NA	NA	rfam_only	NA	algorithm_omission	yes	NA	Rfam.seed.gz	15.1	41f014f4ab5628620935f089b1bb77987ebc162fda7c72bff368a32c9cccabac
RF00174__4GXY_A__6VMY_A__a1__reverse__rep1	RF00174__4GXY_A__6VMY_A	reverse	1	RF00174__4GXY_A	147	C	147	A:147	yes	no	400	94	C	A:295	NA	NA	NA	rfam_only	NA	algorithm_omission	yes	NA	Rfam.seed.gz	15.1	41f014f4ab5628620935f089b1bb77987ebc162fda7c72bff368a32c9cccabac
RF00174__4GXY_A__6VMY_A__a1__reverse__rep1	RF00174__4GXY_A__6VMY_A	reverse	1	RF00174__4GXY_A	148	G	148	A:148	yes	no	401	95	A	A:296	NA	NA	NA	rfam_only	NA	algorithm_omission	yes	NA	Rfam.seed.gz	15.1	41f014f4ab5628620935f089b1bb77987ebc162fda7c72bff368a32c9cccabac
RF00174__4GXY_A__6VMY_A__a1__reverse__rep1	RF00174__4GXY_A__6VMY_A	reverse	1	RF00174__4GXY_A	149	G	149	A:149	yes	no	403	97	G	A:298	NA	NA	NA	rfam_only	NA	algorithm_omission	yes	NA	Rfam.seed.gz	15.1	41f014f4ab5628620935f089b1bb77987ebc162fda7c72bff368a32c9cccabac
RF00174__4GXY_A__6VMY_A__a1__reverse__rep1	RF00174__4GXY_A__6VMY_A	reverse	1	RF00174__4GXY_A	150	A	150	A:150	yes	no	404	98	A	A:299	NA	NA	NA	rfam_only	NA	algorithm_omission	yes	NA	Rfam.seed.gz	15.1	41f014f4ab5628620935f089b1bb77987ebc162fda7c72bff368a32c9cccabac
RF00174__4GXY_A__6VMY_A__a1__reverse__rep1	RF00174__4GXY_A__6VMY_A	reverse	1	RF00174__4GXY_A	151	G	151	A:151	yes	no	405	99	G	A:300	NA	NA	NA	rfam_only	NA	algorithm_omission	yes	NA	Rfam.seed.gz	15.1	41f014f4ab5628620935f089b1bb77987ebc162fda7c72bff368a32c9cccabac
RF00174__4GXY_A__6VMY_A__a1__reverse__rep1	RF00174__4GXY_A__6VMY_A	reverse	1	RF00174__4GXY_A	152	U	152	A:152	yes	no	406	100	C	A:301	NA	NA	NA	rfam_only	NA	algorithm_omission	yes	NA	Rfam.seed.gz	15.1	41f014f4ab5628620935f089b1bb77987ebc162fda7c72bff368a32c9cccabac
RF00174__4GXY_A__6VMY_A__a1__reverse__rep1	RF00174__4GXY_A__6VMY_A	reverse	1	RF00174__4GXY_A	153	C	153	A:153	yes	no	407	101	C	A:302	NA	NA	NA	rfam_only	NA	algorithm_omission	yes	NA	Rfam.seed.gz	15.1	41f014f4ab5628620935f089b1bb77987ebc162fda7c72bff368a32c9cccabac
RF00174__4GXY_A__6VMY_A__a1__reverse__rep1	RF00174__4GXY_A__6VMY_A	reverse	1	RF00174__4GXY_A	154	A	154	A:154	yes	no	408	102	A	A:303	NA	NA	NA	rfam_only	NA	algorithm_omission	yes	NA	Rfam.seed.gz	15.1	41f014f4ab5628620935f089b1bb77987ebc162fda7c72bff368a32c9cccabac
RF00174__4GXY_A__6VMY_A__a1__reverse__rep1	RF00174__4GXY_A__6VMY_A	reverse	1	RF00174__4GXY_A	155	G	155	A:155	yes	no	409	103	G	A:304	NA	NA	NA	rfam_only	NA	algorithm_omission	yes	NA	Rfam.seed.gz	15.1	41f014f4ab5628620935f089b1bb77987ebc162fda7c72bff368a32c9cccabac
RF00174__4GXY_A__6VMY_A__a1__reverse__rep1	RF00174__4GXY_A__6VMY_A	reverse	1	RF00174__4GXY_A	156	G	156	A:156	yes	no	410	104	G	A:305	NA	NA	NA	rfam_only	NA	algorithm_omission	yes	NA	Rfam.seed.gz	15.1	41f014f4ab5628620935f089b1bb77987ebc162fda7c72bff368a32c9cccabac
RF00174__4GXY_A__6VMY_A__a1__reverse__rep1	RF00174__4GXY_A__6VMY_A	reverse	1	RF00174__4GXY_A	157	A	157	A:157	yes	no	411	105	A	A:306	NA	NA	NA	rfam_only	NA	algorithm_omission	yes	NA	Rfam.seed.gz	15.1	41f014f4ab5628620935f089b1bb77987ebc162fda7c72bff368a32c9cccabac
RF00174__4GXY_A__6VMY_A__a1__reverse__rep1	RF00174__4GXY_A__6VMY_A	reverse	1	RF00174__4GXY_A	158	A	158	A:158	yes	no	412	106	U	A:307	NA	NA	NA	rfam_only	NA	algorithm_omission	yes	NA	Rfam.seed.gz	15.1	41f014f4ab5628620935f089b1bb77987ebc162fda7c72bff368a32c9cccabac
RF00174__4GXY_A__6VMY_A__a1__reverse__rep1	RF00174__4GXY_A__6VMY_A	reverse	1	RF00174__4GXY_A	159	A	159	A:159	yes	no	413	107	A	A:308	NA	NA	NA	rfam_only	NA	algorithm_omission	yes	NA	Rfam.seed.gz	15.1	41f014f4ab5628620935f089b1bb77987ebc162fda7c72bff368a32c9cccabac
RF00174__4GXY_A__6VMY_A__a1__reverse__rep1	RF00174__4GXY_A__6VMY_A	reverse	1	RF00174__4GXY_A	160	C	160	A:160	yes	no	414	108	C	A:309	NA	NA	NA	rfam_only	NA	algorithm_omission	yes	NA	Rfam.seed.gz	15.1	41f014f4ab5628620935f089b1bb77987ebc162fda7c72bff368a32c9cccabac
RF00174__4GXY_A__6VMY_A__a1__reverse__rep1	RF00174__4GXY_A__6VMY_A	reverse	1	RF00174__4GXY_A	161	C	161	A:161	yes	no	415	109	C	A:310	NA	NA	NA	rfam_only	NA	algorithm_omission	yes	NA	Rfam.seed.gz	15.1	41f014f4ab5628620935f089b1bb77987ebc162fda7c72bff368a32c9cccabac
RF00174__4GXY_A__6VMY_A__a1__reverse__rep1	RF00174__4GXY_A__6VMY_A	reverse	1	RF00174__4GXY_A	162	U	162	A:162	yes	no	416	110	U	A:311	NA	NA	NA	rfam_only	NA	algorithm_omission	yes	NA	Rfam.seed.gz	15.1	41f014f4ab5628620935f089b1bb77987ebc162fda7c72bff368a32c9cccabac
RF00174__4GXY_A__6VMY_A__a1__reverse__rep1	RF00174__4GXY_A__6VMY_A	reverse	1	RF00174__4GXY_A	163	G	163	A:163	yes	no	417	111	G	A:312	NA	NA	NA	rfam_only	NA	algorithm_omission	yes	NA	Rfam.seed.gz	15.1	41f014f4ab5628620935f089b1bb77987ebc162fda7c72bff368a32c9cccabac
RF00174__4GXY_A__6VMY_A__a1__reverse__rep1	RF00174__4GXY_A__6VMY_A	reverse	1	RF00174__4GXY_A	164	C	164	A:164	yes	no	418	112	C	A:313	NA	NA	NA	rfam_only	NA	algorithm_omission	yes	NA	Rfam.seed.gz	15.1	41f014f4ab5628620935f089b1bb77987ebc162fda7c72bff368a32c9cccabac
RF00174__4GXY_A__6VMY_A__a1__reverse__rep1	RF00174__4GXY_A__6VMY_A	reverse	1	RF00174__4GXY_A	165	C	165	A:165	yes	no	419	113	C	A:314	NA	NA	NA	rfam_only	NA	algorithm_omission	yes	NA	Rfam.seed.gz	15.1	41f014f4ab5628620935f089b1bb77987ebc162fda7c72bff368a32c9cccabac
RF00174__4GXY_A__6VMY_A__a1__reverse__rep1	RF00174__4GXY_A__6VMY_A	reverse	1	RF00174__4GXY_A	166	U	166	A:166	yes	no	420	114	U	A:315	NA	NA	NA	rfam_only	NA	algorithm_omission	yes	NA	Rfam.seed.gz	15.1	41f014f4ab5628620935f089b1bb77987ebc162fda7c72bff368a32c9cccabac
RF00174__4GXY_A__6VMY_A__a1__reverse__rep1	RF00174__4GXY_A__6VMY_A	reverse	1	RF00174__4GXY_A	167	G	167	A:167	yes	no	422	116	U	A:317	NA	NA	NA	rfam_only	NA	algorithm_omission	yes	NA	Rfam.seed.gz	15.1	41f014f4ab5628620935f089b1bb77987ebc162fda7c72bff368a32c9cccabac
RF00174__4GXY_A__6VMY_A__a1__reverse__rep1	RF00174__4GXY_A__6VMY_A	reverse	1	RF00174__4GXY_A	168	C	168	A:168	yes	no	423	117	U	A:318	NA	NA	NA	rfam_only	NA	algorithm_omission	yes	NA	Rfam.seed.gz	15.1	41f014f4ab5628620935f089b1bb77987ebc162fda7c72bff368a32c9cccabac
RF00174__4GXY_A__6VMY_A__a1__reverse__rep1	RF00174__4GXY_A__6VMY_A	reverse	1	RF00174__4GXY_A	169	C	169	A:169	yes	no	424	118	U	A:319	NA	NA	NA	rfam_only	NA	algorithm_omission	yes	NA	Rfam.seed.gz	15.1	41f014f4ab5628620935f089b1bb77987ebc162fda7c72bff368a32c9cccabac
RF00174__4GXY_A__6VMY_A__a1__reverse__rep1	RF00174__4GXY_A__6VMY_A	reverse	1	RF00174__4GXY_A	170	G	170	A:170	yes	no	426	120	A	A:321	NA	NA	NA	rfam_only	NA	algorithm_omission	yes	NA	Rfam.seed.gz	15.1	41f014f4ab5628620935f089b1bb77987ebc162fda7c72bff368a32c9cccabac
RF00174__4GXY_A__6VMY_A__a1__reverse__rep1	RF00174__4GXY_A__6VMY_A	reverse	1	RF00174__4GXY_A	171	U	171	A:171	yes	yes	427	121	U	A:322	NA	NA	NA	rfam_only	NA	algorithm_omission	no	NA	Rfam.seed.gz	15.1	41f014f4ab5628620935f089b1bb77987ebc162fda7c72bff368a32c9cccabac
RF00174__4GXY_A__6VMY_A__a1__reverse__rep1	RF00174__4GXY_A__6VMY_A	reverse	1	RF00174__4GXY_A	172	C	172	A:172	yes	yes	428	122	C	A:323	NA	NA	NA	rfam_only	NA	algorithm_omission	no	NA	Rfam.seed.gz	15.1	41f014f4ab5628620935f089b1bb77987ebc162fda7c72bff368a32c9cccabac
RF00174__4GXY_A__6VMY_A__a1__reverse__rep2	RF00174__4GXY_A__6VMY_A	reverse	2	RF00174__4GXY_A	1	G	1	A:1	yes	yes	12	3	U	A:204	NA	NA	NA	rfam_only	NA	algorithm_omission	no	NA	Rfam.seed.gz	15.1	41f014f4ab5628620935f089b1bb77987ebc162fda7c72bff368a32c9cccabac
RF00174__4GXY_A__6VMY_A__a1__reverse__rep2	RF00174__4GXY_A__6VMY_A	reverse	2	RF00174__4GXY_A	2	G	2	A:2	yes	no	13	4	C	A:205	NA	NA	NA	rfam_only	NA	algorithm_omission	yes	NA	Rfam.seed.gz	15.1	41f014f4ab5628620935f089b1bb77987ebc162fda7c72bff368a32c9cccabac
RF00174__4GXY_A__6VMY_A__a1__reverse__rep2	RF00174__4GXY_A__6VMY_A	reverse	2	RF00174__4GXY_A	3	C	3	A:3	yes	no	14	5	A	A:206	NA	NA	NA	rfam_only	NA	algorithm_omission	yes	NA	Rfam.seed.gz	15.1	41f014f4ab5628620935f089b1bb77987ebc162fda7c72bff368a32c9cccabac
RF00174__4GXY_A__6VMY_A__a1__reverse__rep2	RF00174__4GXY_A__6VMY_A	reverse	2	RF00174__4GXY_A	4	G	4	A:4	yes	no	15	6	A	A:207	NA	NA	NA	rfam_only	NA	algorithm_omission	yes	NA	Rfam.seed.gz	15.1	41f014f4ab5628620935f089b1bb77987ebc162fda7c72bff368a32c9cccabac
RF00174__4GXY_A__6VMY_A__a1__reverse__rep2	RF00174__4GXY_A__6VMY_A	reverse	2	RF00174__4GXY_A	5	G	5	A:5	yes	no	16	7	A	A:208	NA	NA	NA	rfam_only	NA	algorithm_omission	yes	NA	Rfam.seed.gz	15.1	41f014f4ab5628620935f089b1bb77987ebc162fda7c72bff368a32c9cccabac
RF00174__4GXY_A__6VMY_A__a1__reverse__rep2	RF00174__4GXY_A__6VMY_A	reverse	2	RF00174__4GXY_A	6	C	6	A:6	yes	no	18	8	U	A:209	NA	NA	NA	rfam_only	NA	algorithm_omission	yes	NA	Rfam.seed.gz	15.1	41f014f4ab5628620935f089b1bb77987ebc162fda7c72bff368a32c9cccabac
RF00174__4GXY_A__6VMY_A__a1__reverse__rep2	RF00174__4GXY_A__6VMY_A	reverse	2	RF00174__4GXY_A	7	A	7	A:7	yes	no	20	9	A	A:210	NA	NA	NA	rfam_only	NA	algorithm_omission	yes	NA	Rfam.seed.gz	15.1	41f014f4ab5628620935f089b1bb77987ebc162fda7c72bff368a32c9cccabac
RF00174__4GXY_A__6VMY_A__a1__reverse__rep2	RF00174__4GXY_A__6VMY_A	reverse	2	RF00174__4GXY_A	8	G	8	A:8	yes	no	22	10	G	A:211	NA	NA	NA	rfam_only	NA	algorithm_omission	yes	NA	Rfam.seed.gz	15.1	41f014f4ab5628620935f089b1bb77987ebc162fda7c72bff368a32c9cccabac
RF00174__4GXY_A__6VMY_A__a1__reverse__rep2	RF00174__4GXY_A__6VMY_A	reverse	2	RF00174__4GXY_A	9	G	9	A:9	yes	no	24	11	G	A:212	NA	NA	NA	rfam_only	NA	algorithm_omission	yes	NA	Rfam.seed.gz	15.1	41f014f4ab5628620935f089b1bb77987ebc162fda7c72bff368a32c9cccabac
RF00174__4GXY_A__6VMY_A__a1__reverse__rep2	RF00174__4GXY_A__6VMY_A	reverse	2	RF00174__4GXY_A	10	U	10	A:10	yes	no	25	12	U	A:213	NA	NA	NA	rfam_only	NA	algorithm_omission	yes	NA	Rfam.seed.gz	15.1	41f014f4ab5628620935f089b1bb77987ebc162fda7c72bff368a32c9cccabac
RF00174__4GXY_A__6VMY_A__a1__reverse__rep2	RF00174__4GXY_A__6VMY_A	reverse	2	RF00174__4GXY_A	11	G	11	A:11	yes	no	29	NA	NA	NA	NA	NA	NA	neither	alignment_gap_in_standard_seed	algorithm_omission	no	NA	Rfam.seed.gz	15.1	41f014f4ab5628620935f089b1bb77987ebc162fda7c72bff368a32c9cccabac
RF00174__4GXY_A__6VMY_A__a1__reverse__rep2	RF00174__4GXY_A__6VMY_A	reverse	2	RF00174__4GXY_A	12	C	12	A:12	yes	no	30	13	G	A:214	NA	NA	NA	rfam_only	NA	algorithm_omission	yes	NA	Rfam.seed.gz	15.1	41f014f4ab5628620935f089b1bb77987ebc162fda7c72bff368a32c9cccabac
RF00174__4GXY_A__6VMY_A__a1__reverse__rep2	RF00174__4GXY_A__6VMY_A	reverse	2	RF00174__4GXY_A	13	U	13	A:13	yes	no	31	14	C	A:215	NA	NA	NA	rfam_only	NA	algorithm_omission	yes	NA	Rfam.seed.gz	15.1	41f014f4ab5628620935f089b1bb77987ebc162fda7c72bff368a32c9cccabac
RF00174__4GXY_A__6VMY_A__a1__reverse__rep2	RF00174__4GXY_A__6VMY_A	reverse	2	RF00174__4GXY_A	14	C	14	A:14	yes	no	32	15	C	A:216	NA	NA	NA	rfam_only	NA	algorithm_omission	yes	NA	Rfam.seed.gz	15.1	41f014f4ab5628620935f089b1bb77987ebc162fda7c72bff368a32c9cccabac
RF00174__4GXY_A__6VMY_A__a1__reverse__rep2	RF00174__4GXY_A__6VMY_A	reverse	2	RF00174__4GXY_A	15	C	15	A:15	yes	no	33	16	G	A:217	NA	NA	NA	rfam_only	NA	algorithm_omission	yes	NA	Rfam.seed.gz	15.1	41f014f4ab5628620935f089b1bb77987ebc162fda7c72bff368a32c9cccabac
RF00174__4GXY_A__6VMY_A__a1__reverse__rep2	RF00174__4GXY_A__6VMY_A	reverse	2	RF00174__4GXY_A	16	C	16	A:16	yes	no	34	17	G	A:218	NA	NA	NA	rfam_only	NA	algorithm_omission	yes	NA	Rfam.seed.gz	15.1	41f014f4ab5628620935f089b1bb77987ebc162fda7c72bff368a32c9cccabac
RF00174__4GXY_A__6VMY_A__a1__reverse__rep2	RF00174__4GXY_A__6VMY_A	reverse	2	RF00174__4GXY_A	17	G	17	A:17	yes	no	35	18	U	A:219	NA	NA	NA	rfam_only	NA	algorithm_omission	yes	NA	Rfam.seed.gz	15.1	41f014f4ab5628620935f089b1bb77987ebc162fda7c72bff368a32c9cccabac
RF00174__4GXY_A__6VMY_A__a1__reverse__rep2	RF00174__4GXY_A__6VMY_A	reverse	2	RF00174__4GXY_A	18	A	18	A:18	yes	no	36	19	C	A:220	NA	NA	NA	rfam_only	NA	algorithm_omission	yes	NA	Rfam.seed.gz	15.1	41f014f4ab5628620935f089b1bb77987ebc162fda7c72bff368a32c9cccabac
RF00174__4GXY_A__6VMY_A__a1__reverse__rep2	RF00174__4GXY_A__6VMY_A	reverse	2	RF00174__4GXY_A	19	C	19	A:19	yes	no	37	20	C	A:221	NA	NA	NA	rfam_only	NA	algorithm_omission	yes	NA	Rfam.seed.gz	15.1	41f014f4ab5628620935f089b1bb77987ebc162fda7c72bff368a32c9cccabac
RF00174__4GXY_A__6VMY_A__a1__reverse__rep2	RF00174__4GXY_A__6VMY_A	reverse	2	RF00174__4GXY_A	20	C	20	A:20	no	no	38	21	G	A:222	NA	NA	NA	rfam_only	NA	missing_coordinates_source	no	NA	Rfam.seed.gz	15.1	41f014f4ab5628620935f089b1bb77987ebc162fda7c72bff368a32c9cccabac
RF00174__4GXY_A__6VMY_A__a1__reverse__rep2	RF00174__4GXY_A__6VMY_A	reverse	2	RF00174__4GXY_A	21	C	21	A:21	no	no	57	24	A	A:225	NA	NA	NA	rfam_only	NA	missing_coordinates_source	no	NA	Rfam.seed.gz	15.1	41f014f4ab5628620935f089b1bb77987ebc162fda7c72bff368a32c9cccabac
RF00174__4GXY_A__6VMY_A__a1__reverse__rep2	RF00174__4GXY_A__6VMY_A	reverse	2	RF00174__4GXY_A	22	U	22	A:22	no	no	58	25	A	A:226	NA	NA	NA	rfam_only	NA	missing_coordinates_source	no	NA	Rfam.seed.gz	15.1	41f014f4ab5628620935f089b1bb77987ebc162fda7c72bff368a32c9cccabac
RF00174__4GXY_A__6VMY_A__a1__reverse__rep2	RF00174__4GXY_A__6VMY_A	reverse	2	RF00174__4GXY_A	23	G	23	A:23	no	no	59	26	C	A:227	NA	NA	NA	rfam_only	NA	missing_coordinates_source	no	NA	Rfam.seed.gz	15.1	41f014f4ab5628620935f089b1bb77987ebc162fda7c72bff368a32c9cccabac
RF00174__4GXY_A__6VMY_A__a1__reverse__rep2	RF00174__4GXY_A__6VMY_A	reverse	2	RF00174__4GXY_A	24	C	24	A:24	no	no	60	27	A	A:228	NA	NA	NA	rfam_only	NA	missing_coordinates_source	no	NA	Rfam.seed.gz	15.1	41f014f4ab5628620935f089b1bb77987ebc162fda7c72bff368a32c9cccabac
RF00174__4GXY_A__6VMY_A__a1__reverse__rep2	RF00174__4GXY_A__6VMY_A	reverse	2	RF00174__4GXY_A	25	G	25	A:25	no	no	61	28	A	A:229	NA	NA	NA	rfam_only	NA	missing_coordinates_source	no	NA	Rfam.seed.gz	15.1	41f014f4ab5628620935f089b1bb77987ebc162fda7c72bff368a32c9cccabac
RF00174__4GXY_A__6VMY_A__a1__reverse__rep2	RF00174__4GXY_A__6VMY_A	reverse	2	RF00174__4GXY_A	26	G	26	A:26	yes	no	62	29	C	A:230	NA	NA	NA	rfam_only	NA	algorithm_omission	yes	NA	Rfam.seed.gz	15.1	41f014f4ab5628620935f089b1bb77987ebc162fda7c72bff368a32c9cccabac
RF00174__4GXY_A__6VMY_A__a1__reverse__rep2	RF00174__4GXY_A__6VMY_A	reverse	2	RF00174__4GXY_A	27	U	27	A:27	yes	no	63	30	A	A:231	NA	NA	NA	rfam_only	NA	algorithm_omission	yes	NA	Rfam.seed.gz	15.1	41f014f4ab5628620935f089b1bb77987ebc162fda7c72bff368a32c9cccabac
RF00174__4GXY_A__6VMY_A__a1__reverse__rep2	RF00174__4GXY_A__6VMY_A	reverse	2	RF00174__4GXY_A	28	C	28	A:28	yes	no	65	31	G	A:232	NA	NA	NA	rfam_only	NA	algorithm_omission	yes	NA	Rfam.seed.gz	15.1	41f014f4ab5628620935f089b1bb77987ebc162fda7c72bff368a32c9cccabac
RF00174__4GXY_A__6VMY_A__a1__reverse__rep2	RF00174__4GXY_A__6VMY_A	reverse	2	RF00174__4GXY_A	29	G	29	A:29	yes	no	66	32	C	A:233	NA	NA	NA	rfam_only	NA	algorithm_omission	yes	NA	Rfam.seed.gz	15.1	41f014f4ab5628620935f089b1bb77987ebc162fda7c72bff368a32c9cccabac
RF00174__4GXY_A__6VMY_A__a1__reverse__rep2	RF00174__4GXY_A__6VMY_A	reverse	2	RF00174__4GXY_A	30	G	30	A:30	yes	no	67	33	C	A:234	NA	NA	NA	rfam_only	NA	algorithm_omission	yes	NA	Rfam.seed.gz	15.1	41f014f4ab5628620935f089b1bb77987ebc162fda7c72bff368a32c9cccabac
RF00174__4GXY_A__6VMY_A__a1__reverse__rep2	RF00174__4GXY_A__6VMY_A	reverse	2	RF00174__4GXY_A	31	G	31	A:31	yes	no	68	34	G	A:235	NA	NA	NA	rfam_only	NA	algorithm_omission	yes	NA	Rfam.seed.gz	15.1	41f014f4ab5628620935f089b1bb77987ebc162fda7c72bff368a32c9cccabac
RF00174__4GXY_A__6VMY_A__a1__reverse__rep2	RF00174__4GXY_A__6VMY_A	reverse	2	RF00174__4GXY_A	32	A	32	A:32	yes	no	69	35	G	A:236	NA	NA	NA	rfam_only	NA	algorithm_omission	yes	NA	Rfam.seed.gz	15.1	41f014f4ab5628620935f089b1bb77987ebc162fda7c72bff368a32c9cccabac
RF00174__4GXY_A__6VMY_A__a1__reverse__rep2	RF00174__4GXY_A__6VMY_A	reverse	2	RF00174__4GXY_A	33	G	33	A:33	yes	no	70	36	C	A:237	NA	NA	NA	rfam_only	NA	algorithm_omission	yes	NA	Rfam.seed.gz	15.1	41f014f4ab5628620935f089b1bb77987ebc162fda7c72bff368a32c9cccabac
RF00174__4GXY_A__6VMY_A__a1__reverse__rep2	RF00174__4GXY_A__6VMY_A	reverse	2	RF00174__4GXY_A	34	U	34	A:34	yes	no	71	37	U	A:238	NA	NA	NA	rfam_only	NA	algorithm_omission	yes	NA	Rfam.seed.gz	15.1	41f014f4ab5628620935f089b1bb77987ebc162fda7c72bff368a32c9cccabac
RF00174__4GXY_A__6VMY_A__a1__reverse__rep2	RF00174__4GXY_A__6VMY_A	reverse	2	RF00174__4GXY_A	35	U	35	A:35	yes	no	72	38	U	A:239	NA	NA	NA	rfam_only	NA	algorithm_omission	yes	NA	Rfam.seed.gz	15.1	41f014f4ab5628620935f089b1bb77987ebc162fda7c72bff368a32c9cccabac
RF00174__4GXY_A__6VMY_A__a1__reverse__rep2	RF00174__4GXY_A__6VMY_A	reverse	2	RF00174__4GXY_A	36	A	36	A:36	yes	no	77	39	A	A:240	NA	NA	NA	rfam_only	NA	algorithm_omission	yes	NA	Rfam.seed.gz	15.1	41f014f4ab5628620935f089b1bb77987ebc162fda7c72bff368a32c9cccabac
RF00174__4GXY_A__6VMY_A__a1__reverse__rep2	RF00174__4GXY_A__6VMY_A	reverse	2	RF00174__4GXY_A	37	A	37	A:37	yes	no	78	40	A	A:241	NA	NA	NA	rfam_only	NA	algorithm_omission	yes	NA	Rfam.seed.gz	15.1	41f014f4ab5628620935f089b1bb77987ebc162fda7c72bff368a32c9cccabac
RF00174__4GXY_A__6VMY_A__a1__reverse__rep2	RF00174__4GXY_A__6VMY_A	reverse	2	RF00174__4GXY_A	38	A	38	A:38	yes	no	79	41	A	A:242	NA	NA	NA	rfam_only	NA	algorithm_omission	yes	NA	Rfam.seed.gz	15.1	41f014f4ab5628620935f089b1bb77987ebc162fda7c72bff368a32c9cccabac
RF00174__4GXY_A__6VMY_A__a1__reverse__rep2	RF00174__4GXY_A__6VMY_A	reverse	2	RF00174__4GXY_A	39	A	39	A:39	yes	no	80	42	A	A:243	NA	NA	NA	rfam_only	NA	algorithm_omission	yes	NA	Rfam.seed.gz	15.1	41f014f4ab5628620935f089b1bb77987ebc162fda7c72bff368a32c9cccabac
RF00174__4GXY_A__6VMY_A__a1__reverse__rep2	RF00174__4GXY_A__6VMY_A	reverse	2	RF00174__4GXY_A	40	G	40	A:40	yes	no	82	43	G	A:244	NA	NA	NA	rfam_only	NA	algorithm_omission	yes	NA	Rfam.seed.gz	15.1	41f014f4ab5628620935f089b1bb77987ebc162fda7c72bff368a32c9cccabac
RF00174__4GXY_A__6VMY_A__a1__reverse__rep2	RF00174__4GXY_A__6VMY_A	reverse	2	RF00174__4GXY_A	41	G	41	A:41	yes	no	83	44	G	A:245	NA	NA	NA	rfam_only	NA	algorithm_omission	yes	NA	Rfam.seed.gz	15.1	41f014f4ab5628620935f089b1bb77987ebc162fda7c72bff368a32c9cccabac
RF00174__4GXY_A__6VMY_A__a1__reverse__rep2	RF00174__4GXY_A__6VMY_A	reverse	2	RF00174__4GXY_A	42	G	42	A:42	yes	no	84	45	G	A:246	NA	NA	NA	rfam_only	NA	algorithm_omission	yes	NA	Rfam.seed.gz	15.1	41f014f4ab5628620935f089b1bb77987ebc162fda7c72bff368a32c9cccabac
RF00174__4GXY_A__6VMY_A__a1__reverse__rep2	RF00174__4GXY_A__6VMY_A	reverse	2	RF00174__4GXY_A	43	A	43	A:43	yes	no	85	46	A	A:247	NA	NA	NA	rfam_only	NA	algorithm_omission	yes	NA	Rfam.seed.gz	15.1	41f014f4ab5628620935f089b1bb77987ebc162fda7c72bff368a32c9cccabac
RF00174__4GXY_A__6VMY_A__a1__reverse__rep2	RF00174__4GXY_A__6VMY_A	reverse	2	RF00174__4GXY_A	44	A	44	A:44	yes	no	86	47	A	A:248	NA	NA	NA	rfam_only	NA	algorithm_omission	yes	NA	Rfam.seed.gz	15.1	41f014f4ab5628620935f089b1bb77987ebc162fda7c72bff368a32c9cccabac
RF00174__4GXY_A__6VMY_A__a1__reverse__rep2	RF00174__4GXY_A__6VMY_A	reverse	2	RF00174__4GXY_A	45	G	45	A:45	yes	no	88	48	A	A:249	NA	NA	NA	rfam_only	NA	algorithm_omission	yes	NA	Rfam.seed.gz	15.1	41f014f4ab5628620935f089b1bb77987ebc162fda7c72bff368a32c9cccabac
RF00174__4GXY_A__6VMY_A__a1__reverse__rep2	RF00174__4GXY_A__6VMY_A	reverse	2	RF00174__4GXY_A	46	C	46	A:46	yes	no	90	49	C	A:250	NA	NA	NA	rfam_only	NA	algorithm_omission	yes	NA	Rfam.seed.gz	15.1	41f014f4ab5628620935f089b1bb77987ebc162fda7c72bff368a32c9cccabac
RF00174__4GXY_A__6VMY_A__a1__reverse__rep2	RF00174__4GXY_A__6VMY_A	reverse	2	RF00174__4GXY_A	47	C	47	A:47	yes	no	91	50	C	A:251	NA	NA	NA	rfam_only	NA	algorithm_omission	yes	NA	Rfam.seed.gz	15.1	41f014f4ab5628620935f089b1bb77987ebc162fda7c72bff368a32c9cccabac
RF00174__4GXY_A__6VMY_A__a1__reverse__rep2	RF00174__4GXY_A__6VMY_A	reverse	2	RF00174__4GXY_A	48	G	48	A:48	yes	no	93	51	G	A:252	NA	NA	NA	rfam_only	NA	algorithm_omission	yes	NA	Rfam.seed.gz	15.1	41f014f4ab5628620935f089b1bb77987ebc162fda7c72bff368a32c9cccabac
RF00174__4GXY_A__6VMY_A__a1__reverse__rep2	RF00174__4GXY_A__6VMY_A	reverse	2	RF00174__4GXY_A	49	G	49	A:49	yes	no	94	52	G	A:253	NA	NA	NA	rfam_only	NA	algorithm_omission	yes	NA	Rfam.seed.gz	15.1	41f014f4ab5628620935f089b1bb77987ebc162fda7c72bff368a32c9cccabac
RF00174__4GXY_A__6VMY_A__a1__reverse__rep2	RF00174__4GXY_A__6VMY_A	reverse	2	RF00174__4GXY_A	50	U	50	A:50	yes	no	96	53	U	A:254	NA	NA	NA	rfam_only	NA	algorithm_omission	yes	NA	Rfam.seed.gz	15.1	41f014f4ab5628620935f089b1bb77987ebc162fda7c72bff368a32c9cccabac
RF00174__4GXY_A__6VMY_A__a1__reverse__rep2	RF00174__4GXY_A__6VMY_A	reverse	2	RF00174__4GXY_A	51	G	51	A:51	yes	no	97	NA	NA	NA	NA	NA	NA	neither	alignment_gap_in_standard_seed	algorithm_omission	no	NA	Rfam.seed.gz	15.1	41f014f4ab5628620935f089b1bb77987ebc162fda7c72bff368a32c9cccabac
RF00174__4GXY_A__6VMY_A__a1__reverse__rep2	RF00174__4GXY_A__6VMY_A	reverse	2	RF00174__4GXY_A	52	C	52	A:52	yes	no	98	54	A	A:255	NA	NA	NA	rfam_only	NA	algorithm_omission	yes	NA	Rfam.seed.gz	15.1	41f014f4ab5628620935f089b1bb77987ebc162fda7c72bff368a32c9cccabac
RF00174__4GXY_A__6VMY_A__a1__reverse__rep2	RF00174__4GXY_A__6VMY_A	reverse	2	RF00174__4GXY_A	53	A	53	A:53	yes	no	130	55	A	A:256	NA	NA	NA	rfam_only	NA	algorithm_omission	yes	NA	Rfam.seed.gz	15.1	41f014f4ab5628620935f089b1bb77987ebc162fda7c72bff368a32c9cccabac
RF00174__4GXY_A__6VMY_A__a1__reverse__rep2	RF00174__4GXY_A__6VMY_A	reverse	2	RF00174__4GXY_A	54	A	54	A:54	yes	no	131	56	A	A:257	NA	NA	NA	rfam_only	NA	algorithm_omission	yes	NA	Rfam.seed.gz	15.1	41f014f4ab5628620935f089b1bb77987ebc162fda7c72bff368a32c9cccabac
RF00174__4GXY_A__6VMY_A__a1__reverse__rep2	RF00174__4GXY_A__6VMY_A	reverse	2	RF00174__4GXY_A	55	G	55	A:55	yes	no	132	57	A	A:258	NA	NA	NA	rfam_only	NA	algorithm_omission	yes	NA	Rfam.seed.gz	15.1	41f014f4ab5628620935f089b1bb77987ebc162fda7c72bff368a32c9cccabac
RF00174__4GXY_A__6VMY_A__a1__reverse__rep2	RF00174__4GXY_A__6VMY_A	reverse	2	RF00174__4GXY_A	56	U	56	A:56	yes	no	133	58	G	A:259	NA	NA	NA	rfam_only	NA	algorithm_omission	yes	NA	Rfam.seed.gz	15.1	41f014f4ab5628620935f089b1bb77987ebc162fda7c72bff368a32c9cccabac
RF00174__4GXY_A__6VMY_A__a1__reverse__rep2	RF00174__4GXY_A__6VMY_A	reverse	2	RF00174__4GXY_A	57	C	57	A:57	yes	no	134	59	C	A:260	NA	NA	NA	rfam_only	NA	algorithm_omission	yes	NA	Rfam.seed.gz	15.1	41f014f4ab5628620935f089b1bb77987ebc162fda7c72bff368a32c9cccabac
RF00174__4GXY_A__6VMY_A__a1__reverse__rep2	RF00174__4GXY_A__6VMY_A	reverse	2	RF00174__4GXY_A	58	C	58	A:58	yes	no	135	60	C	A:261	NA	NA	NA	rfam_only	NA	algorithm_omission	yes	NA	Rfam.seed.gz	15.1	41f014f4ab5628620935f089b1bb77987ebc162fda7c72bff368a32c9cccabac
RF00174__4GXY_A__6VMY_A__a1__reverse__rep2	RF00174__4GXY_A__6VMY_A	reverse	2	RF00174__4GXY_A	59	G	59	A:59	yes	no	136	61	G	A:262	NA	NA	NA	rfam_only	NA	algorithm_omission	yes	NA	Rfam.seed.gz	15.1	41f014f4ab5628620935f089b1bb77987ebc162fda7c72bff368a32c9cccabac
RF00174__4GXY_A__6VMY_A__a1__reverse__rep2	RF00174__4GXY_A__6VMY_A	reverse	2	RF00174__4GXY_A	60	G	60	A:60	yes	no	137	62	G	A:263	NA	NA	NA	rfam_only	NA	algorithm_omission	yes	NA	Rfam.seed.gz	15.1	41f014f4ab5628620935f089b1bb77987ebc162fda7c72bff368a32c9cccabac
RF00174__4GXY_A__6VMY_A__a1__reverse__rep2	RF00174__4GXY_A__6VMY_A	reverse	2	RF00174__4GXY_A	61	C	61	A:61	yes	no	139	63	U	A:264	NA	NA	NA	rfam_only	NA	algorithm_omission	yes	NA	Rfam.seed.gz	15.1	41f014f4ab5628620935f089b1bb77987ebc162fda7c72bff368a32c9cccabac
RF00174__4GXY_A__6VMY_A__a1__reverse__rep2	RF00174__4GXY_A__6VMY_A	reverse	2	RF00174__4GXY_A	62	A	62	A:62	yes	no	140	64	G	A:265	NA	NA	NA	rfam_only	NA	algorithm_omission	yes	NA	Rfam.seed.gz	15.1	41f014f4ab5628620935f089b1bb77987ebc162fda7c72bff368a32c9cccabac
RF00174__4GXY_A__6VMY_A__a1__reverse__rep2	RF00174__4GXY_A__6VMY_A	reverse	2	RF00174__4GXY_A	63	C	63	A:63	yes	no	141	65	C	A:266	NA	NA	NA	rfam_only	NA	algorithm_omission	yes	NA	Rfam.seed.gz	15.1	41f014f4ab5628620935f089b1bb77987ebc162fda7c72bff368a32c9cccabac
RF00174__4GXY_A__6VMY_A__a1__reverse__rep2	RF00174__4GXY_A__6VMY_A	reverse	2	RF00174__4GXY_A	64	G	64	A:64	yes	no	142	66	G	A:267	NA	NA	NA	rfam_only	NA	algorithm_omission	yes	NA	Rfam.seed.gz	15.1	41f014f4ab5628620935f089b1bb77987ebc162fda7c72bff368a32c9cccabac
RF00174__4GXY_A__6VMY_A__a1__reverse__rep2	RF00174__4GXY_A__6VMY_A	reverse	2	RF00174__4GXY_A	65	G	65	A:65	yes	no	143	67	G	A:268	NA	NA	NA	rfam_only	NA	algorithm_omission	yes	NA	Rfam.seed.gz	15.1	41f014f4ab5628620935f089b1bb77987ebc162fda7c72bff368a32c9cccabac
RF00174__4GXY_A__6VMY_A__a1__reverse__rep2	RF00174__4GXY_A__6VMY_A	reverse	2	RF00174__4GXY_A	66	U	66	A:66	yes	no	144	68	U	A:269	NA	NA	NA	rfam_only	NA	algorithm_omission	yes	NA	Rfam.seed.gz	15.1	41f014f4ab5628620935f089b1bb77987ebc162fda7c72bff368a32c9cccabac
RF00174__4GXY_A__6VMY_A__a1__reverse__rep2	RF00174__4GXY_A__6VMY_A	reverse	2	RF00174__4GXY_A	67	C	67	A:67	yes	no	146	69	C	A:270	NA	NA	NA	rfam_only	NA	algorithm_omission	yes	NA	Rfam.seed.gz	15.1	41f014f4ab5628620935f089b1bb77987ebc162fda7c72bff368a32c9cccabac
RF00174__4GXY_A__6VMY_A__a1__reverse__rep2	RF00174__4GXY_A__6VMY_A	reverse	2	RF00174__4GXY_A	68	C	68	A:68	yes	no	148	70	C	A:271	NA	NA	NA	rfam_only	NA	algorithm_omission	yes	NA	Rfam.seed.gz	15.1	41f014f4ab5628620935f089b1bb77987ebc162fda7c72bff368a32c9cccabac
RF00174__4GXY_A__6VMY_A__a1__reverse__rep2	RF00174__4GXY_A__6VMY_A	reverse	2	RF00174__4GXY_A	69	C	69	A:69	yes	no	149	71	C	A:272	NA	NA	NA	rfam_only	NA	algorithm_omission	yes	NA	Rfam.seed.gz	15.1	41f014f4ab5628620935f089b1bb77987ebc162fda7c72bff368a32c9cccabac
RF00174__4GXY_A__6VMY_A__a1__reverse__rep2	RF00174__4GXY_A__6VMY_A	reverse	2	RF00174__4GXY_A	70	G	70	A:70	yes	no	151	72	G	A:273	NA	NA	NA	rfam_only	NA	algorithm_omission	yes	NA	Rfam.seed.gz	15.1	41f014f4ab5628620935f089b1bb77987ebc162fda7c72bff368a32c9cccabac
RF00174__4GXY_A__6VMY_A__a1__reverse__rep2	RF00174__4GXY_A__6VMY_A	reverse	2	RF00174__4GXY_A	71	C	71	A:71	yes	no	152	73	C	A:274	NA	NA	NA	rfam_only	NA	algorithm_omission	yes	NA	Rfam.seed.gz	15.1	41f014f4ab5628620935f089b1bb77987ebc162fda7c72bff368a32c9cccabac
RF00174__4GXY_A__6VMY_A__a1__reverse__rep2	RF00174__4GXY_A__6VMY_A	reverse	2	RF00174__4GXY_A	72	C	72	A:72	yes	no	153	74	C	A:275	NA	NA	NA	rfam_only	NA	algorithm_omission	yes	NA	Rfam.seed.gz	15.1	41f014f4ab5628620935f089b1bb77987ebc162fda7c72bff368a32c9cccabac
RF00174__4GXY_A__6VMY_A__a1__reverse__rep2	RF00174__4GXY_A__6VMY_A	reverse	2	RF00174__4GXY_A	73	A	73	A:73	yes	no	154	75	A	A:276	NA	NA	NA	rfam_only	NA	algorithm_omission	yes	NA	Rfam.seed.gz	15.1	41f014f4ab5628620935f089b1bb77987ebc162fda7c72bff368a32c9cccabac
RF00174__4GXY_A__6VMY_A__a1__reverse__rep2	RF00174__4GXY_A__6VMY_A	reverse	2	RF00174__4GXY_A	74	C	74	A:74	yes	no	155	76	C	A:277	NA	NA	NA	rfam_only	NA	algorithm_omission	yes	NA	Rfam.seed.gz	15.1	41f014f4ab5628620935f089b1bb77987ebc162fda7c72bff368a32c9cccabac
RF00174__4GXY_A__6VMY_A__a1__reverse__rep2	RF00174__4GXY_A__6VMY_A	reverse	2	RF00174__4GXY_A	75	U	75	A:75	yes	no	156	77	U	A:278	NA	NA	NA	rfam_only	NA	algorithm_omission	yes	NA	Rfam.seed.gz	15.1	41f014f4ab5628620935f089b1bb77987ebc162fda7c72bff368a32c9cccabac
RF00174__4GXY_A__6VMY_A__a1__reverse__rep2	RF00174__4GXY_A__6VMY_A	reverse	2	RF00174__4GXY_A	76	G	76	A:76	yes	no	157	78	G	A:279	NA	NA	NA	rfam_only	NA	algorithm_omission	yes	NA	Rfam.seed.gz	15.1	41f014f4ab5628620935f089b1bb77987ebc162fda7c72bff368a32c9cccabac
RF00174__4GXY_A__6VMY_A__a1__reverse__rep2	RF00174__4GXY_A__6VMY_A	reverse	2	RF00174__4GXY_A	77	U	77	A:77	yes	no	158	79	U	A:280	NA	NA	NA	rfam_only	NA	algorithm_omission	yes	NA	Rfam.seed.gz	15.1	41f014f4ab5628620935f089b1bb77987ebc162fda7c72bff368a32c9cccabac
RF00174__4GXY_A__6VMY_A__a1__reverse__rep2	RF00174__4GXY_A__6VMY_A	reverse	2	RF00174__4GXY_A	78	G	78	A:78	yes	no	159	80	A	A:281	NA	NA	NA	rfam_only	NA	algorithm_omission	yes	NA	Rfam.seed.gz	15.1	41f014f4ab5628620935f089b1bb77987ebc162fda7c72bff368a32c9cccabac
RF00174__4GXY_A__6VMY_A__a1__reverse__rep2	RF00174__4GXY_A__6VMY_A	reverse	2	RF00174__4GXY_A	79	A	79	A:79	yes	no	160	81	A	A:282	NA	NA	NA	rfam_only	NA	algorithm_omission	yes	NA	Rfam.seed.gz	15.1	41f014f4ab5628620935f089b1bb77987ebc162fda7c72bff368a32c9cccabac
RF00174__4GXY_A__6VMY_A__a1__reverse__rep2	RF00174__4GXY_A__6VMY_A	reverse	2	RF00174__4GXY_A	80	C	80	A:80	yes	no	163	82	U	A:283	NA	NA	NA	rfam_only	NA	algorithm_omission	yes	NA	Rfam.seed.gz	15.1	41f014f4ab5628620935f089b1bb77987ebc162fda7c72bff368a32c9cccabac
RF00174__4GXY_A__6VMY_A__a1__reverse__rep2	RF00174__4GXY_A__6VMY_A	reverse	2	RF00174__4GXY_A	81	G	81	A:81	yes	no	164	83	U	A:284	NA	NA	NA	rfam_only	NA	algorithm_omission	yes	NA	Rfam.seed.gz	15.1	41f014f4ab5628620935f089b1bb77987ebc162fda7c72bff368a32c9cccabac
RF00174__4GXY_A__6VMY_A__a1__reverse__rep2	RF00174__4GXY_A__6VMY_A	reverse	2	RF00174__4GXY_A	82	G	82	A:82	yes	no	165	84	G	A:285	NA	NA	NA	rfam_only	NA	algorithm_omission	yes	NA	Rfam.seed.gz	15.1	41f014f4ab5628620935f089b1bb77987ebc162fda7c72bff368a32c9cccabac
RF00174__4GXY_A__6VMY_A__a1__reverse__rep2	RF00174__4GXY_A__6VMY_A	reverse	2	RF00174__4GXY_A	83	G	83	A:83	yes	no	166	NA	NA	NA	NA	NA	NA	neither	alignment_gap_in_standard_seed	algorithm_omission	no	NA	Rfam.seed.gz	15.1	41f014f4ab5628620935f089b1bb77987ebc162fda7c72bff368a32c9cccabac
RF00174__4GXY_A__6VMY_A__a1__reverse__rep2	RF00174__4GXY_A__6VMY_A	reverse	2	RF00174__4GXY_A	84	G	84	A:84	yes	no	174	NA	NA	NA	NA	NA	NA	neither	alignment_gap_in_standard_seed	algorithm_omission	no	NA	Rfam.seed.gz	15.1	41f014f4ab5628620935f089b1bb77987ebc162fda7c72bff368a32c9cccabac
RF00174__4GXY_A__6VMY_A__a1__reverse__rep2	RF00174__4GXY_A__6VMY_A	reverse	2	RF00174__4GXY_A	85	A	85	A:85	yes	no	175	88	A	A:289	NA	NA	NA	rfam_only	NA	algorithm_omission	yes	NA	Rfam.seed.gz	15.1	41f014f4ab5628620935f089b1bb77987ebc162fda7c72bff368a32c9cccabac
RF00174__4GXY_A__6VMY_A__a1__reverse__rep2	RF00174__4GXY_A__6VMY_A	reverse	2	RF00174__4GXY_A	86	G	86	A:86	yes	no	176	89	A	A:290	NA	NA	NA	rfam_only	NA	algorithm_omission	yes	NA	Rfam.seed.gz	15.1	41f014f4ab5628620935f089b1bb77987ebc162fda7c72bff368a32c9cccabac
RF00174__4GXY_A__6VMY_A__a1__reverse__rep2	RF00174__4GXY_A__6VMY_A	reverse	2	RF00174__4GXY_A	87	U	87	A:87	yes	no	177	90	G	A:291	NA	NA	NA	rfam_only	NA	algorithm_omission	yes	NA	Rfam.seed.gz	15.1	41f014f4ab5628620935f089b1bb77987ebc162fda7c72bff368a32c9cccabac
RF00174__4GXY_A__6VMY_A__a1__reverse__rep2	RF00174__4GXY_A__6VMY_A	reverse	2	RF00174__4GXY_A	88	C	88	A:88	yes	no	178	91	C	A:292	NA	NA	NA	rfam_only	NA	algorithm_omission	yes	NA	Rfam.seed.gz	15.1	41f014f4ab5628620935f089b1bb77987ebc162fda7c72bff368a32c9cccabac
RF00174__4GXY_A__6VMY_A__a1__reverse__rep2	RF00174__4GXY_A__6VMY_A	reverse	2	RF00174__4GXY_A	89	G	89	A:89	yes	no	179	NA	NA	NA	NA	NA	NA	neither	alignment_gap_in_standard_seed	algorithm_omission	no	NA	Rfam.seed.gz	15.1	41f014f4ab5628620935f089b1bb77987ebc162fda7c72bff368a32c9cccabac
RF00174__4GXY_A__6VMY_A__a1__reverse__rep2	RF00174__4GXY_A__6VMY_A	reverse	2	RF00174__4GXY_A	90	C	90	A:90	yes	no	181	NA	NA	NA	NA	NA	NA	neither	alignment_gap_in_standard_seed	algorithm_omission	no	NA	Rfam.seed.gz	15.1	41f014f4ab5628620935f089b1bb77987ebc162fda7c72bff368a32c9cccabac
RF00174__4GXY_A__6VMY_A__a1__reverse__rep2	RF00174__4GXY_A__6VMY_A	reverse	2	RF00174__4GXY_A	91	C	91	A:91	yes	no	182	NA	NA	NA	NA	NA	NA	neither	alignment_gap_in_standard_seed	algorithm_omission	no	NA	Rfam.seed.gz	15.1	41f014f4ab5628620935f089b1bb77987ebc162fda7c72bff368a32c9cccabac
RF00174__4GXY_A__6VMY_A__a1__reverse__rep2	RF00174__4GXY_A__6VMY_A	reverse	2	RF00174__4GXY_A	92	C	92	A:92	yes	no	183	NA	NA	NA	NA	NA	NA	neither	alignment_gap_in_standard_seed	algorithm_omission	no	NA	Rfam.seed.gz	15.1	41f014f4ab5628620935f089b1bb77987ebc162fda7c72bff368a32c9cccabac
RF00174__4GXY_A__6VMY_A__a1__reverse__rep2	RF00174__4GXY_A__6VMY_A	reverse	2	RF00174__4GXY_A	93	C	93	A:93	yes	no	184	NA	NA	NA	NA	NA	NA	neither	alignment_gap_in_standard_seed	algorithm_omission	no	NA	Rfam.seed.gz	15.1	41f014f4ab5628620935f089b1bb77987ebc162fda7c72bff368a32c9cccabac
RF00174__4GXY_A__6VMY_A__a1__reverse__rep2	RF00174__4GXY_A__6VMY_A	reverse	2	RF00174__4GXY_A	94	U	94	A:94	yes	no	185	NA	NA	NA	13	G	A:214	star3d_only	alignment_gap_in_standard_seed	NA	no	NA	Rfam.seed.gz	15.1	41f014f4ab5628620935f089b1bb77987ebc162fda7c72bff368a32c9cccabac
RF00174__4GXY_A__6VMY_A__a1__reverse__rep2	RF00174__4GXY_A__6VMY_A	reverse	2	RF00174__4GXY_A	95	C	95	A:95	yes	no	186	NA	NA	NA	14	C	A:215	star3d_only	alignment_gap_in_standard_seed	NA	no	NA	Rfam.seed.gz	15.1	41f014f4ab5628620935f089b1bb77987ebc162fda7c72bff368a32c9cccabac
RF00174__4GXY_A__6VMY_A__a1__reverse__rep2	RF00174__4GXY_A__6VMY_A	reverse	2	RF00174__4GXY_A	96	G	96	A:96	yes	no	187	NA	NA	NA	NA	NA	NA	neither	alignment_gap_in_standard_seed	algorithm_omission	no	NA	Rfam.seed.gz	15.1	41f014f4ab5628620935f089b1bb77987ebc162fda7c72bff368a32c9cccabac
RF00174__4GXY_A__6VMY_A__a1__reverse__rep2	RF00174__4GXY_A__6VMY_A	reverse	2	RF00174__4GXY_A	97	G	97	A:97	yes	no	188	NA	NA	NA	NA	NA	NA	neither	alignment_gap_in_standard_seed	algorithm_omission	no	NA	Rfam.seed.gz	15.1	41f014f4ab5628620935f089b1bb77987ebc162fda7c72bff368a32c9cccabac
RF00174__4GXY_A__6VMY_A__a1__reverse__rep2	RF00174__4GXY_A__6VMY_A	reverse	2	RF00174__4GXY_A	98	G	98	A:98	yes	no	189	NA	NA	NA	NA	NA	NA	neither	alignment_gap_in_standard_seed	algorithm_omission	no	NA	Rfam.seed.gz	15.1	41f014f4ab5628620935f089b1bb77987ebc162fda7c72bff368a32c9cccabac
RF00174__4GXY_A__6VMY_A__a1__reverse__rep2	RF00174__4GXY_A__6VMY_A	reverse	2	RF00174__4GXY_A	99	A	99	A:99	yes	no	190	NA	NA	NA	NA	NA	NA	neither	alignment_gap_in_standard_seed	algorithm_omission	no	NA	Rfam.seed.gz	15.1	41f014f4ab5628620935f089b1bb77987ebc162fda7c72bff368a32c9cccabac
RF00174__4GXY_A__6VMY_A__a1__reverse__rep2	RF00174__4GXY_A__6VMY_A	reverse	2	RF00174__4GXY_A	100	U	100	A:100	yes	no	191	NA	NA	NA	NA	NA	NA	neither	alignment_gap_in_standard_seed	algorithm_omission	no	NA	Rfam.seed.gz	15.1	41f014f4ab5628620935f089b1bb77987ebc162fda7c72bff368a32c9cccabac
RF00174__4GXY_A__6VMY_A__a1__reverse__rep2	RF00174__4GXY_A__6VMY_A	reverse	2	RF00174__4GXY_A	101	G	101	A:101	yes	no	192	NA	NA	NA	NA	NA	NA	neither	alignment_gap_in_standard_seed	algorithm_omission	no	NA	Rfam.seed.gz	15.1	41f014f4ab5628620935f089b1bb77987ebc162fda7c72bff368a32c9cccabac
RF00174__4GXY_A__6VMY_A__a1__reverse__rep2	RF00174__4GXY_A__6VMY_A	reverse	2	RF00174__4GXY_A	102	U	102	A:102	yes	no	220	NA	NA	NA	75	A	A:276	star3d_only	alignment_gap_in_standard_seed	NA	no	NA	Rfam.seed.gz	15.1	41f014f4ab5628620935f089b1bb77987ebc162fda7c72bff368a32c9cccabac
RF00174__4GXY_A__6VMY_A__a1__reverse__rep2	RF00174__4GXY_A__6VMY_A	reverse	2	RF00174__4GXY_A	103	G	103	A:103	yes	no	221	NA	NA	NA	76	C	A:277	star3d_only	alignment_gap_in_standard_seed	NA	no	NA	Rfam.seed.gz	15.1	41f014f4ab5628620935f089b1bb77987ebc162fda7c72bff368a32c9cccabac
RF00174__4GXY_A__6VMY_A__a1__reverse__rep2	RF00174__4GXY_A__6VMY_A	reverse	2	RF00174__4GXY_A	104	C	104	A:104	yes	no	222	NA	NA	NA	77	U	A:278	star3d_only	alignment_gap_in_standard_seed	NA	no	NA	Rfam.seed.gz	15.1	41f014f4ab5628620935f089b1bb77987ebc162fda7c72bff368a32c9cccabac
RF00174__4GXY_A__6VMY_A__a1__reverse__rep2	RF00174__4GXY_A__6VMY_A	reverse	2	RF00174__4GXY_A	105	C	105	A:105	yes	no	223	NA	NA	NA	78	G	A:279	star3d_only	alignment_gap_in_standard_seed	NA	no	NA	Rfam.seed.gz	15.1	41f014f4ab5628620935f089b1bb77987ebc162fda7c72bff368a32c9cccabac
RF00174__4GXY_A__6VMY_A__a1__reverse__rep2	RF00174__4GXY_A__6VMY_A	reverse	2	RF00174__4GXY_A	106	A	106	A:106	yes	no	224	NA	NA	NA	79	U	A:280	star3d_only	alignment_gap_in_standard_seed	NA	no	NA	Rfam.seed.gz	15.1	41f014f4ab5628620935f089b1bb77987ebc162fda7c72bff368a32c9cccabac
RF00174__4GXY_A__6VMY_A__a1__reverse__rep2	RF00174__4GXY_A__6VMY_A	reverse	2	RF00174__4GXY_A	107	C	107	A:107	yes	no	225	NA	NA	NA	81	A	A:282	star3d_only	alignment_gap_in_standard_seed	NA	no	NA	Rfam.seed.gz	15.1	41f014f4ab5628620935f089b1bb77987ebc162fda7c72bff368a32c9cccabac
RF00174__4GXY_A__6VMY_A__a1__reverse__rep2	RF00174__4GXY_A__6VMY_A	reverse	2	RF00174__4GXY_A	108	U	108	A:108	yes	no	226	NA	NA	NA	82	U	A:283	star3d_only	alignment_gap_in_standard_seed	NA	no	NA	Rfam.seed.gz	15.1	41f014f4ab5628620935f089b1bb77987ebc162fda7c72bff368a32c9cccabac
RF00174__4GXY_A__6VMY_A__a1__reverse__rep2	RF00174__4GXY_A__6VMY_A	reverse	2	RF00174__4GXY_A	109	G	109	A:109	yes	no	227	NA	NA	NA	83	U	A:284	star3d_only	alignment_gap_in_standard_seed	NA	no	NA	Rfam.seed.gz	15.1	41f014f4ab5628620935f089b1bb77987ebc162fda7c72bff368a32c9cccabac
RF00174__4GXY_A__6VMY_A__a1__reverse__rep2	RF00174__4GXY_A__6VMY_A	reverse	2	RF00174__4GXY_A	110	G	110	A:110	yes	no	228	NA	NA	NA	84	G	A:285	star3d_only	alignment_gap_in_standard_seed	NA	no	NA	Rfam.seed.gz	15.1	41f014f4ab5628620935f089b1bb77987ebc162fda7c72bff368a32c9cccabac
RF00174__4GXY_A__6VMY_A__a1__reverse__rep2	RF00174__4GXY_A__6VMY_A	reverse	2	RF00174__4GXY_A	111	C	111	A:111	yes	no	229	NA	NA	NA	85	G	A:286	star3d_only	alignment_gap_in_standard_seed	NA	no	NA	Rfam.seed.gz	15.1	41f014f4ab5628620935f089b1bb77987ebc162fda7c72bff368a32c9cccabac
RF00174__4GXY_A__6VMY_A__a1__reverse__rep2	RF00174__4GXY_A__6VMY_A	reverse	2	RF00174__4GXY_A	112	C	112	A:112	yes	no	230	NA	NA	NA	86	C	A:287	star3d_only	alignment_gap_in_standard_seed	NA	no	NA	Rfam.seed.gz	15.1	41f014f4ab5628620935f089b1bb77987ebc162fda7c72bff368a32c9cccabac
RF00174__4GXY_A__6VMY_A__a1__reverse__rep2	RF00174__4GXY_A__6VMY_A	reverse	2	RF00174__4GXY_A	113	C	113	A:113	yes	no	232	NA	NA	NA	NA	NA	NA	neither	alignment_gap_in_standard_seed	algorithm_omission	no	NA	Rfam.seed.gz	15.1	41f014f4ab5628620935f089b1bb77987ebc162fda7c72bff368a32c9cccabac
RF00174__4GXY_A__6VMY_A__a1__reverse__rep2	RF00174__4GXY_A__6VMY_A	reverse	2	RF00174__4GXY_A	114	G	114	A:114	no	no	233	NA	NA	NA	NA	NA	NA	neither	alignment_gap_in_standard_seed	missing_coordinates_source	no	NA	Rfam.seed.gz	15.1	41f014f4ab5628620935f089b1bb77987ebc162fda7c72bff368a32c9cccabac
RF00174__4GXY_A__6VMY_A__a1__reverse__rep2	RF00174__4GXY_A__6VMY_A	reverse	2	RF00174__4GXY_A	115	A	115	A:115	no	no	234	NA	NA	NA	NA	NA	NA	neither	alignment_gap_in_standard_seed	missing_coordinates_source	no	NA	Rfam.seed.gz	15.1	41f014f4ab5628620935f089b1bb77987ebc162fda7c72bff368a32c9cccabac
RF00174__4GXY_A__6VMY_A__a1__reverse__rep2	RF00174__4GXY_A__6VMY_A	reverse	2	RF00174__4GXY_A	116	A	116	A:116	no	no	235	NA	NA	NA	NA	NA	NA	neither	alignment_gap_in_standard_seed	missing_coordinates_source	no	NA	Rfam.seed.gz	15.1	41f014f4ab5628620935f089b1bb77987ebc162fda7c72bff368a32c9cccabac
RF00174__4GXY_A__6VMY_A__a1__reverse__rep2	RF00174__4GXY_A__6VMY_A	reverse	2	RF00174__4GXY_A	117	G	117	A:117	yes	no	295	NA	NA	NA	92	G	A:293	star3d_only	alignment_gap_in_standard_seed	NA	no	NA	Rfam.seed.gz	15.1	41f014f4ab5628620935f089b1bb77987ebc162fda7c72bff368a32c9cccabac
RF00174__4GXY_A__6VMY_A__a1__reverse__rep2	RF00174__4GXY_A__6VMY_A	reverse	2	RF00174__4GXY_A	118	G	118	A:118	yes	no	296	NA	NA	NA	93	C	A:294	star3d_only	alignment_gap_in_standard_seed	NA	no	NA	Rfam.seed.gz	15.1	41f014f4ab5628620935f089b1bb77987ebc162fda7c72bff368a32c9cccabac
RF00174__4GXY_A__6VMY_A__a1__reverse__rep2	RF00174__4GXY_A__6VMY_A	reverse	2	RF00174__4GXY_A	119	C	119	A:119	yes	no	297	NA	NA	NA	94	C	A:295	star3d_only	alignment_gap_in_standard_seed	NA	no	NA	Rfam.seed.gz	15.1	41f014f4ab5628620935f089b1bb77987ebc162fda7c72bff368a32c9cccabac
RF00174__4GXY_A__6VMY_A__a1__reverse__rep2	RF00174__4GXY_A__6VMY_A	reverse	2	RF00174__4GXY_A	120	C	120	A:120	yes	no	298	NA	NA	NA	95	A	A:296	star3d_only	alignment_gap_in_standard_seed	NA	no	NA	Rfam.seed.gz	15.1	41f014f4ab5628620935f089b1bb77987ebc162fda7c72bff368a32c9cccabac
RF00174__4GXY_A__6VMY_A__a1__reverse__rep2	RF00174__4GXY_A__6VMY_A	reverse	2	RF00174__4GXY_A	121	G	121	A:121	yes	no	299	NA	NA	NA	96	A	A:297	star3d_only	alignment_gap_in_standard_seed	NA	no	NA	Rfam.seed.gz	15.1	41f014f4ab5628620935f089b1bb77987ebc162fda7c72bff368a32c9cccabac
RF00174__4GXY_A__6VMY_A__a1__reverse__rep2	RF00174__4GXY_A__6VMY_A	reverse	2	RF00174__4GXY_A	122	G	122	A:122	yes	no	300	NA	NA	NA	97	G	A:298	star3d_only	alignment_gap_in_standard_seed	NA	no	NA	Rfam.seed.gz	15.1	41f014f4ab5628620935f089b1bb77987ebc162fda7c72bff368a32c9cccabac
RF00174__4GXY_A__6VMY_A__a1__reverse__rep2	RF00174__4GXY_A__6VMY_A	reverse	2	RF00174__4GXY_A	123	G	123	A:123	yes	no	301	NA	NA	NA	98	A	A:299	star3d_only	alignment_gap_in_standard_seed	NA	no	NA	Rfam.seed.gz	15.1	41f014f4ab5628620935f089b1bb77987ebc162fda7c72bff368a32c9cccabac
RF00174__4GXY_A__6VMY_A__a1__reverse__rep2	RF00174__4GXY_A__6VMY_A	reverse	2	RF00174__4GXY_A	124	A	124	A:124	yes	no	302	NA	NA	NA	99	G	A:300	star3d_only	alignment_gap_in_standard_seed	NA	no	NA	Rfam.seed.gz	15.1	41f014f4ab5628620935f089b1bb77987ebc162fda7c72bff368a32c9cccabac
RF00174__4GXY_A__6VMY_A__a1__reverse__rep2	RF00174__4GXY_A__6VMY_A	reverse	2	RF00174__4GXY_A	125	A	125	A:125	yes	no	303	NA	NA	NA	100	C	A:301	star3d_only	alignment_gap_in_standard_seed	NA	no	NA	Rfam.seed.gz	15.1	41f014f4ab5628620935f089b1bb77987ebc162fda7c72bff368a32c9cccabac
RF00174__4GXY_A__6VMY_A__a1__reverse__rep2	RF00174__4GXY_A__6VMY_A	reverse	2	RF00174__4GXY_A	126	G	126	A:126	yes	no	304	NA	NA	NA	101	C	A:302	star3d_only	alignment_gap_in_standard_seed	NA	no	NA	Rfam.seed.gz	15.1	41f014f4ab5628620935f089b1bb77987ebc162fda7c72bff368a32c9cccabac
RF00174__4GXY_A__6VMY_A__a1__reverse__rep2	RF00174__4GXY_A__6VMY_A	reverse	2	RF00174__4GXY_A	127	G	127	A:127	yes	no	305	NA	NA	NA	102	A	A:303	star3d_only	alignment_gap_in_standard_seed	NA	no	NA	Rfam.seed.gz	15.1	41f014f4ab5628620935f089b1bb77987ebc162fda7c72bff368a32c9cccabac
RF00174__4GXY_A__6VMY_A__a1__reverse__rep2	RF00174__4GXY_A__6VMY_A	reverse	2	RF00174__4GXY_A	128	C	128	A:128	yes	no	306	NA	NA	NA	103	G	A:304	star3d_only	alignment_gap_in_standard_seed	NA	no	NA	Rfam.seed.gz	15.1	41f014f4ab5628620935f089b1bb77987ebc162fda7c72bff368a32c9cccabac
RF00174__4GXY_A__6VMY_A__a1__reverse__rep2	RF00174__4GXY_A__6VMY_A	reverse	2	RF00174__4GXY_A	129	G	129	A:129	yes	no	309	NA	NA	NA	104	G	A:305	star3d_only	alignment_gap_in_standard_seed	NA	no	NA	Rfam.seed.gz	15.1	41f014f4ab5628620935f089b1bb77987ebc162fda7c72bff368a32c9cccabac
RF00174__4GXY_A__6VMY_A__a1__reverse__rep2	RF00174__4GXY_A__6VMY_A	reverse	2	RF00174__4GXY_A	130	G	130	A:130	yes	no	310	NA	NA	NA	NA	NA	NA	neither	alignment_gap_in_standard_seed	algorithm_omission	no	NA	Rfam.seed.gz	15.1	41f014f4ab5628620935f089b1bb77987ebc162fda7c72bff368a32c9cccabac
RF00174__4GXY_A__6VMY_A__a1__reverse__rep2	RF00174__4GXY_A__6VMY_A	reverse	2	RF00174__4GXY_A	131	A	131	A:131	yes	no	311	NA	NA	NA	NA	NA	NA	neither	alignment_gap_in_standard_seed	algorithm_omission	no	NA	Rfam.seed.gz	15.1	41f014f4ab5628620935f089b1bb77987ebc162fda7c72bff368a32c9cccabac
RF00174__4GXY_A__6VMY_A__a1__reverse__rep2	RF00174__4GXY_A__6VMY_A	reverse	2	RF00174__4GXY_A	132	G	132	A:132	yes	no	313	NA	NA	NA	NA	NA	NA	neither	alignment_gap_in_standard_seed	algorithm_omission	no	NA	Rfam.seed.gz	15.1	41f014f4ab5628620935f089b1bb77987ebc162fda7c72bff368a32c9cccabac
RF00174__4GXY_A__6VMY_A__a1__reverse__rep2	RF00174__4GXY_A__6VMY_A	reverse	2	RF00174__4GXY_A	133	G	133	A:133	yes	no	316	NA	NA	NA	NA	NA	NA	neither	alignment_gap_in_standard_seed	algorithm_omission	no	NA	Rfam.seed.gz	15.1	41f014f4ab5628620935f089b1bb77987ebc162fda7c72bff368a32c9cccabac
RF00174__4GXY_A__6VMY_A__a1__reverse__rep2	RF00174__4GXY_A__6VMY_A	reverse	2	RF00174__4GXY_A	134	G	134	A:134	yes	no	320	NA	NA	NA	NA	NA	NA	neither	alignment_gap_in_standard_seed	algorithm_omission	no	NA	Rfam.seed.gz	15.1	41f014f4ab5628620935f089b1bb77987ebc162fda7c72bff368a32c9cccabac
RF00174__4GXY_A__6VMY_A__a1__reverse__rep2	RF00174__4GXY_A__6VMY_A	reverse	2	RF00174__4GXY_A	135	G	135	A:135	yes	no	321	NA	NA	NA	NA	NA	NA	neither	alignment_gap_in_standard_seed	algorithm_omission	no	NA	Rfam.seed.gz	15.1	41f014f4ab5628620935f089b1bb77987ebc162fda7c72bff368a32c9cccabac
RF00174__4GXY_A__6VMY_A__a1__reverse__rep2	RF00174__4GXY_A__6VMY_A	reverse	2	RF00174__4GXY_A	136	C	136	A:136	yes	no	323	NA	NA	NA	NA	NA	NA	neither	alignment_gap_in_standard_seed	algorithm_omission	no	NA	Rfam.seed.gz	15.1	41f014f4ab5628620935f089b1bb77987ebc162fda7c72bff368a32c9cccabac
RF00174__4GXY_A__6VMY_A__a1__reverse__rep2	RF00174__4GXY_A__6VMY_A	reverse	2	RF00174__4GXY_A	137	G	137	A:137	yes	no	324	NA	NA	NA	NA	NA	NA	neither	alignment_gap_in_standard_seed	algorithm_omission	no	NA	Rfam.seed.gz	15.1	41f014f4ab5628620935f089b1bb77987ebc162fda7c72bff368a32c9cccabac
RF00174__4GXY_A__6VMY_A__a1__reverse__rep2	RF00174__4GXY_A__6VMY_A	reverse	2	RF00174__4GXY_A	138	G	138	A:138	yes	no	325	NA	NA	NA	NA	NA	NA	neither	alignment_gap_in_standard_seed	algorithm_omission	no	NA	Rfam.seed.gz	15.1	41f014f4ab5628620935f089b1bb77987ebc162fda7c72bff368a32c9cccabac
RF00174__4GXY_A__6VMY_A__a1__reverse__rep2	RF00174__4GXY_A__6VMY_A	reverse	2	RF00174__4GXY_A	139	C	139	A:139	yes	no	326	NA	NA	NA	NA	NA	NA	neither	alignment_gap_in_standard_seed	algorithm_omission	no	NA	Rfam.seed.gz	15.1	41f014f4ab5628620935f089b1bb77987ebc162fda7c72bff368a32c9cccabac
RF00174__4GXY_A__6VMY_A__a1__reverse__rep2	RF00174__4GXY_A__6VMY_A	reverse	2	RF00174__4GXY_A	140	G	140	A:140	yes	no	327	NA	NA	NA	NA	NA	NA	neither	alignment_gap_in_standard_seed	algorithm_omission	no	NA	Rfam.seed.gz	15.1	41f014f4ab5628620935f089b1bb77987ebc162fda7c72bff368a32c9cccabac
RF00174__4GXY_A__6VMY_A__a1__reverse__rep2	RF00174__4GXY_A__6VMY_A	reverse	2	RF00174__4GXY_A	141	A	141	A:141	yes	no	328	NA	NA	NA	NA	NA	NA	neither	alignment_gap_in_standard_seed	algorithm_omission	no	NA	Rfam.seed.gz	15.1	41f014f4ab5628620935f089b1bb77987ebc162fda7c72bff368a32c9cccabac
RF00174__4GXY_A__6VMY_A__a1__reverse__rep2	RF00174__4GXY_A__6VMY_A	reverse	2	RF00174__4GXY_A	142	G	142	A:142	yes	no	329	NA	NA	NA	NA	NA	NA	neither	alignment_gap_in_standard_seed	algorithm_omission	no	NA	Rfam.seed.gz	15.1	41f014f4ab5628620935f089b1bb77987ebc162fda7c72bff368a32c9cccabac
RF00174__4GXY_A__6VMY_A__a1__reverse__rep2	RF00174__4GXY_A__6VMY_A	reverse	2	RF00174__4GXY_A	143	G	143	A:143	yes	no	330	NA	NA	NA	NA	NA	NA	neither	alignment_gap_in_standard_seed	algorithm_omission	no	NA	Rfam.seed.gz	15.1	41f014f4ab5628620935f089b1bb77987ebc162fda7c72bff368a32c9cccabac
RF00174__4GXY_A__6VMY_A__a1__reverse__rep2	RF00174__4GXY_A__6VMY_A	reverse	2	RF00174__4GXY_A	144	A	144	A:144	yes	no	331	NA	NA	NA	NA	NA	NA	neither	alignment_gap_in_standard_seed	algorithm_omission	no	NA	Rfam.seed.gz	15.1	41f014f4ab5628620935f089b1bb77987ebc162fda7c72bff368a32c9cccabac
RF00174__4GXY_A__6VMY_A__a1__reverse__rep2	RF00174__4GXY_A__6VMY_A	reverse	2	RF00174__4GXY_A	145	U	145	A:145	yes	no	398	92	G	A:293	NA	NA	NA	rfam_only	NA	algorithm_omission	yes	NA	Rfam.seed.gz	15.1	41f014f4ab5628620935f089b1bb77987ebc162fda7c72bff368a32c9cccabac
RF00174__4GXY_A__6VMY_A__a1__reverse__rep2	RF00174__4GXY_A__6VMY_A	reverse	2	RF00174__4GXY_A	146	C	146	A:146	yes	no	399	93	C	A:294	NA	NA	NA	rfam_only	NA	algorithm_omission	yes	NA	Rfam.seed.gz	15.1	41f014f4ab5628620935f089b1bb77987ebc162fda7c72bff368a32c9cccabac
RF00174__4GXY_A__6VMY_A__a1__reverse__rep2	RF00174__4GXY_A__6VMY_A	reverse	2	RF00174__4GXY_A	147	C	147	A:147	yes	no	400	94	C	A:295	NA	NA	NA	rfam_only	NA	algorithm_omission	yes	NA	Rfam.seed.gz	15.1	41f014f4ab5628620935f089b1bb77987ebc162fda7c72bff368a32c9cccabac
RF00174__4GXY_A__6VMY_A__a1__reverse__rep2	RF00174__4GXY_A__6VMY_A	reverse	2	RF00174__4GXY_A	148	G	148	A:148	yes	no	401	95	A	A:296	NA	NA	NA	rfam_only	NA	algorithm_omission	yes	NA	Rfam.seed.gz	15.1	41f014f4ab5628620935f089b1bb77987ebc162fda7c72bff368a32c9cccabac
RF00174__4GXY_A__6VMY_A__a1__reverse__rep2	RF00174__4GXY_A__6VMY_A	reverse	2	RF00174__4GXY_A	149	G	149	A:149	yes	no	403	97	G	A:298	NA	NA	NA	rfam_only	NA	algorithm_omission	yes	NA	Rfam.seed.gz	15.1	41f014f4ab5628620935f089b1bb77987ebc162fda7c72bff368a32c9cccabac
RF00174__4GXY_A__6VMY_A__a1__reverse__rep2	RF00174__4GXY_A__6VMY_A	reverse	2	RF00174__4GXY_A	150	A	150	A:150	yes	no	404	98	A	A:299	NA	NA	NA	rfam_only	NA	algorithm_omission	yes	NA	Rfam.seed.gz	15.1	41f014f4ab5628620935f089b1bb77987ebc162fda7c72bff368a32c9cccabac
RF00174__4GXY_A__6VMY_A__a1__reverse__rep2	RF00174__4GXY_A__6VMY_A	reverse	2	RF00174__4GXY_A	151	G	151	A:151	yes	no	405	99	G	A:300	NA	NA	NA	rfam_only	NA	algorithm_omission	yes	NA	Rfam.seed.gz	15.1	41f014f4ab5628620935f089b1bb77987ebc162fda7c72bff368a32c9cccabac
RF00174__4GXY_A__6VMY_A__a1__reverse__rep2	RF00174__4GXY_A__6VMY_A	reverse	2	RF00174__4GXY_A	152	U	152	A:152	yes	no	406	100	C	A:301	NA	NA	NA	rfam_only	NA	algorithm_omission	yes	NA	Rfam.seed.gz	15.1	41f014f4ab5628620935f089b1bb77987ebc162fda7c72bff368a32c9cccabac
RF00174__4GXY_A__6VMY_A__a1__reverse__rep2	RF00174__4GXY_A__6VMY_A	reverse	2	RF00174__4GXY_A	153	C	153	A:153	yes	no	407	101	C	A:302	NA	NA	NA	rfam_only	NA	algorithm_omission	yes	NA	Rfam.seed.gz	15.1	41f014f4ab5628620935f089b1bb77987ebc162fda7c72bff368a32c9cccabac
RF00174__4GXY_A__6VMY_A__a1__reverse__rep2	RF00174__4GXY_A__6VMY_A	reverse	2	RF00174__4GXY_A	154	A	154	A:154	yes	no	408	102	A	A:303	NA	NA	NA	rfam_only	NA	algorithm_omission	yes	NA	Rfam.seed.gz	15.1	41f014f4ab5628620935f089b1bb77987ebc162fda7c72bff368a32c9cccabac
RF00174__4GXY_A__6VMY_A__a1__reverse__rep2	RF00174__4GXY_A__6VMY_A	reverse	2	RF00174__4GXY_A	155	G	155	A:155	yes	no	409	103	G	A:304	NA	NA	NA	rfam_only	NA	algorithm_omission	yes	NA	Rfam.seed.gz	15.1	41f014f4ab5628620935f089b1bb77987ebc162fda7c72bff368a32c9cccabac
RF00174__4GXY_A__6VMY_A__a1__reverse__rep2	RF00174__4GXY_A__6VMY_A	reverse	2	RF00174__4GXY_A	156	G	156	A:156	yes	no	410	104	G	A:305	NA	NA	NA	rfam_only	NA	algorithm_omission	yes	NA	Rfam.seed.gz	15.1	41f014f4ab5628620935f089b1bb77987ebc162fda7c72bff368a32c9cccabac
RF00174__4GXY_A__6VMY_A__a1__reverse__rep2	RF00174__4GXY_A__6VMY_A	reverse	2	RF00174__4GXY_A	157	A	157	A:157	yes	no	411	105	A	A:306	NA	NA	NA	rfam_only	NA	algorithm_omission	yes	NA	Rfam.seed.gz	15.1	41f014f4ab5628620935f089b1bb77987ebc162fda7c72bff368a32c9cccabac
RF00174__4GXY_A__6VMY_A__a1__reverse__rep2	RF00174__4GXY_A__6VMY_A	reverse	2	RF00174__4GXY_A	158	A	158	A:158	yes	no	412	106	U	A:307	NA	NA	NA	rfam_only	NA	algorithm_omission	yes	NA	Rfam.seed.gz	15.1	41f014f4ab5628620935f089b1bb77987ebc162fda7c72bff368a32c9cccabac
RF00174__4GXY_A__6VMY_A__a1__reverse__rep2	RF00174__4GXY_A__6VMY_A	reverse	2	RF00174__4GXY_A	159	A	159	A:159	yes	no	413	107	A	A:308	NA	NA	NA	rfam_only	NA	algorithm_omission	yes	NA	Rfam.seed.gz	15.1	41f014f4ab5628620935f089b1bb77987ebc162fda7c72bff368a32c9cccabac
RF00174__4GXY_A__6VMY_A__a1__reverse__rep2	RF00174__4GXY_A__6VMY_A	reverse	2	RF00174__4GXY_A	160	C	160	A:160	yes	no	414	108	C	A:309	NA	NA	NA	rfam_only	NA	algorithm_omission	yes	NA	Rfam.seed.gz	15.1	41f014f4ab5628620935f089b1bb77987ebc162fda7c72bff368a32c9cccabac
RF00174__4GXY_A__6VMY_A__a1__reverse__rep2	RF00174__4GXY_A__6VMY_A	reverse	2	RF00174__4GXY_A	161	C	161	A:161	yes	no	415	109	C	A:310	NA	NA	NA	rfam_only	NA	algorithm_omission	yes	NA	Rfam.seed.gz	15.1	41f014f4ab5628620935f089b1bb77987ebc162fda7c72bff368a32c9cccabac
RF00174__4GXY_A__6VMY_A__a1__reverse__rep2	RF00174__4GXY_A__6VMY_A	reverse	2	RF00174__4GXY_A	162	U	162	A:162	yes	no	416	110	U	A:311	NA	NA	NA	rfam_only	NA	algorithm_omission	yes	NA	Rfam.seed.gz	15.1	41f014f4ab5628620935f089b1bb77987ebc162fda7c72bff368a32c9cccabac
RF00174__4GXY_A__6VMY_A__a1__reverse__rep2	RF00174__4GXY_A__6VMY_A	reverse	2	RF00174__4GXY_A	163	G	163	A:163	yes	no	417	111	G	A:312	NA	NA	NA	rfam_only	NA	algorithm_omission	yes	NA	Rfam.seed.gz	15.1	41f014f4ab5628620935f089b1bb77987ebc162fda7c72bff368a32c9cccabac
RF00174__4GXY_A__6VMY_A__a1__reverse__rep2	RF00174__4GXY_A__6VMY_A	reverse	2	RF00174__4GXY_A	164	C	164	A:164	yes	no	418	112	C	A:313	NA	NA	NA	rfam_only	NA	algorithm_omission	yes	NA	Rfam.seed.gz	15.1	41f014f4ab5628620935f089b1bb77987ebc162fda7c72bff368a32c9cccabac
RF00174__4GXY_A__6VMY_A__a1__reverse__rep2	RF00174__4GXY_A__6VMY_A	reverse	2	RF00174__4GXY_A	165	C	165	A:165	yes	no	419	113	C	A:314	NA	NA	NA	rfam_only	NA	algorithm_omission	yes	NA	Rfam.seed.gz	15.1	41f014f4ab5628620935f089b1bb77987ebc162fda7c72bff368a32c9cccabac
RF00174__4GXY_A__6VMY_A__a1__reverse__rep2	RF00174__4GXY_A__6VMY_A	reverse	2	RF00174__4GXY_A	166	U	166	A:166	yes	no	420	114	U	A:315	NA	NA	NA	rfam_only	NA	algorithm_omission	yes	NA	Rfam.seed.gz	15.1	41f014f4ab5628620935f089b1bb77987ebc162fda7c72bff368a32c9cccabac
RF00174__4GXY_A__6VMY_A__a1__reverse__rep2	RF00174__4GXY_A__6VMY_A	reverse	2	RF00174__4GXY_A	167	G	167	A:167	yes	no	422	116	U	A:317	NA	NA	NA	rfam_only	NA	algorithm_omission	yes	NA	Rfam.seed.gz	15.1	41f014f4ab5628620935f089b1bb77987ebc162fda7c72bff368a32c9cccabac
RF00174__4GXY_A__6VMY_A__a1__reverse__rep2	RF00174__4GXY_A__6VMY_A	reverse	2	RF00174__4GXY_A	168	C	168	A:168	yes	no	423	117	U	A:318	NA	NA	NA	rfam_only	NA	algorithm_omission	yes	NA	Rfam.seed.gz	15.1	41f014f4ab5628620935f089b1bb77987ebc162fda7c72bff368a32c9cccabac
RF00174__4GXY_A__6VMY_A__a1__reverse__rep2	RF00174__4GXY_A__6VMY_A	reverse	2	RF00174__4GXY_A	169	C	169	A:169	yes	no	424	118	U	A:319	NA	NA	NA	rfam_only	NA	algorithm_omission	yes	NA	Rfam.seed.gz	15.1	41f014f4ab5628620935f089b1bb77987ebc162fda7c72bff368a32c9cccabac
RF00174__4GXY_A__6VMY_A__a1__reverse__rep2	RF00174__4GXY_A__6VMY_A	reverse	2	RF00174__4GXY_A	170	G	170	A:170	yes	no	426	120	A	A:321	NA	NA	NA	rfam_only	NA	algorithm_omission	yes	NA	Rfam.seed.gz	15.1	41f014f4ab5628620935f089b1bb77987ebc162fda7c72bff368a32c9cccabac
RF00174__4GXY_A__6VMY_A__a1__reverse__rep2	RF00174__4GXY_A__6VMY_A	reverse	2	RF00174__4GXY_A	171	U	171	A:171	yes	yes	427	121	U	A:322	NA	NA	NA	rfam_only	NA	algorithm_omission	no	NA	Rfam.seed.gz	15.1	41f014f4ab5628620935f089b1bb77987ebc162fda7c72bff368a32c9cccabac
RF00174__4GXY_A__6VMY_A__a1__reverse__rep2	RF00174__4GXY_A__6VMY_A	reverse	2	RF00174__4GXY_A	172	C	172	A:172	yes	yes	428	122	C	A:323	NA	NA	NA	rfam_only	NA	algorithm_omission	no	NA	Rfam.seed.gz	15.1	41f014f4ab5628620935f089b1bb77987ebc162fda7c72bff368a32c9cccabac
RF00174__4GXY_A__6VMY_A__a1__reverse__rep3	RF00174__4GXY_A__6VMY_A	reverse	3	RF00174__4GXY_A	1	G	1	A:1	yes	yes	12	3	U	A:204	NA	NA	NA	rfam_only	NA	algorithm_omission	no	NA	Rfam.seed.gz	15.1	41f014f4ab5628620935f089b1bb77987ebc162fda7c72bff368a32c9cccabac
RF00174__4GXY_A__6VMY_A__a1__reverse__rep3	RF00174__4GXY_A__6VMY_A	reverse	3	RF00174__4GXY_A	2	G	2	A:2	yes	no	13	4	C	A:205	NA	NA	NA	rfam_only	NA	algorithm_omission	yes	NA	Rfam.seed.gz	15.1	41f014f4ab5628620935f089b1bb77987ebc162fda7c72bff368a32c9cccabac
RF00174__4GXY_A__6VMY_A__a1__reverse__rep3	RF00174__4GXY_A__6VMY_A	reverse	3	RF00174__4GXY_A	3	C	3	A:3	yes	no	14	5	A	A:206	NA	NA	NA	rfam_only	NA	algorithm_omission	yes	NA	Rfam.seed.gz	15.1	41f014f4ab5628620935f089b1bb77987ebc162fda7c72bff368a32c9cccabac
RF00174__4GXY_A__6VMY_A__a1__reverse__rep3	RF00174__4GXY_A__6VMY_A	reverse	3	RF00174__4GXY_A	4	G	4	A:4	yes	no	15	6	A	A:207	NA	NA	NA	rfam_only	NA	algorithm_omission	yes	NA	Rfam.seed.gz	15.1	41f014f4ab5628620935f089b1bb77987ebc162fda7c72bff368a32c9cccabac
RF00174__4GXY_A__6VMY_A__a1__reverse__rep3	RF00174__4GXY_A__6VMY_A	reverse	3	RF00174__4GXY_A	5	G	5	A:5	yes	no	16	7	A	A:208	NA	NA	NA	rfam_only	NA	algorithm_omission	yes	NA	Rfam.seed.gz	15.1	41f014f4ab5628620935f089b1bb77987ebc162fda7c72bff368a32c9cccabac
RF00174__4GXY_A__6VMY_A__a1__reverse__rep3	RF00174__4GXY_A__6VMY_A	reverse	3	RF00174__4GXY_A	6	C	6	A:6	yes	no	18	8	U	A:209	NA	NA	NA	rfam_only	NA	algorithm_omission	yes	NA	Rfam.seed.gz	15.1	41f014f4ab5628620935f089b1bb77987ebc162fda7c72bff368a32c9cccabac
RF00174__4GXY_A__6VMY_A__a1__reverse__rep3	RF00174__4GXY_A__6VMY_A	reverse	3	RF00174__4GXY_A	7	A	7	A:7	yes	no	20	9	A	A:210	NA	NA	NA	rfam_only	NA	algorithm_omission	yes	NA	Rfam.seed.gz	15.1	41f014f4ab5628620935f089b1bb77987ebc162fda7c72bff368a32c9cccabac
RF00174__4GXY_A__6VMY_A__a1__reverse__rep3	RF00174__4GXY_A__6VMY_A	reverse	3	RF00174__4GXY_A	8	G	8	A:8	yes	no	22	10	G	A:211	NA	NA	NA	rfam_only	NA	algorithm_omission	yes	NA	Rfam.seed.gz	15.1	41f014f4ab5628620935f089b1bb77987ebc162fda7c72bff368a32c9cccabac
RF00174__4GXY_A__6VMY_A__a1__reverse__rep3	RF00174__4GXY_A__6VMY_A	reverse	3	RF00174__4GXY_A	9	G	9	A:9	yes	no	24	11	G	A:212	NA	NA	NA	rfam_only	NA	algorithm_omission	yes	NA	Rfam.seed.gz	15.1	41f014f4ab5628620935f089b1bb77987ebc162fda7c72bff368a32c9cccabac
RF00174__4GXY_A__6VMY_A__a1__reverse__rep3	RF00174__4GXY_A__6VMY_A	reverse	3	RF00174__4GXY_A	10	U	10	A:10	yes	no	25	12	U	A:213	NA	NA	NA	rfam_only	NA	algorithm_omission	yes	NA	Rfam.seed.gz	15.1	41f014f4ab5628620935f089b1bb77987ebc162fda7c72bff368a32c9cccabac
RF00174__4GXY_A__6VMY_A__a1__reverse__rep3	RF00174__4GXY_A__6VMY_A	reverse	3	RF00174__4GXY_A	11	G	11	A:11	yes	no	29	NA	NA	NA	NA	NA	NA	neither	alignment_gap_in_standard_seed	algorithm_omission	no	NA	Rfam.seed.gz	15.1	41f014f4ab5628620935f089b1bb77987ebc162fda7c72bff368a32c9cccabac
RF00174__4GXY_A__6VMY_A__a1__reverse__rep3	RF00174__4GXY_A__6VMY_A	reverse	3	RF00174__4GXY_A	12	C	12	A:12	yes	no	30	13	G	A:214	NA	NA	NA	rfam_only	NA	algorithm_omission	yes	NA	Rfam.seed.gz	15.1	41f014f4ab5628620935f089b1bb77987ebc162fda7c72bff368a32c9cccabac
RF00174__4GXY_A__6VMY_A__a1__reverse__rep3	RF00174__4GXY_A__6VMY_A	reverse	3	RF00174__4GXY_A	13	U	13	A:13	yes	no	31	14	C	A:215	NA	NA	NA	rfam_only	NA	algorithm_omission	yes	NA	Rfam.seed.gz	15.1	41f014f4ab5628620935f089b1bb77987ebc162fda7c72bff368a32c9cccabac
RF00174__4GXY_A__6VMY_A__a1__reverse__rep3	RF00174__4GXY_A__6VMY_A	reverse	3	RF00174__4GXY_A	14	C	14	A:14	yes	no	32	15	C	A:216	NA	NA	NA	rfam_only	NA	algorithm_omission	yes	NA	Rfam.seed.gz	15.1	41f014f4ab5628620935f089b1bb77987ebc162fda7c72bff368a32c9cccabac
RF00174__4GXY_A__6VMY_A__a1__reverse__rep3	RF00174__4GXY_A__6VMY_A	reverse	3	RF00174__4GXY_A	15	C	15	A:15	yes	no	33	16	G	A:217	NA	NA	NA	rfam_only	NA	algorithm_omission	yes	NA	Rfam.seed.gz	15.1	41f014f4ab5628620935f089b1bb77987ebc162fda7c72bff368a32c9cccabac
RF00174__4GXY_A__6VMY_A__a1__reverse__rep3	RF00174__4GXY_A__6VMY_A	reverse	3	RF00174__4GXY_A	16	C	16	A:16	yes	no	34	17	G	A:218	NA	NA	NA	rfam_only	NA	algorithm_omission	yes	NA	Rfam.seed.gz	15.1	41f014f4ab5628620935f089b1bb77987ebc162fda7c72bff368a32c9cccabac
RF00174__4GXY_A__6VMY_A__a1__reverse__rep3	RF00174__4GXY_A__6VMY_A	reverse	3	RF00174__4GXY_A	17	G	17	A:17	yes	no	35	18	U	A:219	NA	NA	NA	rfam_only	NA	algorithm_omission	yes	NA	Rfam.seed.gz	15.1	41f014f4ab5628620935f089b1bb77987ebc162fda7c72bff368a32c9cccabac
RF00174__4GXY_A__6VMY_A__a1__reverse__rep3	RF00174__4GXY_A__6VMY_A	reverse	3	RF00174__4GXY_A	18	A	18	A:18	yes	no	36	19	C	A:220	NA	NA	NA	rfam_only	NA	algorithm_omission	yes	NA	Rfam.seed.gz	15.1	41f014f4ab5628620935f089b1bb77987ebc162fda7c72bff368a32c9cccabac
RF00174__4GXY_A__6VMY_A__a1__reverse__rep3	RF00174__4GXY_A__6VMY_A	reverse	3	RF00174__4GXY_A	19	C	19	A:19	yes	no	37	20	C	A:221	NA	NA	NA	rfam_only	NA	algorithm_omission	yes	NA	Rfam.seed.gz	15.1	41f014f4ab5628620935f089b1bb77987ebc162fda7c72bff368a32c9cccabac
RF00174__4GXY_A__6VMY_A__a1__reverse__rep3	RF00174__4GXY_A__6VMY_A	reverse	3	RF00174__4GXY_A	20	C	20	A:20	no	no	38	21	G	A:222	NA	NA	NA	rfam_only	NA	missing_coordinates_source	no	NA	Rfam.seed.gz	15.1	41f014f4ab5628620935f089b1bb77987ebc162fda7c72bff368a32c9cccabac
RF00174__4GXY_A__6VMY_A__a1__reverse__rep3	RF00174__4GXY_A__6VMY_A	reverse	3	RF00174__4GXY_A	21	C	21	A:21	no	no	57	24	A	A:225	NA	NA	NA	rfam_only	NA	missing_coordinates_source	no	NA	Rfam.seed.gz	15.1	41f014f4ab5628620935f089b1bb77987ebc162fda7c72bff368a32c9cccabac
RF00174__4GXY_A__6VMY_A__a1__reverse__rep3	RF00174__4GXY_A__6VMY_A	reverse	3	RF00174__4GXY_A	22	U	22	A:22	no	no	58	25	A	A:226	NA	NA	NA	rfam_only	NA	missing_coordinates_source	no	NA	Rfam.seed.gz	15.1	41f014f4ab5628620935f089b1bb77987ebc162fda7c72bff368a32c9cccabac
RF00174__4GXY_A__6VMY_A__a1__reverse__rep3	RF00174__4GXY_A__6VMY_A	reverse	3	RF00174__4GXY_A	23	G	23	A:23	no	no	59	26	C	A:227	NA	NA	NA	rfam_only	NA	missing_coordinates_source	no	NA	Rfam.seed.gz	15.1	41f014f4ab5628620935f089b1bb77987ebc162fda7c72bff368a32c9cccabac
RF00174__4GXY_A__6VMY_A__a1__reverse__rep3	RF00174__4GXY_A__6VMY_A	reverse	3	RF00174__4GXY_A	24	C	24	A:24	no	no	60	27	A	A:228	NA	NA	NA	rfam_only	NA	missing_coordinates_source	no	NA	Rfam.seed.gz	15.1	41f014f4ab5628620935f089b1bb77987ebc162fda7c72bff368a32c9cccabac
RF00174__4GXY_A__6VMY_A__a1__reverse__rep3	RF00174__4GXY_A__6VMY_A	reverse	3	RF00174__4GXY_A	25	G	25	A:25	no	no	61	28	A	A:229	NA	NA	NA	rfam_only	NA	missing_coordinates_source	no	NA	Rfam.seed.gz	15.1	41f014f4ab5628620935f089b1bb77987ebc162fda7c72bff368a32c9cccabac
RF00174__4GXY_A__6VMY_A__a1__reverse__rep3	RF00174__4GXY_A__6VMY_A	reverse	3	RF00174__4GXY_A	26	G	26	A:26	yes	no	62	29	C	A:230	NA	NA	NA	rfam_only	NA	algorithm_omission	yes	NA	Rfam.seed.gz	15.1	41f014f4ab5628620935f089b1bb77987ebc162fda7c72bff368a32c9cccabac
RF00174__4GXY_A__6VMY_A__a1__reverse__rep3	RF00174__4GXY_A__6VMY_A	reverse	3	RF00174__4GXY_A	27	U	27	A:27	yes	no	63	30	A	A:231	NA	NA	NA	rfam_only	NA	algorithm_omission	yes	NA	Rfam.seed.gz	15.1	41f014f4ab5628620935f089b1bb77987ebc162fda7c72bff368a32c9cccabac
RF00174__4GXY_A__6VMY_A__a1__reverse__rep3	RF00174__4GXY_A__6VMY_A	reverse	3	RF00174__4GXY_A	28	C	28	A:28	yes	no	65	31	G	A:232	NA	NA	NA	rfam_only	NA	algorithm_omission	yes	NA	Rfam.seed.gz	15.1	41f014f4ab5628620935f089b1bb77987ebc162fda7c72bff368a32c9cccabac
RF00174__4GXY_A__6VMY_A__a1__reverse__rep3	RF00174__4GXY_A__6VMY_A	reverse	3	RF00174__4GXY_A	29	G	29	A:29	yes	no	66	32	C	A:233	NA	NA	NA	rfam_only	NA	algorithm_omission	yes	NA	Rfam.seed.gz	15.1	41f014f4ab5628620935f089b1bb77987ebc162fda7c72bff368a32c9cccabac
RF00174__4GXY_A__6VMY_A__a1__reverse__rep3	RF00174__4GXY_A__6VMY_A	reverse	3	RF00174__4GXY_A	30	G	30	A:30	yes	no	67	33	C	A:234	NA	NA	NA	rfam_only	NA	algorithm_omission	yes	NA	Rfam.seed.gz	15.1	41f014f4ab5628620935f089b1bb77987ebc162fda7c72bff368a32c9cccabac
RF00174__4GXY_A__6VMY_A__a1__reverse__rep3	RF00174__4GXY_A__6VMY_A	reverse	3	RF00174__4GXY_A	31	G	31	A:31	yes	no	68	34	G	A:235	NA	NA	NA	rfam_only	NA	algorithm_omission	yes	NA	Rfam.seed.gz	15.1	41f014f4ab5628620935f089b1bb77987ebc162fda7c72bff368a32c9cccabac
RF00174__4GXY_A__6VMY_A__a1__reverse__rep3	RF00174__4GXY_A__6VMY_A	reverse	3	RF00174__4GXY_A	32	A	32	A:32	yes	no	69	35	G	A:236	NA	NA	NA	rfam_only	NA	algorithm_omission	yes	NA	Rfam.seed.gz	15.1	41f014f4ab5628620935f089b1bb77987ebc162fda7c72bff368a32c9cccabac
RF00174__4GXY_A__6VMY_A__a1__reverse__rep3	RF00174__4GXY_A__6VMY_A	reverse	3	RF00174__4GXY_A	33	G	33	A:33	yes	no	70	36	C	A:237	NA	NA	NA	rfam_only	NA	algorithm_omission	yes	NA	Rfam.seed.gz	15.1	41f014f4ab5628620935f089b1bb77987ebc162fda7c72bff368a32c9cccabac
RF00174__4GXY_A__6VMY_A__a1__reverse__rep3	RF00174__4GXY_A__6VMY_A	reverse	3	RF00174__4GXY_A	34	U	34	A:34	yes	no	71	37	U	A:238	NA	NA	NA	rfam_only	NA	algorithm_omission	yes	NA	Rfam.seed.gz	15.1	41f014f4ab5628620935f089b1bb77987ebc162fda7c72bff368a32c9cccabac
RF00174__4GXY_A__6VMY_A__a1__reverse__rep3	RF00174__4GXY_A__6VMY_A	reverse	3	RF00174__4GXY_A	35	U	35	A:35	yes	no	72	38	U	A:239	NA	NA	NA	rfam_only	NA	algorithm_omission	yes	NA	Rfam.seed.gz	15.1	41f014f4ab5628620935f089b1bb77987ebc162fda7c72bff368a32c9cccabac
RF00174__4GXY_A__6VMY_A__a1__reverse__rep3	RF00174__4GXY_A__6VMY_A	reverse	3	RF00174__4GXY_A	36	A	36	A:36	yes	no	77	39	A	A:240	NA	NA	NA	rfam_only	NA	algorithm_omission	yes	NA	Rfam.seed.gz	15.1	41f014f4ab5628620935f089b1bb77987ebc162fda7c72bff368a32c9cccabac
RF00174__4GXY_A__6VMY_A__a1__reverse__rep3	RF00174__4GXY_A__6VMY_A	reverse	3	RF00174__4GXY_A	37	A	37	A:37	yes	no	78	40	A	A:241	NA	NA	NA	rfam_only	NA	algorithm_omission	yes	NA	Rfam.seed.gz	15.1	41f014f4ab5628620935f089b1bb77987ebc162fda7c72bff368a32c9cccabac
RF00174__4GXY_A__6VMY_A__a1__reverse__rep3	RF00174__4GXY_A__6VMY_A	reverse	3	RF00174__4GXY_A	38	A	38	A:38	yes	no	79	41	A	A:242	NA	NA	NA	rfam_only	NA	algorithm_omission	yes	NA	Rfam.seed.gz	15.1	41f014f4ab5628620935f089b1bb77987ebc162fda7c72bff368a32c9cccabac
RF00174__4GXY_A__6VMY_A__a1__reverse__rep3	RF00174__4GXY_A__6VMY_A	reverse	3	RF00174__4GXY_A	39	A	39	A:39	yes	no	80	42	A	A:243	NA	NA	NA	rfam_only	NA	algorithm_omission	yes	NA	Rfam.seed.gz	15.1	41f014f4ab5628620935f089b1bb77987ebc162fda7c72bff368a32c9cccabac
RF00174__4GXY_A__6VMY_A__a1__reverse__rep3	RF00174__4GXY_A__6VMY_A	reverse	3	RF00174__4GXY_A	40	G	40	A:40	yes	no	82	43	G	A:244	NA	NA	NA	rfam_only	NA	algorithm_omission	yes	NA	Rfam.seed.gz	15.1	41f014f4ab5628620935f089b1bb77987ebc162fda7c72bff368a32c9cccabac
RF00174__4GXY_A__6VMY_A__a1__reverse__rep3	RF00174__4GXY_A__6VMY_A	reverse	3	RF00174__4GXY_A	41	G	41	A:41	yes	no	83	44	G	A:245	NA	NA	NA	rfam_only	NA	algorithm_omission	yes	NA	Rfam.seed.gz	15.1	41f014f4ab5628620935f089b1bb77987ebc162fda7c72bff368a32c9cccabac
RF00174__4GXY_A__6VMY_A__a1__reverse__rep3	RF00174__4GXY_A__6VMY_A	reverse	3	RF00174__4GXY_A	42	G	42	A:42	yes	no	84	45	G	A:246	NA	NA	NA	rfam_only	NA	algorithm_omission	yes	NA	Rfam.seed.gz	15.1	41f014f4ab5628620935f089b1bb77987ebc162fda7c72bff368a32c9cccabac
RF00174__4GXY_A__6VMY_A__a1__reverse__rep3	RF00174__4GXY_A__6VMY_A	reverse	3	RF00174__4GXY_A	43	A	43	A:43	yes	no	85	46	A	A:247	NA	NA	NA	rfam_only	NA	algorithm_omission	yes	NA	Rfam.seed.gz	15.1	41f014f4ab5628620935f089b1bb77987ebc162fda7c72bff368a32c9cccabac
RF00174__4GXY_A__6VMY_A__a1__reverse__rep3	RF00174__4GXY_A__6VMY_A	reverse	3	RF00174__4GXY_A	44	A	44	A:44	yes	no	86	47	A	A:248	NA	NA	NA	rfam_only	NA	algorithm_omission	yes	NA	Rfam.seed.gz	15.1	41f014f4ab5628620935f089b1bb77987ebc162fda7c72bff368a32c9cccabac
RF00174__4GXY_A__6VMY_A__a1__reverse__rep3	RF00174__4GXY_A__6VMY_A	reverse	3	RF00174__4GXY_A	45	G	45	A:45	yes	no	88	48	A	A:249	NA	NA	NA	rfam_only	NA	algorithm_omission	yes	NA	Rfam.seed.gz	15.1	41f014f4ab5628620935f089b1bb77987ebc162fda7c72bff368a32c9cccabac
RF00174__4GXY_A__6VMY_A__a1__reverse__rep3	RF00174__4GXY_A__6VMY_A	reverse	3	RF00174__4GXY_A	46	C	46	A:46	yes	no	90	49	C	A:250	NA	NA	NA	rfam_only	NA	algorithm_omission	yes	NA	Rfam.seed.gz	15.1	41f014f4ab5628620935f089b1bb77987ebc162fda7c72bff368a32c9cccabac
RF00174__4GXY_A__6VMY_A__a1__reverse__rep3	RF00174__4GXY_A__6VMY_A	reverse	3	RF00174__4GXY_A	47	C	47	A:47	yes	no	91	50	C	A:251	NA	NA	NA	rfam_only	NA	algorithm_omission	yes	NA	Rfam.seed.gz	15.1	41f014f4ab5628620935f089b1bb77987ebc162fda7c72bff368a32c9cccabac
RF00174__4GXY_A__6VMY_A__a1__reverse__rep3	RF00174__4GXY_A__6VMY_A	reverse	3	RF00174__4GXY_A	48	G	48	A:48	yes	no	93	51	G	A:252	NA	NA	NA	rfam_only	NA	algorithm_omission	yes	NA	Rfam.seed.gz	15.1	41f014f4ab5628620935f089b1bb77987ebc162fda7c72bff368a32c9cccabac
RF00174__4GXY_A__6VMY_A__a1__reverse__rep3	RF00174__4GXY_A__6VMY_A	reverse	3	RF00174__4GXY_A	49	G	49	A:49	yes	no	94	52	G	A:253	NA	NA	NA	rfam_only	NA	algorithm_omission	yes	NA	Rfam.seed.gz	15.1	41f014f4ab5628620935f089b1bb77987ebc162fda7c72bff368a32c9cccabac
RF00174__4GXY_A__6VMY_A__a1__reverse__rep3	RF00174__4GXY_A__6VMY_A	reverse	3	RF00174__4GXY_A	50	U	50	A:50	yes	no	96	53	U	A:254	NA	NA	NA	rfam_only	NA	algorithm_omission	yes	NA	Rfam.seed.gz	15.1	41f014f4ab5628620935f089b1bb77987ebc162fda7c72bff368a32c9cccabac
RF00174__4GXY_A__6VMY_A__a1__reverse__rep3	RF00174__4GXY_A__6VMY_A	reverse	3	RF00174__4GXY_A	51	G	51	A:51	yes	no	97	NA	NA	NA	NA	NA	NA	neither	alignment_gap_in_standard_seed	algorithm_omission	no	NA	Rfam.seed.gz	15.1	41f014f4ab5628620935f089b1bb77987ebc162fda7c72bff368a32c9cccabac
RF00174__4GXY_A__6VMY_A__a1__reverse__rep3	RF00174__4GXY_A__6VMY_A	reverse	3	RF00174__4GXY_A	52	C	52	A:52	yes	no	98	54	A	A:255	NA	NA	NA	rfam_only	NA	algorithm_omission	yes	NA	Rfam.seed.gz	15.1	41f014f4ab5628620935f089b1bb77987ebc162fda7c72bff368a32c9cccabac
RF00174__4GXY_A__6VMY_A__a1__reverse__rep3	RF00174__4GXY_A__6VMY_A	reverse	3	RF00174__4GXY_A	53	A	53	A:53	yes	no	130	55	A	A:256	NA	NA	NA	rfam_only	NA	algorithm_omission	yes	NA	Rfam.seed.gz	15.1	41f014f4ab5628620935f089b1bb77987ebc162fda7c72bff368a32c9cccabac
RF00174__4GXY_A__6VMY_A__a1__reverse__rep3	RF00174__4GXY_A__6VMY_A	reverse	3	RF00174__4GXY_A	54	A	54	A:54	yes	no	131	56	A	A:257	NA	NA	NA	rfam_only	NA	algorithm_omission	yes	NA	Rfam.seed.gz	15.1	41f014f4ab5628620935f089b1bb77987ebc162fda7c72bff368a32c9cccabac
RF00174__4GXY_A__6VMY_A__a1__reverse__rep3	RF00174__4GXY_A__6VMY_A	reverse	3	RF00174__4GXY_A	55	G	55	A:55	yes	no	132	57	A	A:258	NA	NA	NA	rfam_only	NA	algorithm_omission	yes	NA	Rfam.seed.gz	15.1	41f014f4ab5628620935f089b1bb77987ebc162fda7c72bff368a32c9cccabac
RF00174__4GXY_A__6VMY_A__a1__reverse__rep3	RF00174__4GXY_A__6VMY_A	reverse	3	RF00174__4GXY_A	56	U	56	A:56	yes	no	133	58	G	A:259	NA	NA	NA	rfam_only	NA	algorithm_omission	yes	NA	Rfam.seed.gz	15.1	41f014f4ab5628620935f089b1bb77987ebc162fda7c72bff368a32c9cccabac
RF00174__4GXY_A__6VMY_A__a1__reverse__rep3	RF00174__4GXY_A__6VMY_A	reverse	3	RF00174__4GXY_A	57	C	57	A:57	yes	no	134	59	C	A:260	NA	NA	NA	rfam_only	NA	algorithm_omission	yes	NA	Rfam.seed.gz	15.1	41f014f4ab5628620935f089b1bb77987ebc162fda7c72bff368a32c9cccabac
RF00174__4GXY_A__6VMY_A__a1__reverse__rep3	RF00174__4GXY_A__6VMY_A	reverse	3	RF00174__4GXY_A	58	C	58	A:58	yes	no	135	60	C	A:261	NA	NA	NA	rfam_only	NA	algorithm_omission	yes	NA	Rfam.seed.gz	15.1	41f014f4ab5628620935f089b1bb77987ebc162fda7c72bff368a32c9cccabac
RF00174__4GXY_A__6VMY_A__a1__reverse__rep3	RF00174__4GXY_A__6VMY_A	reverse	3	RF00174__4GXY_A	59	G	59	A:59	yes	no	136	61	G	A:262	NA	NA	NA	rfam_only	NA	algorithm_omission	yes	NA	Rfam.seed.gz	15.1	41f014f4ab5628620935f089b1bb77987ebc162fda7c72bff368a32c9cccabac
RF00174__4GXY_A__6VMY_A__a1__reverse__rep3	RF00174__4GXY_A__6VMY_A	reverse	3	RF00174__4GXY_A	60	G	60	A:60	yes	no	137	62	G	A:263	NA	NA	NA	rfam_only	NA	algorithm_omission	yes	NA	Rfam.seed.gz	15.1	41f014f4ab5628620935f089b1bb77987ebc162fda7c72bff368a32c9cccabac
RF00174__4GXY_A__6VMY_A__a1__reverse__rep3	RF00174__4GXY_A__6VMY_A	reverse	3	RF00174__4GXY_A	61	C	61	A:61	yes	no	139	63	U	A:264	NA	NA	NA	rfam_only	NA	algorithm_omission	yes	NA	Rfam.seed.gz	15.1	41f014f4ab5628620935f089b1bb77987ebc162fda7c72bff368a32c9cccabac
RF00174__4GXY_A__6VMY_A__a1__reverse__rep3	RF00174__4GXY_A__6VMY_A	reverse	3	RF00174__4GXY_A	62	A	62	A:62	yes	no	140	64	G	A:265	NA	NA	NA	rfam_only	NA	algorithm_omission	yes	NA	Rfam.seed.gz	15.1	41f014f4ab5628620935f089b1bb77987ebc162fda7c72bff368a32c9cccabac
RF00174__4GXY_A__6VMY_A__a1__reverse__rep3	RF00174__4GXY_A__6VMY_A	reverse	3	RF00174__4GXY_A	63	C	63	A:63	yes	no	141	65	C	A:266	NA	NA	NA	rfam_only	NA	algorithm_omission	yes	NA	Rfam.seed.gz	15.1	41f014f4ab5628620935f089b1bb77987ebc162fda7c72bff368a32c9cccabac
RF00174__4GXY_A__6VMY_A__a1__reverse__rep3	RF00174__4GXY_A__6VMY_A	reverse	3	RF00174__4GXY_A	64	G	64	A:64	yes	no	142	66	G	A:267	NA	NA	NA	rfam_only	NA	algorithm_omission	yes	NA	Rfam.seed.gz	15.1	41f014f4ab5628620935f089b1bb77987ebc162fda7c72bff368a32c9cccabac
RF00174__4GXY_A__6VMY_A__a1__reverse__rep3	RF00174__4GXY_A__6VMY_A	reverse	3	RF00174__4GXY_A	65	G	65	A:65	yes	no	143	67	G	A:268	NA	NA	NA	rfam_only	NA	algorithm_omission	yes	NA	Rfam.seed.gz	15.1	41f014f4ab5628620935f089b1bb77987ebc162fda7c72bff368a32c9cccabac
RF00174__4GXY_A__6VMY_A__a1__reverse__rep3	RF00174__4GXY_A__6VMY_A	reverse	3	RF00174__4GXY_A	66	U	66	A:66	yes	no	144	68	U	A:269	NA	NA	NA	rfam_only	NA	algorithm_omission	yes	NA	Rfam.seed.gz	15.1	41f014f4ab5628620935f089b1bb77987ebc162fda7c72bff368a32c9cccabac
RF00174__4GXY_A__6VMY_A__a1__reverse__rep3	RF00174__4GXY_A__6VMY_A	reverse	3	RF00174__4GXY_A	67	C	67	A:67	yes	no	146	69	C	A:270	NA	NA	NA	rfam_only	NA	algorithm_omission	yes	NA	Rfam.seed.gz	15.1	41f014f4ab5628620935f089b1bb77987ebc162fda7c72bff368a32c9cccabac
RF00174__4GXY_A__6VMY_A__a1__reverse__rep3	RF00174__4GXY_A__6VMY_A	reverse	3	RF00174__4GXY_A	68	C	68	A:68	yes	no	148	70	C	A:271	NA	NA	NA	rfam_only	NA	algorithm_omission	yes	NA	Rfam.seed.gz	15.1	41f014f4ab5628620935f089b1bb77987ebc162fda7c72bff368a32c9cccabac
RF00174__4GXY_A__6VMY_A__a1__reverse__rep3	RF00174__4GXY_A__6VMY_A	reverse	3	RF00174__4GXY_A	69	C	69	A:69	yes	no	149	71	C	A:272	NA	NA	NA	rfam_only	NA	algorithm_omission	yes	NA	Rfam.seed.gz	15.1	41f014f4ab5628620935f089b1bb77987ebc162fda7c72bff368a32c9cccabac
RF00174__4GXY_A__6VMY_A__a1__reverse__rep3	RF00174__4GXY_A__6VMY_A	reverse	3	RF00174__4GXY_A	70	G	70	A:70	yes	no	151	72	G	A:273	NA	NA	NA	rfam_only	NA	algorithm_omission	yes	NA	Rfam.seed.gz	15.1	41f014f4ab5628620935f089b1bb77987ebc162fda7c72bff368a32c9cccabac
RF00174__4GXY_A__6VMY_A__a1__reverse__rep3	RF00174__4GXY_A__6VMY_A	reverse	3	RF00174__4GXY_A	71	C	71	A:71	yes	no	152	73	C	A:274	NA	NA	NA	rfam_only	NA	algorithm_omission	yes	NA	Rfam.seed.gz	15.1	41f014f4ab5628620935f089b1bb77987ebc162fda7c72bff368a32c9cccabac
RF00174__4GXY_A__6VMY_A__a1__reverse__rep3	RF00174__4GXY_A__6VMY_A	reverse	3	RF00174__4GXY_A	72	C	72	A:72	yes	no	153	74	C	A:275	NA	NA	NA	rfam_only	NA	algorithm_omission	yes	NA	Rfam.seed.gz	15.1	41f014f4ab5628620935f089b1bb77987ebc162fda7c72bff368a32c9cccabac
RF00174__4GXY_A__6VMY_A__a1__reverse__rep3	RF00174__4GXY_A__6VMY_A	reverse	3	RF00174__4GXY_A	73	A	73	A:73	yes	no	154	75	A	A:276	NA	NA	NA	rfam_only	NA	algorithm_omission	yes	NA	Rfam.seed.gz	15.1	41f014f4ab5628620935f089b1bb77987ebc162fda7c72bff368a32c9cccabac
RF00174__4GXY_A__6VMY_A__a1__reverse__rep3	RF00174__4GXY_A__6VMY_A	reverse	3	RF00174__4GXY_A	74	C	74	A:74	yes	no	155	76	C	A:277	NA	NA	NA	rfam_only	NA	algorithm_omission	yes	NA	Rfam.seed.gz	15.1	41f014f4ab5628620935f089b1bb77987ebc162fda7c72bff368a32c9cccabac
RF00174__4GXY_A__6VMY_A__a1__reverse__rep3	RF00174__4GXY_A__6VMY_A	reverse	3	RF00174__4GXY_A	75	U	75	A:75	yes	no	156	77	U	A:278	NA	NA	NA	rfam_only	NA	algorithm_omission	yes	NA	Rfam.seed.gz	15.1	41f014f4ab5628620935f089b1bb77987ebc162fda7c72bff368a32c9cccabac
RF00174__4GXY_A__6VMY_A__a1__reverse__rep3	RF00174__4GXY_A__6VMY_A	reverse	3	RF00174__4GXY_A	76	G	76	A:76	yes	no	157	78	G	A:279	NA	NA	NA	rfam_only	NA	algorithm_omission	yes	NA	Rfam.seed.gz	15.1	41f014f4ab5628620935f089b1bb77987ebc162fda7c72bff368a32c9cccabac
RF00174__4GXY_A__6VMY_A__a1__reverse__rep3	RF00174__4GXY_A__6VMY_A	reverse	3	RF00174__4GXY_A	77	U	77	A:77	yes	no	158	79	U	A:280	NA	NA	NA	rfam_only	NA	algorithm_omission	yes	NA	Rfam.seed.gz	15.1	41f014f4ab5628620935f089b1bb77987ebc162fda7c72bff368a32c9cccabac
RF00174__4GXY_A__6VMY_A__a1__reverse__rep3	RF00174__4GXY_A__6VMY_A	reverse	3	RF00174__4GXY_A	78	G	78	A:78	yes	no	159	80	A	A:281	NA	NA	NA	rfam_only	NA	algorithm_omission	yes	NA	Rfam.seed.gz	15.1	41f014f4ab5628620935f089b1bb77987ebc162fda7c72bff368a32c9cccabac
RF00174__4GXY_A__6VMY_A__a1__reverse__rep3	RF00174__4GXY_A__6VMY_A	reverse	3	RF00174__4GXY_A	79	A	79	A:79	yes	no	160	81	A	A:282	NA	NA	NA	rfam_only	NA	algorithm_omission	yes	NA	Rfam.seed.gz	15.1	41f014f4ab5628620935f089b1bb77987ebc162fda7c72bff368a32c9cccabac
RF00174__4GXY_A__6VMY_A__a1__reverse__rep3	RF00174__4GXY_A__6VMY_A	reverse	3	RF00174__4GXY_A	80	C	80	A:80	yes	no	163	82	U	A:283	NA	NA	NA	rfam_only	NA	algorithm_omission	yes	NA	Rfam.seed.gz	15.1	41f014f4ab5628620935f089b1bb77987ebc162fda7c72bff368a32c9cccabac
RF00174__4GXY_A__6VMY_A__a1__reverse__rep3	RF00174__4GXY_A__6VMY_A	reverse	3	RF00174__4GXY_A	81	G	81	A:81	yes	no	164	83	U	A:284	NA	NA	NA	rfam_only	NA	algorithm_omission	yes	NA	Rfam.seed.gz	15.1	41f014f4ab5628620935f089b1bb77987ebc162fda7c72bff368a32c9cccabac
RF00174__4GXY_A__6VMY_A__a1__reverse__rep3	RF00174__4GXY_A__6VMY_A	reverse	3	RF00174__4GXY_A	82	G	82	A:82	yes	no	165	84	G	A:285	NA	NA	NA	rfam_only	NA	algorithm_omission	yes	NA	Rfam.seed.gz	15.1	41f014f4ab5628620935f089b1bb77987ebc162fda7c72bff368a32c9cccabac
RF00174__4GXY_A__6VMY_A__a1__reverse__rep3	RF00174__4GXY_A__6VMY_A	reverse	3	RF00174__4GXY_A	83	G	83	A:83	yes	no	166	NA	NA	NA	NA	NA	NA	neither	alignment_gap_in_standard_seed	algorithm_omission	no	NA	Rfam.seed.gz	15.1	41f014f4ab5628620935f089b1bb77987ebc162fda7c72bff368a32c9cccabac
RF00174__4GXY_A__6VMY_A__a1__reverse__rep3	RF00174__4GXY_A__6VMY_A	reverse	3	RF00174__4GXY_A	84	G	84	A:84	yes	no	174	NA	NA	NA	NA	NA	NA	neither	alignment_gap_in_standard_seed	algorithm_omission	no	NA	Rfam.seed.gz	15.1	41f014f4ab5628620935f089b1bb77987ebc162fda7c72bff368a32c9cccabac
RF00174__4GXY_A__6VMY_A__a1__reverse__rep3	RF00174__4GXY_A__6VMY_A	reverse	3	RF00174__4GXY_A	85	A	85	A:85	yes	no	175	88	A	A:289	NA	NA	NA	rfam_only	NA	algorithm_omission	yes	NA	Rfam.seed.gz	15.1	41f014f4ab5628620935f089b1bb77987ebc162fda7c72bff368a32c9cccabac
RF00174__4GXY_A__6VMY_A__a1__reverse__rep3	RF00174__4GXY_A__6VMY_A	reverse	3	RF00174__4GXY_A	86	G	86	A:86	yes	no	176	89	A	A:290	NA	NA	NA	rfam_only	NA	algorithm_omission	yes	NA	Rfam.seed.gz	15.1	41f014f4ab5628620935f089b1bb77987ebc162fda7c72bff368a32c9cccabac
RF00174__4GXY_A__6VMY_A__a1__reverse__rep3	RF00174__4GXY_A__6VMY_A	reverse	3	RF00174__4GXY_A	87	U	87	A:87	yes	no	177	90	G	A:291	NA	NA	NA	rfam_only	NA	algorithm_omission	yes	NA	Rfam.seed.gz	15.1	41f014f4ab5628620935f089b1bb77987ebc162fda7c72bff368a32c9cccabac
RF00174__4GXY_A__6VMY_A__a1__reverse__rep3	RF00174__4GXY_A__6VMY_A	reverse	3	RF00174__4GXY_A	88	C	88	A:88	yes	no	178	91	C	A:292	NA	NA	NA	rfam_only	NA	algorithm_omission	yes	NA	Rfam.seed.gz	15.1	41f014f4ab5628620935f089b1bb77987ebc162fda7c72bff368a32c9cccabac
RF00174__4GXY_A__6VMY_A__a1__reverse__rep3	RF00174__4GXY_A__6VMY_A	reverse	3	RF00174__4GXY_A	89	G	89	A:89	yes	no	179	NA	NA	NA	NA	NA	NA	neither	alignment_gap_in_standard_seed	algorithm_omission	no	NA	Rfam.seed.gz	15.1	41f014f4ab5628620935f089b1bb77987ebc162fda7c72bff368a32c9cccabac
RF00174__4GXY_A__6VMY_A__a1__reverse__rep3	RF00174__4GXY_A__6VMY_A	reverse	3	RF00174__4GXY_A	90	C	90	A:90	yes	no	181	NA	NA	NA	NA	NA	NA	neither	alignment_gap_in_standard_seed	algorithm_omission	no	NA	Rfam.seed.gz	15.1	41f014f4ab5628620935f089b1bb77987ebc162fda7c72bff368a32c9cccabac
RF00174__4GXY_A__6VMY_A__a1__reverse__rep3	RF00174__4GXY_A__6VMY_A	reverse	3	RF00174__4GXY_A	91	C	91	A:91	yes	no	182	NA	NA	NA	NA	NA	NA	neither	alignment_gap_in_standard_seed	algorithm_omission	no	NA	Rfam.seed.gz	15.1	41f014f4ab5628620935f089b1bb77987ebc162fda7c72bff368a32c9cccabac
RF00174__4GXY_A__6VMY_A__a1__reverse__rep3	RF00174__4GXY_A__6VMY_A	reverse	3	RF00174__4GXY_A	92	C	92	A:92	yes	no	183	NA	NA	NA	NA	NA	NA	neither	alignment_gap_in_standard_seed	algorithm_omission	no	NA	Rfam.seed.gz	15.1	41f014f4ab5628620935f089b1bb77987ebc162fda7c72bff368a32c9cccabac
RF00174__4GXY_A__6VMY_A__a1__reverse__rep3	RF00174__4GXY_A__6VMY_A	reverse	3	RF00174__4GXY_A	93	C	93	A:93	yes	no	184	NA	NA	NA	NA	NA	NA	neither	alignment_gap_in_standard_seed	algorithm_omission	no	NA	Rfam.seed.gz	15.1	41f014f4ab5628620935f089b1bb77987ebc162fda7c72bff368a32c9cccabac
RF00174__4GXY_A__6VMY_A__a1__reverse__rep3	RF00174__4GXY_A__6VMY_A	reverse	3	RF00174__4GXY_A	94	U	94	A:94	yes	no	185	NA	NA	NA	13	G	A:214	star3d_only	alignment_gap_in_standard_seed	NA	no	NA	Rfam.seed.gz	15.1	41f014f4ab5628620935f089b1bb77987ebc162fda7c72bff368a32c9cccabac
RF00174__4GXY_A__6VMY_A__a1__reverse__rep3	RF00174__4GXY_A__6VMY_A	reverse	3	RF00174__4GXY_A	95	C	95	A:95	yes	no	186	NA	NA	NA	14	C	A:215	star3d_only	alignment_gap_in_standard_seed	NA	no	NA	Rfam.seed.gz	15.1	41f014f4ab5628620935f089b1bb77987ebc162fda7c72bff368a32c9cccabac
RF00174__4GXY_A__6VMY_A__a1__reverse__rep3	RF00174__4GXY_A__6VMY_A	reverse	3	RF00174__4GXY_A	96	G	96	A:96	yes	no	187	NA	NA	NA	NA	NA	NA	neither	alignment_gap_in_standard_seed	algorithm_omission	no	NA	Rfam.seed.gz	15.1	41f014f4ab5628620935f089b1bb77987ebc162fda7c72bff368a32c9cccabac
RF00174__4GXY_A__6VMY_A__a1__reverse__rep3	RF00174__4GXY_A__6VMY_A	reverse	3	RF00174__4GXY_A	97	G	97	A:97	yes	no	188	NA	NA	NA	NA	NA	NA	neither	alignment_gap_in_standard_seed	algorithm_omission	no	NA	Rfam.seed.gz	15.1	41f014f4ab5628620935f089b1bb77987ebc162fda7c72bff368a32c9cccabac
RF00174__4GXY_A__6VMY_A__a1__reverse__rep3	RF00174__4GXY_A__6VMY_A	reverse	3	RF00174__4GXY_A	98	G	98	A:98	yes	no	189	NA	NA	NA	NA	NA	NA	neither	alignment_gap_in_standard_seed	algorithm_omission	no	NA	Rfam.seed.gz	15.1	41f014f4ab5628620935f089b1bb77987ebc162fda7c72bff368a32c9cccabac
RF00174__4GXY_A__6VMY_A__a1__reverse__rep3	RF00174__4GXY_A__6VMY_A	reverse	3	RF00174__4GXY_A	99	A	99	A:99	yes	no	190	NA	NA	NA	NA	NA	NA	neither	alignment_gap_in_standard_seed	algorithm_omission	no	NA	Rfam.seed.gz	15.1	41f014f4ab5628620935f089b1bb77987ebc162fda7c72bff368a32c9cccabac
RF00174__4GXY_A__6VMY_A__a1__reverse__rep3	RF00174__4GXY_A__6VMY_A	reverse	3	RF00174__4GXY_A	100	U	100	A:100	yes	no	191	NA	NA	NA	NA	NA	NA	neither	alignment_gap_in_standard_seed	algorithm_omission	no	NA	Rfam.seed.gz	15.1	41f014f4ab5628620935f089b1bb77987ebc162fda7c72bff368a32c9cccabac
RF00174__4GXY_A__6VMY_A__a1__reverse__rep3	RF00174__4GXY_A__6VMY_A	reverse	3	RF00174__4GXY_A	101	G	101	A:101	yes	no	192	NA	NA	NA	NA	NA	NA	neither	alignment_gap_in_standard_seed	algorithm_omission	no	NA	Rfam.seed.gz	15.1	41f014f4ab5628620935f089b1bb77987ebc162fda7c72bff368a32c9cccabac
RF00174__4GXY_A__6VMY_A__a1__reverse__rep3	RF00174__4GXY_A__6VMY_A	reverse	3	RF00174__4GXY_A	102	U	102	A:102	yes	no	220	NA	NA	NA	75	A	A:276	star3d_only	alignment_gap_in_standard_seed	NA	no	NA	Rfam.seed.gz	15.1	41f014f4ab5628620935f089b1bb77987ebc162fda7c72bff368a32c9cccabac
RF00174__4GXY_A__6VMY_A__a1__reverse__rep3	RF00174__4GXY_A__6VMY_A	reverse	3	RF00174__4GXY_A	103	G	103	A:103	yes	no	221	NA	NA	NA	76	C	A:277	star3d_only	alignment_gap_in_standard_seed	NA	no	NA	Rfam.seed.gz	15.1	41f014f4ab5628620935f089b1bb77987ebc162fda7c72bff368a32c9cccabac
RF00174__4GXY_A__6VMY_A__a1__reverse__rep3	RF00174__4GXY_A__6VMY_A	reverse	3	RF00174__4GXY_A	104	C	104	A:104	yes	no	222	NA	NA	NA	77	U	A:278	star3d_only	alignment_gap_in_standard_seed	NA	no	NA	Rfam.seed.gz	15.1	41f014f4ab5628620935f089b1bb77987ebc162fda7c72bff368a32c9cccabac
RF00174__4GXY_A__6VMY_A__a1__reverse__rep3	RF00174__4GXY_A__6VMY_A	reverse	3	RF00174__4GXY_A	105	C	105	A:105	yes	no	223	NA	NA	NA	78	G	A:279	star3d_only	alignment_gap_in_standard_seed	NA	no	NA	Rfam.seed.gz	15.1	41f014f4ab5628620935f089b1bb77987ebc162fda7c72bff368a32c9cccabac
RF00174__4GXY_A__6VMY_A__a1__reverse__rep3	RF00174__4GXY_A__6VMY_A	reverse	3	RF00174__4GXY_A	106	A	106	A:106	yes	no	224	NA	NA	NA	79	U	A:280	star3d_only	alignment_gap_in_standard_seed	NA	no	NA	Rfam.seed.gz	15.1	41f014f4ab5628620935f089b1bb77987ebc162fda7c72bff368a32c9cccabac
RF00174__4GXY_A__6VMY_A__a1__reverse__rep3	RF00174__4GXY_A__6VMY_A	reverse	3	RF00174__4GXY_A	107	C	107	A:107	yes	no	225	NA	NA	NA	81	A	A:282	star3d_only	alignment_gap_in_standard_seed	NA	no	NA	Rfam.seed.gz	15.1	41f014f4ab5628620935f089b1bb77987ebc162fda7c72bff368a32c9cccabac
RF00174__4GXY_A__6VMY_A__a1__reverse__rep3	RF00174__4GXY_A__6VMY_A	reverse	3	RF00174__4GXY_A	108	U	108	A:108	yes	no	226	NA	NA	NA	82	U	A:283	star3d_only	alignment_gap_in_standard_seed	NA	no	NA	Rfam.seed.gz	15.1	41f014f4ab5628620935f089b1bb77987ebc162fda7c72bff368a32c9cccabac
RF00174__4GXY_A__6VMY_A__a1__reverse__rep3	RF00174__4GXY_A__6VMY_A	reverse	3	RF00174__4GXY_A	109	G	109	A:109	yes	no	227	NA	NA	NA	83	U	A:284	star3d_only	alignment_gap_in_standard_seed	NA	no	NA	Rfam.seed.gz	15.1	41f014f4ab5628620935f089b1bb77987ebc162fda7c72bff368a32c9cccabac
RF00174__4GXY_A__6VMY_A__a1__reverse__rep3	RF00174__4GXY_A__6VMY_A	reverse	3	RF00174__4GXY_A	110	G	110	A:110	yes	no	228	NA	NA	NA	84	G	A:285	star3d_only	alignment_gap_in_standard_seed	NA	no	NA	Rfam.seed.gz	15.1	41f014f4ab5628620935f089b1bb77987ebc162fda7c72bff368a32c9cccabac
RF00174__4GXY_A__6VMY_A__a1__reverse__rep3	RF00174__4GXY_A__6VMY_A	reverse	3	RF00174__4GXY_A	111	C	111	A:111	yes	no	229	NA	NA	NA	85	G	A:286	star3d_only	alignment_gap_in_standard_seed	NA	no	NA	Rfam.seed.gz	15.1	41f014f4ab5628620935f089b1bb77987ebc162fda7c72bff368a32c9cccabac
RF00174__4GXY_A__6VMY_A__a1__reverse__rep3	RF00174__4GXY_A__6VMY_A	reverse	3	RF00174__4GXY_A	112	C	112	A:112	yes	no	230	NA	NA	NA	86	C	A:287	star3d_only	alignment_gap_in_standard_seed	NA	no	NA	Rfam.seed.gz	15.1	41f014f4ab5628620935f089b1bb77987ebc162fda7c72bff368a32c9cccabac
RF00174__4GXY_A__6VMY_A__a1__reverse__rep3	RF00174__4GXY_A__6VMY_A	reverse	3	RF00174__4GXY_A	113	C	113	A:113	yes	no	232	NA	NA	NA	NA	NA	NA	neither	alignment_gap_in_standard_seed	algorithm_omission	no	NA	Rfam.seed.gz	15.1	41f014f4ab5628620935f089b1bb77987ebc162fda7c72bff368a32c9cccabac
RF00174__4GXY_A__6VMY_A__a1__reverse__rep3	RF00174__4GXY_A__6VMY_A	reverse	3	RF00174__4GXY_A	114	G	114	A:114	no	no	233	NA	NA	NA	NA	NA	NA	neither	alignment_gap_in_standard_seed	missing_coordinates_source	no	NA	Rfam.seed.gz	15.1	41f014f4ab5628620935f089b1bb77987ebc162fda7c72bff368a32c9cccabac
RF00174__4GXY_A__6VMY_A__a1__reverse__rep3	RF00174__4GXY_A__6VMY_A	reverse	3	RF00174__4GXY_A	115	A	115	A:115	no	no	234	NA	NA	NA	NA	NA	NA	neither	alignment_gap_in_standard_seed	missing_coordinates_source	no	NA	Rfam.seed.gz	15.1	41f014f4ab5628620935f089b1bb77987ebc162fda7c72bff368a32c9cccabac
RF00174__4GXY_A__6VMY_A__a1__reverse__rep3	RF00174__4GXY_A__6VMY_A	reverse	3	RF00174__4GXY_A	116	A	116	A:116	no	no	235	NA	NA	NA	NA	NA	NA	neither	alignment_gap_in_standard_seed	missing_coordinates_source	no	NA	Rfam.seed.gz	15.1	41f014f4ab5628620935f089b1bb77987ebc162fda7c72bff368a32c9cccabac
RF00174__4GXY_A__6VMY_A__a1__reverse__rep3	RF00174__4GXY_A__6VMY_A	reverse	3	RF00174__4GXY_A	117	G	117	A:117	yes	no	295	NA	NA	NA	92	G	A:293	star3d_only	alignment_gap_in_standard_seed	NA	no	NA	Rfam.seed.gz	15.1	41f014f4ab5628620935f089b1bb77987ebc162fda7c72bff368a32c9cccabac
RF00174__4GXY_A__6VMY_A__a1__reverse__rep3	RF00174__4GXY_A__6VMY_A	reverse	3	RF00174__4GXY_A	118	G	118	A:118	yes	no	296	NA	NA	NA	93	C	A:294	star3d_only	alignment_gap_in_standard_seed	NA	no	NA	Rfam.seed.gz	15.1	41f014f4ab5628620935f089b1bb77987ebc162fda7c72bff368a32c9cccabac
RF00174__4GXY_A__6VMY_A__a1__reverse__rep3	RF00174__4GXY_A__6VMY_A	reverse	3	RF00174__4GXY_A	119	C	119	A:119	yes	no	297	NA	NA	NA	94	C	A:295	star3d_only	alignment_gap_in_standard_seed	NA	no	NA	Rfam.seed.gz	15.1	41f014f4ab5628620935f089b1bb77987ebc162fda7c72bff368a32c9cccabac
RF00174__4GXY_A__6VMY_A__a1__reverse__rep3	RF00174__4GXY_A__6VMY_A	reverse	3	RF00174__4GXY_A	120	C	120	A:120	yes	no	298	NA	NA	NA	95	A	A:296	star3d_only	alignment_gap_in_standard_seed	NA	no	NA	Rfam.seed.gz	15.1	41f014f4ab5628620935f089b1bb77987ebc162fda7c72bff368a32c9cccabac
RF00174__4GXY_A__6VMY_A__a1__reverse__rep3	RF00174__4GXY_A__6VMY_A	reverse	3	RF00174__4GXY_A	121	G	121	A:121	yes	no	299	NA	NA	NA	96	A	A:297	star3d_only	alignment_gap_in_standard_seed	NA	no	NA	Rfam.seed.gz	15.1	41f014f4ab5628620935f089b1bb77987ebc162fda7c72bff368a32c9cccabac
RF00174__4GXY_A__6VMY_A__a1__reverse__rep3	RF00174__4GXY_A__6VMY_A	reverse	3	RF00174__4GXY_A	122	G	122	A:122	yes	no	300	NA	NA	NA	97	G	A:298	star3d_only	alignment_gap_in_standard_seed	NA	no	NA	Rfam.seed.gz	15.1	41f014f4ab5628620935f089b1bb77987ebc162fda7c72bff368a32c9cccabac
RF00174__4GXY_A__6VMY_A__a1__reverse__rep3	RF00174__4GXY_A__6VMY_A	reverse	3	RF00174__4GXY_A	123	G	123	A:123	yes	no	301	NA	NA	NA	98	A	A:299	star3d_only	alignment_gap_in_standard_seed	NA	no	NA	Rfam.seed.gz	15.1	41f014f4ab5628620935f089b1bb77987ebc162fda7c72bff368a32c9cccabac
RF00174__4GXY_A__6VMY_A__a1__reverse__rep3	RF00174__4GXY_A__6VMY_A	reverse	3	RF00174__4GXY_A	124	A	124	A:124	yes	no	302	NA	NA	NA	99	G	A:300	star3d_only	alignment_gap_in_standard_seed	NA	no	NA	Rfam.seed.gz	15.1	41f014f4ab5628620935f089b1bb77987ebc162fda7c72bff368a32c9cccabac
RF00174__4GXY_A__6VMY_A__a1__reverse__rep3	RF00174__4GXY_A__6VMY_A	reverse	3	RF00174__4GXY_A	125	A	125	A:125	yes	no	303	NA	NA	NA	100	C	A:301	star3d_only	alignment_gap_in_standard_seed	NA	no	NA	Rfam.seed.gz	15.1	41f014f4ab5628620935f089b1bb77987ebc162fda7c72bff368a32c9cccabac
RF00174__4GXY_A__6VMY_A__a1__reverse__rep3	RF00174__4GXY_A__6VMY_A	reverse	3	RF00174__4GXY_A	126	G	126	A:126	yes	no	304	NA	NA	NA	101	C	A:302	star3d_only	alignment_gap_in_standard_seed	NA	no	NA	Rfam.seed.gz	15.1	41f014f4ab5628620935f089b1bb77987ebc162fda7c72bff368a32c9cccabac
RF00174__4GXY_A__6VMY_A__a1__reverse__rep3	RF00174__4GXY_A__6VMY_A	reverse	3	RF00174__4GXY_A	127	G	127	A:127	yes	no	305	NA	NA	NA	102	A	A:303	star3d_only	alignment_gap_in_standard_seed	NA	no	NA	Rfam.seed.gz	15.1	41f014f4ab5628620935f089b1bb77987ebc162fda7c72bff368a32c9cccabac
RF00174__4GXY_A__6VMY_A__a1__reverse__rep3	RF00174__4GXY_A__6VMY_A	reverse	3	RF00174__4GXY_A	128	C	128	A:128	yes	no	306	NA	NA	NA	103	G	A:304	star3d_only	alignment_gap_in_standard_seed	NA	no	NA	Rfam.seed.gz	15.1	41f014f4ab5628620935f089b1bb77987ebc162fda7c72bff368a32c9cccabac
RF00174__4GXY_A__6VMY_A__a1__reverse__rep3	RF00174__4GXY_A__6VMY_A	reverse	3	RF00174__4GXY_A	129	G	129	A:129	yes	no	309	NA	NA	NA	104	G	A:305	star3d_only	alignment_gap_in_standard_seed	NA	no	NA	Rfam.seed.gz	15.1	41f014f4ab5628620935f089b1bb77987ebc162fda7c72bff368a32c9cccabac
RF00174__4GXY_A__6VMY_A__a1__reverse__rep3	RF00174__4GXY_A__6VMY_A	reverse	3	RF00174__4GXY_A	130	G	130	A:130	yes	no	310	NA	NA	NA	NA	NA	NA	neither	alignment_gap_in_standard_seed	algorithm_omission	no	NA	Rfam.seed.gz	15.1	41f014f4ab5628620935f089b1bb77987ebc162fda7c72bff368a32c9cccabac
RF00174__4GXY_A__6VMY_A__a1__reverse__rep3	RF00174__4GXY_A__6VMY_A	reverse	3	RF00174__4GXY_A	131	A	131	A:131	yes	no	311	NA	NA	NA	NA	NA	NA	neither	alignment_gap_in_standard_seed	algorithm_omission	no	NA	Rfam.seed.gz	15.1	41f014f4ab5628620935f089b1bb77987ebc162fda7c72bff368a32c9cccabac
RF00174__4GXY_A__6VMY_A__a1__reverse__rep3	RF00174__4GXY_A__6VMY_A	reverse	3	RF00174__4GXY_A	132	G	132	A:132	yes	no	313	NA	NA	NA	NA	NA	NA	neither	alignment_gap_in_standard_seed	algorithm_omission	no	NA	Rfam.seed.gz	15.1	41f014f4ab5628620935f089b1bb77987ebc162fda7c72bff368a32c9cccabac
RF00174__4GXY_A__6VMY_A__a1__reverse__rep3	RF00174__4GXY_A__6VMY_A	reverse	3	RF00174__4GXY_A	133	G	133	A:133	yes	no	316	NA	NA	NA	NA	NA	NA	neither	alignment_gap_in_standard_seed	algorithm_omission	no	NA	Rfam.seed.gz	15.1	41f014f4ab5628620935f089b1bb77987ebc162fda7c72bff368a32c9cccabac
RF00174__4GXY_A__6VMY_A__a1__reverse__rep3	RF00174__4GXY_A__6VMY_A	reverse	3	RF00174__4GXY_A	134	G	134	A:134	yes	no	320	NA	NA	NA	NA	NA	NA	neither	alignment_gap_in_standard_seed	algorithm_omission	no	NA	Rfam.seed.gz	15.1	41f014f4ab5628620935f089b1bb77987ebc162fda7c72bff368a32c9cccabac
RF00174__4GXY_A__6VMY_A__a1__reverse__rep3	RF00174__4GXY_A__6VMY_A	reverse	3	RF00174__4GXY_A	135	G	135	A:135	yes	no	321	NA	NA	NA	NA	NA	NA	neither	alignment_gap_in_standard_seed	algorithm_omission	no	NA	Rfam.seed.gz	15.1	41f014f4ab5628620935f089b1bb77987ebc162fda7c72bff368a32c9cccabac
RF00174__4GXY_A__6VMY_A__a1__reverse__rep3	RF00174__4GXY_A__6VMY_A	reverse	3	RF00174__4GXY_A	136	C	136	A:136	yes	no	323	NA	NA	NA	NA	NA	NA	neither	alignment_gap_in_standard_seed	algorithm_omission	no	NA	Rfam.seed.gz	15.1	41f014f4ab5628620935f089b1bb77987ebc162fda7c72bff368a32c9cccabac
RF00174__4GXY_A__6VMY_A__a1__reverse__rep3	RF00174__4GXY_A__6VMY_A	reverse	3	RF00174__4GXY_A	137	G	137	A:137	yes	no	324	NA	NA	NA	NA	NA	NA	neither	alignment_gap_in_standard_seed	algorithm_omission	no	NA	Rfam.seed.gz	15.1	41f014f4ab5628620935f089b1bb77987ebc162fda7c72bff368a32c9cccabac
RF00174__4GXY_A__6VMY_A__a1__reverse__rep3	RF00174__4GXY_A__6VMY_A	reverse	3	RF00174__4GXY_A	138	G	138	A:138	yes	no	325	NA	NA	NA	NA	NA	NA	neither	alignment_gap_in_standard_seed	algorithm_omission	no	NA	Rfam.seed.gz	15.1	41f014f4ab5628620935f089b1bb77987ebc162fda7c72bff368a32c9cccabac
RF00174__4GXY_A__6VMY_A__a1__reverse__rep3	RF00174__4GXY_A__6VMY_A	reverse	3	RF00174__4GXY_A	139	C	139	A:139	yes	no	326	NA	NA	NA	NA	NA	NA	neither	alignment_gap_in_standard_seed	algorithm_omission	no	NA	Rfam.seed.gz	15.1	41f014f4ab5628620935f089b1bb77987ebc162fda7c72bff368a32c9cccabac
RF00174__4GXY_A__6VMY_A__a1__reverse__rep3	RF00174__4GXY_A__6VMY_A	reverse	3	RF00174__4GXY_A	140	G	140	A:140	yes	no	327	NA	NA	NA	NA	NA	NA	neither	alignment_gap_in_standard_seed	algorithm_omission	no	NA	Rfam.seed.gz	15.1	41f014f4ab5628620935f089b1bb77987ebc162fda7c72bff368a32c9cccabac
RF00174__4GXY_A__6VMY_A__a1__reverse__rep3	RF00174__4GXY_A__6VMY_A	reverse	3	RF00174__4GXY_A	141	A	141	A:141	yes	no	328	NA	NA	NA	NA	NA	NA	neither	alignment_gap_in_standard_seed	algorithm_omission	no	NA	Rfam.seed.gz	15.1	41f014f4ab5628620935f089b1bb77987ebc162fda7c72bff368a32c9cccabac
RF00174__4GXY_A__6VMY_A__a1__reverse__rep3	RF00174__4GXY_A__6VMY_A	reverse	3	RF00174__4GXY_A	142	G	142	A:142	yes	no	329	NA	NA	NA	NA	NA	NA	neither	alignment_gap_in_standard_seed	algorithm_omission	no	NA	Rfam.seed.gz	15.1	41f014f4ab5628620935f089b1bb77987ebc162fda7c72bff368a32c9cccabac
RF00174__4GXY_A__6VMY_A__a1__reverse__rep3	RF00174__4GXY_A__6VMY_A	reverse	3	RF00174__4GXY_A	143	G	143	A:143	yes	no	330	NA	NA	NA	NA	NA	NA	neither	alignment_gap_in_standard_seed	algorithm_omission	no	NA	Rfam.seed.gz	15.1	41f014f4ab5628620935f089b1bb77987ebc162fda7c72bff368a32c9cccabac
RF00174__4GXY_A__6VMY_A__a1__reverse__rep3	RF00174__4GXY_A__6VMY_A	reverse	3	RF00174__4GXY_A	144	A	144	A:144	yes	no	331	NA	NA	NA	NA	NA	NA	neither	alignment_gap_in_standard_seed	algorithm_omission	no	NA	Rfam.seed.gz	15.1	41f014f4ab5628620935f089b1bb77987ebc162fda7c72bff368a32c9cccabac
RF00174__4GXY_A__6VMY_A__a1__reverse__rep3	RF00174__4GXY_A__6VMY_A	reverse	3	RF00174__4GXY_A	145	U	145	A:145	yes	no	398	92	G	A:293	NA	NA	NA	rfam_only	NA	algorithm_omission	yes	NA	Rfam.seed.gz	15.1	41f014f4ab5628620935f089b1bb77987ebc162fda7c72bff368a32c9cccabac
RF00174__4GXY_A__6VMY_A__a1__reverse__rep3	RF00174__4GXY_A__6VMY_A	reverse	3	RF00174__4GXY_A	146	C	146	A:146	yes	no	399	93	C	A:294	NA	NA	NA	rfam_only	NA	algorithm_omission	yes	NA	Rfam.seed.gz	15.1	41f014f4ab5628620935f089b1bb77987ebc162fda7c72bff368a32c9cccabac
RF00174__4GXY_A__6VMY_A__a1__reverse__rep3	RF00174__4GXY_A__6VMY_A	reverse	3	RF00174__4GXY_A	147	C	147	A:147	yes	no	400	94	C	A:295	NA	NA	NA	rfam_only	NA	algorithm_omission	yes	NA	Rfam.seed.gz	15.1	41f014f4ab5628620935f089b1bb77987ebc162fda7c72bff368a32c9cccabac
RF00174__4GXY_A__6VMY_A__a1__reverse__rep3	RF00174__4GXY_A__6VMY_A	reverse	3	RF00174__4GXY_A	148	G	148	A:148	yes	no	401	95	A	A:296	NA	NA	NA	rfam_only	NA	algorithm_omission	yes	NA	Rfam.seed.gz	15.1	41f014f4ab5628620935f089b1bb77987ebc162fda7c72bff368a32c9cccabac
RF00174__4GXY_A__6VMY_A__a1__reverse__rep3	RF00174__4GXY_A__6VMY_A	reverse	3	RF00174__4GXY_A	149	G	149	A:149	yes	no	403	97	G	A:298	NA	NA	NA	rfam_only	NA	algorithm_omission	yes	NA	Rfam.seed.gz	15.1	41f014f4ab5628620935f089b1bb77987ebc162fda7c72bff368a32c9cccabac
RF00174__4GXY_A__6VMY_A__a1__reverse__rep3	RF00174__4GXY_A__6VMY_A	reverse	3	RF00174__4GXY_A	150	A	150	A:150	yes	no	404	98	A	A:299	NA	NA	NA	rfam_only	NA	algorithm_omission	yes	NA	Rfam.seed.gz	15.1	41f014f4ab5628620935f089b1bb77987ebc162fda7c72bff368a32c9cccabac
RF00174__4GXY_A__6VMY_A__a1__reverse__rep3	RF00174__4GXY_A__6VMY_A	reverse	3	RF00174__4GXY_A	151	G	151	A:151	yes	no	405	99	G	A:300	NA	NA	NA	rfam_only	NA	algorithm_omission	yes	NA	Rfam.seed.gz	15.1	41f014f4ab5628620935f089b1bb77987ebc162fda7c72bff368a32c9cccabac
RF00174__4GXY_A__6VMY_A__a1__reverse__rep3	RF00174__4GXY_A__6VMY_A	reverse	3	RF00174__4GXY_A	152	U	152	A:152	yes	no	406	100	C	A:301	NA	NA	NA	rfam_only	NA	algorithm_omission	yes	NA	Rfam.seed.gz	15.1	41f014f4ab5628620935f089b1bb77987ebc162fda7c72bff368a32c9cccabac
RF00174__4GXY_A__6VMY_A__a1__reverse__rep3	RF00174__4GXY_A__6VMY_A	reverse	3	RF00174__4GXY_A	153	C	153	A:153	yes	no	407	101	C	A:302	NA	NA	NA	rfam_only	NA	algorithm_omission	yes	NA	Rfam.seed.gz	15.1	41f014f4ab5628620935f089b1bb77987ebc162fda7c72bff368a32c9cccabac
RF00174__4GXY_A__6VMY_A__a1__reverse__rep3	RF00174__4GXY_A__6VMY_A	reverse	3	RF00174__4GXY_A	154	A	154	A:154	yes	no	408	102	A	A:303	NA	NA	NA	rfam_only	NA	algorithm_omission	yes	NA	Rfam.seed.gz	15.1	41f014f4ab5628620935f089b1bb77987ebc162fda7c72bff368a32c9cccabac
RF00174__4GXY_A__6VMY_A__a1__reverse__rep3	RF00174__4GXY_A__6VMY_A	reverse	3	RF00174__4GXY_A	155	G	155	A:155	yes	no	409	103	G	A:304	NA	NA	NA	rfam_only	NA	algorithm_omission	yes	NA	Rfam.seed.gz	15.1	41f014f4ab5628620935f089b1bb77987ebc162fda7c72bff368a32c9cccabac
RF00174__4GXY_A__6VMY_A__a1__reverse__rep3	RF00174__4GXY_A__6VMY_A	reverse	3	RF00174__4GXY_A	156	G	156	A:156	yes	no	410	104	G	A:305	NA	NA	NA	rfam_only	NA	algorithm_omission	yes	NA	Rfam.seed.gz	15.1	41f014f4ab5628620935f089b1bb77987ebc162fda7c72bff368a32c9cccabac
RF00174__4GXY_A__6VMY_A__a1__reverse__rep3	RF00174__4GXY_A__6VMY_A	reverse	3	RF00174__4GXY_A	157	A	157	A:157	yes	no	411	105	A	A:306	NA	NA	NA	rfam_only	NA	algorithm_omission	yes	NA	Rfam.seed.gz	15.1	41f014f4ab5628620935f089b1bb77987ebc162fda7c72bff368a32c9cccabac
RF00174__4GXY_A__6VMY_A__a1__reverse__rep3	RF00174__4GXY_A__6VMY_A	reverse	3	RF00174__4GXY_A	158	A	158	A:158	yes	no	412	106	U	A:307	NA	NA	NA	rfam_only	NA	algorithm_omission	yes	NA	Rfam.seed.gz	15.1	41f014f4ab5628620935f089b1bb77987ebc162fda7c72bff368a32c9cccabac
RF00174__4GXY_A__6VMY_A__a1__reverse__rep3	RF00174__4GXY_A__6VMY_A	reverse	3	RF00174__4GXY_A	159	A	159	A:159	yes	no	413	107	A	A:308	NA	NA	NA	rfam_only	NA	algorithm_omission	yes	NA	Rfam.seed.gz	15.1	41f014f4ab5628620935f089b1bb77987ebc162fda7c72bff368a32c9cccabac
RF00174__4GXY_A__6VMY_A__a1__reverse__rep3	RF00174__4GXY_A__6VMY_A	reverse	3	RF00174__4GXY_A	160	C	160	A:160	yes	no	414	108	C	A:309	NA	NA	NA	rfam_only	NA	algorithm_omission	yes	NA	Rfam.seed.gz	15.1	41f014f4ab5628620935f089b1bb77987ebc162fda7c72bff368a32c9cccabac
RF00174__4GXY_A__6VMY_A__a1__reverse__rep3	RF00174__4GXY_A__6VMY_A	reverse	3	RF00174__4GXY_A	161	C	161	A:161	yes	no	415	109	C	A:310	NA	NA	NA	rfam_only	NA	algorithm_omission	yes	NA	Rfam.seed.gz	15.1	41f014f4ab5628620935f089b1bb77987ebc162fda7c72bff368a32c9cccabac
RF00174__4GXY_A__6VMY_A__a1__reverse__rep3	RF00174__4GXY_A__6VMY_A	reverse	3	RF00174__4GXY_A	162	U	162	A:162	yes	no	416	110	U	A:311	NA	NA	NA	rfam_only	NA	algorithm_omission	yes	NA	Rfam.seed.gz	15.1	41f014f4ab5628620935f089b1bb77987ebc162fda7c72bff368a32c9cccabac
RF00174__4GXY_A__6VMY_A__a1__reverse__rep3	RF00174__4GXY_A__6VMY_A	reverse	3	RF00174__4GXY_A	163	G	163	A:163	yes	no	417	111	G	A:312	NA	NA	NA	rfam_only	NA	algorithm_omission	yes	NA	Rfam.seed.gz	15.1	41f014f4ab5628620935f089b1bb77987ebc162fda7c72bff368a32c9cccabac
RF00174__4GXY_A__6VMY_A__a1__reverse__rep3	RF00174__4GXY_A__6VMY_A	reverse	3	RF00174__4GXY_A	164	C	164	A:164	yes	no	418	112	C	A:313	NA	NA	NA	rfam_only	NA	algorithm_omission	yes	NA	Rfam.seed.gz	15.1	41f014f4ab5628620935f089b1bb77987ebc162fda7c72bff368a32c9cccabac
RF00174__4GXY_A__6VMY_A__a1__reverse__rep3	RF00174__4GXY_A__6VMY_A	reverse	3	RF00174__4GXY_A	165	C	165	A:165	yes	no	419	113	C	A:314	NA	NA	NA	rfam_only	NA	algorithm_omission	yes	NA	Rfam.seed.gz	15.1	41f014f4ab5628620935f089b1bb77987ebc162fda7c72bff368a32c9cccabac
RF00174__4GXY_A__6VMY_A__a1__reverse__rep3	RF00174__4GXY_A__6VMY_A	reverse	3	RF00174__4GXY_A	166	U	166	A:166	yes	no	420	114	U	A:315	NA	NA	NA	rfam_only	NA	algorithm_omission	yes	NA	Rfam.seed.gz	15.1	41f014f4ab5628620935f089b1bb77987ebc162fda7c72bff368a32c9cccabac
RF00174__4GXY_A__6VMY_A__a1__reverse__rep3	RF00174__4GXY_A__6VMY_A	reverse	3	RF00174__4GXY_A	167	G	167	A:167	yes	no	422	116	U	A:317	NA	NA	NA	rfam_only	NA	algorithm_omission	yes	NA	Rfam.seed.gz	15.1	41f014f4ab5628620935f089b1bb77987ebc162fda7c72bff368a32c9cccabac
RF00174__4GXY_A__6VMY_A__a1__reverse__rep3	RF00174__4GXY_A__6VMY_A	reverse	3	RF00174__4GXY_A	168	C	168	A:168	yes	no	423	117	U	A:318	NA	NA	NA	rfam_only	NA	algorithm_omission	yes	NA	Rfam.seed.gz	15.1	41f014f4ab5628620935f089b1bb77987ebc162fda7c72bff368a32c9cccabac
RF00174__4GXY_A__6VMY_A__a1__reverse__rep3	RF00174__4GXY_A__6VMY_A	reverse	3	RF00174__4GXY_A	169	C	169	A:169	yes	no	424	118	U	A:319	NA	NA	NA	rfam_only	NA	algorithm_omission	yes	NA	Rfam.seed.gz	15.1	41f014f4ab5628620935f089b1bb77987ebc162fda7c72bff368a32c9cccabac
RF00174__4GXY_A__6VMY_A__a1__reverse__rep3	RF00174__4GXY_A__6VMY_A	reverse	3	RF00174__4GXY_A	170	G	170	A:170	yes	no	426	120	A	A:321	NA	NA	NA	rfam_only	NA	algorithm_omission	yes	NA	Rfam.seed.gz	15.1	41f014f4ab5628620935f089b1bb77987ebc162fda7c72bff368a32c9cccabac
RF00174__4GXY_A__6VMY_A__a1__reverse__rep3	RF00174__4GXY_A__6VMY_A	reverse	3	RF00174__4GXY_A	171	U	171	A:171	yes	yes	427	121	U	A:322	NA	NA	NA	rfam_only	NA	algorithm_omission	no	NA	Rfam.seed.gz	15.1	41f014f4ab5628620935f089b1bb77987ebc162fda7c72bff368a32c9cccabac
RF00174__4GXY_A__6VMY_A__a1__reverse__rep3	RF00174__4GXY_A__6VMY_A	reverse	3	RF00174__4GXY_A	172	C	172	A:172	yes	yes	428	122	C	A:323	NA	NA	NA	rfam_only	NA	algorithm_omission	no	NA	Rfam.seed.gz	15.1	41f014f4ab5628620935f089b1bb77987ebc162fda7c72bff368a32c9cccabac
RF00522__3FU2_A__7REX_A__a1__forward__rep1	RF00522__3FU2_A__7REX_A	forward	1	RF00522__3FU2_A	1	A	1	A:1	yes	no	6	1	U	A:1	1	U	A:1	same_partner	NA	NA	yes	0	Rfam.seed.gz	15.1	41f014f4ab5628620935f089b1bb77987ebc162fda7c72bff368a32c9cccabac
RF00522__3FU2_A__7REX_A__a1__forward__rep1	RF00522__3FU2_A__7REX_A	forward	1	RF00522__3FU2_A	2	G	2	A:2	yes	no	7	2	G	A:2	2	G	A:2	same_partner	NA	NA	yes	0	Rfam.seed.gz	15.1	41f014f4ab5628620935f089b1bb77987ebc162fda7c72bff368a32c9cccabac
RF00522__3FU2_A__7REX_A__a1__forward__rep1	RF00522__3FU2_A__7REX_A	forward	1	RF00522__3FU2_A	3	A	3	A:3	yes	no	8	3	U	A:3	3	U	A:3	same_partner	NA	NA	yes	0	Rfam.seed.gz	15.1	41f014f4ab5628620935f089b1bb77987ebc162fda7c72bff368a32c9cccabac
RF00522__3FU2_A__7REX_A__a1__forward__rep1	RF00522__3FU2_A__7REX_A	forward	1	RF00522__3FU2_A	4	G	4	A:4	yes	no	9	4	G	A:4	4	G	A:4	same_partner	NA	NA	yes	0	Rfam.seed.gz	15.1	41f014f4ab5628620935f089b1bb77987ebc162fda7c72bff368a32c9cccabac
RF00522__3FU2_A__7REX_A__a1__forward__rep1	RF00522__3FU2_A__7REX_A	forward	1	RF00522__3FU2_A	5	G	5	A:5	yes	no	10	5	G	A:5	5	G	A:5	same_partner	NA	NA	yes	0	Rfam.seed.gz	15.1	41f014f4ab5628620935f089b1bb77987ebc162fda7c72bff368a32c9cccabac
RF00522__3FU2_A__7REX_A__a1__forward__rep1	RF00522__3FU2_A__7REX_A	forward	1	RF00522__3FU2_A	6	U	6	A:6	yes	no	11	6	U	A:6	6	U	A:6	same_partner	NA	NA	yes	0	Rfam.seed.gz	15.1	41f014f4ab5628620935f089b1bb77987ebc162fda7c72bff368a32c9cccabac
RF00522__3FU2_A__7REX_A__a1__forward__rep1	RF00522__3FU2_A__7REX_A	forward	1	RF00522__3FU2_A	7	U	7	A:7	yes	no	12	7	U	A:7	7	U	A:7	same_partner	NA	NA	yes	0	Rfam.seed.gz	15.1	41f014f4ab5628620935f089b1bb77987ebc162fda7c72bff368a32c9cccabac
RF00522__3FU2_A__7REX_A__a1__forward__rep1	RF00522__3FU2_A__7REX_A	forward	1	RF00522__3FU2_A	8	C	8	A:8	yes	no	13	8	C	A:8	8	C	A:8	same_partner	NA	NA	yes	0	Rfam.seed.gz	15.1	41f014f4ab5628620935f089b1bb77987ebc162fda7c72bff368a32c9cccabac
RF00522__3FU2_A__7REX_A__a1__forward__rep1	RF00522__3FU2_A__7REX_A	forward	1	RF00522__3FU2_A	9	U	9	A:9	yes	no	15	10	C	A:10	11	A	A:11	different_partner	NA	NA	yes	1	Rfam.seed.gz	15.1	41f014f4ab5628620935f089b1bb77987ebc162fda7c72bff368a32c9cccabac
RF00522__3FU2_A__7REX_A__a1__forward__rep1	RF00522__3FU2_A__7REX_A	forward	1	RF00522__3FU2_A	10	A	10	A:10	yes	no	16	11	A	A:11	12	A	A:12	different_partner	NA	NA	yes	1	Rfam.seed.gz	15.1	41f014f4ab5628620935f089b1bb77987ebc162fda7c72bff368a32c9cccabac
RF00522__3FU2_A__7REX_A__a1__forward__rep1	RF00522__3FU2_A__7REX_A	forward	1	RF00522__3FU2_A	11	G	11	A:11	yes	no	17	12	A	A:12	13	C	A:13	different_partner	NA	NA	yes	1	Rfam.seed.gz	15.1	41f014f4ab5628620935f089b1bb77987ebc162fda7c72bff368a32c9cccabac
RF00522__3FU2_A__7REX_A__a1__forward__rep1	RF00522__3FU2_A__7REX_A	forward	1	RF00522__3FU2_A	12	C	12	A:12	yes	no	20	13	C	A:13	14	C	A:14	different_partner	NA	NA	yes	1	Rfam.seed.gz	15.1	41f014f4ab5628620935f089b1bb77987ebc162fda7c72bff368a32c9cccabac
RF00522__3FU2_A__7REX_A__a1__forward__rep1	RF00522__3FU2_A__7REX_A	forward	1	RF00522__3FU2_A	13	U	13	A:13	no	no	21	14	C	A:14	NA	NA	NA	rfam_only	NA	missing_coordinates_source	no	NA	Rfam.seed.gz	15.1	41f014f4ab5628620935f089b1bb77987ebc162fda7c72bff368a32c9cccabac
RF00522__3FU2_A__7REX_A__a1__forward__rep1	RF00522__3FU2_A__7REX_A	forward	1	RF00522__3FU2_A	14	A	14	A:14	no	no	22	NA	NA	NA	NA	NA	NA	neither	alignment_gap_in_standard_seed	missing_coordinates_source	no	NA	Rfam.seed.gz	15.1	41f014f4ab5628620935f089b1bb77987ebc162fda7c72bff368a32c9cccabac
RF00522__3FU2_A__7REX_A__a1__forward__rep1	RF00522__3FU2_A__7REX_A	forward	1	RF00522__3FU2_A	15	C	15	A:15	yes	no	24	NA	NA	NA	15	A	A:15	star3d_only	alignment_gap_in_standard_seed	NA	no	NA	Rfam.seed.gz	15.1	41f014f4ab5628620935f089b1bb77987ebc162fda7c72bff368a32c9cccabac
RF00522__3FU2_A__7REX_A__a1__forward__rep1	RF00522__3FU2_A__7REX_A	forward	1	RF00522__3FU2_A	16	A	16	A:16	yes	no	25	15	A	A:15	16	U	A:16	different_partner	NA	NA	yes	1	Rfam.seed.gz	15.1	41f014f4ab5628620935f089b1bb77987ebc162fda7c72bff368a32c9cccabac
RF00522__3FU2_A__7REX_A__a1__forward__rep1	RF00522__3FU2_A__7REX_A	forward	1	RF00522__3FU2_A	17	C	17	A:17	yes	no	26	16	U	A:16	17	C	A:17	different_partner	NA	NA	yes	1	Rfam.seed.gz	15.1	41f014f4ab5628620935f089b1bb77987ebc162fda7c72bff368a32c9cccabac
RF00522__3FU2_A__7REX_A__a1__forward__rep1	RF00522__3FU2_A__7REX_A	forward	1	RF00522__3FU2_A	18	C	18	A:18	yes	no	27	17	C	A:17	18	C	A:18	different_partner	NA	NA	yes	1	Rfam.seed.gz	15.1	41f014f4ab5628620935f089b1bb77987ebc162fda7c72bff368a32c9cccabac
RF00522__3FU2_A__7REX_A__a1__forward__rep1	RF00522__3FU2_A__7REX_A	forward	1	RF00522__3FU2_A	19	C	19	A:19	yes	no	28	18	C	A:18	19	C	A:19	different_partner	NA	NA	yes	1	Rfam.seed.gz	15.1	41f014f4ab5628620935f089b1bb77987ebc162fda7c72bff368a32c9cccabac
RF00522__3FU2_A__7REX_A__a1__forward__rep1	RF00522__3FU2_A__7REX_A	forward	1	RF00522__3FU2_A	20	U	20	A:20	yes	no	29	19	C	A:19	20	A	A:20	different_partner	NA	NA	yes	1	Rfam.seed.gz	15.1	41f014f4ab5628620935f089b1bb77987ebc162fda7c72bff368a32c9cccabac
RF00522__3FU2_A__7REX_A__a1__forward__rep1	RF00522__3FU2_A__7REX_A	forward	1	RF00522__3FU2_A	21	C	21	A:21	yes	no	30	20	A	A:20	21	C	A:21	different_partner	NA	NA	yes	1	Rfam.seed.gz	15.1	41f014f4ab5628620935f089b1bb77987ebc162fda7c72bff368a32c9cccabac
RF00522__3FU2_A__7REX_A__a1__forward__rep1	RF00522__3FU2_A__7REX_A	forward	1	RF00522__3FU2_A	22	U	22	A:22	yes	no	31	21	C	A:21	22	A	A:22	different_partner	NA	NA	yes	1	Rfam.seed.gz	15.1	41f014f4ab5628620935f089b1bb77987ebc162fda7c72bff368a32c9cccabac
RF00522__3FU2_A__7REX_A__a1__forward__rep1	RF00522__3FU2_A__7REX_A	forward	1	RF00522__3FU2_A	23	A	23	A:23	yes	no	53	23	U	A:23	23	U	A:23	same_partner	NA	NA	yes	0	Rfam.seed.gz	15.1	41f014f4ab5628620935f089b1bb77987ebc162fda7c72bff368a32c9cccabac
RF00522__3FU2_A__7REX_A__a1__forward__rep1	RF00522__3FU2_A__7REX_A	forward	1	RF00522__3FU2_A	24	U	24	A:24	yes	no	54	24	A	A:24	24	A	A:24	same_partner	NA	NA	yes	0	Rfam.seed.gz	15.1	41f014f4ab5628620935f089b1bb77987ebc162fda7c72bff368a32c9cccabac
RF00522__3FU2_A__7REX_A__a1__forward__rep1	RF00522__3FU2_A__7REX_A	forward	1	RF00522__3FU2_A	25	A	25	A:25	yes	no	55	25	A	A:25	25	A	A:25	same_partner	NA	NA	yes	0	Rfam.seed.gz	15.1	41f014f4ab5628620935f089b1bb77987ebc162fda7c72bff368a32c9cccabac
RF00522__3FU2_A__7REX_A__a1__forward__rep1	RF00522__3FU2_A__7REX_A	forward	1	RF00522__3FU2_A	26	A	26	A:26	yes	no	56	26	A	A:26	26	A	A:26	same_partner	NA	NA	yes	0	Rfam.seed.gz	15.1	41f014f4ab5628620935f089b1bb77987ebc162fda7c72bff368a32c9cccabac
RF00522__3FU2_A__7REX_A__a1__forward__rep1	RF00522__3FU2_A__7REX_A	forward	1	RF00522__3FU2_A	27	A	27	A:27	yes	no	57	27	A	A:27	27	A	A:27	same_partner	NA	NA	yes	0	Rfam.seed.gz	15.1	41f014f4ab5628620935f089b1bb77987ebc162fda7c72bff368a32c9cccabac
RF00522__3FU2_A__7REX_A__a1__forward__rep1	RF00522__3FU2_A__7REX_A	forward	1	RF00522__3FU2_A	28	A	28	A:28	yes	no	58	28	A	A:28	28	A	A:28	same_partner	NA	NA	yes	0	Rfam.seed.gz	15.1	41f014f4ab5628620935f089b1bb77987ebc162fda7c72bff368a32c9cccabac
RF00522__3FU2_A__7REX_A__a1__forward__rep1	RF00522__3FU2_A__7REX_A	forward	1	RF00522__3FU2_A	29	A	29	A:29	yes	no	59	29	A	A:29	29	A	A:29	same_partner	NA	NA	yes	0	Rfam.seed.gz	15.1	41f014f4ab5628620935f089b1bb77987ebc162fda7c72bff368a32c9cccabac
RF00522__3FU2_A__7REX_A__a1__forward__rep1	RF00522__3FU2_A__7REX_A	forward	1	RF00522__3FU2_A	30	A	30	A:30	yes	no	60	30	A	A:30	30	A	A:30	same_partner	NA	NA	yes	0	Rfam.seed.gz	15.1	41f014f4ab5628620935f089b1bb77987ebc162fda7c72bff368a32c9cccabac
RF00522__3FU2_A__7REX_A__a1__forward__rep1	RF00522__3FU2_A__7REX_A	forward	1	RF00522__3FU2_A	31	C	31	A:31	yes	no	61	31	C	A:31	31	C	A:31	same_partner	NA	NA	yes	0	Rfam.seed.gz	15.1	41f014f4ab5628620935f089b1bb77987ebc162fda7c72bff368a32c9cccabac
RF00522__3FU2_A__7REX_A__a1__forward__rep1	RF00522__3FU2_A__7REX_A	forward	1	RF00522__3FU2_A	32	U	32	A:32	yes	no	62	NA	NA	NA	32	U	A:32	star3d_only	alignment_gap_in_standard_seed	NA	no	NA	Rfam.seed.gz	15.1	41f014f4ab5628620935f089b1bb77987ebc162fda7c72bff368a32c9cccabac
RF00522__3FU2_A__7REX_A__a1__forward__rep1	RF00522__3FU2_A__7REX_A	forward	1	RF00522__3FU2_A	33	A	33	A:33	yes	no	63	32	U	A:32	33	A	A:33	different_partner	NA	NA	yes	1	Rfam.seed.gz	15.1	41f014f4ab5628620935f089b1bb77987ebc162fda7c72bff368a32c9cccabac
RF00522__3FU2_A__7REX_A__a1__forward__rep1	RF00522__3FU2_A__7REX_A	forward	1	RF00522__3FU2_A	34	A	34	A:34	yes	no	64	33	A	A:33	34	G	A:34	different_partner	NA	NA	yes	1	Rfam.seed.gz	15.1	41f014f4ab5628620935f089b1bb77987ebc162fda7c72bff368a32c9cccabac
RF00522__3FU2_A__7REX_A__a1__forward__rep2	RF00522__3FU2_A__7REX_A	forward	2	RF00522__3FU2_A	1	A	1	A:1	yes	no	6	1	U	A:1	1	U	A:1	same_partner	NA	NA	yes	0	Rfam.seed.gz	15.1	41f014f4ab5628620935f089b1bb77987ebc162fda7c72bff368a32c9cccabac
RF00522__3FU2_A__7REX_A__a1__forward__rep2	RF00522__3FU2_A__7REX_A	forward	2	RF00522__3FU2_A	2	G	2	A:2	yes	no	7	2	G	A:2	2	G	A:2	same_partner	NA	NA	yes	0	Rfam.seed.gz	15.1	41f014f4ab5628620935f089b1bb77987ebc162fda7c72bff368a32c9cccabac
RF00522__3FU2_A__7REX_A__a1__forward__rep2	RF00522__3FU2_A__7REX_A	forward	2	RF00522__3FU2_A	3	A	3	A:3	yes	no	8	3	U	A:3	3	U	A:3	same_partner	NA	NA	yes	0	Rfam.seed.gz	15.1	41f014f4ab5628620935f089b1bb77987ebc162fda7c72bff368a32c9cccabac
RF00522__3FU2_A__7REX_A__a1__forward__rep2	RF00522__3FU2_A__7REX_A	forward	2	RF00522__3FU2_A	4	G	4	A:4	yes	no	9	4	G	A:4	4	G	A:4	same_partner	NA	NA	yes	0	Rfam.seed.gz	15.1	41f014f4ab5628620935f089b1bb77987ebc162fda7c72bff368a32c9cccabac
RF00522__3FU2_A__7REX_A__a1__forward__rep2	RF00522__3FU2_A__7REX_A	forward	2	RF00522__3FU2_A	5	G	5	A:5	yes	no	10	5	G	A:5	5	G	A:5	same_partner	NA	NA	yes	0	Rfam.seed.gz	15.1	41f014f4ab5628620935f089b1bb77987ebc162fda7c72bff368a32c9cccabac
RF00522__3FU2_A__7REX_A__a1__forward__rep2	RF00522__3FU2_A__7REX_A	forward	2	RF00522__3FU2_A	6	U	6	A:6	yes	no	11	6	U	A:6	6	U	A:6	same_partner	NA	NA	yes	0	Rfam.seed.gz	15.1	41f014f4ab5628620935f089b1bb77987ebc162fda7c72bff368a32c9cccabac
RF00522__3FU2_A__7REX_A__a1__forward__rep2	RF00522__3FU2_A__7REX_A	forward	2	RF00522__3FU2_A	7	U	7	A:7	yes	no	12	7	U	A:7	7	U	A:7	same_partner	NA	NA	yes	0	Rfam.seed.gz	15.1	41f014f4ab5628620935f089b1bb77987ebc162fda7c72bff368a32c9cccabac
RF00522__3FU2_A__7REX_A__a1__forward__rep2	RF00522__3FU2_A__7REX_A	forward	2	RF00522__3FU2_A	8	C	8	A:8	yes	no	13	8	C	A:8	8	C	A:8	same_partner	NA	NA	yes	0	Rfam.seed.gz	15.1	41f014f4ab5628620935f089b1bb77987ebc162fda7c72bff368a32c9cccabac
RF00522__3FU2_A__7REX_A__a1__forward__rep2	RF00522__3FU2_A__7REX_A	forward	2	RF00522__3FU2_A	9	U	9	A:9	yes	no	15	10	C	A:10	11	A	A:11	different_partner	NA	NA	yes	1	Rfam.seed.gz	15.1	41f014f4ab5628620935f089b1bb77987ebc162fda7c72bff368a32c9cccabac
RF00522__3FU2_A__7REX_A__a1__forward__rep2	RF00522__3FU2_A__7REX_A	forward	2	RF00522__3FU2_A	10	A	10	A:10	yes	no	16	11	A	A:11	12	A	A:12	different_partner	NA	NA	yes	1	Rfam.seed.gz	15.1	41f014f4ab5628620935f089b1bb77987ebc162fda7c72bff368a32c9cccabac
RF00522__3FU2_A__7REX_A__a1__forward__rep2	RF00522__3FU2_A__7REX_A	forward	2	RF00522__3FU2_A	11	G	11	A:11	yes	no	17	12	A	A:12	13	C	A:13	different_partner	NA	NA	yes	1	Rfam.seed.gz	15.1	41f014f4ab5628620935f089b1bb77987ebc162fda7c72bff368a32c9cccabac
RF00522__3FU2_A__7REX_A__a1__forward__rep2	RF00522__3FU2_A__7REX_A	forward	2	RF00522__3FU2_A	12	C	12	A:12	yes	no	20	13	C	A:13	14	C	A:14	different_partner	NA	NA	yes	1	Rfam.seed.gz	15.1	41f014f4ab5628620935f089b1bb77987ebc162fda7c72bff368a32c9cccabac
RF00522__3FU2_A__7REX_A__a1__forward__rep2	RF00522__3FU2_A__7REX_A	forward	2	RF00522__3FU2_A	13	U	13	A:13	no	no	21	14	C	A:14	NA	NA	NA	rfam_only	NA	missing_coordinates_source	no	NA	Rfam.seed.gz	15.1	41f014f4ab5628620935f089b1bb77987ebc162fda7c72bff368a32c9cccabac
RF00522__3FU2_A__7REX_A__a1__forward__rep2	RF00522__3FU2_A__7REX_A	forward	2	RF00522__3FU2_A	14	A	14	A:14	no	no	22	NA	NA	NA	NA	NA	NA	neither	alignment_gap_in_standard_seed	missing_coordinates_source	no	NA	Rfam.seed.gz	15.1	41f014f4ab5628620935f089b1bb77987ebc162fda7c72bff368a32c9cccabac
RF00522__3FU2_A__7REX_A__a1__forward__rep2	RF00522__3FU2_A__7REX_A	forward	2	RF00522__3FU2_A	15	C	15	A:15	yes	no	24	NA	NA	NA	15	A	A:15	star3d_only	alignment_gap_in_standard_seed	NA	no	NA	Rfam.seed.gz	15.1	41f014f4ab5628620935f089b1bb77987ebc162fda7c72bff368a32c9cccabac
RF00522__3FU2_A__7REX_A__a1__forward__rep2	RF00522__3FU2_A__7REX_A	forward	2	RF00522__3FU2_A	16	A	16	A:16	yes	no	25	15	A	A:15	16	U	A:16	different_partner	NA	NA	yes	1	Rfam.seed.gz	15.1	41f014f4ab5628620935f089b1bb77987ebc162fda7c72bff368a32c9cccabac
RF00522__3FU2_A__7REX_A__a1__forward__rep2	RF00522__3FU2_A__7REX_A	forward	2	RF00522__3FU2_A	17	C	17	A:17	yes	no	26	16	U	A:16	17	C	A:17	different_partner	NA	NA	yes	1	Rfam.seed.gz	15.1	41f014f4ab5628620935f089b1bb77987ebc162fda7c72bff368a32c9cccabac
RF00522__3FU2_A__7REX_A__a1__forward__rep2	RF00522__3FU2_A__7REX_A	forward	2	RF00522__3FU2_A	18	C	18	A:18	yes	no	27	17	C	A:17	18	C	A:18	different_partner	NA	NA	yes	1	Rfam.seed.gz	15.1	41f014f4ab5628620935f089b1bb77987ebc162fda7c72bff368a32c9cccabac
RF00522__3FU2_A__7REX_A__a1__forward__rep2	RF00522__3FU2_A__7REX_A	forward	2	RF00522__3FU2_A	19	C	19	A:19	yes	no	28	18	C	A:18	19	C	A:19	different_partner	NA	NA	yes	1	Rfam.seed.gz	15.1	41f014f4ab5628620935f089b1bb77987ebc162fda7c72bff368a32c9cccabac
RF00522__3FU2_A__7REX_A__a1__forward__rep2	RF00522__3FU2_A__7REX_A	forward	2	RF00522__3FU2_A	20	U	20	A:20	yes	no	29	19	C	A:19	20	A	A:20	different_partner	NA	NA	yes	1	Rfam.seed.gz	15.1	41f014f4ab5628620935f089b1bb77987ebc162fda7c72bff368a32c9cccabac
RF00522__3FU2_A__7REX_A__a1__forward__rep2	RF00522__3FU2_A__7REX_A	forward	2	RF00522__3FU2_A	21	C	21	A:21	yes	no	30	20	A	A:20	21	C	A:21	different_partner	NA	NA	yes	1	Rfam.seed.gz	15.1	41f014f4ab5628620935f089b1bb77987ebc162fda7c72bff368a32c9cccabac
RF00522__3FU2_A__7REX_A__a1__forward__rep2	RF00522__3FU2_A__7REX_A	forward	2	RF00522__3FU2_A	22	U	22	A:22	yes	no	31	21	C	A:21	22	A	A:22	different_partner	NA	NA	yes	1	Rfam.seed.gz	15.1	41f014f4ab5628620935f089b1bb77987ebc162fda7c72bff368a32c9cccabac
RF00522__3FU2_A__7REX_A__a1__forward__rep2	RF00522__3FU2_A__7REX_A	forward	2	RF00522__3FU2_A	23	A	23	A:23	yes	no	53	23	U	A:23	23	U	A:23	same_partner	NA	NA	yes	0	Rfam.seed.gz	15.1	41f014f4ab5628620935f089b1bb77987ebc162fda7c72bff368a32c9cccabac
RF00522__3FU2_A__7REX_A__a1__forward__rep2	RF00522__3FU2_A__7REX_A	forward	2	RF00522__3FU2_A	24	U	24	A:24	yes	no	54	24	A	A:24	24	A	A:24	same_partner	NA	NA	yes	0	Rfam.seed.gz	15.1	41f014f4ab5628620935f089b1bb77987ebc162fda7c72bff368a32c9cccabac
RF00522__3FU2_A__7REX_A__a1__forward__rep2	RF00522__3FU2_A__7REX_A	forward	2	RF00522__3FU2_A	25	A	25	A:25	yes	no	55	25	A	A:25	25	A	A:25	same_partner	NA	NA	yes	0	Rfam.seed.gz	15.1	41f014f4ab5628620935f089b1bb77987ebc162fda7c72bff368a32c9cccabac
RF00522__3FU2_A__7REX_A__a1__forward__rep2	RF00522__3FU2_A__7REX_A	forward	2	RF00522__3FU2_A	26	A	26	A:26	yes	no	56	26	A	A:26	26	A	A:26	same_partner	NA	NA	yes	0	Rfam.seed.gz	15.1	41f014f4ab5628620935f089b1bb77987ebc162fda7c72bff368a32c9cccabac
RF00522__3FU2_A__7REX_A__a1__forward__rep2	RF00522__3FU2_A__7REX_A	forward	2	RF00522__3FU2_A	27	A	27	A:27	yes	no	57	27	A	A:27	27	A	A:27	same_partner	NA	NA	yes	0	Rfam.seed.gz	15.1	41f014f4ab5628620935f089b1bb77987ebc162fda7c72bff368a32c9cccabac
RF00522__3FU2_A__7REX_A__a1__forward__rep2	RF00522__3FU2_A__7REX_A	forward	2	RF00522__3FU2_A	28	A	28	A:28	yes	no	58	28	A	A:28	28	A	A:28	same_partner	NA	NA	yes	0	Rfam.seed.gz	15.1	41f014f4ab5628620935f089b1bb77987ebc162fda7c72bff368a32c9cccabac
RF00522__3FU2_A__7REX_A__a1__forward__rep2	RF00522__3FU2_A__7REX_A	forward	2	RF00522__3FU2_A	29	A	29	A:29	yes	no	59	29	A	A:29	29	A	A:29	same_partner	NA	NA	yes	0	Rfam.seed.gz	15.1	41f014f4ab5628620935f089b1bb77987ebc162fda7c72bff368a32c9cccabac
RF00522__3FU2_A__7REX_A__a1__forward__rep2	RF00522__3FU2_A__7REX_A	forward	2	RF00522__3FU2_A	30	A	30	A:30	yes	no	60	30	A	A:30	30	A	A:30	same_partner	NA	NA	yes	0	Rfam.seed.gz	15.1	41f014f4ab5628620935f089b1bb77987ebc162fda7c72bff368a32c9cccabac
RF00522__3FU2_A__7REX_A__a1__forward__rep2	RF00522__3FU2_A__7REX_A	forward	2	RF00522__3FU2_A	31	C	31	A:31	yes	no	61	31	C	A:31	31	C	A:31	same_partner	NA	NA	yes	0	Rfam.seed.gz	15.1	41f014f4ab5628620935f089b1bb77987ebc162fda7c72bff368a32c9cccabac
RF00522__3FU2_A__7REX_A__a1__forward__rep2	RF00522__3FU2_A__7REX_A	forward	2	RF00522__3FU2_A	32	U	32	A:32	yes	no	62	NA	NA	NA	32	U	A:32	star3d_only	alignment_gap_in_standard_seed	NA	no	NA	Rfam.seed.gz	15.1	41f014f4ab5628620935f089b1bb77987ebc162fda7c72bff368a32c9cccabac
RF00522__3FU2_A__7REX_A__a1__forward__rep2	RF00522__3FU2_A__7REX_A	forward	2	RF00522__3FU2_A	33	A	33	A:33	yes	no	63	32	U	A:32	33	A	A:33	different_partner	NA	NA	yes	1	Rfam.seed.gz	15.1	41f014f4ab5628620935f089b1bb77987ebc162fda7c72bff368a32c9cccabac
RF00522__3FU2_A__7REX_A__a1__forward__rep2	RF00522__3FU2_A__7REX_A	forward	2	RF00522__3FU2_A	34	A	34	A:34	yes	no	64	33	A	A:33	34	G	A:34	different_partner	NA	NA	yes	1	Rfam.seed.gz	15.1	41f014f4ab5628620935f089b1bb77987ebc162fda7c72bff368a32c9cccabac
RF00522__3FU2_A__7REX_A__a1__forward__rep3	RF00522__3FU2_A__7REX_A	forward	3	RF00522__3FU2_A	1	A	1	A:1	yes	no	6	1	U	A:1	1	U	A:1	same_partner	NA	NA	yes	0	Rfam.seed.gz	15.1	41f014f4ab5628620935f089b1bb77987ebc162fda7c72bff368a32c9cccabac
RF00522__3FU2_A__7REX_A__a1__forward__rep3	RF00522__3FU2_A__7REX_A	forward	3	RF00522__3FU2_A	2	G	2	A:2	yes	no	7	2	G	A:2	2	G	A:2	same_partner	NA	NA	yes	0	Rfam.seed.gz	15.1	41f014f4ab5628620935f089b1bb77987ebc162fda7c72bff368a32c9cccabac
RF00522__3FU2_A__7REX_A__a1__forward__rep3	RF00522__3FU2_A__7REX_A	forward	3	RF00522__3FU2_A	3	A	3	A:3	yes	no	8	3	U	A:3	3	U	A:3	same_partner	NA	NA	yes	0	Rfam.seed.gz	15.1	41f014f4ab5628620935f089b1bb77987ebc162fda7c72bff368a32c9cccabac
RF00522__3FU2_A__7REX_A__a1__forward__rep3	RF00522__3FU2_A__7REX_A	forward	3	RF00522__3FU2_A	4	G	4	A:4	yes	no	9	4	G	A:4	4	G	A:4	same_partner	NA	NA	yes	0	Rfam.seed.gz	15.1	41f014f4ab5628620935f089b1bb77987ebc162fda7c72bff368a32c9cccabac
RF00522__3FU2_A__7REX_A__a1__forward__rep3	RF00522__3FU2_A__7REX_A	forward	3	RF00522__3FU2_A	5	G	5	A:5	yes	no	10	5	G	A:5	5	G	A:5	same_partner	NA	NA	yes	0	Rfam.seed.gz	15.1	41f014f4ab5628620935f089b1bb77987ebc162fda7c72bff368a32c9cccabac
RF00522__3FU2_A__7REX_A__a1__forward__rep3	RF00522__3FU2_A__7REX_A	forward	3	RF00522__3FU2_A	6	U	6	A:6	yes	no	11	6	U	A:6	6	U	A:6	same_partner	NA	NA	yes	0	Rfam.seed.gz	15.1	41f014f4ab5628620935f089b1bb77987ebc162fda7c72bff368a32c9cccabac
RF00522__3FU2_A__7REX_A__a1__forward__rep3	RF00522__3FU2_A__7REX_A	forward	3	RF00522__3FU2_A	7	U	7	A:7	yes	no	12	7	U	A:7	7	U	A:7	same_partner	NA	NA	yes	0	Rfam.seed.gz	15.1	41f014f4ab5628620935f089b1bb77987ebc162fda7c72bff368a32c9cccabac
RF00522__3FU2_A__7REX_A__a1__forward__rep3	RF00522__3FU2_A__7REX_A	forward	3	RF00522__3FU2_A	8	C	8	A:8	yes	no	13	8	C	A:8	8	C	A:8	same_partner	NA	NA	yes	0	Rfam.seed.gz	15.1	41f014f4ab5628620935f089b1bb77987ebc162fda7c72bff368a32c9cccabac
RF00522__3FU2_A__7REX_A__a1__forward__rep3	RF00522__3FU2_A__7REX_A	forward	3	RF00522__3FU2_A	9	U	9	A:9	yes	no	15	10	C	A:10	11	A	A:11	different_partner	NA	NA	yes	1	Rfam.seed.gz	15.1	41f014f4ab5628620935f089b1bb77987ebc162fda7c72bff368a32c9cccabac
RF00522__3FU2_A__7REX_A__a1__forward__rep3	RF00522__3FU2_A__7REX_A	forward	3	RF00522__3FU2_A	10	A	10	A:10	yes	no	16	11	A	A:11	12	A	A:12	different_partner	NA	NA	yes	1	Rfam.seed.gz	15.1	41f014f4ab5628620935f089b1bb77987ebc162fda7c72bff368a32c9cccabac
RF00522__3FU2_A__7REX_A__a1__forward__rep3	RF00522__3FU2_A__7REX_A	forward	3	RF00522__3FU2_A	11	G	11	A:11	yes	no	17	12	A	A:12	13	C	A:13	different_partner	NA	NA	yes	1	Rfam.seed.gz	15.1	41f014f4ab5628620935f089b1bb77987ebc162fda7c72bff368a32c9cccabac
RF00522__3FU2_A__7REX_A__a1__forward__rep3	RF00522__3FU2_A__7REX_A	forward	3	RF00522__3FU2_A	12	C	12	A:12	yes	no	20	13	C	A:13	14	C	A:14	different_partner	NA	NA	yes	1	Rfam.seed.gz	15.1	41f014f4ab5628620935f089b1bb77987ebc162fda7c72bff368a32c9cccabac
RF00522__3FU2_A__7REX_A__a1__forward__rep3	RF00522__3FU2_A__7REX_A	forward	3	RF00522__3FU2_A	13	U	13	A:13	no	no	21	14	C	A:14	NA	NA	NA	rfam_only	NA	missing_coordinates_source	no	NA	Rfam.seed.gz	15.1	41f014f4ab5628620935f089b1bb77987ebc162fda7c72bff368a32c9cccabac
RF00522__3FU2_A__7REX_A__a1__forward__rep3	RF00522__3FU2_A__7REX_A	forward	3	RF00522__3FU2_A	14	A	14	A:14	no	no	22	NA	NA	NA	NA	NA	NA	neither	alignment_gap_in_standard_seed	missing_coordinates_source	no	NA	Rfam.seed.gz	15.1	41f014f4ab5628620935f089b1bb77987ebc162fda7c72bff368a32c9cccabac
RF00522__3FU2_A__7REX_A__a1__forward__rep3	RF00522__3FU2_A__7REX_A	forward	3	RF00522__3FU2_A	15	C	15	A:15	yes	no	24	NA	NA	NA	15	A	A:15	star3d_only	alignment_gap_in_standard_seed	NA	no	NA	Rfam.seed.gz	15.1	41f014f4ab5628620935f089b1bb77987ebc162fda7c72bff368a32c9cccabac
RF00522__3FU2_A__7REX_A__a1__forward__rep3	RF00522__3FU2_A__7REX_A	forward	3	RF00522__3FU2_A	16	A	16	A:16	yes	no	25	15	A	A:15	16	U	A:16	different_partner	NA	NA	yes	1	Rfam.seed.gz	15.1	41f014f4ab5628620935f089b1bb77987ebc162fda7c72bff368a32c9cccabac
RF00522__3FU2_A__7REX_A__a1__forward__rep3	RF00522__3FU2_A__7REX_A	forward	3	RF00522__3FU2_A	17	C	17	A:17	yes	no	26	16	U	A:16	17	C	A:17	different_partner	NA	NA	yes	1	Rfam.seed.gz	15.1	41f014f4ab5628620935f089b1bb77987ebc162fda7c72bff368a32c9cccabac
RF00522__3FU2_A__7REX_A__a1__forward__rep3	RF00522__3FU2_A__7REX_A	forward	3	RF00522__3FU2_A	18	C	18	A:18	yes	no	27	17	C	A:17	18	C	A:18	different_partner	NA	NA	yes	1	Rfam.seed.gz	15.1	41f014f4ab5628620935f089b1bb77987ebc162fda7c72bff368a32c9cccabac
RF00522__3FU2_A__7REX_A__a1__forward__rep3	RF00522__3FU2_A__7REX_A	forward	3	RF00522__3FU2_A	19	C	19	A:19	yes	no	28	18	C	A:18	19	C	A:19	different_partner	NA	NA	yes	1	Rfam.seed.gz	15.1	41f014f4ab5628620935f089b1bb77987ebc162fda7c72bff368a32c9cccabac
RF00522__3FU2_A__7REX_A__a1__forward__rep3	RF00522__3FU2_A__7REX_A	forward	3	RF00522__3FU2_A	20	U	20	A:20	yes	no	29	19	C	A:19	20	A	A:20	different_partner	NA	NA	yes	1	Rfam.seed.gz	15.1	41f014f4ab5628620935f089b1bb77987ebc162fda7c72bff368a32c9cccabac
RF00522__3FU2_A__7REX_A__a1__forward__rep3	RF00522__3FU2_A__7REX_A	forward	3	RF00522__3FU2_A	21	C	21	A:21	yes	no	30	20	A	A:20	21	C	A:21	different_partner	NA	NA	yes	1	Rfam.seed.gz	15.1	41f014f4ab5628620935f089b1bb77987ebc162fda7c72bff368a32c9cccabac
RF00522__3FU2_A__7REX_A__a1__forward__rep3	RF00522__3FU2_A__7REX_A	forward	3	RF00522__3FU2_A	22	U	22	A:22	yes	no	31	21	C	A:21	22	A	A:22	different_partner	NA	NA	yes	1	Rfam.seed.gz	15.1	41f014f4ab5628620935f089b1bb77987ebc162fda7c72bff368a32c9cccabac
RF00522__3FU2_A__7REX_A__a1__forward__rep3	RF00522__3FU2_A__7REX_A	forward	3	RF00522__3FU2_A	23	A	23	A:23	yes	no	53	23	U	A:23	23	U	A:23	same_partner	NA	NA	yes	0	Rfam.seed.gz	15.1	41f014f4ab5628620935f089b1bb77987ebc162fda7c72bff368a32c9cccabac
RF00522__3FU2_A__7REX_A__a1__forward__rep3	RF00522__3FU2_A__7REX_A	forward	3	RF00522__3FU2_A	24	U	24	A:24	yes	no	54	24	A	A:24	24	A	A:24	same_partner	NA	NA	yes	0	Rfam.seed.gz	15.1	41f014f4ab5628620935f089b1bb77987ebc162fda7c72bff368a32c9cccabac
RF00522__3FU2_A__7REX_A__a1__forward__rep3	RF00522__3FU2_A__7REX_A	forward	3	RF00522__3FU2_A	25	A	25	A:25	yes	no	55	25	A	A:25	25	A	A:25	same_partner	NA	NA	yes	0	Rfam.seed.gz	15.1	41f014f4ab5628620935f089b1bb77987ebc162fda7c72bff368a32c9cccabac
RF00522__3FU2_A__7REX_A__a1__forward__rep3	RF00522__3FU2_A__7REX_A	forward	3	RF00522__3FU2_A	26	A	26	A:26	yes	no	56	26	A	A:26	26	A	A:26	same_partner	NA	NA	yes	0	Rfam.seed.gz	15.1	41f014f4ab5628620935f089b1bb77987ebc162fda7c72bff368a32c9cccabac
RF00522__3FU2_A__7REX_A__a1__forward__rep3	RF00522__3FU2_A__7REX_A	forward	3	RF00522__3FU2_A	27	A	27	A:27	yes	no	57	27	A	A:27	27	A	A:27	same_partner	NA	NA	yes	0	Rfam.seed.gz	15.1	41f014f4ab5628620935f089b1bb77987ebc162fda7c72bff368a32c9cccabac
RF00522__3FU2_A__7REX_A__a1__forward__rep3	RF00522__3FU2_A__7REX_A	forward	3	RF00522__3FU2_A	28	A	28	A:28	yes	no	58	28	A	A:28	28	A	A:28	same_partner	NA	NA	yes	0	Rfam.seed.gz	15.1	41f014f4ab5628620935f089b1bb77987ebc162fda7c72bff368a32c9cccabac
RF00522__3FU2_A__7REX_A__a1__forward__rep3	RF00522__3FU2_A__7REX_A	forward	3	RF00522__3FU2_A	29	A	29	A:29	yes	no	59	29	A	A:29	29	A	A:29	same_partner	NA	NA	yes	0	Rfam.seed.gz	15.1	41f014f4ab5628620935f089b1bb77987ebc162fda7c72bff368a32c9cccabac
RF00522__3FU2_A__7REX_A__a1__forward__rep3	RF00522__3FU2_A__7REX_A	forward	3	RF00522__3FU2_A	30	A	30	A:30	yes	no	60	30	A	A:30	30	A	A:30	same_partner	NA	NA	yes	0	Rfam.seed.gz	15.1	41f014f4ab5628620935f089b1bb77987ebc162fda7c72bff368a32c9cccabac
RF00522__3FU2_A__7REX_A__a1__forward__rep3	RF00522__3FU2_A__7REX_A	forward	3	RF00522__3FU2_A	31	C	31	A:31	yes	no	61	31	C	A:31	31	C	A:31	same_partner	NA	NA	yes	0	Rfam.seed.gz	15.1	41f014f4ab5628620935f089b1bb77987ebc162fda7c72bff368a32c9cccabac
RF00522__3FU2_A__7REX_A__a1__forward__rep3	RF00522__3FU2_A__7REX_A	forward	3	RF00522__3FU2_A	32	U	32	A:32	yes	no	62	NA	NA	NA	32	U	A:32	star3d_only	alignment_gap_in_standard_seed	NA	no	NA	Rfam.seed.gz	15.1	41f014f4ab5628620935f089b1bb77987ebc162fda7c72bff368a32c9cccabac
RF00522__3FU2_A__7REX_A__a1__forward__rep3	RF00522__3FU2_A__7REX_A	forward	3	RF00522__3FU2_A	33	A	33	A:33	yes	no	63	32	U	A:32	33	A	A:33	different_partner	NA	NA	yes	1	Rfam.seed.gz	15.1	41f014f4ab5628620935f089b1bb77987ebc162fda7c72bff368a32c9cccabac
RF00522__3FU2_A__7REX_A__a1__forward__rep3	RF00522__3FU2_A__7REX_A	forward	3	RF00522__3FU2_A	34	A	34	A:34	yes	no	64	33	A	A:33	34	G	A:34	different_partner	NA	NA	yes	1	Rfam.seed.gz	15.1	41f014f4ab5628620935f089b1bb77987ebc162fda7c72bff368a32c9cccabac
RF00522__3FU2_A__7REX_A__a1__reverse__rep1	RF00522__3FU2_A__7REX_A	reverse	1	RF00522__3FU2_A	1	A	1	A:1	yes	no	6	1	U	A:1	1	U	A:1	same_partner	NA	NA	yes	0	Rfam.seed.gz	15.1	41f014f4ab5628620935f089b1bb77987ebc162fda7c72bff368a32c9cccabac
RF00522__3FU2_A__7REX_A__a1__reverse__rep1	RF00522__3FU2_A__7REX_A	reverse	1	RF00522__3FU2_A	2	G	2	A:2	yes	no	7	2	G	A:2	2	G	A:2	same_partner	NA	NA	yes	0	Rfam.seed.gz	15.1	41f014f4ab5628620935f089b1bb77987ebc162fda7c72bff368a32c9cccabac
RF00522__3FU2_A__7REX_A__a1__reverse__rep1	RF00522__3FU2_A__7REX_A	reverse	1	RF00522__3FU2_A	3	A	3	A:3	yes	no	8	3	U	A:3	3	U	A:3	same_partner	NA	NA	yes	0	Rfam.seed.gz	15.1	41f014f4ab5628620935f089b1bb77987ebc162fda7c72bff368a32c9cccabac
RF00522__3FU2_A__7REX_A__a1__reverse__rep1	RF00522__3FU2_A__7REX_A	reverse	1	RF00522__3FU2_A	4	G	4	A:4	yes	no	9	4	G	A:4	4	G	A:4	same_partner	NA	NA	yes	0	Rfam.seed.gz	15.1	41f014f4ab5628620935f089b1bb77987ebc162fda7c72bff368a32c9cccabac
RF00522__3FU2_A__7REX_A__a1__reverse__rep1	RF00522__3FU2_A__7REX_A	reverse	1	RF00522__3FU2_A	5	G	5	A:5	yes	no	10	5	G	A:5	5	G	A:5	same_partner	NA	NA	yes	0	Rfam.seed.gz	15.1	41f014f4ab5628620935f089b1bb77987ebc162fda7c72bff368a32c9cccabac
RF00522__3FU2_A__7REX_A__a1__reverse__rep1	RF00522__3FU2_A__7REX_A	reverse	1	RF00522__3FU2_A	6	U	6	A:6	yes	no	11	6	U	A:6	6	U	A:6	same_partner	NA	NA	yes	0	Rfam.seed.gz	15.1	41f014f4ab5628620935f089b1bb77987ebc162fda7c72bff368a32c9cccabac
RF00522__3FU2_A__7REX_A__a1__reverse__rep1	RF00522__3FU2_A__7REX_A	reverse	1	RF00522__3FU2_A	7	U	7	A:7	yes	no	12	7	U	A:7	7	U	A:7	same_partner	NA	NA	yes	0	Rfam.seed.gz	15.1	41f014f4ab5628620935f089b1bb77987ebc162fda7c72bff368a32c9cccabac
RF00522__3FU2_A__7REX_A__a1__reverse__rep1	RF00522__3FU2_A__7REX_A	reverse	1	RF00522__3FU2_A	8	C	8	A:8	yes	no	13	8	C	A:8	8	C	A:8	same_partner	NA	NA	yes	0	Rfam.seed.gz	15.1	41f014f4ab5628620935f089b1bb77987ebc162fda7c72bff368a32c9cccabac
RF00522__3FU2_A__7REX_A__a1__reverse__rep1	RF00522__3FU2_A__7REX_A	reverse	1	RF00522__3FU2_A	9	U	9	A:9	yes	no	15	10	C	A:10	11	A	A:11	different_partner	NA	NA	yes	1	Rfam.seed.gz	15.1	41f014f4ab5628620935f089b1bb77987ebc162fda7c72bff368a32c9cccabac
RF00522__3FU2_A__7REX_A__a1__reverse__rep1	RF00522__3FU2_A__7REX_A	reverse	1	RF00522__3FU2_A	10	A	10	A:10	yes	no	16	11	A	A:11	12	A	A:12	different_partner	NA	NA	yes	1	Rfam.seed.gz	15.1	41f014f4ab5628620935f089b1bb77987ebc162fda7c72bff368a32c9cccabac
RF00522__3FU2_A__7REX_A__a1__reverse__rep1	RF00522__3FU2_A__7REX_A	reverse	1	RF00522__3FU2_A	11	G	11	A:11	yes	no	17	12	A	A:12	13	C	A:13	different_partner	NA	NA	yes	1	Rfam.seed.gz	15.1	41f014f4ab5628620935f089b1bb77987ebc162fda7c72bff368a32c9cccabac
RF00522__3FU2_A__7REX_A__a1__reverse__rep1	RF00522__3FU2_A__7REX_A	reverse	1	RF00522__3FU2_A	12	C	12	A:12	yes	no	20	13	C	A:13	14	C	A:14	different_partner	NA	NA	yes	1	Rfam.seed.gz	15.1	41f014f4ab5628620935f089b1bb77987ebc162fda7c72bff368a32c9cccabac
RF00522__3FU2_A__7REX_A__a1__reverse__rep1	RF00522__3FU2_A__7REX_A	reverse	1	RF00522__3FU2_A	13	U	13	A:13	no	no	21	14	C	A:14	NA	NA	NA	rfam_only	NA	missing_coordinates_source	no	NA	Rfam.seed.gz	15.1	41f014f4ab5628620935f089b1bb77987ebc162fda7c72bff368a32c9cccabac
RF00522__3FU2_A__7REX_A__a1__reverse__rep1	RF00522__3FU2_A__7REX_A	reverse	1	RF00522__3FU2_A	14	A	14	A:14	no	no	22	NA	NA	NA	NA	NA	NA	neither	alignment_gap_in_standard_seed	missing_coordinates_source	no	NA	Rfam.seed.gz	15.1	41f014f4ab5628620935f089b1bb77987ebc162fda7c72bff368a32c9cccabac
RF00522__3FU2_A__7REX_A__a1__reverse__rep1	RF00522__3FU2_A__7REX_A	reverse	1	RF00522__3FU2_A	15	C	15	A:15	yes	no	24	NA	NA	NA	15	A	A:15	star3d_only	alignment_gap_in_standard_seed	NA	no	NA	Rfam.seed.gz	15.1	41f014f4ab5628620935f089b1bb77987ebc162fda7c72bff368a32c9cccabac
RF00522__3FU2_A__7REX_A__a1__reverse__rep1	RF00522__3FU2_A__7REX_A	reverse	1	RF00522__3FU2_A	16	A	16	A:16	yes	no	25	15	A	A:15	16	U	A:16	different_partner	NA	NA	yes	1	Rfam.seed.gz	15.1	41f014f4ab5628620935f089b1bb77987ebc162fda7c72bff368a32c9cccabac
RF00522__3FU2_A__7REX_A__a1__reverse__rep1	RF00522__3FU2_A__7REX_A	reverse	1	RF00522__3FU2_A	17	C	17	A:17	yes	no	26	16	U	A:16	17	C	A:17	different_partner	NA	NA	yes	1	Rfam.seed.gz	15.1	41f014f4ab5628620935f089b1bb77987ebc162fda7c72bff368a32c9cccabac
RF00522__3FU2_A__7REX_A__a1__reverse__rep1	RF00522__3FU2_A__7REX_A	reverse	1	RF00522__3FU2_A	18	C	18	A:18	yes	no	27	17	C	A:17	18	C	A:18	different_partner	NA	NA	yes	1	Rfam.seed.gz	15.1	41f014f4ab5628620935f089b1bb77987ebc162fda7c72bff368a32c9cccabac
RF00522__3FU2_A__7REX_A__a1__reverse__rep1	RF00522__3FU2_A__7REX_A	reverse	1	RF00522__3FU2_A	19	C	19	A:19	yes	no	28	18	C	A:18	19	C	A:19	different_partner	NA	NA	yes	1	Rfam.seed.gz	15.1	41f014f4ab5628620935f089b1bb77987ebc162fda7c72bff368a32c9cccabac
RF00522__3FU2_A__7REX_A__a1__reverse__rep1	RF00522__3FU2_A__7REX_A	reverse	1	RF00522__3FU2_A	20	U	20	A:20	yes	no	29	19	C	A:19	20	A	A:20	different_partner	NA	NA	yes	1	Rfam.seed.gz	15.1	41f014f4ab5628620935f089b1bb77987ebc162fda7c72bff368a32c9cccabac
RF00522__3FU2_A__7REX_A__a1__reverse__rep1	RF00522__3FU2_A__7REX_A	reverse	1	RF00522__3FU2_A	21	C	21	A:21	yes	no	30	20	A	A:20	21	C	A:21	different_partner	NA	NA	yes	1	Rfam.seed.gz	15.1	41f014f4ab5628620935f089b1bb77987ebc162fda7c72bff368a32c9cccabac
RF00522__3FU2_A__7REX_A__a1__reverse__rep1	RF00522__3FU2_A__7REX_A	reverse	1	RF00522__3FU2_A	22	U	22	A:22	yes	no	31	21	C	A:21	22	A	A:22	different_partner	NA	NA	yes	1	Rfam.seed.gz	15.1	41f014f4ab5628620935f089b1bb77987ebc162fda7c72bff368a32c9cccabac
RF00522__3FU2_A__7REX_A__a1__reverse__rep1	RF00522__3FU2_A__7REX_A	reverse	1	RF00522__3FU2_A	23	A	23	A:23	yes	no	53	23	U	A:23	23	U	A:23	same_partner	NA	NA	yes	0	Rfam.seed.gz	15.1	41f014f4ab5628620935f089b1bb77987ebc162fda7c72bff368a32c9cccabac
RF00522__3FU2_A__7REX_A__a1__reverse__rep1	RF00522__3FU2_A__7REX_A	reverse	1	RF00522__3FU2_A	24	U	24	A:24	yes	no	54	24	A	A:24	24	A	A:24	same_partner	NA	NA	yes	0	Rfam.seed.gz	15.1	41f014f4ab5628620935f089b1bb77987ebc162fda7c72bff368a32c9cccabac
RF00522__3FU2_A__7REX_A__a1__reverse__rep1	RF00522__3FU2_A__7REX_A	reverse	1	RF00522__3FU2_A	25	A	25	A:25	yes	no	55	25	A	A:25	25	A	A:25	same_partner	NA	NA	yes	0	Rfam.seed.gz	15.1	41f014f4ab5628620935f089b1bb77987ebc162fda7c72bff368a32c9cccabac
RF00522__3FU2_A__7REX_A__a1__reverse__rep1	RF00522__3FU2_A__7REX_A	reverse	1	RF00522__3FU2_A	26	A	26	A:26	yes	no	56	26	A	A:26	26	A	A:26	same_partner	NA	NA	yes	0	Rfam.seed.gz	15.1	41f014f4ab5628620935f089b1bb77987ebc162fda7c72bff368a32c9cccabac
RF00522__3FU2_A__7REX_A__a1__reverse__rep1	RF00522__3FU2_A__7REX_A	reverse	1	RF00522__3FU2_A	27	A	27	A:27	yes	no	57	27	A	A:27	27	A	A:27	same_partner	NA	NA	yes	0	Rfam.seed.gz	15.1	41f014f4ab5628620935f089b1bb77987ebc162fda7c72bff368a32c9cccabac
RF00522__3FU2_A__7REX_A__a1__reverse__rep1	RF00522__3FU2_A__7REX_A	reverse	1	RF00522__3FU2_A	28	A	28	A:28	yes	no	58	28	A	A:28	28	A	A:28	same_partner	NA	NA	yes	0	Rfam.seed.gz	15.1	41f014f4ab5628620935f089b1bb77987ebc162fda7c72bff368a32c9cccabac
RF00522__3FU2_A__7REX_A__a1__reverse__rep1	RF00522__3FU2_A__7REX_A	reverse	1	RF00522__3FU2_A	29	A	29	A:29	yes	no	59	29	A	A:29	29	A	A:29	same_partner	NA	NA	yes	0	Rfam.seed.gz	15.1	41f014f4ab5628620935f089b1bb77987ebc162fda7c72bff368a32c9cccabac
RF00522__3FU2_A__7REX_A__a1__reverse__rep1	RF00522__3FU2_A__7REX_A	reverse	1	RF00522__3FU2_A	30	A	30	A:30	yes	no	60	30	A	A:30	30	A	A:30	same_partner	NA	NA	yes	0	Rfam.seed.gz	15.1	41f014f4ab5628620935f089b1bb77987ebc162fda7c72bff368a32c9cccabac
RF00522__3FU2_A__7REX_A__a1__reverse__rep1	RF00522__3FU2_A__7REX_A	reverse	1	RF00522__3FU2_A	31	C	31	A:31	yes	no	61	31	C	A:31	31	C	A:31	same_partner	NA	NA	yes	0	Rfam.seed.gz	15.1	41f014f4ab5628620935f089b1bb77987ebc162fda7c72bff368a32c9cccabac
RF00522__3FU2_A__7REX_A__a1__reverse__rep1	RF00522__3FU2_A__7REX_A	reverse	1	RF00522__3FU2_A	32	U	32	A:32	yes	no	62	NA	NA	NA	32	U	A:32	star3d_only	alignment_gap_in_standard_seed	NA	no	NA	Rfam.seed.gz	15.1	41f014f4ab5628620935f089b1bb77987ebc162fda7c72bff368a32c9cccabac
RF00522__3FU2_A__7REX_A__a1__reverse__rep1	RF00522__3FU2_A__7REX_A	reverse	1	RF00522__3FU2_A	33	A	33	A:33	yes	no	63	32	U	A:32	33	A	A:33	different_partner	NA	NA	yes	1	Rfam.seed.gz	15.1	41f014f4ab5628620935f089b1bb77987ebc162fda7c72bff368a32c9cccabac
RF00522__3FU2_A__7REX_A__a1__reverse__rep1	RF00522__3FU2_A__7REX_A	reverse	1	RF00522__3FU2_A	34	A	34	A:34	yes	no	64	33	A	A:33	34	G	A:34	different_partner	NA	NA	yes	1	Rfam.seed.gz	15.1	41f014f4ab5628620935f089b1bb77987ebc162fda7c72bff368a32c9cccabac
RF00522__3FU2_A__7REX_A__a1__reverse__rep2	RF00522__3FU2_A__7REX_A	reverse	2	RF00522__3FU2_A	1	A	1	A:1	yes	no	6	1	U	A:1	1	U	A:1	same_partner	NA	NA	yes	0	Rfam.seed.gz	15.1	41f014f4ab5628620935f089b1bb77987ebc162fda7c72bff368a32c9cccabac
RF00522__3FU2_A__7REX_A__a1__reverse__rep2	RF00522__3FU2_A__7REX_A	reverse	2	RF00522__3FU2_A	2	G	2	A:2	yes	no	7	2	G	A:2	2	G	A:2	same_partner	NA	NA	yes	0	Rfam.seed.gz	15.1	41f014f4ab5628620935f089b1bb77987ebc162fda7c72bff368a32c9cccabac
RF00522__3FU2_A__7REX_A__a1__reverse__rep2	RF00522__3FU2_A__7REX_A	reverse	2	RF00522__3FU2_A	3	A	3	A:3	yes	no	8	3	U	A:3	3	U	A:3	same_partner	NA	NA	yes	0	Rfam.seed.gz	15.1	41f014f4ab5628620935f089b1bb77987ebc162fda7c72bff368a32c9cccabac
RF00522__3FU2_A__7REX_A__a1__reverse__rep2	RF00522__3FU2_A__7REX_A	reverse	2	RF00522__3FU2_A	4	G	4	A:4	yes	no	9	4	G	A:4	4	G	A:4	same_partner	NA	NA	yes	0	Rfam.seed.gz	15.1	41f014f4ab5628620935f089b1bb77987ebc162fda7c72bff368a32c9cccabac
RF00522__3FU2_A__7REX_A__a1__reverse__rep2	RF00522__3FU2_A__7REX_A	reverse	2	RF00522__3FU2_A	5	G	5	A:5	yes	no	10	5	G	A:5	5	G	A:5	same_partner	NA	NA	yes	0	Rfam.seed.gz	15.1	41f014f4ab5628620935f089b1bb77987ebc162fda7c72bff368a32c9cccabac
RF00522__3FU2_A__7REX_A__a1__reverse__rep2	RF00522__3FU2_A__7REX_A	reverse	2	RF00522__3FU2_A	6	U	6	A:6	yes	no	11	6	U	A:6	6	U	A:6	same_partner	NA	NA	yes	0	Rfam.seed.gz	15.1	41f014f4ab5628620935f089b1bb77987ebc162fda7c72bff368a32c9cccabac
RF00522__3FU2_A__7REX_A__a1__reverse__rep2	RF00522__3FU2_A__7REX_A	reverse	2	RF00522__3FU2_A	7	U	7	A:7	yes	no	12	7	U	A:7	7	U	A:7	same_partner	NA	NA	yes	0	Rfam.seed.gz	15.1	41f014f4ab5628620935f089b1bb77987ebc162fda7c72bff368a32c9cccabac
RF00522__3FU2_A__7REX_A__a1__reverse__rep2	RF00522__3FU2_A__7REX_A	reverse	2	RF00522__3FU2_A	8	C	8	A:8	yes	no	13	8	C	A:8	8	C	A:8	same_partner	NA	NA	yes	0	Rfam.seed.gz	15.1	41f014f4ab5628620935f089b1bb77987ebc162fda7c72bff368a32c9cccabac
RF00522__3FU2_A__7REX_A__a1__reverse__rep2	RF00522__3FU2_A__7REX_A	reverse	2	RF00522__3FU2_A	9	U	9	A:9	yes	no	15	10	C	A:10	11	A	A:11	different_partner	NA	NA	yes	1	Rfam.seed.gz	15.1	41f014f4ab5628620935f089b1bb77987ebc162fda7c72bff368a32c9cccabac
RF00522__3FU2_A__7REX_A__a1__reverse__rep2	RF00522__3FU2_A__7REX_A	reverse	2	RF00522__3FU2_A	10	A	10	A:10	yes	no	16	11	A	A:11	12	A	A:12	different_partner	NA	NA	yes	1	Rfam.seed.gz	15.1	41f014f4ab5628620935f089b1bb77987ebc162fda7c72bff368a32c9cccabac
RF00522__3FU2_A__7REX_A__a1__reverse__rep2	RF00522__3FU2_A__7REX_A	reverse	2	RF00522__3FU2_A	11	G	11	A:11	yes	no	17	12	A	A:12	13	C	A:13	different_partner	NA	NA	yes	1	Rfam.seed.gz	15.1	41f014f4ab5628620935f089b1bb77987ebc162fda7c72bff368a32c9cccabac
RF00522__3FU2_A__7REX_A__a1__reverse__rep2	RF00522__3FU2_A__7REX_A	reverse	2	RF00522__3FU2_A	12	C	12	A:12	yes	no	20	13	C	A:13	14	C	A:14	different_partner	NA	NA	yes	1	Rfam.seed.gz	15.1	41f014f4ab5628620935f089b1bb77987ebc162fda7c72bff368a32c9cccabac
RF00522__3FU2_A__7REX_A__a1__reverse__rep2	RF00522__3FU2_A__7REX_A	reverse	2	RF00522__3FU2_A	13	U	13	A:13	no	no	21	14	C	A:14	NA	NA	NA	rfam_only	NA	missing_coordinates_source	no	NA	Rfam.seed.gz	15.1	41f014f4ab5628620935f089b1bb77987ebc162fda7c72bff368a32c9cccabac
RF00522__3FU2_A__7REX_A__a1__reverse__rep2	RF00522__3FU2_A__7REX_A	reverse	2	RF00522__3FU2_A	14	A	14	A:14	no	no	22	NA	NA	NA	NA	NA	NA	neither	alignment_gap_in_standard_seed	missing_coordinates_source	no	NA	Rfam.seed.gz	15.1	41f014f4ab5628620935f089b1bb77987ebc162fda7c72bff368a32c9cccabac
RF00522__3FU2_A__7REX_A__a1__reverse__rep2	RF00522__3FU2_A__7REX_A	reverse	2	RF00522__3FU2_A	15	C	15	A:15	yes	no	24	NA	NA	NA	15	A	A:15	star3d_only	alignment_gap_in_standard_seed	NA	no	NA	Rfam.seed.gz	15.1	41f014f4ab5628620935f089b1bb77987ebc162fda7c72bff368a32c9cccabac
RF00522__3FU2_A__7REX_A__a1__reverse__rep2	RF00522__3FU2_A__7REX_A	reverse	2	RF00522__3FU2_A	16	A	16	A:16	yes	no	25	15	A	A:15	16	U	A:16	different_partner	NA	NA	yes	1	Rfam.seed.gz	15.1	41f014f4ab5628620935f089b1bb77987ebc162fda7c72bff368a32c9cccabac
RF00522__3FU2_A__7REX_A__a1__reverse__rep2	RF00522__3FU2_A__7REX_A	reverse	2	RF00522__3FU2_A	17	C	17	A:17	yes	no	26	16	U	A:16	17	C	A:17	different_partner	NA	NA	yes	1	Rfam.seed.gz	15.1	41f014f4ab5628620935f089b1bb77987ebc162fda7c72bff368a32c9cccabac
RF00522__3FU2_A__7REX_A__a1__reverse__rep2	RF00522__3FU2_A__7REX_A	reverse	2	RF00522__3FU2_A	18	C	18	A:18	yes	no	27	17	C	A:17	18	C	A:18	different_partner	NA	NA	yes	1	Rfam.seed.gz	15.1	41f014f4ab5628620935f089b1bb77987ebc162fda7c72bff368a32c9cccabac
RF00522__3FU2_A__7REX_A__a1__reverse__rep2	RF00522__3FU2_A__7REX_A	reverse	2	RF00522__3FU2_A	19	C	19	A:19	yes	no	28	18	C	A:18	19	C	A:19	different_partner	NA	NA	yes	1	Rfam.seed.gz	15.1	41f014f4ab5628620935f089b1bb77987ebc162fda7c72bff368a32c9cccabac
RF00522__3FU2_A__7REX_A__a1__reverse__rep2	RF00522__3FU2_A__7REX_A	reverse	2	RF00522__3FU2_A	20	U	20	A:20	yes	no	29	19	C	A:19	20	A	A:20	different_partner	NA	NA	yes	1	Rfam.seed.gz	15.1	41f014f4ab5628620935f089b1bb77987ebc162fda7c72bff368a32c9cccabac
RF00522__3FU2_A__7REX_A__a1__reverse__rep2	RF00522__3FU2_A__7REX_A	reverse	2	RF00522__3FU2_A	21	C	21	A:21	yes	no	30	20	A	A:20	21	C	A:21	different_partner	NA	NA	yes	1	Rfam.seed.gz	15.1	41f014f4ab5628620935f089b1bb77987ebc162fda7c72bff368a32c9cccabac
RF00522__3FU2_A__7REX_A__a1__reverse__rep2	RF00522__3FU2_A__7REX_A	reverse	2	RF00522__3FU2_A	22	U	22	A:22	yes	no	31	21	C	A:21	22	A	A:22	different_partner	NA	NA	yes	1	Rfam.seed.gz	15.1	41f014f4ab5628620935f089b1bb77987ebc162fda7c72bff368a32c9cccabac
RF00522__3FU2_A__7REX_A__a1__reverse__rep2	RF00522__3FU2_A__7REX_A	reverse	2	RF00522__3FU2_A	23	A	23	A:23	yes	no	53	23	U	A:23	23	U	A:23	same_partner	NA	NA	yes	0	Rfam.seed.gz	15.1	41f014f4ab5628620935f089b1bb77987ebc162fda7c72bff368a32c9cccabac
RF00522__3FU2_A__7REX_A__a1__reverse__rep2	RF00522__3FU2_A__7REX_A	reverse	2	RF00522__3FU2_A	24	U	24	A:24	yes	no	54	24	A	A:24	24	A	A:24	same_partner	NA	NA	yes	0	Rfam.seed.gz	15.1	41f014f4ab5628620935f089b1bb77987ebc162fda7c72bff368a32c9cccabac
RF00522__3FU2_A__7REX_A__a1__reverse__rep2	RF00522__3FU2_A__7REX_A	reverse	2	RF00522__3FU2_A	25	A	25	A:25	yes	no	55	25	A	A:25	25	A	A:25	same_partner	NA	NA	yes	0	Rfam.seed.gz	15.1	41f014f4ab5628620935f089b1bb77987ebc162fda7c72bff368a32c9cccabac
RF00522__3FU2_A__7REX_A__a1__reverse__rep2	RF00522__3FU2_A__7REX_A	reverse	2	RF00522__3FU2_A	26	A	26	A:26	yes	no	56	26	A	A:26	26	A	A:26	same_partner	NA	NA	yes	0	Rfam.seed.gz	15.1	41f014f4ab5628620935f089b1bb77987ebc162fda7c72bff368a32c9cccabac
RF00522__3FU2_A__7REX_A__a1__reverse__rep2	RF00522__3FU2_A__7REX_A	reverse	2	RF00522__3FU2_A	27	A	27	A:27	yes	no	57	27	A	A:27	27	A	A:27	same_partner	NA	NA	yes	0	Rfam.seed.gz	15.1	41f014f4ab5628620935f089b1bb77987ebc162fda7c72bff368a32c9cccabac
RF00522__3FU2_A__7REX_A__a1__reverse__rep2	RF00522__3FU2_A__7REX_A	reverse	2	RF00522__3FU2_A	28	A	28	A:28	yes	no	58	28	A	A:28	28	A	A:28	same_partner	NA	NA	yes	0	Rfam.seed.gz	15.1	41f014f4ab5628620935f089b1bb77987ebc162fda7c72bff368a32c9cccabac
RF00522__3FU2_A__7REX_A__a1__reverse__rep2	RF00522__3FU2_A__7REX_A	reverse	2	RF00522__3FU2_A	29	A	29	A:29	yes	no	59	29	A	A:29	29	A	A:29	same_partner	NA	NA	yes	0	Rfam.seed.gz	15.1	41f014f4ab5628620935f089b1bb77987ebc162fda7c72bff368a32c9cccabac
RF00522__3FU2_A__7REX_A__a1__reverse__rep2	RF00522__3FU2_A__7REX_A	reverse	2	RF00522__3FU2_A	30	A	30	A:30	yes	no	60	30	A	A:30	30	A	A:30	same_partner	NA	NA	yes	0	Rfam.seed.gz	15.1	41f014f4ab5628620935f089b1bb77987ebc162fda7c72bff368a32c9cccabac
RF00522__3FU2_A__7REX_A__a1__reverse__rep2	RF00522__3FU2_A__7REX_A	reverse	2	RF00522__3FU2_A	31	C	31	A:31	yes	no	61	31	C	A:31	31	C	A:31	same_partner	NA	NA	yes	0	Rfam.seed.gz	15.1	41f014f4ab5628620935f089b1bb77987ebc162fda7c72bff368a32c9cccabac
RF00522__3FU2_A__7REX_A__a1__reverse__rep2	RF00522__3FU2_A__7REX_A	reverse	2	RF00522__3FU2_A	32	U	32	A:32	yes	no	62	NA	NA	NA	32	U	A:32	star3d_only	alignment_gap_in_standard_seed	NA	no	NA	Rfam.seed.gz	15.1	41f014f4ab5628620935f089b1bb77987ebc162fda7c72bff368a32c9cccabac
RF00522__3FU2_A__7REX_A__a1__reverse__rep2	RF00522__3FU2_A__7REX_A	reverse	2	RF00522__3FU2_A	33	A	33	A:33	yes	no	63	32	U	A:32	33	A	A:33	different_partner	NA	NA	yes	1	Rfam.seed.gz	15.1	41f014f4ab5628620935f089b1bb77987ebc162fda7c72bff368a32c9cccabac
RF00522__3FU2_A__7REX_A__a1__reverse__rep2	RF00522__3FU2_A__7REX_A	reverse	2	RF00522__3FU2_A	34	A	34	A:34	yes	no	64	33	A	A:33	34	G	A:34	different_partner	NA	NA	yes	1	Rfam.seed.gz	15.1	41f014f4ab5628620935f089b1bb77987ebc162fda7c72bff368a32c9cccabac
RF00522__3FU2_A__7REX_A__a1__reverse__rep3	RF00522__3FU2_A__7REX_A	reverse	3	RF00522__3FU2_A	1	A	1	A:1	yes	no	6	1	U	A:1	1	U	A:1	same_partner	NA	NA	yes	0	Rfam.seed.gz	15.1	41f014f4ab5628620935f089b1bb77987ebc162fda7c72bff368a32c9cccabac
RF00522__3FU2_A__7REX_A__a1__reverse__rep3	RF00522__3FU2_A__7REX_A	reverse	3	RF00522__3FU2_A	2	G	2	A:2	yes	no	7	2	G	A:2	2	G	A:2	same_partner	NA	NA	yes	0	Rfam.seed.gz	15.1	41f014f4ab5628620935f089b1bb77987ebc162fda7c72bff368a32c9cccabac
RF00522__3FU2_A__7REX_A__a1__reverse__rep3	RF00522__3FU2_A__7REX_A	reverse	3	RF00522__3FU2_A	3	A	3	A:3	yes	no	8	3	U	A:3	3	U	A:3	same_partner	NA	NA	yes	0	Rfam.seed.gz	15.1	41f014f4ab5628620935f089b1bb77987ebc162fda7c72bff368a32c9cccabac
RF00522__3FU2_A__7REX_A__a1__reverse__rep3	RF00522__3FU2_A__7REX_A	reverse	3	RF00522__3FU2_A	4	G	4	A:4	yes	no	9	4	G	A:4	4	G	A:4	same_partner	NA	NA	yes	0	Rfam.seed.gz	15.1	41f014f4ab5628620935f089b1bb77987ebc162fda7c72bff368a32c9cccabac
RF00522__3FU2_A__7REX_A__a1__reverse__rep3	RF00522__3FU2_A__7REX_A	reverse	3	RF00522__3FU2_A	5	G	5	A:5	yes	no	10	5	G	A:5	5	G	A:5	same_partner	NA	NA	yes	0	Rfam.seed.gz	15.1	41f014f4ab5628620935f089b1bb77987ebc162fda7c72bff368a32c9cccabac
RF00522__3FU2_A__7REX_A__a1__reverse__rep3	RF00522__3FU2_A__7REX_A	reverse	3	RF00522__3FU2_A	6	U	6	A:6	yes	no	11	6	U	A:6	6	U	A:6	same_partner	NA	NA	yes	0	Rfam.seed.gz	15.1	41f014f4ab5628620935f089b1bb77987ebc162fda7c72bff368a32c9cccabac
RF00522__3FU2_A__7REX_A__a1__reverse__rep3	RF00522__3FU2_A__7REX_A	reverse	3	RF00522__3FU2_A	7	U	7	A:7	yes	no	12	7	U	A:7	7	U	A:7	same_partner	NA	NA	yes	0	Rfam.seed.gz	15.1	41f014f4ab5628620935f089b1bb77987ebc162fda7c72bff368a32c9cccabac
RF00522__3FU2_A__7REX_A__a1__reverse__rep3	RF00522__3FU2_A__7REX_A	reverse	3	RF00522__3FU2_A	8	C	8	A:8	yes	no	13	8	C	A:8	8	C	A:8	same_partner	NA	NA	yes	0	Rfam.seed.gz	15.1	41f014f4ab5628620935f089b1bb77987ebc162fda7c72bff368a32c9cccabac
RF00522__3FU2_A__7REX_A__a1__reverse__rep3	RF00522__3FU2_A__7REX_A	reverse	3	RF00522__3FU2_A	9	U	9	A:9	yes	no	15	10	C	A:10	11	A	A:11	different_partner	NA	NA	yes	1	Rfam.seed.gz	15.1	41f014f4ab5628620935f089b1bb77987ebc162fda7c72bff368a32c9cccabac
RF00522__3FU2_A__7REX_A__a1__reverse__rep3	RF00522__3FU2_A__7REX_A	reverse	3	RF00522__3FU2_A	10	A	10	A:10	yes	no	16	11	A	A:11	12	A	A:12	different_partner	NA	NA	yes	1	Rfam.seed.gz	15.1	41f014f4ab5628620935f089b1bb77987ebc162fda7c72bff368a32c9cccabac
RF00522__3FU2_A__7REX_A__a1__reverse__rep3	RF00522__3FU2_A__7REX_A	reverse	3	RF00522__3FU2_A	11	G	11	A:11	yes	no	17	12	A	A:12	13	C	A:13	different_partner	NA	NA	yes	1	Rfam.seed.gz	15.1	41f014f4ab5628620935f089b1bb77987ebc162fda7c72bff368a32c9cccabac
RF00522__3FU2_A__7REX_A__a1__reverse__rep3	RF00522__3FU2_A__7REX_A	reverse	3	RF00522__3FU2_A	12	C	12	A:12	yes	no	20	13	C	A:13	14	C	A:14	different_partner	NA	NA	yes	1	Rfam.seed.gz	15.1	41f014f4ab5628620935f089b1bb77987ebc162fda7c72bff368a32c9cccabac
RF00522__3FU2_A__7REX_A__a1__reverse__rep3	RF00522__3FU2_A__7REX_A	reverse	3	RF00522__3FU2_A	13	U	13	A:13	no	no	21	14	C	A:14	NA	NA	NA	rfam_only	NA	missing_coordinates_source	no	NA	Rfam.seed.gz	15.1	41f014f4ab5628620935f089b1bb77987ebc162fda7c72bff368a32c9cccabac
RF00522__3FU2_A__7REX_A__a1__reverse__rep3	RF00522__3FU2_A__7REX_A	reverse	3	RF00522__3FU2_A	14	A	14	A:14	no	no	22	NA	NA	NA	NA	NA	NA	neither	alignment_gap_in_standard_seed	missing_coordinates_source	no	NA	Rfam.seed.gz	15.1	41f014f4ab5628620935f089b1bb77987ebc162fda7c72bff368a32c9cccabac
RF00522__3FU2_A__7REX_A__a1__reverse__rep3	RF00522__3FU2_A__7REX_A	reverse	3	RF00522__3FU2_A	15	C	15	A:15	yes	no	24	NA	NA	NA	15	A	A:15	star3d_only	alignment_gap_in_standard_seed	NA	no	NA	Rfam.seed.gz	15.1	41f014f4ab5628620935f089b1bb77987ebc162fda7c72bff368a32c9cccabac
RF00522__3FU2_A__7REX_A__a1__reverse__rep3	RF00522__3FU2_A__7REX_A	reverse	3	RF00522__3FU2_A	16	A	16	A:16	yes	no	25	15	A	A:15	16	U	A:16	different_partner	NA	NA	yes	1	Rfam.seed.gz	15.1	41f014f4ab5628620935f089b1bb77987ebc162fda7c72bff368a32c9cccabac
RF00522__3FU2_A__7REX_A__a1__reverse__rep3	RF00522__3FU2_A__7REX_A	reverse	3	RF00522__3FU2_A	17	C	17	A:17	yes	no	26	16	U	A:16	17	C	A:17	different_partner	NA	NA	yes	1	Rfam.seed.gz	15.1	41f014f4ab5628620935f089b1bb77987ebc162fda7c72bff368a32c9cccabac
RF00522__3FU2_A__7REX_A__a1__reverse__rep3	RF00522__3FU2_A__7REX_A	reverse	3	RF00522__3FU2_A	18	C	18	A:18	yes	no	27	17	C	A:17	18	C	A:18	different_partner	NA	NA	yes	1	Rfam.seed.gz	15.1	41f014f4ab5628620935f089b1bb77987ebc162fda7c72bff368a32c9cccabac
RF00522__3FU2_A__7REX_A__a1__reverse__rep3	RF00522__3FU2_A__7REX_A	reverse	3	RF00522__3FU2_A	19	C	19	A:19	yes	no	28	18	C	A:18	19	C	A:19	different_partner	NA	NA	yes	1	Rfam.seed.gz	15.1	41f014f4ab5628620935f089b1bb77987ebc162fda7c72bff368a32c9cccabac
RF00522__3FU2_A__7REX_A__a1__reverse__rep3	RF00522__3FU2_A__7REX_A	reverse	3	RF00522__3FU2_A	20	U	20	A:20	yes	no	29	19	C	A:19	20	A	A:20	different_partner	NA	NA	yes	1	Rfam.seed.gz	15.1	41f014f4ab5628620935f089b1bb77987ebc162fda7c72bff368a32c9cccabac
RF00522__3FU2_A__7REX_A__a1__reverse__rep3	RF00522__3FU2_A__7REX_A	reverse	3	RF00522__3FU2_A	21	C	21	A:21	yes	no	30	20	A	A:20	21	C	A:21	different_partner	NA	NA	yes	1	Rfam.seed.gz	15.1	41f014f4ab5628620935f089b1bb77987ebc162fda7c72bff368a32c9cccabac
RF00522__3FU2_A__7REX_A__a1__reverse__rep3	RF00522__3FU2_A__7REX_A	reverse	3	RF00522__3FU2_A	22	U	22	A:22	yes	no	31	21	C	A:21	22	A	A:22	different_partner	NA	NA	yes	1	Rfam.seed.gz	15.1	41f014f4ab5628620935f089b1bb77987ebc162fda7c72bff368a32c9cccabac
RF00522__3FU2_A__7REX_A__a1__reverse__rep3	RF00522__3FU2_A__7REX_A	reverse	3	RF00522__3FU2_A	23	A	23	A:23	yes	no	53	23	U	A:23	23	U	A:23	same_partner	NA	NA	yes	0	Rfam.seed.gz	15.1	41f014f4ab5628620935f089b1bb77987ebc162fda7c72bff368a32c9cccabac
RF00522__3FU2_A__7REX_A__a1__reverse__rep3	RF00522__3FU2_A__7REX_A	reverse	3	RF00522__3FU2_A	24	U	24	A:24	yes	no	54	24	A	A:24	24	A	A:24	same_partner	NA	NA	yes	0	Rfam.seed.gz	15.1	41f014f4ab5628620935f089b1bb77987ebc162fda7c72bff368a32c9cccabac
RF00522__3FU2_A__7REX_A__a1__reverse__rep3	RF00522__3FU2_A__7REX_A	reverse	3	RF00522__3FU2_A	25	A	25	A:25	yes	no	55	25	A	A:25	25	A	A:25	same_partner	NA	NA	yes	0	Rfam.seed.gz	15.1	41f014f4ab5628620935f089b1bb77987ebc162fda7c72bff368a32c9cccabac
RF00522__3FU2_A__7REX_A__a1__reverse__rep3	RF00522__3FU2_A__7REX_A	reverse	3	RF00522__3FU2_A	26	A	26	A:26	yes	no	56	26	A	A:26	26	A	A:26	same_partner	NA	NA	yes	0	Rfam.seed.gz	15.1	41f014f4ab5628620935f089b1bb77987ebc162fda7c72bff368a32c9cccabac
RF00522__3FU2_A__7REX_A__a1__reverse__rep3	RF00522__3FU2_A__7REX_A	reverse	3	RF00522__3FU2_A	27	A	27	A:27	yes	no	57	27	A	A:27	27	A	A:27	same_partner	NA	NA	yes	0	Rfam.seed.gz	15.1	41f014f4ab5628620935f089b1bb77987ebc162fda7c72bff368a32c9cccabac
RF00522__3FU2_A__7REX_A__a1__reverse__rep3	RF00522__3FU2_A__7REX_A	reverse	3	RF00522__3FU2_A	28	A	28	A:28	yes	no	58	28	A	A:28	28	A	A:28	same_partner	NA	NA	yes	0	Rfam.seed.gz	15.1	41f014f4ab5628620935f089b1bb77987ebc162fda7c72bff368a32c9cccabac
RF00522__3FU2_A__7REX_A__a1__reverse__rep3	RF00522__3FU2_A__7REX_A	reverse	3	RF00522__3FU2_A	29	A	29	A:29	yes	no	59	29	A	A:29	29	A	A:29	same_partner	NA	NA	yes	0	Rfam.seed.gz	15.1	41f014f4ab5628620935f089b1bb77987ebc162fda7c72bff368a32c9cccabac
RF00522__3FU2_A__7REX_A__a1__reverse__rep3	RF00522__3FU2_A__7REX_A	reverse	3	RF00522__3FU2_A	30	A	30	A:30	yes	no	60	30	A	A:30	30	A	A:30	same_partner	NA	NA	yes	0	Rfam.seed.gz	15.1	41f014f4ab5628620935f089b1bb77987ebc162fda7c72bff368a32c9cccabac
RF00522__3FU2_A__7REX_A__a1__reverse__rep3	RF00522__3FU2_A__7REX_A	reverse	3	RF00522__3FU2_A	31	C	31	A:31	yes	no	61	31	C	A:31	31	C	A:31	same_partner	NA	NA	yes	0	Rfam.seed.gz	15.1	41f014f4ab5628620935f089b1bb77987ebc162fda7c72bff368a32c9cccabac
RF00522__3FU2_A__7REX_A__a1__reverse__rep3	RF00522__3FU2_A__7REX_A	reverse	3	RF00522__3FU2_A	32	U	32	A:32	yes	no	62	NA	NA	NA	32	U	A:32	star3d_only	alignment_gap_in_standard_seed	NA	no	NA	Rfam.seed.gz	15.1	41f014f4ab5628620935f089b1bb77987ebc162fda7c72bff368a32c9cccabac
RF00522__3FU2_A__7REX_A__a1__reverse__rep3	RF00522__3FU2_A__7REX_A	reverse	3	RF00522__3FU2_A	33	A	33	A:33	yes	no	63	32	U	A:32	33	A	A:33	different_partner	NA	NA	yes	1	Rfam.seed.gz	15.1	41f014f4ab5628620935f089b1bb77987ebc162fda7c72bff368a32c9cccabac
RF00522__3FU2_A__7REX_A__a1__reverse__rep3	RF00522__3FU2_A__7REX_A	reverse	3	RF00522__3FU2_A	34	A	34	A:34	yes	no	64	33	A	A:33	34	G	A:34	different_partner	NA	NA	yes	1	Rfam.seed.gz	15.1	41f014f4ab5628620935f089b1bb77987ebc162fda7c72bff368a32c9cccabac
RF00522__6VUI_A__7REX_A__a1__forward__rep1	RF00522__6VUI_A__7REX_A	forward	1	RF00522__6VUI_A	1	C	1	A:1	yes	no	6	1	U	A:1	1	U	A:1	same_partner	NA	NA	yes	0	Rfam.seed.gz	15.1	41f014f4ab5628620935f089b1bb77987ebc162fda7c72bff368a32c9cccabac
RF00522__6VUI_A__7REX_A__a1__forward__rep1	RF00522__6VUI_A__7REX_A	forward	1	RF00522__6VUI_A	2	U	2	A:2	yes	no	7	2	G	A:2	2	G	A:2	same_partner	NA	NA	yes	0	Rfam.seed.gz	15.1	41f014f4ab5628620935f089b1bb77987ebc162fda7c72bff368a32c9cccabac
RF00522__6VUI_A__7REX_A__a1__forward__rep1	RF00522__6VUI_A__7REX_A	forward	1	RF00522__6VUI_A	3	G	3	A:3	yes	no	8	3	U	A:3	3	U	A:3	same_partner	NA	NA	yes	0	Rfam.seed.gz	15.1	41f014f4ab5628620935f089b1bb77987ebc162fda7c72bff368a32c9cccabac
RF00522__6VUI_A__7REX_A__a1__forward__rep1	RF00522__6VUI_A__7REX_A	forward	1	RF00522__6VUI_A	4	G	4	A:4	yes	no	9	4	G	A:4	4	G	A:4	same_partner	NA	NA	yes	0	Rfam.seed.gz	15.1	41f014f4ab5628620935f089b1bb77987ebc162fda7c72bff368a32c9cccabac
RF00522__6VUI_A__7REX_A__a1__forward__rep1	RF00522__6VUI_A__7REX_A	forward	1	RF00522__6VUI_A	5	G	5	A:5	yes	no	10	5	G	A:5	5	G	A:5	same_partner	NA	NA	yes	0	Rfam.seed.gz	15.1	41f014f4ab5628620935f089b1bb77987ebc162fda7c72bff368a32c9cccabac
RF00522__6VUI_A__7REX_A__a1__forward__rep1	RF00522__6VUI_A__7REX_A	forward	1	RF00522__6VUI_A	6	U	6	A:6	yes	no	11	6	U	A:6	6	U	A:6	same_partner	NA	NA	yes	0	Rfam.seed.gz	15.1	41f014f4ab5628620935f089b1bb77987ebc162fda7c72bff368a32c9cccabac
RF00522__6VUI_A__7REX_A__a1__forward__rep1	RF00522__6VUI_A__7REX_A	forward	1	RF00522__6VUI_A	7	C	7	A:7	yes	no	13	8	C	A:8	7	U	A:7	different_partner	NA	NA	yes	-1	Rfam.seed.gz	15.1	41f014f4ab5628620935f089b1bb77987ebc162fda7c72bff368a32c9cccabac
RF00522__6VUI_A__7REX_A__a1__forward__rep1	RF00522__6VUI_A__7REX_A	forward	1	RF00522__6VUI_A	8	G	8	A:8	yes	no	14	9	G	A:9	10	C	A:10	different_partner	NA	NA	yes	1	Rfam.seed.gz	15.1	41f014f4ab5628620935f089b1bb77987ebc162fda7c72bff368a32c9cccabac
RF00522__6VUI_A__7REX_A__a1__forward__rep1	RF00522__6VUI_A__7REX_A	forward	1	RF00522__6VUI_A	9	C	9	A:9	yes	no	15	10	C	A:10	11	A	A:11	different_partner	NA	NA	yes	1	Rfam.seed.gz	15.1	41f014f4ab5628620935f089b1bb77987ebc162fda7c72bff368a32c9cccabac
RF00522__6VUI_A__7REX_A__a1__forward__rep1	RF00522__6VUI_A__7REX_A	forward	1	RF00522__6VUI_A	10	A	10	A:10	yes	no	16	11	A	A:11	12	A	A:12	different_partner	NA	NA	yes	1	Rfam.seed.gz	15.1	41f014f4ab5628620935f089b1bb77987ebc162fda7c72bff368a32c9cccabac
RF00522__6VUI_A__7REX_A__a1__forward__rep1	RF00522__6VUI_A__7REX_A	forward	1	RF00522__6VUI_A	11	G	11	A:11	yes	no	17	12	A	A:12	13	C	A:13	different_partner	NA	NA	yes	1	Rfam.seed.gz	15.1	41f014f4ab5628620935f089b1bb77987ebc162fda7c72bff368a32c9cccabac
RF00522__6VUI_A__7REX_A__a1__forward__rep1	RF00522__6VUI_A__7REX_A	forward	1	RF00522__6VUI_A	12	U	12	A:12	yes	no	20	13	C	A:13	14	C	A:14	different_partner	NA	NA	yes	1	Rfam.seed.gz	15.1	41f014f4ab5628620935f089b1bb77987ebc162fda7c72bff368a32c9cccabac
RF00522__6VUI_A__7REX_A__a1__forward__rep1	RF00522__6VUI_A__7REX_A	forward	1	RF00522__6VUI_A	13	A	13	A:13	yes	no	22	NA	NA	NA	15	A	A:15	star3d_only	alignment_gap_in_standard_seed	NA	no	NA	Rfam.seed.gz	15.1	41f014f4ab5628620935f089b1bb77987ebc162fda7c72bff368a32c9cccabac
RF00522__6VUI_A__7REX_A__a1__forward__rep1	RF00522__6VUI_A__7REX_A	forward	1	RF00522__6VUI_A	14	A	14	A:14	yes	no	25	15	A	A:15	16	U	A:16	different_partner	NA	NA	yes	1	Rfam.seed.gz	15.1	41f014f4ab5628620935f089b1bb77987ebc162fda7c72bff368a32c9cccabac
RF00522__6VUI_A__7REX_A__a1__forward__rep1	RF00522__6VUI_A__7REX_A	forward	1	RF00522__6VUI_A	15	C	15	A:15	yes	no	26	16	U	A:16	17	C	A:17	different_partner	NA	NA	yes	1	Rfam.seed.gz	15.1	41f014f4ab5628620935f089b1bb77987ebc162fda7c72bff368a32c9cccabac
RF00522__6VUI_A__7REX_A__a1__forward__rep1	RF00522__6VUI_A__7REX_A	forward	1	RF00522__6VUI_A	16	C	16	A:16	yes	no	27	17	C	A:17	18	C	A:18	different_partner	NA	NA	yes	1	Rfam.seed.gz	15.1	41f014f4ab5628620935f089b1bb77987ebc162fda7c72bff368a32c9cccabac
RF00522__6VUI_A__7REX_A__a1__forward__rep1	RF00522__6VUI_A__7REX_A	forward	1	RF00522__6VUI_A	17	C	17	A:17	yes	no	28	18	C	A:18	19	C	A:19	different_partner	NA	NA	yes	1	Rfam.seed.gz	15.1	41f014f4ab5628620935f089b1bb77987ebc162fda7c72bff368a32c9cccabac
RF00522__6VUI_A__7REX_A__a1__forward__rep1	RF00522__6VUI_A__7REX_A	forward	1	RF00522__6VUI_A	18	C	18	A:18	yes	no	29	19	C	A:19	20	A	A:20	different_partner	NA	NA	yes	1	Rfam.seed.gz	15.1	41f014f4ab5628620935f089b1bb77987ebc162fda7c72bff368a32c9cccabac
RF00522__6VUI_A__7REX_A__a1__forward__rep1	RF00522__6VUI_A__7REX_A	forward	1	RF00522__6VUI_A	19	A	19	A:19	yes	no	30	20	A	A:20	21	C	A:21	different_partner	NA	NA	yes	1	Rfam.seed.gz	15.1	41f014f4ab5628620935f089b1bb77987ebc162fda7c72bff368a32c9cccabac
RF00522__6VUI_A__7REX_A__a1__forward__rep1	RF00522__6VUI_A__7REX_A	forward	1	RF00522__6VUI_A	20	G	20	A:20	yes	no	31	21	C	A:21	22	A	A:22	different_partner	NA	NA	yes	1	Rfam.seed.gz	15.1	41f014f4ab5628620935f089b1bb77987ebc162fda7c72bff368a32c9cccabac
RF00522__6VUI_A__7REX_A__a1__forward__rep1	RF00522__6VUI_A__7REX_A	forward	1	RF00522__6VUI_A	21	U	21	A:21	yes	no	32	22	A	A:22	23	U	A:23	different_partner	NA	NA	yes	1	Rfam.seed.gz	15.1	41f014f4ab5628620935f089b1bb77987ebc162fda7c72bff368a32c9cccabac
RF00522__6VUI_A__7REX_A__a1__forward__rep1	RF00522__6VUI_A__7REX_A	forward	1	RF00522__6VUI_A	22	U	22	A:22	yes	no	53	23	U	A:23	24	A	A:24	different_partner	NA	NA	yes	1	Rfam.seed.gz	15.1	41f014f4ab5628620935f089b1bb77987ebc162fda7c72bff368a32c9cccabac
RF00522__6VUI_A__7REX_A__a1__forward__rep1	RF00522__6VUI_A__7REX_A	forward	1	RF00522__6VUI_A	23	A	23	A:23	yes	no	54	24	A	A:24	NA	NA	NA	rfam_only	NA	algorithm_omission	yes	NA	Rfam.seed.gz	15.1	41f014f4ab5628620935f089b1bb77987ebc162fda7c72bff368a32c9cccabac
RF00522__6VUI_A__7REX_A__a1__forward__rep1	RF00522__6VUI_A__7REX_A	forward	1	RF00522__6VUI_A	24	A	24	A:24	yes	no	55	25	A	A:25	25	A	A:25	same_partner	NA	NA	yes	0	Rfam.seed.gz	15.1	41f014f4ab5628620935f089b1bb77987ebc162fda7c72bff368a32c9cccabac
RF00522__6VUI_A__7REX_A__a1__forward__rep1	RF00522__6VUI_A__7REX_A	forward	1	RF00522__6VUI_A	25	C	25	A:25	yes	no	56	26	A	A:26	26	A	A:26	same_partner	NA	NA	yes	0	Rfam.seed.gz	15.1	41f014f4ab5628620935f089b1bb77987ebc162fda7c72bff368a32c9cccabac
RF00522__6VUI_A__7REX_A__a1__forward__rep1	RF00522__6VUI_A__7REX_A	forward	1	RF00522__6VUI_A	26	A	26	A:26	yes	no	57	27	A	A:27	27	A	A:27	same_partner	NA	NA	yes	0	Rfam.seed.gz	15.1	41f014f4ab5628620935f089b1bb77987ebc162fda7c72bff368a32c9cccabac
RF00522__6VUI_A__7REX_A__a1__forward__rep1	RF00522__6VUI_A__7REX_A	forward	1	RF00522__6VUI_A	27	A	27	A:27	yes	no	58	28	A	A:28	28	A	A:28	same_partner	NA	NA	yes	0	Rfam.seed.gz	15.1	41f014f4ab5628620935f089b1bb77987ebc162fda7c72bff368a32c9cccabac
RF00522__6VUI_A__7REX_A__a1__forward__rep1	RF00522__6VUI_A__7REX_A	forward	1	RF00522__6VUI_A	28	A	28	A:28	yes	no	59	29	A	A:29	29	A	A:29	same_partner	NA	NA	yes	0	Rfam.seed.gz	15.1	41f014f4ab5628620935f089b1bb77987ebc162fda7c72bff368a32c9cccabac
RF00522__6VUI_A__7REX_A__a1__forward__rep1	RF00522__6VUI_A__7REX_A	forward	1	RF00522__6VUI_A	29	A	29	A:29	yes	no	60	30	A	A:30	30	A	A:30	same_partner	NA	NA	yes	0	Rfam.seed.gz	15.1	41f014f4ab5628620935f089b1bb77987ebc162fda7c72bff368a32c9cccabac
RF00522__6VUI_A__7REX_A__a1__forward__rep1	RF00522__6VUI_A__7REX_A	forward	1	RF00522__6VUI_A	30	C	30	A:30	yes	no	61	31	C	A:31	31	C	A:31	same_partner	NA	NA	yes	0	Rfam.seed.gz	15.1	41f014f4ab5628620935f089b1bb77987ebc162fda7c72bff368a32c9cccabac
RF00522__6VUI_A__7REX_A__a1__forward__rep1	RF00522__6VUI_A__7REX_A	forward	1	RF00522__6VUI_A	31	A	31	A:31	yes	no	63	32	U	A:32	32	U	A:32	same_partner	NA	NA	yes	0	Rfam.seed.gz	15.1	41f014f4ab5628620935f089b1bb77987ebc162fda7c72bff368a32c9cccabac
RF00522__6VUI_A__7REX_A__a1__forward__rep1	RF00522__6VUI_A__7REX_A	forward	1	RF00522__6VUI_A	32	A	32	A:32	yes	no	64	33	A	A:33	33	A	A:33	same_partner	NA	NA	yes	0	Rfam.seed.gz	15.1	41f014f4ab5628620935f089b1bb77987ebc162fda7c72bff368a32c9cccabac
RF00522__6VUI_A__7REX_A__a1__forward__rep1	RF00522__6VUI_A__7REX_A	forward	1	RF00522__6VUI_A	33	G	33	A:33	yes	no	65	34	G	A:34	34	G	A:34	same_partner	NA	NA	yes	0	Rfam.seed.gz	15.1	41f014f4ab5628620935f089b1bb77987ebc162fda7c72bff368a32c9cccabac
RF00522__6VUI_A__7REX_A__a1__forward__rep2	RF00522__6VUI_A__7REX_A	forward	2	RF00522__6VUI_A	1	C	1	A:1	yes	no	6	1	U	A:1	1	U	A:1	same_partner	NA	NA	yes	0	Rfam.seed.gz	15.1	41f014f4ab5628620935f089b1bb77987ebc162fda7c72bff368a32c9cccabac
RF00522__6VUI_A__7REX_A__a1__forward__rep2	RF00522__6VUI_A__7REX_A	forward	2	RF00522__6VUI_A	2	U	2	A:2	yes	no	7	2	G	A:2	2	G	A:2	same_partner	NA	NA	yes	0	Rfam.seed.gz	15.1	41f014f4ab5628620935f089b1bb77987ebc162fda7c72bff368a32c9cccabac
RF00522__6VUI_A__7REX_A__a1__forward__rep2	RF00522__6VUI_A__7REX_A	forward	2	RF00522__6VUI_A	3	G	3	A:3	yes	no	8	3	U	A:3	3	U	A:3	same_partner	NA	NA	yes	0	Rfam.seed.gz	15.1	41f014f4ab5628620935f089b1bb77987ebc162fda7c72bff368a32c9cccabac
RF00522__6VUI_A__7REX_A__a1__forward__rep2	RF00522__6VUI_A__7REX_A	forward	2	RF00522__6VUI_A	4	G	4	A:4	yes	no	9	4	G	A:4	4	G	A:4	same_partner	NA	NA	yes	0	Rfam.seed.gz	15.1	41f014f4ab5628620935f089b1bb77987ebc162fda7c72bff368a32c9cccabac
RF00522__6VUI_A__7REX_A__a1__forward__rep2	RF00522__6VUI_A__7REX_A	forward	2	RF00522__6VUI_A	5	G	5	A:5	yes	no	10	5	G	A:5	5	G	A:5	same_partner	NA	NA	yes	0	Rfam.seed.gz	15.1	41f014f4ab5628620935f089b1bb77987ebc162fda7c72bff368a32c9cccabac
RF00522__6VUI_A__7REX_A__a1__forward__rep2	RF00522__6VUI_A__7REX_A	forward	2	RF00522__6VUI_A	6	U	6	A:6	yes	no	11	6	U	A:6	6	U	A:6	same_partner	NA	NA	yes	0	Rfam.seed.gz	15.1	41f014f4ab5628620935f089b1bb77987ebc162fda7c72bff368a32c9cccabac
RF00522__6VUI_A__7REX_A__a1__forward__rep2	RF00522__6VUI_A__7REX_A	forward	2	RF00522__6VUI_A	7	C	7	A:7	yes	no	13	8	C	A:8	7	U	A:7	different_partner	NA	NA	yes	-1	Rfam.seed.gz	15.1	41f014f4ab5628620935f089b1bb77987ebc162fda7c72bff368a32c9cccabac
RF00522__6VUI_A__7REX_A__a1__forward__rep2	RF00522__6VUI_A__7REX_A	forward	2	RF00522__6VUI_A	8	G	8	A:8	yes	no	14	9	G	A:9	10	C	A:10	different_partner	NA	NA	yes	1	Rfam.seed.gz	15.1	41f014f4ab5628620935f089b1bb77987ebc162fda7c72bff368a32c9cccabac
RF00522__6VUI_A__7REX_A__a1__forward__rep2	RF00522__6VUI_A__7REX_A	forward	2	RF00522__6VUI_A	9	C	9	A:9	yes	no	15	10	C	A:10	11	A	A:11	different_partner	NA	NA	yes	1	Rfam.seed.gz	15.1	41f014f4ab5628620935f089b1bb77987ebc162fda7c72bff368a32c9cccabac
RF00522__6VUI_A__7REX_A__a1__forward__rep2	RF00522__6VUI_A__7REX_A	forward	2	RF00522__6VUI_A	10	A	10	A:10	yes	no	16	11	A	A:11	12	A	A:12	different_partner	NA	NA	yes	1	Rfam.seed.gz	15.1	41f014f4ab5628620935f089b1bb77987ebc162fda7c72bff368a32c9cccabac
RF00522__6VUI_A__7REX_A__a1__forward__rep2	RF00522__6VUI_A__7REX_A	forward	2	RF00522__6VUI_A	11	G	11	A:11	yes	no	17	12	A	A:12	13	C	A:13	different_partner	NA	NA	yes	1	Rfam.seed.gz	15.1	41f014f4ab5628620935f089b1bb77987ebc162fda7c72bff368a32c9cccabac
RF00522__6VUI_A__7REX_A__a1__forward__rep2	RF00522__6VUI_A__7REX_A	forward	2	RF00522__6VUI_A	12	U	12	A:12	yes	no	20	13	C	A:13	14	C	A:14	different_partner	NA	NA	yes	1	Rfam.seed.gz	15.1	41f014f4ab5628620935f089b1bb77987ebc162fda7c72bff368a32c9cccabac
RF00522__6VUI_A__7REX_A__a1__forward__rep2	RF00522__6VUI_A__7REX_A	forward	2	RF00522__6VUI_A	13	A	13	A:13	yes	no	22	NA	NA	NA	15	A	A:15	star3d_only	alignment_gap_in_standard_seed	NA	no	NA	Rfam.seed.gz	15.1	41f014f4ab5628620935f089b1bb77987ebc162fda7c72bff368a32c9cccabac
RF00522__6VUI_A__7REX_A__a1__forward__rep2	RF00522__6VUI_A__7REX_A	forward	2	RF00522__6VUI_A	14	A	14	A:14	yes	no	25	15	A	A:15	16	U	A:16	different_partner	NA	NA	yes	1	Rfam.seed.gz	15.1	41f014f4ab5628620935f089b1bb77987ebc162fda7c72bff368a32c9cccabac
RF00522__6VUI_A__7REX_A__a1__forward__rep2	RF00522__6VUI_A__7REX_A	forward	2	RF00522__6VUI_A	15	C	15	A:15	yes	no	26	16	U	A:16	17	C	A:17	different_partner	NA	NA	yes	1	Rfam.seed.gz	15.1	41f014f4ab5628620935f089b1bb77987ebc162fda7c72bff368a32c9cccabac
RF00522__6VUI_A__7REX_A__a1__forward__rep2	RF00522__6VUI_A__7REX_A	forward	2	RF00522__6VUI_A	16	C	16	A:16	yes	no	27	17	C	A:17	18	C	A:18	different_partner	NA	NA	yes	1	Rfam.seed.gz	15.1	41f014f4ab5628620935f089b1bb77987ebc162fda7c72bff368a32c9cccabac
RF00522__6VUI_A__7REX_A__a1__forward__rep2	RF00522__6VUI_A__7REX_A	forward	2	RF00522__6VUI_A	17	C	17	A:17	yes	no	28	18	C	A:18	19	C	A:19	different_partner	NA	NA	yes	1	Rfam.seed.gz	15.1	41f014f4ab5628620935f089b1bb77987ebc162fda7c72bff368a32c9cccabac
RF00522__6VUI_A__7REX_A__a1__forward__rep2	RF00522__6VUI_A__7REX_A	forward	2	RF00522__6VUI_A	18	C	18	A:18	yes	no	29	19	C	A:19	20	A	A:20	different_partner	NA	NA	yes	1	Rfam.seed.gz	15.1	41f014f4ab5628620935f089b1bb77987ebc162fda7c72bff368a32c9cccabac
RF00522__6VUI_A__7REX_A__a1__forward__rep2	RF00522__6VUI_A__7REX_A	forward	2	RF00522__6VUI_A	19	A	19	A:19	yes	no	30	20	A	A:20	21	C	A:21	different_partner	NA	NA	yes	1	Rfam.seed.gz	15.1	41f014f4ab5628620935f089b1bb77987ebc162fda7c72bff368a32c9cccabac
RF00522__6VUI_A__7REX_A__a1__forward__rep2	RF00522__6VUI_A__7REX_A	forward	2	RF00522__6VUI_A	20	G	20	A:20	yes	no	31	21	C	A:21	22	A	A:22	different_partner	NA	NA	yes	1	Rfam.seed.gz	15.1	41f014f4ab5628620935f089b1bb77987ebc162fda7c72bff368a32c9cccabac
RF00522__6VUI_A__7REX_A__a1__forward__rep2	RF00522__6VUI_A__7REX_A	forward	2	RF00522__6VUI_A	21	U	21	A:21	yes	no	32	22	A	A:22	23	U	A:23	different_partner	NA	NA	yes	1	Rfam.seed.gz	15.1	41f014f4ab5628620935f089b1bb77987ebc162fda7c72bff368a32c9cccabac
RF00522__6VUI_A__7REX_A__a1__forward__rep2	RF00522__6VUI_A__7REX_A	forward	2	RF00522__6VUI_A	22	U	22	A:22	yes	no	53	23	U	A:23	24	A	A:24	different_partner	NA	NA	yes	1	Rfam.seed.gz	15.1	41f014f4ab5628620935f089b1bb77987ebc162fda7c72bff368a32c9cccabac
RF00522__6VUI_A__7REX_A__a1__forward__rep2	RF00522__6VUI_A__7REX_A	forward	2	RF00522__6VUI_A	23	A	23	A:23	yes	no	54	24	A	A:24	NA	NA	NA	rfam_only	NA	algorithm_omission	yes	NA	Rfam.seed.gz	15.1	41f014f4ab5628620935f089b1bb77987ebc162fda7c72bff368a32c9cccabac
RF00522__6VUI_A__7REX_A__a1__forward__rep2	RF00522__6VUI_A__7REX_A	forward	2	RF00522__6VUI_A	24	A	24	A:24	yes	no	55	25	A	A:25	25	A	A:25	same_partner	NA	NA	yes	0	Rfam.seed.gz	15.1	41f014f4ab5628620935f089b1bb77987ebc162fda7c72bff368a32c9cccabac
RF00522__6VUI_A__7REX_A__a1__forward__rep2	RF00522__6VUI_A__7REX_A	forward	2	RF00522__6VUI_A	25	C	25	A:25	yes	no	56	26	A	A:26	26	A	A:26	same_partner	NA	NA	yes	0	Rfam.seed.gz	15.1	41f014f4ab5628620935f089b1bb77987ebc162fda7c72bff368a32c9cccabac
RF00522__6VUI_A__7REX_A__a1__forward__rep2	RF00522__6VUI_A__7REX_A	forward	2	RF00522__6VUI_A	26	A	26	A:26	yes	no	57	27	A	A:27	27	A	A:27	same_partner	NA	NA	yes	0	Rfam.seed.gz	15.1	41f014f4ab5628620935f089b1bb77987ebc162fda7c72bff368a32c9cccabac
RF00522__6VUI_A__7REX_A__a1__forward__rep2	RF00522__6VUI_A__7REX_A	forward	2	RF00522__6VUI_A	27	A	27	A:27	yes	no	58	28	A	A:28	28	A	A:28	same_partner	NA	NA	yes	0	Rfam.seed.gz	15.1	41f014f4ab5628620935f089b1bb77987ebc162fda7c72bff368a32c9cccabac
RF00522__6VUI_A__7REX_A__a1__forward__rep2	RF00522__6VUI_A__7REX_A	forward	2	RF00522__6VUI_A	28	A	28	A:28	yes	no	59	29	A	A:29	29	A	A:29	same_partner	NA	NA	yes	0	Rfam.seed.gz	15.1	41f014f4ab5628620935f089b1bb77987ebc162fda7c72bff368a32c9cccabac
RF00522__6VUI_A__7REX_A__a1__forward__rep2	RF00522__6VUI_A__7REX_A	forward	2	RF00522__6VUI_A	29	A	29	A:29	yes	no	60	30	A	A:30	30	A	A:30	same_partner	NA	NA	yes	0	Rfam.seed.gz	15.1	41f014f4ab5628620935f089b1bb77987ebc162fda7c72bff368a32c9cccabac
RF00522__6VUI_A__7REX_A__a1__forward__rep2	RF00522__6VUI_A__7REX_A	forward	2	RF00522__6VUI_A	30	C	30	A:30	yes	no	61	31	C	A:31	31	C	A:31	same_partner	NA	NA	yes	0	Rfam.seed.gz	15.1	41f014f4ab5628620935f089b1bb77987ebc162fda7c72bff368a32c9cccabac
RF00522__6VUI_A__7REX_A__a1__forward__rep2	RF00522__6VUI_A__7REX_A	forward	2	RF00522__6VUI_A	31	A	31	A:31	yes	no	63	32	U	A:32	32	U	A:32	same_partner	NA	NA	yes	0	Rfam.seed.gz	15.1	41f014f4ab5628620935f089b1bb77987ebc162fda7c72bff368a32c9cccabac
RF00522__6VUI_A__7REX_A__a1__forward__rep2	RF00522__6VUI_A__7REX_A	forward	2	RF00522__6VUI_A	32	A	32	A:32	yes	no	64	33	A	A:33	33	A	A:33	same_partner	NA	NA	yes	0	Rfam.seed.gz	15.1	41f014f4ab5628620935f089b1bb77987ebc162fda7c72bff368a32c9cccabac
RF00522__6VUI_A__7REX_A__a1__forward__rep2	RF00522__6VUI_A__7REX_A	forward	2	RF00522__6VUI_A	33	G	33	A:33	yes	no	65	34	G	A:34	34	G	A:34	same_partner	NA	NA	yes	0	Rfam.seed.gz	15.1	41f014f4ab5628620935f089b1bb77987ebc162fda7c72bff368a32c9cccabac
RF00522__6VUI_A__7REX_A__a1__forward__rep3	RF00522__6VUI_A__7REX_A	forward	3	RF00522__6VUI_A	1	C	1	A:1	yes	no	6	1	U	A:1	1	U	A:1	same_partner	NA	NA	yes	0	Rfam.seed.gz	15.1	41f014f4ab5628620935f089b1bb77987ebc162fda7c72bff368a32c9cccabac
RF00522__6VUI_A__7REX_A__a1__forward__rep3	RF00522__6VUI_A__7REX_A	forward	3	RF00522__6VUI_A	2	U	2	A:2	yes	no	7	2	G	A:2	2	G	A:2	same_partner	NA	NA	yes	0	Rfam.seed.gz	15.1	41f014f4ab5628620935f089b1bb77987ebc162fda7c72bff368a32c9cccabac
RF00522__6VUI_A__7REX_A__a1__forward__rep3	RF00522__6VUI_A__7REX_A	forward	3	RF00522__6VUI_A	3	G	3	A:3	yes	no	8	3	U	A:3	3	U	A:3	same_partner	NA	NA	yes	0	Rfam.seed.gz	15.1	41f014f4ab5628620935f089b1bb77987ebc162fda7c72bff368a32c9cccabac
RF00522__6VUI_A__7REX_A__a1__forward__rep3	RF00522__6VUI_A__7REX_A	forward	3	RF00522__6VUI_A	4	G	4	A:4	yes	no	9	4	G	A:4	4	G	A:4	same_partner	NA	NA	yes	0	Rfam.seed.gz	15.1	41f014f4ab5628620935f089b1bb77987ebc162fda7c72bff368a32c9cccabac
RF00522__6VUI_A__7REX_A__a1__forward__rep3	RF00522__6VUI_A__7REX_A	forward	3	RF00522__6VUI_A	5	G	5	A:5	yes	no	10	5	G	A:5	5	G	A:5	same_partner	NA	NA	yes	0	Rfam.seed.gz	15.1	41f014f4ab5628620935f089b1bb77987ebc162fda7c72bff368a32c9cccabac
RF00522__6VUI_A__7REX_A__a1__forward__rep3	RF00522__6VUI_A__7REX_A	forward	3	RF00522__6VUI_A	6	U	6	A:6	yes	no	11	6	U	A:6	6	U	A:6	same_partner	NA	NA	yes	0	Rfam.seed.gz	15.1	41f014f4ab5628620935f089b1bb77987ebc162fda7c72bff368a32c9cccabac
RF00522__6VUI_A__7REX_A__a1__forward__rep3	RF00522__6VUI_A__7REX_A	forward	3	RF00522__6VUI_A	7	C	7	A:7	yes	no	13	8	C	A:8	7	U	A:7	different_partner	NA	NA	yes	-1	Rfam.seed.gz	15.1	41f014f4ab5628620935f089b1bb77987ebc162fda7c72bff368a32c9cccabac
RF00522__6VUI_A__7REX_A__a1__forward__rep3	RF00522__6VUI_A__7REX_A	forward	3	RF00522__6VUI_A	8	G	8	A:8	yes	no	14	9	G	A:9	10	C	A:10	different_partner	NA	NA	yes	1	Rfam.seed.gz	15.1	41f014f4ab5628620935f089b1bb77987ebc162fda7c72bff368a32c9cccabac
RF00522__6VUI_A__7REX_A__a1__forward__rep3	RF00522__6VUI_A__7REX_A	forward	3	RF00522__6VUI_A	9	C	9	A:9	yes	no	15	10	C	A:10	11	A	A:11	different_partner	NA	NA	yes	1	Rfam.seed.gz	15.1	41f014f4ab5628620935f089b1bb77987ebc162fda7c72bff368a32c9cccabac
RF00522__6VUI_A__7REX_A__a1__forward__rep3	RF00522__6VUI_A__7REX_A	forward	3	RF00522__6VUI_A	10	A	10	A:10	yes	no	16	11	A	A:11	12	A	A:12	different_partner	NA	NA	yes	1	Rfam.seed.gz	15.1	41f014f4ab5628620935f089b1bb77987ebc162fda7c72bff368a32c9cccabac
RF00522__6VUI_A__7REX_A__a1__forward__rep3	RF00522__6VUI_A__7REX_A	forward	3	RF00522__6VUI_A	11	G	11	A:11	yes	no	17	12	A	A:12	13	C	A:13	different_partner	NA	NA	yes	1	Rfam.seed.gz	15.1	41f014f4ab5628620935f089b1bb77987ebc162fda7c72bff368a32c9cccabac
RF00522__6VUI_A__7REX_A__a1__forward__rep3	RF00522__6VUI_A__7REX_A	forward	3	RF00522__6VUI_A	12	U	12	A:12	yes	no	20	13	C	A:13	14	C	A:14	different_partner	NA	NA	yes	1	Rfam.seed.gz	15.1	41f014f4ab5628620935f089b1bb77987ebc162fda7c72bff368a32c9cccabac
RF00522__6VUI_A__7REX_A__a1__forward__rep3	RF00522__6VUI_A__7REX_A	forward	3	RF00522__6VUI_A	13	A	13	A:13	yes	no	22	NA	NA	NA	15	A	A:15	star3d_only	alignment_gap_in_standard_seed	NA	no	NA	Rfam.seed.gz	15.1	41f014f4ab5628620935f089b1bb77987ebc162fda7c72bff368a32c9cccabac
RF00522__6VUI_A__7REX_A__a1__forward__rep3	RF00522__6VUI_A__7REX_A	forward	3	RF00522__6VUI_A	14	A	14	A:14	yes	no	25	15	A	A:15	16	U	A:16	different_partner	NA	NA	yes	1	Rfam.seed.gz	15.1	41f014f4ab5628620935f089b1bb77987ebc162fda7c72bff368a32c9cccabac
RF00522__6VUI_A__7REX_A__a1__forward__rep3	RF00522__6VUI_A__7REX_A	forward	3	RF00522__6VUI_A	15	C	15	A:15	yes	no	26	16	U	A:16	17	C	A:17	different_partner	NA	NA	yes	1	Rfam.seed.gz	15.1	41f014f4ab5628620935f089b1bb77987ebc162fda7c72bff368a32c9cccabac
RF00522__6VUI_A__7REX_A__a1__forward__rep3	RF00522__6VUI_A__7REX_A	forward	3	RF00522__6VUI_A	16	C	16	A:16	yes	no	27	17	C	A:17	18	C	A:18	different_partner	NA	NA	yes	1	Rfam.seed.gz	15.1	41f014f4ab5628620935f089b1bb77987ebc162fda7c72bff368a32c9cccabac
RF00522__6VUI_A__7REX_A__a1__forward__rep3	RF00522__6VUI_A__7REX_A	forward	3	RF00522__6VUI_A	17	C	17	A:17	yes	no	28	18	C	A:18	19	C	A:19	different_partner	NA	NA	yes	1	Rfam.seed.gz	15.1	41f014f4ab5628620935f089b1bb77987ebc162fda7c72bff368a32c9cccabac
RF00522__6VUI_A__7REX_A__a1__forward__rep3	RF00522__6VUI_A__7REX_A	forward	3	RF00522__6VUI_A	18	C	18	A:18	yes	no	29	19	C	A:19	20	A	A:20	different_partner	NA	NA	yes	1	Rfam.seed.gz	15.1	41f014f4ab5628620935f089b1bb77987ebc162fda7c72bff368a32c9cccabac
RF00522__6VUI_A__7REX_A__a1__forward__rep3	RF00522__6VUI_A__7REX_A	forward	3	RF00522__6VUI_A	19	A	19	A:19	yes	no	30	20	A	A:20	21	C	A:21	different_partner	NA	NA	yes	1	Rfam.seed.gz	15.1	41f014f4ab5628620935f089b1bb77987ebc162fda7c72bff368a32c9cccabac
RF00522__6VUI_A__7REX_A__a1__forward__rep3	RF00522__6VUI_A__7REX_A	forward	3	RF00522__6VUI_A	20	G	20	A:20	yes	no	31	21	C	A:21	22	A	A:22	different_partner	NA	NA	yes	1	Rfam.seed.gz	15.1	41f014f4ab5628620935f089b1bb77987ebc162fda7c72bff368a32c9cccabac
RF00522__6VUI_A__7REX_A__a1__forward__rep3	RF00522__6VUI_A__7REX_A	forward	3	RF00522__6VUI_A	21	U	21	A:21	yes	no	32	22	A	A:22	23	U	A:23	different_partner	NA	NA	yes	1	Rfam.seed.gz	15.1	41f014f4ab5628620935f089b1bb77987ebc162fda7c72bff368a32c9cccabac
RF00522__6VUI_A__7REX_A__a1__forward__rep3	RF00522__6VUI_A__7REX_A	forward	3	RF00522__6VUI_A	22	U	22	A:22	yes	no	53	23	U	A:23	24	A	A:24	different_partner	NA	NA	yes	1	Rfam.seed.gz	15.1	41f014f4ab5628620935f089b1bb77987ebc162fda7c72bff368a32c9cccabac
RF00522__6VUI_A__7REX_A__a1__forward__rep3	RF00522__6VUI_A__7REX_A	forward	3	RF00522__6VUI_A	23	A	23	A:23	yes	no	54	24	A	A:24	NA	NA	NA	rfam_only	NA	algorithm_omission	yes	NA	Rfam.seed.gz	15.1	41f014f4ab5628620935f089b1bb77987ebc162fda7c72bff368a32c9cccabac
RF00522__6VUI_A__7REX_A__a1__forward__rep3	RF00522__6VUI_A__7REX_A	forward	3	RF00522__6VUI_A	24	A	24	A:24	yes	no	55	25	A	A:25	25	A	A:25	same_partner	NA	NA	yes	0	Rfam.seed.gz	15.1	41f014f4ab5628620935f089b1bb77987ebc162fda7c72bff368a32c9cccabac
RF00522__6VUI_A__7REX_A__a1__forward__rep3	RF00522__6VUI_A__7REX_A	forward	3	RF00522__6VUI_A	25	C	25	A:25	yes	no	56	26	A	A:26	26	A	A:26	same_partner	NA	NA	yes	0	Rfam.seed.gz	15.1	41f014f4ab5628620935f089b1bb77987ebc162fda7c72bff368a32c9cccabac
RF00522__6VUI_A__7REX_A__a1__forward__rep3	RF00522__6VUI_A__7REX_A	forward	3	RF00522__6VUI_A	26	A	26	A:26	yes	no	57	27	A	A:27	27	A	A:27	same_partner	NA	NA	yes	0	Rfam.seed.gz	15.1	41f014f4ab5628620935f089b1bb77987ebc162fda7c72bff368a32c9cccabac
RF00522__6VUI_A__7REX_A__a1__forward__rep3	RF00522__6VUI_A__7REX_A	forward	3	RF00522__6VUI_A	27	A	27	A:27	yes	no	58	28	A	A:28	28	A	A:28	same_partner	NA	NA	yes	0	Rfam.seed.gz	15.1	41f014f4ab5628620935f089b1bb77987ebc162fda7c72bff368a32c9cccabac
RF00522__6VUI_A__7REX_A__a1__forward__rep3	RF00522__6VUI_A__7REX_A	forward	3	RF00522__6VUI_A	28	A	28	A:28	yes	no	59	29	A	A:29	29	A	A:29	same_partner	NA	NA	yes	0	Rfam.seed.gz	15.1	41f014f4ab5628620935f089b1bb77987ebc162fda7c72bff368a32c9cccabac
RF00522__6VUI_A__7REX_A__a1__forward__rep3	RF00522__6VUI_A__7REX_A	forward	3	RF00522__6VUI_A	29	A	29	A:29	yes	no	60	30	A	A:30	30	A	A:30	same_partner	NA	NA	yes	0	Rfam.seed.gz	15.1	41f014f4ab5628620935f089b1bb77987ebc162fda7c72bff368a32c9cccabac
RF00522__6VUI_A__7REX_A__a1__forward__rep3	RF00522__6VUI_A__7REX_A	forward	3	RF00522__6VUI_A	30	C	30	A:30	yes	no	61	31	C	A:31	31	C	A:31	same_partner	NA	NA	yes	0	Rfam.seed.gz	15.1	41f014f4ab5628620935f089b1bb77987ebc162fda7c72bff368a32c9cccabac
RF00522__6VUI_A__7REX_A__a1__forward__rep3	RF00522__6VUI_A__7REX_A	forward	3	RF00522__6VUI_A	31	A	31	A:31	yes	no	63	32	U	A:32	32	U	A:32	same_partner	NA	NA	yes	0	Rfam.seed.gz	15.1	41f014f4ab5628620935f089b1bb77987ebc162fda7c72bff368a32c9cccabac
RF00522__6VUI_A__7REX_A__a1__forward__rep3	RF00522__6VUI_A__7REX_A	forward	3	RF00522__6VUI_A	32	A	32	A:32	yes	no	64	33	A	A:33	33	A	A:33	same_partner	NA	NA	yes	0	Rfam.seed.gz	15.1	41f014f4ab5628620935f089b1bb77987ebc162fda7c72bff368a32c9cccabac
RF00522__6VUI_A__7REX_A__a1__forward__rep3	RF00522__6VUI_A__7REX_A	forward	3	RF00522__6VUI_A	33	G	33	A:33	yes	no	65	34	G	A:34	34	G	A:34	same_partner	NA	NA	yes	0	Rfam.seed.gz	15.1	41f014f4ab5628620935f089b1bb77987ebc162fda7c72bff368a32c9cccabac
RF00522__6VUI_A__7REX_A__a1__reverse__rep1	RF00522__6VUI_A__7REX_A	reverse	1	RF00522__6VUI_A	1	C	1	A:1	yes	no	6	1	U	A:1	1	U	A:1	same_partner	NA	NA	yes	0	Rfam.seed.gz	15.1	41f014f4ab5628620935f089b1bb77987ebc162fda7c72bff368a32c9cccabac
RF00522__6VUI_A__7REX_A__a1__reverse__rep1	RF00522__6VUI_A__7REX_A	reverse	1	RF00522__6VUI_A	2	U	2	A:2	yes	no	7	2	G	A:2	2	G	A:2	same_partner	NA	NA	yes	0	Rfam.seed.gz	15.1	41f014f4ab5628620935f089b1bb77987ebc162fda7c72bff368a32c9cccabac
RF00522__6VUI_A__7REX_A__a1__reverse__rep1	RF00522__6VUI_A__7REX_A	reverse	1	RF00522__6VUI_A	3	G	3	A:3	yes	no	8	3	U	A:3	3	U	A:3	same_partner	NA	NA	yes	0	Rfam.seed.gz	15.1	41f014f4ab5628620935f089b1bb77987ebc162fda7c72bff368a32c9cccabac
RF00522__6VUI_A__7REX_A__a1__reverse__rep1	RF00522__6VUI_A__7REX_A	reverse	1	RF00522__6VUI_A	4	G	4	A:4	yes	no	9	4	G	A:4	4	G	A:4	same_partner	NA	NA	yes	0	Rfam.seed.gz	15.1	41f014f4ab5628620935f089b1bb77987ebc162fda7c72bff368a32c9cccabac
RF00522__6VUI_A__7REX_A__a1__reverse__rep1	RF00522__6VUI_A__7REX_A	reverse	1	RF00522__6VUI_A	5	G	5	A:5	yes	no	10	5	G	A:5	5	G	A:5	same_partner	NA	NA	yes	0	Rfam.seed.gz	15.1	41f014f4ab5628620935f089b1bb77987ebc162fda7c72bff368a32c9cccabac
RF00522__6VUI_A__7REX_A__a1__reverse__rep1	RF00522__6VUI_A__7REX_A	reverse	1	RF00522__6VUI_A	6	U	6	A:6	yes	no	11	6	U	A:6	6	U	A:6	same_partner	NA	NA	yes	0	Rfam.seed.gz	15.1	41f014f4ab5628620935f089b1bb77987ebc162fda7c72bff368a32c9cccabac
RF00522__6VUI_A__7REX_A__a1__reverse__rep1	RF00522__6VUI_A__7REX_A	reverse	1	RF00522__6VUI_A	7	C	7	A:7	yes	no	13	8	C	A:8	7	U	A:7	different_partner	NA	NA	yes	-1	Rfam.seed.gz	15.1	41f014f4ab5628620935f089b1bb77987ebc162fda7c72bff368a32c9cccabac
RF00522__6VUI_A__7REX_A__a1__reverse__rep1	RF00522__6VUI_A__7REX_A	reverse	1	RF00522__6VUI_A	8	G	8	A:8	yes	no	14	9	G	A:9	10	C	A:10	different_partner	NA	NA	yes	1	Rfam.seed.gz	15.1	41f014f4ab5628620935f089b1bb77987ebc162fda7c72bff368a32c9cccabac
RF00522__6VUI_A__7REX_A__a1__reverse__rep1	RF00522__6VUI_A__7REX_A	reverse	1	RF00522__6VUI_A	9	C	9	A:9	yes	no	15	10	C	A:10	11	A	A:11	different_partner	NA	NA	yes	1	Rfam.seed.gz	15.1	41f014f4ab5628620935f089b1bb77987ebc162fda7c72bff368a32c9cccabac
RF00522__6VUI_A__7REX_A__a1__reverse__rep1	RF00522__6VUI_A__7REX_A	reverse	1	RF00522__6VUI_A	10	A	10	A:10	yes	no	16	11	A	A:11	12	A	A:12	different_partner	NA	NA	yes	1	Rfam.seed.gz	15.1	41f014f4ab5628620935f089b1bb77987ebc162fda7c72bff368a32c9cccabac
RF00522__6VUI_A__7REX_A__a1__reverse__rep1	RF00522__6VUI_A__7REX_A	reverse	1	RF00522__6VUI_A	11	G	11	A:11	yes	no	17	12	A	A:12	13	C	A:13	different_partner	NA	NA	yes	1	Rfam.seed.gz	15.1	41f014f4ab5628620935f089b1bb77987ebc162fda7c72bff368a32c9cccabac
RF00522__6VUI_A__7REX_A__a1__reverse__rep1	RF00522__6VUI_A__7REX_A	reverse	1	RF00522__6VUI_A	12	U	12	A:12	yes	no	20	13	C	A:13	14	C	A:14	different_partner	NA	NA	yes	1	Rfam.seed.gz	15.1	41f014f4ab5628620935f089b1bb77987ebc162fda7c72bff368a32c9cccabac
RF00522__6VUI_A__7REX_A__a1__reverse__rep1	RF00522__6VUI_A__7REX_A	reverse	1	RF00522__6VUI_A	13	A	13	A:13	yes	no	22	NA	NA	NA	15	A	A:15	star3d_only	alignment_gap_in_standard_seed	NA	no	NA	Rfam.seed.gz	15.1	41f014f4ab5628620935f089b1bb77987ebc162fda7c72bff368a32c9cccabac
RF00522__6VUI_A__7REX_A__a1__reverse__rep1	RF00522__6VUI_A__7REX_A	reverse	1	RF00522__6VUI_A	14	A	14	A:14	yes	no	25	15	A	A:15	16	U	A:16	different_partner	NA	NA	yes	1	Rfam.seed.gz	15.1	41f014f4ab5628620935f089b1bb77987ebc162fda7c72bff368a32c9cccabac
RF00522__6VUI_A__7REX_A__a1__reverse__rep1	RF00522__6VUI_A__7REX_A	reverse	1	RF00522__6VUI_A	15	C	15	A:15	yes	no	26	16	U	A:16	17	C	A:17	different_partner	NA	NA	yes	1	Rfam.seed.gz	15.1	41f014f4ab5628620935f089b1bb77987ebc162fda7c72bff368a32c9cccabac
RF00522__6VUI_A__7REX_A__a1__reverse__rep1	RF00522__6VUI_A__7REX_A	reverse	1	RF00522__6VUI_A	16	C	16	A:16	yes	no	27	17	C	A:17	18	C	A:18	different_partner	NA	NA	yes	1	Rfam.seed.gz	15.1	41f014f4ab5628620935f089b1bb77987ebc162fda7c72bff368a32c9cccabac
RF00522__6VUI_A__7REX_A__a1__reverse__rep1	RF00522__6VUI_A__7REX_A	reverse	1	RF00522__6VUI_A	17	C	17	A:17	yes	no	28	18	C	A:18	19	C	A:19	different_partner	NA	NA	yes	1	Rfam.seed.gz	15.1	41f014f4ab5628620935f089b1bb77987ebc162fda7c72bff368a32c9cccabac
RF00522__6VUI_A__7REX_A__a1__reverse__rep1	RF00522__6VUI_A__7REX_A	reverse	1	RF00522__6VUI_A	18	C	18	A:18	yes	no	29	19	C	A:19	20	A	A:20	different_partner	NA	NA	yes	1	Rfam.seed.gz	15.1	41f014f4ab5628620935f089b1bb77987ebc162fda7c72bff368a32c9cccabac
RF00522__6VUI_A__7REX_A__a1__reverse__rep1	RF00522__6VUI_A__7REX_A	reverse	1	RF00522__6VUI_A	19	A	19	A:19	yes	no	30	20	A	A:20	21	C	A:21	different_partner	NA	NA	yes	1	Rfam.seed.gz	15.1	41f014f4ab5628620935f089b1bb77987ebc162fda7c72bff368a32c9cccabac
RF00522__6VUI_A__7REX_A__a1__reverse__rep1	RF00522__6VUI_A__7REX_A	reverse	1	RF00522__6VUI_A	20	G	20	A:20	yes	no	31	21	C	A:21	22	A	A:22	different_partner	NA	NA	yes	1	Rfam.seed.gz	15.1	41f014f4ab5628620935f089b1bb77987ebc162fda7c72bff368a32c9cccabac
RF00522__6VUI_A__7REX_A__a1__reverse__rep1	RF00522__6VUI_A__7REX_A	reverse	1	RF00522__6VUI_A	21	U	21	A:21	yes	no	32	22	A	A:22	23	U	A:23	different_partner	NA	NA	yes	1	Rfam.seed.gz	15.1	41f014f4ab5628620935f089b1bb77987ebc162fda7c72bff368a32c9cccabac
RF00522__6VUI_A__7REX_A__a1__reverse__rep1	RF00522__6VUI_A__7REX_A	reverse	1	RF00522__6VUI_A	22	U	22	A:22	yes	no	53	23	U	A:23	24	A	A:24	different_partner	NA	NA	yes	1	Rfam.seed.gz	15.1	41f014f4ab5628620935f089b1bb77987ebc162fda7c72bff368a32c9cccabac
RF00522__6VUI_A__7REX_A__a1__reverse__rep1	RF00522__6VUI_A__7REX_A	reverse	1	RF00522__6VUI_A	23	A	23	A:23	yes	no	54	24	A	A:24	NA	NA	NA	rfam_only	NA	algorithm_omission	yes	NA	Rfam.seed.gz	15.1	41f014f4ab5628620935f089b1bb77987ebc162fda7c72bff368a32c9cccabac
RF00522__6VUI_A__7REX_A__a1__reverse__rep1	RF00522__6VUI_A__7REX_A	reverse	1	RF00522__6VUI_A	24	A	24	A:24	yes	no	55	25	A	A:25	25	A	A:25	same_partner	NA	NA	yes	0	Rfam.seed.gz	15.1	41f014f4ab5628620935f089b1bb77987ebc162fda7c72bff368a32c9cccabac
RF00522__6VUI_A__7REX_A__a1__reverse__rep1	RF00522__6VUI_A__7REX_A	reverse	1	RF00522__6VUI_A	25	C	25	A:25	yes	no	56	26	A	A:26	26	A	A:26	same_partner	NA	NA	yes	0	Rfam.seed.gz	15.1	41f014f4ab5628620935f089b1bb77987ebc162fda7c72bff368a32c9cccabac
RF00522__6VUI_A__7REX_A__a1__reverse__rep1	RF00522__6VUI_A__7REX_A	reverse	1	RF00522__6VUI_A	26	A	26	A:26	yes	no	57	27	A	A:27	27	A	A:27	same_partner	NA	NA	yes	0	Rfam.seed.gz	15.1	41f014f4ab5628620935f089b1bb77987ebc162fda7c72bff368a32c9cccabac
RF00522__6VUI_A__7REX_A__a1__reverse__rep1	RF00522__6VUI_A__7REX_A	reverse	1	RF00522__6VUI_A	27	A	27	A:27	yes	no	58	28	A	A:28	28	A	A:28	same_partner	NA	NA	yes	0	Rfam.seed.gz	15.1	41f014f4ab5628620935f089b1bb77987ebc162fda7c72bff368a32c9cccabac
RF00522__6VUI_A__7REX_A__a1__reverse__rep1	RF00522__6VUI_A__7REX_A	reverse	1	RF00522__6VUI_A	28	A	28	A:28	yes	no	59	29	A	A:29	29	A	A:29	same_partner	NA	NA	yes	0	Rfam.seed.gz	15.1	41f014f4ab5628620935f089b1bb77987ebc162fda7c72bff368a32c9cccabac
RF00522__6VUI_A__7REX_A__a1__reverse__rep1	RF00522__6VUI_A__7REX_A	reverse	1	RF00522__6VUI_A	29	A	29	A:29	yes	no	60	30	A	A:30	30	A	A:30	same_partner	NA	NA	yes	0	Rfam.seed.gz	15.1	41f014f4ab5628620935f089b1bb77987ebc162fda7c72bff368a32c9cccabac
RF00522__6VUI_A__7REX_A__a1__reverse__rep1	RF00522__6VUI_A__7REX_A	reverse	1	RF00522__6VUI_A	30	C	30	A:30	yes	no	61	31	C	A:31	31	C	A:31	same_partner	NA	NA	yes	0	Rfam.seed.gz	15.1	41f014f4ab5628620935f089b1bb77987ebc162fda7c72bff368a32c9cccabac
RF00522__6VUI_A__7REX_A__a1__reverse__rep1	RF00522__6VUI_A__7REX_A	reverse	1	RF00522__6VUI_A	31	A	31	A:31	yes	no	63	32	U	A:32	32	U	A:32	same_partner	NA	NA	yes	0	Rfam.seed.gz	15.1	41f014f4ab5628620935f089b1bb77987ebc162fda7c72bff368a32c9cccabac
RF00522__6VUI_A__7REX_A__a1__reverse__rep1	RF00522__6VUI_A__7REX_A	reverse	1	RF00522__6VUI_A	32	A	32	A:32	yes	no	64	33	A	A:33	33	A	A:33	same_partner	NA	NA	yes	0	Rfam.seed.gz	15.1	41f014f4ab5628620935f089b1bb77987ebc162fda7c72bff368a32c9cccabac
RF00522__6VUI_A__7REX_A__a1__reverse__rep1	RF00522__6VUI_A__7REX_A	reverse	1	RF00522__6VUI_A	33	G	33	A:33	yes	no	65	34	G	A:34	34	G	A:34	same_partner	NA	NA	yes	0	Rfam.seed.gz	15.1	41f014f4ab5628620935f089b1bb77987ebc162fda7c72bff368a32c9cccabac
RF00522__6VUI_A__7REX_A__a1__reverse__rep2	RF00522__6VUI_A__7REX_A	reverse	2	RF00522__6VUI_A	1	C	1	A:1	yes	no	6	1	U	A:1	1	U	A:1	same_partner	NA	NA	yes	0	Rfam.seed.gz	15.1	41f014f4ab5628620935f089b1bb77987ebc162fda7c72bff368a32c9cccabac
RF00522__6VUI_A__7REX_A__a1__reverse__rep2	RF00522__6VUI_A__7REX_A	reverse	2	RF00522__6VUI_A	2	U	2	A:2	yes	no	7	2	G	A:2	2	G	A:2	same_partner	NA	NA	yes	0	Rfam.seed.gz	15.1	41f014f4ab5628620935f089b1bb77987ebc162fda7c72bff368a32c9cccabac
RF00522__6VUI_A__7REX_A__a1__reverse__rep2	RF00522__6VUI_A__7REX_A	reverse	2	RF00522__6VUI_A	3	G	3	A:3	yes	no	8	3	U	A:3	3	U	A:3	same_partner	NA	NA	yes	0	Rfam.seed.gz	15.1	41f014f4ab5628620935f089b1bb77987ebc162fda7c72bff368a32c9cccabac
RF00522__6VUI_A__7REX_A__a1__reverse__rep2	RF00522__6VUI_A__7REX_A	reverse	2	RF00522__6VUI_A	4	G	4	A:4	yes	no	9	4	G	A:4	4	G	A:4	same_partner	NA	NA	yes	0	Rfam.seed.gz	15.1	41f014f4ab5628620935f089b1bb77987ebc162fda7c72bff368a32c9cccabac
RF00522__6VUI_A__7REX_A__a1__reverse__rep2	RF00522__6VUI_A__7REX_A	reverse	2	RF00522__6VUI_A	5	G	5	A:5	yes	no	10	5	G	A:5	5	G	A:5	same_partner	NA	NA	yes	0	Rfam.seed.gz	15.1	41f014f4ab5628620935f089b1bb77987ebc162fda7c72bff368a32c9cccabac
RF00522__6VUI_A__7REX_A__a1__reverse__rep2	RF00522__6VUI_A__7REX_A	reverse	2	RF00522__6VUI_A	6	U	6	A:6	yes	no	11	6	U	A:6	6	U	A:6	same_partner	NA	NA	yes	0	Rfam.seed.gz	15.1	41f014f4ab5628620935f089b1bb77987ebc162fda7c72bff368a32c9cccabac
RF00522__6VUI_A__7REX_A__a1__reverse__rep2	RF00522__6VUI_A__7REX_A	reverse	2	RF00522__6VUI_A	7	C	7	A:7	yes	no	13	8	C	A:8	7	U	A:7	different_partner	NA	NA	yes	-1	Rfam.seed.gz	15.1	41f014f4ab5628620935f089b1bb77987ebc162fda7c72bff368a32c9cccabac
RF00522__6VUI_A__7REX_A__a1__reverse__rep2	RF00522__6VUI_A__7REX_A	reverse	2	RF00522__6VUI_A	8	G	8	A:8	yes	no	14	9	G	A:9	10	C	A:10	different_partner	NA	NA	yes	1	Rfam.seed.gz	15.1	41f014f4ab5628620935f089b1bb77987ebc162fda7c72bff368a32c9cccabac
RF00522__6VUI_A__7REX_A__a1__reverse__rep2	RF00522__6VUI_A__7REX_A	reverse	2	RF00522__6VUI_A	9	C	9	A:9	yes	no	15	10	C	A:10	11	A	A:11	different_partner	NA	NA	yes	1	Rfam.seed.gz	15.1	41f014f4ab5628620935f089b1bb77987ebc162fda7c72bff368a32c9cccabac
RF00522__6VUI_A__7REX_A__a1__reverse__rep2	RF00522__6VUI_A__7REX_A	reverse	2	RF00522__6VUI_A	10	A	10	A:10	yes	no	16	11	A	A:11	12	A	A:12	different_partner	NA	NA	yes	1	Rfam.seed.gz	15.1	41f014f4ab5628620935f089b1bb77987ebc162fda7c72bff368a32c9cccabac
RF00522__6VUI_A__7REX_A__a1__reverse__rep2	RF00522__6VUI_A__7REX_A	reverse	2	RF00522__6VUI_A	11	G	11	A:11	yes	no	17	12	A	A:12	13	C	A:13	different_partner	NA	NA	yes	1	Rfam.seed.gz	15.1	41f014f4ab5628620935f089b1bb77987ebc162fda7c72bff368a32c9cccabac
RF00522__6VUI_A__7REX_A__a1__reverse__rep2	RF00522__6VUI_A__7REX_A	reverse	2	RF00522__6VUI_A	12	U	12	A:12	yes	no	20	13	C	A:13	14	C	A:14	different_partner	NA	NA	yes	1	Rfam.seed.gz	15.1	41f014f4ab5628620935f089b1bb77987ebc162fda7c72bff368a32c9cccabac
RF00522__6VUI_A__7REX_A__a1__reverse__rep2	RF00522__6VUI_A__7REX_A	reverse	2	RF00522__6VUI_A	13	A	13	A:13	yes	no	22	NA	NA	NA	15	A	A:15	star3d_only	alignment_gap_in_standard_seed	NA	no	NA	Rfam.seed.gz	15.1	41f014f4ab5628620935f089b1bb77987ebc162fda7c72bff368a32c9cccabac
RF00522__6VUI_A__7REX_A__a1__reverse__rep2	RF00522__6VUI_A__7REX_A	reverse	2	RF00522__6VUI_A	14	A	14	A:14	yes	no	25	15	A	A:15	16	U	A:16	different_partner	NA	NA	yes	1	Rfam.seed.gz	15.1	41f014f4ab5628620935f089b1bb77987ebc162fda7c72bff368a32c9cccabac
RF00522__6VUI_A__7REX_A__a1__reverse__rep2	RF00522__6VUI_A__7REX_A	reverse	2	RF00522__6VUI_A	15	C	15	A:15	yes	no	26	16	U	A:16	17	C	A:17	different_partner	NA	NA	yes	1	Rfam.seed.gz	15.1	41f014f4ab5628620935f089b1bb77987ebc162fda7c72bff368a32c9cccabac
RF00522__6VUI_A__7REX_A__a1__reverse__rep2	RF00522__6VUI_A__7REX_A	reverse	2	RF00522__6VUI_A	16	C	16	A:16	yes	no	27	17	C	A:17	18	C	A:18	different_partner	NA	NA	yes	1	Rfam.seed.gz	15.1	41f014f4ab5628620935f089b1bb77987ebc162fda7c72bff368a32c9cccabac
RF00522__6VUI_A__7REX_A__a1__reverse__rep2	RF00522__6VUI_A__7REX_A	reverse	2	RF00522__6VUI_A	17	C	17	A:17	yes	no	28	18	C	A:18	19	C	A:19	different_partner	NA	NA	yes	1	Rfam.seed.gz	15.1	41f014f4ab5628620935f089b1bb77987ebc162fda7c72bff368a32c9cccabac
RF00522__6VUI_A__7REX_A__a1__reverse__rep2	RF00522__6VUI_A__7REX_A	reverse	2	RF00522__6VUI_A	18	C	18	A:18	yes	no	29	19	C	A:19	20	A	A:20	different_partner	NA	NA	yes	1	Rfam.seed.gz	15.1	41f014f4ab5628620935f089b1bb77987ebc162fda7c72bff368a32c9cccabac
RF00522__6VUI_A__7REX_A__a1__reverse__rep2	RF00522__6VUI_A__7REX_A	reverse	2	RF00522__6VUI_A	19	A	19	A:19	yes	no	30	20	A	A:20	21	C	A:21	different_partner	NA	NA	yes	1	Rfam.seed.gz	15.1	41f014f4ab5628620935f089b1bb77987ebc162fda7c72bff368a32c9cccabac
RF00522__6VUI_A__7REX_A__a1__reverse__rep2	RF00522__6VUI_A__7REX_A	reverse	2	RF00522__6VUI_A	20	G	20	A:20	yes	no	31	21	C	A:21	22	A	A:22	different_partner	NA	NA	yes	1	Rfam.seed.gz	15.1	41f014f4ab5628620935f089b1bb77987ebc162fda7c72bff368a32c9cccabac
RF00522__6VUI_A__7REX_A__a1__reverse__rep2	RF00522__6VUI_A__7REX_A	reverse	2	RF00522__6VUI_A	21	U	21	A:21	yes	no	32	22	A	A:22	23	U	A:23	different_partner	NA	NA	yes	1	Rfam.seed.gz	15.1	41f014f4ab5628620935f089b1bb77987ebc162fda7c72bff368a32c9cccabac
RF00522__6VUI_A__7REX_A__a1__reverse__rep2	RF00522__6VUI_A__7REX_A	reverse	2	RF00522__6VUI_A	22	U	22	A:22	yes	no	53	23	U	A:23	24	A	A:24	different_partner	NA	NA	yes	1	Rfam.seed.gz	15.1	41f014f4ab5628620935f089b1bb77987ebc162fda7c72bff368a32c9cccabac
RF00522__6VUI_A__7REX_A__a1__reverse__rep2	RF00522__6VUI_A__7REX_A	reverse	2	RF00522__6VUI_A	23	A	23	A:23	yes	no	54	24	A	A:24	NA	NA	NA	rfam_only	NA	algorithm_omission	yes	NA	Rfam.seed.gz	15.1	41f014f4ab5628620935f089b1bb77987ebc162fda7c72bff368a32c9cccabac
RF00522__6VUI_A__7REX_A__a1__reverse__rep2	RF00522__6VUI_A__7REX_A	reverse	2	RF00522__6VUI_A	24	A	24	A:24	yes	no	55	25	A	A:25	25	A	A:25	same_partner	NA	NA	yes	0	Rfam.seed.gz	15.1	41f014f4ab5628620935f089b1bb77987ebc162fda7c72bff368a32c9cccabac
RF00522__6VUI_A__7REX_A__a1__reverse__rep2	RF00522__6VUI_A__7REX_A	reverse	2	RF00522__6VUI_A	25	C	25	A:25	yes	no	56	26	A	A:26	26	A	A:26	same_partner	NA	NA	yes	0	Rfam.seed.gz	15.1	41f014f4ab5628620935f089b1bb77987ebc162fda7c72bff368a32c9cccabac
RF00522__6VUI_A__7REX_A__a1__reverse__rep2	RF00522__6VUI_A__7REX_A	reverse	2	RF00522__6VUI_A	26	A	26	A:26	yes	no	57	27	A	A:27	27	A	A:27	same_partner	NA	NA	yes	0	Rfam.seed.gz	15.1	41f014f4ab5628620935f089b1bb77987ebc162fda7c72bff368a32c9cccabac
RF00522__6VUI_A__7REX_A__a1__reverse__rep2	RF00522__6VUI_A__7REX_A	reverse	2	RF00522__6VUI_A	27	A	27	A:27	yes	no	58	28	A	A:28	28	A	A:28	same_partner	NA	NA	yes	0	Rfam.seed.gz	15.1	41f014f4ab5628620935f089b1bb77987ebc162fda7c72bff368a32c9cccabac
RF00522__6VUI_A__7REX_A__a1__reverse__rep2	RF00522__6VUI_A__7REX_A	reverse	2	RF00522__6VUI_A	28	A	28	A:28	yes	no	59	29	A	A:29	29	A	A:29	same_partner	NA	NA	yes	0	Rfam.seed.gz	15.1	41f014f4ab5628620935f089b1bb77987ebc162fda7c72bff368a32c9cccabac
RF00522__6VUI_A__7REX_A__a1__reverse__rep2	RF00522__6VUI_A__7REX_A	reverse	2	RF00522__6VUI_A	29	A	29	A:29	yes	no	60	30	A	A:30	30	A	A:30	same_partner	NA	NA	yes	0	Rfam.seed.gz	15.1	41f014f4ab5628620935f089b1bb77987ebc162fda7c72bff368a32c9cccabac
RF00522__6VUI_A__7REX_A__a1__reverse__rep2	RF00522__6VUI_A__7REX_A	reverse	2	RF00522__6VUI_A	30	C	30	A:30	yes	no	61	31	C	A:31	31	C	A:31	same_partner	NA	NA	yes	0	Rfam.seed.gz	15.1	41f014f4ab5628620935f089b1bb77987ebc162fda7c72bff368a32c9cccabac
RF00522__6VUI_A__7REX_A__a1__reverse__rep2	RF00522__6VUI_A__7REX_A	reverse	2	RF00522__6VUI_A	31	A	31	A:31	yes	no	63	32	U	A:32	32	U	A:32	same_partner	NA	NA	yes	0	Rfam.seed.gz	15.1	41f014f4ab5628620935f089b1bb77987ebc162fda7c72bff368a32c9cccabac
RF00522__6VUI_A__7REX_A__a1__reverse__rep2	RF00522__6VUI_A__7REX_A	reverse	2	RF00522__6VUI_A	32	A	32	A:32	yes	no	64	33	A	A:33	33	A	A:33	same_partner	NA	NA	yes	0	Rfam.seed.gz	15.1	41f014f4ab5628620935f089b1bb77987ebc162fda7c72bff368a32c9cccabac
RF00522__6VUI_A__7REX_A__a1__reverse__rep2	RF00522__6VUI_A__7REX_A	reverse	2	RF00522__6VUI_A	33	G	33	A:33	yes	no	65	34	G	A:34	34	G	A:34	same_partner	NA	NA	yes	0	Rfam.seed.gz	15.1	41f014f4ab5628620935f089b1bb77987ebc162fda7c72bff368a32c9cccabac
RF00522__6VUI_A__7REX_A__a1__reverse__rep3	RF00522__6VUI_A__7REX_A	reverse	3	RF00522__6VUI_A	1	C	1	A:1	yes	no	6	1	U	A:1	1	U	A:1	same_partner	NA	NA	yes	0	Rfam.seed.gz	15.1	41f014f4ab5628620935f089b1bb77987ebc162fda7c72bff368a32c9cccabac
RF00522__6VUI_A__7REX_A__a1__reverse__rep3	RF00522__6VUI_A__7REX_A	reverse	3	RF00522__6VUI_A	2	U	2	A:2	yes	no	7	2	G	A:2	2	G	A:2	same_partner	NA	NA	yes	0	Rfam.seed.gz	15.1	41f014f4ab5628620935f089b1bb77987ebc162fda7c72bff368a32c9cccabac
RF00522__6VUI_A__7REX_A__a1__reverse__rep3	RF00522__6VUI_A__7REX_A	reverse	3	RF00522__6VUI_A	3	G	3	A:3	yes	no	8	3	U	A:3	3	U	A:3	same_partner	NA	NA	yes	0	Rfam.seed.gz	15.1	41f014f4ab5628620935f089b1bb77987ebc162fda7c72bff368a32c9cccabac
RF00522__6VUI_A__7REX_A__a1__reverse__rep3	RF00522__6VUI_A__7REX_A	reverse	3	RF00522__6VUI_A	4	G	4	A:4	yes	no	9	4	G	A:4	4	G	A:4	same_partner	NA	NA	yes	0	Rfam.seed.gz	15.1	41f014f4ab5628620935f089b1bb77987ebc162fda7c72bff368a32c9cccabac
RF00522__6VUI_A__7REX_A__a1__reverse__rep3	RF00522__6VUI_A__7REX_A	reverse	3	RF00522__6VUI_A	5	G	5	A:5	yes	no	10	5	G	A:5	5	G	A:5	same_partner	NA	NA	yes	0	Rfam.seed.gz	15.1	41f014f4ab5628620935f089b1bb77987ebc162fda7c72bff368a32c9cccabac
RF00522__6VUI_A__7REX_A__a1__reverse__rep3	RF00522__6VUI_A__7REX_A	reverse	3	RF00522__6VUI_A	6	U	6	A:6	yes	no	11	6	U	A:6	6	U	A:6	same_partner	NA	NA	yes	0	Rfam.seed.gz	15.1	41f014f4ab5628620935f089b1bb77987ebc162fda7c72bff368a32c9cccabac
RF00522__6VUI_A__7REX_A__a1__reverse__rep3	RF00522__6VUI_A__7REX_A	reverse	3	RF00522__6VUI_A	7	C	7	A:7	yes	no	13	8	C	A:8	7	U	A:7	different_partner	NA	NA	yes	-1	Rfam.seed.gz	15.1	41f014f4ab5628620935f089b1bb77987ebc162fda7c72bff368a32c9cccabac
RF00522__6VUI_A__7REX_A__a1__reverse__rep3	RF00522__6VUI_A__7REX_A	reverse	3	RF00522__6VUI_A	8	G	8	A:8	yes	no	14	9	G	A:9	10	C	A:10	different_partner	NA	NA	yes	1	Rfam.seed.gz	15.1	41f014f4ab5628620935f089b1bb77987ebc162fda7c72bff368a32c9cccabac
RF00522__6VUI_A__7REX_A__a1__reverse__rep3	RF00522__6VUI_A__7REX_A	reverse	3	RF00522__6VUI_A	9	C	9	A:9	yes	no	15	10	C	A:10	11	A	A:11	different_partner	NA	NA	yes	1	Rfam.seed.gz	15.1	41f014f4ab5628620935f089b1bb77987ebc162fda7c72bff368a32c9cccabac
RF00522__6VUI_A__7REX_A__a1__reverse__rep3	RF00522__6VUI_A__7REX_A	reverse	3	RF00522__6VUI_A	10	A	10	A:10	yes	no	16	11	A	A:11	12	A	A:12	different_partner	NA	NA	yes	1	Rfam.seed.gz	15.1	41f014f4ab5628620935f089b1bb77987ebc162fda7c72bff368a32c9cccabac
RF00522__6VUI_A__7REX_A__a1__reverse__rep3	RF00522__6VUI_A__7REX_A	reverse	3	RF00522__6VUI_A	11	G	11	A:11	yes	no	17	12	A	A:12	13	C	A:13	different_partner	NA	NA	yes	1	Rfam.seed.gz	15.1	41f014f4ab5628620935f089b1bb77987ebc162fda7c72bff368a32c9cccabac
RF00522__6VUI_A__7REX_A__a1__reverse__rep3	RF00522__6VUI_A__7REX_A	reverse	3	RF00522__6VUI_A	12	U	12	A:12	yes	no	20	13	C	A:13	14	C	A:14	different_partner	NA	NA	yes	1	Rfam.seed.gz	15.1	41f014f4ab5628620935f089b1bb77987ebc162fda7c72bff368a32c9cccabac
RF00522__6VUI_A__7REX_A__a1__reverse__rep3	RF00522__6VUI_A__7REX_A	reverse	3	RF00522__6VUI_A	13	A	13	A:13	yes	no	22	NA	NA	NA	15	A	A:15	star3d_only	alignment_gap_in_standard_seed	NA	no	NA	Rfam.seed.gz	15.1	41f014f4ab5628620935f089b1bb77987ebc162fda7c72bff368a32c9cccabac
RF00522__6VUI_A__7REX_A__a1__reverse__rep3	RF00522__6VUI_A__7REX_A	reverse	3	RF00522__6VUI_A	14	A	14	A:14	yes	no	25	15	A	A:15	16	U	A:16	different_partner	NA	NA	yes	1	Rfam.seed.gz	15.1	41f014f4ab5628620935f089b1bb77987ebc162fda7c72bff368a32c9cccabac
RF00522__6VUI_A__7REX_A__a1__reverse__rep3	RF00522__6VUI_A__7REX_A	reverse	3	RF00522__6VUI_A	15	C	15	A:15	yes	no	26	16	U	A:16	17	C	A:17	different_partner	NA	NA	yes	1	Rfam.seed.gz	15.1	41f014f4ab5628620935f089b1bb77987ebc162fda7c72bff368a32c9cccabac
RF00522__6VUI_A__7REX_A__a1__reverse__rep3	RF00522__6VUI_A__7REX_A	reverse	3	RF00522__6VUI_A	16	C	16	A:16	yes	no	27	17	C	A:17	18	C	A:18	different_partner	NA	NA	yes	1	Rfam.seed.gz	15.1	41f014f4ab5628620935f089b1bb77987ebc162fda7c72bff368a32c9cccabac
RF00522__6VUI_A__7REX_A__a1__reverse__rep3	RF00522__6VUI_A__7REX_A	reverse	3	RF00522__6VUI_A	17	C	17	A:17	yes	no	28	18	C	A:18	19	C	A:19	different_partner	NA	NA	yes	1	Rfam.seed.gz	15.1	41f014f4ab5628620935f089b1bb77987ebc162fda7c72bff368a32c9cccabac
RF00522__6VUI_A__7REX_A__a1__reverse__rep3	RF00522__6VUI_A__7REX_A	reverse	3	RF00522__6VUI_A	18	C	18	A:18	yes	no	29	19	C	A:19	20	A	A:20	different_partner	NA	NA	yes	1	Rfam.seed.gz	15.1	41f014f4ab5628620935f089b1bb77987ebc162fda7c72bff368a32c9cccabac
RF00522__6VUI_A__7REX_A__a1__reverse__rep3	RF00522__6VUI_A__7REX_A	reverse	3	RF00522__6VUI_A	19	A	19	A:19	yes	no	30	20	A	A:20	21	C	A:21	different_partner	NA	NA	yes	1	Rfam.seed.gz	15.1	41f014f4ab5628620935f089b1bb77987ebc162fda7c72bff368a32c9cccabac
RF00522__6VUI_A__7REX_A__a1__reverse__rep3	RF00522__6VUI_A__7REX_A	reverse	3	RF00522__6VUI_A	20	G	20	A:20	yes	no	31	21	C	A:21	22	A	A:22	different_partner	NA	NA	yes	1	Rfam.seed.gz	15.1	41f014f4ab5628620935f089b1bb77987ebc162fda7c72bff368a32c9cccabac
RF00522__6VUI_A__7REX_A__a1__reverse__rep3	RF00522__6VUI_A__7REX_A	reverse	3	RF00522__6VUI_A	21	U	21	A:21	yes	no	32	22	A	A:22	23	U	A:23	different_partner	NA	NA	yes	1	Rfam.seed.gz	15.1	41f014f4ab5628620935f089b1bb77987ebc162fda7c72bff368a32c9cccabac
RF00522__6VUI_A__7REX_A__a1__reverse__rep3	RF00522__6VUI_A__7REX_A	reverse	3	RF00522__6VUI_A	22	U	22	A:22	yes	no	53	23	U	A:23	24	A	A:24	different_partner	NA	NA	yes	1	Rfam.seed.gz	15.1	41f014f4ab5628620935f089b1bb77987ebc162fda7c72bff368a32c9cccabac
RF00522__6VUI_A__7REX_A__a1__reverse__rep3	RF00522__6VUI_A__7REX_A	reverse	3	RF00522__6VUI_A	23	A	23	A:23	yes	no	54	24	A	A:24	NA	NA	NA	rfam_only	NA	algorithm_omission	yes	NA	Rfam.seed.gz	15.1	41f014f4ab5628620935f089b1bb77987ebc162fda7c72bff368a32c9cccabac
RF00522__6VUI_A__7REX_A__a1__reverse__rep3	RF00522__6VUI_A__7REX_A	reverse	3	RF00522__6VUI_A	24	A	24	A:24	yes	no	55	25	A	A:25	25	A	A:25	same_partner	NA	NA	yes	0	Rfam.seed.gz	15.1	41f014f4ab5628620935f089b1bb77987ebc162fda7c72bff368a32c9cccabac
RF00522__6VUI_A__7REX_A__a1__reverse__rep3	RF00522__6VUI_A__7REX_A	reverse	3	RF00522__6VUI_A	25	C	25	A:25	yes	no	56	26	A	A:26	26	A	A:26	same_partner	NA	NA	yes	0	Rfam.seed.gz	15.1	41f014f4ab5628620935f089b1bb77987ebc162fda7c72bff368a32c9cccabac
RF00522__6VUI_A__7REX_A__a1__reverse__rep3	RF00522__6VUI_A__7REX_A	reverse	3	RF00522__6VUI_A	26	A	26	A:26	yes	no	57	27	A	A:27	27	A	A:27	same_partner	NA	NA	yes	0	Rfam.seed.gz	15.1	41f014f4ab5628620935f089b1bb77987ebc162fda7c72bff368a32c9cccabac
RF00522__6VUI_A__7REX_A__a1__reverse__rep3	RF00522__6VUI_A__7REX_A	reverse	3	RF00522__6VUI_A	27	A	27	A:27	yes	no	58	28	A	A:28	28	A	A:28	same_partner	NA	NA	yes	0	Rfam.seed.gz	15.1	41f014f4ab5628620935f089b1bb77987ebc162fda7c72bff368a32c9cccabac
RF00522__6VUI_A__7REX_A__a1__reverse__rep3	RF00522__6VUI_A__7REX_A	reverse	3	RF00522__6VUI_A	28	A	28	A:28	yes	no	59	29	A	A:29	29	A	A:29	same_partner	NA	NA	yes	0	Rfam.seed.gz	15.1	41f014f4ab5628620935f089b1bb77987ebc162fda7c72bff368a32c9cccabac
RF00522__6VUI_A__7REX_A__a1__reverse__rep3	RF00522__6VUI_A__7REX_A	reverse	3	RF00522__6VUI_A	29	A	29	A:29	yes	no	60	30	A	A:30	30	A	A:30	same_partner	NA	NA	yes	0	Rfam.seed.gz	15.1	41f014f4ab5628620935f089b1bb77987ebc162fda7c72bff368a32c9cccabac
RF00522__6VUI_A__7REX_A__a1__reverse__rep3	RF00522__6VUI_A__7REX_A	reverse	3	RF00522__6VUI_A	30	C	30	A:30	yes	no	61	31	C	A:31	31	C	A:31	same_partner	NA	NA	yes	0	Rfam.seed.gz	15.1	41f014f4ab5628620935f089b1bb77987ebc162fda7c72bff368a32c9cccabac
RF00522__6VUI_A__7REX_A__a1__reverse__rep3	RF00522__6VUI_A__7REX_A	reverse	3	RF00522__6VUI_A	31	A	31	A:31	yes	no	63	32	U	A:32	32	U	A:32	same_partner	NA	NA	yes	0	Rfam.seed.gz	15.1	41f014f4ab5628620935f089b1bb77987ebc162fda7c72bff368a32c9cccabac
RF00522__6VUI_A__7REX_A__a1__reverse__rep3	RF00522__6VUI_A__7REX_A	reverse	3	RF00522__6VUI_A	32	A	32	A:32	yes	no	64	33	A	A:33	33	A	A:33	same_partner	NA	NA	yes	0	Rfam.seed.gz	15.1	41f014f4ab5628620935f089b1bb77987ebc162fda7c72bff368a32c9cccabac
RF00522__6VUI_A__7REX_A__a1__reverse__rep3	RF00522__6VUI_A__7REX_A	reverse	3	RF00522__6VUI_A	33	G	33	A:33	yes	no	65	34	G	A:34	34	G	A:34	same_partner	NA	NA	yes	0	Rfam.seed.gz	15.1	41f014f4ab5628620935f089b1bb77987ebc162fda7c72bff368a32c9cccabac
RF00059__2GDI_X__3D2G_A__a1__forward__rep1	RF00059__2GDI_X__3D2G_A	forward	1	RF00059__2GDI_X	1	G	1	X:10	yes	yes	6	2	G	A:2	2	G	A:2	same_partner	NA	NA	no	0	Rfam.seed.gz	15.1	41f014f4ab5628620935f089b1bb77987ebc162fda7c72bff368a32c9cccabac
RF00059__2GDI_X__3D2G_A__a1__forward__rep1	RF00059__2GDI_X__3D2G_A	forward	1	RF00059__2GDI_X	2	G	2	X:11	yes	no	7	3	G	A:3	3	G	A:3	same_partner	NA	NA	no	0	Rfam.seed.gz	15.1	41f014f4ab5628620935f089b1bb77987ebc162fda7c72bff368a32c9cccabac
RF00059__2GDI_X__3D2G_A__a1__forward__rep1	RF00059__2GDI_X__3D2G_A	forward	1	RF00059__2GDI_X	3	A	3	X:12	yes	no	8	4	A	A:4	4	A	A:4	same_partner	NA	NA	no	0	Rfam.seed.gz	15.1	41f014f4ab5628620935f089b1bb77987ebc162fda7c72bff368a32c9cccabac
RF00059__2GDI_X__3D2G_A__a1__forward__rep1	RF00059__2GDI_X__3D2G_A	forward	1	RF00059__2GDI_X	4	C	4	X:13	yes	no	9	5	C	A:5	5	C	A:5	same_partner	NA	NA	no	0	Rfam.seed.gz	15.1	41f014f4ab5628620935f089b1bb77987ebc162fda7c72bff368a32c9cccabac
RF00059__2GDI_X__3D2G_A__a1__forward__rep1	RF00059__2GDI_X__3D2G_A	forward	1	RF00059__2GDI_X	5	U	5	X:14	yes	no	10	6	C	A:6	6	C	A:6	same_partner	NA	NA	no	0	Rfam.seed.gz	15.1	41f014f4ab5628620935f089b1bb77987ebc162fda7c72bff368a32c9cccabac
RF00059__2GDI_X__3D2G_A__a1__forward__rep1	RF00059__2GDI_X__3D2G_A	forward	1	RF00059__2GDI_X	6	C	6	X:15	yes	no	11	7	A	A:7	7	A	A:7	same_partner	NA	NA	no	0	Rfam.seed.gz	15.1	41f014f4ab5628620935f089b1bb77987ebc162fda7c72bff368a32c9cccabac
RF00059__2GDI_X__3D2G_A__a1__forward__rep1	RF00059__2GDI_X__3D2G_A	forward	1	RF00059__2GDI_X	7	G	7	X:16	yes	no	12	8	G	A:8	8	G	A:8	same_partner	NA	NA	no	0	Rfam.seed.gz	15.1	41f014f4ab5628620935f089b1bb77987ebc162fda7c72bff368a32c9cccabac
RF00059__2GDI_X__3D2G_A__a1__forward__rep1	RF00059__2GDI_X__3D2G_A	forward	1	RF00059__2GDI_X	8	G	8	X:17	yes	no	13	9	G	A:9	9	G	A:9	same_partner	NA	NA	no	0	Rfam.seed.gz	15.1	41f014f4ab5628620935f089b1bb77987ebc162fda7c72bff368a32c9cccabac
RF00059__2GDI_X__3D2G_A__a1__forward__rep1	RF00059__2GDI_X__3D2G_A	forward	1	RF00059__2GDI_X	9	G	9	X:18	yes	no	14	10	G	A:10	10	G	A:10	same_partner	NA	NA	no	0	Rfam.seed.gz	15.1	41f014f4ab5628620935f089b1bb77987ebc162fda7c72bff368a32c9cccabac
RF00059__2GDI_X__3D2G_A__a1__forward__rep1	RF00059__2GDI_X__3D2G_A	forward	1	RF00059__2GDI_X	10	G	10	X:19	yes	no	15	11	G	A:11	11	G	A:11	same_partner	NA	NA	no	0	Rfam.seed.gz	15.1	41f014f4ab5628620935f089b1bb77987ebc162fda7c72bff368a32c9cccabac
RF00059__2GDI_X__3D2G_A__a1__forward__rep1	RF00059__2GDI_X__3D2G_A	forward	1	RF00059__2GDI_X	11	U	11	X:20	yes	no	16	12	U	A:12	12	U	A:12	same_partner	NA	NA	no	0	Rfam.seed.gz	15.1	41f014f4ab5628620935f089b1bb77987ebc162fda7c72bff368a32c9cccabac
RF00059__2GDI_X__3D2G_A__a1__forward__rep1	RF00059__2GDI_X__3D2G_A	forward	1	RF00059__2GDI_X	12	G	12	X:21	yes	no	17	13	G	A:13	13	G	A:13	same_partner	NA	NA	no	0	Rfam.seed.gz	15.1	41f014f4ab5628620935f089b1bb77987ebc162fda7c72bff368a32c9cccabac
RF00059__2GDI_X__3D2G_A__a1__forward__rep1	RF00059__2GDI_X__3D2G_A	forward	1	RF00059__2GDI_X	13	C	13	X:22	yes	no	18	14	C	A:14	14	C	A:14	same_partner	NA	NA	no	0	Rfam.seed.gz	15.1	41f014f4ab5628620935f089b1bb77987ebc162fda7c72bff368a32c9cccabac
RF00059__2GDI_X__3D2G_A__a1__forward__rep1	RF00059__2GDI_X__3D2G_A	forward	1	RF00059__2GDI_X	14	C	14	X:23	yes	no	19	15	U	A:15	15	U	A:15	same_partner	NA	NA	no	0	Rfam.seed.gz	15.1	41f014f4ab5628620935f089b1bb77987ebc162fda7c72bff368a32c9cccabac
RF00059__2GDI_X__3D2G_A__a1__forward__rep1	RF00059__2GDI_X__3D2G_A	forward	1	RF00059__2GDI_X	15	C	15	X:24	yes	no	20	16	U	A:16	16	U	A:16	same_partner	NA	NA	no	0	Rfam.seed.gz	15.1	41f014f4ab5628620935f089b1bb77987ebc162fda7c72bff368a32c9cccabac
RF00059__2GDI_X__3D2G_A__a1__forward__rep1	RF00059__2GDI_X__3D2G_A	forward	1	RF00059__2GDI_X	16	U	16	X:25	yes	no	21	17	G	A:17	17	G	A:17	same_partner	NA	NA	no	0	Rfam.seed.gz	15.1	41f014f4ab5628620935f089b1bb77987ebc162fda7c72bff368a32c9cccabac
RF00059__2GDI_X__3D2G_A__a1__forward__rep1	RF00059__2GDI_X__3D2G_A	forward	1	RF00059__2GDI_X	17	U	17	X:26	yes	no	22	18	U	A:18	NA	NA	NA	rfam_only	NA	algorithm_omission	no	NA	Rfam.seed.gz	15.1	41f014f4ab5628620935f089b1bb77987ebc162fda7c72bff368a32c9cccabac
RF00059__2GDI_X__3D2G_A__a1__forward__rep1	RF00059__2GDI_X__3D2G_A	forward	1	RF00059__2GDI_X	18	C	18	X:27	yes	no	23	19	U	A:19	NA	NA	NA	rfam_only	NA	algorithm_omission	no	NA	Rfam.seed.gz	15.1	41f014f4ab5628620935f089b1bb77987ebc162fda7c72bff368a32c9cccabac
RF00059__2GDI_X__3D2G_A__a1__forward__rep1	RF00059__2GDI_X__3D2G_A	forward	1	RF00059__2GDI_X	19	U	19	X:28	yes	no	24	20	C	A:20	NA	NA	NA	rfam_only	NA	algorithm_omission	no	NA	Rfam.seed.gz	15.1	41f014f4ab5628620935f089b1bb77987ebc162fda7c72bff368a32c9cccabac
RF00059__2GDI_X__3D2G_A__a1__forward__rep1	RF00059__2GDI_X__3D2G_A	forward	1	RF00059__2GDI_X	20	G	20	X:29	yes	no	25	NA	NA	NA	NA	NA	NA	neither	alignment_gap_in_standard_seed	algorithm_omission	no	NA	Rfam.seed.gz	15.1	41f014f4ab5628620935f089b1bb77987ebc162fda7c72bff368a32c9cccabac
RF00059__2GDI_X__3D2G_A__a1__forward__rep1	RF00059__2GDI_X__3D2G_A	forward	1	RF00059__2GDI_X	21	C	21	X:30	yes	no	73	NA	NA	NA	18	U	A:18	star3d_only	alignment_gap_in_standard_seed	NA	no	NA	Rfam.seed.gz	15.1	41f014f4ab5628620935f089b1bb77987ebc162fda7c72bff368a32c9cccabac
RF00059__2GDI_X__3D2G_A__a1__forward__rep1	RF00059__2GDI_X__3D2G_A	forward	1	RF00059__2GDI_X	22	G	22	X:31	yes	no	74	NA	NA	NA	19	U	A:19	star3d_only	alignment_gap_in_standard_seed	NA	no	NA	Rfam.seed.gz	15.1	41f014f4ab5628620935f089b1bb77987ebc162fda7c72bff368a32c9cccabac
RF00059__2GDI_X__3D2G_A__a1__forward__rep1	RF00059__2GDI_X__3D2G_A	forward	1	RF00059__2GDI_X	23	U	23	X:32	yes	no	75	NA	NA	NA	20	C	A:20	star3d_only	alignment_gap_in_standard_seed	NA	no	NA	Rfam.seed.gz	15.1	41f014f4ab5628620935f089b1bb77987ebc162fda7c72bff368a32c9cccabac
RF00059__2GDI_X__3D2G_A__a1__forward__rep1	RF00059__2GDI_X__3D2G_A	forward	1	RF00059__2GDI_X	24	G	24	X:33	yes	no	76	21	A	A:21	21	A	A:21	same_partner	NA	NA	no	0	Rfam.seed.gz	15.1	41f014f4ab5628620935f089b1bb77987ebc162fda7c72bff368a32c9cccabac
RF00059__2GDI_X__3D2G_A__a1__forward__rep1	RF00059__2GDI_X__3D2G_A	forward	1	RF00059__2GDI_X	25	A	25	X:34	yes	no	77	22	C	A:22	22	C	A:22	same_partner	NA	NA	yes	0	Rfam.seed.gz	15.1	41f014f4ab5628620935f089b1bb77987ebc162fda7c72bff368a32c9cccabac
RF00059__2GDI_X__3D2G_A__a1__forward__rep1	RF00059__2GDI_X__3D2G_A	forward	1	RF00059__2GDI_X	26	A	26	X:35	yes	no	78	23	A	A:23	23	A	A:23	same_partner	NA	NA	yes	0	Rfam.seed.gz	15.1	41f014f4ab5628620935f089b1bb77987ebc162fda7c72bff368a32c9cccabac
RF00059__2GDI_X__3D2G_A__a1__forward__rep1	RF00059__2GDI_X__3D2G_A	forward	1	RF00059__2GDI_X	27	G	27	X:36	yes	no	79	24	G	A:24	24	G	A:24	same_partner	NA	NA	yes	0	Rfam.seed.gz	15.1	41f014f4ab5628620935f089b1bb77987ebc162fda7c72bff368a32c9cccabac
RF00059__2GDI_X__3D2G_A__a1__forward__rep1	RF00059__2GDI_X__3D2G_A	forward	1	RF00059__2GDI_X	28	G	28	X:37	yes	no	81	25	G	A:25	25	G	A:25	same_partner	NA	NA	yes	0	Rfam.seed.gz	15.1	41f014f4ab5628620935f089b1bb77987ebc162fda7c72bff368a32c9cccabac
RF00059__2GDI_X__3D2G_A__a1__forward__rep1	RF00059__2GDI_X__3D2G_A	forward	1	RF00059__2GDI_X	29	C	29	X:38	yes	no	82	26	C	A:26	26	C	A:26	same_partner	NA	NA	yes	0	Rfam.seed.gz	15.1	41f014f4ab5628620935f089b1bb77987ebc162fda7c72bff368a32c9cccabac
RF00059__2GDI_X__3D2G_A__a1__forward__rep1	RF00059__2GDI_X__3D2G_A	forward	1	RF00059__2GDI_X	30	U	30	X:39	yes	no	83	27	U	A:27	27	U	A:27	same_partner	NA	NA	yes	0	Rfam.seed.gz	15.1	41f014f4ab5628620935f089b1bb77987ebc162fda7c72bff368a32c9cccabac
RF00059__2GDI_X__3D2G_A__a1__forward__rep1	RF00059__2GDI_X__3D2G_A	forward	1	RF00059__2GDI_X	31	G	31	X:40	yes	no	84	28	G	A:28	28	G	A:28	same_partner	NA	NA	yes	0	Rfam.seed.gz	15.1	41f014f4ab5628620935f089b1bb77987ebc162fda7c72bff368a32c9cccabac
RF00059__2GDI_X__3D2G_A__a1__forward__rep1	RF00059__2GDI_X__3D2G_A	forward	1	RF00059__2GDI_X	32	A	32	X:41	yes	no	85	29	A	A:29	29	A	A:29	same_partner	NA	NA	yes	0	Rfam.seed.gz	15.1	41f014f4ab5628620935f089b1bb77987ebc162fda7c72bff368a32c9cccabac
RF00059__2GDI_X__3D2G_A__a1__forward__rep1	RF00059__2GDI_X__3D2G_A	forward	1	RF00059__2GDI_X	33	G	33	X:42	yes	no	86	30	G	A:30	30	G	A:30	same_partner	NA	NA	yes	0	Rfam.seed.gz	15.1	41f014f4ab5628620935f089b1bb77987ebc162fda7c72bff368a32c9cccabac
RF00059__2GDI_X__3D2G_A__a1__forward__rep1	RF00059__2GDI_X__3D2G_A	forward	1	RF00059__2GDI_X	34	A	34	X:43	yes	no	87	31	A	A:31	31	A	A:31	same_partner	NA	NA	yes	0	Rfam.seed.gz	15.1	41f014f4ab5628620935f089b1bb77987ebc162fda7c72bff368a32c9cccabac
RF00059__2GDI_X__3D2G_A__a1__forward__rep1	RF00059__2GDI_X__3D2G_A	forward	1	RF00059__2GDI_X	35	A	35	X:44	yes	no	88	32	A	A:32	32	A	A:32	same_partner	NA	NA	yes	0	Rfam.seed.gz	15.1	41f014f4ab5628620935f089b1bb77987ebc162fda7c72bff368a32c9cccabac
RF00059__2GDI_X__3D2G_A__a1__forward__rep1	RF00059__2GDI_X__3D2G_A	forward	1	RF00059__2GDI_X	36	A	36	X:45	yes	no	149	33	A	A:33	33	A	A:33	same_partner	NA	NA	yes	0	Rfam.seed.gz	15.1	41f014f4ab5628620935f089b1bb77987ebc162fda7c72bff368a32c9cccabac
RF00059__2GDI_X__3D2G_A__a1__forward__rep1	RF00059__2GDI_X__3D2G_A	forward	1	RF00059__2GDI_X	37	U	37	X:46	yes	no	150	34	G	A:34	34	G	A:34	same_partner	NA	NA	yes	0	Rfam.seed.gz	15.1	41f014f4ab5628620935f089b1bb77987ebc162fda7c72bff368a32c9cccabac
RF00059__2GDI_X__3D2G_A__a1__forward__rep1	RF00059__2GDI_X__3D2G_A	forward	1	RF00059__2GDI_X	38	A	38	X:47	yes	no	151	35	U	A:35	35	U	A:35	same_partner	NA	NA	yes	0	Rfam.seed.gz	15.1	41f014f4ab5628620935f089b1bb77987ebc162fda7c72bff368a32c9cccabac
RF00059__2GDI_X__3D2G_A__a1__forward__rep1	RF00059__2GDI_X__3D2G_A	forward	1	RF00059__2GDI_X	39	C	39	X:48	yes	no	153	36	C	A:36	36	C	A:36	same_partner	NA	NA	yes	0	Rfam.seed.gz	15.1	41f014f4ab5628620935f089b1bb77987ebc162fda7c72bff368a32c9cccabac
RF00059__2GDI_X__3D2G_A__a1__forward__rep1	RF00059__2GDI_X__3D2G_A	forward	1	RF00059__2GDI_X	40	C	40	X:49	yes	no	154	37	C	A:37	37	C	A:37	same_partner	NA	NA	yes	0	Rfam.seed.gz	15.1	41f014f4ab5628620935f089b1bb77987ebc162fda7c72bff368a32c9cccabac
RF00059__2GDI_X__3D2G_A__a1__forward__rep1	RF00059__2GDI_X__3D2G_A	forward	1	RF00059__2GDI_X	41	C	41	X:50	yes	no	155	38	C	A:38	38	C	A:38	same_partner	NA	NA	yes	0	Rfam.seed.gz	15.1	41f014f4ab5628620935f089b1bb77987ebc162fda7c72bff368a32c9cccabac
RF00059__2GDI_X__3D2G_A__a1__forward__rep1	RF00059__2GDI_X__3D2G_A	forward	1	RF00059__2GDI_X	42	G	42	X:51	yes	no	156	39	U	A:39	39	U	A:39	same_partner	NA	NA	yes	0	Rfam.seed.gz	15.1	41f014f4ab5628620935f089b1bb77987ebc162fda7c72bff368a32c9cccabac
RF00059__2GDI_X__3D2G_A__a1__forward__rep1	RF00059__2GDI_X__3D2G_A	forward	1	RF00059__2GDI_X	43	U	43	X:52	yes	no	157	40	U	A:40	40	U	A:40	same_partner	NA	NA	yes	0	Rfam.seed.gz	15.1	41f014f4ab5628620935f089b1bb77987ebc162fda7c72bff368a32c9cccabac
RF00059__2GDI_X__3D2G_A__a1__forward__rep1	RF00059__2GDI_X__3D2G_A	forward	1	RF00059__2GDI_X	44	A	44	X:53	yes	no	158	41	U	A:41	41	U	A:41	same_partner	NA	NA	yes	0	Rfam.seed.gz	15.1	41f014f4ab5628620935f089b1bb77987ebc162fda7c72bff368a32c9cccabac
RF00059__2GDI_X__3D2G_A__a1__forward__rep1	RF00059__2GDI_X__3D2G_A	forward	1	RF00059__2GDI_X	45	U	45	X:54	yes	no	159	42	G	A:42	42	G	A:42	same_partner	NA	NA	yes	0	Rfam.seed.gz	15.1	41f014f4ab5628620935f089b1bb77987ebc162fda7c72bff368a32c9cccabac
RF00059__2GDI_X__3D2G_A__a1__forward__rep1	RF00059__2GDI_X__3D2G_A	forward	1	RF00059__2GDI_X	46	C	46	X:55	yes	no	160	43	A	A:43	43	A	A:43	same_partner	NA	NA	yes	0	Rfam.seed.gz	15.1	41f014f4ab5628620935f089b1bb77987ebc162fda7c72bff368a32c9cccabac
RF00059__2GDI_X__3D2G_A__a1__forward__rep1	RF00059__2GDI_X__3D2G_A	forward	1	RF00059__2GDI_X	47	A	47	X:56	yes	no	162	44	A	A:44	44	A	A:44	same_partner	NA	NA	yes	0	Rfam.seed.gz	15.1	41f014f4ab5628620935f089b1bb77987ebc162fda7c72bff368a32c9cccabac
RF00059__2GDI_X__3D2G_A__a1__forward__rep1	RF00059__2GDI_X__3D2G_A	forward	1	RF00059__2GDI_X	48	C	48	X:57	yes	no	163	45	C	A:45	45	C	A:45	same_partner	NA	NA	yes	0	Rfam.seed.gz	15.1	41f014f4ab5628620935f089b1bb77987ebc162fda7c72bff368a32c9cccabac
RF00059__2GDI_X__3D2G_A__a1__forward__rep1	RF00059__2GDI_X__3D2G_A	forward	1	RF00059__2GDI_X	49	C	49	X:58	yes	no	164	46	C	A:46	46	C	A:46	same_partner	NA	NA	yes	0	Rfam.seed.gz	15.1	41f014f4ab5628620935f089b1bb77987ebc162fda7c72bff368a32c9cccabac
RF00059__2GDI_X__3D2G_A__a1__forward__rep1	RF00059__2GDI_X__3D2G_A	forward	1	RF00059__2GDI_X	50	U	50	X:59	yes	no	165	47	U	A:47	47	U	A:47	same_partner	NA	NA	yes	0	Rfam.seed.gz	15.1	41f014f4ab5628620935f089b1bb77987ebc162fda7c72bff368a32c9cccabac
RF00059__2GDI_X__3D2G_A__a1__forward__rep1	RF00059__2GDI_X__3D2G_A	forward	1	RF00059__2GDI_X	51	G	51	X:60	yes	no	166	48	G	A:48	48	G	A:48	same_partner	NA	NA	yes	0	Rfam.seed.gz	15.1	41f014f4ab5628620935f089b1bb77987ebc162fda7c72bff368a32c9cccabac
RF00059__2GDI_X__3D2G_A__a1__forward__rep1	RF00059__2GDI_X__3D2G_A	forward	1	RF00059__2GDI_X	52	A	52	X:61	yes	no	167	49	A	A:49	49	A	A:49	same_partner	NA	NA	yes	0	Rfam.seed.gz	15.1	41f014f4ab5628620935f089b1bb77987ebc162fda7c72bff368a32c9cccabac
RF00059__2GDI_X__3D2G_A__a1__forward__rep1	RF00059__2GDI_X__3D2G_A	forward	1	RF00059__2GDI_X	53	U	53	X:62	yes	no	169	50	A	A:50	50	A	A:50	same_partner	NA	NA	yes	0	Rfam.seed.gz	15.1	41f014f4ab5628620935f089b1bb77987ebc162fda7c72bff368a32c9cccabac
RF00059__2GDI_X__3D2G_A__a1__forward__rep1	RF00059__2GDI_X__3D2G_A	forward	1	RF00059__2GDI_X	54	C	54	X:63	yes	no	170	51	C	A:51	51	C	A:51	same_partner	NA	NA	yes	0	Rfam.seed.gz	15.1	41f014f4ab5628620935f089b1bb77987ebc162fda7c72bff368a32c9cccabac
RF00059__2GDI_X__3D2G_A__a1__forward__rep1	RF00059__2GDI_X__3D2G_A	forward	1	RF00059__2GDI_X	55	U	55	X:64	yes	no	171	52	A	A:52	52	A	A:52	same_partner	NA	NA	yes	0	Rfam.seed.gz	15.1	41f014f4ab5628620935f089b1bb77987ebc162fda7c72bff368a32c9cccabac
RF00059__2GDI_X__3D2G_A__a1__forward__rep1	RF00059__2GDI_X__3D2G_A	forward	1	RF00059__2GDI_X	56	G	56	X:65	yes	no	172	53	G	A:53	53	G	A:53	same_partner	NA	NA	yes	0	Rfam.seed.gz	15.1	41f014f4ab5628620935f089b1bb77987ebc162fda7c72bff368a32c9cccabac
RF00059__2GDI_X__3D2G_A__a1__forward__rep1	RF00059__2GDI_X__3D2G_A	forward	1	RF00059__2GDI_X	57	G	57	X:66	yes	no	173	54	G	A:54	54	G	A:54	same_partner	NA	NA	yes	0	Rfam.seed.gz	15.1	41f014f4ab5628620935f089b1bb77987ebc162fda7c72bff368a32c9cccabac
RF00059__2GDI_X__3D2G_A__a1__forward__rep1	RF00059__2GDI_X__3D2G_A	forward	1	RF00059__2GDI_X	58	A	58	X:67	yes	no	174	55	G	A:55	55	G	A:55	same_partner	NA	NA	yes	0	Rfam.seed.gz	15.1	41f014f4ab5628620935f089b1bb77987ebc162fda7c72bff368a32c9cccabac
RF00059__2GDI_X__3D2G_A__a1__forward__rep1	RF00059__2GDI_X__3D2G_A	forward	1	RF00059__2GDI_X	59	U	59	X:68	yes	no	175	56	U	A:56	56	U	A:56	same_partner	NA	NA	yes	0	Rfam.seed.gz	15.1	41f014f4ab5628620935f089b1bb77987ebc162fda7c72bff368a32c9cccabac
RF00059__2GDI_X__3D2G_A__a1__forward__rep1	RF00059__2GDI_X__3D2G_A	forward	1	RF00059__2GDI_X	60	A	60	X:69	yes	no	176	57	A	A:57	57	A	A:57	same_partner	NA	NA	yes	0	Rfam.seed.gz	15.1	41f014f4ab5628620935f089b1bb77987ebc162fda7c72bff368a32c9cccabac
RF00059__2GDI_X__3D2G_A__a1__forward__rep1	RF00059__2GDI_X__3D2G_A	forward	1	RF00059__2GDI_X	61	A	61	X:70	yes	no	177	58	A	A:58	58	A	A:58	same_partner	NA	NA	yes	0	Rfam.seed.gz	15.1	41f014f4ab5628620935f089b1bb77987ebc162fda7c72bff368a32c9cccabac
RF00059__2GDI_X__3D2G_A__a1__forward__rep1	RF00059__2GDI_X__3D2G_A	forward	1	RF00059__2GDI_X	62	U	62	X:71	yes	no	178	59	U	A:59	59	U	A:59	same_partner	NA	NA	yes	0	Rfam.seed.gz	15.1	41f014f4ab5628620935f089b1bb77987ebc162fda7c72bff368a32c9cccabac
RF00059__2GDI_X__3D2G_A__a1__forward__rep1	RF00059__2GDI_X__3D2G_A	forward	1	RF00059__2GDI_X	63	G	63	X:72	yes	no	179	60	G	A:60	60	G	A:60	same_partner	NA	NA	yes	0	Rfam.seed.gz	15.1	41f014f4ab5628620935f089b1bb77987ebc162fda7c72bff368a32c9cccabac
RF00059__2GDI_X__3D2G_A__a1__forward__rep1	RF00059__2GDI_X__3D2G_A	forward	1	RF00059__2GDI_X	64	C	64	X:73	yes	no	180	61	C	A:61	61	C	A:61	same_partner	NA	NA	yes	0	Rfam.seed.gz	15.1	41f014f4ab5628620935f089b1bb77987ebc162fda7c72bff368a32c9cccabac
RF00059__2GDI_X__3D2G_A__a1__forward__rep1	RF00059__2GDI_X__3D2G_A	forward	1	RF00059__2GDI_X	65	C	65	X:74	yes	no	181	62	C	A:62	62	C	A:62	same_partner	NA	NA	yes	0	Rfam.seed.gz	15.1	41f014f4ab5628620935f089b1bb77987ebc162fda7c72bff368a32c9cccabac
RF00059__2GDI_X__3D2G_A__a1__forward__rep1	RF00059__2GDI_X__3D2G_A	forward	1	RF00059__2GDI_X	66	A	66	X:75	yes	no	182	63	U	A:63	63	U	A:63	same_partner	NA	NA	yes	0	Rfam.seed.gz	15.1	41f014f4ab5628620935f089b1bb77987ebc162fda7c72bff368a32c9cccabac
RF00059__2GDI_X__3D2G_A__a1__forward__rep1	RF00059__2GDI_X__3D2G_A	forward	1	RF00059__2GDI_X	67	G	67	X:76	yes	no	183	64	G	A:64	64	G	A:64	same_partner	NA	NA	yes	0	Rfam.seed.gz	15.1	41f014f4ab5628620935f089b1bb77987ebc162fda7c72bff368a32c9cccabac
RF00059__2GDI_X__3D2G_A__a1__forward__rep1	RF00059__2GDI_X__3D2G_A	forward	1	RF00059__2GDI_X	68	C	68	X:77	yes	no	184	65	C	A:65	65	C	A:65	same_partner	NA	NA	yes	0	Rfam.seed.gz	15.1	41f014f4ab5628620935f089b1bb77987ebc162fda7c72bff368a32c9cccabac
RF00059__2GDI_X__3D2G_A__a1__forward__rep1	RF00059__2GDI_X__3D2G_A	forward	1	RF00059__2GDI_X	69	G	69	X:78	yes	no	185	66	G	A:66	66	G	A:66	same_partner	NA	NA	yes	0	Rfam.seed.gz	15.1	41f014f4ab5628620935f089b1bb77987ebc162fda7c72bff368a32c9cccabac
RF00059__2GDI_X__3D2G_A__a1__forward__rep1	RF00059__2GDI_X__3D2G_A	forward	1	RF00059__2GDI_X	70	U	70	X:79	yes	no	187	67	C	A:67	67	C	A:67	same_partner	NA	NA	yes	0	Rfam.seed.gz	15.1	41f014f4ab5628620935f089b1bb77987ebc162fda7c72bff368a32c9cccabac
RF00059__2GDI_X__3D2G_A__a1__forward__rep1	RF00059__2GDI_X__3D2G_A	forward	1	RF00059__2GDI_X	71	A	71	X:80	yes	no	188	68	A	A:68	68	A	A:68	same_partner	NA	NA	yes	0	Rfam.seed.gz	15.1	41f014f4ab5628620935f089b1bb77987ebc162fda7c72bff368a32c9cccabac
RF00059__2GDI_X__3D2G_A__a1__forward__rep1	RF00059__2GDI_X__3D2G_A	forward	1	RF00059__2GDI_X	72	G	72	X:81	yes	no	189	69	G	A:69	69	G	A:69	same_partner	NA	NA	yes	0	Rfam.seed.gz	15.1	41f014f4ab5628620935f089b1bb77987ebc162fda7c72bff368a32c9cccabac
RF00059__2GDI_X__3D2G_A__a1__forward__rep1	RF00059__2GDI_X__3D2G_A	forward	1	RF00059__2GDI_X	73	G	73	X:82	yes	no	190	70	G	A:70	70	G	A:70	same_partner	NA	NA	yes	0	Rfam.seed.gz	15.1	41f014f4ab5628620935f089b1bb77987ebc162fda7c72bff368a32c9cccabac
RF00059__2GDI_X__3D2G_A__a1__forward__rep1	RF00059__2GDI_X__3D2G_A	forward	1	RF00059__2GDI_X	74	G	74	X:83	yes	no	191	71	G	A:71	71	G	A:71	same_partner	NA	NA	yes	0	Rfam.seed.gz	15.1	41f014f4ab5628620935f089b1bb77987ebc162fda7c72bff368a32c9cccabac
RF00059__2GDI_X__3D2G_A__a1__forward__rep1	RF00059__2GDI_X__3D2G_A	forward	1	RF00059__2GDI_X	75	A	75	X:84	yes	no	192	72	A	A:72	72	A	A:72	same_partner	NA	NA	yes	0	Rfam.seed.gz	15.1	41f014f4ab5628620935f089b1bb77987ebc162fda7c72bff368a32c9cccabac
RF00059__2GDI_X__3D2G_A__a1__forward__rep1	RF00059__2GDI_X__3D2G_A	forward	1	RF00059__2GDI_X	76	A	76	X:85	yes	no	195	74	U	A:74	73	G	A:73	different_partner	NA	NA	yes	-1	Rfam.seed.gz	15.1	41f014f4ab5628620935f089b1bb77987ebc162fda7c72bff368a32c9cccabac
RF00059__2GDI_X__3D2G_A__a1__forward__rep1	RF00059__2GDI_X__3D2G_A	forward	1	RF00059__2GDI_X	77	G	77	X:86	yes	no	196	75	G	A:75	75	G	A:75	same_partner	NA	NA	yes	0	Rfam.seed.gz	15.1	41f014f4ab5628620935f089b1bb77987ebc162fda7c72bff368a32c9cccabac
RF00059__2GDI_X__3D2G_A__a1__forward__rep1	RF00059__2GDI_X__3D2G_A	forward	1	RF00059__2GDI_X	78	U	78	X:87	yes	no	197	76	U	A:76	76	U	A:76	same_partner	NA	NA	yes	0	Rfam.seed.gz	15.1	41f014f4ab5628620935f089b1bb77987ebc162fda7c72bff368a32c9cccabac
RF00059__2GDI_X__3D2G_A__a1__forward__rep1	RF00059__2GDI_X__3D2G_A	forward	1	RF00059__2GDI_X	79	U	79	X:88	yes	yes	198	77	C	A:77	77	C	A:77	same_partner	NA	NA	no	0	Rfam.seed.gz	15.1	41f014f4ab5628620935f089b1bb77987ebc162fda7c72bff368a32c9cccabac
RF00059__2GDI_X__3D2G_A__a1__forward__rep1	RF00059__2GDI_X__3D2G_A	forward	1	RF00059__2GDI_X	80	C	80	X:89	yes	yes	199	NA	NA	NA	NA	NA	NA	neither	alignment_gap_in_standard_seed	algorithm_omission	no	NA	Rfam.seed.gz	15.1	41f014f4ab5628620935f089b1bb77987ebc162fda7c72bff368a32c9cccabac
RF00059__2GDI_X__3D2G_A__a1__forward__rep2	RF00059__2GDI_X__3D2G_A	forward	2	RF00059__2GDI_X	1	G	1	X:10	yes	yes	6	2	G	A:2	2	G	A:2	same_partner	NA	NA	no	0	Rfam.seed.gz	15.1	41f014f4ab5628620935f089b1bb77987ebc162fda7c72bff368a32c9cccabac
RF00059__2GDI_X__3D2G_A__a1__forward__rep2	RF00059__2GDI_X__3D2G_A	forward	2	RF00059__2GDI_X	2	G	2	X:11	yes	no	7	3	G	A:3	3	G	A:3	same_partner	NA	NA	no	0	Rfam.seed.gz	15.1	41f014f4ab5628620935f089b1bb77987ebc162fda7c72bff368a32c9cccabac
RF00059__2GDI_X__3D2G_A__a1__forward__rep2	RF00059__2GDI_X__3D2G_A	forward	2	RF00059__2GDI_X	3	A	3	X:12	yes	no	8	4	A	A:4	4	A	A:4	same_partner	NA	NA	no	0	Rfam.seed.gz	15.1	41f014f4ab5628620935f089b1bb77987ebc162fda7c72bff368a32c9cccabac
RF00059__2GDI_X__3D2G_A__a1__forward__rep2	RF00059__2GDI_X__3D2G_A	forward	2	RF00059__2GDI_X	4	C	4	X:13	yes	no	9	5	C	A:5	5	C	A:5	same_partner	NA	NA	no	0	Rfam.seed.gz	15.1	41f014f4ab5628620935f089b1bb77987ebc162fda7c72bff368a32c9cccabac
RF00059__2GDI_X__3D2G_A__a1__forward__rep2	RF00059__2GDI_X__3D2G_A	forward	2	RF00059__2GDI_X	5	U	5	X:14	yes	no	10	6	C	A:6	6	C	A:6	same_partner	NA	NA	no	0	Rfam.seed.gz	15.1	41f014f4ab5628620935f089b1bb77987ebc162fda7c72bff368a32c9cccabac
RF00059__2GDI_X__3D2G_A__a1__forward__rep2	RF00059__2GDI_X__3D2G_A	forward	2	RF00059__2GDI_X	6	C	6	X:15	yes	no	11	7	A	A:7	7	A	A:7	same_partner	NA	NA	no	0	Rfam.seed.gz	15.1	41f014f4ab5628620935f089b1bb77987ebc162fda7c72bff368a32c9cccabac
RF00059__2GDI_X__3D2G_A__a1__forward__rep2	RF00059__2GDI_X__3D2G_A	forward	2	RF00059__2GDI_X	7	G	7	X:16	yes	no	12	8	G	A:8	8	G	A:8	same_partner	NA	NA	no	0	Rfam.seed.gz	15.1	41f014f4ab5628620935f089b1bb77987ebc162fda7c72bff368a32c9cccabac
RF00059__2GDI_X__3D2G_A__a1__forward__rep2	RF00059__2GDI_X__3D2G_A	forward	2	RF00059__2GDI_X	8	G	8	X:17	yes	no	13	9	G	A:9	9	G	A:9	same_partner	NA	NA	no	0	Rfam.seed.gz	15.1	41f014f4ab5628620935f089b1bb77987ebc162fda7c72bff368a32c9cccabac
RF00059__2GDI_X__3D2G_A__a1__forward__rep2	RF00059__2GDI_X__3D2G_A	forward	2	RF00059__2GDI_X	9	G	9	X:18	yes	no	14	10	G	A:10	10	G	A:10	same_partner	NA	NA	no	0	Rfam.seed.gz	15.1	41f014f4ab5628620935f089b1bb77987ebc162fda7c72bff368a32c9cccabac
RF00059__2GDI_X__3D2G_A__a1__forward__rep2	RF00059__2GDI_X__3D2G_A	forward	2	RF00059__2GDI_X	10	G	10	X:19	yes	no	15	11	G	A:11	11	G	A:11	same_partner	NA	NA	no	0	Rfam.seed.gz	15.1	41f014f4ab5628620935f089b1bb77987ebc162fda7c72bff368a32c9cccabac
RF00059__2GDI_X__3D2G_A__a1__forward__rep2	RF00059__2GDI_X__3D2G_A	forward	2	RF00059__2GDI_X	11	U	11	X:20	yes	no	16	12	U	A:12	12	U	A:12	same_partner	NA	NA	no	0	Rfam.seed.gz	15.1	41f014f4ab5628620935f089b1bb77987ebc162fda7c72bff368a32c9cccabac
RF00059__2GDI_X__3D2G_A__a1__forward__rep2	RF00059__2GDI_X__3D2G_A	forward	2	RF00059__2GDI_X	12	G	12	X:21	yes	no	17	13	G	A:13	13	G	A:13	same_partner	NA	NA	no	0	Rfam.seed.gz	15.1	41f014f4ab5628620935f089b1bb77987ebc162fda7c72bff368a32c9cccabac
RF00059__2GDI_X__3D2G_A__a1__forward__rep2	RF00059__2GDI_X__3D2G_A	forward	2	RF00059__2GDI_X	13	C	13	X:22	yes	no	18	14	C	A:14	14	C	A:14	same_partner	NA	NA	no	0	Rfam.seed.gz	15.1	41f014f4ab5628620935f089b1bb77987ebc162fda7c72bff368a32c9cccabac
RF00059__2GDI_X__3D2G_A__a1__forward__rep2	RF00059__2GDI_X__3D2G_A	forward	2	RF00059__2GDI_X	14	C	14	X:23	yes	no	19	15	U	A:15	15	U	A:15	same_partner	NA	NA	no	0	Rfam.seed.gz	15.1	41f014f4ab5628620935f089b1bb77987ebc162fda7c72bff368a32c9cccabac
RF00059__2GDI_X__3D2G_A__a1__forward__rep2	RF00059__2GDI_X__3D2G_A	forward	2	RF00059__2GDI_X	15	C	15	X:24	yes	no	20	16	U	A:16	16	U	A:16	same_partner	NA	NA	no	0	Rfam.seed.gz	15.1	41f014f4ab5628620935f089b1bb77987ebc162fda7c72bff368a32c9cccabac
RF00059__2GDI_X__3D2G_A__a1__forward__rep2	RF00059__2GDI_X__3D2G_A	forward	2	RF00059__2GDI_X	16	U	16	X:25	yes	no	21	17	G	A:17	17	G	A:17	same_partner	NA	NA	no	0	Rfam.seed.gz	15.1	41f014f4ab5628620935f089b1bb77987ebc162fda7c72bff368a32c9cccabac
RF00059__2GDI_X__3D2G_A__a1__forward__rep2	RF00059__2GDI_X__3D2G_A	forward	2	RF00059__2GDI_X	17	U	17	X:26	yes	no	22	18	U	A:18	NA	NA	NA	rfam_only	NA	algorithm_omission	no	NA	Rfam.seed.gz	15.1	41f014f4ab5628620935f089b1bb77987ebc162fda7c72bff368a32c9cccabac
RF00059__2GDI_X__3D2G_A__a1__forward__rep2	RF00059__2GDI_X__3D2G_A	forward	2	RF00059__2GDI_X	18	C	18	X:27	yes	no	23	19	U	A:19	NA	NA	NA	rfam_only	NA	algorithm_omission	no	NA	Rfam.seed.gz	15.1	41f014f4ab5628620935f089b1bb77987ebc162fda7c72bff368a32c9cccabac
RF00059__2GDI_X__3D2G_A__a1__forward__rep2	RF00059__2GDI_X__3D2G_A	forward	2	RF00059__2GDI_X	19	U	19	X:28	yes	no	24	20	C	A:20	NA	NA	NA	rfam_only	NA	algorithm_omission	no	NA	Rfam.seed.gz	15.1	41f014f4ab5628620935f089b1bb77987ebc162fda7c72bff368a32c9cccabac
RF00059__2GDI_X__3D2G_A__a1__forward__rep2	RF00059__2GDI_X__3D2G_A	forward	2	RF00059__2GDI_X	20	G	20	X:29	yes	no	25	NA	NA	NA	NA	NA	NA	neither	alignment_gap_in_standard_seed	algorithm_omission	no	NA	Rfam.seed.gz	15.1	41f014f4ab5628620935f089b1bb77987ebc162fda7c72bff368a32c9cccabac
RF00059__2GDI_X__3D2G_A__a1__forward__rep2	RF00059__2GDI_X__3D2G_A	forward	2	RF00059__2GDI_X	21	C	21	X:30	yes	no	73	NA	NA	NA	18	U	A:18	star3d_only	alignment_gap_in_standard_seed	NA	no	NA	Rfam.seed.gz	15.1	41f014f4ab5628620935f089b1bb77987ebc162fda7c72bff368a32c9cccabac
RF00059__2GDI_X__3D2G_A__a1__forward__rep2	RF00059__2GDI_X__3D2G_A	forward	2	RF00059__2GDI_X	22	G	22	X:31	yes	no	74	NA	NA	NA	19	U	A:19	star3d_only	alignment_gap_in_standard_seed	NA	no	NA	Rfam.seed.gz	15.1	41f014f4ab5628620935f089b1bb77987ebc162fda7c72bff368a32c9cccabac
RF00059__2GDI_X__3D2G_A__a1__forward__rep2	RF00059__2GDI_X__3D2G_A	forward	2	RF00059__2GDI_X	23	U	23	X:32	yes	no	75	NA	NA	NA	20	C	A:20	star3d_only	alignment_gap_in_standard_seed	NA	no	NA	Rfam.seed.gz	15.1	41f014f4ab5628620935f089b1bb77987ebc162fda7c72bff368a32c9cccabac
RF00059__2GDI_X__3D2G_A__a1__forward__rep2	RF00059__2GDI_X__3D2G_A	forward	2	RF00059__2GDI_X	24	G	24	X:33	yes	no	76	21	A	A:21	21	A	A:21	same_partner	NA	NA	no	0	Rfam.seed.gz	15.1	41f014f4ab5628620935f089b1bb77987ebc162fda7c72bff368a32c9cccabac
RF00059__2GDI_X__3D2G_A__a1__forward__rep2	RF00059__2GDI_X__3D2G_A	forward	2	RF00059__2GDI_X	25	A	25	X:34	yes	no	77	22	C	A:22	22	C	A:22	same_partner	NA	NA	yes	0	Rfam.seed.gz	15.1	41f014f4ab5628620935f089b1bb77987ebc162fda7c72bff368a32c9cccabac
RF00059__2GDI_X__3D2G_A__a1__forward__rep2	RF00059__2GDI_X__3D2G_A	forward	2	RF00059__2GDI_X	26	A	26	X:35	yes	no	78	23	A	A:23	23	A	A:23	same_partner	NA	NA	yes	0	Rfam.seed.gz	15.1	41f014f4ab5628620935f089b1bb77987ebc162fda7c72bff368a32c9cccabac
RF00059__2GDI_X__3D2G_A__a1__forward__rep2	RF00059__2GDI_X__3D2G_A	forward	2	RF00059__2GDI_X	27	G	27	X:36	yes	no	79	24	G	A:24	24	G	A:24	same_partner	NA	NA	yes	0	Rfam.seed.gz	15.1	41f014f4ab5628620935f089b1bb77987ebc162fda7c72bff368a32c9cccabac
RF00059__2GDI_X__3D2G_A__a1__forward__rep2	RF00059__2GDI_X__3D2G_A	forward	2	RF00059__2GDI_X	28	G	28	X:37	yes	no	81	25	G	A:25	25	G	A:25	same_partner	NA	NA	yes	0	Rfam.seed.gz	15.1	41f014f4ab5628620935f089b1bb77987ebc162fda7c72bff368a32c9cccabac
RF00059__2GDI_X__3D2G_A__a1__forward__rep2	RF00059__2GDI_X__3D2G_A	forward	2	RF00059__2GDI_X	29	C	29	X:38	yes	no	82	26	C	A:26	26	C	A:26	same_partner	NA	NA	yes	0	Rfam.seed.gz	15.1	41f014f4ab5628620935f089b1bb77987ebc162fda7c72bff368a32c9cccabac
RF00059__2GDI_X__3D2G_A__a1__forward__rep2	RF00059__2GDI_X__3D2G_A	forward	2	RF00059__2GDI_X	30	U	30	X:39	yes	no	83	27	U	A:27	27	U	A:27	same_partner	NA	NA	yes	0	Rfam.seed.gz	15.1	41f014f4ab5628620935f089b1bb77987ebc162fda7c72bff368a32c9cccabac
RF00059__2GDI_X__3D2G_A__a1__forward__rep2	RF00059__2GDI_X__3D2G_A	forward	2	RF00059__2GDI_X	31	G	31	X:40	yes	no	84	28	G	A:28	28	G	A:28	same_partner	NA	NA	yes	0	Rfam.seed.gz	15.1	41f014f4ab5628620935f089b1bb77987ebc162fda7c72bff368a32c9cccabac
RF00059__2GDI_X__3D2G_A__a1__forward__rep2	RF00059__2GDI_X__3D2G_A	forward	2	RF00059__2GDI_X	32	A	32	X:41	yes	no	85	29	A	A:29	29	A	A:29	same_partner	NA	NA	yes	0	Rfam.seed.gz	15.1	41f014f4ab5628620935f089b1bb77987ebc162fda7c72bff368a32c9cccabac
RF00059__2GDI_X__3D2G_A__a1__forward__rep2	RF00059__2GDI_X__3D2G_A	forward	2	RF00059__2GDI_X	33	G	33	X:42	yes	no	86	30	G	A:30	30	G	A:30	same_partner	NA	NA	yes	0	Rfam.seed.gz	15.1	41f014f4ab5628620935f089b1bb77987ebc162fda7c72bff368a32c9cccabac
RF00059__2GDI_X__3D2G_A__a1__forward__rep2	RF00059__2GDI_X__3D2G_A	forward	2	RF00059__2GDI_X	34	A	34	X:43	yes	no	87	31	A	A:31	31	A	A:31	same_partner	NA	NA	yes	0	Rfam.seed.gz	15.1	41f014f4ab5628620935f089b1bb77987ebc162fda7c72bff368a32c9cccabac
RF00059__2GDI_X__3D2G_A__a1__forward__rep2	RF00059__2GDI_X__3D2G_A	forward	2	RF00059__2GDI_X	35	A	35	X:44	yes	no	88	32	A	A:32	32	A	A:32	same_partner	NA	NA	yes	0	Rfam.seed.gz	15.1	41f014f4ab5628620935f089b1bb77987ebc162fda7c72bff368a32c9cccabac
RF00059__2GDI_X__3D2G_A__a1__forward__rep2	RF00059__2GDI_X__3D2G_A	forward	2	RF00059__2GDI_X	36	A	36	X:45	yes	no	149	33	A	A:33	33	A	A:33	same_partner	NA	NA	yes	0	Rfam.seed.gz	15.1	41f014f4ab5628620935f089b1bb77987ebc162fda7c72bff368a32c9cccabac
RF00059__2GDI_X__3D2G_A__a1__forward__rep2	RF00059__2GDI_X__3D2G_A	forward	2	RF00059__2GDI_X	37	U	37	X:46	yes	no	150	34	G	A:34	34	G	A:34	same_partner	NA	NA	yes	0	Rfam.seed.gz	15.1	41f014f4ab5628620935f089b1bb77987ebc162fda7c72bff368a32c9cccabac
RF00059__2GDI_X__3D2G_A__a1__forward__rep2	RF00059__2GDI_X__3D2G_A	forward	2	RF00059__2GDI_X	38	A	38	X:47	yes	no	151	35	U	A:35	35	U	A:35	same_partner	NA	NA	yes	0	Rfam.seed.gz	15.1	41f014f4ab5628620935f089b1bb77987ebc162fda7c72bff368a32c9cccabac
RF00059__2GDI_X__3D2G_A__a1__forward__rep2	RF00059__2GDI_X__3D2G_A	forward	2	RF00059__2GDI_X	39	C	39	X:48	yes	no	153	36	C	A:36	36	C	A:36	same_partner	NA	NA	yes	0	Rfam.seed.gz	15.1	41f014f4ab5628620935f089b1bb77987ebc162fda7c72bff368a32c9cccabac
RF00059__2GDI_X__3D2G_A__a1__forward__rep2	RF00059__2GDI_X__3D2G_A	forward	2	RF00059__2GDI_X	40	C	40	X:49	yes	no	154	37	C	A:37	37	C	A:37	same_partner	NA	NA	yes	0	Rfam.seed.gz	15.1	41f014f4ab5628620935f089b1bb77987ebc162fda7c72bff368a32c9cccabac
RF00059__2GDI_X__3D2G_A__a1__forward__rep2	RF00059__2GDI_X__3D2G_A	forward	2	RF00059__2GDI_X	41	C	41	X:50	yes	no	155	38	C	A:38	38	C	A:38	same_partner	NA	NA	yes	0	Rfam.seed.gz	15.1	41f014f4ab5628620935f089b1bb77987ebc162fda7c72bff368a32c9cccabac
RF00059__2GDI_X__3D2G_A__a1__forward__rep2	RF00059__2GDI_X__3D2G_A	forward	2	RF00059__2GDI_X	42	G	42	X:51	yes	no	156	39	U	A:39	39	U	A:39	same_partner	NA	NA	yes	0	Rfam.seed.gz	15.1	41f014f4ab5628620935f089b1bb77987ebc162fda7c72bff368a32c9cccabac
RF00059__2GDI_X__3D2G_A__a1__forward__rep2	RF00059__2GDI_X__3D2G_A	forward	2	RF00059__2GDI_X	43	U	43	X:52	yes	no	157	40	U	A:40	40	U	A:40	same_partner	NA	NA	yes	0	Rfam.seed.gz	15.1	41f014f4ab5628620935f089b1bb77987ebc162fda7c72bff368a32c9cccabac
RF00059__2GDI_X__3D2G_A__a1__forward__rep2	RF00059__2GDI_X__3D2G_A	forward	2	RF00059__2GDI_X	44	A	44	X:53	yes	no	158	41	U	A:41	41	U	A:41	same_partner	NA	NA	yes	0	Rfam.seed.gz	15.1	41f014f4ab5628620935f089b1bb77987ebc162fda7c72bff368a32c9cccabac
RF00059__2GDI_X__3D2G_A__a1__forward__rep2	RF00059__2GDI_X__3D2G_A	forward	2	RF00059__2GDI_X	45	U	45	X:54	yes	no	159	42	G	A:42	42	G	A:42	same_partner	NA	NA	yes	0	Rfam.seed.gz	15.1	41f014f4ab5628620935f089b1bb77987ebc162fda7c72bff368a32c9cccabac
RF00059__2GDI_X__3D2G_A__a1__forward__rep2	RF00059__2GDI_X__3D2G_A	forward	2	RF00059__2GDI_X	46	C	46	X:55	yes	no	160	43	A	A:43	43	A	A:43	same_partner	NA	NA	yes	0	Rfam.seed.gz	15.1	41f014f4ab5628620935f089b1bb77987ebc162fda7c72bff368a32c9cccabac
RF00059__2GDI_X__3D2G_A__a1__forward__rep2	RF00059__2GDI_X__3D2G_A	forward	2	RF00059__2GDI_X	47	A	47	X:56	yes	no	162	44	A	A:44	44	A	A:44	same_partner	NA	NA	yes	0	Rfam.seed.gz	15.1	41f014f4ab5628620935f089b1bb77987ebc162fda7c72bff368a32c9cccabac
RF00059__2GDI_X__3D2G_A__a1__forward__rep2	RF00059__2GDI_X__3D2G_A	forward	2	RF00059__2GDI_X	48	C	48	X:57	yes	no	163	45	C	A:45	45	C	A:45	same_partner	NA	NA	yes	0	Rfam.seed.gz	15.1	41f014f4ab5628620935f089b1bb77987ebc162fda7c72bff368a32c9cccabac
RF00059__2GDI_X__3D2G_A__a1__forward__rep2	RF00059__2GDI_X__3D2G_A	forward	2	RF00059__2GDI_X	49	C	49	X:58	yes	no	164	46	C	A:46	46	C	A:46	same_partner	NA	NA	yes	0	Rfam.seed.gz	15.1	41f014f4ab5628620935f089b1bb77987ebc162fda7c72bff368a32c9cccabac
RF00059__2GDI_X__3D2G_A__a1__forward__rep2	RF00059__2GDI_X__3D2G_A	forward	2	RF00059__2GDI_X	50	U	50	X:59	yes	no	165	47	U	A:47	47	U	A:47	same_partner	NA	NA	yes	0	Rfam.seed.gz	15.1	41f014f4ab5628620935f089b1bb77987ebc162fda7c72bff368a32c9cccabac
RF00059__2GDI_X__3D2G_A__a1__forward__rep2	RF00059__2GDI_X__3D2G_A	forward	2	RF00059__2GDI_X	51	G	51	X:60	yes	no	166	48	G	A:48	48	G	A:48	same_partner	NA	NA	yes	0	Rfam.seed.gz	15.1	41f014f4ab5628620935f089b1bb77987ebc162fda7c72bff368a32c9cccabac
RF00059__2GDI_X__3D2G_A__a1__forward__rep2	RF00059__2GDI_X__3D2G_A	forward	2	RF00059__2GDI_X	52	A	52	X:61	yes	no	167	49	A	A:49	49	A	A:49	same_partner	NA	NA	yes	0	Rfam.seed.gz	15.1	41f014f4ab5628620935f089b1bb77987ebc162fda7c72bff368a32c9cccabac
RF00059__2GDI_X__3D2G_A__a1__forward__rep2	RF00059__2GDI_X__3D2G_A	forward	2	RF00059__2GDI_X	53	U	53	X:62	yes	no	169	50	A	A:50	50	A	A:50	same_partner	NA	NA	yes	0	Rfam.seed.gz	15.1	41f014f4ab5628620935f089b1bb77987ebc162fda7c72bff368a32c9cccabac
RF00059__2GDI_X__3D2G_A__a1__forward__rep2	RF00059__2GDI_X__3D2G_A	forward	2	RF00059__2GDI_X	54	C	54	X:63	yes	no	170	51	C	A:51	51	C	A:51	same_partner	NA	NA	yes	0	Rfam.seed.gz	15.1	41f014f4ab5628620935f089b1bb77987ebc162fda7c72bff368a32c9cccabac
RF00059__2GDI_X__3D2G_A__a1__forward__rep2	RF00059__2GDI_X__3D2G_A	forward	2	RF00059__2GDI_X	55	U	55	X:64	yes	no	171	52	A	A:52	52	A	A:52	same_partner	NA	NA	yes	0	Rfam.seed.gz	15.1	41f014f4ab5628620935f089b1bb77987ebc162fda7c72bff368a32c9cccabac
RF00059__2GDI_X__3D2G_A__a1__forward__rep2	RF00059__2GDI_X__3D2G_A	forward	2	RF00059__2GDI_X	56	G	56	X:65	yes	no	172	53	G	A:53	53	G	A:53	same_partner	NA	NA	yes	0	Rfam.seed.gz	15.1	41f014f4ab5628620935f089b1bb77987ebc162fda7c72bff368a32c9cccabac
RF00059__2GDI_X__3D2G_A__a1__forward__rep2	RF00059__2GDI_X__3D2G_A	forward	2	RF00059__2GDI_X	57	G	57	X:66	yes	no	173	54	G	A:54	54	G	A:54	same_partner	NA	NA	yes	0	Rfam.seed.gz	15.1	41f014f4ab5628620935f089b1bb77987ebc162fda7c72bff368a32c9cccabac
RF00059__2GDI_X__3D2G_A__a1__forward__rep2	RF00059__2GDI_X__3D2G_A	forward	2	RF00059__2GDI_X	58	A	58	X:67	yes	no	174	55	G	A:55	55	G	A:55	same_partner	NA	NA	yes	0	Rfam.seed.gz	15.1	41f014f4ab5628620935f089b1bb77987ebc162fda7c72bff368a32c9cccabac
RF00059__2GDI_X__3D2G_A__a1__forward__rep2	RF00059__2GDI_X__3D2G_A	forward	2	RF00059__2GDI_X	59	U	59	X:68	yes	no	175	56	U	A:56	56	U	A:56	same_partner	NA	NA	yes	0	Rfam.seed.gz	15.1	41f014f4ab5628620935f089b1bb77987ebc162fda7c72bff368a32c9cccabac
RF00059__2GDI_X__3D2G_A__a1__forward__rep2	RF00059__2GDI_X__3D2G_A	forward	2	RF00059__2GDI_X	60	A	60	X:69	yes	no	176	57	A	A:57	57	A	A:57	same_partner	NA	NA	yes	0	Rfam.seed.gz	15.1	41f014f4ab5628620935f089b1bb77987ebc162fda7c72bff368a32c9cccabac
RF00059__2GDI_X__3D2G_A__a1__forward__rep2	RF00059__2GDI_X__3D2G_A	forward	2	RF00059__2GDI_X	61	A	61	X:70	yes	no	177	58	A	A:58	58	A	A:58	same_partner	NA	NA	yes	0	Rfam.seed.gz	15.1	41f014f4ab5628620935f089b1bb77987ebc162fda7c72bff368a32c9cccabac
RF00059__2GDI_X__3D2G_A__a1__forward__rep2	RF00059__2GDI_X__3D2G_A	forward	2	RF00059__2GDI_X	62	U	62	X:71	yes	no	178	59	U	A:59	59	U	A:59	same_partner	NA	NA	yes	0	Rfam.seed.gz	15.1	41f014f4ab5628620935f089b1bb77987ebc162fda7c72bff368a32c9cccabac
RF00059__2GDI_X__3D2G_A__a1__forward__rep2	RF00059__2GDI_X__3D2G_A	forward	2	RF00059__2GDI_X	63	G	63	X:72	yes	no	179	60	G	A:60	60	G	A:60	same_partner	NA	NA	yes	0	Rfam.seed.gz	15.1	41f014f4ab5628620935f089b1bb77987ebc162fda7c72bff368a32c9cccabac
RF00059__2GDI_X__3D2G_A__a1__forward__rep2	RF00059__2GDI_X__3D2G_A	forward	2	RF00059__2GDI_X	64	C	64	X:73	yes	no	180	61	C	A:61	61	C	A:61	same_partner	NA	NA	yes	0	Rfam.seed.gz	15.1	41f014f4ab5628620935f089b1bb77987ebc162fda7c72bff368a32c9cccabac
RF00059__2GDI_X__3D2G_A__a1__forward__rep2	RF00059__2GDI_X__3D2G_A	forward	2	RF00059__2GDI_X	65	C	65	X:74	yes	no	181	62	C	A:62	62	C	A:62	same_partner	NA	NA	yes	0	Rfam.seed.gz	15.1	41f014f4ab5628620935f089b1bb77987ebc162fda7c72bff368a32c9cccabac
RF00059__2GDI_X__3D2G_A__a1__forward__rep2	RF00059__2GDI_X__3D2G_A	forward	2	RF00059__2GDI_X	66	A	66	X:75	yes	no	182	63	U	A:63	63	U	A:63	same_partner	NA	NA	yes	0	Rfam.seed.gz	15.1	41f014f4ab5628620935f089b1bb77987ebc162fda7c72bff368a32c9cccabac
RF00059__2GDI_X__3D2G_A__a1__forward__rep2	RF00059__2GDI_X__3D2G_A	forward	2	RF00059__2GDI_X	67	G	67	X:76	yes	no	183	64	G	A:64	64	G	A:64	same_partner	NA	NA	yes	0	Rfam.seed.gz	15.1	41f014f4ab5628620935f089b1bb77987ebc162fda7c72bff368a32c9cccabac
RF00059__2GDI_X__3D2G_A__a1__forward__rep2	RF00059__2GDI_X__3D2G_A	forward	2	RF00059__2GDI_X	68	C	68	X:77	yes	no	184	65	C	A:65	65	C	A:65	same_partner	NA	NA	yes	0	Rfam.seed.gz	15.1	41f014f4ab5628620935f089b1bb77987ebc162fda7c72bff368a32c9cccabac
RF00059__2GDI_X__3D2G_A__a1__forward__rep2	RF00059__2GDI_X__3D2G_A	forward	2	RF00059__2GDI_X	69	G	69	X:78	yes	no	185	66	G	A:66	66	G	A:66	same_partner	NA	NA	yes	0	Rfam.seed.gz	15.1	41f014f4ab5628620935f089b1bb77987ebc162fda7c72bff368a32c9cccabac
RF00059__2GDI_X__3D2G_A__a1__forward__rep2	RF00059__2GDI_X__3D2G_A	forward	2	RF00059__2GDI_X	70	U	70	X:79	yes	no	187	67	C	A:67	67	C	A:67	same_partner	NA	NA	yes	0	Rfam.seed.gz	15.1	41f014f4ab5628620935f089b1bb77987ebc162fda7c72bff368a32c9cccabac
RF00059__2GDI_X__3D2G_A__a1__forward__rep2	RF00059__2GDI_X__3D2G_A	forward	2	RF00059__2GDI_X	71	A	71	X:80	yes	no	188	68	A	A:68	68	A	A:68	same_partner	NA	NA	yes	0	Rfam.seed.gz	15.1	41f014f4ab5628620935f089b1bb77987ebc162fda7c72bff368a32c9cccabac
RF00059__2GDI_X__3D2G_A__a1__forward__rep2	RF00059__2GDI_X__3D2G_A	forward	2	RF00059__2GDI_X	72	G	72	X:81	yes	no	189	69	G	A:69	69	G	A:69	same_partner	NA	NA	yes	0	Rfam.seed.gz	15.1	41f014f4ab5628620935f089b1bb77987ebc162fda7c72bff368a32c9cccabac
RF00059__2GDI_X__3D2G_A__a1__forward__rep2	RF00059__2GDI_X__3D2G_A	forward	2	RF00059__2GDI_X	73	G	73	X:82	yes	no	190	70	G	A:70	70	G	A:70	same_partner	NA	NA	yes	0	Rfam.seed.gz	15.1	41f014f4ab5628620935f089b1bb77987ebc162fda7c72bff368a32c9cccabac
RF00059__2GDI_X__3D2G_A__a1__forward__rep2	RF00059__2GDI_X__3D2G_A	forward	2	RF00059__2GDI_X	74	G	74	X:83	yes	no	191	71	G	A:71	71	G	A:71	same_partner	NA	NA	yes	0	Rfam.seed.gz	15.1	41f014f4ab5628620935f089b1bb77987ebc162fda7c72bff368a32c9cccabac
RF00059__2GDI_X__3D2G_A__a1__forward__rep2	RF00059__2GDI_X__3D2G_A	forward	2	RF00059__2GDI_X	75	A	75	X:84	yes	no	192	72	A	A:72	72	A	A:72	same_partner	NA	NA	yes	0	Rfam.seed.gz	15.1	41f014f4ab5628620935f089b1bb77987ebc162fda7c72bff368a32c9cccabac
RF00059__2GDI_X__3D2G_A__a1__forward__rep2	RF00059__2GDI_X__3D2G_A	forward	2	RF00059__2GDI_X	76	A	76	X:85	yes	no	195	74	U	A:74	73	G	A:73	different_partner	NA	NA	yes	-1	Rfam.seed.gz	15.1	41f014f4ab5628620935f089b1bb77987ebc162fda7c72bff368a32c9cccabac
RF00059__2GDI_X__3D2G_A__a1__forward__rep2	RF00059__2GDI_X__3D2G_A	forward	2	RF00059__2GDI_X	77	G	77	X:86	yes	no	196	75	G	A:75	75	G	A:75	same_partner	NA	NA	yes	0	Rfam.seed.gz	15.1	41f014f4ab5628620935f089b1bb77987ebc162fda7c72bff368a32c9cccabac
RF00059__2GDI_X__3D2G_A__a1__forward__rep2	RF00059__2GDI_X__3D2G_A	forward	2	RF00059__2GDI_X	78	U	78	X:87	yes	no	197	76	U	A:76	76	U	A:76	same_partner	NA	NA	yes	0	Rfam.seed.gz	15.1	41f014f4ab5628620935f089b1bb77987ebc162fda7c72bff368a32c9cccabac
RF00059__2GDI_X__3D2G_A__a1__forward__rep2	RF00059__2GDI_X__3D2G_A	forward	2	RF00059__2GDI_X	79	U	79	X:88	yes	yes	198	77	C	A:77	77	C	A:77	same_partner	NA	NA	no	0	Rfam.seed.gz	15.1	41f014f4ab5628620935f089b1bb77987ebc162fda7c72bff368a32c9cccabac
RF00059__2GDI_X__3D2G_A__a1__forward__rep2	RF00059__2GDI_X__3D2G_A	forward	2	RF00059__2GDI_X	80	C	80	X:89	yes	yes	199	NA	NA	NA	NA	NA	NA	neither	alignment_gap_in_standard_seed	algorithm_omission	no	NA	Rfam.seed.gz	15.1	41f014f4ab5628620935f089b1bb77987ebc162fda7c72bff368a32c9cccabac
RF00059__2GDI_X__3D2G_A__a1__forward__rep3	RF00059__2GDI_X__3D2G_A	forward	3	RF00059__2GDI_X	1	G	1	X:10	yes	yes	6	2	G	A:2	2	G	A:2	same_partner	NA	NA	no	0	Rfam.seed.gz	15.1	41f014f4ab5628620935f089b1bb77987ebc162fda7c72bff368a32c9cccabac
RF00059__2GDI_X__3D2G_A__a1__forward__rep3	RF00059__2GDI_X__3D2G_A	forward	3	RF00059__2GDI_X	2	G	2	X:11	yes	no	7	3	G	A:3	3	G	A:3	same_partner	NA	NA	no	0	Rfam.seed.gz	15.1	41f014f4ab5628620935f089b1bb77987ebc162fda7c72bff368a32c9cccabac
RF00059__2GDI_X__3D2G_A__a1__forward__rep3	RF00059__2GDI_X__3D2G_A	forward	3	RF00059__2GDI_X	3	A	3	X:12	yes	no	8	4	A	A:4	4	A	A:4	same_partner	NA	NA	no	0	Rfam.seed.gz	15.1	41f014f4ab5628620935f089b1bb77987ebc162fda7c72bff368a32c9cccabac
RF00059__2GDI_X__3D2G_A__a1__forward__rep3	RF00059__2GDI_X__3D2G_A	forward	3	RF00059__2GDI_X	4	C	4	X:13	yes	no	9	5	C	A:5	5	C	A:5	same_partner	NA	NA	no	0	Rfam.seed.gz	15.1	41f014f4ab5628620935f089b1bb77987ebc162fda7c72bff368a32c9cccabac
RF00059__2GDI_X__3D2G_A__a1__forward__rep3	RF00059__2GDI_X__3D2G_A	forward	3	RF00059__2GDI_X	5	U	5	X:14	yes	no	10	6	C	A:6	6	C	A:6	same_partner	NA	NA	no	0	Rfam.seed.gz	15.1	41f014f4ab5628620935f089b1bb77987ebc162fda7c72bff368a32c9cccabac
RF00059__2GDI_X__3D2G_A__a1__forward__rep3	RF00059__2GDI_X__3D2G_A	forward	3	RF00059__2GDI_X	6	C	6	X:15	yes	no	11	7	A	A:7	7	A	A:7	same_partner	NA	NA	no	0	Rfam.seed.gz	15.1	41f014f4ab5628620935f089b1bb77987ebc162fda7c72bff368a32c9cccabac
RF00059__2GDI_X__3D2G_A__a1__forward__rep3	RF00059__2GDI_X__3D2G_A	forward	3	RF00059__2GDI_X	7	G	7	X:16	yes	no	12	8	G	A:8	8	G	A:8	same_partner	NA	NA	no	0	Rfam.seed.gz	15.1	41f014f4ab5628620935f089b1bb77987ebc162fda7c72bff368a32c9cccabac
RF00059__2GDI_X__3D2G_A__a1__forward__rep3	RF00059__2GDI_X__3D2G_A	forward	3	RF00059__2GDI_X	8	G	8	X:17	yes	no	13	9	G	A:9	9	G	A:9	same_partner	NA	NA	no	0	Rfam.seed.gz	15.1	41f014f4ab5628620935f089b1bb77987ebc162fda7c72bff368a32c9cccabac
RF00059__2GDI_X__3D2G_A__a1__forward__rep3	RF00059__2GDI_X__3D2G_A	forward	3	RF00059__2GDI_X	9	G	9	X:18	yes	no	14	10	G	A:10	10	G	A:10	same_partner	NA	NA	no	0	Rfam.seed.gz	15.1	41f014f4ab5628620935f089b1bb77987ebc162fda7c72bff368a32c9cccabac
RF00059__2GDI_X__3D2G_A__a1__forward__rep3	RF00059__2GDI_X__3D2G_A	forward	3	RF00059__2GDI_X	10	G	10	X:19	yes	no	15	11	G	A:11	11	G	A:11	same_partner	NA	NA	no	0	Rfam.seed.gz	15.1	41f014f4ab5628620935f089b1bb77987ebc162fda7c72bff368a32c9cccabac
RF00059__2GDI_X__3D2G_A__a1__forward__rep3	RF00059__2GDI_X__3D2G_A	forward	3	RF00059__2GDI_X	11	U	11	X:20	yes	no	16	12	U	A:12	12	U	A:12	same_partner	NA	NA	no	0	Rfam.seed.gz	15.1	41f014f4ab5628620935f089b1bb77987ebc162fda7c72bff368a32c9cccabac
RF00059__2GDI_X__3D2G_A__a1__forward__rep3	RF00059__2GDI_X__3D2G_A	forward	3	RF00059__2GDI_X	12	G	12	X:21	yes	no	17	13	G	A:13	13	G	A:13	same_partner	NA	NA	no	0	Rfam.seed.gz	15.1	41f014f4ab5628620935f089b1bb77987ebc162fda7c72bff368a32c9cccabac
RF00059__2GDI_X__3D2G_A__a1__forward__rep3	RF00059__2GDI_X__3D2G_A	forward	3	RF00059__2GDI_X	13	C	13	X:22	yes	no	18	14	C	A:14	14	C	A:14	same_partner	NA	NA	no	0	Rfam.seed.gz	15.1	41f014f4ab5628620935f089b1bb77987ebc162fda7c72bff368a32c9cccabac
RF00059__2GDI_X__3D2G_A__a1__forward__rep3	RF00059__2GDI_X__3D2G_A	forward	3	RF00059__2GDI_X	14	C	14	X:23	yes	no	19	15	U	A:15	15	U	A:15	same_partner	NA	NA	no	0	Rfam.seed.gz	15.1	41f014f4ab5628620935f089b1bb77987ebc162fda7c72bff368a32c9cccabac
RF00059__2GDI_X__3D2G_A__a1__forward__rep3	RF00059__2GDI_X__3D2G_A	forward	3	RF00059__2GDI_X	15	C	15	X:24	yes	no	20	16	U	A:16	16	U	A:16	same_partner	NA	NA	no	0	Rfam.seed.gz	15.1	41f014f4ab5628620935f089b1bb77987ebc162fda7c72bff368a32c9cccabac
RF00059__2GDI_X__3D2G_A__a1__forward__rep3	RF00059__2GDI_X__3D2G_A	forward	3	RF00059__2GDI_X	16	U	16	X:25	yes	no	21	17	G	A:17	17	G	A:17	same_partner	NA	NA	no	0	Rfam.seed.gz	15.1	41f014f4ab5628620935f089b1bb77987ebc162fda7c72bff368a32c9cccabac
RF00059__2GDI_X__3D2G_A__a1__forward__rep3	RF00059__2GDI_X__3D2G_A	forward	3	RF00059__2GDI_X	17	U	17	X:26	yes	no	22	18	U	A:18	NA	NA	NA	rfam_only	NA	algorithm_omission	no	NA	Rfam.seed.gz	15.1	41f014f4ab5628620935f089b1bb77987ebc162fda7c72bff368a32c9cccabac
RF00059__2GDI_X__3D2G_A__a1__forward__rep3	RF00059__2GDI_X__3D2G_A	forward	3	RF00059__2GDI_X	18	C	18	X:27	yes	no	23	19	U	A:19	NA	NA	NA	rfam_only	NA	algorithm_omission	no	NA	Rfam.seed.gz	15.1	41f014f4ab5628620935f089b1bb77987ebc162fda7c72bff368a32c9cccabac
RF00059__2GDI_X__3D2G_A__a1__forward__rep3	RF00059__2GDI_X__3D2G_A	forward	3	RF00059__2GDI_X	19	U	19	X:28	yes	no	24	20	C	A:20	NA	NA	NA	rfam_only	NA	algorithm_omission	no	NA	Rfam.seed.gz	15.1	41f014f4ab5628620935f089b1bb77987ebc162fda7c72bff368a32c9cccabac
RF00059__2GDI_X__3D2G_A__a1__forward__rep3	RF00059__2GDI_X__3D2G_A	forward	3	RF00059__2GDI_X	20	G	20	X:29	yes	no	25	NA	NA	NA	NA	NA	NA	neither	alignment_gap_in_standard_seed	algorithm_omission	no	NA	Rfam.seed.gz	15.1	41f014f4ab5628620935f089b1bb77987ebc162fda7c72bff368a32c9cccabac
RF00059__2GDI_X__3D2G_A__a1__forward__rep3	RF00059__2GDI_X__3D2G_A	forward	3	RF00059__2GDI_X	21	C	21	X:30	yes	no	73	NA	NA	NA	18	U	A:18	star3d_only	alignment_gap_in_standard_seed	NA	no	NA	Rfam.seed.gz	15.1	41f014f4ab5628620935f089b1bb77987ebc162fda7c72bff368a32c9cccabac
RF00059__2GDI_X__3D2G_A__a1__forward__rep3	RF00059__2GDI_X__3D2G_A	forward	3	RF00059__2GDI_X	22	G	22	X:31	yes	no	74	NA	NA	NA	19	U	A:19	star3d_only	alignment_gap_in_standard_seed	NA	no	NA	Rfam.seed.gz	15.1	41f014f4ab5628620935f089b1bb77987ebc162fda7c72bff368a32c9cccabac
RF00059__2GDI_X__3D2G_A__a1__forward__rep3	RF00059__2GDI_X__3D2G_A	forward	3	RF00059__2GDI_X	23	U	23	X:32	yes	no	75	NA	NA	NA	20	C	A:20	star3d_only	alignment_gap_in_standard_seed	NA	no	NA	Rfam.seed.gz	15.1	41f014f4ab5628620935f089b1bb77987ebc162fda7c72bff368a32c9cccabac
RF00059__2GDI_X__3D2G_A__a1__forward__rep3	RF00059__2GDI_X__3D2G_A	forward	3	RF00059__2GDI_X	24	G	24	X:33	yes	no	76	21	A	A:21	21	A	A:21	same_partner	NA	NA	no	0	Rfam.seed.gz	15.1	41f014f4ab5628620935f089b1bb77987ebc162fda7c72bff368a32c9cccabac
RF00059__2GDI_X__3D2G_A__a1__forward__rep3	RF00059__2GDI_X__3D2G_A	forward	3	RF00059__2GDI_X	25	A	25	X:34	yes	no	77	22	C	A:22	22	C	A:22	same_partner	NA	NA	yes	0	Rfam.seed.gz	15.1	41f014f4ab5628620935f089b1bb77987ebc162fda7c72bff368a32c9cccabac
RF00059__2GDI_X__3D2G_A__a1__forward__rep3	RF00059__2GDI_X__3D2G_A	forward	3	RF00059__2GDI_X	26	A	26	X:35	yes	no	78	23	A	A:23	23	A	A:23	same_partner	NA	NA	yes	0	Rfam.seed.gz	15.1	41f014f4ab5628620935f089b1bb77987ebc162fda7c72bff368a32c9cccabac
RF00059__2GDI_X__3D2G_A__a1__forward__rep3	RF00059__2GDI_X__3D2G_A	forward	3	RF00059__2GDI_X	27	G	27	X:36	yes	no	79	24	G	A:24	24	G	A:24	same_partner	NA	NA	yes	0	Rfam.seed.gz	15.1	41f014f4ab5628620935f089b1bb77987ebc162fda7c72bff368a32c9cccabac
RF00059__2GDI_X__3D2G_A__a1__forward__rep3	RF00059__2GDI_X__3D2G_A	forward	3	RF00059__2GDI_X	28	G	28	X:37	yes	no	81	25	G	A:25	25	G	A:25	same_partner	NA	NA	yes	0	Rfam.seed.gz	15.1	41f014f4ab5628620935f089b1bb77987ebc162fda7c72bff368a32c9cccabac
RF00059__2GDI_X__3D2G_A__a1__forward__rep3	RF00059__2GDI_X__3D2G_A	forward	3	RF00059__2GDI_X	29	C	29	X:38	yes	no	82	26	C	A:26	26	C	A:26	same_partner	NA	NA	yes	0	Rfam.seed.gz	15.1	41f014f4ab5628620935f089b1bb77987ebc162fda7c72bff368a32c9cccabac
RF00059__2GDI_X__3D2G_A__a1__forward__rep3	RF00059__2GDI_X__3D2G_A	forward	3	RF00059__2GDI_X	30	U	30	X:39	yes	no	83	27	U	A:27	27	U	A:27	same_partner	NA	NA	yes	0	Rfam.seed.gz	15.1	41f014f4ab5628620935f089b1bb77987ebc162fda7c72bff368a32c9cccabac
RF00059__2GDI_X__3D2G_A__a1__forward__rep3	RF00059__2GDI_X__3D2G_A	forward	3	RF00059__2GDI_X	31	G	31	X:40	yes	no	84	28	G	A:28	28	G	A:28	same_partner	NA	NA	yes	0	Rfam.seed.gz	15.1	41f014f4ab5628620935f089b1bb77987ebc162fda7c72bff368a32c9cccabac
RF00059__2GDI_X__3D2G_A__a1__forward__rep3	RF00059__2GDI_X__3D2G_A	forward	3	RF00059__2GDI_X	32	A	32	X:41	yes	no	85	29	A	A:29	29	A	A:29	same_partner	NA	NA	yes	0	Rfam.seed.gz	15.1	41f014f4ab5628620935f089b1bb77987ebc162fda7c72bff368a32c9cccabac
RF00059__2GDI_X__3D2G_A__a1__forward__rep3	RF00059__2GDI_X__3D2G_A	forward	3	RF00059__2GDI_X	33	G	33	X:42	yes	no	86	30	G	A:30	30	G	A:30	same_partner	NA	NA	yes	0	Rfam.seed.gz	15.1	41f014f4ab5628620935f089b1bb77987ebc162fda7c72bff368a32c9cccabac
RF00059__2GDI_X__3D2G_A__a1__forward__rep3	RF00059__2GDI_X__3D2G_A	forward	3	RF00059__2GDI_X	34	A	34	X:43	yes	no	87	31	A	A:31	31	A	A:31	same_partner	NA	NA	yes	0	Rfam.seed.gz	15.1	41f014f4ab5628620935f089b1bb77987ebc162fda7c72bff368a32c9cccabac
RF00059__2GDI_X__3D2G_A__a1__forward__rep3	RF00059__2GDI_X__3D2G_A	forward	3	RF00059__2GDI_X	35	A	35	X:44	yes	no	88	32	A	A:32	32	A	A:32	same_partner	NA	NA	yes	0	Rfam.seed.gz	15.1	41f014f4ab5628620935f089b1bb77987ebc162fda7c72bff368a32c9cccabac
RF00059__2GDI_X__3D2G_A__a1__forward__rep3	RF00059__2GDI_X__3D2G_A	forward	3	RF00059__2GDI_X	36	A	36	X:45	yes	no	149	33	A	A:33	33	A	A:33	same_partner	NA	NA	yes	0	Rfam.seed.gz	15.1	41f014f4ab5628620935f089b1bb77987ebc162fda7c72bff368a32c9cccabac
RF00059__2GDI_X__3D2G_A__a1__forward__rep3	RF00059__2GDI_X__3D2G_A	forward	3	RF00059__2GDI_X	37	U	37	X:46	yes	no	150	34	G	A:34	34	G	A:34	same_partner	NA	NA	yes	0	Rfam.seed.gz	15.1	41f014f4ab5628620935f089b1bb77987ebc162fda7c72bff368a32c9cccabac
RF00059__2GDI_X__3D2G_A__a1__forward__rep3	RF00059__2GDI_X__3D2G_A	forward	3	RF00059__2GDI_X	38	A	38	X:47	yes	no	151	35	U	A:35	35	U	A:35	same_partner	NA	NA	yes	0	Rfam.seed.gz	15.1	41f014f4ab5628620935f089b1bb77987ebc162fda7c72bff368a32c9cccabac
RF00059__2GDI_X__3D2G_A__a1__forward__rep3	RF00059__2GDI_X__3D2G_A	forward	3	RF00059__2GDI_X	39	C	39	X:48	yes	no	153	36	C	A:36	36	C	A:36	same_partner	NA	NA	yes	0	Rfam.seed.gz	15.1	41f014f4ab5628620935f089b1bb77987ebc162fda7c72bff368a32c9cccabac
RF00059__2GDI_X__3D2G_A__a1__forward__rep3	RF00059__2GDI_X__3D2G_A	forward	3	RF00059__2GDI_X	40	C	40	X:49	yes	no	154	37	C	A:37	37	C	A:37	same_partner	NA	NA	yes	0	Rfam.seed.gz	15.1	41f014f4ab5628620935f089b1bb77987ebc162fda7c72bff368a32c9cccabac
RF00059__2GDI_X__3D2G_A__a1__forward__rep3	RF00059__2GDI_X__3D2G_A	forward	3	RF00059__2GDI_X	41	C	41	X:50	yes	no	155	38	C	A:38	38	C	A:38	same_partner	NA	NA	yes	0	Rfam.seed.gz	15.1	41f014f4ab5628620935f089b1bb77987ebc162fda7c72bff368a32c9cccabac
RF00059__2GDI_X__3D2G_A__a1__forward__rep3	RF00059__2GDI_X__3D2G_A	forward	3	RF00059__2GDI_X	42	G	42	X:51	yes	no	156	39	U	A:39	39	U	A:39	same_partner	NA	NA	yes	0	Rfam.seed.gz	15.1	41f014f4ab5628620935f089b1bb77987ebc162fda7c72bff368a32c9cccabac
RF00059__2GDI_X__3D2G_A__a1__forward__rep3	RF00059__2GDI_X__3D2G_A	forward	3	RF00059__2GDI_X	43	U	43	X:52	yes	no	157	40	U	A:40	40	U	A:40	same_partner	NA	NA	yes	0	Rfam.seed.gz	15.1	41f014f4ab5628620935f089b1bb77987ebc162fda7c72bff368a32c9cccabac
RF00059__2GDI_X__3D2G_A__a1__forward__rep3	RF00059__2GDI_X__3D2G_A	forward	3	RF00059__2GDI_X	44	A	44	X:53	yes	no	158	41	U	A:41	41	U	A:41	same_partner	NA	NA	yes	0	Rfam.seed.gz	15.1	41f014f4ab5628620935f089b1bb77987ebc162fda7c72bff368a32c9cccabac
RF00059__2GDI_X__3D2G_A__a1__forward__rep3	RF00059__2GDI_X__3D2G_A	forward	3	RF00059__2GDI_X	45	U	45	X:54	yes	no	159	42	G	A:42	42	G	A:42	same_partner	NA	NA	yes	0	Rfam.seed.gz	15.1	41f014f4ab5628620935f089b1bb77987ebc162fda7c72bff368a32c9cccabac
RF00059__2GDI_X__3D2G_A__a1__forward__rep3	RF00059__2GDI_X__3D2G_A	forward	3	RF00059__2GDI_X	46	C	46	X:55	yes	no	160	43	A	A:43	43	A	A:43	same_partner	NA	NA	yes	0	Rfam.seed.gz	15.1	41f014f4ab5628620935f089b1bb77987ebc162fda7c72bff368a32c9cccabac
RF00059__2GDI_X__3D2G_A__a1__forward__rep3	RF00059__2GDI_X__3D2G_A	forward	3	RF00059__2GDI_X	47	A	47	X:56	yes	no	162	44	A	A:44	44	A	A:44	same_partner	NA	NA	yes	0	Rfam.seed.gz	15.1	41f014f4ab5628620935f089b1bb77987ebc162fda7c72bff368a32c9cccabac
RF00059__2GDI_X__3D2G_A__a1__forward__rep3	RF00059__2GDI_X__3D2G_A	forward	3	RF00059__2GDI_X	48	C	48	X:57	yes	no	163	45	C	A:45	45	C	A:45	same_partner	NA	NA	yes	0	Rfam.seed.gz	15.1	41f014f4ab5628620935f089b1bb77987ebc162fda7c72bff368a32c9cccabac
RF00059__2GDI_X__3D2G_A__a1__forward__rep3	RF00059__2GDI_X__3D2G_A	forward	3	RF00059__2GDI_X	49	C	49	X:58	yes	no	164	46	C	A:46	46	C	A:46	same_partner	NA	NA	yes	0	Rfam.seed.gz	15.1	41f014f4ab5628620935f089b1bb77987ebc162fda7c72bff368a32c9cccabac
RF00059__2GDI_X__3D2G_A__a1__forward__rep3	RF00059__2GDI_X__3D2G_A	forward	3	RF00059__2GDI_X	50	U	50	X:59	yes	no	165	47	U	A:47	47	U	A:47	same_partner	NA	NA	yes	0	Rfam.seed.gz	15.1	41f014f4ab5628620935f089b1bb77987ebc162fda7c72bff368a32c9cccabac
RF00059__2GDI_X__3D2G_A__a1__forward__rep3	RF00059__2GDI_X__3D2G_A	forward	3	RF00059__2GDI_X	51	G	51	X:60	yes	no	166	48	G	A:48	48	G	A:48	same_partner	NA	NA	yes	0	Rfam.seed.gz	15.1	41f014f4ab5628620935f089b1bb77987ebc162fda7c72bff368a32c9cccabac
RF00059__2GDI_X__3D2G_A__a1__forward__rep3	RF00059__2GDI_X__3D2G_A	forward	3	RF00059__2GDI_X	52	A	52	X:61	yes	no	167	49	A	A:49	49	A	A:49	same_partner	NA	NA	yes	0	Rfam.seed.gz	15.1	41f014f4ab5628620935f089b1bb77987ebc162fda7c72bff368a32c9cccabac
RF00059__2GDI_X__3D2G_A__a1__forward__rep3	RF00059__2GDI_X__3D2G_A	forward	3	RF00059__2GDI_X	53	U	53	X:62	yes	no	169	50	A	A:50	50	A	A:50	same_partner	NA	NA	yes	0	Rfam.seed.gz	15.1	41f014f4ab5628620935f089b1bb77987ebc162fda7c72bff368a32c9cccabac
RF00059__2GDI_X__3D2G_A__a1__forward__rep3	RF00059__2GDI_X__3D2G_A	forward	3	RF00059__2GDI_X	54	C	54	X:63	yes	no	170	51	C	A:51	51	C	A:51	same_partner	NA	NA	yes	0	Rfam.seed.gz	15.1	41f014f4ab5628620935f089b1bb77987ebc162fda7c72bff368a32c9cccabac
RF00059__2GDI_X__3D2G_A__a1__forward__rep3	RF00059__2GDI_X__3D2G_A	forward	3	RF00059__2GDI_X	55	U	55	X:64	yes	no	171	52	A	A:52	52	A	A:52	same_partner	NA	NA	yes	0	Rfam.seed.gz	15.1	41f014f4ab5628620935f089b1bb77987ebc162fda7c72bff368a32c9cccabac
RF00059__2GDI_X__3D2G_A__a1__forward__rep3	RF00059__2GDI_X__3D2G_A	forward	3	RF00059__2GDI_X	56	G	56	X:65	yes	no	172	53	G	A:53	53	G	A:53	same_partner	NA	NA	yes	0	Rfam.seed.gz	15.1	41f014f4ab5628620935f089b1bb77987ebc162fda7c72bff368a32c9cccabac
RF00059__2GDI_X__3D2G_A__a1__forward__rep3	RF00059__2GDI_X__3D2G_A	forward	3	RF00059__2GDI_X	57	G	57	X:66	yes	no	173	54	G	A:54	54	G	A:54	same_partner	NA	NA	yes	0	Rfam.seed.gz	15.1	41f014f4ab5628620935f089b1bb77987ebc162fda7c72bff368a32c9cccabac
RF00059__2GDI_X__3D2G_A__a1__forward__rep3	RF00059__2GDI_X__3D2G_A	forward	3	RF00059__2GDI_X	58	A	58	X:67	yes	no	174	55	G	A:55	55	G	A:55	same_partner	NA	NA	yes	0	Rfam.seed.gz	15.1	41f014f4ab5628620935f089b1bb77987ebc162fda7c72bff368a32c9cccabac
RF00059__2GDI_X__3D2G_A__a1__forward__rep3	RF00059__2GDI_X__3D2G_A	forward	3	RF00059__2GDI_X	59	U	59	X:68	yes	no	175	56	U	A:56	56	U	A:56	same_partner	NA	NA	yes	0	Rfam.seed.gz	15.1	41f014f4ab5628620935f089b1bb77987ebc162fda7c72bff368a32c9cccabac
RF00059__2GDI_X__3D2G_A__a1__forward__rep3	RF00059__2GDI_X__3D2G_A	forward	3	RF00059__2GDI_X	60	A	60	X:69	yes	no	176	57	A	A:57	57	A	A:57	same_partner	NA	NA	yes	0	Rfam.seed.gz	15.1	41f014f4ab5628620935f089b1bb77987ebc162fda7c72bff368a32c9cccabac
RF00059__2GDI_X__3D2G_A__a1__forward__rep3	RF00059__2GDI_X__3D2G_A	forward	3	RF00059__2GDI_X	61	A	61	X:70	yes	no	177	58	A	A:58	58	A	A:58	same_partner	NA	NA	yes	0	Rfam.seed.gz	15.1	41f014f4ab5628620935f089b1bb77987ebc162fda7c72bff368a32c9cccabac
RF00059__2GDI_X__3D2G_A__a1__forward__rep3	RF00059__2GDI_X__3D2G_A	forward	3	RF00059__2GDI_X	62	U	62	X:71	yes	no	178	59	U	A:59	59	U	A:59	same_partner	NA	NA	yes	0	Rfam.seed.gz	15.1	41f014f4ab5628620935f089b1bb77987ebc162fda7c72bff368a32c9cccabac
RF00059__2GDI_X__3D2G_A__a1__forward__rep3	RF00059__2GDI_X__3D2G_A	forward	3	RF00059__2GDI_X	63	G	63	X:72	yes	no	179	60	G	A:60	60	G	A:60	same_partner	NA	NA	yes	0	Rfam.seed.gz	15.1	41f014f4ab5628620935f089b1bb77987ebc162fda7c72bff368a32c9cccabac
RF00059__2GDI_X__3D2G_A__a1__forward__rep3	RF00059__2GDI_X__3D2G_A	forward	3	RF00059__2GDI_X	64	C	64	X:73	yes	no	180	61	C	A:61	61	C	A:61	same_partner	NA	NA	yes	0	Rfam.seed.gz	15.1	41f014f4ab5628620935f089b1bb77987ebc162fda7c72bff368a32c9cccabac
RF00059__2GDI_X__3D2G_A__a1__forward__rep3	RF00059__2GDI_X__3D2G_A	forward	3	RF00059__2GDI_X	65	C	65	X:74	yes	no	181	62	C	A:62	62	C	A:62	same_partner	NA	NA	yes	0	Rfam.seed.gz	15.1	41f014f4ab5628620935f089b1bb77987ebc162fda7c72bff368a32c9cccabac
RF00059__2GDI_X__3D2G_A__a1__forward__rep3	RF00059__2GDI_X__3D2G_A	forward	3	RF00059__2GDI_X	66	A	66	X:75	yes	no	182	63	U	A:63	63	U	A:63	same_partner	NA	NA	yes	0	Rfam.seed.gz	15.1	41f014f4ab5628620935f089b1bb77987ebc162fda7c72bff368a32c9cccabac
RF00059__2GDI_X__3D2G_A__a1__forward__rep3	RF00059__2GDI_X__3D2G_A	forward	3	RF00059__2GDI_X	67	G	67	X:76	yes	no	183	64	G	A:64	64	G	A:64	same_partner	NA	NA	yes	0	Rfam.seed.gz	15.1	41f014f4ab5628620935f089b1bb77987ebc162fda7c72bff368a32c9cccabac
RF00059__2GDI_X__3D2G_A__a1__forward__rep3	RF00059__2GDI_X__3D2G_A	forward	3	RF00059__2GDI_X	68	C	68	X:77	yes	no	184	65	C	A:65	65	C	A:65	same_partner	NA	NA	yes	0	Rfam.seed.gz	15.1	41f014f4ab5628620935f089b1bb77987ebc162fda7c72bff368a32c9cccabac
RF00059__2GDI_X__3D2G_A__a1__forward__rep3	RF00059__2GDI_X__3D2G_A	forward	3	RF00059__2GDI_X	69	G	69	X:78	yes	no	185	66	G	A:66	66	G	A:66	same_partner	NA	NA	yes	0	Rfam.seed.gz	15.1	41f014f4ab5628620935f089b1bb77987ebc162fda7c72bff368a32c9cccabac
RF00059__2GDI_X__3D2G_A__a1__forward__rep3	RF00059__2GDI_X__3D2G_A	forward	3	RF00059__2GDI_X	70	U	70	X:79	yes	no	187	67	C	A:67	67	C	A:67	same_partner	NA	NA	yes	0	Rfam.seed.gz	15.1	41f014f4ab5628620935f089b1bb77987ebc162fda7c72bff368a32c9cccabac
RF00059__2GDI_X__3D2G_A__a1__forward__rep3	RF00059__2GDI_X__3D2G_A	forward	3	RF00059__2GDI_X	71	A	71	X:80	yes	no	188	68	A	A:68	68	A	A:68	same_partner	NA	NA	yes	0	Rfam.seed.gz	15.1	41f014f4ab5628620935f089b1bb77987ebc162fda7c72bff368a32c9cccabac
RF00059__2GDI_X__3D2G_A__a1__forward__rep3	RF00059__2GDI_X__3D2G_A	forward	3	RF00059__2GDI_X	72	G	72	X:81	yes	no	189	69	G	A:69	69	G	A:69	same_partner	NA	NA	yes	0	Rfam.seed.gz	15.1	41f014f4ab5628620935f089b1bb77987ebc162fda7c72bff368a32c9cccabac
RF00059__2GDI_X__3D2G_A__a1__forward__rep3	RF00059__2GDI_X__3D2G_A	forward	3	RF00059__2GDI_X	73	G	73	X:82	yes	no	190	70	G	A:70	70	G	A:70	same_partner	NA	NA	yes	0	Rfam.seed.gz	15.1	41f014f4ab5628620935f089b1bb77987ebc162fda7c72bff368a32c9cccabac
RF00059__2GDI_X__3D2G_A__a1__forward__rep3	RF00059__2GDI_X__3D2G_A	forward	3	RF00059__2GDI_X	74	G	74	X:83	yes	no	191	71	G	A:71	71	G	A:71	same_partner	NA	NA	yes	0	Rfam.seed.gz	15.1	41f014f4ab5628620935f089b1bb77987ebc162fda7c72bff368a32c9cccabac
RF00059__2GDI_X__3D2G_A__a1__forward__rep3	RF00059__2GDI_X__3D2G_A	forward	3	RF00059__2GDI_X	75	A	75	X:84	yes	no	192	72	A	A:72	72	A	A:72	same_partner	NA	NA	yes	0	Rfam.seed.gz	15.1	41f014f4ab5628620935f089b1bb77987ebc162fda7c72bff368a32c9cccabac
RF00059__2GDI_X__3D2G_A__a1__forward__rep3	RF00059__2GDI_X__3D2G_A	forward	3	RF00059__2GDI_X	76	A	76	X:85	yes	no	195	74	U	A:74	73	G	A:73	different_partner	NA	NA	yes	-1	Rfam.seed.gz	15.1	41f014f4ab5628620935f089b1bb77987ebc162fda7c72bff368a32c9cccabac
RF00059__2GDI_X__3D2G_A__a1__forward__rep3	RF00059__2GDI_X__3D2G_A	forward	3	RF00059__2GDI_X	77	G	77	X:86	yes	no	196	75	G	A:75	75	G	A:75	same_partner	NA	NA	yes	0	Rfam.seed.gz	15.1	41f014f4ab5628620935f089b1bb77987ebc162fda7c72bff368a32c9cccabac
RF00059__2GDI_X__3D2G_A__a1__forward__rep3	RF00059__2GDI_X__3D2G_A	forward	3	RF00059__2GDI_X	78	U	78	X:87	yes	no	197	76	U	A:76	76	U	A:76	same_partner	NA	NA	yes	0	Rfam.seed.gz	15.1	41f014f4ab5628620935f089b1bb77987ebc162fda7c72bff368a32c9cccabac
RF00059__2GDI_X__3D2G_A__a1__forward__rep3	RF00059__2GDI_X__3D2G_A	forward	3	RF00059__2GDI_X	79	U	79	X:88	yes	yes	198	77	C	A:77	77	C	A:77	same_partner	NA	NA	no	0	Rfam.seed.gz	15.1	41f014f4ab5628620935f089b1bb77987ebc162fda7c72bff368a32c9cccabac
RF00059__2GDI_X__3D2G_A__a1__forward__rep3	RF00059__2GDI_X__3D2G_A	forward	3	RF00059__2GDI_X	80	C	80	X:89	yes	yes	199	NA	NA	NA	NA	NA	NA	neither	alignment_gap_in_standard_seed	algorithm_omission	no	NA	Rfam.seed.gz	15.1	41f014f4ab5628620935f089b1bb77987ebc162fda7c72bff368a32c9cccabac
RF00059__2GDI_X__3D2G_A__a1__reverse__rep1	RF00059__2GDI_X__3D2G_A	reverse	1	RF00059__2GDI_X	1	G	1	X:10	yes	yes	6	2	G	A:2	2	G	A:2	same_partner	NA	NA	no	0	Rfam.seed.gz	15.1	41f014f4ab5628620935f089b1bb77987ebc162fda7c72bff368a32c9cccabac
RF00059__2GDI_X__3D2G_A__a1__reverse__rep1	RF00059__2GDI_X__3D2G_A	reverse	1	RF00059__2GDI_X	2	G	2	X:11	yes	no	7	3	G	A:3	3	G	A:3	same_partner	NA	NA	no	0	Rfam.seed.gz	15.1	41f014f4ab5628620935f089b1bb77987ebc162fda7c72bff368a32c9cccabac
RF00059__2GDI_X__3D2G_A__a1__reverse__rep1	RF00059__2GDI_X__3D2G_A	reverse	1	RF00059__2GDI_X	3	A	3	X:12	yes	no	8	4	A	A:4	4	A	A:4	same_partner	NA	NA	no	0	Rfam.seed.gz	15.1	41f014f4ab5628620935f089b1bb77987ebc162fda7c72bff368a32c9cccabac
RF00059__2GDI_X__3D2G_A__a1__reverse__rep1	RF00059__2GDI_X__3D2G_A	reverse	1	RF00059__2GDI_X	4	C	4	X:13	yes	no	9	5	C	A:5	5	C	A:5	same_partner	NA	NA	no	0	Rfam.seed.gz	15.1	41f014f4ab5628620935f089b1bb77987ebc162fda7c72bff368a32c9cccabac
RF00059__2GDI_X__3D2G_A__a1__reverse__rep1	RF00059__2GDI_X__3D2G_A	reverse	1	RF00059__2GDI_X	5	U	5	X:14	yes	no	10	6	C	A:6	6	C	A:6	same_partner	NA	NA	no	0	Rfam.seed.gz	15.1	41f014f4ab5628620935f089b1bb77987ebc162fda7c72bff368a32c9cccabac
RF00059__2GDI_X__3D2G_A__a1__reverse__rep1	RF00059__2GDI_X__3D2G_A	reverse	1	RF00059__2GDI_X	6	C	6	X:15	yes	no	11	7	A	A:7	7	A	A:7	same_partner	NA	NA	no	0	Rfam.seed.gz	15.1	41f014f4ab5628620935f089b1bb77987ebc162fda7c72bff368a32c9cccabac
RF00059__2GDI_X__3D2G_A__a1__reverse__rep1	RF00059__2GDI_X__3D2G_A	reverse	1	RF00059__2GDI_X	7	G	7	X:16	yes	no	12	8	G	A:8	8	G	A:8	same_partner	NA	NA	no	0	Rfam.seed.gz	15.1	41f014f4ab5628620935f089b1bb77987ebc162fda7c72bff368a32c9cccabac
RF00059__2GDI_X__3D2G_A__a1__reverse__rep1	RF00059__2GDI_X__3D2G_A	reverse	1	RF00059__2GDI_X	8	G	8	X:17	yes	no	13	9	G	A:9	9	G	A:9	same_partner	NA	NA	no	0	Rfam.seed.gz	15.1	41f014f4ab5628620935f089b1bb77987ebc162fda7c72bff368a32c9cccabac
RF00059__2GDI_X__3D2G_A__a1__reverse__rep1	RF00059__2GDI_X__3D2G_A	reverse	1	RF00059__2GDI_X	9	G	9	X:18	yes	no	14	10	G	A:10	10	G	A:10	same_partner	NA	NA	no	0	Rfam.seed.gz	15.1	41f014f4ab5628620935f089b1bb77987ebc162fda7c72bff368a32c9cccabac
RF00059__2GDI_X__3D2G_A__a1__reverse__rep1	RF00059__2GDI_X__3D2G_A	reverse	1	RF00059__2GDI_X	10	G	10	X:19	yes	no	15	11	G	A:11	11	G	A:11	same_partner	NA	NA	no	0	Rfam.seed.gz	15.1	41f014f4ab5628620935f089b1bb77987ebc162fda7c72bff368a32c9cccabac
RF00059__2GDI_X__3D2G_A__a1__reverse__rep1	RF00059__2GDI_X__3D2G_A	reverse	1	RF00059__2GDI_X	11	U	11	X:20	yes	no	16	12	U	A:12	12	U	A:12	same_partner	NA	NA	no	0	Rfam.seed.gz	15.1	41f014f4ab5628620935f089b1bb77987ebc162fda7c72bff368a32c9cccabac
RF00059__2GDI_X__3D2G_A__a1__reverse__rep1	RF00059__2GDI_X__3D2G_A	reverse	1	RF00059__2GDI_X	12	G	12	X:21	yes	no	17	13	G	A:13	13	G	A:13	same_partner	NA	NA	no	0	Rfam.seed.gz	15.1	41f014f4ab5628620935f089b1bb77987ebc162fda7c72bff368a32c9cccabac
RF00059__2GDI_X__3D2G_A__a1__reverse__rep1	RF00059__2GDI_X__3D2G_A	reverse	1	RF00059__2GDI_X	13	C	13	X:22	yes	no	18	14	C	A:14	14	C	A:14	same_partner	NA	NA	no	0	Rfam.seed.gz	15.1	41f014f4ab5628620935f089b1bb77987ebc162fda7c72bff368a32c9cccabac
RF00059__2GDI_X__3D2G_A__a1__reverse__rep1	RF00059__2GDI_X__3D2G_A	reverse	1	RF00059__2GDI_X	14	C	14	X:23	yes	no	19	15	U	A:15	15	U	A:15	same_partner	NA	NA	no	0	Rfam.seed.gz	15.1	41f014f4ab5628620935f089b1bb77987ebc162fda7c72bff368a32c9cccabac
RF00059__2GDI_X__3D2G_A__a1__reverse__rep1	RF00059__2GDI_X__3D2G_A	reverse	1	RF00059__2GDI_X	15	C	15	X:24	yes	no	20	16	U	A:16	16	U	A:16	same_partner	NA	NA	no	0	Rfam.seed.gz	15.1	41f014f4ab5628620935f089b1bb77987ebc162fda7c72bff368a32c9cccabac
RF00059__2GDI_X__3D2G_A__a1__reverse__rep1	RF00059__2GDI_X__3D2G_A	reverse	1	RF00059__2GDI_X	16	U	16	X:25	yes	no	21	17	G	A:17	17	G	A:17	same_partner	NA	NA	no	0	Rfam.seed.gz	15.1	41f014f4ab5628620935f089b1bb77987ebc162fda7c72bff368a32c9cccabac
RF00059__2GDI_X__3D2G_A__a1__reverse__rep1	RF00059__2GDI_X__3D2G_A	reverse	1	RF00059__2GDI_X	17	U	17	X:26	yes	no	22	18	U	A:18	NA	NA	NA	rfam_only	NA	algorithm_omission	no	NA	Rfam.seed.gz	15.1	41f014f4ab5628620935f089b1bb77987ebc162fda7c72bff368a32c9cccabac
RF00059__2GDI_X__3D2G_A__a1__reverse__rep1	RF00059__2GDI_X__3D2G_A	reverse	1	RF00059__2GDI_X	18	C	18	X:27	yes	no	23	19	U	A:19	NA	NA	NA	rfam_only	NA	algorithm_omission	no	NA	Rfam.seed.gz	15.1	41f014f4ab5628620935f089b1bb77987ebc162fda7c72bff368a32c9cccabac
RF00059__2GDI_X__3D2G_A__a1__reverse__rep1	RF00059__2GDI_X__3D2G_A	reverse	1	RF00059__2GDI_X	19	U	19	X:28	yes	no	24	20	C	A:20	NA	NA	NA	rfam_only	NA	algorithm_omission	no	NA	Rfam.seed.gz	15.1	41f014f4ab5628620935f089b1bb77987ebc162fda7c72bff368a32c9cccabac
RF00059__2GDI_X__3D2G_A__a1__reverse__rep1	RF00059__2GDI_X__3D2G_A	reverse	1	RF00059__2GDI_X	20	G	20	X:29	yes	no	25	NA	NA	NA	NA	NA	NA	neither	alignment_gap_in_standard_seed	algorithm_omission	no	NA	Rfam.seed.gz	15.1	41f014f4ab5628620935f089b1bb77987ebc162fda7c72bff368a32c9cccabac
RF00059__2GDI_X__3D2G_A__a1__reverse__rep1	RF00059__2GDI_X__3D2G_A	reverse	1	RF00059__2GDI_X	21	C	21	X:30	yes	no	73	NA	NA	NA	18	U	A:18	star3d_only	alignment_gap_in_standard_seed	NA	no	NA	Rfam.seed.gz	15.1	41f014f4ab5628620935f089b1bb77987ebc162fda7c72bff368a32c9cccabac
RF00059__2GDI_X__3D2G_A__a1__reverse__rep1	RF00059__2GDI_X__3D2G_A	reverse	1	RF00059__2GDI_X	22	G	22	X:31	yes	no	74	NA	NA	NA	19	U	A:19	star3d_only	alignment_gap_in_standard_seed	NA	no	NA	Rfam.seed.gz	15.1	41f014f4ab5628620935f089b1bb77987ebc162fda7c72bff368a32c9cccabac
RF00059__2GDI_X__3D2G_A__a1__reverse__rep1	RF00059__2GDI_X__3D2G_A	reverse	1	RF00059__2GDI_X	23	U	23	X:32	yes	no	75	NA	NA	NA	20	C	A:20	star3d_only	alignment_gap_in_standard_seed	NA	no	NA	Rfam.seed.gz	15.1	41f014f4ab5628620935f089b1bb77987ebc162fda7c72bff368a32c9cccabac
RF00059__2GDI_X__3D2G_A__a1__reverse__rep1	RF00059__2GDI_X__3D2G_A	reverse	1	RF00059__2GDI_X	24	G	24	X:33	yes	no	76	21	A	A:21	21	A	A:21	same_partner	NA	NA	no	0	Rfam.seed.gz	15.1	41f014f4ab5628620935f089b1bb77987ebc162fda7c72bff368a32c9cccabac
RF00059__2GDI_X__3D2G_A__a1__reverse__rep1	RF00059__2GDI_X__3D2G_A	reverse	1	RF00059__2GDI_X	25	A	25	X:34	yes	no	77	22	C	A:22	22	C	A:22	same_partner	NA	NA	yes	0	Rfam.seed.gz	15.1	41f014f4ab5628620935f089b1bb77987ebc162fda7c72bff368a32c9cccabac
RF00059__2GDI_X__3D2G_A__a1__reverse__rep1	RF00059__2GDI_X__3D2G_A	reverse	1	RF00059__2GDI_X	26	A	26	X:35	yes	no	78	23	A	A:23	23	A	A:23	same_partner	NA	NA	yes	0	Rfam.seed.gz	15.1	41f014f4ab5628620935f089b1bb77987ebc162fda7c72bff368a32c9cccabac
RF00059__2GDI_X__3D2G_A__a1__reverse__rep1	RF00059__2GDI_X__3D2G_A	reverse	1	RF00059__2GDI_X	27	G	27	X:36	yes	no	79	24	G	A:24	24	G	A:24	same_partner	NA	NA	yes	0	Rfam.seed.gz	15.1	41f014f4ab5628620935f089b1bb77987ebc162fda7c72bff368a32c9cccabac
RF00059__2GDI_X__3D2G_A__a1__reverse__rep1	RF00059__2GDI_X__3D2G_A	reverse	1	RF00059__2GDI_X	28	G	28	X:37	yes	no	81	25	G	A:25	25	G	A:25	same_partner	NA	NA	yes	0	Rfam.seed.gz	15.1	41f014f4ab5628620935f089b1bb77987ebc162fda7c72bff368a32c9cccabac
RF00059__2GDI_X__3D2G_A__a1__reverse__rep1	RF00059__2GDI_X__3D2G_A	reverse	1	RF00059__2GDI_X	29	C	29	X:38	yes	no	82	26	C	A:26	26	C	A:26	same_partner	NA	NA	yes	0	Rfam.seed.gz	15.1	41f014f4ab5628620935f089b1bb77987ebc162fda7c72bff368a32c9cccabac
RF00059__2GDI_X__3D2G_A__a1__reverse__rep1	RF00059__2GDI_X__3D2G_A	reverse	1	RF00059__2GDI_X	30	U	30	X:39	yes	no	83	27	U	A:27	27	U	A:27	same_partner	NA	NA	yes	0	Rfam.seed.gz	15.1	41f014f4ab5628620935f089b1bb77987ebc162fda7c72bff368a32c9cccabac
RF00059__2GDI_X__3D2G_A__a1__reverse__rep1	RF00059__2GDI_X__3D2G_A	reverse	1	RF00059__2GDI_X	31	G	31	X:40	yes	no	84	28	G	A:28	28	G	A:28	same_partner	NA	NA	yes	0	Rfam.seed.gz	15.1	41f014f4ab5628620935f089b1bb77987ebc162fda7c72bff368a32c9cccabac
RF00059__2GDI_X__3D2G_A__a1__reverse__rep1	RF00059__2GDI_X__3D2G_A	reverse	1	RF00059__2GDI_X	32	A	32	X:41	yes	no	85	29	A	A:29	29	A	A:29	same_partner	NA	NA	yes	0	Rfam.seed.gz	15.1	41f014f4ab5628620935f089b1bb77987ebc162fda7c72bff368a32c9cccabac
RF00059__2GDI_X__3D2G_A__a1__reverse__rep1	RF00059__2GDI_X__3D2G_A	reverse	1	RF00059__2GDI_X	33	G	33	X:42	yes	no	86	30	G	A:30	30	G	A:30	same_partner	NA	NA	yes	0	Rfam.seed.gz	15.1	41f014f4ab5628620935f089b1bb77987ebc162fda7c72bff368a32c9cccabac
RF00059__2GDI_X__3D2G_A__a1__reverse__rep1	RF00059__2GDI_X__3D2G_A	reverse	1	RF00059__2GDI_X	34	A	34	X:43	yes	no	87	31	A	A:31	31	A	A:31	same_partner	NA	NA	yes	0	Rfam.seed.gz	15.1	41f014f4ab5628620935f089b1bb77987ebc162fda7c72bff368a32c9cccabac
RF00059__2GDI_X__3D2G_A__a1__reverse__rep1	RF00059__2GDI_X__3D2G_A	reverse	1	RF00059__2GDI_X	35	A	35	X:44	yes	no	88	32	A	A:32	32	A	A:32	same_partner	NA	NA	yes	0	Rfam.seed.gz	15.1	41f014f4ab5628620935f089b1bb77987ebc162fda7c72bff368a32c9cccabac
RF00059__2GDI_X__3D2G_A__a1__reverse__rep1	RF00059__2GDI_X__3D2G_A	reverse	1	RF00059__2GDI_X	36	A	36	X:45	yes	no	149	33	A	A:33	33	A	A:33	same_partner	NA	NA	yes	0	Rfam.seed.gz	15.1	41f014f4ab5628620935f089b1bb77987ebc162fda7c72bff368a32c9cccabac
RF00059__2GDI_X__3D2G_A__a1__reverse__rep1	RF00059__2GDI_X__3D2G_A	reverse	1	RF00059__2GDI_X	37	U	37	X:46	yes	no	150	34	G	A:34	34	G	A:34	same_partner	NA	NA	yes	0	Rfam.seed.gz	15.1	41f014f4ab5628620935f089b1bb77987ebc162fda7c72bff368a32c9cccabac
RF00059__2GDI_X__3D2G_A__a1__reverse__rep1	RF00059__2GDI_X__3D2G_A	reverse	1	RF00059__2GDI_X	38	A	38	X:47	yes	no	151	35	U	A:35	35	U	A:35	same_partner	NA	NA	yes	0	Rfam.seed.gz	15.1	41f014f4ab5628620935f089b1bb77987ebc162fda7c72bff368a32c9cccabac
RF00059__2GDI_X__3D2G_A__a1__reverse__rep1	RF00059__2GDI_X__3D2G_A	reverse	1	RF00059__2GDI_X	39	C	39	X:48	yes	no	153	36	C	A:36	36	C	A:36	same_partner	NA	NA	yes	0	Rfam.seed.gz	15.1	41f014f4ab5628620935f089b1bb77987ebc162fda7c72bff368a32c9cccabac
RF00059__2GDI_X__3D2G_A__a1__reverse__rep1	RF00059__2GDI_X__3D2G_A	reverse	1	RF00059__2GDI_X	40	C	40	X:49	yes	no	154	37	C	A:37	37	C	A:37	same_partner	NA	NA	yes	0	Rfam.seed.gz	15.1	41f014f4ab5628620935f089b1bb77987ebc162fda7c72bff368a32c9cccabac
RF00059__2GDI_X__3D2G_A__a1__reverse__rep1	RF00059__2GDI_X__3D2G_A	reverse	1	RF00059__2GDI_X	41	C	41	X:50	yes	no	155	38	C	A:38	38	C	A:38	same_partner	NA	NA	yes	0	Rfam.seed.gz	15.1	41f014f4ab5628620935f089b1bb77987ebc162fda7c72bff368a32c9cccabac
RF00059__2GDI_X__3D2G_A__a1__reverse__rep1	RF00059__2GDI_X__3D2G_A	reverse	1	RF00059__2GDI_X	42	G	42	X:51	yes	no	156	39	U	A:39	39	U	A:39	same_partner	NA	NA	yes	0	Rfam.seed.gz	15.1	41f014f4ab5628620935f089b1bb77987ebc162fda7c72bff368a32c9cccabac
RF00059__2GDI_X__3D2G_A__a1__reverse__rep1	RF00059__2GDI_X__3D2G_A	reverse	1	RF00059__2GDI_X	43	U	43	X:52	yes	no	157	40	U	A:40	40	U	A:40	same_partner	NA	NA	yes	0	Rfam.seed.gz	15.1	41f014f4ab5628620935f089b1bb77987ebc162fda7c72bff368a32c9cccabac
RF00059__2GDI_X__3D2G_A__a1__reverse__rep1	RF00059__2GDI_X__3D2G_A	reverse	1	RF00059__2GDI_X	44	A	44	X:53	yes	no	158	41	U	A:41	41	U	A:41	same_partner	NA	NA	yes	0	Rfam.seed.gz	15.1	41f014f4ab5628620935f089b1bb77987ebc162fda7c72bff368a32c9cccabac
RF00059__2GDI_X__3D2G_A__a1__reverse__rep1	RF00059__2GDI_X__3D2G_A	reverse	1	RF00059__2GDI_X	45	U	45	X:54	yes	no	159	42	G	A:42	42	G	A:42	same_partner	NA	NA	yes	0	Rfam.seed.gz	15.1	41f014f4ab5628620935f089b1bb77987ebc162fda7c72bff368a32c9cccabac
RF00059__2GDI_X__3D2G_A__a1__reverse__rep1	RF00059__2GDI_X__3D2G_A	reverse	1	RF00059__2GDI_X	46	C	46	X:55	yes	no	160	43	A	A:43	43	A	A:43	same_partner	NA	NA	yes	0	Rfam.seed.gz	15.1	41f014f4ab5628620935f089b1bb77987ebc162fda7c72bff368a32c9cccabac
RF00059__2GDI_X__3D2G_A__a1__reverse__rep1	RF00059__2GDI_X__3D2G_A	reverse	1	RF00059__2GDI_X	47	A	47	X:56	yes	no	162	44	A	A:44	44	A	A:44	same_partner	NA	NA	yes	0	Rfam.seed.gz	15.1	41f014f4ab5628620935f089b1bb77987ebc162fda7c72bff368a32c9cccabac
RF00059__2GDI_X__3D2G_A__a1__reverse__rep1	RF00059__2GDI_X__3D2G_A	reverse	1	RF00059__2GDI_X	48	C	48	X:57	yes	no	163	45	C	A:45	45	C	A:45	same_partner	NA	NA	yes	0	Rfam.seed.gz	15.1	41f014f4ab5628620935f089b1bb77987ebc162fda7c72bff368a32c9cccabac
RF00059__2GDI_X__3D2G_A__a1__reverse__rep1	RF00059__2GDI_X__3D2G_A	reverse	1	RF00059__2GDI_X	49	C	49	X:58	yes	no	164	46	C	A:46	46	C	A:46	same_partner	NA	NA	yes	0	Rfam.seed.gz	15.1	41f014f4ab5628620935f089b1bb77987ebc162fda7c72bff368a32c9cccabac
RF00059__2GDI_X__3D2G_A__a1__reverse__rep1	RF00059__2GDI_X__3D2G_A	reverse	1	RF00059__2GDI_X	50	U	50	X:59	yes	no	165	47	U	A:47	47	U	A:47	same_partner	NA	NA	yes	0	Rfam.seed.gz	15.1	41f014f4ab5628620935f089b1bb77987ebc162fda7c72bff368a32c9cccabac
RF00059__2GDI_X__3D2G_A__a1__reverse__rep1	RF00059__2GDI_X__3D2G_A	reverse	1	RF00059__2GDI_X	51	G	51	X:60	yes	no	166	48	G	A:48	48	G	A:48	same_partner	NA	NA	yes	0	Rfam.seed.gz	15.1	41f014f4ab5628620935f089b1bb77987ebc162fda7c72bff368a32c9cccabac
RF00059__2GDI_X__3D2G_A__a1__reverse__rep1	RF00059__2GDI_X__3D2G_A	reverse	1	RF00059__2GDI_X	52	A	52	X:61	yes	no	167	49	A	A:49	49	A	A:49	same_partner	NA	NA	yes	0	Rfam.seed.gz	15.1	41f014f4ab5628620935f089b1bb77987ebc162fda7c72bff368a32c9cccabac
RF00059__2GDI_X__3D2G_A__a1__reverse__rep1	RF00059__2GDI_X__3D2G_A	reverse	1	RF00059__2GDI_X	53	U	53	X:62	yes	no	169	50	A	A:50	50	A	A:50	same_partner	NA	NA	yes	0	Rfam.seed.gz	15.1	41f014f4ab5628620935f089b1bb77987ebc162fda7c72bff368a32c9cccabac
RF00059__2GDI_X__3D2G_A__a1__reverse__rep1	RF00059__2GDI_X__3D2G_A	reverse	1	RF00059__2GDI_X	54	C	54	X:63	yes	no	170	51	C	A:51	51	C	A:51	same_partner	NA	NA	yes	0	Rfam.seed.gz	15.1	41f014f4ab5628620935f089b1bb77987ebc162fda7c72bff368a32c9cccabac
RF00059__2GDI_X__3D2G_A__a1__reverse__rep1	RF00059__2GDI_X__3D2G_A	reverse	1	RF00059__2GDI_X	55	U	55	X:64	yes	no	171	52	A	A:52	52	A	A:52	same_partner	NA	NA	yes	0	Rfam.seed.gz	15.1	41f014f4ab5628620935f089b1bb77987ebc162fda7c72bff368a32c9cccabac
RF00059__2GDI_X__3D2G_A__a1__reverse__rep1	RF00059__2GDI_X__3D2G_A	reverse	1	RF00059__2GDI_X	56	G	56	X:65	yes	no	172	53	G	A:53	53	G	A:53	same_partner	NA	NA	yes	0	Rfam.seed.gz	15.1	41f014f4ab5628620935f089b1bb77987ebc162fda7c72bff368a32c9cccabac
RF00059__2GDI_X__3D2G_A__a1__reverse__rep1	RF00059__2GDI_X__3D2G_A	reverse	1	RF00059__2GDI_X	57	G	57	X:66	yes	no	173	54	G	A:54	54	G	A:54	same_partner	NA	NA	yes	0	Rfam.seed.gz	15.1	41f014f4ab5628620935f089b1bb77987ebc162fda7c72bff368a32c9cccabac
RF00059__2GDI_X__3D2G_A__a1__reverse__rep1	RF00059__2GDI_X__3D2G_A	reverse	1	RF00059__2GDI_X	58	A	58	X:67	yes	no	174	55	G	A:55	55	G	A:55	same_partner	NA	NA	yes	0	Rfam.seed.gz	15.1	41f014f4ab5628620935f089b1bb77987ebc162fda7c72bff368a32c9cccabac
RF00059__2GDI_X__3D2G_A__a1__reverse__rep1	RF00059__2GDI_X__3D2G_A	reverse	1	RF00059__2GDI_X	59	U	59	X:68	yes	no	175	56	U	A:56	56	U	A:56	same_partner	NA	NA	yes	0	Rfam.seed.gz	15.1	41f014f4ab5628620935f089b1bb77987ebc162fda7c72bff368a32c9cccabac
RF00059__2GDI_X__3D2G_A__a1__reverse__rep1	RF00059__2GDI_X__3D2G_A	reverse	1	RF00059__2GDI_X	60	A	60	X:69	yes	no	176	57	A	A:57	57	A	A:57	same_partner	NA	NA	yes	0	Rfam.seed.gz	15.1	41f014f4ab5628620935f089b1bb77987ebc162fda7c72bff368a32c9cccabac
RF00059__2GDI_X__3D2G_A__a1__reverse__rep1	RF00059__2GDI_X__3D2G_A	reverse	1	RF00059__2GDI_X	61	A	61	X:70	yes	no	177	58	A	A:58	58	A	A:58	same_partner	NA	NA	yes	0	Rfam.seed.gz	15.1	41f014f4ab5628620935f089b1bb77987ebc162fda7c72bff368a32c9cccabac
RF00059__2GDI_X__3D2G_A__a1__reverse__rep1	RF00059__2GDI_X__3D2G_A	reverse	1	RF00059__2GDI_X	62	U	62	X:71	yes	no	178	59	U	A:59	59	U	A:59	same_partner	NA	NA	yes	0	Rfam.seed.gz	15.1	41f014f4ab5628620935f089b1bb77987ebc162fda7c72bff368a32c9cccabac
RF00059__2GDI_X__3D2G_A__a1__reverse__rep1	RF00059__2GDI_X__3D2G_A	reverse	1	RF00059__2GDI_X	63	G	63	X:72	yes	no	179	60	G	A:60	60	G	A:60	same_partner	NA	NA	yes	0	Rfam.seed.gz	15.1	41f014f4ab5628620935f089b1bb77987ebc162fda7c72bff368a32c9cccabac
RF00059__2GDI_X__3D2G_A__a1__reverse__rep1	RF00059__2GDI_X__3D2G_A	reverse	1	RF00059__2GDI_X	64	C	64	X:73	yes	no	180	61	C	A:61	61	C	A:61	same_partner	NA	NA	yes	0	Rfam.seed.gz	15.1	41f014f4ab5628620935f089b1bb77987ebc162fda7c72bff368a32c9cccabac
RF00059__2GDI_X__3D2G_A__a1__reverse__rep1	RF00059__2GDI_X__3D2G_A	reverse	1	RF00059__2GDI_X	65	C	65	X:74	yes	no	181	62	C	A:62	62	C	A:62	same_partner	NA	NA	yes	0	Rfam.seed.gz	15.1	41f014f4ab5628620935f089b1bb77987ebc162fda7c72bff368a32c9cccabac
RF00059__2GDI_X__3D2G_A__a1__reverse__rep1	RF00059__2GDI_X__3D2G_A	reverse	1	RF00059__2GDI_X	66	A	66	X:75	yes	no	182	63	U	A:63	63	U	A:63	same_partner	NA	NA	yes	0	Rfam.seed.gz	15.1	41f014f4ab5628620935f089b1bb77987ebc162fda7c72bff368a32c9cccabac
RF00059__2GDI_X__3D2G_A__a1__reverse__rep1	RF00059__2GDI_X__3D2G_A	reverse	1	RF00059__2GDI_X	67	G	67	X:76	yes	no	183	64	G	A:64	64	G	A:64	same_partner	NA	NA	yes	0	Rfam.seed.gz	15.1	41f014f4ab5628620935f089b1bb77987ebc162fda7c72bff368a32c9cccabac
RF00059__2GDI_X__3D2G_A__a1__reverse__rep1	RF00059__2GDI_X__3D2G_A	reverse	1	RF00059__2GDI_X	68	C	68	X:77	yes	no	184	65	C	A:65	65	C	A:65	same_partner	NA	NA	yes	0	Rfam.seed.gz	15.1	41f014f4ab5628620935f089b1bb77987ebc162fda7c72bff368a32c9cccabac
RF00059__2GDI_X__3D2G_A__a1__reverse__rep1	RF00059__2GDI_X__3D2G_A	reverse	1	RF00059__2GDI_X	69	G	69	X:78	yes	no	185	66	G	A:66	66	G	A:66	same_partner	NA	NA	yes	0	Rfam.seed.gz	15.1	41f014f4ab5628620935f089b1bb77987ebc162fda7c72bff368a32c9cccabac
RF00059__2GDI_X__3D2G_A__a1__reverse__rep1	RF00059__2GDI_X__3D2G_A	reverse	1	RF00059__2GDI_X	70	U	70	X:79	yes	no	187	67	C	A:67	67	C	A:67	same_partner	NA	NA	yes	0	Rfam.seed.gz	15.1	41f014f4ab5628620935f089b1bb77987ebc162fda7c72bff368a32c9cccabac
RF00059__2GDI_X__3D2G_A__a1__reverse__rep1	RF00059__2GDI_X__3D2G_A	reverse	1	RF00059__2GDI_X	71	A	71	X:80	yes	no	188	68	A	A:68	68	A	A:68	same_partner	NA	NA	yes	0	Rfam.seed.gz	15.1	41f014f4ab5628620935f089b1bb77987ebc162fda7c72bff368a32c9cccabac
RF00059__2GDI_X__3D2G_A__a1__reverse__rep1	RF00059__2GDI_X__3D2G_A	reverse	1	RF00059__2GDI_X	72	G	72	X:81	yes	no	189	69	G	A:69	69	G	A:69	same_partner	NA	NA	yes	0	Rfam.seed.gz	15.1	41f014f4ab5628620935f089b1bb77987ebc162fda7c72bff368a32c9cccabac
RF00059__2GDI_X__3D2G_A__a1__reverse__rep1	RF00059__2GDI_X__3D2G_A	reverse	1	RF00059__2GDI_X	73	G	73	X:82	yes	no	190	70	G	A:70	70	G	A:70	same_partner	NA	NA	yes	0	Rfam.seed.gz	15.1	41f014f4ab5628620935f089b1bb77987ebc162fda7c72bff368a32c9cccabac
RF00059__2GDI_X__3D2G_A__a1__reverse__rep1	RF00059__2GDI_X__3D2G_A	reverse	1	RF00059__2GDI_X	74	G	74	X:83	yes	no	191	71	G	A:71	71	G	A:71	same_partner	NA	NA	yes	0	Rfam.seed.gz	15.1	41f014f4ab5628620935f089b1bb77987ebc162fda7c72bff368a32c9cccabac
RF00059__2GDI_X__3D2G_A__a1__reverse__rep1	RF00059__2GDI_X__3D2G_A	reverse	1	RF00059__2GDI_X	75	A	75	X:84	yes	no	192	72	A	A:72	72	A	A:72	same_partner	NA	NA	yes	0	Rfam.seed.gz	15.1	41f014f4ab5628620935f089b1bb77987ebc162fda7c72bff368a32c9cccabac
RF00059__2GDI_X__3D2G_A__a1__reverse__rep1	RF00059__2GDI_X__3D2G_A	reverse	1	RF00059__2GDI_X	76	A	76	X:85	yes	no	195	74	U	A:74	73	G	A:73	different_partner	NA	NA	yes	-1	Rfam.seed.gz	15.1	41f014f4ab5628620935f089b1bb77987ebc162fda7c72bff368a32c9cccabac
RF00059__2GDI_X__3D2G_A__a1__reverse__rep1	RF00059__2GDI_X__3D2G_A	reverse	1	RF00059__2GDI_X	77	G	77	X:86	yes	no	196	75	G	A:75	75	G	A:75	same_partner	NA	NA	yes	0	Rfam.seed.gz	15.1	41f014f4ab5628620935f089b1bb77987ebc162fda7c72bff368a32c9cccabac
RF00059__2GDI_X__3D2G_A__a1__reverse__rep1	RF00059__2GDI_X__3D2G_A	reverse	1	RF00059__2GDI_X	78	U	78	X:87	yes	no	197	76	U	A:76	76	U	A:76	same_partner	NA	NA	yes	0	Rfam.seed.gz	15.1	41f014f4ab5628620935f089b1bb77987ebc162fda7c72bff368a32c9cccabac
RF00059__2GDI_X__3D2G_A__a1__reverse__rep1	RF00059__2GDI_X__3D2G_A	reverse	1	RF00059__2GDI_X	79	U	79	X:88	yes	yes	198	77	C	A:77	77	C	A:77	same_partner	NA	NA	no	0	Rfam.seed.gz	15.1	41f014f4ab5628620935f089b1bb77987ebc162fda7c72bff368a32c9cccabac
RF00059__2GDI_X__3D2G_A__a1__reverse__rep1	RF00059__2GDI_X__3D2G_A	reverse	1	RF00059__2GDI_X	80	C	80	X:89	yes	yes	199	NA	NA	NA	NA	NA	NA	neither	alignment_gap_in_standard_seed	algorithm_omission	no	NA	Rfam.seed.gz	15.1	41f014f4ab5628620935f089b1bb77987ebc162fda7c72bff368a32c9cccabac
RF00059__2GDI_X__3D2G_A__a1__reverse__rep2	RF00059__2GDI_X__3D2G_A	reverse	2	RF00059__2GDI_X	1	G	1	X:10	yes	yes	6	2	G	A:2	2	G	A:2	same_partner	NA	NA	no	0	Rfam.seed.gz	15.1	41f014f4ab5628620935f089b1bb77987ebc162fda7c72bff368a32c9cccabac
RF00059__2GDI_X__3D2G_A__a1__reverse__rep2	RF00059__2GDI_X__3D2G_A	reverse	2	RF00059__2GDI_X	2	G	2	X:11	yes	no	7	3	G	A:3	3	G	A:3	same_partner	NA	NA	no	0	Rfam.seed.gz	15.1	41f014f4ab5628620935f089b1bb77987ebc162fda7c72bff368a32c9cccabac
RF00059__2GDI_X__3D2G_A__a1__reverse__rep2	RF00059__2GDI_X__3D2G_A	reverse	2	RF00059__2GDI_X	3	A	3	X:12	yes	no	8	4	A	A:4	4	A	A:4	same_partner	NA	NA	no	0	Rfam.seed.gz	15.1	41f014f4ab5628620935f089b1bb77987ebc162fda7c72bff368a32c9cccabac
RF00059__2GDI_X__3D2G_A__a1__reverse__rep2	RF00059__2GDI_X__3D2G_A	reverse	2	RF00059__2GDI_X	4	C	4	X:13	yes	no	9	5	C	A:5	5	C	A:5	same_partner	NA	NA	no	0	Rfam.seed.gz	15.1	41f014f4ab5628620935f089b1bb77987ebc162fda7c72bff368a32c9cccabac
RF00059__2GDI_X__3D2G_A__a1__reverse__rep2	RF00059__2GDI_X__3D2G_A	reverse	2	RF00059__2GDI_X	5	U	5	X:14	yes	no	10	6	C	A:6	6	C	A:6	same_partner	NA	NA	no	0	Rfam.seed.gz	15.1	41f014f4ab5628620935f089b1bb77987ebc162fda7c72bff368a32c9cccabac
RF00059__2GDI_X__3D2G_A__a1__reverse__rep2	RF00059__2GDI_X__3D2G_A	reverse	2	RF00059__2GDI_X	6	C	6	X:15	yes	no	11	7	A	A:7	7	A	A:7	same_partner	NA	NA	no	0	Rfam.seed.gz	15.1	41f014f4ab5628620935f089b1bb77987ebc162fda7c72bff368a32c9cccabac
RF00059__2GDI_X__3D2G_A__a1__reverse__rep2	RF00059__2GDI_X__3D2G_A	reverse	2	RF00059__2GDI_X	7	G	7	X:16	yes	no	12	8	G	A:8	8	G	A:8	same_partner	NA	NA	no	0	Rfam.seed.gz	15.1	41f014f4ab5628620935f089b1bb77987ebc162fda7c72bff368a32c9cccabac
RF00059__2GDI_X__3D2G_A__a1__reverse__rep2	RF00059__2GDI_X__3D2G_A	reverse	2	RF00059__2GDI_X	8	G	8	X:17	yes	no	13	9	G	A:9	9	G	A:9	same_partner	NA	NA	no	0	Rfam.seed.gz	15.1	41f014f4ab5628620935f089b1bb77987ebc162fda7c72bff368a32c9cccabac
RF00059__2GDI_X__3D2G_A__a1__reverse__rep2	RF00059__2GDI_X__3D2G_A	reverse	2	RF00059__2GDI_X	9	G	9	X:18	yes	no	14	10	G	A:10	10	G	A:10	same_partner	NA	NA	no	0	Rfam.seed.gz	15.1	41f014f4ab5628620935f089b1bb77987ebc162fda7c72bff368a32c9cccabac
RF00059__2GDI_X__3D2G_A__a1__reverse__rep2	RF00059__2GDI_X__3D2G_A	reverse	2	RF00059__2GDI_X	10	G	10	X:19	yes	no	15	11	G	A:11	11	G	A:11	same_partner	NA	NA	no	0	Rfam.seed.gz	15.1	41f014f4ab5628620935f089b1bb77987ebc162fda7c72bff368a32c9cccabac
RF00059__2GDI_X__3D2G_A__a1__reverse__rep2	RF00059__2GDI_X__3D2G_A	reverse	2	RF00059__2GDI_X	11	U	11	X:20	yes	no	16	12	U	A:12	12	U	A:12	same_partner	NA	NA	no	0	Rfam.seed.gz	15.1	41f014f4ab5628620935f089b1bb77987ebc162fda7c72bff368a32c9cccabac
RF00059__2GDI_X__3D2G_A__a1__reverse__rep2	RF00059__2GDI_X__3D2G_A	reverse	2	RF00059__2GDI_X	12	G	12	X:21	yes	no	17	13	G	A:13	13	G	A:13	same_partner	NA	NA	no	0	Rfam.seed.gz	15.1	41f014f4ab5628620935f089b1bb77987ebc162fda7c72bff368a32c9cccabac
RF00059__2GDI_X__3D2G_A__a1__reverse__rep2	RF00059__2GDI_X__3D2G_A	reverse	2	RF00059__2GDI_X	13	C	13	X:22	yes	no	18	14	C	A:14	14	C	A:14	same_partner	NA	NA	no	0	Rfam.seed.gz	15.1	41f014f4ab5628620935f089b1bb77987ebc162fda7c72bff368a32c9cccabac
RF00059__2GDI_X__3D2G_A__a1__reverse__rep2	RF00059__2GDI_X__3D2G_A	reverse	2	RF00059__2GDI_X	14	C	14	X:23	yes	no	19	15	U	A:15	15	U	A:15	same_partner	NA	NA	no	0	Rfam.seed.gz	15.1	41f014f4ab5628620935f089b1bb77987ebc162fda7c72bff368a32c9cccabac
RF00059__2GDI_X__3D2G_A__a1__reverse__rep2	RF00059__2GDI_X__3D2G_A	reverse	2	RF00059__2GDI_X	15	C	15	X:24	yes	no	20	16	U	A:16	16	U	A:16	same_partner	NA	NA	no	0	Rfam.seed.gz	15.1	41f014f4ab5628620935f089b1bb77987ebc162fda7c72bff368a32c9cccabac
RF00059__2GDI_X__3D2G_A__a1__reverse__rep2	RF00059__2GDI_X__3D2G_A	reverse	2	RF00059__2GDI_X	16	U	16	X:25	yes	no	21	17	G	A:17	17	G	A:17	same_partner	NA	NA	no	0	Rfam.seed.gz	15.1	41f014f4ab5628620935f089b1bb77987ebc162fda7c72bff368a32c9cccabac
RF00059__2GDI_X__3D2G_A__a1__reverse__rep2	RF00059__2GDI_X__3D2G_A	reverse	2	RF00059__2GDI_X	17	U	17	X:26	yes	no	22	18	U	A:18	NA	NA	NA	rfam_only	NA	algorithm_omission	no	NA	Rfam.seed.gz	15.1	41f014f4ab5628620935f089b1bb77987ebc162fda7c72bff368a32c9cccabac
RF00059__2GDI_X__3D2G_A__a1__reverse__rep2	RF00059__2GDI_X__3D2G_A	reverse	2	RF00059__2GDI_X	18	C	18	X:27	yes	no	23	19	U	A:19	NA	NA	NA	rfam_only	NA	algorithm_omission	no	NA	Rfam.seed.gz	15.1	41f014f4ab5628620935f089b1bb77987ebc162fda7c72bff368a32c9cccabac
RF00059__2GDI_X__3D2G_A__a1__reverse__rep2	RF00059__2GDI_X__3D2G_A	reverse	2	RF00059__2GDI_X	19	U	19	X:28	yes	no	24	20	C	A:20	NA	NA	NA	rfam_only	NA	algorithm_omission	no	NA	Rfam.seed.gz	15.1	41f014f4ab5628620935f089b1bb77987ebc162fda7c72bff368a32c9cccabac
RF00059__2GDI_X__3D2G_A__a1__reverse__rep2	RF00059__2GDI_X__3D2G_A	reverse	2	RF00059__2GDI_X	20	G	20	X:29	yes	no	25	NA	NA	NA	NA	NA	NA	neither	alignment_gap_in_standard_seed	algorithm_omission	no	NA	Rfam.seed.gz	15.1	41f014f4ab5628620935f089b1bb77987ebc162fda7c72bff368a32c9cccabac
RF00059__2GDI_X__3D2G_A__a1__reverse__rep2	RF00059__2GDI_X__3D2G_A	reverse	2	RF00059__2GDI_X	21	C	21	X:30	yes	no	73	NA	NA	NA	18	U	A:18	star3d_only	alignment_gap_in_standard_seed	NA	no	NA	Rfam.seed.gz	15.1	41f014f4ab5628620935f089b1bb77987ebc162fda7c72bff368a32c9cccabac
RF00059__2GDI_X__3D2G_A__a1__reverse__rep2	RF00059__2GDI_X__3D2G_A	reverse	2	RF00059__2GDI_X	22	G	22	X:31	yes	no	74	NA	NA	NA	19	U	A:19	star3d_only	alignment_gap_in_standard_seed	NA	no	NA	Rfam.seed.gz	15.1	41f014f4ab5628620935f089b1bb77987ebc162fda7c72bff368a32c9cccabac
RF00059__2GDI_X__3D2G_A__a1__reverse__rep2	RF00059__2GDI_X__3D2G_A	reverse	2	RF00059__2GDI_X	23	U	23	X:32	yes	no	75	NA	NA	NA	20	C	A:20	star3d_only	alignment_gap_in_standard_seed	NA	no	NA	Rfam.seed.gz	15.1	41f014f4ab5628620935f089b1bb77987ebc162fda7c72bff368a32c9cccabac
RF00059__2GDI_X__3D2G_A__a1__reverse__rep2	RF00059__2GDI_X__3D2G_A	reverse	2	RF00059__2GDI_X	24	G	24	X:33	yes	no	76	21	A	A:21	21	A	A:21	same_partner	NA	NA	no	0	Rfam.seed.gz	15.1	41f014f4ab5628620935f089b1bb77987ebc162fda7c72bff368a32c9cccabac
RF00059__2GDI_X__3D2G_A__a1__reverse__rep2	RF00059__2GDI_X__3D2G_A	reverse	2	RF00059__2GDI_X	25	A	25	X:34	yes	no	77	22	C	A:22	22	C	A:22	same_partner	NA	NA	yes	0	Rfam.seed.gz	15.1	41f014f4ab5628620935f089b1bb77987ebc162fda7c72bff368a32c9cccabac
RF00059__2GDI_X__3D2G_A__a1__reverse__rep2	RF00059__2GDI_X__3D2G_A	reverse	2	RF00059__2GDI_X	26	A	26	X:35	yes	no	78	23	A	A:23	23	A	A:23	same_partner	NA	NA	yes	0	Rfam.seed.gz	15.1	41f014f4ab5628620935f089b1bb77987ebc162fda7c72bff368a32c9cccabac
RF00059__2GDI_X__3D2G_A__a1__reverse__rep2	RF00059__2GDI_X__3D2G_A	reverse	2	RF00059__2GDI_X	27	G	27	X:36	yes	no	79	24	G	A:24	24	G	A:24	same_partner	NA	NA	yes	0	Rfam.seed.gz	15.1	41f014f4ab5628620935f089b1bb77987ebc162fda7c72bff368a32c9cccabac
RF00059__2GDI_X__3D2G_A__a1__reverse__rep2	RF00059__2GDI_X__3D2G_A	reverse	2	RF00059__2GDI_X	28	G	28	X:37	yes	no	81	25	G	A:25	25	G	A:25	same_partner	NA	NA	yes	0	Rfam.seed.gz	15.1	41f014f4ab5628620935f089b1bb77987ebc162fda7c72bff368a32c9cccabac
RF00059__2GDI_X__3D2G_A__a1__reverse__rep2	RF00059__2GDI_X__3D2G_A	reverse	2	RF00059__2GDI_X	29	C	29	X:38	yes	no	82	26	C	A:26	26	C	A:26	same_partner	NA	NA	yes	0	Rfam.seed.gz	15.1	41f014f4ab5628620935f089b1bb77987ebc162fda7c72bff368a32c9cccabac
RF00059__2GDI_X__3D2G_A__a1__reverse__rep2	RF00059__2GDI_X__3D2G_A	reverse	2	RF00059__2GDI_X	30	U	30	X:39	yes	no	83	27	U	A:27	27	U	A:27	same_partner	NA	NA	yes	0	Rfam.seed.gz	15.1	41f014f4ab5628620935f089b1bb77987ebc162fda7c72bff368a32c9cccabac
RF00059__2GDI_X__3D2G_A__a1__reverse__rep2	RF00059__2GDI_X__3D2G_A	reverse	2	RF00059__2GDI_X	31	G	31	X:40	yes	no	84	28	G	A:28	28	G	A:28	same_partner	NA	NA	yes	0	Rfam.seed.gz	15.1	41f014f4ab5628620935f089b1bb77987ebc162fda7c72bff368a32c9cccabac
RF00059__2GDI_X__3D2G_A__a1__reverse__rep2	RF00059__2GDI_X__3D2G_A	reverse	2	RF00059__2GDI_X	32	A	32	X:41	yes	no	85	29	A	A:29	29	A	A:29	same_partner	NA	NA	yes	0	Rfam.seed.gz	15.1	41f014f4ab5628620935f089b1bb77987ebc162fda7c72bff368a32c9cccabac
RF00059__2GDI_X__3D2G_A__a1__reverse__rep2	RF00059__2GDI_X__3D2G_A	reverse	2	RF00059__2GDI_X	33	G	33	X:42	yes	no	86	30	G	A:30	30	G	A:30	same_partner	NA	NA	yes	0	Rfam.seed.gz	15.1	41f014f4ab5628620935f089b1bb77987ebc162fda7c72bff368a32c9cccabac
RF00059__2GDI_X__3D2G_A__a1__reverse__rep2	RF00059__2GDI_X__3D2G_A	reverse	2	RF00059__2GDI_X	34	A	34	X:43	yes	no	87	31	A	A:31	31	A	A:31	same_partner	NA	NA	yes	0	Rfam.seed.gz	15.1	41f014f4ab5628620935f089b1bb77987ebc162fda7c72bff368a32c9cccabac
RF00059__2GDI_X__3D2G_A__a1__reverse__rep2	RF00059__2GDI_X__3D2G_A	reverse	2	RF00059__2GDI_X	35	A	35	X:44	yes	no	88	32	A	A:32	32	A	A:32	same_partner	NA	NA	yes	0	Rfam.seed.gz	15.1	41f014f4ab5628620935f089b1bb77987ebc162fda7c72bff368a32c9cccabac
RF00059__2GDI_X__3D2G_A__a1__reverse__rep2	RF00059__2GDI_X__3D2G_A	reverse	2	RF00059__2GDI_X	36	A	36	X:45	yes	no	149	33	A	A:33	33	A	A:33	same_partner	NA	NA	yes	0	Rfam.seed.gz	15.1	41f014f4ab5628620935f089b1bb77987ebc162fda7c72bff368a32c9cccabac
RF00059__2GDI_X__3D2G_A__a1__reverse__rep2	RF00059__2GDI_X__3D2G_A	reverse	2	RF00059__2GDI_X	37	U	37	X:46	yes	no	150	34	G	A:34	34	G	A:34	same_partner	NA	NA	yes	0	Rfam.seed.gz	15.1	41f014f4ab5628620935f089b1bb77987ebc162fda7c72bff368a32c9cccabac
RF00059__2GDI_X__3D2G_A__a1__reverse__rep2	RF00059__2GDI_X__3D2G_A	reverse	2	RF00059__2GDI_X	38	A	38	X:47	yes	no	151	35	U	A:35	35	U	A:35	same_partner	NA	NA	yes	0	Rfam.seed.gz	15.1	41f014f4ab5628620935f089b1bb77987ebc162fda7c72bff368a32c9cccabac
RF00059__2GDI_X__3D2G_A__a1__reverse__rep2	RF00059__2GDI_X__3D2G_A	reverse	2	RF00059__2GDI_X	39	C	39	X:48	yes	no	153	36	C	A:36	36	C	A:36	same_partner	NA	NA	yes	0	Rfam.seed.gz	15.1	41f014f4ab5628620935f089b1bb77987ebc162fda7c72bff368a32c9cccabac
RF00059__2GDI_X__3D2G_A__a1__reverse__rep2	RF00059__2GDI_X__3D2G_A	reverse	2	RF00059__2GDI_X	40	C	40	X:49	yes	no	154	37	C	A:37	37	C	A:37	same_partner	NA	NA	yes	0	Rfam.seed.gz	15.1	41f014f4ab5628620935f089b1bb77987ebc162fda7c72bff368a32c9cccabac
RF00059__2GDI_X__3D2G_A__a1__reverse__rep2	RF00059__2GDI_X__3D2G_A	reverse	2	RF00059__2GDI_X	41	C	41	X:50	yes	no	155	38	C	A:38	38	C	A:38	same_partner	NA	NA	yes	0	Rfam.seed.gz	15.1	41f014f4ab5628620935f089b1bb77987ebc162fda7c72bff368a32c9cccabac
RF00059__2GDI_X__3D2G_A__a1__reverse__rep2	RF00059__2GDI_X__3D2G_A	reverse	2	RF00059__2GDI_X	42	G	42	X:51	yes	no	156	39	U	A:39	39	U	A:39	same_partner	NA	NA	yes	0	Rfam.seed.gz	15.1	41f014f4ab5628620935f089b1bb77987ebc162fda7c72bff368a32c9cccabac
RF00059__2GDI_X__3D2G_A__a1__reverse__rep2	RF00059__2GDI_X__3D2G_A	reverse	2	RF00059__2GDI_X	43	U	43	X:52	yes	no	157	40	U	A:40	40	U	A:40	same_partner	NA	NA	yes	0	Rfam.seed.gz	15.1	41f014f4ab5628620935f089b1bb77987ebc162fda7c72bff368a32c9cccabac
RF00059__2GDI_X__3D2G_A__a1__reverse__rep2	RF00059__2GDI_X__3D2G_A	reverse	2	RF00059__2GDI_X	44	A	44	X:53	yes	no	158	41	U	A:41	41	U	A:41	same_partner	NA	NA	yes	0	Rfam.seed.gz	15.1	41f014f4ab5628620935f089b1bb77987ebc162fda7c72bff368a32c9cccabac
RF00059__2GDI_X__3D2G_A__a1__reverse__rep2	RF00059__2GDI_X__3D2G_A	reverse	2	RF00059__2GDI_X	45	U	45	X:54	yes	no	159	42	G	A:42	42	G	A:42	same_partner	NA	NA	yes	0	Rfam.seed.gz	15.1	41f014f4ab5628620935f089b1bb77987ebc162fda7c72bff368a32c9cccabac
RF00059__2GDI_X__3D2G_A__a1__reverse__rep2	RF00059__2GDI_X__3D2G_A	reverse	2	RF00059__2GDI_X	46	C	46	X:55	yes	no	160	43	A	A:43	43	A	A:43	same_partner	NA	NA	yes	0	Rfam.seed.gz	15.1	41f014f4ab5628620935f089b1bb77987ebc162fda7c72bff368a32c9cccabac
RF00059__2GDI_X__3D2G_A__a1__reverse__rep2	RF00059__2GDI_X__3D2G_A	reverse	2	RF00059__2GDI_X	47	A	47	X:56	yes	no	162	44	A	A:44	44	A	A:44	same_partner	NA	NA	yes	0	Rfam.seed.gz	15.1	41f014f4ab5628620935f089b1bb77987ebc162fda7c72bff368a32c9cccabac
RF00059__2GDI_X__3D2G_A__a1__reverse__rep2	RF00059__2GDI_X__3D2G_A	reverse	2	RF00059__2GDI_X	48	C	48	X:57	yes	no	163	45	C	A:45	45	C	A:45	same_partner	NA	NA	yes	0	Rfam.seed.gz	15.1	41f014f4ab5628620935f089b1bb77987ebc162fda7c72bff368a32c9cccabac
RF00059__2GDI_X__3D2G_A__a1__reverse__rep2	RF00059__2GDI_X__3D2G_A	reverse	2	RF00059__2GDI_X	49	C	49	X:58	yes	no	164	46	C	A:46	46	C	A:46	same_partner	NA	NA	yes	0	Rfam.seed.gz	15.1	41f014f4ab5628620935f089b1bb77987ebc162fda7c72bff368a32c9cccabac
RF00059__2GDI_X__3D2G_A__a1__reverse__rep2	RF00059__2GDI_X__3D2G_A	reverse	2	RF00059__2GDI_X	50	U	50	X:59	yes	no	165	47	U	A:47	47	U	A:47	same_partner	NA	NA	yes	0	Rfam.seed.gz	15.1	41f014f4ab5628620935f089b1bb77987ebc162fda7c72bff368a32c9cccabac
RF00059__2GDI_X__3D2G_A__a1__reverse__rep2	RF00059__2GDI_X__3D2G_A	reverse	2	RF00059__2GDI_X	51	G	51	X:60	yes	no	166	48	G	A:48	48	G	A:48	same_partner	NA	NA	yes	0	Rfam.seed.gz	15.1	41f014f4ab5628620935f089b1bb77987ebc162fda7c72bff368a32c9cccabac
RF00059__2GDI_X__3D2G_A__a1__reverse__rep2	RF00059__2GDI_X__3D2G_A	reverse	2	RF00059__2GDI_X	52	A	52	X:61	yes	no	167	49	A	A:49	49	A	A:49	same_partner	NA	NA	yes	0	Rfam.seed.gz	15.1	41f014f4ab5628620935f089b1bb77987ebc162fda7c72bff368a32c9cccabac
RF00059__2GDI_X__3D2G_A__a1__reverse__rep2	RF00059__2GDI_X__3D2G_A	reverse	2	RF00059__2GDI_X	53	U	53	X:62	yes	no	169	50	A	A:50	50	A	A:50	same_partner	NA	NA	yes	0	Rfam.seed.gz	15.1	41f014f4ab5628620935f089b1bb77987ebc162fda7c72bff368a32c9cccabac
RF00059__2GDI_X__3D2G_A__a1__reverse__rep2	RF00059__2GDI_X__3D2G_A	reverse	2	RF00059__2GDI_X	54	C	54	X:63	yes	no	170	51	C	A:51	51	C	A:51	same_partner	NA	NA	yes	0	Rfam.seed.gz	15.1	41f014f4ab5628620935f089b1bb77987ebc162fda7c72bff368a32c9cccabac
RF00059__2GDI_X__3D2G_A__a1__reverse__rep2	RF00059__2GDI_X__3D2G_A	reverse	2	RF00059__2GDI_X	55	U	55	X:64	yes	no	171	52	A	A:52	52	A	A:52	same_partner	NA	NA	yes	0	Rfam.seed.gz	15.1	41f014f4ab5628620935f089b1bb77987ebc162fda7c72bff368a32c9cccabac
RF00059__2GDI_X__3D2G_A__a1__reverse__rep2	RF00059__2GDI_X__3D2G_A	reverse	2	RF00059__2GDI_X	56	G	56	X:65	yes	no	172	53	G	A:53	53	G	A:53	same_partner	NA	NA	yes	0	Rfam.seed.gz	15.1	41f014f4ab5628620935f089b1bb77987ebc162fda7c72bff368a32c9cccabac
RF00059__2GDI_X__3D2G_A__a1__reverse__rep2	RF00059__2GDI_X__3D2G_A	reverse	2	RF00059__2GDI_X	57	G	57	X:66	yes	no	173	54	G	A:54	54	G	A:54	same_partner	NA	NA	yes	0	Rfam.seed.gz	15.1	41f014f4ab5628620935f089b1bb77987ebc162fda7c72bff368a32c9cccabac
RF00059__2GDI_X__3D2G_A__a1__reverse__rep2	RF00059__2GDI_X__3D2G_A	reverse	2	RF00059__2GDI_X	58	A	58	X:67	yes	no	174	55	G	A:55	55	G	A:55	same_partner	NA	NA	yes	0	Rfam.seed.gz	15.1	41f014f4ab5628620935f089b1bb77987ebc162fda7c72bff368a32c9cccabac
RF00059__2GDI_X__3D2G_A__a1__reverse__rep2	RF00059__2GDI_X__3D2G_A	reverse	2	RF00059__2GDI_X	59	U	59	X:68	yes	no	175	56	U	A:56	56	U	A:56	same_partner	NA	NA	yes	0	Rfam.seed.gz	15.1	41f014f4ab5628620935f089b1bb77987ebc162fda7c72bff368a32c9cccabac
RF00059__2GDI_X__3D2G_A__a1__reverse__rep2	RF00059__2GDI_X__3D2G_A	reverse	2	RF00059__2GDI_X	60	A	60	X:69	yes	no	176	57	A	A:57	57	A	A:57	same_partner	NA	NA	yes	0	Rfam.seed.gz	15.1	41f014f4ab5628620935f089b1bb77987ebc162fda7c72bff368a32c9cccabac
RF00059__2GDI_X__3D2G_A__a1__reverse__rep2	RF00059__2GDI_X__3D2G_A	reverse	2	RF00059__2GDI_X	61	A	61	X:70	yes	no	177	58	A	A:58	58	A	A:58	same_partner	NA	NA	yes	0	Rfam.seed.gz	15.1	41f014f4ab5628620935f089b1bb77987ebc162fda7c72bff368a32c9cccabac
RF00059__2GDI_X__3D2G_A__a1__reverse__rep2	RF00059__2GDI_X__3D2G_A	reverse	2	RF00059__2GDI_X	62	U	62	X:71	yes	no	178	59	U	A:59	59	U	A:59	same_partner	NA	NA	yes	0	Rfam.seed.gz	15.1	41f014f4ab5628620935f089b1bb77987ebc162fda7c72bff368a32c9cccabac
RF00059__2GDI_X__3D2G_A__a1__reverse__rep2	RF00059__2GDI_X__3D2G_A	reverse	2	RF00059__2GDI_X	63	G	63	X:72	yes	no	179	60	G	A:60	60	G	A:60	same_partner	NA	NA	yes	0	Rfam.seed.gz	15.1	41f014f4ab5628620935f089b1bb77987ebc162fda7c72bff368a32c9cccabac
RF00059__2GDI_X__3D2G_A__a1__reverse__rep2	RF00059__2GDI_X__3D2G_A	reverse	2	RF00059__2GDI_X	64	C	64	X:73	yes	no	180	61	C	A:61	61	C	A:61	same_partner	NA	NA	yes	0	Rfam.seed.gz	15.1	41f014f4ab5628620935f089b1bb77987ebc162fda7c72bff368a32c9cccabac
RF00059__2GDI_X__3D2G_A__a1__reverse__rep2	RF00059__2GDI_X__3D2G_A	reverse	2	RF00059__2GDI_X	65	C	65	X:74	yes	no	181	62	C	A:62	62	C	A:62	same_partner	NA	NA	yes	0	Rfam.seed.gz	15.1	41f014f4ab5628620935f089b1bb77987ebc162fda7c72bff368a32c9cccabac
RF00059__2GDI_X__3D2G_A__a1__reverse__rep2	RF00059__2GDI_X__3D2G_A	reverse	2	RF00059__2GDI_X	66	A	66	X:75	yes	no	182	63	U	A:63	63	U	A:63	same_partner	NA	NA	yes	0	Rfam.seed.gz	15.1	41f014f4ab5628620935f089b1bb77987ebc162fda7c72bff368a32c9cccabac
RF00059__2GDI_X__3D2G_A__a1__reverse__rep2	RF00059__2GDI_X__3D2G_A	reverse	2	RF00059__2GDI_X	67	G	67	X:76	yes	no	183	64	G	A:64	64	G	A:64	same_partner	NA	NA	yes	0	Rfam.seed.gz	15.1	41f014f4ab5628620935f089b1bb77987ebc162fda7c72bff368a32c9cccabac
RF00059__2GDI_X__3D2G_A__a1__reverse__rep2	RF00059__2GDI_X__3D2G_A	reverse	2	RF00059__2GDI_X	68	C	68	X:77	yes	no	184	65	C	A:65	65	C	A:65	same_partner	NA	NA	yes	0	Rfam.seed.gz	15.1	41f014f4ab5628620935f089b1bb77987ebc162fda7c72bff368a32c9cccabac
RF00059__2GDI_X__3D2G_A__a1__reverse__rep2	RF00059__2GDI_X__3D2G_A	reverse	2	RF00059__2GDI_X	69	G	69	X:78	yes	no	185	66	G	A:66	66	G	A:66	same_partner	NA	NA	yes	0	Rfam.seed.gz	15.1	41f014f4ab5628620935f089b1bb77987ebc162fda7c72bff368a32c9cccabac
RF00059__2GDI_X__3D2G_A__a1__reverse__rep2	RF00059__2GDI_X__3D2G_A	reverse	2	RF00059__2GDI_X	70	U	70	X:79	yes	no	187	67	C	A:67	67	C	A:67	same_partner	NA	NA	yes	0	Rfam.seed.gz	15.1	41f014f4ab5628620935f089b1bb77987ebc162fda7c72bff368a32c9cccabac
RF00059__2GDI_X__3D2G_A__a1__reverse__rep2	RF00059__2GDI_X__3D2G_A	reverse	2	RF00059__2GDI_X	71	A	71	X:80	yes	no	188	68	A	A:68	68	A	A:68	same_partner	NA	NA	yes	0	Rfam.seed.gz	15.1	41f014f4ab5628620935f089b1bb77987ebc162fda7c72bff368a32c9cccabac
RF00059__2GDI_X__3D2G_A__a1__reverse__rep2	RF00059__2GDI_X__3D2G_A	reverse	2	RF00059__2GDI_X	72	G	72	X:81	yes	no	189	69	G	A:69	69	G	A:69	same_partner	NA	NA	yes	0	Rfam.seed.gz	15.1	41f014f4ab5628620935f089b1bb77987ebc162fda7c72bff368a32c9cccabac
RF00059__2GDI_X__3D2G_A__a1__reverse__rep2	RF00059__2GDI_X__3D2G_A	reverse	2	RF00059__2GDI_X	73	G	73	X:82	yes	no	190	70	G	A:70	70	G	A:70	same_partner	NA	NA	yes	0	Rfam.seed.gz	15.1	41f014f4ab5628620935f089b1bb77987ebc162fda7c72bff368a32c9cccabac
RF00059__2GDI_X__3D2G_A__a1__reverse__rep2	RF00059__2GDI_X__3D2G_A	reverse	2	RF00059__2GDI_X	74	G	74	X:83	yes	no	191	71	G	A:71	71	G	A:71	same_partner	NA	NA	yes	0	Rfam.seed.gz	15.1	41f014f4ab5628620935f089b1bb77987ebc162fda7c72bff368a32c9cccabac
RF00059__2GDI_X__3D2G_A__a1__reverse__rep2	RF00059__2GDI_X__3D2G_A	reverse	2	RF00059__2GDI_X	75	A	75	X:84	yes	no	192	72	A	A:72	72	A	A:72	same_partner	NA	NA	yes	0	Rfam.seed.gz	15.1	41f014f4ab5628620935f089b1bb77987ebc162fda7c72bff368a32c9cccabac
RF00059__2GDI_X__3D2G_A__a1__reverse__rep2	RF00059__2GDI_X__3D2G_A	reverse	2	RF00059__2GDI_X	76	A	76	X:85	yes	no	195	74	U	A:74	73	G	A:73	different_partner	NA	NA	yes	-1	Rfam.seed.gz	15.1	41f014f4ab5628620935f089b1bb77987ebc162fda7c72bff368a32c9cccabac
RF00059__2GDI_X__3D2G_A__a1__reverse__rep2	RF00059__2GDI_X__3D2G_A	reverse	2	RF00059__2GDI_X	77	G	77	X:86	yes	no	196	75	G	A:75	75	G	A:75	same_partner	NA	NA	yes	0	Rfam.seed.gz	15.1	41f014f4ab5628620935f089b1bb77987ebc162fda7c72bff368a32c9cccabac
RF00059__2GDI_X__3D2G_A__a1__reverse__rep2	RF00059__2GDI_X__3D2G_A	reverse	2	RF00059__2GDI_X	78	U	78	X:87	yes	no	197	76	U	A:76	76	U	A:76	same_partner	NA	NA	yes	0	Rfam.seed.gz	15.1	41f014f4ab5628620935f089b1bb77987ebc162fda7c72bff368a32c9cccabac
RF00059__2GDI_X__3D2G_A__a1__reverse__rep2	RF00059__2GDI_X__3D2G_A	reverse	2	RF00059__2GDI_X	79	U	79	X:88	yes	yes	198	77	C	A:77	77	C	A:77	same_partner	NA	NA	no	0	Rfam.seed.gz	15.1	41f014f4ab5628620935f089b1bb77987ebc162fda7c72bff368a32c9cccabac
RF00059__2GDI_X__3D2G_A__a1__reverse__rep2	RF00059__2GDI_X__3D2G_A	reverse	2	RF00059__2GDI_X	80	C	80	X:89	yes	yes	199	NA	NA	NA	NA	NA	NA	neither	alignment_gap_in_standard_seed	algorithm_omission	no	NA	Rfam.seed.gz	15.1	41f014f4ab5628620935f089b1bb77987ebc162fda7c72bff368a32c9cccabac
RF00059__2GDI_X__3D2G_A__a1__reverse__rep3	RF00059__2GDI_X__3D2G_A	reverse	3	RF00059__2GDI_X	1	G	1	X:10	yes	yes	6	2	G	A:2	2	G	A:2	same_partner	NA	NA	no	0	Rfam.seed.gz	15.1	41f014f4ab5628620935f089b1bb77987ebc162fda7c72bff368a32c9cccabac
RF00059__2GDI_X__3D2G_A__a1__reverse__rep3	RF00059__2GDI_X__3D2G_A	reverse	3	RF00059__2GDI_X	2	G	2	X:11	yes	no	7	3	G	A:3	3	G	A:3	same_partner	NA	NA	no	0	Rfam.seed.gz	15.1	41f014f4ab5628620935f089b1bb77987ebc162fda7c72bff368a32c9cccabac
RF00059__2GDI_X__3D2G_A__a1__reverse__rep3	RF00059__2GDI_X__3D2G_A	reverse	3	RF00059__2GDI_X	3	A	3	X:12	yes	no	8	4	A	A:4	4	A	A:4	same_partner	NA	NA	no	0	Rfam.seed.gz	15.1	41f014f4ab5628620935f089b1bb77987ebc162fda7c72bff368a32c9cccabac
RF00059__2GDI_X__3D2G_A__a1__reverse__rep3	RF00059__2GDI_X__3D2G_A	reverse	3	RF00059__2GDI_X	4	C	4	X:13	yes	no	9	5	C	A:5	5	C	A:5	same_partner	NA	NA	no	0	Rfam.seed.gz	15.1	41f014f4ab5628620935f089b1bb77987ebc162fda7c72bff368a32c9cccabac
RF00059__2GDI_X__3D2G_A__a1__reverse__rep3	RF00059__2GDI_X__3D2G_A	reverse	3	RF00059__2GDI_X	5	U	5	X:14	yes	no	10	6	C	A:6	6	C	A:6	same_partner	NA	NA	no	0	Rfam.seed.gz	15.1	41f014f4ab5628620935f089b1bb77987ebc162fda7c72bff368a32c9cccabac
RF00059__2GDI_X__3D2G_A__a1__reverse__rep3	RF00059__2GDI_X__3D2G_A	reverse	3	RF00059__2GDI_X	6	C	6	X:15	yes	no	11	7	A	A:7	7	A	A:7	same_partner	NA	NA	no	0	Rfam.seed.gz	15.1	41f014f4ab5628620935f089b1bb77987ebc162fda7c72bff368a32c9cccabac
RF00059__2GDI_X__3D2G_A__a1__reverse__rep3	RF00059__2GDI_X__3D2G_A	reverse	3	RF00059__2GDI_X	7	G	7	X:16	yes	no	12	8	G	A:8	8	G	A:8	same_partner	NA	NA	no	0	Rfam.seed.gz	15.1	41f014f4ab5628620935f089b1bb77987ebc162fda7c72bff368a32c9cccabac
RF00059__2GDI_X__3D2G_A__a1__reverse__rep3	RF00059__2GDI_X__3D2G_A	reverse	3	RF00059__2GDI_X	8	G	8	X:17	yes	no	13	9	G	A:9	9	G	A:9	same_partner	NA	NA	no	0	Rfam.seed.gz	15.1	41f014f4ab5628620935f089b1bb77987ebc162fda7c72bff368a32c9cccabac
RF00059__2GDI_X__3D2G_A__a1__reverse__rep3	RF00059__2GDI_X__3D2G_A	reverse	3	RF00059__2GDI_X	9	G	9	X:18	yes	no	14	10	G	A:10	10	G	A:10	same_partner	NA	NA	no	0	Rfam.seed.gz	15.1	41f014f4ab5628620935f089b1bb77987ebc162fda7c72bff368a32c9cccabac
RF00059__2GDI_X__3D2G_A__a1__reverse__rep3	RF00059__2GDI_X__3D2G_A	reverse	3	RF00059__2GDI_X	10	G	10	X:19	yes	no	15	11	G	A:11	11	G	A:11	same_partner	NA	NA	no	0	Rfam.seed.gz	15.1	41f014f4ab5628620935f089b1bb77987ebc162fda7c72bff368a32c9cccabac
RF00059__2GDI_X__3D2G_A__a1__reverse__rep3	RF00059__2GDI_X__3D2G_A	reverse	3	RF00059__2GDI_X	11	U	11	X:20	yes	no	16	12	U	A:12	12	U	A:12	same_partner	NA	NA	no	0	Rfam.seed.gz	15.1	41f014f4ab5628620935f089b1bb77987ebc162fda7c72bff368a32c9cccabac
RF00059__2GDI_X__3D2G_A__a1__reverse__rep3	RF00059__2GDI_X__3D2G_A	reverse	3	RF00059__2GDI_X	12	G	12	X:21	yes	no	17	13	G	A:13	13	G	A:13	same_partner	NA	NA	no	0	Rfam.seed.gz	15.1	41f014f4ab5628620935f089b1bb77987ebc162fda7c72bff368a32c9cccabac
RF00059__2GDI_X__3D2G_A__a1__reverse__rep3	RF00059__2GDI_X__3D2G_A	reverse	3	RF00059__2GDI_X	13	C	13	X:22	yes	no	18	14	C	A:14	14	C	A:14	same_partner	NA	NA	no	0	Rfam.seed.gz	15.1	41f014f4ab5628620935f089b1bb77987ebc162fda7c72bff368a32c9cccabac
RF00059__2GDI_X__3D2G_A__a1__reverse__rep3	RF00059__2GDI_X__3D2G_A	reverse	3	RF00059__2GDI_X	14	C	14	X:23	yes	no	19	15	U	A:15	15	U	A:15	same_partner	NA	NA	no	0	Rfam.seed.gz	15.1	41f014f4ab5628620935f089b1bb77987ebc162fda7c72bff368a32c9cccabac
RF00059__2GDI_X__3D2G_A__a1__reverse__rep3	RF00059__2GDI_X__3D2G_A	reverse	3	RF00059__2GDI_X	15	C	15	X:24	yes	no	20	16	U	A:16	16	U	A:16	same_partner	NA	NA	no	0	Rfam.seed.gz	15.1	41f014f4ab5628620935f089b1bb77987ebc162fda7c72bff368a32c9cccabac
RF00059__2GDI_X__3D2G_A__a1__reverse__rep3	RF00059__2GDI_X__3D2G_A	reverse	3	RF00059__2GDI_X	16	U	16	X:25	yes	no	21	17	G	A:17	17	G	A:17	same_partner	NA	NA	no	0	Rfam.seed.gz	15.1	41f014f4ab5628620935f089b1bb77987ebc162fda7c72bff368a32c9cccabac
RF00059__2GDI_X__3D2G_A__a1__reverse__rep3	RF00059__2GDI_X__3D2G_A	reverse	3	RF00059__2GDI_X	17	U	17	X:26	yes	no	22	18	U	A:18	NA	NA	NA	rfam_only	NA	algorithm_omission	no	NA	Rfam.seed.gz	15.1	41f014f4ab5628620935f089b1bb77987ebc162fda7c72bff368a32c9cccabac
RF00059__2GDI_X__3D2G_A__a1__reverse__rep3	RF00059__2GDI_X__3D2G_A	reverse	3	RF00059__2GDI_X	18	C	18	X:27	yes	no	23	19	U	A:19	NA	NA	NA	rfam_only	NA	algorithm_omission	no	NA	Rfam.seed.gz	15.1	41f014f4ab5628620935f089b1bb77987ebc162fda7c72bff368a32c9cccabac
RF00059__2GDI_X__3D2G_A__a1__reverse__rep3	RF00059__2GDI_X__3D2G_A	reverse	3	RF00059__2GDI_X	19	U	19	X:28	yes	no	24	20	C	A:20	NA	NA	NA	rfam_only	NA	algorithm_omission	no	NA	Rfam.seed.gz	15.1	41f014f4ab5628620935f089b1bb77987ebc162fda7c72bff368a32c9cccabac
RF00059__2GDI_X__3D2G_A__a1__reverse__rep3	RF00059__2GDI_X__3D2G_A	reverse	3	RF00059__2GDI_X	20	G	20	X:29	yes	no	25	NA	NA	NA	NA	NA	NA	neither	alignment_gap_in_standard_seed	algorithm_omission	no	NA	Rfam.seed.gz	15.1	41f014f4ab5628620935f089b1bb77987ebc162fda7c72bff368a32c9cccabac
RF00059__2GDI_X__3D2G_A__a1__reverse__rep3	RF00059__2GDI_X__3D2G_A	reverse	3	RF00059__2GDI_X	21	C	21	X:30	yes	no	73	NA	NA	NA	18	U	A:18	star3d_only	alignment_gap_in_standard_seed	NA	no	NA	Rfam.seed.gz	15.1	41f014f4ab5628620935f089b1bb77987ebc162fda7c72bff368a32c9cccabac
RF00059__2GDI_X__3D2G_A__a1__reverse__rep3	RF00059__2GDI_X__3D2G_A	reverse	3	RF00059__2GDI_X	22	G	22	X:31	yes	no	74	NA	NA	NA	19	U	A:19	star3d_only	alignment_gap_in_standard_seed	NA	no	NA	Rfam.seed.gz	15.1	41f014f4ab5628620935f089b1bb77987ebc162fda7c72bff368a32c9cccabac
RF00059__2GDI_X__3D2G_A__a1__reverse__rep3	RF00059__2GDI_X__3D2G_A	reverse	3	RF00059__2GDI_X	23	U	23	X:32	yes	no	75	NA	NA	NA	20	C	A:20	star3d_only	alignment_gap_in_standard_seed	NA	no	NA	Rfam.seed.gz	15.1	41f014f4ab5628620935f089b1bb77987ebc162fda7c72bff368a32c9cccabac
RF00059__2GDI_X__3D2G_A__a1__reverse__rep3	RF00059__2GDI_X__3D2G_A	reverse	3	RF00059__2GDI_X	24	G	24	X:33	yes	no	76	21	A	A:21	21	A	A:21	same_partner	NA	NA	no	0	Rfam.seed.gz	15.1	41f014f4ab5628620935f089b1bb77987ebc162fda7c72bff368a32c9cccabac
RF00059__2GDI_X__3D2G_A__a1__reverse__rep3	RF00059__2GDI_X__3D2G_A	reverse	3	RF00059__2GDI_X	25	A	25	X:34	yes	no	77	22	C	A:22	22	C	A:22	same_partner	NA	NA	yes	0	Rfam.seed.gz	15.1	41f014f4ab5628620935f089b1bb77987ebc162fda7c72bff368a32c9cccabac
RF00059__2GDI_X__3D2G_A__a1__reverse__rep3	RF00059__2GDI_X__3D2G_A	reverse	3	RF00059__2GDI_X	26	A	26	X:35	yes	no	78	23	A	A:23	23	A	A:23	same_partner	NA	NA	yes	0	Rfam.seed.gz	15.1	41f014f4ab5628620935f089b1bb77987ebc162fda7c72bff368a32c9cccabac
RF00059__2GDI_X__3D2G_A__a1__reverse__rep3	RF00059__2GDI_X__3D2G_A	reverse	3	RF00059__2GDI_X	27	G	27	X:36	yes	no	79	24	G	A:24	24	G	A:24	same_partner	NA	NA	yes	0	Rfam.seed.gz	15.1	41f014f4ab5628620935f089b1bb77987ebc162fda7c72bff368a32c9cccabac
RF00059__2GDI_X__3D2G_A__a1__reverse__rep3	RF00059__2GDI_X__3D2G_A	reverse	3	RF00059__2GDI_X	28	G	28	X:37	yes	no	81	25	G	A:25	25	G	A:25	same_partner	NA	NA	yes	0	Rfam.seed.gz	15.1	41f014f4ab5628620935f089b1bb77987ebc162fda7c72bff368a32c9cccabac
RF00059__2GDI_X__3D2G_A__a1__reverse__rep3	RF00059__2GDI_X__3D2G_A	reverse	3	RF00059__2GDI_X	29	C	29	X:38	yes	no	82	26	C	A:26	26	C	A:26	same_partner	NA	NA	yes	0	Rfam.seed.gz	15.1	41f014f4ab5628620935f089b1bb77987ebc162fda7c72bff368a32c9cccabac
RF00059__2GDI_X__3D2G_A__a1__reverse__rep3	RF00059__2GDI_X__3D2G_A	reverse	3	RF00059__2GDI_X	30	U	30	X:39	yes	no	83	27	U	A:27	27	U	A:27	same_partner	NA	NA	yes	0	Rfam.seed.gz	15.1	41f014f4ab5628620935f089b1bb77987ebc162fda7c72bff368a32c9cccabac
RF00059__2GDI_X__3D2G_A__a1__reverse__rep3	RF00059__2GDI_X__3D2G_A	reverse	3	RF00059__2GDI_X	31	G	31	X:40	yes	no	84	28	G	A:28	28	G	A:28	same_partner	NA	NA	yes	0	Rfam.seed.gz	15.1	41f014f4ab5628620935f089b1bb77987ebc162fda7c72bff368a32c9cccabac
RF00059__2GDI_X__3D2G_A__a1__reverse__rep3	RF00059__2GDI_X__3D2G_A	reverse	3	RF00059__2GDI_X	32	A	32	X:41	yes	no	85	29	A	A:29	29	A	A:29	same_partner	NA	NA	yes	0	Rfam.seed.gz	15.1	41f014f4ab5628620935f089b1bb77987ebc162fda7c72bff368a32c9cccabac
RF00059__2GDI_X__3D2G_A__a1__reverse__rep3	RF00059__2GDI_X__3D2G_A	reverse	3	RF00059__2GDI_X	33	G	33	X:42	yes	no	86	30	G	A:30	30	G	A:30	same_partner	NA	NA	yes	0	Rfam.seed.gz	15.1	41f014f4ab5628620935f089b1bb77987ebc162fda7c72bff368a32c9cccabac
RF00059__2GDI_X__3D2G_A__a1__reverse__rep3	RF00059__2GDI_X__3D2G_A	reverse	3	RF00059__2GDI_X	34	A	34	X:43	yes	no	87	31	A	A:31	31	A	A:31	same_partner	NA	NA	yes	0	Rfam.seed.gz	15.1	41f014f4ab5628620935f089b1bb77987ebc162fda7c72bff368a32c9cccabac
RF00059__2GDI_X__3D2G_A__a1__reverse__rep3	RF00059__2GDI_X__3D2G_A	reverse	3	RF00059__2GDI_X	35	A	35	X:44	yes	no	88	32	A	A:32	32	A	A:32	same_partner	NA	NA	yes	0	Rfam.seed.gz	15.1	41f014f4ab5628620935f089b1bb77987ebc162fda7c72bff368a32c9cccabac
RF00059__2GDI_X__3D2G_A__a1__reverse__rep3	RF00059__2GDI_X__3D2G_A	reverse	3	RF00059__2GDI_X	36	A	36	X:45	yes	no	149	33	A	A:33	33	A	A:33	same_partner	NA	NA	yes	0	Rfam.seed.gz	15.1	41f014f4ab5628620935f089b1bb77987ebc162fda7c72bff368a32c9cccabac
RF00059__2GDI_X__3D2G_A__a1__reverse__rep3	RF00059__2GDI_X__3D2G_A	reverse	3	RF00059__2GDI_X	37	U	37	X:46	yes	no	150	34	G	A:34	34	G	A:34	same_partner	NA	NA	yes	0	Rfam.seed.gz	15.1	41f014f4ab5628620935f089b1bb77987ebc162fda7c72bff368a32c9cccabac
RF00059__2GDI_X__3D2G_A__a1__reverse__rep3	RF00059__2GDI_X__3D2G_A	reverse	3	RF00059__2GDI_X	38	A	38	X:47	yes	no	151	35	U	A:35	35	U	A:35	same_partner	NA	NA	yes	0	Rfam.seed.gz	15.1	41f014f4ab5628620935f089b1bb77987ebc162fda7c72bff368a32c9cccabac
RF00059__2GDI_X__3D2G_A__a1__reverse__rep3	RF00059__2GDI_X__3D2G_A	reverse	3	RF00059__2GDI_X	39	C	39	X:48	yes	no	153	36	C	A:36	36	C	A:36	same_partner	NA	NA	yes	0	Rfam.seed.gz	15.1	41f014f4ab5628620935f089b1bb77987ebc162fda7c72bff368a32c9cccabac
RF00059__2GDI_X__3D2G_A__a1__reverse__rep3	RF00059__2GDI_X__3D2G_A	reverse	3	RF00059__2GDI_X	40	C	40	X:49	yes	no	154	37	C	A:37	37	C	A:37	same_partner	NA	NA	yes	0	Rfam.seed.gz	15.1	41f014f4ab5628620935f089b1bb77987ebc162fda7c72bff368a32c9cccabac
RF00059__2GDI_X__3D2G_A__a1__reverse__rep3	RF00059__2GDI_X__3D2G_A	reverse	3	RF00059__2GDI_X	41	C	41	X:50	yes	no	155	38	C	A:38	38	C	A:38	same_partner	NA	NA	yes	0	Rfam.seed.gz	15.1	41f014f4ab5628620935f089b1bb77987ebc162fda7c72bff368a32c9cccabac
RF00059__2GDI_X__3D2G_A__a1__reverse__rep3	RF00059__2GDI_X__3D2G_A	reverse	3	RF00059__2GDI_X	42	G	42	X:51	yes	no	156	39	U	A:39	39	U	A:39	same_partner	NA	NA	yes	0	Rfam.seed.gz	15.1	41f014f4ab5628620935f089b1bb77987ebc162fda7c72bff368a32c9cccabac
RF00059__2GDI_X__3D2G_A__a1__reverse__rep3	RF00059__2GDI_X__3D2G_A	reverse	3	RF00059__2GDI_X	43	U	43	X:52	yes	no	157	40	U	A:40	40	U	A:40	same_partner	NA	NA	yes	0	Rfam.seed.gz	15.1	41f014f4ab5628620935f089b1bb77987ebc162fda7c72bff368a32c9cccabac
RF00059__2GDI_X__3D2G_A__a1__reverse__rep3	RF00059__2GDI_X__3D2G_A	reverse	3	RF00059__2GDI_X	44	A	44	X:53	yes	no	158	41	U	A:41	41	U	A:41	same_partner	NA	NA	yes	0	Rfam.seed.gz	15.1	41f014f4ab5628620935f089b1bb77987ebc162fda7c72bff368a32c9cccabac
RF00059__2GDI_X__3D2G_A__a1__reverse__rep3	RF00059__2GDI_X__3D2G_A	reverse	3	RF00059__2GDI_X	45	U	45	X:54	yes	no	159	42	G	A:42	42	G	A:42	same_partner	NA	NA	yes	0	Rfam.seed.gz	15.1	41f014f4ab5628620935f089b1bb77987ebc162fda7c72bff368a32c9cccabac
RF00059__2GDI_X__3D2G_A__a1__reverse__rep3	RF00059__2GDI_X__3D2G_A	reverse	3	RF00059__2GDI_X	46	C	46	X:55	yes	no	160	43	A	A:43	43	A	A:43	same_partner	NA	NA	yes	0	Rfam.seed.gz	15.1	41f014f4ab5628620935f089b1bb77987ebc162fda7c72bff368a32c9cccabac
RF00059__2GDI_X__3D2G_A__a1__reverse__rep3	RF00059__2GDI_X__3D2G_A	reverse	3	RF00059__2GDI_X	47	A	47	X:56	yes	no	162	44	A	A:44	44	A	A:44	same_partner	NA	NA	yes	0	Rfam.seed.gz	15.1	41f014f4ab5628620935f089b1bb77987ebc162fda7c72bff368a32c9cccabac
RF00059__2GDI_X__3D2G_A__a1__reverse__rep3	RF00059__2GDI_X__3D2G_A	reverse	3	RF00059__2GDI_X	48	C	48	X:57	yes	no	163	45	C	A:45	45	C	A:45	same_partner	NA	NA	yes	0	Rfam.seed.gz	15.1	41f014f4ab5628620935f089b1bb77987ebc162fda7c72bff368a32c9cccabac
RF00059__2GDI_X__3D2G_A__a1__reverse__rep3	RF00059__2GDI_X__3D2G_A	reverse	3	RF00059__2GDI_X	49	C	49	X:58	yes	no	164	46	C	A:46	46	C	A:46	same_partner	NA	NA	yes	0	Rfam.seed.gz	15.1	41f014f4ab5628620935f089b1bb77987ebc162fda7c72bff368a32c9cccabac
RF00059__2GDI_X__3D2G_A__a1__reverse__rep3	RF00059__2GDI_X__3D2G_A	reverse	3	RF00059__2GDI_X	50	U	50	X:59	yes	no	165	47	U	A:47	47	U	A:47	same_partner	NA	NA	yes	0	Rfam.seed.gz	15.1	41f014f4ab5628620935f089b1bb77987ebc162fda7c72bff368a32c9cccabac
RF00059__2GDI_X__3D2G_A__a1__reverse__rep3	RF00059__2GDI_X__3D2G_A	reverse	3	RF00059__2GDI_X	51	G	51	X:60	yes	no	166	48	G	A:48	48	G	A:48	same_partner	NA	NA	yes	0	Rfam.seed.gz	15.1	41f014f4ab5628620935f089b1bb77987ebc162fda7c72bff368a32c9cccabac
RF00059__2GDI_X__3D2G_A__a1__reverse__rep3	RF00059__2GDI_X__3D2G_A	reverse	3	RF00059__2GDI_X	52	A	52	X:61	yes	no	167	49	A	A:49	49	A	A:49	same_partner	NA	NA	yes	0	Rfam.seed.gz	15.1	41f014f4ab5628620935f089b1bb77987ebc162fda7c72bff368a32c9cccabac
RF00059__2GDI_X__3D2G_A__a1__reverse__rep3	RF00059__2GDI_X__3D2G_A	reverse	3	RF00059__2GDI_X	53	U	53	X:62	yes	no	169	50	A	A:50	50	A	A:50	same_partner	NA	NA	yes	0	Rfam.seed.gz	15.1	41f014f4ab5628620935f089b1bb77987ebc162fda7c72bff368a32c9cccabac
RF00059__2GDI_X__3D2G_A__a1__reverse__rep3	RF00059__2GDI_X__3D2G_A	reverse	3	RF00059__2GDI_X	54	C	54	X:63	yes	no	170	51	C	A:51	51	C	A:51	same_partner	NA	NA	yes	0	Rfam.seed.gz	15.1	41f014f4ab5628620935f089b1bb77987ebc162fda7c72bff368a32c9cccabac
RF00059__2GDI_X__3D2G_A__a1__reverse__rep3	RF00059__2GDI_X__3D2G_A	reverse	3	RF00059__2GDI_X	55	U	55	X:64	yes	no	171	52	A	A:52	52	A	A:52	same_partner	NA	NA	yes	0	Rfam.seed.gz	15.1	41f014f4ab5628620935f089b1bb77987ebc162fda7c72bff368a32c9cccabac
RF00059__2GDI_X__3D2G_A__a1__reverse__rep3	RF00059__2GDI_X__3D2G_A	reverse	3	RF00059__2GDI_X	56	G	56	X:65	yes	no	172	53	G	A:53	53	G	A:53	same_partner	NA	NA	yes	0	Rfam.seed.gz	15.1	41f014f4ab5628620935f089b1bb77987ebc162fda7c72bff368a32c9cccabac
RF00059__2GDI_X__3D2G_A__a1__reverse__rep3	RF00059__2GDI_X__3D2G_A	reverse	3	RF00059__2GDI_X	57	G	57	X:66	yes	no	173	54	G	A:54	54	G	A:54	same_partner	NA	NA	yes	0	Rfam.seed.gz	15.1	41f014f4ab5628620935f089b1bb77987ebc162fda7c72bff368a32c9cccabac
RF00059__2GDI_X__3D2G_A__a1__reverse__rep3	RF00059__2GDI_X__3D2G_A	reverse	3	RF00059__2GDI_X	58	A	58	X:67	yes	no	174	55	G	A:55	55	G	A:55	same_partner	NA	NA	yes	0	Rfam.seed.gz	15.1	41f014f4ab5628620935f089b1bb77987ebc162fda7c72bff368a32c9cccabac
RF00059__2GDI_X__3D2G_A__a1__reverse__rep3	RF00059__2GDI_X__3D2G_A	reverse	3	RF00059__2GDI_X	59	U	59	X:68	yes	no	175	56	U	A:56	56	U	A:56	same_partner	NA	NA	yes	0	Rfam.seed.gz	15.1	41f014f4ab5628620935f089b1bb77987ebc162fda7c72bff368a32c9cccabac
RF00059__2GDI_X__3D2G_A__a1__reverse__rep3	RF00059__2GDI_X__3D2G_A	reverse	3	RF00059__2GDI_X	60	A	60	X:69	yes	no	176	57	A	A:57	57	A	A:57	same_partner	NA	NA	yes	0	Rfam.seed.gz	15.1	41f014f4ab5628620935f089b1bb77987ebc162fda7c72bff368a32c9cccabac
RF00059__2GDI_X__3D2G_A__a1__reverse__rep3	RF00059__2GDI_X__3D2G_A	reverse	3	RF00059__2GDI_X	61	A	61	X:70	yes	no	177	58	A	A:58	58	A	A:58	same_partner	NA	NA	yes	0	Rfam.seed.gz	15.1	41f014f4ab5628620935f089b1bb77987ebc162fda7c72bff368a32c9cccabac
RF00059__2GDI_X__3D2G_A__a1__reverse__rep3	RF00059__2GDI_X__3D2G_A	reverse	3	RF00059__2GDI_X	62	U	62	X:71	yes	no	178	59	U	A:59	59	U	A:59	same_partner	NA	NA	yes	0	Rfam.seed.gz	15.1	41f014f4ab5628620935f089b1bb77987ebc162fda7c72bff368a32c9cccabac
RF00059__2GDI_X__3D2G_A__a1__reverse__rep3	RF00059__2GDI_X__3D2G_A	reverse	3	RF00059__2GDI_X	63	G	63	X:72	yes	no	179	60	G	A:60	60	G	A:60	same_partner	NA	NA	yes	0	Rfam.seed.gz	15.1	41f014f4ab5628620935f089b1bb77987ebc162fda7c72bff368a32c9cccabac
RF00059__2GDI_X__3D2G_A__a1__reverse__rep3	RF00059__2GDI_X__3D2G_A	reverse	3	RF00059__2GDI_X	64	C	64	X:73	yes	no	180	61	C	A:61	61	C	A:61	same_partner	NA	NA	yes	0	Rfam.seed.gz	15.1	41f014f4ab5628620935f089b1bb77987ebc162fda7c72bff368a32c9cccabac
RF00059__2GDI_X__3D2G_A__a1__reverse__rep3	RF00059__2GDI_X__3D2G_A	reverse	3	RF00059__2GDI_X	65	C	65	X:74	yes	no	181	62	C	A:62	62	C	A:62	same_partner	NA	NA	yes	0	Rfam.seed.gz	15.1	41f014f4ab5628620935f089b1bb77987ebc162fda7c72bff368a32c9cccabac
RF00059__2GDI_X__3D2G_A__a1__reverse__rep3	RF00059__2GDI_X__3D2G_A	reverse	3	RF00059__2GDI_X	66	A	66	X:75	yes	no	182	63	U	A:63	63	U	A:63	same_partner	NA	NA	yes	0	Rfam.seed.gz	15.1	41f014f4ab5628620935f089b1bb77987ebc162fda7c72bff368a32c9cccabac
RF00059__2GDI_X__3D2G_A__a1__reverse__rep3	RF00059__2GDI_X__3D2G_A	reverse	3	RF00059__2GDI_X	67	G	67	X:76	yes	no	183	64	G	A:64	64	G	A:64	same_partner	NA	NA	yes	0	Rfam.seed.gz	15.1	41f014f4ab5628620935f089b1bb77987ebc162fda7c72bff368a32c9cccabac
RF00059__2GDI_X__3D2G_A__a1__reverse__rep3	RF00059__2GDI_X__3D2G_A	reverse	3	RF00059__2GDI_X	68	C	68	X:77	yes	no	184	65	C	A:65	65	C	A:65	same_partner	NA	NA	yes	0	Rfam.seed.gz	15.1	41f014f4ab5628620935f089b1bb77987ebc162fda7c72bff368a32c9cccabac
RF00059__2GDI_X__3D2G_A__a1__reverse__rep3	RF00059__2GDI_X__3D2G_A	reverse	3	RF00059__2GDI_X	69	G	69	X:78	yes	no	185	66	G	A:66	66	G	A:66	same_partner	NA	NA	yes	0	Rfam.seed.gz	15.1	41f014f4ab5628620935f089b1bb77987ebc162fda7c72bff368a32c9cccabac
RF00059__2GDI_X__3D2G_A__a1__reverse__rep3	RF00059__2GDI_X__3D2G_A	reverse	3	RF00059__2GDI_X	70	U	70	X:79	yes	no	187	67	C	A:67	67	C	A:67	same_partner	NA	NA	yes	0	Rfam.seed.gz	15.1	41f014f4ab5628620935f089b1bb77987ebc162fda7c72bff368a32c9cccabac
RF00059__2GDI_X__3D2G_A__a1__reverse__rep3	RF00059__2GDI_X__3D2G_A	reverse	3	RF00059__2GDI_X	71	A	71	X:80	yes	no	188	68	A	A:68	68	A	A:68	same_partner	NA	NA	yes	0	Rfam.seed.gz	15.1	41f014f4ab5628620935f089b1bb77987ebc162fda7c72bff368a32c9cccabac
RF00059__2GDI_X__3D2G_A__a1__reverse__rep3	RF00059__2GDI_X__3D2G_A	reverse	3	RF00059__2GDI_X	72	G	72	X:81	yes	no	189	69	G	A:69	69	G	A:69	same_partner	NA	NA	yes	0	Rfam.seed.gz	15.1	41f014f4ab5628620935f089b1bb77987ebc162fda7c72bff368a32c9cccabac
RF00059__2GDI_X__3D2G_A__a1__reverse__rep3	RF00059__2GDI_X__3D2G_A	reverse	3	RF00059__2GDI_X	73	G	73	X:82	yes	no	190	70	G	A:70	70	G	A:70	same_partner	NA	NA	yes	0	Rfam.seed.gz	15.1	41f014f4ab5628620935f089b1bb77987ebc162fda7c72bff368a32c9cccabac
RF00059__2GDI_X__3D2G_A__a1__reverse__rep3	RF00059__2GDI_X__3D2G_A	reverse	3	RF00059__2GDI_X	74	G	74	X:83	yes	no	191	71	G	A:71	71	G	A:71	same_partner	NA	NA	yes	0	Rfam.seed.gz	15.1	41f014f4ab5628620935f089b1bb77987ebc162fda7c72bff368a32c9cccabac
RF00059__2GDI_X__3D2G_A__a1__reverse__rep3	RF00059__2GDI_X__3D2G_A	reverse	3	RF00059__2GDI_X	75	A	75	X:84	yes	no	192	72	A	A:72	72	A	A:72	same_partner	NA	NA	yes	0	Rfam.seed.gz	15.1	41f014f4ab5628620935f089b1bb77987ebc162fda7c72bff368a32c9cccabac
RF00059__2GDI_X__3D2G_A__a1__reverse__rep3	RF00059__2GDI_X__3D2G_A	reverse	3	RF00059__2GDI_X	76	A	76	X:85	yes	no	195	74	U	A:74	73	G	A:73	different_partner	NA	NA	yes	-1	Rfam.seed.gz	15.1	41f014f4ab5628620935f089b1bb77987ebc162fda7c72bff368a32c9cccabac
RF00059__2GDI_X__3D2G_A__a1__reverse__rep3	RF00059__2GDI_X__3D2G_A	reverse	3	RF00059__2GDI_X	77	G	77	X:86	yes	no	196	75	G	A:75	75	G	A:75	same_partner	NA	NA	yes	0	Rfam.seed.gz	15.1	41f014f4ab5628620935f089b1bb77987ebc162fda7c72bff368a32c9cccabac
RF00059__2GDI_X__3D2G_A__a1__reverse__rep3	RF00059__2GDI_X__3D2G_A	reverse	3	RF00059__2GDI_X	78	U	78	X:87	yes	no	197	76	U	A:76	76	U	A:76	same_partner	NA	NA	yes	0	Rfam.seed.gz	15.1	41f014f4ab5628620935f089b1bb77987ebc162fda7c72bff368a32c9cccabac
RF00059__2GDI_X__3D2G_A__a1__reverse__rep3	RF00059__2GDI_X__3D2G_A	reverse	3	RF00059__2GDI_X	79	U	79	X:88	yes	yes	198	77	C	A:77	77	C	A:77	same_partner	NA	NA	no	0	Rfam.seed.gz	15.1	41f014f4ab5628620935f089b1bb77987ebc162fda7c72bff368a32c9cccabac
RF00059__2GDI_X__3D2G_A__a1__reverse__rep3	RF00059__2GDI_X__3D2G_A	reverse	3	RF00059__2GDI_X	80	C	80	X:89	yes	yes	199	NA	NA	NA	NA	NA	NA	neither	alignment_gap_in_standard_seed	algorithm_omission	no	NA	Rfam.seed.gz	15.1	41f014f4ab5628620935f089b1bb77987ebc162fda7c72bff368a32c9cccabac
RF00442__5U3G_B__7MLW_F__a1__forward__rep1	RF00442__5U3G_B__7MLW_F	forward	1	RF00442__5U3G_B	1	G	1	B:1	yes	no	8	2	G	F:2	2	G	F:2	same_partner	NA	NA	yes	0	Rfam.seed.gz	15.1	41f014f4ab5628620935f089b1bb77987ebc162fda7c72bff368a32c9cccabac
RF00442__5U3G_B__7MLW_F__a1__forward__rep1	RF00442__5U3G_B__7MLW_F	forward	1	RF00442__5U3G_B	2	G	2	B:2	yes	no	9	3	A	F:3	3	A	F:3	same_partner	NA	NA	yes	0	Rfam.seed.gz	15.1	41f014f4ab5628620935f089b1bb77987ebc162fda7c72bff368a32c9cccabac
RF00442__5U3G_B__7MLW_F__a1__forward__rep1	RF00442__5U3G_B__7MLW_F	forward	1	RF00442__5U3G_B	3	U	3	B:3	yes	no	10	4	U	F:4	4	U	F:4	same_partner	NA	NA	yes	0	Rfam.seed.gz	15.1	41f014f4ab5628620935f089b1bb77987ebc162fda7c72bff368a32c9cccabac
RF00442__5U3G_B__7MLW_F__a1__forward__rep1	RF00442__5U3G_B__7MLW_F	forward	1	RF00442__5U3G_B	4	G	4	B:4	yes	no	11	5	C	F:5	5	C	F:5	same_partner	NA	NA	yes	0	Rfam.seed.gz	15.1	41f014f4ab5628620935f089b1bb77987ebc162fda7c72bff368a32c9cccabac
RF00442__5U3G_B__7MLW_F__a1__forward__rep1	RF00442__5U3G_B__7MLW_F	forward	1	RF00442__5U3G_B	5	A	5	B:5	yes	no	12	6	G	F:6	6	G	F:6	same_partner	NA	NA	yes	0	Rfam.seed.gz	15.1	41f014f4ab5628620935f089b1bb77987ebc162fda7c72bff368a32c9cccabac
RF00442__5U3G_B__7MLW_F__a1__forward__rep1	RF00442__5U3G_B__7MLW_F	forward	1	RF00442__5U3G_B	6	C	6	B:6	yes	no	13	7	C	F:7	7	C	F:7	same_partner	NA	NA	yes	0	Rfam.seed.gz	15.1	41f014f4ab5628620935f089b1bb77987ebc162fda7c72bff368a32c9cccabac
RF00442__5U3G_B__7MLW_F__a1__forward__rep1	RF00442__5U3G_B__7MLW_F	forward	1	RF00442__5U3G_B	7	U	7	B:7	yes	no	14	8	U	F:8	8	U	F:8	same_partner	NA	NA	yes	0	Rfam.seed.gz	15.1	41f014f4ab5628620935f089b1bb77987ebc162fda7c72bff368a32c9cccabac
RF00442__5U3G_B__7MLW_F__a1__forward__rep1	RF00442__5U3G_B__7MLW_F	forward	1	RF00442__5U3G_B	8	A	8	B:8	yes	no	15	9	A	F:9	9	A	F:9	same_partner	NA	NA	yes	0	Rfam.seed.gz	15.1	41f014f4ab5628620935f089b1bb77987ebc162fda7c72bff368a32c9cccabac
RF00442__5U3G_B__7MLW_F__a1__forward__rep1	RF00442__5U3G_B__7MLW_F	forward	1	RF00442__5U3G_B	9	G	9	B:9	yes	no	16	10	G	F:10	10	G	F:10	same_partner	NA	NA	yes	0	Rfam.seed.gz	15.1	41f014f4ab5628620935f089b1bb77987ebc162fda7c72bff368a32c9cccabac
RF00442__5U3G_B__7MLW_F__a1__forward__rep1	RF00442__5U3G_B__7MLW_F	forward	1	RF00442__5U3G_B	10	G	10	B:10	yes	no	17	11	G	F:11	11	G	F:11	same_partner	NA	NA	yes	0	Rfam.seed.gz	15.1	41f014f4ab5628620935f089b1bb77987ebc162fda7c72bff368a32c9cccabac
RF00442__5U3G_B__7MLW_F__a1__forward__rep1	RF00442__5U3G_B__7MLW_F	forward	1	RF00442__5U3G_B	11	G	11	B:11	yes	no	18	12	G	F:12	12	G	F:12	same_partner	NA	NA	yes	0	Rfam.seed.gz	15.1	41f014f4ab5628620935f089b1bb77987ebc162fda7c72bff368a32c9cccabac
RF00442__5U3G_B__7MLW_F__a1__forward__rep1	RF00442__5U3G_B__7MLW_F	forward	1	RF00442__5U3G_B	12	U	12	B:12	yes	no	19	13	U	F:13	13	U	F:13	same_partner	NA	NA	yes	0	Rfam.seed.gz	15.1	41f014f4ab5628620935f089b1bb77987ebc162fda7c72bff368a32c9cccabac
RF00442__5U3G_B__7MLW_F__a1__forward__rep1	RF00442__5U3G_B__7MLW_F	forward	1	RF00442__5U3G_B	13	U	13	B:13	yes	no	20	14	U	F:14	14	U	F:14	same_partner	NA	NA	yes	0	Rfam.seed.gz	15.1	41f014f4ab5628620935f089b1bb77987ebc162fda7c72bff368a32c9cccabac
RF00442__5U3G_B__7MLW_F__a1__forward__rep1	RF00442__5U3G_B__7MLW_F	forward	1	RF00442__5U3G_B	14	C	14	B:14	yes	no	21	15	C	F:15	15	C	F:15	same_partner	NA	NA	yes	0	Rfam.seed.gz	15.1	41f014f4ab5628620935f089b1bb77987ebc162fda7c72bff368a32c9cccabac
RF00442__5U3G_B__7MLW_F__a1__forward__rep1	RF00442__5U3G_B__7MLW_F	forward	1	RF00442__5U3G_B	15	C	15	B:15	yes	no	22	16	C	F:16	16	C	F:16	same_partner	NA	NA	yes	0	Rfam.seed.gz	15.1	41f014f4ab5628620935f089b1bb77987ebc162fda7c72bff368a32c9cccabac
RF00442__5U3G_B__7MLW_F__a1__forward__rep1	RF00442__5U3G_B__7MLW_F	forward	1	RF00442__5U3G_B	16	G	16	B:16	yes	no	23	17	G	F:17	17	G	F:17	same_partner	NA	NA	yes	0	Rfam.seed.gz	15.1	41f014f4ab5628620935f089b1bb77987ebc162fda7c72bff368a32c9cccabac
RF00442__5U3G_B__7MLW_F__a1__forward__rep1	RF00442__5U3G_B__7MLW_F	forward	1	RF00442__5U3G_B	17	G	17	B:17	yes	no	24	18	G	F:18	NA	NA	NA	rfam_only	NA	algorithm_omission	yes	NA	Rfam.seed.gz	15.1	41f014f4ab5628620935f089b1bb77987ebc162fda7c72bff368a32c9cccabac
RF00442__5U3G_B__7MLW_F__a1__forward__rep1	RF00442__5U3G_B__7MLW_F	forward	1	RF00442__5U3G_B	18	C	18	B:18	yes	no	25	19	U	F:19	18	G	F:18	different_partner	NA	NA	yes	-1	Rfam.seed.gz	15.1	41f014f4ab5628620935f089b1bb77987ebc162fda7c72bff368a32c9cccabac
RF00442__5U3G_B__7MLW_F__a1__forward__rep1	RF00442__5U3G_B__7MLW_F	forward	1	RF00442__5U3G_B	19	G	19	B:19	yes	yes	32	24	C	F:24	19	U	F:19	different_partner	NA	NA	no	-5	Rfam.seed.gz	15.1	41f014f4ab5628620935f089b1bb77987ebc162fda7c72bff368a32c9cccabac
RF00442__5U3G_B__7MLW_F__a1__forward__rep1	RF00442__5U3G_B__7MLW_F	forward	1	RF00442__5U3G_B	20	A	20	B:20	yes	yes	33	25	G	F:25	20	C	F:20	different_partner	NA	NA	no	-5	Rfam.seed.gz	15.1	41f014f4ab5628620935f089b1bb77987ebc162fda7c72bff368a32c9cccabac
RF00442__5U3G_B__7MLW_F__a1__forward__rep1	RF00442__5U3G_B__7MLW_F	forward	1	RF00442__5U3G_B	21	A	21	B:21	yes	yes	34	26	G	F:26	NA	NA	NA	rfam_only	NA	algorithm_omission	no	NA	Rfam.seed.gz	15.1	41f014f4ab5628620935f089b1bb77987ebc162fda7c72bff368a32c9cccabac
RF00442__5U3G_B__7MLW_F__a1__forward__rep1	RF00442__5U3G_B__7MLW_F	forward	1	RF00442__5U3G_B	22	A	22	B:22	yes	yes	35	27	C	F:27	NA	NA	NA	rfam_only	NA	algorithm_omission	no	NA	Rfam.seed.gz	15.1	41f014f4ab5628620935f089b1bb77987ebc162fda7c72bff368a32c9cccabac
RF00442__5U3G_B__7MLW_F__a1__forward__rep1	RF00442__5U3G_B__7MLW_F	forward	1	RF00442__5U3G_B	23	G	23	B:23	yes	no	63	42	A	F:42	44	G	F:44	different_partner	NA	NA	yes	2	Rfam.seed.gz	15.1	41f014f4ab5628620935f089b1bb77987ebc162fda7c72bff368a32c9cccabac
RF00442__5U3G_B__7MLW_F__a1__forward__rep1	RF00442__5U3G_B__7MLW_F	forward	1	RF00442__5U3G_B	24	C	24	B:24	yes	no	67	45	C	F:45	45	C	F:45	same_partner	NA	NA	yes	0	Rfam.seed.gz	15.1	41f014f4ab5628620935f089b1bb77987ebc162fda7c72bff368a32c9cccabac
RF00442__5U3G_B__7MLW_F__a1__forward__rep1	RF00442__5U3G_B__7MLW_F	forward	1	RF00442__5U3G_B	25	C	25	B:25	yes	yes	68	46	U	F:46	46	U	F:46	same_partner	NA	NA	no	0	Rfam.seed.gz	15.1	41f014f4ab5628620935f089b1bb77987ebc162fda7c72bff368a32c9cccabac
RF00442__5U3G_B__7MLW_F__a1__forward__rep1	RF00442__5U3G_B__7MLW_F	forward	1	RF00442__5U3G_B	26	G	26	B:26	yes	no	69	47	G	F:47	47	G	F:47	same_partner	NA	NA	yes	0	Rfam.seed.gz	15.1	41f014f4ab5628620935f089b1bb77987ebc162fda7c72bff368a32c9cccabac
RF00442__5U3G_B__7MLW_F__a1__forward__rep1	RF00442__5U3G_B__7MLW_F	forward	1	RF00442__5U3G_B	27	G	27	B:27	yes	no	71	48	G	F:48	48	G	F:48	same_partner	NA	NA	yes	0	Rfam.seed.gz	15.1	41f014f4ab5628620935f089b1bb77987ebc162fda7c72bff368a32c9cccabac
RF00442__5U3G_B__7MLW_F__a1__forward__rep1	RF00442__5U3G_B__7MLW_F	forward	1	RF00442__5U3G_B	28	U	28	B:28	yes	no	72	49	U	F:49	49	U	F:49	same_partner	NA	NA	yes	0	Rfam.seed.gz	15.1	41f014f4ab5628620935f089b1bb77987ebc162fda7c72bff368a32c9cccabac
RF00442__5U3G_B__7MLW_F__a1__forward__rep1	RF00442__5U3G_B__7MLW_F	forward	1	RF00442__5U3G_B	29	C	29	B:29	yes	no	73	50	C	F:50	50	C	F:50	same_partner	NA	NA	yes	0	Rfam.seed.gz	15.1	41f014f4ab5628620935f089b1bb77987ebc162fda7c72bff368a32c9cccabac
RF00442__5U3G_B__7MLW_F__a1__forward__rep1	RF00442__5U3G_B__7MLW_F	forward	1	RF00442__5U3G_B	30	C	30	B:30	yes	no	74	51	C	F:51	51	C	F:51	same_partner	NA	NA	yes	0	Rfam.seed.gz	15.1	41f014f4ab5628620935f089b1bb77987ebc162fda7c72bff368a32c9cccabac
RF00442__5U3G_B__7MLW_F__a1__forward__rep1	RF00442__5U3G_B__7MLW_F	forward	1	RF00442__5U3G_B	31	G	31	B:31	yes	no	75	52	G	F:52	52	G	F:52	same_partner	NA	NA	yes	0	Rfam.seed.gz	15.1	41f014f4ab5628620935f089b1bb77987ebc162fda7c72bff368a32c9cccabac
RF00442__5U3G_B__7MLW_F__a1__forward__rep1	RF00442__5U3G_B__7MLW_F	forward	1	RF00442__5U3G_B	32	A	32	B:32	yes	no	76	53	A	F:53	53	A	F:53	same_partner	NA	NA	yes	0	Rfam.seed.gz	15.1	41f014f4ab5628620935f089b1bb77987ebc162fda7c72bff368a32c9cccabac
RF00442__5U3G_B__7MLW_F__a1__forward__rep1	RF00442__5U3G_B__7MLW_F	forward	1	RF00442__5U3G_B	33	G	33	B:33	yes	no	77	54	G	F:54	54	G	F:54	same_partner	NA	NA	yes	0	Rfam.seed.gz	15.1	41f014f4ab5628620935f089b1bb77987ebc162fda7c72bff368a32c9cccabac
RF00442__5U3G_B__7MLW_F__a1__forward__rep1	RF00442__5U3G_B__7MLW_F	forward	1	RF00442__5U3G_B	34	A	34	B:34	yes	no	78	55	A	F:55	55	A	F:55	same_partner	NA	NA	yes	0	Rfam.seed.gz	15.1	41f014f4ab5628620935f089b1bb77987ebc162fda7c72bff368a32c9cccabac
RF00442__5U3G_B__7MLW_F__a1__forward__rep1	RF00442__5U3G_B__7MLW_F	forward	1	RF00442__5U3G_B	35	G	35	B:35	yes	no	79	56	G	F:56	56	G	F:56	same_partner	NA	NA	yes	0	Rfam.seed.gz	15.1	41f014f4ab5628620935f089b1bb77987ebc162fda7c72bff368a32c9cccabac
RF00442__5U3G_B__7MLW_F__a1__forward__rep1	RF00442__5U3G_B__7MLW_F	forward	1	RF00442__5U3G_B	36	U	36	B:36	yes	no	80	57	C	F:57	57	C	F:57	same_partner	NA	NA	yes	0	Rfam.seed.gz	15.1	41f014f4ab5628620935f089b1bb77987ebc162fda7c72bff368a32c9cccabac
RF00442__5U3G_B__7MLW_F__a1__forward__rep1	RF00442__5U3G_B__7MLW_F	forward	1	RF00442__5U3G_B	37	U	37	B:37	yes	yes	81	58	A	F:58	58	A	F:58	same_partner	NA	NA	no	0	Rfam.seed.gz	15.1	41f014f4ab5628620935f089b1bb77987ebc162fda7c72bff368a32c9cccabac
RF00442__5U3G_B__7MLW_F__a1__forward__rep1	RF00442__5U3G_B__7MLW_F	forward	1	RF00442__5U3G_B	38	A	38	B:38	yes	no	83	59	A	F:59	59	A	F:59	same_partner	NA	NA	yes	0	Rfam.seed.gz	15.1	41f014f4ab5628620935f089b1bb77987ebc162fda7c72bff368a32c9cccabac
RF00442__5U3G_B__7MLW_F__a1__forward__rep1	RF00442__5U3G_B__7MLW_F	forward	1	RF00442__5U3G_B	39	C	39	B:39	yes	no	84	60	U	F:60	60	U	F:60	same_partner	NA	NA	yes	0	Rfam.seed.gz	15.1	41f014f4ab5628620935f089b1bb77987ebc162fda7c72bff368a32c9cccabac
RF00442__5U3G_B__7MLW_F__a1__forward__rep1	RF00442__5U3G_B__7MLW_F	forward	1	RF00442__5U3G_B	40	C	40	B:40	yes	no	85	61	C	F:61	61	C	F:61	same_partner	NA	NA	yes	0	Rfam.seed.gz	15.1	41f014f4ab5628620935f089b1bb77987ebc162fda7c72bff368a32c9cccabac
RF00442__5U3G_B__7MLW_F__a1__forward__rep1	RF00442__5U3G_B__7MLW_F	forward	1	RF00442__5U3G_B	41	G	41	B:41	yes	no	87	63	G	F:63	62	C	F:62	different_partner	NA	NA	yes	-1	Rfam.seed.gz	15.1	41f014f4ab5628620935f089b1bb77987ebc162fda7c72bff368a32c9cccabac
RF00442__5U3G_B__7MLW_F__a1__forward__rep1	RF00442__5U3G_B__7MLW_F	forward	1	RF00442__5U3G_B	42	A	42	B:42	yes	no	88	64	G	F:64	63	G	F:63	different_partner	NA	NA	yes	-1	Rfam.seed.gz	15.1	41f014f4ab5628620935f089b1bb77987ebc162fda7c72bff368a32c9cccabac
RF00442__5U3G_B__7MLW_F__a1__forward__rep1	RF00442__5U3G_B__7MLW_F	forward	1	RF00442__5U3G_B	43	C	43	B:43	yes	no	89	65	U	F:65	64	G	F:64	different_partner	NA	NA	yes	-1	Rfam.seed.gz	15.1	41f014f4ab5628620935f089b1bb77987ebc162fda7c72bff368a32c9cccabac
RF00442__5U3G_B__7MLW_F__a1__forward__rep1	RF00442__5U3G_B__7MLW_F	forward	1	RF00442__5U3G_B	44	C	44	B:44	yes	no	90	66	C	F:66	65	U	F:65	different_partner	NA	NA	yes	-1	Rfam.seed.gz	15.1	41f014f4ab5628620935f089b1bb77987ebc162fda7c72bff368a32c9cccabac
RF00442__5U3G_B__7MLW_F__a1__forward__rep1	RF00442__5U3G_B__7MLW_F	forward	1	RF00442__5U3G_B	45	G	45	B:45	yes	no	91	67	U	F:67	66	C	F:66	different_partner	NA	NA	yes	-1	Rfam.seed.gz	15.1	41f014f4ab5628620935f089b1bb77987ebc162fda7c72bff368a32c9cccabac
RF00442__5U3G_B__7MLW_F__a1__forward__rep1	RF00442__5U3G_B__7MLW_F	forward	1	RF00442__5U3G_B	46	C	46	B:46	yes	no	92	68	U	F:68	67	U	F:67	different_partner	NA	NA	yes	-1	Rfam.seed.gz	15.1	41f014f4ab5628620935f089b1bb77987ebc162fda7c72bff368a32c9cccabac
RF00442__5U3G_B__7MLW_F__a1__forward__rep1	RF00442__5U3G_B__7MLW_F	forward	1	RF00442__5U3G_B	47	C	47	B:47	yes	no	93	69	G	F:69	68	U	F:68	different_partner	NA	NA	yes	-1	Rfam.seed.gz	15.1	41f014f4ab5628620935f089b1bb77987ebc162fda7c72bff368a32c9cccabac
RF00442__5U3G_B__7MLW_F__a1__forward__rep1	RF00442__5U3G_B__7MLW_F	forward	1	RF00442__5U3G_B	48	G	48	B:48	yes	yes	118	90	A	F:90	69	G	F:69	different_partner	NA	NA	no	-21	Rfam.seed.gz	15.1	41f014f4ab5628620935f089b1bb77987ebc162fda7c72bff368a32c9cccabac
RF00442__5U3G_B__7MLW_F__a1__forward__rep1	RF00442__5U3G_B__7MLW_F	forward	1	RF00442__5U3G_B	49	A	49	B:49	yes	yes	119	91	A	F:91	NA	NA	NA	rfam_only	NA	algorithm_omission	no	NA	Rfam.seed.gz	15.1	41f014f4ab5628620935f089b1bb77987ebc162fda7c72bff368a32c9cccabac
RF00442__5U3G_B__7MLW_F__a1__forward__rep1	RF00442__5U3G_B__7MLW_F	forward	1	RF00442__5U3G_B	50	A	50	B:50	yes	yes	120	92	A	F:92	NA	NA	NA	rfam_only	NA	algorithm_omission	no	NA	Rfam.seed.gz	15.1	41f014f4ab5628620935f089b1bb77987ebc162fda7c72bff368a32c9cccabac
RF00442__5U3G_B__7MLW_F__a1__forward__rep1	RF00442__5U3G_B__7MLW_F	forward	1	RF00442__5U3G_B	51	A	51	B:51	yes	yes	121	93	C	F:93	96	C	F:96	different_partner	NA	NA	no	3	Rfam.seed.gz	15.1	41f014f4ab5628620935f089b1bb77987ebc162fda7c72bff368a32c9cccabac
RF00442__5U3G_B__7MLW_F__a1__forward__rep1	RF00442__5U3G_B__7MLW_F	forward	1	RF00442__5U3G_B	52	G	52	B:52	yes	no	141	96	C	F:96	97	G	F:97	different_partner	NA	NA	yes	1	Rfam.seed.gz	15.1	41f014f4ab5628620935f089b1bb77987ebc162fda7c72bff368a32c9cccabac
RF00442__5U3G_B__7MLW_F__a1__forward__rep1	RF00442__5U3G_B__7MLW_F	forward	1	RF00442__5U3G_B	53	G	53	B:53	yes	no	144	97	G	F:97	98	A	F:98	different_partner	NA	NA	yes	1	Rfam.seed.gz	15.1	41f014f4ab5628620935f089b1bb77987ebc162fda7c72bff368a32c9cccabac
RF00442__5U3G_B__7MLW_F__a1__forward__rep1	RF00442__5U3G_B__7MLW_F	forward	1	RF00442__5U3G_B	54	C	54	B:54	yes	no	146	98	A	F:98	99	G	F:99	different_partner	NA	NA	yes	1	Rfam.seed.gz	15.1	41f014f4ab5628620935f089b1bb77987ebc162fda7c72bff368a32c9cccabac
RF00442__5U3G_B__7MLW_F__a1__forward__rep1	RF00442__5U3G_B__7MLW_F	forward	1	RF00442__5U3G_B	55	G	55	B:55	yes	no	147	99	G	F:99	NA	NA	NA	rfam_only	NA	algorithm_omission	yes	NA	Rfam.seed.gz	15.1	41f014f4ab5628620935f089b1bb77987ebc162fda7c72bff368a32c9cccabac
RF00442__5U3G_B__7MLW_F__a1__forward__rep1	RF00442__5U3G_B__7MLW_F	forward	1	RF00442__5U3G_B	56	G	56	B:56	yes	no	148	100	G	F:100	100	G	F:100	same_partner	NA	NA	yes	0	Rfam.seed.gz	15.1	41f014f4ab5628620935f089b1bb77987ebc162fda7c72bff368a32c9cccabac
RF00442__5U3G_B__7MLW_F__a1__forward__rep1	RF00442__5U3G_B__7MLW_F	forward	1	RF00442__5U3G_B	57	U	57	B:57	yes	no	149	101	C	F:101	101	C	F:101	same_partner	NA	NA	yes	0	Rfam.seed.gz	15.1	41f014f4ab5628620935f089b1bb77987ebc162fda7c72bff368a32c9cccabac
RF00442__5U3G_B__7MLW_F__a1__forward__rep1	RF00442__5U3G_B__7MLW_F	forward	1	RF00442__5U3G_B	58	U	58	B:58	yes	no	151	102	U	F:102	102	U	F:102	same_partner	NA	NA	yes	0	Rfam.seed.gz	15.1	41f014f4ab5628620935f089b1bb77987ebc162fda7c72bff368a32c9cccabac
RF00442__5U3G_B__7MLW_F__a1__forward__rep1	RF00442__5U3G_B__7MLW_F	forward	1	RF00442__5U3G_B	59	A	59	B:59	yes	no	152	103	C	F:103	103	C	F:103	same_partner	NA	NA	yes	0	Rfam.seed.gz	15.1	41f014f4ab5628620935f089b1bb77987ebc162fda7c72bff368a32c9cccabac
RF00442__5U3G_B__7MLW_F__a1__forward__rep1	RF00442__5U3G_B__7MLW_F	forward	1	RF00442__5U3G_B	60	C	60	B:60	yes	no	153	104	C	F:104	104	C	F:104	same_partner	NA	NA	yes	0	Rfam.seed.gz	15.1	41f014f4ab5628620935f089b1bb77987ebc162fda7c72bff368a32c9cccabac
RF00442__5U3G_B__7MLW_F__a1__forward__rep1	RF00442__5U3G_B__7MLW_F	forward	1	RF00442__5U3G_B	61	A	61	B:61	yes	no	154	105	A	F:105	105	A	F:105	same_partner	NA	NA	yes	0	Rfam.seed.gz	15.1	41f014f4ab5628620935f089b1bb77987ebc162fda7c72bff368a32c9cccabac
RF00442__5U3G_B__7MLW_F__a1__forward__rep1	RF00442__5U3G_B__7MLW_F	forward	1	RF00442__5U3G_B	62	C	62	B:62	yes	no	155	106	C	F:106	106	C	F:106	same_partner	NA	NA	yes	0	Rfam.seed.gz	15.1	41f014f4ab5628620935f089b1bb77987ebc162fda7c72bff368a32c9cccabac
RF00442__5U3G_B__7MLW_F__a1__forward__rep1	RF00442__5U3G_B__7MLW_F	forward	1	RF00442__5U3G_B	63	G	63	B:63	yes	no	156	107	G	F:107	107	G	F:107	same_partner	NA	NA	yes	0	Rfam.seed.gz	15.1	41f014f4ab5628620935f089b1bb77987ebc162fda7c72bff368a32c9cccabac
RF00442__5U3G_B__7MLW_F__a1__forward__rep1	RF00442__5U3G_B__7MLW_F	forward	1	RF00442__5U3G_B	64	G	64	B:64	yes	no	157	108	G	F:108	108	G	F:108	same_partner	NA	NA	yes	0	Rfam.seed.gz	15.1	41f014f4ab5628620935f089b1bb77987ebc162fda7c72bff368a32c9cccabac
RF00442__5U3G_B__7MLW_F__a1__forward__rep1	RF00442__5U3G_B__7MLW_F	forward	1	RF00442__5U3G_B	65	C	65	B:65	yes	no	158	109	A	F:109	109	A	F:109	same_partner	NA	NA	yes	0	Rfam.seed.gz	15.1	41f014f4ab5628620935f089b1bb77987ebc162fda7c72bff368a32c9cccabac
RF00442__5U3G_B__7MLW_F__a1__forward__rep1	RF00442__5U3G_B__7MLW_F	forward	1	RF00442__5U3G_B	66	G	66	B:66	yes	no	159	110	G	F:110	110	G	F:110	same_partner	NA	NA	yes	0	Rfam.seed.gz	15.1	41f014f4ab5628620935f089b1bb77987ebc162fda7c72bff368a32c9cccabac
RF00442__5U3G_B__7MLW_F__a1__forward__rep1	RF00442__5U3G_B__7MLW_F	forward	1	RF00442__5U3G_B	67	G	67	B:67	yes	no	160	111	G	F:111	111	G	F:111	same_partner	NA	NA	yes	0	Rfam.seed.gz	15.1	41f014f4ab5628620935f089b1bb77987ebc162fda7c72bff368a32c9cccabac
RF00442__5U3G_B__7MLW_F__a1__forward__rep1	RF00442__5U3G_B__7MLW_F	forward	1	RF00442__5U3G_B	68	G	68	B:68	yes	no	161	112	G	F:112	112	G	F:112	same_partner	NA	NA	yes	0	Rfam.seed.gz	15.1	41f014f4ab5628620935f089b1bb77987ebc162fda7c72bff368a32c9cccabac
RF00442__5U3G_B__7MLW_F__a1__forward__rep1	RF00442__5U3G_B__7MLW_F	forward	1	RF00442__5U3G_B	69	A	69	B:69	yes	no	162	113	A	F:113	113	A	F:113	same_partner	NA	NA	yes	0	Rfam.seed.gz	15.1	41f014f4ab5628620935f089b1bb77987ebc162fda7c72bff368a32c9cccabac
RF00442__5U3G_B__7MLW_F__a1__forward__rep1	RF00442__5U3G_B__7MLW_F	forward	1	RF00442__5U3G_B	70	A	70	B:70	yes	yes	163	114	U	F:114	114	U	F:114	same_partner	NA	NA	no	0	Rfam.seed.gz	15.1	41f014f4ab5628620935f089b1bb77987ebc162fda7c72bff368a32c9cccabac
RF00442__5U3G_B__7MLW_F__a1__forward__rep1	RF00442__5U3G_B__7MLW_F	forward	1	RF00442__5U3G_B	71	A	71	B:71	yes	no	164	115	A	F:115	115	A	F:115	same_partner	NA	NA	yes	0	Rfam.seed.gz	15.1	41f014f4ab5628620935f089b1bb77987ebc162fda7c72bff368a32c9cccabac
RF00442__5U3G_B__7MLW_F__a1__forward__rep1	RF00442__5U3G_B__7MLW_F	forward	1	RF00442__5U3G_B	72	A	72	B:72	yes	no	165	116	A	F:116	116	A	F:116	same_partner	NA	NA	yes	0	Rfam.seed.gz	15.1	41f014f4ab5628620935f089b1bb77987ebc162fda7c72bff368a32c9cccabac
RF00442__5U3G_B__7MLW_F__a1__forward__rep1	RF00442__5U3G_B__7MLW_F	forward	1	RF00442__5U3G_B	73	A	73	B:73	yes	no	166	117	A	F:117	117	A	F:117	same_partner	NA	NA	yes	0	Rfam.seed.gz	15.1	41f014f4ab5628620935f089b1bb77987ebc162fda7c72bff368a32c9cccabac
RF00442__5U3G_B__7MLW_F__a1__forward__rep1	RF00442__5U3G_B__7MLW_F	forward	1	RF00442__5U3G_B	74	A	74	B:74	yes	no	167	118	A	F:118	118	A	F:118	same_partner	NA	NA	yes	0	Rfam.seed.gz	15.1	41f014f4ab5628620935f089b1bb77987ebc162fda7c72bff368a32c9cccabac
RF00442__5U3G_B__7MLW_F__a1__forward__rep1	RF00442__5U3G_B__7MLW_F	forward	1	RF00442__5U3G_B	75	G	75	B:75	yes	no	168	119	G	F:119	119	G	F:119	same_partner	NA	NA	yes	0	Rfam.seed.gz	15.1	41f014f4ab5628620935f089b1bb77987ebc162fda7c72bff368a32c9cccabac
RF00442__5U3G_B__7MLW_F__a1__forward__rep1	RF00442__5U3G_B__7MLW_F	forward	1	RF00442__5U3G_B	76	C	76	B:76	yes	no	169	120	C	F:120	120	C	F:120	same_partner	NA	NA	yes	0	Rfam.seed.gz	15.1	41f014f4ab5628620935f089b1bb77987ebc162fda7c72bff368a32c9cccabac
RF00442__5U3G_B__7MLW_F__a1__forward__rep1	RF00442__5U3G_B__7MLW_F	forward	1	RF00442__5U3G_B	77	C	77	B:77	yes	no	170	121	C	F:121	121	C	F:121	same_partner	NA	NA	yes	0	Rfam.seed.gz	15.1	41f014f4ab5628620935f089b1bb77987ebc162fda7c72bff368a32c9cccabac
RF00442__5U3G_B__7MLW_F__a1__forward__rep1	RF00442__5U3G_B__7MLW_F	forward	1	RF00442__5U3G_B	78	C	78	B:78	yes	no	171	122	C	F:122	122	C	F:122	same_partner	NA	NA	yes	0	Rfam.seed.gz	15.1	41f014f4ab5628620935f089b1bb77987ebc162fda7c72bff368a32c9cccabac
RF00442__5U3G_B__7MLW_F__a1__forward__rep1	RF00442__5U3G_B__7MLW_F	forward	1	RF00442__5U3G_B	79	G	79	B:79	yes	no	172	123	G	F:123	123	G	F:123	same_partner	NA	NA	yes	0	Rfam.seed.gz	15.1	41f014f4ab5628620935f089b1bb77987ebc162fda7c72bff368a32c9cccabac
RF00442__5U3G_B__7MLW_F__a1__forward__rep1	RF00442__5U3G_B__7MLW_F	forward	1	RF00442__5U3G_B	80	G	80	B:80	yes	no	173	124	G	F:124	124	G	F:124	same_partner	NA	NA	yes	0	Rfam.seed.gz	15.1	41f014f4ab5628620935f089b1bb77987ebc162fda7c72bff368a32c9cccabac
RF00442__5U3G_B__7MLW_F__a1__forward__rep1	RF00442__5U3G_B__7MLW_F	forward	1	RF00442__5U3G_B	81	G	81	B:81	yes	no	174	125	G	F:125	125	G	F:125	same_partner	NA	NA	yes	0	Rfam.seed.gz	15.1	41f014f4ab5628620935f089b1bb77987ebc162fda7c72bff368a32c9cccabac
RF00442__5U3G_B__7MLW_F__a1__forward__rep1	RF00442__5U3G_B__7MLW_F	forward	1	RF00442__5U3G_B	82	A	82	B:82	yes	no	175	126	A	F:126	126	A	F:126	same_partner	NA	NA	yes	0	Rfam.seed.gz	15.1	41f014f4ab5628620935f089b1bb77987ebc162fda7c72bff368a32c9cccabac
RF00442__5U3G_B__7MLW_F__a1__forward__rep1	RF00442__5U3G_B__7MLW_F	forward	1	RF00442__5U3G_B	83	G	83	B:83	yes	no	176	127	G	F:127	127	G	F:127	same_partner	NA	NA	yes	0	Rfam.seed.gz	15.1	41f014f4ab5628620935f089b1bb77987ebc162fda7c72bff368a32c9cccabac
RF00442__5U3G_B__7MLW_F__a1__forward__rep1	RF00442__5U3G_B__7MLW_F	forward	1	RF00442__5U3G_B	84	G	84	B:84	yes	no	177	128	G	F:128	128	G	F:128	same_partner	NA	NA	yes	0	Rfam.seed.gz	15.1	41f014f4ab5628620935f089b1bb77987ebc162fda7c72bff368a32c9cccabac
RF00442__5U3G_B__7MLW_F__a1__forward__rep1	RF00442__5U3G_B__7MLW_F	forward	1	RF00442__5U3G_B	85	A	85	B:85	yes	no	178	NA	NA	NA	NA	NA	NA	neither	alignment_gap_in_standard_seed	algorithm_omission	no	NA	Rfam.seed.gz	15.1	41f014f4ab5628620935f089b1bb77987ebc162fda7c72bff368a32c9cccabac
RF00442__5U3G_B__7MLW_F__a1__forward__rep2	RF00442__5U3G_B__7MLW_F	forward	2	RF00442__5U3G_B	1	G	1	B:1	yes	no	8	2	G	F:2	2	G	F:2	same_partner	NA	NA	yes	0	Rfam.seed.gz	15.1	41f014f4ab5628620935f089b1bb77987ebc162fda7c72bff368a32c9cccabac
RF00442__5U3G_B__7MLW_F__a1__forward__rep2	RF00442__5U3G_B__7MLW_F	forward	2	RF00442__5U3G_B	2	G	2	B:2	yes	no	9	3	A	F:3	3	A	F:3	same_partner	NA	NA	yes	0	Rfam.seed.gz	15.1	41f014f4ab5628620935f089b1bb77987ebc162fda7c72bff368a32c9cccabac
RF00442__5U3G_B__7MLW_F__a1__forward__rep2	RF00442__5U3G_B__7MLW_F	forward	2	RF00442__5U3G_B	3	U	3	B:3	yes	no	10	4	U	F:4	4	U	F:4	same_partner	NA	NA	yes	0	Rfam.seed.gz	15.1	41f014f4ab5628620935f089b1bb77987ebc162fda7c72bff368a32c9cccabac
RF00442__5U3G_B__7MLW_F__a1__forward__rep2	RF00442__5U3G_B__7MLW_F	forward	2	RF00442__5U3G_B	4	G	4	B:4	yes	no	11	5	C	F:5	5	C	F:5	same_partner	NA	NA	yes	0	Rfam.seed.gz	15.1	41f014f4ab5628620935f089b1bb77987ebc162fda7c72bff368a32c9cccabac
RF00442__5U3G_B__7MLW_F__a1__forward__rep2	RF00442__5U3G_B__7MLW_F	forward	2	RF00442__5U3G_B	5	A	5	B:5	yes	no	12	6	G	F:6	6	G	F:6	same_partner	NA	NA	yes	0	Rfam.seed.gz	15.1	41f014f4ab5628620935f089b1bb77987ebc162fda7c72bff368a32c9cccabac
RF00442__5U3G_B__7MLW_F__a1__forward__rep2	RF00442__5U3G_B__7MLW_F	forward	2	RF00442__5U3G_B	6	C	6	B:6	yes	no	13	7	C	F:7	7	C	F:7	same_partner	NA	NA	yes	0	Rfam.seed.gz	15.1	41f014f4ab5628620935f089b1bb77987ebc162fda7c72bff368a32c9cccabac
RF00442__5U3G_B__7MLW_F__a1__forward__rep2	RF00442__5U3G_B__7MLW_F	forward	2	RF00442__5U3G_B	7	U	7	B:7	yes	no	14	8	U	F:8	8	U	F:8	same_partner	NA	NA	yes	0	Rfam.seed.gz	15.1	41f014f4ab5628620935f089b1bb77987ebc162fda7c72bff368a32c9cccabac
RF00442__5U3G_B__7MLW_F__a1__forward__rep2	RF00442__5U3G_B__7MLW_F	forward	2	RF00442__5U3G_B	8	A	8	B:8	yes	no	15	9	A	F:9	9	A	F:9	same_partner	NA	NA	yes	0	Rfam.seed.gz	15.1	41f014f4ab5628620935f089b1bb77987ebc162fda7c72bff368a32c9cccabac
RF00442__5U3G_B__7MLW_F__a1__forward__rep2	RF00442__5U3G_B__7MLW_F	forward	2	RF00442__5U3G_B	9	G	9	B:9	yes	no	16	10	G	F:10	10	G	F:10	same_partner	NA	NA	yes	0	Rfam.seed.gz	15.1	41f014f4ab5628620935f089b1bb77987ebc162fda7c72bff368a32c9cccabac
RF00442__5U3G_B__7MLW_F__a1__forward__rep2	RF00442__5U3G_B__7MLW_F	forward	2	RF00442__5U3G_B	10	G	10	B:10	yes	no	17	11	G	F:11	11	G	F:11	same_partner	NA	NA	yes	0	Rfam.seed.gz	15.1	41f014f4ab5628620935f089b1bb77987ebc162fda7c72bff368a32c9cccabac
RF00442__5U3G_B__7MLW_F__a1__forward__rep2	RF00442__5U3G_B__7MLW_F	forward	2	RF00442__5U3G_B	11	G	11	B:11	yes	no	18	12	G	F:12	12	G	F:12	same_partner	NA	NA	yes	0	Rfam.seed.gz	15.1	41f014f4ab5628620935f089b1bb77987ebc162fda7c72bff368a32c9cccabac
RF00442__5U3G_B__7MLW_F__a1__forward__rep2	RF00442__5U3G_B__7MLW_F	forward	2	RF00442__5U3G_B	12	U	12	B:12	yes	no	19	13	U	F:13	13	U	F:13	same_partner	NA	NA	yes	0	Rfam.seed.gz	15.1	41f014f4ab5628620935f089b1bb77987ebc162fda7c72bff368a32c9cccabac
RF00442__5U3G_B__7MLW_F__a1__forward__rep2	RF00442__5U3G_B__7MLW_F	forward	2	RF00442__5U3G_B	13	U	13	B:13	yes	no	20	14	U	F:14	14	U	F:14	same_partner	NA	NA	yes	0	Rfam.seed.gz	15.1	41f014f4ab5628620935f089b1bb77987ebc162fda7c72bff368a32c9cccabac
RF00442__5U3G_B__7MLW_F__a1__forward__rep2	RF00442__5U3G_B__7MLW_F	forward	2	RF00442__5U3G_B	14	C	14	B:14	yes	no	21	15	C	F:15	15	C	F:15	same_partner	NA	NA	yes	0	Rfam.seed.gz	15.1	41f014f4ab5628620935f089b1bb77987ebc162fda7c72bff368a32c9cccabac
RF00442__5U3G_B__7MLW_F__a1__forward__rep2	RF00442__5U3G_B__7MLW_F	forward	2	RF00442__5U3G_B	15	C	15	B:15	yes	no	22	16	C	F:16	16	C	F:16	same_partner	NA	NA	yes	0	Rfam.seed.gz	15.1	41f014f4ab5628620935f089b1bb77987ebc162fda7c72bff368a32c9cccabac
RF00442__5U3G_B__7MLW_F__a1__forward__rep2	RF00442__5U3G_B__7MLW_F	forward	2	RF00442__5U3G_B	16	G	16	B:16	yes	no	23	17	G	F:17	17	G	F:17	same_partner	NA	NA	yes	0	Rfam.seed.gz	15.1	41f014f4ab5628620935f089b1bb77987ebc162fda7c72bff368a32c9cccabac
RF00442__5U3G_B__7MLW_F__a1__forward__rep2	RF00442__5U3G_B__7MLW_F	forward	2	RF00442__5U3G_B	17	G	17	B:17	yes	no	24	18	G	F:18	NA	NA	NA	rfam_only	NA	algorithm_omission	yes	NA	Rfam.seed.gz	15.1	41f014f4ab5628620935f089b1bb77987ebc162fda7c72bff368a32c9cccabac
RF00442__5U3G_B__7MLW_F__a1__forward__rep2	RF00442__5U3G_B__7MLW_F	forward	2	RF00442__5U3G_B	18	C	18	B:18	yes	no	25	19	U	F:19	18	G	F:18	different_partner	NA	NA	yes	-1	Rfam.seed.gz	15.1	41f014f4ab5628620935f089b1bb77987ebc162fda7c72bff368a32c9cccabac
RF00442__5U3G_B__7MLW_F__a1__forward__rep2	RF00442__5U3G_B__7MLW_F	forward	2	RF00442__5U3G_B	19	G	19	B:19	yes	yes	32	24	C	F:24	19	U	F:19	different_partner	NA	NA	no	-5	Rfam.seed.gz	15.1	41f014f4ab5628620935f089b1bb77987ebc162fda7c72bff368a32c9cccabac
RF00442__5U3G_B__7MLW_F__a1__forward__rep2	RF00442__5U3G_B__7MLW_F	forward	2	RF00442__5U3G_B	20	A	20	B:20	yes	yes	33	25	G	F:25	20	C	F:20	different_partner	NA	NA	no	-5	Rfam.seed.gz	15.1	41f014f4ab5628620935f089b1bb77987ebc162fda7c72bff368a32c9cccabac
RF00442__5U3G_B__7MLW_F__a1__forward__rep2	RF00442__5U3G_B__7MLW_F	forward	2	RF00442__5U3G_B	21	A	21	B:21	yes	yes	34	26	G	F:26	NA	NA	NA	rfam_only	NA	algorithm_omission	no	NA	Rfam.seed.gz	15.1	41f014f4ab5628620935f089b1bb77987ebc162fda7c72bff368a32c9cccabac
RF00442__5U3G_B__7MLW_F__a1__forward__rep2	RF00442__5U3G_B__7MLW_F	forward	2	RF00442__5U3G_B	22	A	22	B:22	yes	yes	35	27	C	F:27	NA	NA	NA	rfam_only	NA	algorithm_omission	no	NA	Rfam.seed.gz	15.1	41f014f4ab5628620935f089b1bb77987ebc162fda7c72bff368a32c9cccabac
RF00442__5U3G_B__7MLW_F__a1__forward__rep2	RF00442__5U3G_B__7MLW_F	forward	2	RF00442__5U3G_B	23	G	23	B:23	yes	no	63	42	A	F:42	44	G	F:44	different_partner	NA	NA	yes	2	Rfam.seed.gz	15.1	41f014f4ab5628620935f089b1bb77987ebc162fda7c72bff368a32c9cccabac
RF00442__5U3G_B__7MLW_F__a1__forward__rep2	RF00442__5U3G_B__7MLW_F	forward	2	RF00442__5U3G_B	24	C	24	B:24	yes	no	67	45	C	F:45	45	C	F:45	same_partner	NA	NA	yes	0	Rfam.seed.gz	15.1	41f014f4ab5628620935f089b1bb77987ebc162fda7c72bff368a32c9cccabac
RF00442__5U3G_B__7MLW_F__a1__forward__rep2	RF00442__5U3G_B__7MLW_F	forward	2	RF00442__5U3G_B	25	C	25	B:25	yes	yes	68	46	U	F:46	46	U	F:46	same_partner	NA	NA	no	0	Rfam.seed.gz	15.1	41f014f4ab5628620935f089b1bb77987ebc162fda7c72bff368a32c9cccabac
RF00442__5U3G_B__7MLW_F__a1__forward__rep2	RF00442__5U3G_B__7MLW_F	forward	2	RF00442__5U3G_B	26	G	26	B:26	yes	no	69	47	G	F:47	47	G	F:47	same_partner	NA	NA	yes	0	Rfam.seed.gz	15.1	41f014f4ab5628620935f089b1bb77987ebc162fda7c72bff368a32c9cccabac
RF00442__5U3G_B__7MLW_F__a1__forward__rep2	RF00442__5U3G_B__7MLW_F	forward	2	RF00442__5U3G_B	27	G	27	B:27	yes	no	71	48	G	F:48	48	G	F:48	same_partner	NA	NA	yes	0	Rfam.seed.gz	15.1	41f014f4ab5628620935f089b1bb77987ebc162fda7c72bff368a32c9cccabac
RF00442__5U3G_B__7MLW_F__a1__forward__rep2	RF00442__5U3G_B__7MLW_F	forward	2	RF00442__5U3G_B	28	U	28	B:28	yes	no	72	49	U	F:49	49	U	F:49	same_partner	NA	NA	yes	0	Rfam.seed.gz	15.1	41f014f4ab5628620935f089b1bb77987ebc162fda7c72bff368a32c9cccabac
RF00442__5U3G_B__7MLW_F__a1__forward__rep2	RF00442__5U3G_B__7MLW_F	forward	2	RF00442__5U3G_B	29	C	29	B:29	yes	no	73	50	C	F:50	50	C	F:50	same_partner	NA	NA	yes	0	Rfam.seed.gz	15.1	41f014f4ab5628620935f089b1bb77987ebc162fda7c72bff368a32c9cccabac
RF00442__5U3G_B__7MLW_F__a1__forward__rep2	RF00442__5U3G_B__7MLW_F	forward	2	RF00442__5U3G_B	30	C	30	B:30	yes	no	74	51	C	F:51	51	C	F:51	same_partner	NA	NA	yes	0	Rfam.seed.gz	15.1	41f014f4ab5628620935f089b1bb77987ebc162fda7c72bff368a32c9cccabac
RF00442__5U3G_B__7MLW_F__a1__forward__rep2	RF00442__5U3G_B__7MLW_F	forward	2	RF00442__5U3G_B	31	G	31	B:31	yes	no	75	52	G	F:52	52	G	F:52	same_partner	NA	NA	yes	0	Rfam.seed.gz	15.1	41f014f4ab5628620935f089b1bb77987ebc162fda7c72bff368a32c9cccabac
RF00442__5U3G_B__7MLW_F__a1__forward__rep2	RF00442__5U3G_B__7MLW_F	forward	2	RF00442__5U3G_B	32	A	32	B:32	yes	no	76	53	A	F:53	53	A	F:53	same_partner	NA	NA	yes	0	Rfam.seed.gz	15.1	41f014f4ab5628620935f089b1bb77987ebc162fda7c72bff368a32c9cccabac
RF00442__5U3G_B__7MLW_F__a1__forward__rep2	RF00442__5U3G_B__7MLW_F	forward	2	RF00442__5U3G_B	33	G	33	B:33	yes	no	77	54	G	F:54	54	G	F:54	same_partner	NA	NA	yes	0	Rfam.seed.gz	15.1	41f014f4ab5628620935f089b1bb77987ebc162fda7c72bff368a32c9cccabac
RF00442__5U3G_B__7MLW_F__a1__forward__rep2	RF00442__5U3G_B__7MLW_F	forward	2	RF00442__5U3G_B	34	A	34	B:34	yes	no	78	55	A	F:55	55	A	F:55	same_partner	NA	NA	yes	0	Rfam.seed.gz	15.1	41f014f4ab5628620935f089b1bb77987ebc162fda7c72bff368a32c9cccabac
RF00442__5U3G_B__7MLW_F__a1__forward__rep2	RF00442__5U3G_B__7MLW_F	forward	2	RF00442__5U3G_B	35	G	35	B:35	yes	no	79	56	G	F:56	56	G	F:56	same_partner	NA	NA	yes	0	Rfam.seed.gz	15.1	41f014f4ab5628620935f089b1bb77987ebc162fda7c72bff368a32c9cccabac
RF00442__5U3G_B__7MLW_F__a1__forward__rep2	RF00442__5U3G_B__7MLW_F	forward	2	RF00442__5U3G_B	36	U	36	B:36	yes	no	80	57	C	F:57	57	C	F:57	same_partner	NA	NA	yes	0	Rfam.seed.gz	15.1	41f014f4ab5628620935f089b1bb77987ebc162fda7c72bff368a32c9cccabac
RF00442__5U3G_B__7MLW_F__a1__forward__rep2	RF00442__5U3G_B__7MLW_F	forward	2	RF00442__5U3G_B	37	U	37	B:37	yes	yes	81	58	A	F:58	58	A	F:58	same_partner	NA	NA	no	0	Rfam.seed.gz	15.1	41f014f4ab5628620935f089b1bb77987ebc162fda7c72bff368a32c9cccabac
RF00442__5U3G_B__7MLW_F__a1__forward__rep2	RF00442__5U3G_B__7MLW_F	forward	2	RF00442__5U3G_B	38	A	38	B:38	yes	no	83	59	A	F:59	59	A	F:59	same_partner	NA	NA	yes	0	Rfam.seed.gz	15.1	41f014f4ab5628620935f089b1bb77987ebc162fda7c72bff368a32c9cccabac
RF00442__5U3G_B__7MLW_F__a1__forward__rep2	RF00442__5U3G_B__7MLW_F	forward	2	RF00442__5U3G_B	39	C	39	B:39	yes	no	84	60	U	F:60	60	U	F:60	same_partner	NA	NA	yes	0	Rfam.seed.gz	15.1	41f014f4ab5628620935f089b1bb77987ebc162fda7c72bff368a32c9cccabac
RF00442__5U3G_B__7MLW_F__a1__forward__rep2	RF00442__5U3G_B__7MLW_F	forward	2	RF00442__5U3G_B	40	C	40	B:40	yes	no	85	61	C	F:61	61	C	F:61	same_partner	NA	NA	yes	0	Rfam.seed.gz	15.1	41f014f4ab5628620935f089b1bb77987ebc162fda7c72bff368a32c9cccabac
RF00442__5U3G_B__7MLW_F__a1__forward__rep2	RF00442__5U3G_B__7MLW_F	forward	2	RF00442__5U3G_B	41	G	41	B:41	yes	no	87	63	G	F:63	62	C	F:62	different_partner	NA	NA	yes	-1	Rfam.seed.gz	15.1	41f014f4ab5628620935f089b1bb77987ebc162fda7c72bff368a32c9cccabac
RF00442__5U3G_B__7MLW_F__a1__forward__rep2	RF00442__5U3G_B__7MLW_F	forward	2	RF00442__5U3G_B	42	A	42	B:42	yes	no	88	64	G	F:64	63	G	F:63	different_partner	NA	NA	yes	-1	Rfam.seed.gz	15.1	41f014f4ab5628620935f089b1bb77987ebc162fda7c72bff368a32c9cccabac
RF00442__5U3G_B__7MLW_F__a1__forward__rep2	RF00442__5U3G_B__7MLW_F	forward	2	RF00442__5U3G_B	43	C	43	B:43	yes	no	89	65	U	F:65	64	G	F:64	different_partner	NA	NA	yes	-1	Rfam.seed.gz	15.1	41f014f4ab5628620935f089b1bb77987ebc162fda7c72bff368a32c9cccabac
RF00442__5U3G_B__7MLW_F__a1__forward__rep2	RF00442__5U3G_B__7MLW_F	forward	2	RF00442__5U3G_B	44	C	44	B:44	yes	no	90	66	C	F:66	65	U	F:65	different_partner	NA	NA	yes	-1	Rfam.seed.gz	15.1	41f014f4ab5628620935f089b1bb77987ebc162fda7c72bff368a32c9cccabac
RF00442__5U3G_B__7MLW_F__a1__forward__rep2	RF00442__5U3G_B__7MLW_F	forward	2	RF00442__5U3G_B	45	G	45	B:45	yes	no	91	67	U	F:67	66	C	F:66	different_partner	NA	NA	yes	-1	Rfam.seed.gz	15.1	41f014f4ab5628620935f089b1bb77987ebc162fda7c72bff368a32c9cccabac
RF00442__5U3G_B__7MLW_F__a1__forward__rep2	RF00442__5U3G_B__7MLW_F	forward	2	RF00442__5U3G_B	46	C	46	B:46	yes	no	92	68	U	F:68	67	U	F:67	different_partner	NA	NA	yes	-1	Rfam.seed.gz	15.1	41f014f4ab5628620935f089b1bb77987ebc162fda7c72bff368a32c9cccabac
RF00442__5U3G_B__7MLW_F__a1__forward__rep2	RF00442__5U3G_B__7MLW_F	forward	2	RF00442__5U3G_B	47	C	47	B:47	yes	no	93	69	G	F:69	68	U	F:68	different_partner	NA	NA	yes	-1	Rfam.seed.gz	15.1	41f014f4ab5628620935f089b1bb77987ebc162fda7c72bff368a32c9cccabac
RF00442__5U3G_B__7MLW_F__a1__forward__rep2	RF00442__5U3G_B__7MLW_F	forward	2	RF00442__5U3G_B	48	G	48	B:48	yes	yes	118	90	A	F:90	69	G	F:69	different_partner	NA	NA	no	-21	Rfam.seed.gz	15.1	41f014f4ab5628620935f089b1bb77987ebc162fda7c72bff368a32c9cccabac
RF00442__5U3G_B__7MLW_F__a1__forward__rep2	RF00442__5U3G_B__7MLW_F	forward	2	RF00442__5U3G_B	49	A	49	B:49	yes	yes	119	91	A	F:91	NA	NA	NA	rfam_only	NA	algorithm_omission	no	NA	Rfam.seed.gz	15.1	41f014f4ab5628620935f089b1bb77987ebc162fda7c72bff368a32c9cccabac
RF00442__5U3G_B__7MLW_F__a1__forward__rep2	RF00442__5U3G_B__7MLW_F	forward	2	RF00442__5U3G_B	50	A	50	B:50	yes	yes	120	92	A	F:92	NA	NA	NA	rfam_only	NA	algorithm_omission	no	NA	Rfam.seed.gz	15.1	41f014f4ab5628620935f089b1bb77987ebc162fda7c72bff368a32c9cccabac
RF00442__5U3G_B__7MLW_F__a1__forward__rep2	RF00442__5U3G_B__7MLW_F	forward	2	RF00442__5U3G_B	51	A	51	B:51	yes	yes	121	93	C	F:93	96	C	F:96	different_partner	NA	NA	no	3	Rfam.seed.gz	15.1	41f014f4ab5628620935f089b1bb77987ebc162fda7c72bff368a32c9cccabac
RF00442__5U3G_B__7MLW_F__a1__forward__rep2	RF00442__5U3G_B__7MLW_F	forward	2	RF00442__5U3G_B	52	G	52	B:52	yes	no	141	96	C	F:96	97	G	F:97	different_partner	NA	NA	yes	1	Rfam.seed.gz	15.1	41f014f4ab5628620935f089b1bb77987ebc162fda7c72bff368a32c9cccabac
RF00442__5U3G_B__7MLW_F__a1__forward__rep2	RF00442__5U3G_B__7MLW_F	forward	2	RF00442__5U3G_B	53	G	53	B:53	yes	no	144	97	G	F:97	98	A	F:98	different_partner	NA	NA	yes	1	Rfam.seed.gz	15.1	41f014f4ab5628620935f089b1bb77987ebc162fda7c72bff368a32c9cccabac
RF00442__5U3G_B__7MLW_F__a1__forward__rep2	RF00442__5U3G_B__7MLW_F	forward	2	RF00442__5U3G_B	54	C	54	B:54	yes	no	146	98	A	F:98	99	G	F:99	different_partner	NA	NA	yes	1	Rfam.seed.gz	15.1	41f014f4ab5628620935f089b1bb77987ebc162fda7c72bff368a32c9cccabac
RF00442__5U3G_B__7MLW_F__a1__forward__rep2	RF00442__5U3G_B__7MLW_F	forward	2	RF00442__5U3G_B	55	G	55	B:55	yes	no	147	99	G	F:99	NA	NA	NA	rfam_only	NA	algorithm_omission	yes	NA	Rfam.seed.gz	15.1	41f014f4ab5628620935f089b1bb77987ebc162fda7c72bff368a32c9cccabac
RF00442__5U3G_B__7MLW_F__a1__forward__rep2	RF00442__5U3G_B__7MLW_F	forward	2	RF00442__5U3G_B	56	G	56	B:56	yes	no	148	100	G	F:100	100	G	F:100	same_partner	NA	NA	yes	0	Rfam.seed.gz	15.1	41f014f4ab5628620935f089b1bb77987ebc162fda7c72bff368a32c9cccabac
RF00442__5U3G_B__7MLW_F__a1__forward__rep2	RF00442__5U3G_B__7MLW_F	forward	2	RF00442__5U3G_B	57	U	57	B:57	yes	no	149	101	C	F:101	101	C	F:101	same_partner	NA	NA	yes	0	Rfam.seed.gz	15.1	41f014f4ab5628620935f089b1bb77987ebc162fda7c72bff368a32c9cccabac
RF00442__5U3G_B__7MLW_F__a1__forward__rep2	RF00442__5U3G_B__7MLW_F	forward	2	RF00442__5U3G_B	58	U	58	B:58	yes	no	151	102	U	F:102	102	U	F:102	same_partner	NA	NA	yes	0	Rfam.seed.gz	15.1	41f014f4ab5628620935f089b1bb77987ebc162fda7c72bff368a32c9cccabac
RF00442__5U3G_B__7MLW_F__a1__forward__rep2	RF00442__5U3G_B__7MLW_F	forward	2	RF00442__5U3G_B	59	A	59	B:59	yes	no	152	103	C	F:103	103	C	F:103	same_partner	NA	NA	yes	0	Rfam.seed.gz	15.1	41f014f4ab5628620935f089b1bb77987ebc162fda7c72bff368a32c9cccabac
RF00442__5U3G_B__7MLW_F__a1__forward__rep2	RF00442__5U3G_B__7MLW_F	forward	2	RF00442__5U3G_B	60	C	60	B:60	yes	no	153	104	C	F:104	104	C	F:104	same_partner	NA	NA	yes	0	Rfam.seed.gz	15.1	41f014f4ab5628620935f089b1bb77987ebc162fda7c72bff368a32c9cccabac
RF00442__5U3G_B__7MLW_F__a1__forward__rep2	RF00442__5U3G_B__7MLW_F	forward	2	RF00442__5U3G_B	61	A	61	B:61	yes	no	154	105	A	F:105	105	A	F:105	same_partner	NA	NA	yes	0	Rfam.seed.gz	15.1	41f014f4ab5628620935f089b1bb77987ebc162fda7c72bff368a32c9cccabac
RF00442__5U3G_B__7MLW_F__a1__forward__rep2	RF00442__5U3G_B__7MLW_F	forward	2	RF00442__5U3G_B	62	C	62	B:62	yes	no	155	106	C	F:106	106	C	F:106	same_partner	NA	NA	yes	0	Rfam.seed.gz	15.1	41f014f4ab5628620935f089b1bb77987ebc162fda7c72bff368a32c9cccabac
RF00442__5U3G_B__7MLW_F__a1__forward__rep2	RF00442__5U3G_B__7MLW_F	forward	2	RF00442__5U3G_B	63	G	63	B:63	yes	no	156	107	G	F:107	107	G	F:107	same_partner	NA	NA	yes	0	Rfam.seed.gz	15.1	41f014f4ab5628620935f089b1bb77987ebc162fda7c72bff368a32c9cccabac
RF00442__5U3G_B__7MLW_F__a1__forward__rep2	RF00442__5U3G_B__7MLW_F	forward	2	RF00442__5U3G_B	64	G	64	B:64	yes	no	157	108	G	F:108	108	G	F:108	same_partner	NA	NA	yes	0	Rfam.seed.gz	15.1	41f014f4ab5628620935f089b1bb77987ebc162fda7c72bff368a32c9cccabac
RF00442__5U3G_B__7MLW_F__a1__forward__rep2	RF00442__5U3G_B__7MLW_F	forward	2	RF00442__5U3G_B	65	C	65	B:65	yes	no	158	109	A	F:109	109	A	F:109	same_partner	NA	NA	yes	0	Rfam.seed.gz	15.1	41f014f4ab5628620935f089b1bb77987ebc162fda7c72bff368a32c9cccabac
RF00442__5U3G_B__7MLW_F__a1__forward__rep2	RF00442__5U3G_B__7MLW_F	forward	2	RF00442__5U3G_B	66	G	66	B:66	yes	no	159	110	G	F:110	110	G	F:110	same_partner	NA	NA	yes	0	Rfam.seed.gz	15.1	41f014f4ab5628620935f089b1bb77987ebc162fda7c72bff368a32c9cccabac
RF00442__5U3G_B__7MLW_F__a1__forward__rep2	RF00442__5U3G_B__7MLW_F	forward	2	RF00442__5U3G_B	67	G	67	B:67	yes	no	160	111	G	F:111	111	G	F:111	same_partner	NA	NA	yes	0	Rfam.seed.gz	15.1	41f014f4ab5628620935f089b1bb77987ebc162fda7c72bff368a32c9cccabac
RF00442__5U3G_B__7MLW_F__a1__forward__rep2	RF00442__5U3G_B__7MLW_F	forward	2	RF00442__5U3G_B	68	G	68	B:68	yes	no	161	112	G	F:112	112	G	F:112	same_partner	NA	NA	yes	0	Rfam.seed.gz	15.1	41f014f4ab5628620935f089b1bb77987ebc162fda7c72bff368a32c9cccabac
RF00442__5U3G_B__7MLW_F__a1__forward__rep2	RF00442__5U3G_B__7MLW_F	forward	2	RF00442__5U3G_B	69	A	69	B:69	yes	no	162	113	A	F:113	113	A	F:113	same_partner	NA	NA	yes	0	Rfam.seed.gz	15.1	41f014f4ab5628620935f089b1bb77987ebc162fda7c72bff368a32c9cccabac
RF00442__5U3G_B__7MLW_F__a1__forward__rep2	RF00442__5U3G_B__7MLW_F	forward	2	RF00442__5U3G_B	70	A	70	B:70	yes	yes	163	114	U	F:114	114	U	F:114	same_partner	NA	NA	no	0	Rfam.seed.gz	15.1	41f014f4ab5628620935f089b1bb77987ebc162fda7c72bff368a32c9cccabac
RF00442__5U3G_B__7MLW_F__a1__forward__rep2	RF00442__5U3G_B__7MLW_F	forward	2	RF00442__5U3G_B	71	A	71	B:71	yes	no	164	115	A	F:115	115	A	F:115	same_partner	NA	NA	yes	0	Rfam.seed.gz	15.1	41f014f4ab5628620935f089b1bb77987ebc162fda7c72bff368a32c9cccabac
RF00442__5U3G_B__7MLW_F__a1__forward__rep2	RF00442__5U3G_B__7MLW_F	forward	2	RF00442__5U3G_B	72	A	72	B:72	yes	no	165	116	A	F:116	116	A	F:116	same_partner	NA	NA	yes	0	Rfam.seed.gz	15.1	41f014f4ab5628620935f089b1bb77987ebc162fda7c72bff368a32c9cccabac
RF00442__5U3G_B__7MLW_F__a1__forward__rep2	RF00442__5U3G_B__7MLW_F	forward	2	RF00442__5U3G_B	73	A	73	B:73	yes	no	166	117	A	F:117	117	A	F:117	same_partner	NA	NA	yes	0	Rfam.seed.gz	15.1	41f014f4ab5628620935f089b1bb77987ebc162fda7c72bff368a32c9cccabac
RF00442__5U3G_B__7MLW_F__a1__forward__rep2	RF00442__5U3G_B__7MLW_F	forward	2	RF00442__5U3G_B	74	A	74	B:74	yes	no	167	118	A	F:118	118	A	F:118	same_partner	NA	NA	yes	0	Rfam.seed.gz	15.1	41f014f4ab5628620935f089b1bb77987ebc162fda7c72bff368a32c9cccabac
RF00442__5U3G_B__7MLW_F__a1__forward__rep2	RF00442__5U3G_B__7MLW_F	forward	2	RF00442__5U3G_B	75	G	75	B:75	yes	no	168	119	G	F:119	119	G	F:119	same_partner	NA	NA	yes	0	Rfam.seed.gz	15.1	41f014f4ab5628620935f089b1bb77987ebc162fda7c72bff368a32c9cccabac
RF00442__5U3G_B__7MLW_F__a1__forward__rep2	RF00442__5U3G_B__7MLW_F	forward	2	RF00442__5U3G_B	76	C	76	B:76	yes	no	169	120	C	F:120	120	C	F:120	same_partner	NA	NA	yes	0	Rfam.seed.gz	15.1	41f014f4ab5628620935f089b1bb77987ebc162fda7c72bff368a32c9cccabac
RF00442__5U3G_B__7MLW_F__a1__forward__rep2	RF00442__5U3G_B__7MLW_F	forward	2	RF00442__5U3G_B	77	C	77	B:77	yes	no	170	121	C	F:121	121	C	F:121	same_partner	NA	NA	yes	0	Rfam.seed.gz	15.1	41f014f4ab5628620935f089b1bb77987ebc162fda7c72bff368a32c9cccabac
RF00442__5U3G_B__7MLW_F__a1__forward__rep2	RF00442__5U3G_B__7MLW_F	forward	2	RF00442__5U3G_B	78	C	78	B:78	yes	no	171	122	C	F:122	122	C	F:122	same_partner	NA	NA	yes	0	Rfam.seed.gz	15.1	41f014f4ab5628620935f089b1bb77987ebc162fda7c72bff368a32c9cccabac
RF00442__5U3G_B__7MLW_F__a1__forward__rep2	RF00442__5U3G_B__7MLW_F	forward	2	RF00442__5U3G_B	79	G	79	B:79	yes	no	172	123	G	F:123	123	G	F:123	same_partner	NA	NA	yes	0	Rfam.seed.gz	15.1	41f014f4ab5628620935f089b1bb77987ebc162fda7c72bff368a32c9cccabac
RF00442__5U3G_B__7MLW_F__a1__forward__rep2	RF00442__5U3G_B__7MLW_F	forward	2	RF00442__5U3G_B	80	G	80	B:80	yes	no	173	124	G	F:124	124	G	F:124	same_partner	NA	NA	yes	0	Rfam.seed.gz	15.1	41f014f4ab5628620935f089b1bb77987ebc162fda7c72bff368a32c9cccabac
RF00442__5U3G_B__7MLW_F__a1__forward__rep2	RF00442__5U3G_B__7MLW_F	forward	2	RF00442__5U3G_B	81	G	81	B:81	yes	no	174	125	G	F:125	125	G	F:125	same_partner	NA	NA	yes	0	Rfam.seed.gz	15.1	41f014f4ab5628620935f089b1bb77987ebc162fda7c72bff368a32c9cccabac
RF00442__5U3G_B__7MLW_F__a1__forward__rep2	RF00442__5U3G_B__7MLW_F	forward	2	RF00442__5U3G_B	82	A	82	B:82	yes	no	175	126	A	F:126	126	A	F:126	same_partner	NA	NA	yes	0	Rfam.seed.gz	15.1	41f014f4ab5628620935f089b1bb77987ebc162fda7c72bff368a32c9cccabac
RF00442__5U3G_B__7MLW_F__a1__forward__rep2	RF00442__5U3G_B__7MLW_F	forward	2	RF00442__5U3G_B	83	G	83	B:83	yes	no	176	127	G	F:127	127	G	F:127	same_partner	NA	NA	yes	0	Rfam.seed.gz	15.1	41f014f4ab5628620935f089b1bb77987ebc162fda7c72bff368a32c9cccabac
RF00442__5U3G_B__7MLW_F__a1__forward__rep2	RF00442__5U3G_B__7MLW_F	forward	2	RF00442__5U3G_B	84	G	84	B:84	yes	no	177	128	G	F:128	128	G	F:128	same_partner	NA	NA	yes	0	Rfam.seed.gz	15.1	41f014f4ab5628620935f089b1bb77987ebc162fda7c72bff368a32c9cccabac
RF00442__5U3G_B__7MLW_F__a1__forward__rep2	RF00442__5U3G_B__7MLW_F	forward	2	RF00442__5U3G_B	85	A	85	B:85	yes	no	178	NA	NA	NA	NA	NA	NA	neither	alignment_gap_in_standard_seed	algorithm_omission	no	NA	Rfam.seed.gz	15.1	41f014f4ab5628620935f089b1bb77987ebc162fda7c72bff368a32c9cccabac
RF00442__5U3G_B__7MLW_F__a1__forward__rep3	RF00442__5U3G_B__7MLW_F	forward	3	RF00442__5U3G_B	1	G	1	B:1	yes	no	8	2	G	F:2	2	G	F:2	same_partner	NA	NA	yes	0	Rfam.seed.gz	15.1	41f014f4ab5628620935f089b1bb77987ebc162fda7c72bff368a32c9cccabac
RF00442__5U3G_B__7MLW_F__a1__forward__rep3	RF00442__5U3G_B__7MLW_F	forward	3	RF00442__5U3G_B	2	G	2	B:2	yes	no	9	3	A	F:3	3	A	F:3	same_partner	NA	NA	yes	0	Rfam.seed.gz	15.1	41f014f4ab5628620935f089b1bb77987ebc162fda7c72bff368a32c9cccabac
RF00442__5U3G_B__7MLW_F__a1__forward__rep3	RF00442__5U3G_B__7MLW_F	forward	3	RF00442__5U3G_B	3	U	3	B:3	yes	no	10	4	U	F:4	4	U	F:4	same_partner	NA	NA	yes	0	Rfam.seed.gz	15.1	41f014f4ab5628620935f089b1bb77987ebc162fda7c72bff368a32c9cccabac
RF00442__5U3G_B__7MLW_F__a1__forward__rep3	RF00442__5U3G_B__7MLW_F	forward	3	RF00442__5U3G_B	4	G	4	B:4	yes	no	11	5	C	F:5	5	C	F:5	same_partner	NA	NA	yes	0	Rfam.seed.gz	15.1	41f014f4ab5628620935f089b1bb77987ebc162fda7c72bff368a32c9cccabac
RF00442__5U3G_B__7MLW_F__a1__forward__rep3	RF00442__5U3G_B__7MLW_F	forward	3	RF00442__5U3G_B	5	A	5	B:5	yes	no	12	6	G	F:6	6	G	F:6	same_partner	NA	NA	yes	0	Rfam.seed.gz	15.1	41f014f4ab5628620935f089b1bb77987ebc162fda7c72bff368a32c9cccabac
RF00442__5U3G_B__7MLW_F__a1__forward__rep3	RF00442__5U3G_B__7MLW_F	forward	3	RF00442__5U3G_B	6	C	6	B:6	yes	no	13	7	C	F:7	7	C	F:7	same_partner	NA	NA	yes	0	Rfam.seed.gz	15.1	41f014f4ab5628620935f089b1bb77987ebc162fda7c72bff368a32c9cccabac
RF00442__5U3G_B__7MLW_F__a1__forward__rep3	RF00442__5U3G_B__7MLW_F	forward	3	RF00442__5U3G_B	7	U	7	B:7	yes	no	14	8	U	F:8	8	U	F:8	same_partner	NA	NA	yes	0	Rfam.seed.gz	15.1	41f014f4ab5628620935f089b1bb77987ebc162fda7c72bff368a32c9cccabac
RF00442__5U3G_B__7MLW_F__a1__forward__rep3	RF00442__5U3G_B__7MLW_F	forward	3	RF00442__5U3G_B	8	A	8	B:8	yes	no	15	9	A	F:9	9	A	F:9	same_partner	NA	NA	yes	0	Rfam.seed.gz	15.1	41f014f4ab5628620935f089b1bb77987ebc162fda7c72bff368a32c9cccabac
RF00442__5U3G_B__7MLW_F__a1__forward__rep3	RF00442__5U3G_B__7MLW_F	forward	3	RF00442__5U3G_B	9	G	9	B:9	yes	no	16	10	G	F:10	10	G	F:10	same_partner	NA	NA	yes	0	Rfam.seed.gz	15.1	41f014f4ab5628620935f089b1bb77987ebc162fda7c72bff368a32c9cccabac
RF00442__5U3G_B__7MLW_F__a1__forward__rep3	RF00442__5U3G_B__7MLW_F	forward	3	RF00442__5U3G_B	10	G	10	B:10	yes	no	17	11	G	F:11	11	G	F:11	same_partner	NA	NA	yes	0	Rfam.seed.gz	15.1	41f014f4ab5628620935f089b1bb77987ebc162fda7c72bff368a32c9cccabac
RF00442__5U3G_B__7MLW_F__a1__forward__rep3	RF00442__5U3G_B__7MLW_F	forward	3	RF00442__5U3G_B	11	G	11	B:11	yes	no	18	12	G	F:12	12	G	F:12	same_partner	NA	NA	yes	0	Rfam.seed.gz	15.1	41f014f4ab5628620935f089b1bb77987ebc162fda7c72bff368a32c9cccabac
RF00442__5U3G_B__7MLW_F__a1__forward__rep3	RF00442__5U3G_B__7MLW_F	forward	3	RF00442__5U3G_B	12	U	12	B:12	yes	no	19	13	U	F:13	13	U	F:13	same_partner	NA	NA	yes	0	Rfam.seed.gz	15.1	41f014f4ab5628620935f089b1bb77987ebc162fda7c72bff368a32c9cccabac
RF00442__5U3G_B__7MLW_F__a1__forward__rep3	RF00442__5U3G_B__7MLW_F	forward	3	RF00442__5U3G_B	13	U	13	B:13	yes	no	20	14	U	F:14	14	U	F:14	same_partner	NA	NA	yes	0	Rfam.seed.gz	15.1	41f014f4ab5628620935f089b1bb77987ebc162fda7c72bff368a32c9cccabac
RF00442__5U3G_B__7MLW_F__a1__forward__rep3	RF00442__5U3G_B__7MLW_F	forward	3	RF00442__5U3G_B	14	C	14	B:14	yes	no	21	15	C	F:15	15	C	F:15	same_partner	NA	NA	yes	0	Rfam.seed.gz	15.1	41f014f4ab5628620935f089b1bb77987ebc162fda7c72bff368a32c9cccabac
RF00442__5U3G_B__7MLW_F__a1__forward__rep3	RF00442__5U3G_B__7MLW_F	forward	3	RF00442__5U3G_B	15	C	15	B:15	yes	no	22	16	C	F:16	16	C	F:16	same_partner	NA	NA	yes	0	Rfam.seed.gz	15.1	41f014f4ab5628620935f089b1bb77987ebc162fda7c72bff368a32c9cccabac
RF00442__5U3G_B__7MLW_F__a1__forward__rep3	RF00442__5U3G_B__7MLW_F	forward	3	RF00442__5U3G_B	16	G	16	B:16	yes	no	23	17	G	F:17	17	G	F:17	same_partner	NA	NA	yes	0	Rfam.seed.gz	15.1	41f014f4ab5628620935f089b1bb77987ebc162fda7c72bff368a32c9cccabac
RF00442__5U3G_B__7MLW_F__a1__forward__rep3	RF00442__5U3G_B__7MLW_F	forward	3	RF00442__5U3G_B	17	G	17	B:17	yes	no	24	18	G	F:18	NA	NA	NA	rfam_only	NA	algorithm_omission	yes	NA	Rfam.seed.gz	15.1	41f014f4ab5628620935f089b1bb77987ebc162fda7c72bff368a32c9cccabac
RF00442__5U3G_B__7MLW_F__a1__forward__rep3	RF00442__5U3G_B__7MLW_F	forward	3	RF00442__5U3G_B	18	C	18	B:18	yes	no	25	19	U	F:19	18	G	F:18	different_partner	NA	NA	yes	-1	Rfam.seed.gz	15.1	41f014f4ab5628620935f089b1bb77987ebc162fda7c72bff368a32c9cccabac
RF00442__5U3G_B__7MLW_F__a1__forward__rep3	RF00442__5U3G_B__7MLW_F	forward	3	RF00442__5U3G_B	19	G	19	B:19	yes	yes	32	24	C	F:24	19	U	F:19	different_partner	NA	NA	no	-5	Rfam.seed.gz	15.1	41f014f4ab5628620935f089b1bb77987ebc162fda7c72bff368a32c9cccabac
RF00442__5U3G_B__7MLW_F__a1__forward__rep3	RF00442__5U3G_B__7MLW_F	forward	3	RF00442__5U3G_B	20	A	20	B:20	yes	yes	33	25	G	F:25	20	C	F:20	different_partner	NA	NA	no	-5	Rfam.seed.gz	15.1	41f014f4ab5628620935f089b1bb77987ebc162fda7c72bff368a32c9cccabac
RF00442__5U3G_B__7MLW_F__a1__forward__rep3	RF00442__5U3G_B__7MLW_F	forward	3	RF00442__5U3G_B	21	A	21	B:21	yes	yes	34	26	G	F:26	NA	NA	NA	rfam_only	NA	algorithm_omission	no	NA	Rfam.seed.gz	15.1	41f014f4ab5628620935f089b1bb77987ebc162fda7c72bff368a32c9cccabac
RF00442__5U3G_B__7MLW_F__a1__forward__rep3	RF00442__5U3G_B__7MLW_F	forward	3	RF00442__5U3G_B	22	A	22	B:22	yes	yes	35	27	C	F:27	NA	NA	NA	rfam_only	NA	algorithm_omission	no	NA	Rfam.seed.gz	15.1	41f014f4ab5628620935f089b1bb77987ebc162fda7c72bff368a32c9cccabac
RF00442__5U3G_B__7MLW_F__a1__forward__rep3	RF00442__5U3G_B__7MLW_F	forward	3	RF00442__5U3G_B	23	G	23	B:23	yes	no	63	42	A	F:42	44	G	F:44	different_partner	NA	NA	yes	2	Rfam.seed.gz	15.1	41f014f4ab5628620935f089b1bb77987ebc162fda7c72bff368a32c9cccabac
RF00442__5U3G_B__7MLW_F__a1__forward__rep3	RF00442__5U3G_B__7MLW_F	forward	3	RF00442__5U3G_B	24	C	24	B:24	yes	no	67	45	C	F:45	45	C	F:45	same_partner	NA	NA	yes	0	Rfam.seed.gz	15.1	41f014f4ab5628620935f089b1bb77987ebc162fda7c72bff368a32c9cccabac
RF00442__5U3G_B__7MLW_F__a1__forward__rep3	RF00442__5U3G_B__7MLW_F	forward	3	RF00442__5U3G_B	25	C	25	B:25	yes	yes	68	46	U	F:46	46	U	F:46	same_partner	NA	NA	no	0	Rfam.seed.gz	15.1	41f014f4ab5628620935f089b1bb77987ebc162fda7c72bff368a32c9cccabac
RF00442__5U3G_B__7MLW_F__a1__forward__rep3	RF00442__5U3G_B__7MLW_F	forward	3	RF00442__5U3G_B	26	G	26	B:26	yes	no	69	47	G	F:47	47	G	F:47	same_partner	NA	NA	yes	0	Rfam.seed.gz	15.1	41f014f4ab5628620935f089b1bb77987ebc162fda7c72bff368a32c9cccabac
RF00442__5U3G_B__7MLW_F__a1__forward__rep3	RF00442__5U3G_B__7MLW_F	forward	3	RF00442__5U3G_B	27	G	27	B:27	yes	no	71	48	G	F:48	48	G	F:48	same_partner	NA	NA	yes	0	Rfam.seed.gz	15.1	41f014f4ab5628620935f089b1bb77987ebc162fda7c72bff368a32c9cccabac
RF00442__5U3G_B__7MLW_F__a1__forward__rep3	RF00442__5U3G_B__7MLW_F	forward	3	RF00442__5U3G_B	28	U	28	B:28	yes	no	72	49	U	F:49	49	U	F:49	same_partner	NA	NA	yes	0	Rfam.seed.gz	15.1	41f014f4ab5628620935f089b1bb77987ebc162fda7c72bff368a32c9cccabac
RF00442__5U3G_B__7MLW_F__a1__forward__rep3	RF00442__5U3G_B__7MLW_F	forward	3	RF00442__5U3G_B	29	C	29	B:29	yes	no	73	50	C	F:50	50	C	F:50	same_partner	NA	NA	yes	0	Rfam.seed.gz	15.1	41f014f4ab5628620935f089b1bb77987ebc162fda7c72bff368a32c9cccabac
RF00442__5U3G_B__7MLW_F__a1__forward__rep3	RF00442__5U3G_B__7MLW_F	forward	3	RF00442__5U3G_B	30	C	30	B:30	yes	no	74	51	C	F:51	51	C	F:51	same_partner	NA	NA	yes	0	Rfam.seed.gz	15.1	41f014f4ab5628620935f089b1bb77987ebc162fda7c72bff368a32c9cccabac
RF00442__5U3G_B__7MLW_F__a1__forward__rep3	RF00442__5U3G_B__7MLW_F	forward	3	RF00442__5U3G_B	31	G	31	B:31	yes	no	75	52	G	F:52	52	G	F:52	same_partner	NA	NA	yes	0	Rfam.seed.gz	15.1	41f014f4ab5628620935f089b1bb77987ebc162fda7c72bff368a32c9cccabac
RF00442__5U3G_B__7MLW_F__a1__forward__rep3	RF00442__5U3G_B__7MLW_F	forward	3	RF00442__5U3G_B	32	A	32	B:32	yes	no	76	53	A	F:53	53	A	F:53	same_partner	NA	NA	yes	0	Rfam.seed.gz	15.1	41f014f4ab5628620935f089b1bb77987ebc162fda7c72bff368a32c9cccabac
RF00442__5U3G_B__7MLW_F__a1__forward__rep3	RF00442__5U3G_B__7MLW_F	forward	3	RF00442__5U3G_B	33	G	33	B:33	yes	no	77	54	G	F:54	54	G	F:54	same_partner	NA	NA	yes	0	Rfam.seed.gz	15.1	41f014f4ab5628620935f089b1bb77987ebc162fda7c72bff368a32c9cccabac
RF00442__5U3G_B__7MLW_F__a1__forward__rep3	RF00442__5U3G_B__7MLW_F	forward	3	RF00442__5U3G_B	34	A	34	B:34	yes	no	78	55	A	F:55	55	A	F:55	same_partner	NA	NA	yes	0	Rfam.seed.gz	15.1	41f014f4ab5628620935f089b1bb77987ebc162fda7c72bff368a32c9cccabac
RF00442__5U3G_B__7MLW_F__a1__forward__rep3	RF00442__5U3G_B__7MLW_F	forward	3	RF00442__5U3G_B	35	G	35	B:35	yes	no	79	56	G	F:56	56	G	F:56	same_partner	NA	NA	yes	0	Rfam.seed.gz	15.1	41f014f4ab5628620935f089b1bb77987ebc162fda7c72bff368a32c9cccabac
RF00442__5U3G_B__7MLW_F__a1__forward__rep3	RF00442__5U3G_B__7MLW_F	forward	3	RF00442__5U3G_B	36	U	36	B:36	yes	no	80	57	C	F:57	57	C	F:57	same_partner	NA	NA	yes	0	Rfam.seed.gz	15.1	41f014f4ab5628620935f089b1bb77987ebc162fda7c72bff368a32c9cccabac
RF00442__5U3G_B__7MLW_F__a1__forward__rep3	RF00442__5U3G_B__7MLW_F	forward	3	RF00442__5U3G_B	37	U	37	B:37	yes	yes	81	58	A	F:58	58	A	F:58	same_partner	NA	NA	no	0	Rfam.seed.gz	15.1	41f014f4ab5628620935f089b1bb77987ebc162fda7c72bff368a32c9cccabac
RF00442__5U3G_B__7MLW_F__a1__forward__rep3	RF00442__5U3G_B__7MLW_F	forward	3	RF00442__5U3G_B	38	A	38	B:38	yes	no	83	59	A	F:59	59	A	F:59	same_partner	NA	NA	yes	0	Rfam.seed.gz	15.1	41f014f4ab5628620935f089b1bb77987ebc162fda7c72bff368a32c9cccabac
RF00442__5U3G_B__7MLW_F__a1__forward__rep3	RF00442__5U3G_B__7MLW_F	forward	3	RF00442__5U3G_B	39	C	39	B:39	yes	no	84	60	U	F:60	60	U	F:60	same_partner	NA	NA	yes	0	Rfam.seed.gz	15.1	41f014f4ab5628620935f089b1bb77987ebc162fda7c72bff368a32c9cccabac
RF00442__5U3G_B__7MLW_F__a1__forward__rep3	RF00442__5U3G_B__7MLW_F	forward	3	RF00442__5U3G_B	40	C	40	B:40	yes	no	85	61	C	F:61	61	C	F:61	same_partner	NA	NA	yes	0	Rfam.seed.gz	15.1	41f014f4ab5628620935f089b1bb77987ebc162fda7c72bff368a32c9cccabac
RF00442__5U3G_B__7MLW_F__a1__forward__rep3	RF00442__5U3G_B__7MLW_F	forward	3	RF00442__5U3G_B	41	G	41	B:41	yes	no	87	63	G	F:63	62	C	F:62	different_partner	NA	NA	yes	-1	Rfam.seed.gz	15.1	41f014f4ab5628620935f089b1bb77987ebc162fda7c72bff368a32c9cccabac
RF00442__5U3G_B__7MLW_F__a1__forward__rep3	RF00442__5U3G_B__7MLW_F	forward	3	RF00442__5U3G_B	42	A	42	B:42	yes	no	88	64	G	F:64	63	G	F:63	different_partner	NA	NA	yes	-1	Rfam.seed.gz	15.1	41f014f4ab5628620935f089b1bb77987ebc162fda7c72bff368a32c9cccabac
RF00442__5U3G_B__7MLW_F__a1__forward__rep3	RF00442__5U3G_B__7MLW_F	forward	3	RF00442__5U3G_B	43	C	43	B:43	yes	no	89	65	U	F:65	64	G	F:64	different_partner	NA	NA	yes	-1	Rfam.seed.gz	15.1	41f014f4ab5628620935f089b1bb77987ebc162fda7c72bff368a32c9cccabac
RF00442__5U3G_B__7MLW_F__a1__forward__rep3	RF00442__5U3G_B__7MLW_F	forward	3	RF00442__5U3G_B	44	C	44	B:44	yes	no	90	66	C	F:66	65	U	F:65	different_partner	NA	NA	yes	-1	Rfam.seed.gz	15.1	41f014f4ab5628620935f089b1bb77987ebc162fda7c72bff368a32c9cccabac
RF00442__5U3G_B__7MLW_F__a1__forward__rep3	RF00442__5U3G_B__7MLW_F	forward	3	RF00442__5U3G_B	45	G	45	B:45	yes	no	91	67	U	F:67	66	C	F:66	different_partner	NA	NA	yes	-1	Rfam.seed.gz	15.1	41f014f4ab5628620935f089b1bb77987ebc162fda7c72bff368a32c9cccabac
RF00442__5U3G_B__7MLW_F__a1__forward__rep3	RF00442__5U3G_B__7MLW_F	forward	3	RF00442__5U3G_B	46	C	46	B:46	yes	no	92	68	U	F:68	67	U	F:67	different_partner	NA	NA	yes	-1	Rfam.seed.gz	15.1	41f014f4ab5628620935f089b1bb77987ebc162fda7c72bff368a32c9cccabac
RF00442__5U3G_B__7MLW_F__a1__forward__rep3	RF00442__5U3G_B__7MLW_F	forward	3	RF00442__5U3G_B	47	C	47	B:47	yes	no	93	69	G	F:69	68	U	F:68	different_partner	NA	NA	yes	-1	Rfam.seed.gz	15.1	41f014f4ab5628620935f089b1bb77987ebc162fda7c72bff368a32c9cccabac
RF00442__5U3G_B__7MLW_F__a1__forward__rep3	RF00442__5U3G_B__7MLW_F	forward	3	RF00442__5U3G_B	48	G	48	B:48	yes	yes	118	90	A	F:90	69	G	F:69	different_partner	NA	NA	no	-21	Rfam.seed.gz	15.1	41f014f4ab5628620935f089b1bb77987ebc162fda7c72bff368a32c9cccabac
RF00442__5U3G_B__7MLW_F__a1__forward__rep3	RF00442__5U3G_B__7MLW_F	forward	3	RF00442__5U3G_B	49	A	49	B:49	yes	yes	119	91	A	F:91	NA	NA	NA	rfam_only	NA	algorithm_omission	no	NA	Rfam.seed.gz	15.1	41f014f4ab5628620935f089b1bb77987ebc162fda7c72bff368a32c9cccabac
RF00442__5U3G_B__7MLW_F__a1__forward__rep3	RF00442__5U3G_B__7MLW_F	forward	3	RF00442__5U3G_B	50	A	50	B:50	yes	yes	120	92	A	F:92	NA	NA	NA	rfam_only	NA	algorithm_omission	no	NA	Rfam.seed.gz	15.1	41f014f4ab5628620935f089b1bb77987ebc162fda7c72bff368a32c9cccabac
RF00442__5U3G_B__7MLW_F__a1__forward__rep3	RF00442__5U3G_B__7MLW_F	forward	3	RF00442__5U3G_B	51	A	51	B:51	yes	yes	121	93	C	F:93	96	C	F:96	different_partner	NA	NA	no	3	Rfam.seed.gz	15.1	41f014f4ab5628620935f089b1bb77987ebc162fda7c72bff368a32c9cccabac
RF00442__5U3G_B__7MLW_F__a1__forward__rep3	RF00442__5U3G_B__7MLW_F	forward	3	RF00442__5U3G_B	52	G	52	B:52	yes	no	141	96	C	F:96	97	G	F:97	different_partner	NA	NA	yes	1	Rfam.seed.gz	15.1	41f014f4ab5628620935f089b1bb77987ebc162fda7c72bff368a32c9cccabac
RF00442__5U3G_B__7MLW_F__a1__forward__rep3	RF00442__5U3G_B__7MLW_F	forward	3	RF00442__5U3G_B	53	G	53	B:53	yes	no	144	97	G	F:97	98	A	F:98	different_partner	NA	NA	yes	1	Rfam.seed.gz	15.1	41f014f4ab5628620935f089b1bb77987ebc162fda7c72bff368a32c9cccabac
RF00442__5U3G_B__7MLW_F__a1__forward__rep3	RF00442__5U3G_B__7MLW_F	forward	3	RF00442__5U3G_B	54	C	54	B:54	yes	no	146	98	A	F:98	99	G	F:99	different_partner	NA	NA	yes	1	Rfam.seed.gz	15.1	41f014f4ab5628620935f089b1bb77987ebc162fda7c72bff368a32c9cccabac
RF00442__5U3G_B__7MLW_F__a1__forward__rep3	RF00442__5U3G_B__7MLW_F	forward	3	RF00442__5U3G_B	55	G	55	B:55	yes	no	147	99	G	F:99	NA	NA	NA	rfam_only	NA	algorithm_omission	yes	NA	Rfam.seed.gz	15.1	41f014f4ab5628620935f089b1bb77987ebc162fda7c72bff368a32c9cccabac
RF00442__5U3G_B__7MLW_F__a1__forward__rep3	RF00442__5U3G_B__7MLW_F	forward	3	RF00442__5U3G_B	56	G	56	B:56	yes	no	148	100	G	F:100	100	G	F:100	same_partner	NA	NA	yes	0	Rfam.seed.gz	15.1	41f014f4ab5628620935f089b1bb77987ebc162fda7c72bff368a32c9cccabac
RF00442__5U3G_B__7MLW_F__a1__forward__rep3	RF00442__5U3G_B__7MLW_F	forward	3	RF00442__5U3G_B	57	U	57	B:57	yes	no	149	101	C	F:101	101	C	F:101	same_partner	NA	NA	yes	0	Rfam.seed.gz	15.1	41f014f4ab5628620935f089b1bb77987ebc162fda7c72bff368a32c9cccabac
RF00442__5U3G_B__7MLW_F__a1__forward__rep3	RF00442__5U3G_B__7MLW_F	forward	3	RF00442__5U3G_B	58	U	58	B:58	yes	no	151	102	U	F:102	102	U	F:102	same_partner	NA	NA	yes	0	Rfam.seed.gz	15.1	41f014f4ab5628620935f089b1bb77987ebc162fda7c72bff368a32c9cccabac
RF00442__5U3G_B__7MLW_F__a1__forward__rep3	RF00442__5U3G_B__7MLW_F	forward	3	RF00442__5U3G_B	59	A	59	B:59	yes	no	152	103	C	F:103	103	C	F:103	same_partner	NA	NA	yes	0	Rfam.seed.gz	15.1	41f014f4ab5628620935f089b1bb77987ebc162fda7c72bff368a32c9cccabac
RF00442__5U3G_B__7MLW_F__a1__forward__rep3	RF00442__5U3G_B__7MLW_F	forward	3	RF00442__5U3G_B	60	C	60	B:60	yes	no	153	104	C	F:104	104	C	F:104	same_partner	NA	NA	yes	0	Rfam.seed.gz	15.1	41f014f4ab5628620935f089b1bb77987ebc162fda7c72bff368a32c9cccabac
RF00442__5U3G_B__7MLW_F__a1__forward__rep3	RF00442__5U3G_B__7MLW_F	forward	3	RF00442__5U3G_B	61	A	61	B:61	yes	no	154	105	A	F:105	105	A	F:105	same_partner	NA	NA	yes	0	Rfam.seed.gz	15.1	41f014f4ab5628620935f089b1bb77987ebc162fda7c72bff368a32c9cccabac
RF00442__5U3G_B__7MLW_F__a1__forward__rep3	RF00442__5U3G_B__7MLW_F	forward	3	RF00442__5U3G_B	62	C	62	B:62	yes	no	155	106	C	F:106	106	C	F:106	same_partner	NA	NA	yes	0	Rfam.seed.gz	15.1	41f014f4ab5628620935f089b1bb77987ebc162fda7c72bff368a32c9cccabac
RF00442__5U3G_B__7MLW_F__a1__forward__rep3	RF00442__5U3G_B__7MLW_F	forward	3	RF00442__5U3G_B	63	G	63	B:63	yes	no	156	107	G	F:107	107	G	F:107	same_partner	NA	NA	yes	0	Rfam.seed.gz	15.1	41f014f4ab5628620935f089b1bb77987ebc162fda7c72bff368a32c9cccabac
RF00442__5U3G_B__7MLW_F__a1__forward__rep3	RF00442__5U3G_B__7MLW_F	forward	3	RF00442__5U3G_B	64	G	64	B:64	yes	no	157	108	G	F:108	108	G	F:108	same_partner	NA	NA	yes	0	Rfam.seed.gz	15.1	41f014f4ab5628620935f089b1bb77987ebc162fda7c72bff368a32c9cccabac
RF00442__5U3G_B__7MLW_F__a1__forward__rep3	RF00442__5U3G_B__7MLW_F	forward	3	RF00442__5U3G_B	65	C	65	B:65	yes	no	158	109	A	F:109	109	A	F:109	same_partner	NA	NA	yes	0	Rfam.seed.gz	15.1	41f014f4ab5628620935f089b1bb77987ebc162fda7c72bff368a32c9cccabac
RF00442__5U3G_B__7MLW_F__a1__forward__rep3	RF00442__5U3G_B__7MLW_F	forward	3	RF00442__5U3G_B	66	G	66	B:66	yes	no	159	110	G	F:110	110	G	F:110	same_partner	NA	NA	yes	0	Rfam.seed.gz	15.1	41f014f4ab5628620935f089b1bb77987ebc162fda7c72bff368a32c9cccabac
RF00442__5U3G_B__7MLW_F__a1__forward__rep3	RF00442__5U3G_B__7MLW_F	forward	3	RF00442__5U3G_B	67	G	67	B:67	yes	no	160	111	G	F:111	111	G	F:111	same_partner	NA	NA	yes	0	Rfam.seed.gz	15.1	41f014f4ab5628620935f089b1bb77987ebc162fda7c72bff368a32c9cccabac
RF00442__5U3G_B__7MLW_F__a1__forward__rep3	RF00442__5U3G_B__7MLW_F	forward	3	RF00442__5U3G_B	68	G	68	B:68	yes	no	161	112	G	F:112	112	G	F:112	same_partner	NA	NA	yes	0	Rfam.seed.gz	15.1	41f014f4ab5628620935f089b1bb77987ebc162fda7c72bff368a32c9cccabac
RF00442__5U3G_B__7MLW_F__a1__forward__rep3	RF00442__5U3G_B__7MLW_F	forward	3	RF00442__5U3G_B	69	A	69	B:69	yes	no	162	113	A	F:113	113	A	F:113	same_partner	NA	NA	yes	0	Rfam.seed.gz	15.1	41f014f4ab5628620935f089b1bb77987ebc162fda7c72bff368a32c9cccabac
RF00442__5U3G_B__7MLW_F__a1__forward__rep3	RF00442__5U3G_B__7MLW_F	forward	3	RF00442__5U3G_B	70	A	70	B:70	yes	yes	163	114	U	F:114	114	U	F:114	same_partner	NA	NA	no	0	Rfam.seed.gz	15.1	41f014f4ab5628620935f089b1bb77987ebc162fda7c72bff368a32c9cccabac
RF00442__5U3G_B__7MLW_F__a1__forward__rep3	RF00442__5U3G_B__7MLW_F	forward	3	RF00442__5U3G_B	71	A	71	B:71	yes	no	164	115	A	F:115	115	A	F:115	same_partner	NA	NA	yes	0	Rfam.seed.gz	15.1	41f014f4ab5628620935f089b1bb77987ebc162fda7c72bff368a32c9cccabac
RF00442__5U3G_B__7MLW_F__a1__forward__rep3	RF00442__5U3G_B__7MLW_F	forward	3	RF00442__5U3G_B	72	A	72	B:72	yes	no	165	116	A	F:116	116	A	F:116	same_partner	NA	NA	yes	0	Rfam.seed.gz	15.1	41f014f4ab5628620935f089b1bb77987ebc162fda7c72bff368a32c9cccabac
RF00442__5U3G_B__7MLW_F__a1__forward__rep3	RF00442__5U3G_B__7MLW_F	forward	3	RF00442__5U3G_B	73	A	73	B:73	yes	no	166	117	A	F:117	117	A	F:117	same_partner	NA	NA	yes	0	Rfam.seed.gz	15.1	41f014f4ab5628620935f089b1bb77987ebc162fda7c72bff368a32c9cccabac
RF00442__5U3G_B__7MLW_F__a1__forward__rep3	RF00442__5U3G_B__7MLW_F	forward	3	RF00442__5U3G_B	74	A	74	B:74	yes	no	167	118	A	F:118	118	A	F:118	same_partner	NA	NA	yes	0	Rfam.seed.gz	15.1	41f014f4ab5628620935f089b1bb77987ebc162fda7c72bff368a32c9cccabac
RF00442__5U3G_B__7MLW_F__a1__forward__rep3	RF00442__5U3G_B__7MLW_F	forward	3	RF00442__5U3G_B	75	G	75	B:75	yes	no	168	119	G	F:119	119	G	F:119	same_partner	NA	NA	yes	0	Rfam.seed.gz	15.1	41f014f4ab5628620935f089b1bb77987ebc162fda7c72bff368a32c9cccabac
RF00442__5U3G_B__7MLW_F__a1__forward__rep3	RF00442__5U3G_B__7MLW_F	forward	3	RF00442__5U3G_B	76	C	76	B:76	yes	no	169	120	C	F:120	120	C	F:120	same_partner	NA	NA	yes	0	Rfam.seed.gz	15.1	41f014f4ab5628620935f089b1bb77987ebc162fda7c72bff368a32c9cccabac
RF00442__5U3G_B__7MLW_F__a1__forward__rep3	RF00442__5U3G_B__7MLW_F	forward	3	RF00442__5U3G_B	77	C	77	B:77	yes	no	170	121	C	F:121	121	C	F:121	same_partner	NA	NA	yes	0	Rfam.seed.gz	15.1	41f014f4ab5628620935f089b1bb77987ebc162fda7c72bff368a32c9cccabac
RF00442__5U3G_B__7MLW_F__a1__forward__rep3	RF00442__5U3G_B__7MLW_F	forward	3	RF00442__5U3G_B	78	C	78	B:78	yes	no	171	122	C	F:122	122	C	F:122	same_partner	NA	NA	yes	0	Rfam.seed.gz	15.1	41f014f4ab5628620935f089b1bb77987ebc162fda7c72bff368a32c9cccabac
RF00442__5U3G_B__7MLW_F__a1__forward__rep3	RF00442__5U3G_B__7MLW_F	forward	3	RF00442__5U3G_B	79	G	79	B:79	yes	no	172	123	G	F:123	123	G	F:123	same_partner	NA	NA	yes	0	Rfam.seed.gz	15.1	41f014f4ab5628620935f089b1bb77987ebc162fda7c72bff368a32c9cccabac
RF00442__5U3G_B__7MLW_F__a1__forward__rep3	RF00442__5U3G_B__7MLW_F	forward	3	RF00442__5U3G_B	80	G	80	B:80	yes	no	173	124	G	F:124	124	G	F:124	same_partner	NA	NA	yes	0	Rfam.seed.gz	15.1	41f014f4ab5628620935f089b1bb77987ebc162fda7c72bff368a32c9cccabac
RF00442__5U3G_B__7MLW_F__a1__forward__rep3	RF00442__5U3G_B__7MLW_F	forward	3	RF00442__5U3G_B	81	G	81	B:81	yes	no	174	125	G	F:125	125	G	F:125	same_partner	NA	NA	yes	0	Rfam.seed.gz	15.1	41f014f4ab5628620935f089b1bb77987ebc162fda7c72bff368a32c9cccabac
RF00442__5U3G_B__7MLW_F__a1__forward__rep3	RF00442__5U3G_B__7MLW_F	forward	3	RF00442__5U3G_B	82	A	82	B:82	yes	no	175	126	A	F:126	126	A	F:126	same_partner	NA	NA	yes	0	Rfam.seed.gz	15.1	41f014f4ab5628620935f089b1bb77987ebc162fda7c72bff368a32c9cccabac
RF00442__5U3G_B__7MLW_F__a1__forward__rep3	RF00442__5U3G_B__7MLW_F	forward	3	RF00442__5U3G_B	83	G	83	B:83	yes	no	176	127	G	F:127	127	G	F:127	same_partner	NA	NA	yes	0	Rfam.seed.gz	15.1	41f014f4ab5628620935f089b1bb77987ebc162fda7c72bff368a32c9cccabac
RF00442__5U3G_B__7MLW_F__a1__forward__rep3	RF00442__5U3G_B__7MLW_F	forward	3	RF00442__5U3G_B	84	G	84	B:84	yes	no	177	128	G	F:128	128	G	F:128	same_partner	NA	NA	yes	0	Rfam.seed.gz	15.1	41f014f4ab5628620935f089b1bb77987ebc162fda7c72bff368a32c9cccabac
RF00442__5U3G_B__7MLW_F__a1__forward__rep3	RF00442__5U3G_B__7MLW_F	forward	3	RF00442__5U3G_B	85	A	85	B:85	yes	no	178	NA	NA	NA	NA	NA	NA	neither	alignment_gap_in_standard_seed	algorithm_omission	no	NA	Rfam.seed.gz	15.1	41f014f4ab5628620935f089b1bb77987ebc162fda7c72bff368a32c9cccabac
RF00442__5U3G_B__7MLW_F__a1__reverse__rep1	RF00442__5U3G_B__7MLW_F	reverse	1	RF00442__5U3G_B	1	G	1	B:1	yes	no	8	2	G	F:2	NA	NA	NA	technical_failure_or_no_alignment	NA	technical_failure	yes	NA	Rfam.seed.gz	15.1	41f014f4ab5628620935f089b1bb77987ebc162fda7c72bff368a32c9cccabac
RF00442__5U3G_B__7MLW_F__a1__reverse__rep1	RF00442__5U3G_B__7MLW_F	reverse	1	RF00442__5U3G_B	2	G	2	B:2	yes	no	9	3	A	F:3	NA	NA	NA	technical_failure_or_no_alignment	NA	technical_failure	yes	NA	Rfam.seed.gz	15.1	41f014f4ab5628620935f089b1bb77987ebc162fda7c72bff368a32c9cccabac
RF00442__5U3G_B__7MLW_F__a1__reverse__rep1	RF00442__5U3G_B__7MLW_F	reverse	1	RF00442__5U3G_B	3	U	3	B:3	yes	no	10	4	U	F:4	NA	NA	NA	technical_failure_or_no_alignment	NA	technical_failure	yes	NA	Rfam.seed.gz	15.1	41f014f4ab5628620935f089b1bb77987ebc162fda7c72bff368a32c9cccabac
RF00442__5U3G_B__7MLW_F__a1__reverse__rep1	RF00442__5U3G_B__7MLW_F	reverse	1	RF00442__5U3G_B	4	G	4	B:4	yes	no	11	5	C	F:5	NA	NA	NA	technical_failure_or_no_alignment	NA	technical_failure	yes	NA	Rfam.seed.gz	15.1	41f014f4ab5628620935f089b1bb77987ebc162fda7c72bff368a32c9cccabac
RF00442__5U3G_B__7MLW_F__a1__reverse__rep1	RF00442__5U3G_B__7MLW_F	reverse	1	RF00442__5U3G_B	5	A	5	B:5	yes	no	12	6	G	F:6	NA	NA	NA	technical_failure_or_no_alignment	NA	technical_failure	yes	NA	Rfam.seed.gz	15.1	41f014f4ab5628620935f089b1bb77987ebc162fda7c72bff368a32c9cccabac
RF00442__5U3G_B__7MLW_F__a1__reverse__rep1	RF00442__5U3G_B__7MLW_F	reverse	1	RF00442__5U3G_B	6	C	6	B:6	yes	no	13	7	C	F:7	NA	NA	NA	technical_failure_or_no_alignment	NA	technical_failure	yes	NA	Rfam.seed.gz	15.1	41f014f4ab5628620935f089b1bb77987ebc162fda7c72bff368a32c9cccabac
RF00442__5U3G_B__7MLW_F__a1__reverse__rep1	RF00442__5U3G_B__7MLW_F	reverse	1	RF00442__5U3G_B	7	U	7	B:7	yes	no	14	8	U	F:8	NA	NA	NA	technical_failure_or_no_alignment	NA	technical_failure	yes	NA	Rfam.seed.gz	15.1	41f014f4ab5628620935f089b1bb77987ebc162fda7c72bff368a32c9cccabac
RF00442__5U3G_B__7MLW_F__a1__reverse__rep1	RF00442__5U3G_B__7MLW_F	reverse	1	RF00442__5U3G_B	8	A	8	B:8	yes	no	15	9	A	F:9	NA	NA	NA	technical_failure_or_no_alignment	NA	technical_failure	yes	NA	Rfam.seed.gz	15.1	41f014f4ab5628620935f089b1bb77987ebc162fda7c72bff368a32c9cccabac
RF00442__5U3G_B__7MLW_F__a1__reverse__rep1	RF00442__5U3G_B__7MLW_F	reverse	1	RF00442__5U3G_B	9	G	9	B:9	yes	no	16	10	G	F:10	NA	NA	NA	technical_failure_or_no_alignment	NA	technical_failure	yes	NA	Rfam.seed.gz	15.1	41f014f4ab5628620935f089b1bb77987ebc162fda7c72bff368a32c9cccabac
RF00442__5U3G_B__7MLW_F__a1__reverse__rep1	RF00442__5U3G_B__7MLW_F	reverse	1	RF00442__5U3G_B	10	G	10	B:10	yes	no	17	11	G	F:11	NA	NA	NA	technical_failure_or_no_alignment	NA	technical_failure	yes	NA	Rfam.seed.gz	15.1	41f014f4ab5628620935f089b1bb77987ebc162fda7c72bff368a32c9cccabac
RF00442__5U3G_B__7MLW_F__a1__reverse__rep1	RF00442__5U3G_B__7MLW_F	reverse	1	RF00442__5U3G_B	11	G	11	B:11	yes	no	18	12	G	F:12	NA	NA	NA	technical_failure_or_no_alignment	NA	technical_failure	yes	NA	Rfam.seed.gz	15.1	41f014f4ab5628620935f089b1bb77987ebc162fda7c72bff368a32c9cccabac
RF00442__5U3G_B__7MLW_F__a1__reverse__rep1	RF00442__5U3G_B__7MLW_F	reverse	1	RF00442__5U3G_B	12	U	12	B:12	yes	no	19	13	U	F:13	NA	NA	NA	technical_failure_or_no_alignment	NA	technical_failure	yes	NA	Rfam.seed.gz	15.1	41f014f4ab5628620935f089b1bb77987ebc162fda7c72bff368a32c9cccabac
RF00442__5U3G_B__7MLW_F__a1__reverse__rep1	RF00442__5U3G_B__7MLW_F	reverse	1	RF00442__5U3G_B	13	U	13	B:13	yes	no	20	14	U	F:14	NA	NA	NA	technical_failure_or_no_alignment	NA	technical_failure	yes	NA	Rfam.seed.gz	15.1	41f014f4ab5628620935f089b1bb77987ebc162fda7c72bff368a32c9cccabac
RF00442__5U3G_B__7MLW_F__a1__reverse__rep1	RF00442__5U3G_B__7MLW_F	reverse	1	RF00442__5U3G_B	14	C	14	B:14	yes	no	21	15	C	F:15	NA	NA	NA	technical_failure_or_no_alignment	NA	technical_failure	yes	NA	Rfam.seed.gz	15.1	41f014f4ab5628620935f089b1bb77987ebc162fda7c72bff368a32c9cccabac
RF00442__5U3G_B__7MLW_F__a1__reverse__rep1	RF00442__5U3G_B__7MLW_F	reverse	1	RF00442__5U3G_B	15	C	15	B:15	yes	no	22	16	C	F:16	NA	NA	NA	technical_failure_or_no_alignment	NA	technical_failure	yes	NA	Rfam.seed.gz	15.1	41f014f4ab5628620935f089b1bb77987ebc162fda7c72bff368a32c9cccabac
RF00442__5U3G_B__7MLW_F__a1__reverse__rep1	RF00442__5U3G_B__7MLW_F	reverse	1	RF00442__5U3G_B	16	G	16	B:16	yes	no	23	17	G	F:17	NA	NA	NA	technical_failure_or_no_alignment	NA	technical_failure	yes	NA	Rfam.seed.gz	15.1	41f014f4ab5628620935f089b1bb77987ebc162fda7c72bff368a32c9cccabac
RF00442__5U3G_B__7MLW_F__a1__reverse__rep1	RF00442__5U3G_B__7MLW_F	reverse	1	RF00442__5U3G_B	17	G	17	B:17	yes	no	24	18	G	F:18	NA	NA	NA	technical_failure_or_no_alignment	NA	technical_failure	yes	NA	Rfam.seed.gz	15.1	41f014f4ab5628620935f089b1bb77987ebc162fda7c72bff368a32c9cccabac
RF00442__5U3G_B__7MLW_F__a1__reverse__rep1	RF00442__5U3G_B__7MLW_F	reverse	1	RF00442__5U3G_B	18	C	18	B:18	yes	no	25	19	U	F:19	NA	NA	NA	technical_failure_or_no_alignment	NA	technical_failure	yes	NA	Rfam.seed.gz	15.1	41f014f4ab5628620935f089b1bb77987ebc162fda7c72bff368a32c9cccabac
RF00442__5U3G_B__7MLW_F__a1__reverse__rep1	RF00442__5U3G_B__7MLW_F	reverse	1	RF00442__5U3G_B	19	G	19	B:19	yes	yes	32	24	C	F:24	NA	NA	NA	technical_failure_or_no_alignment	NA	technical_failure	no	NA	Rfam.seed.gz	15.1	41f014f4ab5628620935f089b1bb77987ebc162fda7c72bff368a32c9cccabac
RF00442__5U3G_B__7MLW_F__a1__reverse__rep1	RF00442__5U3G_B__7MLW_F	reverse	1	RF00442__5U3G_B	20	A	20	B:20	yes	yes	33	25	G	F:25	NA	NA	NA	technical_failure_or_no_alignment	NA	technical_failure	no	NA	Rfam.seed.gz	15.1	41f014f4ab5628620935f089b1bb77987ebc162fda7c72bff368a32c9cccabac
RF00442__5U3G_B__7MLW_F__a1__reverse__rep1	RF00442__5U3G_B__7MLW_F	reverse	1	RF00442__5U3G_B	21	A	21	B:21	yes	yes	34	26	G	F:26	NA	NA	NA	technical_failure_or_no_alignment	NA	technical_failure	no	NA	Rfam.seed.gz	15.1	41f014f4ab5628620935f089b1bb77987ebc162fda7c72bff368a32c9cccabac
RF00442__5U3G_B__7MLW_F__a1__reverse__rep1	RF00442__5U3G_B__7MLW_F	reverse	1	RF00442__5U3G_B	22	A	22	B:22	yes	yes	35	27	C	F:27	NA	NA	NA	technical_failure_or_no_alignment	NA	technical_failure	no	NA	Rfam.seed.gz	15.1	41f014f4ab5628620935f089b1bb77987ebc162fda7c72bff368a32c9cccabac
RF00442__5U3G_B__7MLW_F__a1__reverse__rep1	RF00442__5U3G_B__7MLW_F	reverse	1	RF00442__5U3G_B	23	G	23	B:23	yes	no	63	42	A	F:42	NA	NA	NA	technical_failure_or_no_alignment	NA	technical_failure	yes	NA	Rfam.seed.gz	15.1	41f014f4ab5628620935f089b1bb77987ebc162fda7c72bff368a32c9cccabac
RF00442__5U3G_B__7MLW_F__a1__reverse__rep1	RF00442__5U3G_B__7MLW_F	reverse	1	RF00442__5U3G_B	24	C	24	B:24	yes	no	67	45	C	F:45	NA	NA	NA	technical_failure_or_no_alignment	NA	technical_failure	yes	NA	Rfam.seed.gz	15.1	41f014f4ab5628620935f089b1bb77987ebc162fda7c72bff368a32c9cccabac
RF00442__5U3G_B__7MLW_F__a1__reverse__rep1	RF00442__5U3G_B__7MLW_F	reverse	1	RF00442__5U3G_B	25	C	25	B:25	yes	yes	68	46	U	F:46	NA	NA	NA	technical_failure_or_no_alignment	NA	technical_failure	no	NA	Rfam.seed.gz	15.1	41f014f4ab5628620935f089b1bb77987ebc162fda7c72bff368a32c9cccabac
RF00442__5U3G_B__7MLW_F__a1__reverse__rep1	RF00442__5U3G_B__7MLW_F	reverse	1	RF00442__5U3G_B	26	G	26	B:26	yes	no	69	47	G	F:47	NA	NA	NA	technical_failure_or_no_alignment	NA	technical_failure	yes	NA	Rfam.seed.gz	15.1	41f014f4ab5628620935f089b1bb77987ebc162fda7c72bff368a32c9cccabac
RF00442__5U3G_B__7MLW_F__a1__reverse__rep1	RF00442__5U3G_B__7MLW_F	reverse	1	RF00442__5U3G_B	27	G	27	B:27	yes	no	71	48	G	F:48	NA	NA	NA	technical_failure_or_no_alignment	NA	technical_failure	yes	NA	Rfam.seed.gz	15.1	41f014f4ab5628620935f089b1bb77987ebc162fda7c72bff368a32c9cccabac
RF00442__5U3G_B__7MLW_F__a1__reverse__rep1	RF00442__5U3G_B__7MLW_F	reverse	1	RF00442__5U3G_B	28	U	28	B:28	yes	no	72	49	U	F:49	NA	NA	NA	technical_failure_or_no_alignment	NA	technical_failure	yes	NA	Rfam.seed.gz	15.1	41f014f4ab5628620935f089b1bb77987ebc162fda7c72bff368a32c9cccabac
RF00442__5U3G_B__7MLW_F__a1__reverse__rep1	RF00442__5U3G_B__7MLW_F	reverse	1	RF00442__5U3G_B	29	C	29	B:29	yes	no	73	50	C	F:50	NA	NA	NA	technical_failure_or_no_alignment	NA	technical_failure	yes	NA	Rfam.seed.gz	15.1	41f014f4ab5628620935f089b1bb77987ebc162fda7c72bff368a32c9cccabac
RF00442__5U3G_B__7MLW_F__a1__reverse__rep1	RF00442__5U3G_B__7MLW_F	reverse	1	RF00442__5U3G_B	30	C	30	B:30	yes	no	74	51	C	F:51	NA	NA	NA	technical_failure_or_no_alignment	NA	technical_failure	yes	NA	Rfam.seed.gz	15.1	41f014f4ab5628620935f089b1bb77987ebc162fda7c72bff368a32c9cccabac
RF00442__5U3G_B__7MLW_F__a1__reverse__rep1	RF00442__5U3G_B__7MLW_F	reverse	1	RF00442__5U3G_B	31	G	31	B:31	yes	no	75	52	G	F:52	NA	NA	NA	technical_failure_or_no_alignment	NA	technical_failure	yes	NA	Rfam.seed.gz	15.1	41f014f4ab5628620935f089b1bb77987ebc162fda7c72bff368a32c9cccabac
RF00442__5U3G_B__7MLW_F__a1__reverse__rep1	RF00442__5U3G_B__7MLW_F	reverse	1	RF00442__5U3G_B	32	A	32	B:32	yes	no	76	53	A	F:53	NA	NA	NA	technical_failure_or_no_alignment	NA	technical_failure	yes	NA	Rfam.seed.gz	15.1	41f014f4ab5628620935f089b1bb77987ebc162fda7c72bff368a32c9cccabac
RF00442__5U3G_B__7MLW_F__a1__reverse__rep1	RF00442__5U3G_B__7MLW_F	reverse	1	RF00442__5U3G_B	33	G	33	B:33	yes	no	77	54	G	F:54	NA	NA	NA	technical_failure_or_no_alignment	NA	technical_failure	yes	NA	Rfam.seed.gz	15.1	41f014f4ab5628620935f089b1bb77987ebc162fda7c72bff368a32c9cccabac
RF00442__5U3G_B__7MLW_F__a1__reverse__rep1	RF00442__5U3G_B__7MLW_F	reverse	1	RF00442__5U3G_B	34	A	34	B:34	yes	no	78	55	A	F:55	NA	NA	NA	technical_failure_or_no_alignment	NA	technical_failure	yes	NA	Rfam.seed.gz	15.1	41f014f4ab5628620935f089b1bb77987ebc162fda7c72bff368a32c9cccabac
RF00442__5U3G_B__7MLW_F__a1__reverse__rep1	RF00442__5U3G_B__7MLW_F	reverse	1	RF00442__5U3G_B	35	G	35	B:35	yes	no	79	56	G	F:56	NA	NA	NA	technical_failure_or_no_alignment	NA	technical_failure	yes	NA	Rfam.seed.gz	15.1	41f014f4ab5628620935f089b1bb77987ebc162fda7c72bff368a32c9cccabac
RF00442__5U3G_B__7MLW_F__a1__reverse__rep1	RF00442__5U3G_B__7MLW_F	reverse	1	RF00442__5U3G_B	36	U	36	B:36	yes	no	80	57	C	F:57	NA	NA	NA	technical_failure_or_no_alignment	NA	technical_failure	yes	NA	Rfam.seed.gz	15.1	41f014f4ab5628620935f089b1bb77987ebc162fda7c72bff368a32c9cccabac
RF00442__5U3G_B__7MLW_F__a1__reverse__rep1	RF00442__5U3G_B__7MLW_F	reverse	1	RF00442__5U3G_B	37	U	37	B:37	yes	yes	81	58	A	F:58	NA	NA	NA	technical_failure_or_no_alignment	NA	technical_failure	no	NA	Rfam.seed.gz	15.1	41f014f4ab5628620935f089b1bb77987ebc162fda7c72bff368a32c9cccabac
RF00442__5U3G_B__7MLW_F__a1__reverse__rep1	RF00442__5U3G_B__7MLW_F	reverse	1	RF00442__5U3G_B	38	A	38	B:38	yes	no	83	59	A	F:59	NA	NA	NA	technical_failure_or_no_alignment	NA	technical_failure	yes	NA	Rfam.seed.gz	15.1	41f014f4ab5628620935f089b1bb77987ebc162fda7c72bff368a32c9cccabac
RF00442__5U3G_B__7MLW_F__a1__reverse__rep1	RF00442__5U3G_B__7MLW_F	reverse	1	RF00442__5U3G_B	39	C	39	B:39	yes	no	84	60	U	F:60	NA	NA	NA	technical_failure_or_no_alignment	NA	technical_failure	yes	NA	Rfam.seed.gz	15.1	41f014f4ab5628620935f089b1bb77987ebc162fda7c72bff368a32c9cccabac
RF00442__5U3G_B__7MLW_F__a1__reverse__rep1	RF00442__5U3G_B__7MLW_F	reverse	1	RF00442__5U3G_B	40	C	40	B:40	yes	no	85	61	C	F:61	NA	NA	NA	technical_failure_or_no_alignment	NA	technical_failure	yes	NA	Rfam.seed.gz	15.1	41f014f4ab5628620935f089b1bb77987ebc162fda7c72bff368a32c9cccabac
RF00442__5U3G_B__7MLW_F__a1__reverse__rep1	RF00442__5U3G_B__7MLW_F	reverse	1	RF00442__5U3G_B	41	G	41	B:41	yes	no	87	63	G	F:63	NA	NA	NA	technical_failure_or_no_alignment	NA	technical_failure	yes	NA	Rfam.seed.gz	15.1	41f014f4ab5628620935f089b1bb77987ebc162fda7c72bff368a32c9cccabac
RF00442__5U3G_B__7MLW_F__a1__reverse__rep1	RF00442__5U3G_B__7MLW_F	reverse	1	RF00442__5U3G_B	42	A	42	B:42	yes	no	88	64	G	F:64	NA	NA	NA	technical_failure_or_no_alignment	NA	technical_failure	yes	NA	Rfam.seed.gz	15.1	41f014f4ab5628620935f089b1bb77987ebc162fda7c72bff368a32c9cccabac
RF00442__5U3G_B__7MLW_F__a1__reverse__rep1	RF00442__5U3G_B__7MLW_F	reverse	1	RF00442__5U3G_B	43	C	43	B:43	yes	no	89	65	U	F:65	NA	NA	NA	technical_failure_or_no_alignment	NA	technical_failure	yes	NA	Rfam.seed.gz	15.1	41f014f4ab5628620935f089b1bb77987ebc162fda7c72bff368a32c9cccabac
RF00442__5U3G_B__7MLW_F__a1__reverse__rep1	RF00442__5U3G_B__7MLW_F	reverse	1	RF00442__5U3G_B	44	C	44	B:44	yes	no	90	66	C	F:66	NA	NA	NA	technical_failure_or_no_alignment	NA	technical_failure	yes	NA	Rfam.seed.gz	15.1	41f014f4ab5628620935f089b1bb77987ebc162fda7c72bff368a32c9cccabac
RF00442__5U3G_B__7MLW_F__a1__reverse__rep1	RF00442__5U3G_B__7MLW_F	reverse	1	RF00442__5U3G_B	45	G	45	B:45	yes	no	91	67	U	F:67	NA	NA	NA	technical_failure_or_no_alignment	NA	technical_failure	yes	NA	Rfam.seed.gz	15.1	41f014f4ab5628620935f089b1bb77987ebc162fda7c72bff368a32c9cccabac
RF00442__5U3G_B__7MLW_F__a1__reverse__rep1	RF00442__5U3G_B__7MLW_F	reverse	1	RF00442__5U3G_B	46	C	46	B:46	yes	no	92	68	U	F:68	NA	NA	NA	technical_failure_or_no_alignment	NA	technical_failure	yes	NA	Rfam.seed.gz	15.1	41f014f4ab5628620935f089b1bb77987ebc162fda7c72bff368a32c9cccabac
RF00442__5U3G_B__7MLW_F__a1__reverse__rep1	RF00442__5U3G_B__7MLW_F	reverse	1	RF00442__5U3G_B	47	C	47	B:47	yes	no	93	69	G	F:69	NA	NA	NA	technical_failure_or_no_alignment	NA	technical_failure	yes	NA	Rfam.seed.gz	15.1	41f014f4ab5628620935f089b1bb77987ebc162fda7c72bff368a32c9cccabac
RF00442__5U3G_B__7MLW_F__a1__reverse__rep1	RF00442__5U3G_B__7MLW_F	reverse	1	RF00442__5U3G_B	48	G	48	B:48	yes	yes	118	90	A	F:90	NA	NA	NA	technical_failure_or_no_alignment	NA	technical_failure	no	NA	Rfam.seed.gz	15.1	41f014f4ab5628620935f089b1bb77987ebc162fda7c72bff368a32c9cccabac
RF00442__5U3G_B__7MLW_F__a1__reverse__rep1	RF00442__5U3G_B__7MLW_F	reverse	1	RF00442__5U3G_B	49	A	49	B:49	yes	yes	119	91	A	F:91	NA	NA	NA	technical_failure_or_no_alignment	NA	technical_failure	no	NA	Rfam.seed.gz	15.1	41f014f4ab5628620935f089b1bb77987ebc162fda7c72bff368a32c9cccabac
RF00442__5U3G_B__7MLW_F__a1__reverse__rep1	RF00442__5U3G_B__7MLW_F	reverse	1	RF00442__5U3G_B	50	A	50	B:50	yes	yes	120	92	A	F:92	NA	NA	NA	technical_failure_or_no_alignment	NA	technical_failure	no	NA	Rfam.seed.gz	15.1	41f014f4ab5628620935f089b1bb77987ebc162fda7c72bff368a32c9cccabac
RF00442__5U3G_B__7MLW_F__a1__reverse__rep1	RF00442__5U3G_B__7MLW_F	reverse	1	RF00442__5U3G_B	51	A	51	B:51	yes	yes	121	93	C	F:93	NA	NA	NA	technical_failure_or_no_alignment	NA	technical_failure	no	NA	Rfam.seed.gz	15.1	41f014f4ab5628620935f089b1bb77987ebc162fda7c72bff368a32c9cccabac
RF00442__5U3G_B__7MLW_F__a1__reverse__rep1	RF00442__5U3G_B__7MLW_F	reverse	1	RF00442__5U3G_B	52	G	52	B:52	yes	no	141	96	C	F:96	NA	NA	NA	technical_failure_or_no_alignment	NA	technical_failure	yes	NA	Rfam.seed.gz	15.1	41f014f4ab5628620935f089b1bb77987ebc162fda7c72bff368a32c9cccabac
RF00442__5U3G_B__7MLW_F__a1__reverse__rep1	RF00442__5U3G_B__7MLW_F	reverse	1	RF00442__5U3G_B	53	G	53	B:53	yes	no	144	97	G	F:97	NA	NA	NA	technical_failure_or_no_alignment	NA	technical_failure	yes	NA	Rfam.seed.gz	15.1	41f014f4ab5628620935f089b1bb77987ebc162fda7c72bff368a32c9cccabac
RF00442__5U3G_B__7MLW_F__a1__reverse__rep1	RF00442__5U3G_B__7MLW_F	reverse	1	RF00442__5U3G_B	54	C	54	B:54	yes	no	146	98	A	F:98	NA	NA	NA	technical_failure_or_no_alignment	NA	technical_failure	yes	NA	Rfam.seed.gz	15.1	41f014f4ab5628620935f089b1bb77987ebc162fda7c72bff368a32c9cccabac
RF00442__5U3G_B__7MLW_F__a1__reverse__rep1	RF00442__5U3G_B__7MLW_F	reverse	1	RF00442__5U3G_B	55	G	55	B:55	yes	no	147	99	G	F:99	NA	NA	NA	technical_failure_or_no_alignment	NA	technical_failure	yes	NA	Rfam.seed.gz	15.1	41f014f4ab5628620935f089b1bb77987ebc162fda7c72bff368a32c9cccabac
RF00442__5U3G_B__7MLW_F__a1__reverse__rep1	RF00442__5U3G_B__7MLW_F	reverse	1	RF00442__5U3G_B	56	G	56	B:56	yes	no	148	100	G	F:100	NA	NA	NA	technical_failure_or_no_alignment	NA	technical_failure	yes	NA	Rfam.seed.gz	15.1	41f014f4ab5628620935f089b1bb77987ebc162fda7c72bff368a32c9cccabac
RF00442__5U3G_B__7MLW_F__a1__reverse__rep1	RF00442__5U3G_B__7MLW_F	reverse	1	RF00442__5U3G_B	57	U	57	B:57	yes	no	149	101	C	F:101	NA	NA	NA	technical_failure_or_no_alignment	NA	technical_failure	yes	NA	Rfam.seed.gz	15.1	41f014f4ab5628620935f089b1bb77987ebc162fda7c72bff368a32c9cccabac
RF00442__5U3G_B__7MLW_F__a1__reverse__rep1	RF00442__5U3G_B__7MLW_F	reverse	1	RF00442__5U3G_B	58	U	58	B:58	yes	no	151	102	U	F:102	NA	NA	NA	technical_failure_or_no_alignment	NA	technical_failure	yes	NA	Rfam.seed.gz	15.1	41f014f4ab5628620935f089b1bb77987ebc162fda7c72bff368a32c9cccabac
RF00442__5U3G_B__7MLW_F__a1__reverse__rep1	RF00442__5U3G_B__7MLW_F	reverse	1	RF00442__5U3G_B	59	A	59	B:59	yes	no	152	103	C	F:103	NA	NA	NA	technical_failure_or_no_alignment	NA	technical_failure	yes	NA	Rfam.seed.gz	15.1	41f014f4ab5628620935f089b1bb77987ebc162fda7c72bff368a32c9cccabac
RF00442__5U3G_B__7MLW_F__a1__reverse__rep1	RF00442__5U3G_B__7MLW_F	reverse	1	RF00442__5U3G_B	60	C	60	B:60	yes	no	153	104	C	F:104	NA	NA	NA	technical_failure_or_no_alignment	NA	technical_failure	yes	NA	Rfam.seed.gz	15.1	41f014f4ab5628620935f089b1bb77987ebc162fda7c72bff368a32c9cccabac
RF00442__5U3G_B__7MLW_F__a1__reverse__rep1	RF00442__5U3G_B__7MLW_F	reverse	1	RF00442__5U3G_B	61	A	61	B:61	yes	no	154	105	A	F:105	NA	NA	NA	technical_failure_or_no_alignment	NA	technical_failure	yes	NA	Rfam.seed.gz	15.1	41f014f4ab5628620935f089b1bb77987ebc162fda7c72bff368a32c9cccabac
RF00442__5U3G_B__7MLW_F__a1__reverse__rep1	RF00442__5U3G_B__7MLW_F	reverse	1	RF00442__5U3G_B	62	C	62	B:62	yes	no	155	106	C	F:106	NA	NA	NA	technical_failure_or_no_alignment	NA	technical_failure	yes	NA	Rfam.seed.gz	15.1	41f014f4ab5628620935f089b1bb77987ebc162fda7c72bff368a32c9cccabac
RF00442__5U3G_B__7MLW_F__a1__reverse__rep1	RF00442__5U3G_B__7MLW_F	reverse	1	RF00442__5U3G_B	63	G	63	B:63	yes	no	156	107	G	F:107	NA	NA	NA	technical_failure_or_no_alignment	NA	technical_failure	yes	NA	Rfam.seed.gz	15.1	41f014f4ab5628620935f089b1bb77987ebc162fda7c72bff368a32c9cccabac
RF00442__5U3G_B__7MLW_F__a1__reverse__rep1	RF00442__5U3G_B__7MLW_F	reverse	1	RF00442__5U3G_B	64	G	64	B:64	yes	no	157	108	G	F:108	NA	NA	NA	technical_failure_or_no_alignment	NA	technical_failure	yes	NA	Rfam.seed.gz	15.1	41f014f4ab5628620935f089b1bb77987ebc162fda7c72bff368a32c9cccabac
RF00442__5U3G_B__7MLW_F__a1__reverse__rep1	RF00442__5U3G_B__7MLW_F	reverse	1	RF00442__5U3G_B	65	C	65	B:65	yes	no	158	109	A	F:109	NA	NA	NA	technical_failure_or_no_alignment	NA	technical_failure	yes	NA	Rfam.seed.gz	15.1	41f014f4ab5628620935f089b1bb77987ebc162fda7c72bff368a32c9cccabac
RF00442__5U3G_B__7MLW_F__a1__reverse__rep1	RF00442__5U3G_B__7MLW_F	reverse	1	RF00442__5U3G_B	66	G	66	B:66	yes	no	159	110	G	F:110	NA	NA	NA	technical_failure_or_no_alignment	NA	technical_failure	yes	NA	Rfam.seed.gz	15.1	41f014f4ab5628620935f089b1bb77987ebc162fda7c72bff368a32c9cccabac
RF00442__5U3G_B__7MLW_F__a1__reverse__rep1	RF00442__5U3G_B__7MLW_F	reverse	1	RF00442__5U3G_B	67	G	67	B:67	yes	no	160	111	G	F:111	NA	NA	NA	technical_failure_or_no_alignment	NA	technical_failure	yes	NA	Rfam.seed.gz	15.1	41f014f4ab5628620935f089b1bb77987ebc162fda7c72bff368a32c9cccabac
RF00442__5U3G_B__7MLW_F__a1__reverse__rep1	RF00442__5U3G_B__7MLW_F	reverse	1	RF00442__5U3G_B	68	G	68	B:68	yes	no	161	112	G	F:112	NA	NA	NA	technical_failure_or_no_alignment	NA	technical_failure	yes	NA	Rfam.seed.gz	15.1	41f014f4ab5628620935f089b1bb77987ebc162fda7c72bff368a32c9cccabac
RF00442__5U3G_B__7MLW_F__a1__reverse__rep1	RF00442__5U3G_B__7MLW_F	reverse	1	RF00442__5U3G_B	69	A	69	B:69	yes	no	162	113	A	F:113	NA	NA	NA	technical_failure_or_no_alignment	NA	technical_failure	yes	NA	Rfam.seed.gz	15.1	41f014f4ab5628620935f089b1bb77987ebc162fda7c72bff368a32c9cccabac
RF00442__5U3G_B__7MLW_F__a1__reverse__rep1	RF00442__5U3G_B__7MLW_F	reverse	1	RF00442__5U3G_B	70	A	70	B:70	yes	yes	163	114	U	F:114	NA	NA	NA	technical_failure_or_no_alignment	NA	technical_failure	no	NA	Rfam.seed.gz	15.1	41f014f4ab5628620935f089b1bb77987ebc162fda7c72bff368a32c9cccabac
RF00442__5U3G_B__7MLW_F__a1__reverse__rep1	RF00442__5U3G_B__7MLW_F	reverse	1	RF00442__5U3G_B	71	A	71	B:71	yes	no	164	115	A	F:115	NA	NA	NA	technical_failure_or_no_alignment	NA	technical_failure	yes	NA	Rfam.seed.gz	15.1	41f014f4ab5628620935f089b1bb77987ebc162fda7c72bff368a32c9cccabac
RF00442__5U3G_B__7MLW_F__a1__reverse__rep1	RF00442__5U3G_B__7MLW_F	reverse	1	RF00442__5U3G_B	72	A	72	B:72	yes	no	165	116	A	F:116	NA	NA	NA	technical_failure_or_no_alignment	NA	technical_failure	yes	NA	Rfam.seed.gz	15.1	41f014f4ab5628620935f089b1bb77987ebc162fda7c72bff368a32c9cccabac
RF00442__5U3G_B__7MLW_F__a1__reverse__rep1	RF00442__5U3G_B__7MLW_F	reverse	1	RF00442__5U3G_B	73	A	73	B:73	yes	no	166	117	A	F:117	NA	NA	NA	technical_failure_or_no_alignment	NA	technical_failure	yes	NA	Rfam.seed.gz	15.1	41f014f4ab5628620935f089b1bb77987ebc162fda7c72bff368a32c9cccabac
RF00442__5U3G_B__7MLW_F__a1__reverse__rep1	RF00442__5U3G_B__7MLW_F	reverse	1	RF00442__5U3G_B	74	A	74	B:74	yes	no	167	118	A	F:118	NA	NA	NA	technical_failure_or_no_alignment	NA	technical_failure	yes	NA	Rfam.seed.gz	15.1	41f014f4ab5628620935f089b1bb77987ebc162fda7c72bff368a32c9cccabac
RF00442__5U3G_B__7MLW_F__a1__reverse__rep1	RF00442__5U3G_B__7MLW_F	reverse	1	RF00442__5U3G_B	75	G	75	B:75	yes	no	168	119	G	F:119	NA	NA	NA	technical_failure_or_no_alignment	NA	technical_failure	yes	NA	Rfam.seed.gz	15.1	41f014f4ab5628620935f089b1bb77987ebc162fda7c72bff368a32c9cccabac
RF00442__5U3G_B__7MLW_F__a1__reverse__rep1	RF00442__5U3G_B__7MLW_F	reverse	1	RF00442__5U3G_B	76	C	76	B:76	yes	no	169	120	C	F:120	NA	NA	NA	technical_failure_or_no_alignment	NA	technical_failure	yes	NA	Rfam.seed.gz	15.1	41f014f4ab5628620935f089b1bb77987ebc162fda7c72bff368a32c9cccabac
RF00442__5U3G_B__7MLW_F__a1__reverse__rep1	RF00442__5U3G_B__7MLW_F	reverse	1	RF00442__5U3G_B	77	C	77	B:77	yes	no	170	121	C	F:121	NA	NA	NA	technical_failure_or_no_alignment	NA	technical_failure	yes	NA	Rfam.seed.gz	15.1	41f014f4ab5628620935f089b1bb77987ebc162fda7c72bff368a32c9cccabac
RF00442__5U3G_B__7MLW_F__a1__reverse__rep1	RF00442__5U3G_B__7MLW_F	reverse	1	RF00442__5U3G_B	78	C	78	B:78	yes	no	171	122	C	F:122	NA	NA	NA	technical_failure_or_no_alignment	NA	technical_failure	yes	NA	Rfam.seed.gz	15.1	41f014f4ab5628620935f089b1bb77987ebc162fda7c72bff368a32c9cccabac
RF00442__5U3G_B__7MLW_F__a1__reverse__rep1	RF00442__5U3G_B__7MLW_F	reverse	1	RF00442__5U3G_B	79	G	79	B:79	yes	no	172	123	G	F:123	NA	NA	NA	technical_failure_or_no_alignment	NA	technical_failure	yes	NA	Rfam.seed.gz	15.1	41f014f4ab5628620935f089b1bb77987ebc162fda7c72bff368a32c9cccabac
RF00442__5U3G_B__7MLW_F__a1__reverse__rep1	RF00442__5U3G_B__7MLW_F	reverse	1	RF00442__5U3G_B	80	G	80	B:80	yes	no	173	124	G	F:124	NA	NA	NA	technical_failure_or_no_alignment	NA	technical_failure	yes	NA	Rfam.seed.gz	15.1	41f014f4ab5628620935f089b1bb77987ebc162fda7c72bff368a32c9cccabac
RF00442__5U3G_B__7MLW_F__a1__reverse__rep1	RF00442__5U3G_B__7MLW_F	reverse	1	RF00442__5U3G_B	81	G	81	B:81	yes	no	174	125	G	F:125	NA	NA	NA	technical_failure_or_no_alignment	NA	technical_failure	yes	NA	Rfam.seed.gz	15.1	41f014f4ab5628620935f089b1bb77987ebc162fda7c72bff368a32c9cccabac
RF00442__5U3G_B__7MLW_F__a1__reverse__rep1	RF00442__5U3G_B__7MLW_F	reverse	1	RF00442__5U3G_B	82	A	82	B:82	yes	no	175	126	A	F:126	NA	NA	NA	technical_failure_or_no_alignment	NA	technical_failure	yes	NA	Rfam.seed.gz	15.1	41f014f4ab5628620935f089b1bb77987ebc162fda7c72bff368a32c9cccabac
RF00442__5U3G_B__7MLW_F__a1__reverse__rep1	RF00442__5U3G_B__7MLW_F	reverse	1	RF00442__5U3G_B	83	G	83	B:83	yes	no	176	127	G	F:127	NA	NA	NA	technical_failure_or_no_alignment	NA	technical_failure	yes	NA	Rfam.seed.gz	15.1	41f014f4ab5628620935f089b1bb77987ebc162fda7c72bff368a32c9cccabac
RF00442__5U3G_B__7MLW_F__a1__reverse__rep1	RF00442__5U3G_B__7MLW_F	reverse	1	RF00442__5U3G_B	84	G	84	B:84	yes	no	177	128	G	F:128	NA	NA	NA	technical_failure_or_no_alignment	NA	technical_failure	yes	NA	Rfam.seed.gz	15.1	41f014f4ab5628620935f089b1bb77987ebc162fda7c72bff368a32c9cccabac
RF00442__5U3G_B__7MLW_F__a1__reverse__rep1	RF00442__5U3G_B__7MLW_F	reverse	1	RF00442__5U3G_B	85	A	85	B:85	yes	no	178	NA	NA	NA	NA	NA	NA	technical_failure_or_no_alignment	alignment_gap_in_standard_seed	technical_failure	no	NA	Rfam.seed.gz	15.1	41f014f4ab5628620935f089b1bb77987ebc162fda7c72bff368a32c9cccabac
RF00442__5U3G_B__7MLW_F__a1__reverse__rep2	RF00442__5U3G_B__7MLW_F	reverse	2	RF00442__5U3G_B	1	G	1	B:1	yes	no	8	2	G	F:2	2	G	F:2	same_partner	NA	NA	yes	0	Rfam.seed.gz	15.1	41f014f4ab5628620935f089b1bb77987ebc162fda7c72bff368a32c9cccabac
RF00442__5U3G_B__7MLW_F__a1__reverse__rep2	RF00442__5U3G_B__7MLW_F	reverse	2	RF00442__5U3G_B	2	G	2	B:2	yes	no	9	3	A	F:3	3	A	F:3	same_partner	NA	NA	yes	0	Rfam.seed.gz	15.1	41f014f4ab5628620935f089b1bb77987ebc162fda7c72bff368a32c9cccabac
RF00442__5U3G_B__7MLW_F__a1__reverse__rep2	RF00442__5U3G_B__7MLW_F	reverse	2	RF00442__5U3G_B	3	U	3	B:3	yes	no	10	4	U	F:4	4	U	F:4	same_partner	NA	NA	yes	0	Rfam.seed.gz	15.1	41f014f4ab5628620935f089b1bb77987ebc162fda7c72bff368a32c9cccabac
RF00442__5U3G_B__7MLW_F__a1__reverse__rep2	RF00442__5U3G_B__7MLW_F	reverse	2	RF00442__5U3G_B	4	G	4	B:4	yes	no	11	5	C	F:5	5	C	F:5	same_partner	NA	NA	yes	0	Rfam.seed.gz	15.1	41f014f4ab5628620935f089b1bb77987ebc162fda7c72bff368a32c9cccabac
RF00442__5U3G_B__7MLW_F__a1__reverse__rep2	RF00442__5U3G_B__7MLW_F	reverse	2	RF00442__5U3G_B	5	A	5	B:5	yes	no	12	6	G	F:6	6	G	F:6	same_partner	NA	NA	yes	0	Rfam.seed.gz	15.1	41f014f4ab5628620935f089b1bb77987ebc162fda7c72bff368a32c9cccabac
RF00442__5U3G_B__7MLW_F__a1__reverse__rep2	RF00442__5U3G_B__7MLW_F	reverse	2	RF00442__5U3G_B	6	C	6	B:6	yes	no	13	7	C	F:7	7	C	F:7	same_partner	NA	NA	yes	0	Rfam.seed.gz	15.1	41f014f4ab5628620935f089b1bb77987ebc162fda7c72bff368a32c9cccabac
RF00442__5U3G_B__7MLW_F__a1__reverse__rep2	RF00442__5U3G_B__7MLW_F	reverse	2	RF00442__5U3G_B	7	U	7	B:7	yes	no	14	8	U	F:8	8	U	F:8	same_partner	NA	NA	yes	0	Rfam.seed.gz	15.1	41f014f4ab5628620935f089b1bb77987ebc162fda7c72bff368a32c9cccabac
RF00442__5U3G_B__7MLW_F__a1__reverse__rep2	RF00442__5U3G_B__7MLW_F	reverse	2	RF00442__5U3G_B	8	A	8	B:8	yes	no	15	9	A	F:9	9	A	F:9	same_partner	NA	NA	yes	0	Rfam.seed.gz	15.1	41f014f4ab5628620935f089b1bb77987ebc162fda7c72bff368a32c9cccabac
RF00442__5U3G_B__7MLW_F__a1__reverse__rep2	RF00442__5U3G_B__7MLW_F	reverse	2	RF00442__5U3G_B	9	G	9	B:9	yes	no	16	10	G	F:10	10	G	F:10	same_partner	NA	NA	yes	0	Rfam.seed.gz	15.1	41f014f4ab5628620935f089b1bb77987ebc162fda7c72bff368a32c9cccabac
RF00442__5U3G_B__7MLW_F__a1__reverse__rep2	RF00442__5U3G_B__7MLW_F	reverse	2	RF00442__5U3G_B	10	G	10	B:10	yes	no	17	11	G	F:11	11	G	F:11	same_partner	NA	NA	yes	0	Rfam.seed.gz	15.1	41f014f4ab5628620935f089b1bb77987ebc162fda7c72bff368a32c9cccabac
RF00442__5U3G_B__7MLW_F__a1__reverse__rep2	RF00442__5U3G_B__7MLW_F	reverse	2	RF00442__5U3G_B	11	G	11	B:11	yes	no	18	12	G	F:12	12	G	F:12	same_partner	NA	NA	yes	0	Rfam.seed.gz	15.1	41f014f4ab5628620935f089b1bb77987ebc162fda7c72bff368a32c9cccabac
RF00442__5U3G_B__7MLW_F__a1__reverse__rep2	RF00442__5U3G_B__7MLW_F	reverse	2	RF00442__5U3G_B	12	U	12	B:12	yes	no	19	13	U	F:13	13	U	F:13	same_partner	NA	NA	yes	0	Rfam.seed.gz	15.1	41f014f4ab5628620935f089b1bb77987ebc162fda7c72bff368a32c9cccabac
RF00442__5U3G_B__7MLW_F__a1__reverse__rep2	RF00442__5U3G_B__7MLW_F	reverse	2	RF00442__5U3G_B	13	U	13	B:13	yes	no	20	14	U	F:14	14	U	F:14	same_partner	NA	NA	yes	0	Rfam.seed.gz	15.1	41f014f4ab5628620935f089b1bb77987ebc162fda7c72bff368a32c9cccabac
RF00442__5U3G_B__7MLW_F__a1__reverse__rep2	RF00442__5U3G_B__7MLW_F	reverse	2	RF00442__5U3G_B	14	C	14	B:14	yes	no	21	15	C	F:15	15	C	F:15	same_partner	NA	NA	yes	0	Rfam.seed.gz	15.1	41f014f4ab5628620935f089b1bb77987ebc162fda7c72bff368a32c9cccabac
RF00442__5U3G_B__7MLW_F__a1__reverse__rep2	RF00442__5U3G_B__7MLW_F	reverse	2	RF00442__5U3G_B	15	C	15	B:15	yes	no	22	16	C	F:16	16	C	F:16	same_partner	NA	NA	yes	0	Rfam.seed.gz	15.1	41f014f4ab5628620935f089b1bb77987ebc162fda7c72bff368a32c9cccabac
RF00442__5U3G_B__7MLW_F__a1__reverse__rep2	RF00442__5U3G_B__7MLW_F	reverse	2	RF00442__5U3G_B	16	G	16	B:16	yes	no	23	17	G	F:17	17	G	F:17	same_partner	NA	NA	yes	0	Rfam.seed.gz	15.1	41f014f4ab5628620935f089b1bb77987ebc162fda7c72bff368a32c9cccabac
RF00442__5U3G_B__7MLW_F__a1__reverse__rep2	RF00442__5U3G_B__7MLW_F	reverse	2	RF00442__5U3G_B	17	G	17	B:17	yes	no	24	18	G	F:18	NA	NA	NA	rfam_only	NA	algorithm_omission	yes	NA	Rfam.seed.gz	15.1	41f014f4ab5628620935f089b1bb77987ebc162fda7c72bff368a32c9cccabac
RF00442__5U3G_B__7MLW_F__a1__reverse__rep2	RF00442__5U3G_B__7MLW_F	reverse	2	RF00442__5U3G_B	18	C	18	B:18	yes	no	25	19	U	F:19	18	G	F:18	different_partner	NA	NA	yes	-1	Rfam.seed.gz	15.1	41f014f4ab5628620935f089b1bb77987ebc162fda7c72bff368a32c9cccabac
RF00442__5U3G_B__7MLW_F__a1__reverse__rep2	RF00442__5U3G_B__7MLW_F	reverse	2	RF00442__5U3G_B	19	G	19	B:19	yes	yes	32	24	C	F:24	19	U	F:19	different_partner	NA	NA	no	-5	Rfam.seed.gz	15.1	41f014f4ab5628620935f089b1bb77987ebc162fda7c72bff368a32c9cccabac
RF00442__5U3G_B__7MLW_F__a1__reverse__rep2	RF00442__5U3G_B__7MLW_F	reverse	2	RF00442__5U3G_B	20	A	20	B:20	yes	yes	33	25	G	F:25	20	C	F:20	different_partner	NA	NA	no	-5	Rfam.seed.gz	15.1	41f014f4ab5628620935f089b1bb77987ebc162fda7c72bff368a32c9cccabac
RF00442__5U3G_B__7MLW_F__a1__reverse__rep2	RF00442__5U3G_B__7MLW_F	reverse	2	RF00442__5U3G_B	21	A	21	B:21	yes	yes	34	26	G	F:26	NA	NA	NA	rfam_only	NA	algorithm_omission	no	NA	Rfam.seed.gz	15.1	41f014f4ab5628620935f089b1bb77987ebc162fda7c72bff368a32c9cccabac
RF00442__5U3G_B__7MLW_F__a1__reverse__rep2	RF00442__5U3G_B__7MLW_F	reverse	2	RF00442__5U3G_B	22	A	22	B:22	yes	yes	35	27	C	F:27	NA	NA	NA	rfam_only	NA	algorithm_omission	no	NA	Rfam.seed.gz	15.1	41f014f4ab5628620935f089b1bb77987ebc162fda7c72bff368a32c9cccabac
RF00442__5U3G_B__7MLW_F__a1__reverse__rep2	RF00442__5U3G_B__7MLW_F	reverse	2	RF00442__5U3G_B	23	G	23	B:23	yes	no	63	42	A	F:42	44	G	F:44	different_partner	NA	NA	yes	2	Rfam.seed.gz	15.1	41f014f4ab5628620935f089b1bb77987ebc162fda7c72bff368a32c9cccabac
RF00442__5U3G_B__7MLW_F__a1__reverse__rep2	RF00442__5U3G_B__7MLW_F	reverse	2	RF00442__5U3G_B	24	C	24	B:24	yes	no	67	45	C	F:45	45	C	F:45	same_partner	NA	NA	yes	0	Rfam.seed.gz	15.1	41f014f4ab5628620935f089b1bb77987ebc162fda7c72bff368a32c9cccabac
RF00442__5U3G_B__7MLW_F__a1__reverse__rep2	RF00442__5U3G_B__7MLW_F	reverse	2	RF00442__5U3G_B	25	C	25	B:25	yes	yes	68	46	U	F:46	46	U	F:46	same_partner	NA	NA	no	0	Rfam.seed.gz	15.1	41f014f4ab5628620935f089b1bb77987ebc162fda7c72bff368a32c9cccabac
RF00442__5U3G_B__7MLW_F__a1__reverse__rep2	RF00442__5U3G_B__7MLW_F	reverse	2	RF00442__5U3G_B	26	G	26	B:26	yes	no	69	47	G	F:47	47	G	F:47	same_partner	NA	NA	yes	0	Rfam.seed.gz	15.1	41f014f4ab5628620935f089b1bb77987ebc162fda7c72bff368a32c9cccabac
RF00442__5U3G_B__7MLW_F__a1__reverse__rep2	RF00442__5U3G_B__7MLW_F	reverse	2	RF00442__5U3G_B	27	G	27	B:27	yes	no	71	48	G	F:48	48	G	F:48	same_partner	NA	NA	yes	0	Rfam.seed.gz	15.1	41f014f4ab5628620935f089b1bb77987ebc162fda7c72bff368a32c9cccabac
RF00442__5U3G_B__7MLW_F__a1__reverse__rep2	RF00442__5U3G_B__7MLW_F	reverse	2	RF00442__5U3G_B	28	U	28	B:28	yes	no	72	49	U	F:49	49	U	F:49	same_partner	NA	NA	yes	0	Rfam.seed.gz	15.1	41f014f4ab5628620935f089b1bb77987ebc162fda7c72bff368a32c9cccabac
RF00442__5U3G_B__7MLW_F__a1__reverse__rep2	RF00442__5U3G_B__7MLW_F	reverse	2	RF00442__5U3G_B	29	C	29	B:29	yes	no	73	50	C	F:50	50	C	F:50	same_partner	NA	NA	yes	0	Rfam.seed.gz	15.1	41f014f4ab5628620935f089b1bb77987ebc162fda7c72bff368a32c9cccabac
RF00442__5U3G_B__7MLW_F__a1__reverse__rep2	RF00442__5U3G_B__7MLW_F	reverse	2	RF00442__5U3G_B	30	C	30	B:30	yes	no	74	51	C	F:51	51	C	F:51	same_partner	NA	NA	yes	0	Rfam.seed.gz	15.1	41f014f4ab5628620935f089b1bb77987ebc162fda7c72bff368a32c9cccabac
RF00442__5U3G_B__7MLW_F__a1__reverse__rep2	RF00442__5U3G_B__7MLW_F	reverse	2	RF00442__5U3G_B	31	G	31	B:31	yes	no	75	52	G	F:52	52	G	F:52	same_partner	NA	NA	yes	0	Rfam.seed.gz	15.1	41f014f4ab5628620935f089b1bb77987ebc162fda7c72bff368a32c9cccabac
RF00442__5U3G_B__7MLW_F__a1__reverse__rep2	RF00442__5U3G_B__7MLW_F	reverse	2	RF00442__5U3G_B	32	A	32	B:32	yes	no	76	53	A	F:53	53	A	F:53	same_partner	NA	NA	yes	0	Rfam.seed.gz	15.1	41f014f4ab5628620935f089b1bb77987ebc162fda7c72bff368a32c9cccabac
RF00442__5U3G_B__7MLW_F__a1__reverse__rep2	RF00442__5U3G_B__7MLW_F	reverse	2	RF00442__5U3G_B	33	G	33	B:33	yes	no	77	54	G	F:54	54	G	F:54	same_partner	NA	NA	yes	0	Rfam.seed.gz	15.1	41f014f4ab5628620935f089b1bb77987ebc162fda7c72bff368a32c9cccabac
RF00442__5U3G_B__7MLW_F__a1__reverse__rep2	RF00442__5U3G_B__7MLW_F	reverse	2	RF00442__5U3G_B	34	A	34	B:34	yes	no	78	55	A	F:55	55	A	F:55	same_partner	NA	NA	yes	0	Rfam.seed.gz	15.1	41f014f4ab5628620935f089b1bb77987ebc162fda7c72bff368a32c9cccabac
RF00442__5U3G_B__7MLW_F__a1__reverse__rep2	RF00442__5U3G_B__7MLW_F	reverse	2	RF00442__5U3G_B	35	G	35	B:35	yes	no	79	56	G	F:56	56	G	F:56	same_partner	NA	NA	yes	0	Rfam.seed.gz	15.1	41f014f4ab5628620935f089b1bb77987ebc162fda7c72bff368a32c9cccabac
RF00442__5U3G_B__7MLW_F__a1__reverse__rep2	RF00442__5U3G_B__7MLW_F	reverse	2	RF00442__5U3G_B	36	U	36	B:36	yes	no	80	57	C	F:57	57	C	F:57	same_partner	NA	NA	yes	0	Rfam.seed.gz	15.1	41f014f4ab5628620935f089b1bb77987ebc162fda7c72bff368a32c9cccabac
RF00442__5U3G_B__7MLW_F__a1__reverse__rep2	RF00442__5U3G_B__7MLW_F	reverse	2	RF00442__5U3G_B	37	U	37	B:37	yes	yes	81	58	A	F:58	58	A	F:58	same_partner	NA	NA	no	0	Rfam.seed.gz	15.1	41f014f4ab5628620935f089b1bb77987ebc162fda7c72bff368a32c9cccabac
RF00442__5U3G_B__7MLW_F__a1__reverse__rep2	RF00442__5U3G_B__7MLW_F	reverse	2	RF00442__5U3G_B	38	A	38	B:38	yes	no	83	59	A	F:59	59	A	F:59	same_partner	NA	NA	yes	0	Rfam.seed.gz	15.1	41f014f4ab5628620935f089b1bb77987ebc162fda7c72bff368a32c9cccabac
RF00442__5U3G_B__7MLW_F__a1__reverse__rep2	RF00442__5U3G_B__7MLW_F	reverse	2	RF00442__5U3G_B	39	C	39	B:39	yes	no	84	60	U	F:60	60	U	F:60	same_partner	NA	NA	yes	0	Rfam.seed.gz	15.1	41f014f4ab5628620935f089b1bb77987ebc162fda7c72bff368a32c9cccabac
RF00442__5U3G_B__7MLW_F__a1__reverse__rep2	RF00442__5U3G_B__7MLW_F	reverse	2	RF00442__5U3G_B	40	C	40	B:40	yes	no	85	61	C	F:61	61	C	F:61	same_partner	NA	NA	yes	0	Rfam.seed.gz	15.1	41f014f4ab5628620935f089b1bb77987ebc162fda7c72bff368a32c9cccabac
RF00442__5U3G_B__7MLW_F__a1__reverse__rep2	RF00442__5U3G_B__7MLW_F	reverse	2	RF00442__5U3G_B	41	G	41	B:41	yes	no	87	63	G	F:63	62	C	F:62	different_partner	NA	NA	yes	-1	Rfam.seed.gz	15.1	41f014f4ab5628620935f089b1bb77987ebc162fda7c72bff368a32c9cccabac
RF00442__5U3G_B__7MLW_F__a1__reverse__rep2	RF00442__5U3G_B__7MLW_F	reverse	2	RF00442__5U3G_B	42	A	42	B:42	yes	no	88	64	G	F:64	63	G	F:63	different_partner	NA	NA	yes	-1	Rfam.seed.gz	15.1	41f014f4ab5628620935f089b1bb77987ebc162fda7c72bff368a32c9cccabac
RF00442__5U3G_B__7MLW_F__a1__reverse__rep2	RF00442__5U3G_B__7MLW_F	reverse	2	RF00442__5U3G_B	43	C	43	B:43	yes	no	89	65	U	F:65	64	G	F:64	different_partner	NA	NA	yes	-1	Rfam.seed.gz	15.1	41f014f4ab5628620935f089b1bb77987ebc162fda7c72bff368a32c9cccabac
RF00442__5U3G_B__7MLW_F__a1__reverse__rep2	RF00442__5U3G_B__7MLW_F	reverse	2	RF00442__5U3G_B	44	C	44	B:44	yes	no	90	66	C	F:66	65	U	F:65	different_partner	NA	NA	yes	-1	Rfam.seed.gz	15.1	41f014f4ab5628620935f089b1bb77987ebc162fda7c72bff368a32c9cccabac
RF00442__5U3G_B__7MLW_F__a1__reverse__rep2	RF00442__5U3G_B__7MLW_F	reverse	2	RF00442__5U3G_B	45	G	45	B:45	yes	no	91	67	U	F:67	66	C	F:66	different_partner	NA	NA	yes	-1	Rfam.seed.gz	15.1	41f014f4ab5628620935f089b1bb77987ebc162fda7c72bff368a32c9cccabac
RF00442__5U3G_B__7MLW_F__a1__reverse__rep2	RF00442__5U3G_B__7MLW_F	reverse	2	RF00442__5U3G_B	46	C	46	B:46	yes	no	92	68	U	F:68	67	U	F:67	different_partner	NA	NA	yes	-1	Rfam.seed.gz	15.1	41f014f4ab5628620935f089b1bb77987ebc162fda7c72bff368a32c9cccabac
RF00442__5U3G_B__7MLW_F__a1__reverse__rep2	RF00442__5U3G_B__7MLW_F	reverse	2	RF00442__5U3G_B	47	C	47	B:47	yes	no	93	69	G	F:69	68	U	F:68	different_partner	NA	NA	yes	-1	Rfam.seed.gz	15.1	41f014f4ab5628620935f089b1bb77987ebc162fda7c72bff368a32c9cccabac
RF00442__5U3G_B__7MLW_F__a1__reverse__rep2	RF00442__5U3G_B__7MLW_F	reverse	2	RF00442__5U3G_B	48	G	48	B:48	yes	yes	118	90	A	F:90	69	G	F:69	different_partner	NA	NA	no	-21	Rfam.seed.gz	15.1	41f014f4ab5628620935f089b1bb77987ebc162fda7c72bff368a32c9cccabac
RF00442__5U3G_B__7MLW_F__a1__reverse__rep2	RF00442__5U3G_B__7MLW_F	reverse	2	RF00442__5U3G_B	49	A	49	B:49	yes	yes	119	91	A	F:91	NA	NA	NA	rfam_only	NA	algorithm_omission	no	NA	Rfam.seed.gz	15.1	41f014f4ab5628620935f089b1bb77987ebc162fda7c72bff368a32c9cccabac
RF00442__5U3G_B__7MLW_F__a1__reverse__rep2	RF00442__5U3G_B__7MLW_F	reverse	2	RF00442__5U3G_B	50	A	50	B:50	yes	yes	120	92	A	F:92	NA	NA	NA	rfam_only	NA	algorithm_omission	no	NA	Rfam.seed.gz	15.1	41f014f4ab5628620935f089b1bb77987ebc162fda7c72bff368a32c9cccabac
RF00442__5U3G_B__7MLW_F__a1__reverse__rep2	RF00442__5U3G_B__7MLW_F	reverse	2	RF00442__5U3G_B	51	A	51	B:51	yes	yes	121	93	C	F:93	96	C	F:96	different_partner	NA	NA	no	3	Rfam.seed.gz	15.1	41f014f4ab5628620935f089b1bb77987ebc162fda7c72bff368a32c9cccabac
RF00442__5U3G_B__7MLW_F__a1__reverse__rep2	RF00442__5U3G_B__7MLW_F	reverse	2	RF00442__5U3G_B	52	G	52	B:52	yes	no	141	96	C	F:96	97	G	F:97	different_partner	NA	NA	yes	1	Rfam.seed.gz	15.1	41f014f4ab5628620935f089b1bb77987ebc162fda7c72bff368a32c9cccabac
RF00442__5U3G_B__7MLW_F__a1__reverse__rep2	RF00442__5U3G_B__7MLW_F	reverse	2	RF00442__5U3G_B	53	G	53	B:53	yes	no	144	97	G	F:97	98	A	F:98	different_partner	NA	NA	yes	1	Rfam.seed.gz	15.1	41f014f4ab5628620935f089b1bb77987ebc162fda7c72bff368a32c9cccabac
RF00442__5U3G_B__7MLW_F__a1__reverse__rep2	RF00442__5U3G_B__7MLW_F	reverse	2	RF00442__5U3G_B	54	C	54	B:54	yes	no	146	98	A	F:98	99	G	F:99	different_partner	NA	NA	yes	1	Rfam.seed.gz	15.1	41f014f4ab5628620935f089b1bb77987ebc162fda7c72bff368a32c9cccabac
RF00442__5U3G_B__7MLW_F__a1__reverse__rep2	RF00442__5U3G_B__7MLW_F	reverse	2	RF00442__5U3G_B	55	G	55	B:55	yes	no	147	99	G	F:99	NA	NA	NA	rfam_only	NA	algorithm_omission	yes	NA	Rfam.seed.gz	15.1	41f014f4ab5628620935f089b1bb77987ebc162fda7c72bff368a32c9cccabac
RF00442__5U3G_B__7MLW_F__a1__reverse__rep2	RF00442__5U3G_B__7MLW_F	reverse	2	RF00442__5U3G_B	56	G	56	B:56	yes	no	148	100	G	F:100	100	G	F:100	same_partner	NA	NA	yes	0	Rfam.seed.gz	15.1	41f014f4ab5628620935f089b1bb77987ebc162fda7c72bff368a32c9cccabac
RF00442__5U3G_B__7MLW_F__a1__reverse__rep2	RF00442__5U3G_B__7MLW_F	reverse	2	RF00442__5U3G_B	57	U	57	B:57	yes	no	149	101	C	F:101	101	C	F:101	same_partner	NA	NA	yes	0	Rfam.seed.gz	15.1	41f014f4ab5628620935f089b1bb77987ebc162fda7c72bff368a32c9cccabac
RF00442__5U3G_B__7MLW_F__a1__reverse__rep2	RF00442__5U3G_B__7MLW_F	reverse	2	RF00442__5U3G_B	58	U	58	B:58	yes	no	151	102	U	F:102	102	U	F:102	same_partner	NA	NA	yes	0	Rfam.seed.gz	15.1	41f014f4ab5628620935f089b1bb77987ebc162fda7c72bff368a32c9cccabac
RF00442__5U3G_B__7MLW_F__a1__reverse__rep2	RF00442__5U3G_B__7MLW_F	reverse	2	RF00442__5U3G_B	59	A	59	B:59	yes	no	152	103	C	F:103	103	C	F:103	same_partner	NA	NA	yes	0	Rfam.seed.gz	15.1	41f014f4ab5628620935f089b1bb77987ebc162fda7c72bff368a32c9cccabac
RF00442__5U3G_B__7MLW_F__a1__reverse__rep2	RF00442__5U3G_B__7MLW_F	reverse	2	RF00442__5U3G_B	60	C	60	B:60	yes	no	153	104	C	F:104	104	C	F:104	same_partner	NA	NA	yes	0	Rfam.seed.gz	15.1	41f014f4ab5628620935f089b1bb77987ebc162fda7c72bff368a32c9cccabac
RF00442__5U3G_B__7MLW_F__a1__reverse__rep2	RF00442__5U3G_B__7MLW_F	reverse	2	RF00442__5U3G_B	61	A	61	B:61	yes	no	154	105	A	F:105	105	A	F:105	same_partner	NA	NA	yes	0	Rfam.seed.gz	15.1	41f014f4ab5628620935f089b1bb77987ebc162fda7c72bff368a32c9cccabac
RF00442__5U3G_B__7MLW_F__a1__reverse__rep2	RF00442__5U3G_B__7MLW_F	reverse	2	RF00442__5U3G_B	62	C	62	B:62	yes	no	155	106	C	F:106	106	C	F:106	same_partner	NA	NA	yes	0	Rfam.seed.gz	15.1	41f014f4ab5628620935f089b1bb77987ebc162fda7c72bff368a32c9cccabac
RF00442__5U3G_B__7MLW_F__a1__reverse__rep2	RF00442__5U3G_B__7MLW_F	reverse	2	RF00442__5U3G_B	63	G	63	B:63	yes	no	156	107	G	F:107	107	G	F:107	same_partner	NA	NA	yes	0	Rfam.seed.gz	15.1	41f014f4ab5628620935f089b1bb77987ebc162fda7c72bff368a32c9cccabac
RF00442__5U3G_B__7MLW_F__a1__reverse__rep2	RF00442__5U3G_B__7MLW_F	reverse	2	RF00442__5U3G_B	64	G	64	B:64	yes	no	157	108	G	F:108	108	G	F:108	same_partner	NA	NA	yes	0	Rfam.seed.gz	15.1	41f014f4ab5628620935f089b1bb77987ebc162fda7c72bff368a32c9cccabac
RF00442__5U3G_B__7MLW_F__a1__reverse__rep2	RF00442__5U3G_B__7MLW_F	reverse	2	RF00442__5U3G_B	65	C	65	B:65	yes	no	158	109	A	F:109	109	A	F:109	same_partner	NA	NA	yes	0	Rfam.seed.gz	15.1	41f014f4ab5628620935f089b1bb77987ebc162fda7c72bff368a32c9cccabac
RF00442__5U3G_B__7MLW_F__a1__reverse__rep2	RF00442__5U3G_B__7MLW_F	reverse	2	RF00442__5U3G_B	66	G	66	B:66	yes	no	159	110	G	F:110	110	G	F:110	same_partner	NA	NA	yes	0	Rfam.seed.gz	15.1	41f014f4ab5628620935f089b1bb77987ebc162fda7c72bff368a32c9cccabac
RF00442__5U3G_B__7MLW_F__a1__reverse__rep2	RF00442__5U3G_B__7MLW_F	reverse	2	RF00442__5U3G_B	67	G	67	B:67	yes	no	160	111	G	F:111	111	G	F:111	same_partner	NA	NA	yes	0	Rfam.seed.gz	15.1	41f014f4ab5628620935f089b1bb77987ebc162fda7c72bff368a32c9cccabac
RF00442__5U3G_B__7MLW_F__a1__reverse__rep2	RF00442__5U3G_B__7MLW_F	reverse	2	RF00442__5U3G_B	68	G	68	B:68	yes	no	161	112	G	F:112	112	G	F:112	same_partner	NA	NA	yes	0	Rfam.seed.gz	15.1	41f014f4ab5628620935f089b1bb77987ebc162fda7c72bff368a32c9cccabac
RF00442__5U3G_B__7MLW_F__a1__reverse__rep2	RF00442__5U3G_B__7MLW_F	reverse	2	RF00442__5U3G_B	69	A	69	B:69	yes	no	162	113	A	F:113	113	A	F:113	same_partner	NA	NA	yes	0	Rfam.seed.gz	15.1	41f014f4ab5628620935f089b1bb77987ebc162fda7c72bff368a32c9cccabac
RF00442__5U3G_B__7MLW_F__a1__reverse__rep2	RF00442__5U3G_B__7MLW_F	reverse	2	RF00442__5U3G_B	70	A	70	B:70	yes	yes	163	114	U	F:114	114	U	F:114	same_partner	NA	NA	no	0	Rfam.seed.gz	15.1	41f014f4ab5628620935f089b1bb77987ebc162fda7c72bff368a32c9cccabac
RF00442__5U3G_B__7MLW_F__a1__reverse__rep2	RF00442__5U3G_B__7MLW_F	reverse	2	RF00442__5U3G_B	71	A	71	B:71	yes	no	164	115	A	F:115	115	A	F:115	same_partner	NA	NA	yes	0	Rfam.seed.gz	15.1	41f014f4ab5628620935f089b1bb77987ebc162fda7c72bff368a32c9cccabac
RF00442__5U3G_B__7MLW_F__a1__reverse__rep2	RF00442__5U3G_B__7MLW_F	reverse	2	RF00442__5U3G_B	72	A	72	B:72	yes	no	165	116	A	F:116	116	A	F:116	same_partner	NA	NA	yes	0	Rfam.seed.gz	15.1	41f014f4ab5628620935f089b1bb77987ebc162fda7c72bff368a32c9cccabac
RF00442__5U3G_B__7MLW_F__a1__reverse__rep2	RF00442__5U3G_B__7MLW_F	reverse	2	RF00442__5U3G_B	73	A	73	B:73	yes	no	166	117	A	F:117	117	A	F:117	same_partner	NA	NA	yes	0	Rfam.seed.gz	15.1	41f014f4ab5628620935f089b1bb77987ebc162fda7c72bff368a32c9cccabac
RF00442__5U3G_B__7MLW_F__a1__reverse__rep2	RF00442__5U3G_B__7MLW_F	reverse	2	RF00442__5U3G_B	74	A	74	B:74	yes	no	167	118	A	F:118	118	A	F:118	same_partner	NA	NA	yes	0	Rfam.seed.gz	15.1	41f014f4ab5628620935f089b1bb77987ebc162fda7c72bff368a32c9cccabac
RF00442__5U3G_B__7MLW_F__a1__reverse__rep2	RF00442__5U3G_B__7MLW_F	reverse	2	RF00442__5U3G_B	75	G	75	B:75	yes	no	168	119	G	F:119	119	G	F:119	same_partner	NA	NA	yes	0	Rfam.seed.gz	15.1	41f014f4ab5628620935f089b1bb77987ebc162fda7c72bff368a32c9cccabac
RF00442__5U3G_B__7MLW_F__a1__reverse__rep2	RF00442__5U3G_B__7MLW_F	reverse	2	RF00442__5U3G_B	76	C	76	B:76	yes	no	169	120	C	F:120	120	C	F:120	same_partner	NA	NA	yes	0	Rfam.seed.gz	15.1	41f014f4ab5628620935f089b1bb77987ebc162fda7c72bff368a32c9cccabac
RF00442__5U3G_B__7MLW_F__a1__reverse__rep2	RF00442__5U3G_B__7MLW_F	reverse	2	RF00442__5U3G_B	77	C	77	B:77	yes	no	170	121	C	F:121	121	C	F:121	same_partner	NA	NA	yes	0	Rfam.seed.gz	15.1	41f014f4ab5628620935f089b1bb77987ebc162fda7c72bff368a32c9cccabac
RF00442__5U3G_B__7MLW_F__a1__reverse__rep2	RF00442__5U3G_B__7MLW_F	reverse	2	RF00442__5U3G_B	78	C	78	B:78	yes	no	171	122	C	F:122	122	C	F:122	same_partner	NA	NA	yes	0	Rfam.seed.gz	15.1	41f014f4ab5628620935f089b1bb77987ebc162fda7c72bff368a32c9cccabac
RF00442__5U3G_B__7MLW_F__a1__reverse__rep2	RF00442__5U3G_B__7MLW_F	reverse	2	RF00442__5U3G_B	79	G	79	B:79	yes	no	172	123	G	F:123	123	G	F:123	same_partner	NA	NA	yes	0	Rfam.seed.gz	15.1	41f014f4ab5628620935f089b1bb77987ebc162fda7c72bff368a32c9cccabac
RF00442__5U3G_B__7MLW_F__a1__reverse__rep2	RF00442__5U3G_B__7MLW_F	reverse	2	RF00442__5U3G_B	80	G	80	B:80	yes	no	173	124	G	F:124	124	G	F:124	same_partner	NA	NA	yes	0	Rfam.seed.gz	15.1	41f014f4ab5628620935f089b1bb77987ebc162fda7c72bff368a32c9cccabac
RF00442__5U3G_B__7MLW_F__a1__reverse__rep2	RF00442__5U3G_B__7MLW_F	reverse	2	RF00442__5U3G_B	81	G	81	B:81	yes	no	174	125	G	F:125	125	G	F:125	same_partner	NA	NA	yes	0	Rfam.seed.gz	15.1	41f014f4ab5628620935f089b1bb77987ebc162fda7c72bff368a32c9cccabac
RF00442__5U3G_B__7MLW_F__a1__reverse__rep2	RF00442__5U3G_B__7MLW_F	reverse	2	RF00442__5U3G_B	82	A	82	B:82	yes	no	175	126	A	F:126	126	A	F:126	same_partner	NA	NA	yes	0	Rfam.seed.gz	15.1	41f014f4ab5628620935f089b1bb77987ebc162fda7c72bff368a32c9cccabac
RF00442__5U3G_B__7MLW_F__a1__reverse__rep2	RF00442__5U3G_B__7MLW_F	reverse	2	RF00442__5U3G_B	83	G	83	B:83	yes	no	176	127	G	F:127	127	G	F:127	same_partner	NA	NA	yes	0	Rfam.seed.gz	15.1	41f014f4ab5628620935f089b1bb77987ebc162fda7c72bff368a32c9cccabac
RF00442__5U3G_B__7MLW_F__a1__reverse__rep2	RF00442__5U3G_B__7MLW_F	reverse	2	RF00442__5U3G_B	84	G	84	B:84	yes	no	177	128	G	F:128	128	G	F:128	same_partner	NA	NA	yes	0	Rfam.seed.gz	15.1	41f014f4ab5628620935f089b1bb77987ebc162fda7c72bff368a32c9cccabac
RF00442__5U3G_B__7MLW_F__a1__reverse__rep2	RF00442__5U3G_B__7MLW_F	reverse	2	RF00442__5U3G_B	85	A	85	B:85	yes	no	178	NA	NA	NA	NA	NA	NA	neither	alignment_gap_in_standard_seed	algorithm_omission	no	NA	Rfam.seed.gz	15.1	41f014f4ab5628620935f089b1bb77987ebc162fda7c72bff368a32c9cccabac
RF00442__5U3G_B__7MLW_F__a1__reverse__rep3	RF00442__5U3G_B__7MLW_F	reverse	3	RF00442__5U3G_B	1	G	1	B:1	yes	no	8	2	G	F:2	2	G	F:2	same_partner	NA	NA	yes	0	Rfam.seed.gz	15.1	41f014f4ab5628620935f089b1bb77987ebc162fda7c72bff368a32c9cccabac
RF00442__5U3G_B__7MLW_F__a1__reverse__rep3	RF00442__5U3G_B__7MLW_F	reverse	3	RF00442__5U3G_B	2	G	2	B:2	yes	no	9	3	A	F:3	3	A	F:3	same_partner	NA	NA	yes	0	Rfam.seed.gz	15.1	41f014f4ab5628620935f089b1bb77987ebc162fda7c72bff368a32c9cccabac
RF00442__5U3G_B__7MLW_F__a1__reverse__rep3	RF00442__5U3G_B__7MLW_F	reverse	3	RF00442__5U3G_B	3	U	3	B:3	yes	no	10	4	U	F:4	4	U	F:4	same_partner	NA	NA	yes	0	Rfam.seed.gz	15.1	41f014f4ab5628620935f089b1bb77987ebc162fda7c72bff368a32c9cccabac
RF00442__5U3G_B__7MLW_F__a1__reverse__rep3	RF00442__5U3G_B__7MLW_F	reverse	3	RF00442__5U3G_B	4	G	4	B:4	yes	no	11	5	C	F:5	5	C	F:5	same_partner	NA	NA	yes	0	Rfam.seed.gz	15.1	41f014f4ab5628620935f089b1bb77987ebc162fda7c72bff368a32c9cccabac
RF00442__5U3G_B__7MLW_F__a1__reverse__rep3	RF00442__5U3G_B__7MLW_F	reverse	3	RF00442__5U3G_B	5	A	5	B:5	yes	no	12	6	G	F:6	6	G	F:6	same_partner	NA	NA	yes	0	Rfam.seed.gz	15.1	41f014f4ab5628620935f089b1bb77987ebc162fda7c72bff368a32c9cccabac
RF00442__5U3G_B__7MLW_F__a1__reverse__rep3	RF00442__5U3G_B__7MLW_F	reverse	3	RF00442__5U3G_B	6	C	6	B:6	yes	no	13	7	C	F:7	7	C	F:7	same_partner	NA	NA	yes	0	Rfam.seed.gz	15.1	41f014f4ab5628620935f089b1bb77987ebc162fda7c72bff368a32c9cccabac
RF00442__5U3G_B__7MLW_F__a1__reverse__rep3	RF00442__5U3G_B__7MLW_F	reverse	3	RF00442__5U3G_B	7	U	7	B:7	yes	no	14	8	U	F:8	8	U	F:8	same_partner	NA	NA	yes	0	Rfam.seed.gz	15.1	41f014f4ab5628620935f089b1bb77987ebc162fda7c72bff368a32c9cccabac
RF00442__5U3G_B__7MLW_F__a1__reverse__rep3	RF00442__5U3G_B__7MLW_F	reverse	3	RF00442__5U3G_B	8	A	8	B:8	yes	no	15	9	A	F:9	9	A	F:9	same_partner	NA	NA	yes	0	Rfam.seed.gz	15.1	41f014f4ab5628620935f089b1bb77987ebc162fda7c72bff368a32c9cccabac
RF00442__5U3G_B__7MLW_F__a1__reverse__rep3	RF00442__5U3G_B__7MLW_F	reverse	3	RF00442__5U3G_B	9	G	9	B:9	yes	no	16	10	G	F:10	10	G	F:10	same_partner	NA	NA	yes	0	Rfam.seed.gz	15.1	41f014f4ab5628620935f089b1bb77987ebc162fda7c72bff368a32c9cccabac
RF00442__5U3G_B__7MLW_F__a1__reverse__rep3	RF00442__5U3G_B__7MLW_F	reverse	3	RF00442__5U3G_B	10	G	10	B:10	yes	no	17	11	G	F:11	11	G	F:11	same_partner	NA	NA	yes	0	Rfam.seed.gz	15.1	41f014f4ab5628620935f089b1bb77987ebc162fda7c72bff368a32c9cccabac
RF00442__5U3G_B__7MLW_F__a1__reverse__rep3	RF00442__5U3G_B__7MLW_F	reverse	3	RF00442__5U3G_B	11	G	11	B:11	yes	no	18	12	G	F:12	12	G	F:12	same_partner	NA	NA	yes	0	Rfam.seed.gz	15.1	41f014f4ab5628620935f089b1bb77987ebc162fda7c72bff368a32c9cccabac
RF00442__5U3G_B__7MLW_F__a1__reverse__rep3	RF00442__5U3G_B__7MLW_F	reverse	3	RF00442__5U3G_B	12	U	12	B:12	yes	no	19	13	U	F:13	13	U	F:13	same_partner	NA	NA	yes	0	Rfam.seed.gz	15.1	41f014f4ab5628620935f089b1bb77987ebc162fda7c72bff368a32c9cccabac
RF00442__5U3G_B__7MLW_F__a1__reverse__rep3	RF00442__5U3G_B__7MLW_F	reverse	3	RF00442__5U3G_B	13	U	13	B:13	yes	no	20	14	U	F:14	14	U	F:14	same_partner	NA	NA	yes	0	Rfam.seed.gz	15.1	41f014f4ab5628620935f089b1bb77987ebc162fda7c72bff368a32c9cccabac
RF00442__5U3G_B__7MLW_F__a1__reverse__rep3	RF00442__5U3G_B__7MLW_F	reverse	3	RF00442__5U3G_B	14	C	14	B:14	yes	no	21	15	C	F:15	15	C	F:15	same_partner	NA	NA	yes	0	Rfam.seed.gz	15.1	41f014f4ab5628620935f089b1bb77987ebc162fda7c72bff368a32c9cccabac
RF00442__5U3G_B__7MLW_F__a1__reverse__rep3	RF00442__5U3G_B__7MLW_F	reverse	3	RF00442__5U3G_B	15	C	15	B:15	yes	no	22	16	C	F:16	16	C	F:16	same_partner	NA	NA	yes	0	Rfam.seed.gz	15.1	41f014f4ab5628620935f089b1bb77987ebc162fda7c72bff368a32c9cccabac
RF00442__5U3G_B__7MLW_F__a1__reverse__rep3	RF00442__5U3G_B__7MLW_F	reverse	3	RF00442__5U3G_B	16	G	16	B:16	yes	no	23	17	G	F:17	17	G	F:17	same_partner	NA	NA	yes	0	Rfam.seed.gz	15.1	41f014f4ab5628620935f089b1bb77987ebc162fda7c72bff368a32c9cccabac
RF00442__5U3G_B__7MLW_F__a1__reverse__rep3	RF00442__5U3G_B__7MLW_F	reverse	3	RF00442__5U3G_B	17	G	17	B:17	yes	no	24	18	G	F:18	NA	NA	NA	rfam_only	NA	algorithm_omission	yes	NA	Rfam.seed.gz	15.1	41f014f4ab5628620935f089b1bb77987ebc162fda7c72bff368a32c9cccabac
RF00442__5U3G_B__7MLW_F__a1__reverse__rep3	RF00442__5U3G_B__7MLW_F	reverse	3	RF00442__5U3G_B	18	C	18	B:18	yes	no	25	19	U	F:19	18	G	F:18	different_partner	NA	NA	yes	-1	Rfam.seed.gz	15.1	41f014f4ab5628620935f089b1bb77987ebc162fda7c72bff368a32c9cccabac
RF00442__5U3G_B__7MLW_F__a1__reverse__rep3	RF00442__5U3G_B__7MLW_F	reverse	3	RF00442__5U3G_B	19	G	19	B:19	yes	yes	32	24	C	F:24	19	U	F:19	different_partner	NA	NA	no	-5	Rfam.seed.gz	15.1	41f014f4ab5628620935f089b1bb77987ebc162fda7c72bff368a32c9cccabac
RF00442__5U3G_B__7MLW_F__a1__reverse__rep3	RF00442__5U3G_B__7MLW_F	reverse	3	RF00442__5U3G_B	20	A	20	B:20	yes	yes	33	25	G	F:25	20	C	F:20	different_partner	NA	NA	no	-5	Rfam.seed.gz	15.1	41f014f4ab5628620935f089b1bb77987ebc162fda7c72bff368a32c9cccabac
RF00442__5U3G_B__7MLW_F__a1__reverse__rep3	RF00442__5U3G_B__7MLW_F	reverse	3	RF00442__5U3G_B	21	A	21	B:21	yes	yes	34	26	G	F:26	NA	NA	NA	rfam_only	NA	algorithm_omission	no	NA	Rfam.seed.gz	15.1	41f014f4ab5628620935f089b1bb77987ebc162fda7c72bff368a32c9cccabac
RF00442__5U3G_B__7MLW_F__a1__reverse__rep3	RF00442__5U3G_B__7MLW_F	reverse	3	RF00442__5U3G_B	22	A	22	B:22	yes	yes	35	27	C	F:27	NA	NA	NA	rfam_only	NA	algorithm_omission	no	NA	Rfam.seed.gz	15.1	41f014f4ab5628620935f089b1bb77987ebc162fda7c72bff368a32c9cccabac
RF00442__5U3G_B__7MLW_F__a1__reverse__rep3	RF00442__5U3G_B__7MLW_F	reverse	3	RF00442__5U3G_B	23	G	23	B:23	yes	no	63	42	A	F:42	44	G	F:44	different_partner	NA	NA	yes	2	Rfam.seed.gz	15.1	41f014f4ab5628620935f089b1bb77987ebc162fda7c72bff368a32c9cccabac
RF00442__5U3G_B__7MLW_F__a1__reverse__rep3	RF00442__5U3G_B__7MLW_F	reverse	3	RF00442__5U3G_B	24	C	24	B:24	yes	no	67	45	C	F:45	45	C	F:45	same_partner	NA	NA	yes	0	Rfam.seed.gz	15.1	41f014f4ab5628620935f089b1bb77987ebc162fda7c72bff368a32c9cccabac
RF00442__5U3G_B__7MLW_F__a1__reverse__rep3	RF00442__5U3G_B__7MLW_F	reverse	3	RF00442__5U3G_B	25	C	25	B:25	yes	yes	68	46	U	F:46	46	U	F:46	same_partner	NA	NA	no	0	Rfam.seed.gz	15.1	41f014f4ab5628620935f089b1bb77987ebc162fda7c72bff368a32c9cccabac
RF00442__5U3G_B__7MLW_F__a1__reverse__rep3	RF00442__5U3G_B__7MLW_F	reverse	3	RF00442__5U3G_B	26	G	26	B:26	yes	no	69	47	G	F:47	47	G	F:47	same_partner	NA	NA	yes	0	Rfam.seed.gz	15.1	41f014f4ab5628620935f089b1bb77987ebc162fda7c72bff368a32c9cccabac
RF00442__5U3G_B__7MLW_F__a1__reverse__rep3	RF00442__5U3G_B__7MLW_F	reverse	3	RF00442__5U3G_B	27	G	27	B:27	yes	no	71	48	G	F:48	48	G	F:48	same_partner	NA	NA	yes	0	Rfam.seed.gz	15.1	41f014f4ab5628620935f089b1bb77987ebc162fda7c72bff368a32c9cccabac
RF00442__5U3G_B__7MLW_F__a1__reverse__rep3	RF00442__5U3G_B__7MLW_F	reverse	3	RF00442__5U3G_B	28	U	28	B:28	yes	no	72	49	U	F:49	49	U	F:49	same_partner	NA	NA	yes	0	Rfam.seed.gz	15.1	41f014f4ab5628620935f089b1bb77987ebc162fda7c72bff368a32c9cccabac
RF00442__5U3G_B__7MLW_F__a1__reverse__rep3	RF00442__5U3G_B__7MLW_F	reverse	3	RF00442__5U3G_B	29	C	29	B:29	yes	no	73	50	C	F:50	50	C	F:50	same_partner	NA	NA	yes	0	Rfam.seed.gz	15.1	41f014f4ab5628620935f089b1bb77987ebc162fda7c72bff368a32c9cccabac
RF00442__5U3G_B__7MLW_F__a1__reverse__rep3	RF00442__5U3G_B__7MLW_F	reverse	3	RF00442__5U3G_B	30	C	30	B:30	yes	no	74	51	C	F:51	51	C	F:51	same_partner	NA	NA	yes	0	Rfam.seed.gz	15.1	41f014f4ab5628620935f089b1bb77987ebc162fda7c72bff368a32c9cccabac
RF00442__5U3G_B__7MLW_F__a1__reverse__rep3	RF00442__5U3G_B__7MLW_F	reverse	3	RF00442__5U3G_B	31	G	31	B:31	yes	no	75	52	G	F:52	52	G	F:52	same_partner	NA	NA	yes	0	Rfam.seed.gz	15.1	41f014f4ab5628620935f089b1bb77987ebc162fda7c72bff368a32c9cccabac
RF00442__5U3G_B__7MLW_F__a1__reverse__rep3	RF00442__5U3G_B__7MLW_F	reverse	3	RF00442__5U3G_B	32	A	32	B:32	yes	no	76	53	A	F:53	53	A	F:53	same_partner	NA	NA	yes	0	Rfam.seed.gz	15.1	41f014f4ab5628620935f089b1bb77987ebc162fda7c72bff368a32c9cccabac
RF00442__5U3G_B__7MLW_F__a1__reverse__rep3	RF00442__5U3G_B__7MLW_F	reverse	3	RF00442__5U3G_B	33	G	33	B:33	yes	no	77	54	G	F:54	54	G	F:54	same_partner	NA	NA	yes	0	Rfam.seed.gz	15.1	41f014f4ab5628620935f089b1bb77987ebc162fda7c72bff368a32c9cccabac
RF00442__5U3G_B__7MLW_F__a1__reverse__rep3	RF00442__5U3G_B__7MLW_F	reverse	3	RF00442__5U3G_B	34	A	34	B:34	yes	no	78	55	A	F:55	55	A	F:55	same_partner	NA	NA	yes	0	Rfam.seed.gz	15.1	41f014f4ab5628620935f089b1bb77987ebc162fda7c72bff368a32c9cccabac
RF00442__5U3G_B__7MLW_F__a1__reverse__rep3	RF00442__5U3G_B__7MLW_F	reverse	3	RF00442__5U3G_B	35	G	35	B:35	yes	no	79	56	G	F:56	56	G	F:56	same_partner	NA	NA	yes	0	Rfam.seed.gz	15.1	41f014f4ab5628620935f089b1bb77987ebc162fda7c72bff368a32c9cccabac
RF00442__5U3G_B__7MLW_F__a1__reverse__rep3	RF00442__5U3G_B__7MLW_F	reverse	3	RF00442__5U3G_B	36	U	36	B:36	yes	no	80	57	C	F:57	57	C	F:57	same_partner	NA	NA	yes	0	Rfam.seed.gz	15.1	41f014f4ab5628620935f089b1bb77987ebc162fda7c72bff368a32c9cccabac
RF00442__5U3G_B__7MLW_F__a1__reverse__rep3	RF00442__5U3G_B__7MLW_F	reverse	3	RF00442__5U3G_B	37	U	37	B:37	yes	yes	81	58	A	F:58	58	A	F:58	same_partner	NA	NA	no	0	Rfam.seed.gz	15.1	41f014f4ab5628620935f089b1bb77987ebc162fda7c72bff368a32c9cccabac
RF00442__5U3G_B__7MLW_F__a1__reverse__rep3	RF00442__5U3G_B__7MLW_F	reverse	3	RF00442__5U3G_B	38	A	38	B:38	yes	no	83	59	A	F:59	59	A	F:59	same_partner	NA	NA	yes	0	Rfam.seed.gz	15.1	41f014f4ab5628620935f089b1bb77987ebc162fda7c72bff368a32c9cccabac
RF00442__5U3G_B__7MLW_F__a1__reverse__rep3	RF00442__5U3G_B__7MLW_F	reverse	3	RF00442__5U3G_B	39	C	39	B:39	yes	no	84	60	U	F:60	60	U	F:60	same_partner	NA	NA	yes	0	Rfam.seed.gz	15.1	41f014f4ab5628620935f089b1bb77987ebc162fda7c72bff368a32c9cccabac
RF00442__5U3G_B__7MLW_F__a1__reverse__rep3	RF00442__5U3G_B__7MLW_F	reverse	3	RF00442__5U3G_B	40	C	40	B:40	yes	no	85	61	C	F:61	61	C	F:61	same_partner	NA	NA	yes	0	Rfam.seed.gz	15.1	41f014f4ab5628620935f089b1bb77987ebc162fda7c72bff368a32c9cccabac
RF00442__5U3G_B__7MLW_F__a1__reverse__rep3	RF00442__5U3G_B__7MLW_F	reverse	3	RF00442__5U3G_B	41	G	41	B:41	yes	no	87	63	G	F:63	62	C	F:62	different_partner	NA	NA	yes	-1	Rfam.seed.gz	15.1	41f014f4ab5628620935f089b1bb77987ebc162fda7c72bff368a32c9cccabac
RF00442__5U3G_B__7MLW_F__a1__reverse__rep3	RF00442__5U3G_B__7MLW_F	reverse	3	RF00442__5U3G_B	42	A	42	B:42	yes	no	88	64	G	F:64	63	G	F:63	different_partner	NA	NA	yes	-1	Rfam.seed.gz	15.1	41f014f4ab5628620935f089b1bb77987ebc162fda7c72bff368a32c9cccabac
RF00442__5U3G_B__7MLW_F__a1__reverse__rep3	RF00442__5U3G_B__7MLW_F	reverse	3	RF00442__5U3G_B	43	C	43	B:43	yes	no	89	65	U	F:65	64	G	F:64	different_partner	NA	NA	yes	-1	Rfam.seed.gz	15.1	41f014f4ab5628620935f089b1bb77987ebc162fda7c72bff368a32c9cccabac
RF00442__5U3G_B__7MLW_F__a1__reverse__rep3	RF00442__5U3G_B__7MLW_F	reverse	3	RF00442__5U3G_B	44	C	44	B:44	yes	no	90	66	C	F:66	65	U	F:65	different_partner	NA	NA	yes	-1	Rfam.seed.gz	15.1	41f014f4ab5628620935f089b1bb77987ebc162fda7c72bff368a32c9cccabac
RF00442__5U3G_B__7MLW_F__a1__reverse__rep3	RF00442__5U3G_B__7MLW_F	reverse	3	RF00442__5U3G_B	45	G	45	B:45	yes	no	91	67	U	F:67	66	C	F:66	different_partner	NA	NA	yes	-1	Rfam.seed.gz	15.1	41f014f4ab5628620935f089b1bb77987ebc162fda7c72bff368a32c9cccabac
RF00442__5U3G_B__7MLW_F__a1__reverse__rep3	RF00442__5U3G_B__7MLW_F	reverse	3	RF00442__5U3G_B	46	C	46	B:46	yes	no	92	68	U	F:68	67	U	F:67	different_partner	NA	NA	yes	-1	Rfam.seed.gz	15.1	41f014f4ab5628620935f089b1bb77987ebc162fda7c72bff368a32c9cccabac
RF00442__5U3G_B__7MLW_F__a1__reverse__rep3	RF00442__5U3G_B__7MLW_F	reverse	3	RF00442__5U3G_B	47	C	47	B:47	yes	no	93	69	G	F:69	68	U	F:68	different_partner	NA	NA	yes	-1	Rfam.seed.gz	15.1	41f014f4ab5628620935f089b1bb77987ebc162fda7c72bff368a32c9cccabac
RF00442__5U3G_B__7MLW_F__a1__reverse__rep3	RF00442__5U3G_B__7MLW_F	reverse	3	RF00442__5U3G_B	48	G	48	B:48	yes	yes	118	90	A	F:90	69	G	F:69	different_partner	NA	NA	no	-21	Rfam.seed.gz	15.1	41f014f4ab5628620935f089b1bb77987ebc162fda7c72bff368a32c9cccabac
RF00442__5U3G_B__7MLW_F__a1__reverse__rep3	RF00442__5U3G_B__7MLW_F	reverse	3	RF00442__5U3G_B	49	A	49	B:49	yes	yes	119	91	A	F:91	NA	NA	NA	rfam_only	NA	algorithm_omission	no	NA	Rfam.seed.gz	15.1	41f014f4ab5628620935f089b1bb77987ebc162fda7c72bff368a32c9cccabac
RF00442__5U3G_B__7MLW_F__a1__reverse__rep3	RF00442__5U3G_B__7MLW_F	reverse	3	RF00442__5U3G_B	50	A	50	B:50	yes	yes	120	92	A	F:92	NA	NA	NA	rfam_only	NA	algorithm_omission	no	NA	Rfam.seed.gz	15.1	41f014f4ab5628620935f089b1bb77987ebc162fda7c72bff368a32c9cccabac
RF00442__5U3G_B__7MLW_F__a1__reverse__rep3	RF00442__5U3G_B__7MLW_F	reverse	3	RF00442__5U3G_B	51	A	51	B:51	yes	yes	121	93	C	F:93	96	C	F:96	different_partner	NA	NA	no	3	Rfam.seed.gz	15.1	41f014f4ab5628620935f089b1bb77987ebc162fda7c72bff368a32c9cccabac
RF00442__5U3G_B__7MLW_F__a1__reverse__rep3	RF00442__5U3G_B__7MLW_F	reverse	3	RF00442__5U3G_B	52	G	52	B:52	yes	no	141	96	C	F:96	97	G	F:97	different_partner	NA	NA	yes	1	Rfam.seed.gz	15.1	41f014f4ab5628620935f089b1bb77987ebc162fda7c72bff368a32c9cccabac
RF00442__5U3G_B__7MLW_F__a1__reverse__rep3	RF00442__5U3G_B__7MLW_F	reverse	3	RF00442__5U3G_B	53	G	53	B:53	yes	no	144	97	G	F:97	98	A	F:98	different_partner	NA	NA	yes	1	Rfam.seed.gz	15.1	41f014f4ab5628620935f089b1bb77987ebc162fda7c72bff368a32c9cccabac
RF00442__5U3G_B__7MLW_F__a1__reverse__rep3	RF00442__5U3G_B__7MLW_F	reverse	3	RF00442__5U3G_B	54	C	54	B:54	yes	no	146	98	A	F:98	99	G	F:99	different_partner	NA	NA	yes	1	Rfam.seed.gz	15.1	41f014f4ab5628620935f089b1bb77987ebc162fda7c72bff368a32c9cccabac
RF00442__5U3G_B__7MLW_F__a1__reverse__rep3	RF00442__5U3G_B__7MLW_F	reverse	3	RF00442__5U3G_B	55	G	55	B:55	yes	no	147	99	G	F:99	NA	NA	NA	rfam_only	NA	algorithm_omission	yes	NA	Rfam.seed.gz	15.1	41f014f4ab5628620935f089b1bb77987ebc162fda7c72bff368a32c9cccabac
RF00442__5U3G_B__7MLW_F__a1__reverse__rep3	RF00442__5U3G_B__7MLW_F	reverse	3	RF00442__5U3G_B	56	G	56	B:56	yes	no	148	100	G	F:100	100	G	F:100	same_partner	NA	NA	yes	0	Rfam.seed.gz	15.1	41f014f4ab5628620935f089b1bb77987ebc162fda7c72bff368a32c9cccabac
RF00442__5U3G_B__7MLW_F__a1__reverse__rep3	RF00442__5U3G_B__7MLW_F	reverse	3	RF00442__5U3G_B	57	U	57	B:57	yes	no	149	101	C	F:101	101	C	F:101	same_partner	NA	NA	yes	0	Rfam.seed.gz	15.1	41f014f4ab5628620935f089b1bb77987ebc162fda7c72bff368a32c9cccabac
RF00442__5U3G_B__7MLW_F__a1__reverse__rep3	RF00442__5U3G_B__7MLW_F	reverse	3	RF00442__5U3G_B	58	U	58	B:58	yes	no	151	102	U	F:102	102	U	F:102	same_partner	NA	NA	yes	0	Rfam.seed.gz	15.1	41f014f4ab5628620935f089b1bb77987ebc162fda7c72bff368a32c9cccabac
RF00442__5U3G_B__7MLW_F__a1__reverse__rep3	RF00442__5U3G_B__7MLW_F	reverse	3	RF00442__5U3G_B	59	A	59	B:59	yes	no	152	103	C	F:103	103	C	F:103	same_partner	NA	NA	yes	0	Rfam.seed.gz	15.1	41f014f4ab5628620935f089b1bb77987ebc162fda7c72bff368a32c9cccabac
RF00442__5U3G_B__7MLW_F__a1__reverse__rep3	RF00442__5U3G_B__7MLW_F	reverse	3	RF00442__5U3G_B	60	C	60	B:60	yes	no	153	104	C	F:104	104	C	F:104	same_partner	NA	NA	yes	0	Rfam.seed.gz	15.1	41f014f4ab5628620935f089b1bb77987ebc162fda7c72bff368a32c9cccabac
RF00442__5U3G_B__7MLW_F__a1__reverse__rep3	RF00442__5U3G_B__7MLW_F	reverse	3	RF00442__5U3G_B	61	A	61	B:61	yes	no	154	105	A	F:105	105	A	F:105	same_partner	NA	NA	yes	0	Rfam.seed.gz	15.1	41f014f4ab5628620935f089b1bb77987ebc162fda7c72bff368a32c9cccabac
RF00442__5U3G_B__7MLW_F__a1__reverse__rep3	RF00442__5U3G_B__7MLW_F	reverse	3	RF00442__5U3G_B	62	C	62	B:62	yes	no	155	106	C	F:106	106	C	F:106	same_partner	NA	NA	yes	0	Rfam.seed.gz	15.1	41f014f4ab5628620935f089b1bb77987ebc162fda7c72bff368a32c9cccabac
RF00442__5U3G_B__7MLW_F__a1__reverse__rep3	RF00442__5U3G_B__7MLW_F	reverse	3	RF00442__5U3G_B	63	G	63	B:63	yes	no	156	107	G	F:107	107	G	F:107	same_partner	NA	NA	yes	0	Rfam.seed.gz	15.1	41f014f4ab5628620935f089b1bb77987ebc162fda7c72bff368a32c9cccabac
RF00442__5U3G_B__7MLW_F__a1__reverse__rep3	RF00442__5U3G_B__7MLW_F	reverse	3	RF00442__5U3G_B	64	G	64	B:64	yes	no	157	108	G	F:108	108	G	F:108	same_partner	NA	NA	yes	0	Rfam.seed.gz	15.1	41f014f4ab5628620935f089b1bb77987ebc162fda7c72bff368a32c9cccabac
RF00442__5U3G_B__7MLW_F__a1__reverse__rep3	RF00442__5U3G_B__7MLW_F	reverse	3	RF00442__5U3G_B	65	C	65	B:65	yes	no	158	109	A	F:109	109	A	F:109	same_partner	NA	NA	yes	0	Rfam.seed.gz	15.1	41f014f4ab5628620935f089b1bb77987ebc162fda7c72bff368a32c9cccabac
RF00442__5U3G_B__7MLW_F__a1__reverse__rep3	RF00442__5U3G_B__7MLW_F	reverse	3	RF00442__5U3G_B	66	G	66	B:66	yes	no	159	110	G	F:110	110	G	F:110	same_partner	NA	NA	yes	0	Rfam.seed.gz	15.1	41f014f4ab5628620935f089b1bb77987ebc162fda7c72bff368a32c9cccabac
RF00442__5U3G_B__7MLW_F__a1__reverse__rep3	RF00442__5U3G_B__7MLW_F	reverse	3	RF00442__5U3G_B	67	G	67	B:67	yes	no	160	111	G	F:111	111	G	F:111	same_partner	NA	NA	yes	0	Rfam.seed.gz	15.1	41f014f4ab5628620935f089b1bb77987ebc162fda7c72bff368a32c9cccabac
RF00442__5U3G_B__7MLW_F__a1__reverse__rep3	RF00442__5U3G_B__7MLW_F	reverse	3	RF00442__5U3G_B	68	G	68	B:68	yes	no	161	112	G	F:112	112	G	F:112	same_partner	NA	NA	yes	0	Rfam.seed.gz	15.1	41f014f4ab5628620935f089b1bb77987ebc162fda7c72bff368a32c9cccabac
RF00442__5U3G_B__7MLW_F__a1__reverse__rep3	RF00442__5U3G_B__7MLW_F	reverse	3	RF00442__5U3G_B	69	A	69	B:69	yes	no	162	113	A	F:113	113	A	F:113	same_partner	NA	NA	yes	0	Rfam.seed.gz	15.1	41f014f4ab5628620935f089b1bb77987ebc162fda7c72bff368a32c9cccabac
RF00442__5U3G_B__7MLW_F__a1__reverse__rep3	RF00442__5U3G_B__7MLW_F	reverse	3	RF00442__5U3G_B	70	A	70	B:70	yes	yes	163	114	U	F:114	114	U	F:114	same_partner	NA	NA	no	0	Rfam.seed.gz	15.1	41f014f4ab5628620935f089b1bb77987ebc162fda7c72bff368a32c9cccabac
RF00442__5U3G_B__7MLW_F__a1__reverse__rep3	RF00442__5U3G_B__7MLW_F	reverse	3	RF00442__5U3G_B	71	A	71	B:71	yes	no	164	115	A	F:115	115	A	F:115	same_partner	NA	NA	yes	0	Rfam.seed.gz	15.1	41f014f4ab5628620935f089b1bb77987ebc162fda7c72bff368a32c9cccabac
RF00442__5U3G_B__7MLW_F__a1__reverse__rep3	RF00442__5U3G_B__7MLW_F	reverse	3	RF00442__5U3G_B	72	A	72	B:72	yes	no	165	116	A	F:116	116	A	F:116	same_partner	NA	NA	yes	0	Rfam.seed.gz	15.1	41f014f4ab5628620935f089b1bb77987ebc162fda7c72bff368a32c9cccabac
RF00442__5U3G_B__7MLW_F__a1__reverse__rep3	RF00442__5U3G_B__7MLW_F	reverse	3	RF00442__5U3G_B	73	A	73	B:73	yes	no	166	117	A	F:117	117	A	F:117	same_partner	NA	NA	yes	0	Rfam.seed.gz	15.1	41f014f4ab5628620935f089b1bb77987ebc162fda7c72bff368a32c9cccabac
RF00442__5U3G_B__7MLW_F__a1__reverse__rep3	RF00442__5U3G_B__7MLW_F	reverse	3	RF00442__5U3G_B	74	A	74	B:74	yes	no	167	118	A	F:118	118	A	F:118	same_partner	NA	NA	yes	0	Rfam.seed.gz	15.1	41f014f4ab5628620935f089b1bb77987ebc162fda7c72bff368a32c9cccabac
RF00442__5U3G_B__7MLW_F__a1__reverse__rep3	RF00442__5U3G_B__7MLW_F	reverse	3	RF00442__5U3G_B	75	G	75	B:75	yes	no	168	119	G	F:119	119	G	F:119	same_partner	NA	NA	yes	0	Rfam.seed.gz	15.1	41f014f4ab5628620935f089b1bb77987ebc162fda7c72bff368a32c9cccabac
RF00442__5U3G_B__7MLW_F__a1__reverse__rep3	RF00442__5U3G_B__7MLW_F	reverse	3	RF00442__5U3G_B	76	C	76	B:76	yes	no	169	120	C	F:120	120	C	F:120	same_partner	NA	NA	yes	0	Rfam.seed.gz	15.1	41f014f4ab5628620935f089b1bb77987ebc162fda7c72bff368a32c9cccabac
RF00442__5U3G_B__7MLW_F__a1__reverse__rep3	RF00442__5U3G_B__7MLW_F	reverse	3	RF00442__5U3G_B	77	C	77	B:77	yes	no	170	121	C	F:121	121	C	F:121	same_partner	NA	NA	yes	0	Rfam.seed.gz	15.1	41f014f4ab5628620935f089b1bb77987ebc162fda7c72bff368a32c9cccabac
RF00442__5U3G_B__7MLW_F__a1__reverse__rep3	RF00442__5U3G_B__7MLW_F	reverse	3	RF00442__5U3G_B	78	C	78	B:78	yes	no	171	122	C	F:122	122	C	F:122	same_partner	NA	NA	yes	0	Rfam.seed.gz	15.1	41f014f4ab5628620935f089b1bb77987ebc162fda7c72bff368a32c9cccabac
RF00442__5U3G_B__7MLW_F__a1__reverse__rep3	RF00442__5U3G_B__7MLW_F	reverse	3	RF00442__5U3G_B	79	G	79	B:79	yes	no	172	123	G	F:123	123	G	F:123	same_partner	NA	NA	yes	0	Rfam.seed.gz	15.1	41f014f4ab5628620935f089b1bb77987ebc162fda7c72bff368a32c9cccabac
RF00442__5U3G_B__7MLW_F__a1__reverse__rep3	RF00442__5U3G_B__7MLW_F	reverse	3	RF00442__5U3G_B	80	G	80	B:80	yes	no	173	124	G	F:124	124	G	F:124	same_partner	NA	NA	yes	0	Rfam.seed.gz	15.1	41f014f4ab5628620935f089b1bb77987ebc162fda7c72bff368a32c9cccabac
RF00442__5U3G_B__7MLW_F__a1__reverse__rep3	RF00442__5U3G_B__7MLW_F	reverse	3	RF00442__5U3G_B	81	G	81	B:81	yes	no	174	125	G	F:125	125	G	F:125	same_partner	NA	NA	yes	0	Rfam.seed.gz	15.1	41f014f4ab5628620935f089b1bb77987ebc162fda7c72bff368a32c9cccabac
RF00442__5U3G_B__7MLW_F__a1__reverse__rep3	RF00442__5U3G_B__7MLW_F	reverse	3	RF00442__5U3G_B	82	A	82	B:82	yes	no	175	126	A	F:126	126	A	F:126	same_partner	NA	NA	yes	0	Rfam.seed.gz	15.1	41f014f4ab5628620935f089b1bb77987ebc162fda7c72bff368a32c9cccabac
RF00442__5U3G_B__7MLW_F__a1__reverse__rep3	RF00442__5U3G_B__7MLW_F	reverse	3	RF00442__5U3G_B	83	G	83	B:83	yes	no	176	127	G	F:127	127	G	F:127	same_partner	NA	NA	yes	0	Rfam.seed.gz	15.1	41f014f4ab5628620935f089b1bb77987ebc162fda7c72bff368a32c9cccabac
RF00442__5U3G_B__7MLW_F__a1__reverse__rep3	RF00442__5U3G_B__7MLW_F	reverse	3	RF00442__5U3G_B	84	G	84	B:84	yes	no	177	128	G	F:128	128	G	F:128	same_partner	NA	NA	yes	0	Rfam.seed.gz	15.1	41f014f4ab5628620935f089b1bb77987ebc162fda7c72bff368a32c9cccabac
RF00442__5U3G_B__7MLW_F__a1__reverse__rep3	RF00442__5U3G_B__7MLW_F	reverse	3	RF00442__5U3G_B	85	A	85	B:85	yes	no	178	NA	NA	NA	NA	NA	NA	neither	alignment_gap_in_standard_seed	algorithm_omission	no	NA	Rfam.seed.gz	15.1	41f014f4ab5628620935f089b1bb77987ebc162fda7c72bff368a32c9cccabac
