source_id	url	local_path	retrieved_utc	http_status	last_modified	etag	content_length_header	bytes	sha256	release	purpose	status	note
rfam/CURRENT/README	https://ftp.ebi.ac.uk/pub/databases/Rfam/CURRENT/README	inputs/rfam/CURRENT/README	2026-10-09T02:37:58+00:00	200	Sun, 04 Jan 2026 23:58:56 GMT	"""443e-64798b9b26084"""	17470	17470	3644c076ee3420a6b37bd8f7b8759dff408eea64067e4973ac5e0d54ec72a807		Rfam CURRENT release file README	ok	
rfam/CURRENT/USERMAN	https://ftp.ebi.ac.uk/pub/databases/Rfam/CURRENT/USERMAN	inputs/rfam/CURRENT/USERMAN	2026-10-09T02:37:59+00:00	200	Sat, 03 Jan 2026 01:30:59 GMT	"""197f-64771c73956e1"""	6527	6527	bd8abe4d8e96606a8fb6bd15b53bf6154135796b6427d072346927ad91cbab37		Rfam CURRENT release file USERMAN	ok	
rfam/CURRENT/COPYING	https://ftp.ebi.ac.uk/pub/databases/Rfam/CURRENT/COPYING	inputs/rfam/CURRENT/COPYING	2026-10-09T02:37:59+00:00	200	Sat, 03 Jan 2026 01:07:41 GMT	"""259-6477173dedb11"""	601	601	4366e90e0da3df45363e4c1d1bba140b3036ff3f78967f1b5f9ba23685b889d5		Rfam CURRENT release file COPYING	ok	
rfam/CURRENT/release_stats.tsv	https://ftp.ebi.ac.uk/pub/databases/Rfam/CURRENT/release_stats.tsv	inputs/rfam/CURRENT/release_stats.tsv	2026-10-09T02:38:00+00:00	200	Sat, 03 Jan 2026 01:18:45 GMT	"""253-647719b770ae3"""	595	595	53953aa373a4efcd797ba91f6e7aa792d5060281d88adcd9e570b7f2b50269f7		Rfam CURRENT release file release_stats.tsv	ok	
rfam/CURRENT/Rfam.pdb.gz	https://ftp.ebi.ac.uk/pub/databases/Rfam/CURRENT/Rfam.pdb.gz	inputs/rfam/CURRENT/Rfam.pdb.gz	2026-10-09T02:38:01+00:00	200	Sat, 03 Jan 2026 01:46:47 GMT	"""154fa-64771ffc06c91"""	87290	87290	4eac9865f671325b0d09e50b7db49a0608e82a0f7de33ad7ee220bbb38290155		Rfam CURRENT release file Rfam.pdb.gz	ok	
rfam/CURRENT/Rfam.3d.seed.gz	https://ftp.ebi.ac.uk/pub/databases/Rfam/CURRENT/Rfam.3d.seed.gz	inputs/rfam/CURRENT/Rfam.3d.seed.gz	2026-10-09T02:38:02+00:00	200	Sun, 04 Jan 2026 04:16:09 GMT	"""5c239-6478833c24a84"""	377401	377401	4055ce87a369794a1e4455badcaf7c3bc3a7a524368b5b249e34b2a8d2e8146f		Rfam CURRENT release file Rfam.3d.seed.gz	ok	
rfam/CURRENT/Rfam.seed.gz	https://ftp.ebi.ac.uk/pub/databases/Rfam/CURRENT/Rfam.seed.gz	inputs/rfam/CURRENT/Rfam.seed.gz	2026-10-09T02:38:07+00:00	200	Sat, 03 Jan 2026 01:34:05 GMT	"""5a75f0-64771d24ef3cb"""	5928432	5928432	41f014f4ab5628620935f089b1bb77987ebc162fda7c72bff368a32c9cccabac		Rfam CURRENT release file Rfam.seed.gz	ok	
rfam/CURRENT/Rfam.clanin	https://ftp.ebi.ac.uk/pub/databases/Rfam/CURRENT/Rfam.clanin	inputs/rfam/CURRENT/Rfam.clanin	2026-10-09T02:38:08+00:00	200	Sat, 03 Jan 2026 01:03:05 GMT	"""1692-64771636ebb12"""	5778	5778	8055b3aec9be36004663b7b7643ea128b906e6c9656266189afd30fc0da34a1d		Rfam CURRENT release file Rfam.clanin	ok	
rfam/web/RF00162_web_stockholm.sto	https://rfam.org/family/RF00162/alignment/stockholm	inputs/rfam/web/RF00162_web_stockholm.sto	2026-10-09T02:40:39+00:00	200			167766	167766	5e11139e9d0befb1b4529a9d113fc9fedff8fc85eb93145c5059c73799f21535		Real interleaved Stockholm record for parser gate (rfam.org web export); not a primary pilot input	ok	
rfam/CURRENT/database_files/family.sql	https://ftp.ebi.ac.uk/pub/databases/Rfam/CURRENT/database_files/family.sql	inputs/rfam/CURRENT/database_files/family.sql	2026-10-09T02:41:37+00:00	200	Wed, 07 Jan 2026 18:55:13 GMT	"""c86-647d0d5141852"""	3206	3206	f4c4b1bd0d3fc5d99ee2678cda6e5996800a7de77e2319bd597816ace45e34b0		Rfam 15.1 database table family.sql (family type, CLEN)	ok	
rfam/CURRENT/database_files/family.txt.gz	https://ftp.ebi.ac.uk/pub/databases/Rfam/CURRENT/database_files/family.txt.gz	inputs/rfam/CURRENT/database_files/family.txt.gz	2026-10-09T02:41:39+00:00	200	Wed, 07 Jan 2026 18:54:42 GMT	"""5c7b4-647d0d32f02e6"""	378804	378804	5662343d24b6f8dab566977fabebeb9df4bbec47fb8991400749fc642f03df69		Rfam 15.1 database table family.txt.gz (family type, CLEN)	ok	
rfam/CURRENT/database_files/db_version.txt.gz	https://ftp.ebi.ac.uk/pub/databases/Rfam/CURRENT/database_files/db_version.txt.gz	inputs/rfam/CURRENT/database_files/db_version.txt.gz	2026-10-09T02:41:39+00:00	200	Wed, 07 Jan 2026 18:54:42 GMT	"""14-647d0d32d9d82"""	20	20	59869db34853933b239f1e2219cf7d431da006aa919635478511fabbfc8849d2		Rfam 15.1 database table db_version.txt.gz (family type, CLEN)	ok	
structures/mmcif/2N7M.cif.gz	https://files.rcsb.org/download/2N7M.cif.gz	inputs/structures/mmcif/2N7M.cif.gz	2026-10-09T02:44:31+00:00	200	Mon, 22 Sep 2025 00:20:26 GMT	"""787d5f751b70c56ac1600535dbf37ff3-gz"""	571187	571187	3700db8621f80a1294b4eb3e12ee00b4aeb4f016aa108772d8af41256e4ae88d		RCSB mmCIF for 2N7M (source coordinates/metadata)	ok	
rnacentral/URS00008FED30.json	https://rnacentral.org/api/v1/rna/URS00008FED30.json	inputs/rnacentral/URS00008FED30.json	2026-10-09T02:44:33+00:00	200			578	578	5eeb2a6d89dc153c1c9e43611e98e7eb0166e31aa4dab412944c1e51c08862d1		RNAcentral record for URS00008FED30 (row origin)	ok	
rnacentral/URS00008FED30_32630_xrefs.json	https://rnacentral.org/api/v1/rna/URS00008FED30/xrefs/32630.json?page_size=200	inputs/rnacentral/URS00008FED30_32630_xrefs.json	2026-10-09T02:44:36+00:00	200			1388	1388	5f591d24fb065d8085976f61e11ad942a48dcf5971e57dc6b4f4aa9b4ebb8dd8		RNAcentral cross-references for URS00008FED30_32630 (row provenance)	ok	
structures/mmcif/3JCM.cif.gz	https://files.rcsb.org/download/3JCM.cif.gz	inputs/structures/mmcif/3JCM.cif.gz	2026-10-09T02:44:37+00:00	200	Mon, 22 Sep 2025 00:09:58 GMT	"""6d37529dc7672798a8475c1400a7ffdd-gz"""	1694218	1694218	435a010b7e4ca96a8c01cee986ece1cdd2a481fa655b035c9893795da312c5d3		RCSB mmCIF for 3JCM (source coordinates/metadata)	ok	
rnacentral/URS00001143F5.json	https://rnacentral.org/api/v1/rna/URS00001143F5.json	inputs/rnacentral/URS00001143F5.json	2026-10-09T02:44:38+00:00	200			1136	1136	7a24e3287a0616aeaf922f3eef78ed83191f74ac1ec01ea99b102920b997165f		RNAcentral record for URS00001143F5 (row origin)	ok	
rnacentral/URS00001143F5_4932_xrefs.json	https://rnacentral.org/api/v1/rna/URS00001143F5/xrefs/4932.json?page_size=200	inputs/rnacentral/URS00001143F5_4932_xrefs.json	2026-10-09T02:44:42+00:00	200			19467	19467	262131db447a4d89822d26683838330c542d695496283f0f75df0d1110649038		RNAcentral cross-references for URS00001143F5_4932 (row provenance)	ok	
structures/mmcif/5GAN.cif.gz	https://files.rcsb.org/download/5GAN.cif.gz	inputs/structures/mmcif/5GAN.cif.gz	2026-10-09T02:44:43+00:00	200	Mon, 22 Sep 2025 00:01:17 GMT	"""8df727008a6efd0fbc9ba55faec046bd-gz"""	1937178	1937178	6938f6dc6f933caaa77b774c16a7f0d6020d87582600cd50a5f1544ebe5a6ed6		RCSB mmCIF for 5GAN (source coordinates/metadata)	ok	
structures/mmcif/5GAP.cif.gz	https://files.rcsb.org/download/5GAP.cif.gz	inputs/structures/mmcif/5GAP.cif.gz	2026-10-09T02:44:44+00:00	200	Mon, 22 Sep 2025 00:01:17 GMT	"""9f3189d1a9f1abb90ee11d97d0ec237a-gz"""	899761	899761	76cb3dbf4e71d8687b8fbf72024f968080752c9cb8bd3dba8248f8650ae44d19		RCSB mmCIF for 5GAP (source coordinates/metadata)	ok	
rnacentral/URS00008FED2F.json	https://rnacentral.org/api/v1/rna/URS00008FED2F.json	inputs/rnacentral/URS00008FED2F.json	2026-10-09T02:44:45+00:00	200			547	547	76653327d506dca07f2461828363dbbd244b84f4b2f11457c661573bece1da58		RNAcentral record for URS00008FED2F (row origin)	ok	
rnacentral/URS00008FED2F_4932_xrefs.json	https://rnacentral.org/api/v1/rna/URS00008FED2F/xrefs/4932.json?page_size=200	inputs/rnacentral/URS00008FED2F_4932_xrefs.json	2026-10-09T02:44:47+00:00	200			2987	2987	98eba353415a213a058458ef9a3f4b2e9129372aefc1a905114cc6d7a66a61d8		RNAcentral cross-references for URS00008FED2F_4932 (row provenance)	ok	
structures/mmcif/5NRL.cif.gz	https://files.rcsb.org/download/5NRL.cif.gz	inputs/structures/mmcif/5NRL.cif.gz	2026-10-09T02:44:48+00:00	200	Mon, 22 Sep 2025 00:21:53 GMT	"""31a4450fc79c984485e7df1afef30acf-gz"""	3039779	3039779	aeb390dc90f01722674b09aadd1c295ddaf92803167dee3cca8ca9093714a726		RCSB mmCIF for 5NRL (source coordinates/metadata)	ok	
structures/mmcif/5O9Z.cif.gz	https://files.rcsb.org/download/5O9Z.cif.gz	inputs/structures/mmcif/5O9Z.cif.gz	2026-10-09T02:44:49+00:00	200	Mon, 22 Sep 2025 00:23:11 GMT	"""86759811ce1eeb5e664343085e69ed32-gz"""	1752373	1752373	5f761874a40c45ff3912ce41af6bab93f1aa45d499a35657e6f4f51fd73c324c		RCSB mmCIF for 5O9Z (source coordinates/metadata)	ok	
rnacentral/URS0000200C70.json	https://rnacentral.org/api/v1/rna/URS0000200C70.json	inputs/rnacentral/URS0000200C70.json	2026-10-09T02:44:50+00:00	200			632	632	28f7d404d91bce4b379cc463a992f5a622badbe86497fdd62f6e7fa16a69c056		RNAcentral record for URS0000200C70 (row origin)	ok	
rnacentral/URS0000200C70_9606_xrefs.json	https://rnacentral.org/api/v1/rna/URS0000200C70/xrefs/9606.json?page_size=200	inputs/rnacentral/URS0000200C70_9606_xrefs.json	2026-10-09T02:44:54+00:00	200			7093	7093	a8072fdfc62c300c3a0443af6572d3a99459a053fb9e6046f9ae4c46fa16b695		RNAcentral cross-references for URS0000200C70_9606 (row provenance)	ok	
structures/mmcif/5ZWM.cif.gz	https://files.rcsb.org/download/5ZWM.cif.gz	inputs/structures/mmcif/5ZWM.cif.gz	2026-10-09T02:44:55+00:00	200	Mon, 22 Sep 2025 00:52:39 GMT	"""d36e55b8463413540df893f8bbad776a-gz"""	2972445	2972445	6d3168506a2528cdbbd4c1748cc6e098bd62f092b86d65dbc6f08df1c2a2796e		RCSB mmCIF for 5ZWM (source coordinates/metadata)	ok	
structures/mmcif/5ZWO.cif.gz	https://files.rcsb.org/download/5ZWO.cif.gz	inputs/structures/mmcif/5ZWO.cif.gz	2026-10-09T02:44:56+00:00	200	Mon, 22 Sep 2025 00:52:39 GMT	"""132cab08a63f57c14237f793f6dad094-gz"""	2699468	2699468	4d515c9c8a30abcb96bf602f3153faf95547b4d9fa181670a8751e40c7682e0d		RCSB mmCIF for 5ZWO (source coordinates/metadata)	ok	
rnacentral/URS0000D77922.json	https://rnacentral.org/api/v1/rna/URS0000D77922.json	inputs/rnacentral/URS0000D77922.json	2026-10-09T02:44:57+00:00	200			649	649	97a12afa8d7fde3154eeb29443639fed8ca51765725437287aa900897f95ff73		RNAcentral record for URS0000D77922 (row origin)	ok	
rnacentral/URS0000D77922_4932_xrefs.json	https://rnacentral.org/api/v1/rna/URS0000D77922/xrefs/4932.json?page_size=200	inputs/rnacentral/URS0000D77922_4932_xrefs.json	2026-10-09T02:44:59+00:00	200			1429	1429	5c2f944d4b9845fe281b309cceeba8343dd92a5b5538d1f9fccdf184dd532ba1		RNAcentral cross-references for URS0000D77922_4932 (row provenance)	ok	
structures/mmcif/6AH0.cif.gz	https://files.rcsb.org/download/6AH0.cif.gz	inputs/structures/mmcif/6AH0.cif.gz	2026-10-09T02:45:00+00:00	200	Sun, 21 Sep 2025 23:45:06 GMT	"""03336b319e7cfe563a6025696c751a5e-gz"""	2253381	2253381	619ab76cf7eae5020995420123852e5cc90dc613d4c828934a85a20dcb9a4e64		RCSB mmCIF for 6AH0 (source coordinates/metadata)	ok	
rnacentral/URS00003F07BD.json	https://rnacentral.org/api/v1/rna/URS00003F07BD.json	inputs/rnacentral/URS00003F07BD.json	2026-10-09T02:45:01+00:00	200			640	640	71cbc140a7e230fbbad8f81e7cfe2a2d37ebdc09554927f0a759c4ba8b0e7ba0		RNAcentral record for URS00003F07BD (row origin)	ok	
rnacentral/URS00003F07BD_9606_xrefs.json	https://rnacentral.org/api/v1/rna/URS00003F07BD/xrefs/9606.json?page_size=200	inputs/rnacentral/URS00003F07BD_9606_xrefs.json	2026-10-09T02:45:04+00:00	200			30992	30992	cc1a192b7d76e156870d4e919497e03f444656e304a41083e487ec85d433fd5a		RNAcentral cross-references for URS00003F07BD_9606 (row provenance)	ok	
structures/mmcif/6AHD.cif.gz	https://files.rcsb.org/download/6AHD.cif.gz	inputs/structures/mmcif/6AHD.cif.gz	2026-10-09T02:45:04+00:00	200	Sun, 21 Sep 2025 23:45:07 GMT	"""0da0e08f109d5a297dba9ca76d4162b7-gz"""	2575991	2575991	6940359f6a94be94ed8ad64316344bbd2c3a16acfb77845aa2ce44c8e335291c		RCSB mmCIF for 6AHD (source coordinates/metadata)	ok	
structures/mmcif/6QW6.cif.gz	https://files.rcsb.org/download/6QW6.cif.gz	inputs/structures/mmcif/6QW6.cif.gz	2026-10-09T02:45:06+00:00	200	Mon, 22 Sep 2025 00:30:40 GMT	"""177d7d9e41436a085b13ef932c4f8ab5-gz"""	2115404	2115404	f1d51dee20a53bc5e51abde4b23b7e130d68f6d36360300f65751dbee8ba29b5		RCSB mmCIF for 6QW6 (source coordinates/metadata)	ok	
rnacentral/URS0000E60BB1.json	https://rnacentral.org/api/v1/rna/URS0000E60BB1.json	inputs/rnacentral/URS0000E60BB1.json	2026-10-09T02:45:07+00:00	200			620	620	560dc92ceecd1c47a44fd1bbade8aaff6634d46336eee26d1096b28b1dee1bfa		RNAcentral record for URS0000E60BB1 (row origin)	ok	
rnacentral/URS0000E60BB1_9606_xrefs.json	https://rnacentral.org/api/v1/rna/URS0000E60BB1/xrefs/9606.json?page_size=200	inputs/rnacentral/URS0000E60BB1_9606_xrefs.json	2026-10-09T02:45:11+00:00	200			3085	3085	296331189d788fccaf9f25a739bb89caf7bb1f8d75744aa071799b3a94cb9ffe		RNAcentral cross-references for URS0000E60BB1_9606 (row provenance)	ok	
structures/mmcif/6QX9.cif.gz	https://files.rcsb.org/download/6QX9.cif.gz	inputs/structures/mmcif/6QX9.cif.gz	2026-10-09T02:45:12+00:00	200	Mon, 22 Sep 2025 00:30:45 GMT	"""169c8eb205c814bdbc7682ca20654f42-gz"""	3324099	3324099	1acd788a2ebb59f84c77beabe79f8fe4deb3442a91a9c00cc4ad25a219310f99		RCSB mmCIF for 6QX9 (source coordinates/metadata)	ok	
structures/mmcif/1JU7.cif.gz	https://files.rcsb.org/download/1JU7.cif.gz	inputs/structures/mmcif/1JU7.cif.gz	2026-10-09T02:45:13+00:00	200	Mon, 22 Sep 2025 00:11:21 GMT	"""43ab1f0bdc966384537f8247c268d3f8-gz"""	106665	106665	cfd13f1b66f2863da9724e517359a4df10e29603fc95459ea1ef3a67345f2ff7		RCSB mmCIF for 1JU7 (source coordinates/metadata)	ok	
rnacentral/URS000080E1CD.json	https://rnacentral.org/api/v1/rna/URS000080E1CD.json	inputs/rnacentral/URS000080E1CD.json	2026-10-09T02:45:15+00:00	200			508	508	02eb4897fc9174de824a8f5a3b1aa7504f3e4c08e14e4e3f1b24fef6bb377639		RNAcentral record for URS000080E1CD (row origin)	ok	
rnacentral/URS000080E1CD_10090_xrefs.json	https://rnacentral.org/api/v1/rna/URS000080E1CD/xrefs/10090.json?page_size=200	inputs/rnacentral/URS000080E1CD_10090_xrefs.json	2026-10-09T02:45:18+00:00	200			3409	3409	8bb4de1bf17c51202b15cca37622fd556cd04dc32c462dfff33643b03b6bb143		RNAcentral cross-references for URS000080E1CD_10090 (row provenance)	ok	
structures/mmcif/1JWC.cif.gz	https://files.rcsb.org/download/1JWC.cif.gz	inputs/structures/mmcif/1JWC.cif.gz	2026-10-09T02:45:19+00:00	200	Mon, 22 Sep 2025 00:11:31 GMT	"""7141961b4ba695cb234af124ed2cf4d7-gz"""	20130	20130	315bbbe8f5de4d04194d51769ed5042783b04e9d676f257ed10ff8a569125723		RCSB mmCIF for 1JWC (source coordinates/metadata)	ok	
structures/mmcif/4L8R.cif.gz	https://files.rcsb.org/download/4L8R.cif.gz	inputs/structures/mmcif/4L8R.cif.gz	2026-10-09T02:45:19+00:00	200	Mon, 22 Sep 2025 00:15:19 GMT	"""ad758a6c62b911fd00f7e4d26bf374b9-gz"""	171632	171632	002626040ee0bbe672b74df2d09472afe849ff5e13321e472aa981dae9b7939d		RCSB mmCIF for 4L8R (source coordinates/metadata)	ok	
rnacentral/URS000233597C.json	https://rnacentral.org/api/v1/rna/URS000233597C.json	inputs/rnacentral/URS000233597C.json	2026-10-09T02:45:22+00:00	200			505	505	085263f489125c51e622f08088fdf2c99e78693c1f7c63598b27e036100f9c92		RNAcentral record for URS000233597C (row origin)	ok	
rnacentral/URS000233597C_9606_xrefs.json	https://rnacentral.org/api/v1/rna/URS000233597C/xrefs/9606.json?page_size=200	inputs/rnacentral/URS000233597C_9606_xrefs.json	2026-10-09T02:45:25+00:00	200			16830	16830	1313fdee46f427600fc829a1cc20e61baf7b9c71a72cc7c4794330f243979e9f		RNAcentral cross-references for URS000233597C_9606 (row provenance)	ok	
structures/mmcif/4QOZ.cif.gz	https://files.rcsb.org/download/4QOZ.cif.gz	inputs/structures/mmcif/4QOZ.cif.gz	2026-10-09T02:45:26+00:00	200	Mon, 22 Sep 2025 00:30:02 GMT	"""b6954b43234de085f2f0aa0ccc22d4fb-gz"""	176681	176681	cdd28a647b2ccdafeae5166f932b33caa8a16e40507c3c26b2d3f44b1f090098		RCSB mmCIF for 4QOZ (source coordinates/metadata)	ok	
structures/mmcif/4TUW.cif.gz	https://files.rcsb.org/download/4TUW.cif.gz	inputs/structures/mmcif/4TUW.cif.gz	2026-10-09T02:45:26+00:00	200	Mon, 22 Sep 2025 00:37:47 GMT	"""8c38f7c75c4c4768da7d57be39c32329-gz"""	73605	73605	27d2e99c6bc96e55f86d81240523232009e5827f4e0365f14c9b40440260e589		RCSB mmCIF for 4TUW (source coordinates/metadata)	ok	
rnacentral/URS0002335968.json	https://rnacentral.org/api/v1/rna/URS0002335968.json	inputs/rnacentral/URS0002335968.json	2026-10-09T02:45:28+00:00	200			509	509	b6f21ec918150a0b34e40de18cad8c17ba18cf140d1d494ba97326476fbf669e		RNAcentral record for URS0002335968 (row origin)	ok	
rnacentral/URS0002335968_32630_xrefs.json	https://rnacentral.org/api/v1/rna/URS0002335968/xrefs/32630.json?page_size=200	inputs/rnacentral/URS0002335968_32630_xrefs.json	2026-10-09T02:45:30+00:00	200			1669	1669	ba189f4693009fda30f9addb6ed66236a9c7984246bb9f5d4c9be09233a7b54f		RNAcentral cross-references for URS0002335968_32630 (row provenance)	ok	
rnacentral/URS000080E236.json	https://rnacentral.org/api/v1/rna/URS000080E236.json	inputs/rnacentral/URS000080E236.json	2026-10-09T02:45:31+00:00	200			506	506	9256e724b68787ede838473e7d84a4916179069f65e9d085dfd75b83ec5444aa		RNAcentral record for URS000080E236 (row origin)	ok	
rnacentral/URS000080E236_32630_xrefs.json	https://rnacentral.org/api/v1/rna/URS000080E236/xrefs/32630.json?page_size=200	inputs/rnacentral/URS000080E236_32630_xrefs.json	2026-10-09T02:45:33+00:00	200			4716	4716	9192806f41c6d0294775a69bcc03a255184d7ec0c28d23ba715183a8f2fc46c2		RNAcentral cross-references for URS000080E236_32630 (row provenance)	ok	
structures/mmcif/4TUX.cif.gz	https://files.rcsb.org/download/4TUX.cif.gz	inputs/structures/mmcif/4TUX.cif.gz	2026-10-09T02:45:34+00:00	200	Mon, 22 Sep 2025 00:37:47 GMT	"""2bbc502f48526e923daacd6ea8ab161c-gz"""	72991	72991	ced29c0285b9023757de962cee154d765496004349ebf5822ef77786c14af2ef		RCSB mmCIF for 4TUX (source coordinates/metadata)	ok	
structures/mmcif/4TV0.cif.gz	https://files.rcsb.org/download/4TV0.cif.gz	inputs/structures/mmcif/4TV0.cif.gz	2026-10-09T02:45:34+00:00	200	Mon, 22 Sep 2025 00:37:51 GMT	"""10a99e76334a9bd0f883a3a7449b6412-gz"""	40952	40952	ad1d3cd5e91edd86b3abca188a94953b5ecbf6b4c079c139889b8569b7e516e8		RCSB mmCIF for 4TV0 (source coordinates/metadata)	ok	
structures/mmcif/2CKY.cif.gz	https://files.rcsb.org/download/2CKY.cif.gz	inputs/structures/mmcif/2CKY.cif.gz	2026-10-09T02:45:35+00:00	200	Sun, 21 Sep 2025 23:50:53 GMT	"""db56b140729122148e99cc9baec3f0c8-gz"""	100594	100594	3b05f952f5c104ca71c562cd3b45019d3894ff7880df152cb3bac7362cde67f2		RCSB mmCIF for 2CKY (source coordinates/metadata)	ok	
rnacentral/URS000080DE9F.json	https://rnacentral.org/api/v1/rna/URS000080DE9F.json	inputs/rnacentral/URS000080DE9F.json	2026-10-09T02:45:37+00:00	200			576	576	fc1815ccbdc02f8c61859ba201f3d85deffadb4bd28eb4f16b05dc586349515a		RNAcentral record for URS000080DE9F (row origin)	ok	
rnacentral/URS000080DE9F_3702_xrefs.json	https://rnacentral.org/api/v1/rna/URS000080DE9F/xrefs/3702.json?page_size=200	inputs/rnacentral/URS000080DE9F_3702_xrefs.json	2026-10-09T02:45:40+00:00	200			14140	14140	7d3df64821ea41b2d18a611794ce9970ca57c93cc135cc1d5eb6d56fadb8a88a		RNAcentral cross-references for URS000080DE9F_3702 (row provenance)	ok	
structures/mmcif/2GDI.cif.gz	https://files.rcsb.org/download/2GDI.cif.gz	inputs/structures/mmcif/2GDI.cif.gz	2026-10-09T02:45:41+00:00	200	Mon, 22 Sep 2025 00:01:30 GMT	"""a2e9ed7e0c1a7a31265637bfd6aecc7d-gz"""	114078	114078	28debe1741bd4801dbfe0f299452c08fe8e73ae3461c26373781342c20cc2470		RCSB mmCIF for 2GDI (source coordinates/metadata)	ok	
rnacentral/URS000080DDEB.json	https://rnacentral.org/api/v1/rna/URS000080DDEB.json	inputs/rnacentral/URS000080DDEB.json	2026-10-09T02:45:43+00:00	200			584	584	79b1a39b1d7bf55ef5869548ba21f2706cde01feee1f8c8e441e1e84aec75ae3		RNAcentral record for URS000080DDEB (row origin)	ok	
rnacentral/URS000080DDEB_32630_xrefs.json	https://rnacentral.org/api/v1/rna/URS000080DDEB/xrefs/32630.json?page_size=200	inputs/rnacentral/URS000080DDEB_32630_xrefs.json	2026-10-09T02:45:45+00:00	200			2736	2736	698483b78b6d96eb7971606d88bed47153e2b0f33216af627f86bc4b7cfbba60		RNAcentral cross-references for URS000080DDEB_32630 (row provenance)	ok	
structures/mmcif/2HOJ.cif.gz	https://files.rcsb.org/download/2HOJ.cif.gz	inputs/structures/mmcif/2HOJ.cif.gz	2026-10-09T02:45:46+00:00	200	Mon, 22 Sep 2025 00:05:22 GMT	"""23dbd7226781c872e4cfdb63c6c58d93-gz"""	57278	57278	97d71a2aaf1c44ef9655e7c13d4242b16a419f08a16e67735b14b3432f892047		RCSB mmCIF for 2HOJ (source coordinates/metadata)	ok	
rnacentral/URS000080E068.json	https://rnacentral.org/api/v1/rna/URS000080E068.json	inputs/rnacentral/URS000080E068.json	2026-10-09T02:45:47+00:00	200			587	587	a5865cf81baa0737f61e44deeadde10b0fe88e641020dfd9d0acea26c1e285bc		RNAcentral record for URS000080E068 (row origin)	ok	
rnacentral/URS000080E068_32630_xrefs.json	https://rnacentral.org/api/v1/rna/URS000080E068/xrefs/32630.json?page_size=200	inputs/rnacentral/URS000080E068_32630_xrefs.json	2026-10-09T02:45:50+00:00	200			2736	2736	47c6d8ab1359a8cabe73bcabb8b2bb68be980058a07468d99ded2630e1b5391c		RNAcentral cross-references for URS000080E068_32630 (row provenance)	ok	
structures/mmcif/2HOK.cif.gz	https://files.rcsb.org/download/2HOK.cif.gz	inputs/structures/mmcif/2HOK.cif.gz	2026-10-09T02:45:51+00:00	200	Mon, 22 Sep 2025 00:05:22 GMT	"""95e768bb709169d104e1bb96fe4b1807-gz"""	54776	54776	b731f8d6d76c27368eab00396cd5431af355b4607f0d00b4e6c39fe5e291f8cb		RCSB mmCIF for 2HOK (source coordinates/metadata)	ok	
structures/mmcif/2HOL.cif.gz	https://files.rcsb.org/download/2HOL.cif.gz	inputs/structures/mmcif/2HOL.cif.gz	2026-10-09T02:45:52+00:00	200	Mon, 22 Sep 2025 00:05:22 GMT	"""5832ac758a072d238c4c335fccb6660c-gz"""	56683	56683	03a43d868bb474351713aa102f15ce84bbe57aaba8e0fe20823dcce0922d7f75		RCSB mmCIF for 2HOL (source coordinates/metadata)	ok	
structures/mmcif/2HOM.cif.gz	https://files.rcsb.org/download/2HOM.cif.gz	inputs/structures/mmcif/2HOM.cif.gz	2026-10-09T02:45:52+00:00	200	Mon, 22 Sep 2025 00:05:22 GMT	"""9cd848fda90b93dfecc144b44373e532-gz"""	55689	55689	edde2babf1189ecf6b66a6f693c165efd4804fc80619f7d5a8b440f525259060		RCSB mmCIF for 2HOM (source coordinates/metadata)	ok	
structures/mmcif/2HOO.cif.gz	https://files.rcsb.org/download/2HOO.cif.gz	inputs/structures/mmcif/2HOO.cif.gz	2026-10-09T02:45:53+00:00	200	Mon, 22 Sep 2025 00:05:22 GMT	"""c35d82152656458bc94e09ab4565e3b4-gz"""	57416	57416	f8b41f3e1c795fe2c91018d11e997624a7a38f159e3375cf1029321fab8cf0b4		RCSB mmCIF for 2HOO (source coordinates/metadata)	ok	
structures/mmcif/2HOP.cif.gz	https://files.rcsb.org/download/2HOP.cif.gz	inputs/structures/mmcif/2HOP.cif.gz	2026-10-09T02:45:53+00:00	200	Mon, 22 Sep 2025 00:05:22 GMT	"""dead85bdc808a1bd6166309876cdf342-gz"""	51169	51169	0006d0d4b4fcc7d9df7524d57a5ec6f4be9b463da1c474c91ad499791ffc9534		RCSB mmCIF for 2HOP (source coordinates/metadata)	ok	
structures/mmcif/3D2G.cif.gz	https://files.rcsb.org/download/3D2G.cif.gz	inputs/structures/mmcif/3D2G.cif.gz	2026-10-09T02:45:54+00:00	200	Sun, 21 Sep 2025 23:52:17 GMT	"""0c1535becc0fb9d25a452d8d65cd14fa-gz"""	107987	107987	7bd4d78f8506bea34f073df176c7ea003285693c8bd8d0545e8ae6f4e9191d06		RCSB mmCIF for 3D2G (source coordinates/metadata)	ok	
structures/mmcif/3D2V.cif.gz	https://files.rcsb.org/download/3D2V.cif.gz	inputs/structures/mmcif/3D2V.cif.gz	2026-10-09T02:45:54+00:00	200	Sun, 21 Sep 2025 23:52:17 GMT	"""500dec6867cb2d048886628ebdbfb318-gz"""	114102	114102	b95609cfb679c9a04db50217cfce12f0f1e84a93eae06a8667cb34a3457f9989		RCSB mmCIF for 3D2V (source coordinates/metadata)	ok	
structures/mmcif/3D2X.cif.gz	https://files.rcsb.org/download/3D2X.cif.gz	inputs/structures/mmcif/3D2X.cif.gz	2026-10-09T02:45:55+00:00	200	Sun, 21 Sep 2025 23:52:17 GMT	"""b86cdfd058a8f990493879ca05a1659e-gz"""	101699	101699	32f8e05fb43e2f27c41fd1df230a42bc67a837f9675815fd81ebc169144817fa		RCSB mmCIF for 3D2X (source coordinates/metadata)	ok	
structures/mmcif/3K0J.cif.gz	https://files.rcsb.org/download/3K0J.cif.gz	inputs/structures/mmcif/3K0J.cif.gz	2026-10-09T02:45:56+00:00	200	Mon, 22 Sep 2025 00:11:52 GMT	"""ecd809282dcf0f2903114b7954e96561-gz"""	183863	183863	49ece49ba174251dd980c1ba4adf4d1d6316292586d38041f69e92922008140d		RCSB mmCIF for 3K0J (source coordinates/metadata)	ok	
rnacentral/URS000080E23F.json	https://rnacentral.org/api/v1/rna/URS000080E23F.json	inputs/rnacentral/URS000080E23F.json	2026-10-09T02:45:57+00:00	200			585	585	a8e205916827f3b369a9e43974181b3ee4b58a0b8e51fff41b5f9428cf2d04a5		RNAcentral record for URS000080E23F (row origin)	ok	
rnacentral/URS000080E23F_32630_xrefs.json	https://rnacentral.org/api/v1/rna/URS000080E23F/xrefs/32630.json?page_size=200	inputs/rnacentral/URS000080E23F_32630_xrefs.json	2026-10-09T02:45:59+00:00	200			2736	2736	ca92effa4f14798a58e0a4c4641fb7fe7a73ebd6638318c38644bb746e0b1748		RNAcentral cross-references for URS000080E23F_32630 (row provenance)	ok	
structures/mmcif/4NYA.cif.gz	https://files.rcsb.org/download/4NYA.cif.gz	inputs/structures/mmcif/4NYA.cif.gz	2026-10-09T02:46:00+00:00	200	Mon, 22 Sep 2025 00:22:23 GMT	"""e9f02beb8a563b764322f17406c3be0a-gz"""	102514	102514	bacbe415b057d934c4bd470a6bf1cd24c93d2e04a8131840de759c714f9ae426		RCSB mmCIF for 4NYA (source coordinates/metadata)	ok	
rnacentral/URS000080DDEB_562_xrefs.json	https://rnacentral.org/api/v1/rna/URS000080DDEB/xrefs/562.json?page_size=200	inputs/rnacentral/URS000080DDEB_562_xrefs.json	2026-10-09T02:46:03+00:00	200			15217	15217	51d30087cb3dd43df96bbe5054ca2adbebaf2d8a8aebe15e25b2b55aa337e066		RNAcentral cross-references for URS000080DDEB_562 (row provenance)	ok	
structures/mmcif/4NYB.cif.gz	https://files.rcsb.org/download/4NYB.cif.gz	inputs/structures/mmcif/4NYB.cif.gz	2026-10-09T02:46:03+00:00	200	Mon, 22 Sep 2025 00:22:23 GMT	"""84448544e01f76cd51fbd421e53786d9-gz"""	58453	58453	956c73bb2a820198d63364b0e99c0f69a16494d6cf256c5e58aa1155d2e5976c		RCSB mmCIF for 4NYB (source coordinates/metadata)	ok	
structures/mmcif/4NYC.cif.gz	https://files.rcsb.org/download/4NYC.cif.gz	inputs/structures/mmcif/4NYC.cif.gz	2026-10-09T02:46:04+00:00	200	Mon, 22 Sep 2025 00:22:23 GMT	"""23b1c25668721bc5079595dbf3dc8ebc-gz"""	57062	57062	2d92ea3da00640dfb63ccfde3d6070b8c3dc3632f8642f5d5866efdd440a08a7		RCSB mmCIF for 4NYC (source coordinates/metadata)	ok	
structures/mmcif/4NYD.cif.gz	https://files.rcsb.org/download/4NYD.cif.gz	inputs/structures/mmcif/4NYD.cif.gz	2026-10-09T02:46:04+00:00	200	Mon, 22 Sep 2025 00:22:23 GMT	"""036387faf47156a7d8006975ea99e5c0-gz"""	57103	57103	ccc6895eed2f7c2431d7109fafb86b697e55f4a186e01965fe1ae92728c61183		RCSB mmCIF for 4NYD (source coordinates/metadata)	ok	
structures/mmcif/4NYG.cif.gz	https://files.rcsb.org/download/4NYG.cif.gz	inputs/structures/mmcif/4NYG.cif.gz	2026-10-09T02:46:05+00:00	200	Mon, 22 Sep 2025 00:22:23 GMT	"""31745f944898321a820f3836e681cfc5-gz"""	54525	54525	576132d21bb03a50215752585dcc0eb2e2915a701793508905300abb57d8bb0a		RCSB mmCIF for 4NYG (source coordinates/metadata)	ok	
structures/mmcif/7TD7.cif.gz	https://files.rcsb.org/download/7TD7.cif.gz	inputs/structures/mmcif/7TD7.cif.gz	2026-10-09T02:46:05+00:00	200	Mon, 22 Sep 2025 00:36:42 GMT	"""6a0513d560be7a1865f21f1f9c2a8d2e-gz"""	115559	115559	5b664a6c6f977f61efef146a929a311c196531815320729499bcb5dd505ab228		RCSB mmCIF for 7TD7 (source coordinates/metadata)	ok	
rnacentral/URS000080E068_562_xrefs.json	https://rnacentral.org/api/v1/rna/URS000080E068/xrefs/562.json?page_size=200	inputs/rnacentral/URS000080E068_562_xrefs.json	2026-10-09T02:46:09+00:00	200			31252	31252	cccaab9a230bdff2140a7cef686e937bf8d40ab93cbfe396d4e7585473b3265f		RNAcentral cross-references for URS000080E068_562 (row provenance)	ok	
structures/mmcif/7TDA.cif.gz	https://files.rcsb.org/download/7TDA.cif.gz	inputs/structures/mmcif/7TDA.cif.gz	2026-10-09T02:46:09+00:00	200	Mon, 22 Sep 2025 00:36:42 GMT	"""3e93a6555dab9cd08755fa693da1350b-gz"""	61639	61639	0b263ad9d378fb2e6cfcfdb2f54e0232f3f627a7d803cd35becf8f7661434ed8		RCSB mmCIF for 7TDA (source coordinates/metadata)	ok	
structures/mmcif/7TDB.cif.gz	https://files.rcsb.org/download/7TDB.cif.gz	inputs/structures/mmcif/7TDB.cif.gz	2026-10-09T02:46:10+00:00	200	Mon, 22 Sep 2025 00:36:42 GMT	"""a3f576dff325681245bcd3cfae85261c-gz"""	61464	61464	685fc6cd6114c9b9ba585b1f67719c2945f3ef87da721359da0badc3e0f00527		RCSB mmCIF for 7TDB (source coordinates/metadata)	ok	
structures/mmcif/7TDC.cif.gz	https://files.rcsb.org/download/7TDC.cif.gz	inputs/structures/mmcif/7TDC.cif.gz	2026-10-09T02:46:10+00:00	200	Mon, 22 Sep 2025 00:36:42 GMT	"""432af0128733f956e9eeaf91f0dab719-gz"""	61712	61712	654f32a6f1a7a1b6ce862ca91c9f1afec6634d705580caa9e961fb9885e1fc5c		RCSB mmCIF for 7TDC (source coordinates/metadata)	ok	
structures/mmcif/7TZR.cif.gz	https://files.rcsb.org/download/7TZR.cif.gz	inputs/structures/mmcif/7TZR.cif.gz	2026-10-09T02:46:11+00:00	200	Mon, 22 Sep 2025 00:38:10 GMT	"""212ca7c2e380f4b3fa984c6697038402-gz"""	105708	105708	dc4049b5134275c0b155e9f0989cf93718ea9a258e84d3906cfedab8aeada1f0		RCSB mmCIF for 7TZR (source coordinates/metadata)	ok	
structures/mmcif/7TZS.cif.gz	https://files.rcsb.org/download/7TZS.cif.gz	inputs/structures/mmcif/7TZS.cif.gz	2026-10-09T02:46:12+00:00	200	Mon, 22 Sep 2025 00:38:10 GMT	"""7f8cda3298f6156c1ba3592e342ea2ed-gz"""	202232	202232	933062dad546d5ce0edbadfb5c1c1d2c665d54c58202003d1ba014b492241977		RCSB mmCIF for 7TZS (source coordinates/metadata)	ok	
structures/mmcif/7TZT.cif.gz	https://files.rcsb.org/download/7TZT.cif.gz	inputs/structures/mmcif/7TZT.cif.gz	2026-10-09T02:46:12+00:00	200	Mon, 22 Sep 2025 00:38:10 GMT	"""0d67203b4c4d78e9050ccaeb81c5594f-gz"""	104816	104816	a238e2c16b0a31f06c47993479ad5dedbb4960b3ee756fda6dc5981a52884cdc		RCSB mmCIF for 7TZT (source coordinates/metadata)	ok	
structures/mmcif/7TZU.cif.gz	https://files.rcsb.org/download/7TZU.cif.gz	inputs/structures/mmcif/7TZU.cif.gz	2026-10-09T02:46:12+00:00	200	Mon, 22 Sep 2025 00:38:10 GMT	"""8e512be6f4dde65f336bb9fb547180df-gz"""	108690	108690	c61ac0cdb4895dbd5dc96d3d472fb4ecf4e9308c427941ad12d2e7fb63a57ac7		RCSB mmCIF for 7TZU (source coordinates/metadata)	ok	
structures/mmcif/2GIS.cif.gz	https://files.rcsb.org/download/2GIS.cif.gz	inputs/structures/mmcif/2GIS.cif.gz	2026-10-09T02:46:13+00:00	200	Sun, 09 Aug 2026 00:42:54 GMT	"""f5b514fd683c500a4070c7a4bcb86ac1-gz"""	67475	67475	00dd7434a17c1c3b2e5be078afa7a3bad358e67baa3c4d0143e99f0d50734aa6		RCSB mmCIF for 2GIS (source coordinates/metadata)	ok	
rnacentral/URS000080DF35.json	https://rnacentral.org/api/v1/rna/URS000080DF35.json	inputs/rnacentral/URS000080DF35.json	2026-10-09T02:46:14+00:00	200			601	601	e6b45c0de3f8abda64adac2acabf522cc6c9a0a00ee69d72f93b79602c546cd8		RNAcentral record for URS000080DF35 (row origin)	ok	
rnacentral/URS000080DF35_32630_xrefs.json	https://rnacentral.org/api/v1/rna/URS000080DF35/xrefs/32630.json?page_size=200	inputs/rnacentral/URS000080DF35_32630_xrefs.json	2026-10-09T02:46:17+00:00	200			1425	1425	55a6d22c06b25080846b506afdfd8bc45935f87534b280383192b57c7fb36757		RNAcentral cross-references for URS000080DF35_32630 (row provenance)	ok	
structures/mmcif/2YDH.cif.gz	https://files.rcsb.org/download/2YDH.cif.gz	inputs/structures/mmcif/2YDH.cif.gz	2026-10-09T02:46:18+00:00	200	Mon, 22 Sep 2025 00:49:05 GMT	"""2c8b5070e1d1ffcc9ea0d241dea589d8-gz"""	65169	65169	fa16cf2f48f094267abf9dc0383f14eace443f4e08f86b9a7c3d9454b7262ed8		RCSB mmCIF for 2YDH (source coordinates/metadata)	ok	
rnacentral/URS000080E1B3.json	https://rnacentral.org/api/v1/rna/URS000080E1B3.json	inputs/rnacentral/URS000080E1B3.json	2026-10-09T02:46:19+00:00	200			602	602	27f38991ae1a43846289235e0752e80483ccecac1cc89ba8a7dd8b226724c453		RNAcentral record for URS000080E1B3 (row origin)	ok	
rnacentral/URS000080E1B3_911092_xrefs.json	https://rnacentral.org/api/v1/rna/URS000080E1B3/xrefs/911092.json?page_size=200	inputs/rnacentral/URS000080E1B3_911092_xrefs.json	2026-10-09T02:46:21+00:00	200			1450	1450	c4e8848f0d42dd31e6efc7a2549669bfe76eb94eeebe93cf3e6f98d589dca0f1		RNAcentral cross-references for URS000080E1B3_911092 (row provenance)	ok	
structures/mmcif/2YGH.cif.gz	https://files.rcsb.org/download/2YGH.cif.gz	inputs/structures/mmcif/2YGH.cif.gz	2026-10-09T02:46:22+00:00	200	Mon, 22 Sep 2025 00:49:17 GMT	"""83d67a41dd9ff580aac1849e15f0f00b-gz"""	65799	65799	3556caa61b60788a9131d04652ec9bb5d7502d255e845e86e6d52edd86471123		RCSB mmCIF for 2YGH (source coordinates/metadata)	ok	
rnacentral/URS0000BC4670.json	https://rnacentral.org/api/v1/rna/URS0000BC4670.json	inputs/rnacentral/URS0000BC4670.json	2026-10-09T02:46:23+00:00	200			603	603	8f4f13d85e14acd3ae829727bc8bf7ebc22b34108c86ac323836ee814e06d7cc		RNAcentral record for URS0000BC4670 (row origin)	ok	
rnacentral/URS0000BC4670_911092_xrefs.json	https://rnacentral.org/api/v1/rna/URS0000BC4670/xrefs/911092.json?page_size=200	inputs/rnacentral/URS0000BC4670_911092_xrefs.json	2026-10-09T02:46:27+00:00	200			1450	1450	592fbddf259da20e23cb7192864648a910b21f7aa674a04e037f57128c768980		RNAcentral cross-references for URS0000BC4670_911092 (row provenance)	ok	
structures/mmcif/3GX2.cif.gz	https://files.rcsb.org/download/3GX2.cif.gz	inputs/structures/mmcif/3GX2.cif.gz	2026-10-09T02:46:28+00:00	200	Mon, 22 Sep 2025 00:03:10 GMT	"""76d9f5c6c530096703162eb580f0807e-gz"""	118952	118952	94beb46f42de6f46fd7bd40287bbdf51bb2be0d3f85a8d989f9c259443f7a2fb		RCSB mmCIF for 3GX2 (source coordinates/metadata)	ok	
rnacentral/URS000080E047.json	https://rnacentral.org/api/v1/rna/URS000080E047.json	inputs/rnacentral/URS000080E047.json	2026-10-09T02:46:30+00:00	200			601	601	e2477ea3744f5a39d4554d3031dc556a9e4b28bfe68a323da5ee3549cd6c3f08		RNAcentral record for URS000080E047 (row origin)	ok	
rnacentral/URS000080E047_32630_xrefs.json	https://rnacentral.org/api/v1/rna/URS000080E047/xrefs/32630.json?page_size=200	inputs/rnacentral/URS000080E047_32630_xrefs.json	2026-10-09T02:46:33+00:00	200			1425	1425	fb2da8275da55337f3e62e39d1fece090fd402138b0db3c6db4854da3584f5b4		RNAcentral cross-references for URS000080E047_32630 (row provenance)	ok	
structures/mmcif/3GX3.cif.gz	https://files.rcsb.org/download/3GX3.cif.gz	inputs/structures/mmcif/3GX3.cif.gz	2026-10-09T02:46:33+00:00	200	Mon, 22 Sep 2025 00:03:10 GMT	"""1bd38c11456b2218fb7702c7e1fc0ff7-gz"""	65228	65228	3bf37dedd02f8c1fcbddd44d3b1e31da4a7abfd02534b8d8cb42fd743625f21c		RCSB mmCIF for 3GX3 (source coordinates/metadata)	ok	
structures/mmcif/3GX5.cif.gz	https://files.rcsb.org/download/3GX5.cif.gz	inputs/structures/mmcif/3GX5.cif.gz	2026-10-09T02:46:34+00:00	200	Mon, 22 Sep 2025 00:03:10 GMT	"""58638e32466970e3984eb42ac951230b-gz"""	125018	125018	28df2dcd4c54437dce9ddebd81cedd750ba9215b07cc043adf7f5194218874a3		RCSB mmCIF for 3GX5 (source coordinates/metadata)	ok	
structures/mmcif/3GX6.cif.gz	https://files.rcsb.org/download/3GX6.cif.gz	inputs/structures/mmcif/3GX6.cif.gz	2026-10-09T02:46:35+00:00	200	Mon, 22 Sep 2025 00:03:10 GMT	"""d2f3370604825e3f6384a1336d8c5337-gz"""	63442	63442	64d48e6283b85a6891d5abc91356b5ad6ff99c833daf3326c34584ca4ea8dfca		RCSB mmCIF for 3GX6 (source coordinates/metadata)	ok	
structures/mmcif/3GX7.cif.gz	https://files.rcsb.org/download/3GX7.cif.gz	inputs/structures/mmcif/3GX7.cif.gz	2026-10-09T02:46:35+00:00	200	Mon, 22 Sep 2025 00:03:10 GMT	"""be02ebfca1be77c51db037829a4ece0e-gz"""	118952	118952	88b28ca16090882f7867fe2acd565309d0d99d96e99a58c86f087f0b3c781192		RCSB mmCIF for 3GX7 (source coordinates/metadata)	ok	
rnacentral/URS000080E094.json	https://rnacentral.org/api/v1/rna/URS000080E094.json	inputs/rnacentral/URS000080E094.json	2026-10-09T02:46:37+00:00	200			601	601	605fead336ae772c5e014459fe655c3b3e1b4176e278f0a3d704f49e388ed691		RNAcentral record for URS000080E094 (row origin)	ok	
rnacentral/URS000080E094_32630_xrefs.json	https://rnacentral.org/api/v1/rna/URS000080E094/xrefs/32630.json?page_size=200	inputs/rnacentral/URS000080E094_32630_xrefs.json	2026-10-09T02:46:39+00:00	200			1425	1425	a862fad8112e00f9a021d49e715161c951a08bfe3b70d662578a1b657922edbd		RNAcentral cross-references for URS000080E094_32630 (row provenance)	ok	
structures/mmcif/3IQN.cif.gz	https://files.rcsb.org/download/3IQN.cif.gz	inputs/structures/mmcif/3IQN.cif.gz	2026-10-09T02:46:40+00:00	200	Mon, 22 Sep 2025 00:08:17 GMT	"""a6d9bea4efbeb1a19f1fb60d0f3cdd7d-gz"""	64563	64563	d03ec62f14965d9115d430e6ca31176d8900bc746751eca097b9788a50ccb5ec		RCSB mmCIF for 3IQN (source coordinates/metadata)	ok	
rnacentral/URS000080E279.json	https://rnacentral.org/api/v1/rna/URS000080E279.json	inputs/rnacentral/URS000080E279.json	2026-10-09T02:46:41+00:00	200			594	594	f5f3aec018ee1ab6deb7c48da97b66b92d68acf58c434e722b96b6f0f44e859b		RNAcentral record for URS000080E279 (row origin)	ok	
rnacentral/URS000080E279_32630_xrefs.json	https://rnacentral.org/api/v1/rna/URS000080E279/xrefs/32630.json?page_size=200	inputs/rnacentral/URS000080E279_32630_xrefs.json	2026-10-09T02:46:44+00:00	200			2945	2945	5b2742efb68dcc863756e39230622c890ce9758f7422d18b43a349a3fbac38ae		RNAcentral cross-references for URS000080E279_32630 (row provenance)	ok	
structures/mmcif/3IQP.cif.gz	https://files.rcsb.org/download/3IQP.cif.gz	inputs/structures/mmcif/3IQP.cif.gz	2026-10-09T02:46:44+00:00	200	Mon, 22 Sep 2025 00:08:17 GMT	"""f4e41f1968c09cca7fcac9f8de743d8e-gz"""	66674	66674	d6f11793752b174cef9e955925588a4cc623915af488fec4c472ef499defb90f		RCSB mmCIF for 3IQP (source coordinates/metadata)	ok	
rnacentral/URS000080DF1C.json	https://rnacentral.org/api/v1/rna/URS000080DF1C.json	inputs/rnacentral/URS000080DF1C.json	2026-10-09T02:46:45+00:00	200			601	601	25ae44f9cdad558acf84af60c052199795e6c8fe478adb8c92e0a609478413e6		RNAcentral record for URS000080DF1C (row origin)	ok	
rnacentral/URS000080DF1C_32630_xrefs.json	https://rnacentral.org/api/v1/rna/URS000080DF1C/xrefs/32630.json?page_size=200	inputs/rnacentral/URS000080DF1C_32630_xrefs.json	2026-10-09T02:46:49+00:00	200			1425	1425	ab571afaaf0bce1d87bcc12fc170b7406291d924ab66bfcc18352d76a55fbdb7		RNAcentral cross-references for URS000080DF1C_32630 (row provenance)	ok	
structures/mmcif/3IQR.cif.gz	https://files.rcsb.org/download/3IQR.cif.gz	inputs/structures/mmcif/3IQR.cif.gz	2026-10-09T02:46:49+00:00	200	Mon, 22 Sep 2025 00:08:17 GMT	"""165f97898cd2375da2e5c6871eed18f6-gz"""	65907	65907	1c25041d1e39523f24daafc489b9204b96fe475803c1bf88e702f85bac42b585		RCSB mmCIF for 3IQR (source coordinates/metadata)	ok	
structures/mmcif/3V7E.cif.gz	https://files.rcsb.org/download/3V7E.cif.gz	inputs/structures/mmcif/3V7E.cif.gz	2026-10-09T02:46:50+00:00	200	Sun, 09 Aug 2026 00:44:38 GMT	"""3050da205d2b6ce3783d659da579931b-gz"""	192866	192866	196a23eebfd675253654cd35f368bf205dc99fe2b2fce74c82891de2d6781544		RCSB mmCIF for 3V7E (source coordinates/metadata)	ok	
rnacentral/URS000080E09F.json	https://rnacentral.org/api/v1/rna/URS000080E09F.json	inputs/rnacentral/URS000080E09F.json	2026-10-09T02:46:51+00:00	200			635	635	ff06950aad0eea82e04a4cf3fc935c81aeddd2ed673469102d75239855631f4d		RNAcentral record for URS000080E09F (row origin)	ok	
rnacentral/URS000080E09F_911092_xrefs.json	https://rnacentral.org/api/v1/rna/URS000080E09F/xrefs/911092.json?page_size=200	inputs/rnacentral/URS000080E09F_911092_xrefs.json	2026-10-09T02:46:55+00:00	200			1454	1454	779aae623f34e2f0f2edf5485db2d0704b501639bf960e5ab3e73e3d8f97decc		RNAcentral cross-references for URS000080E09F_911092 (row provenance)	ok	
structures/mmcif/4AOB.cif.gz	https://files.rcsb.org/download/4AOB.cif.gz	inputs/structures/mmcif/4AOB.cif.gz	2026-10-09T02:46:55+00:00	200	Sun, 21 Sep 2025 23:45:34 GMT	"""ece705732bbff3eadf0446d1121b4997-gz"""	119606	119606	ea0eb605f034cd6069223fce62996ab50cbb887e916a323d088a0e0e23545cd6		RCSB mmCIF for 4AOB (source coordinates/metadata)	ok	
rnacentral/URS000080DF6B.json	https://rnacentral.org/api/v1/rna/URS000080DF6B.json	inputs/rnacentral/URS000080DF6B.json	2026-10-09T02:46:57+00:00	200			602	602	c4ec4fe4ef73507741518e9d1d5fca8d0997fbd038d593c3d8e115908065af6a		RNAcentral record for URS000080DF6B (row origin)	ok	
rnacentral/URS000080DF6B_911092_xrefs.json	https://rnacentral.org/api/v1/rna/URS000080DF6B/xrefs/911092.json?page_size=200	inputs/rnacentral/URS000080DF6B_911092_xrefs.json	2026-10-09T02:47:00+00:00	200			1450	1450	4d947f3c02071b2ba1f16b58e8b09f419f3f584a39a3d18873f130dc5b6e5b2a		RNAcentral cross-references for URS000080DF6B_911092 (row provenance)	ok	
structures/mmcif/4B5R.cif.gz	https://files.rcsb.org/download/4B5R.cif.gz	inputs/structures/mmcif/4B5R.cif.gz	2026-10-09T02:47:00+00:00	200	Sun, 21 Sep 2025 23:46:55 GMT	"""1b7794efc825c18a32a4300a3f64e63c-gz"""	114018	114018	7ef6acb687beb2cb3edf509050cc9e9780f886f5d8126abf49910e7a9c8154e9		RCSB mmCIF for 4B5R (source coordinates/metadata)	ok	
rnacentral/URS000080DFE5.json	https://rnacentral.org/api/v1/rna/URS000080DFE5.json	inputs/rnacentral/URS000080DFE5.json	2026-10-09T02:47:01+00:00	200			602	602	ea439fff3339313ac1cae8c1525bd5ca2fcf2623b6f88ba0fc6d18ef9bfccdac		RNAcentral record for URS000080DFE5 (row origin)	ok	
rnacentral/URS000080DFE5_911092_xrefs.json	https://rnacentral.org/api/v1/rna/URS000080DFE5/xrefs/911092.json?page_size=200	inputs/rnacentral/URS000080DFE5_911092_xrefs.json	2026-10-09T02:47:04+00:00	200			1450	1450	b5e802a34ab269ac4edc64bd8f9f383a3a3290672086547c675d3ada5beddd1e		RNAcentral cross-references for URS000080DFE5_911092 (row provenance)	ok	
structures/mmcif/4KQY.cif.gz	https://files.rcsb.org/download/4KQY.cif.gz	inputs/structures/mmcif/4KQY.cif.gz	2026-10-09T02:47:05+00:00	200	Mon, 22 Sep 2025 00:13:59 GMT	"""ca3c9d7f078fdbc6cd8d8e057a915d02-gz"""	77598	77598	f6e75780f39f866177cd77bd8544b6460e9f05202195da3838c1318db4971584		RCSB mmCIF for 4KQY (source coordinates/metadata)	ok	
rnacentral/URS000080DDBE.json	https://rnacentral.org/api/v1/rna/URS000080DDBE.json	inputs/rnacentral/URS000080DDBE.json	2026-10-09T02:47:06+00:00	200			627	627	6d943c76c94b5ae80cbf17bb6d8d374a2531b15ab6593b0384a7648ddb554d19		RNAcentral record for URS000080DDBE (row origin)	ok	
rnacentral/URS000080DDBE_1423_xrefs.json	https://rnacentral.org/api/v1/rna/URS000080DDBE/xrefs/1423.json?page_size=200	inputs/rnacentral/URS000080DDBE_1423_xrefs.json	2026-10-09T02:47:10+00:00	200			1420	1420	536862a4742479ff83ac020b526a967686d399733e784160ee551d43a69a1a77		RNAcentral cross-references for URS000080DDBE_1423 (row provenance)	ok	
structures/mmcif/5FJC.cif.gz	https://files.rcsb.org/download/5FJC.cif.gz	inputs/structures/mmcif/5FJC.cif.gz	2026-10-09T02:47:11+00:00	200	Sun, 21 Sep 2025 23:59:05 GMT	"""5b32b07679754d0cc9b2dc3921f61c8f-gz"""	135709	135709	39eaa660ffb5eb68d6c135265de980c6397fc610bf73e6d7344bb18f149183c9		RCSB mmCIF for 5FJC (source coordinates/metadata)	ok	
rnacentral/URS0000A7634F.json	https://rnacentral.org/api/v1/rna/URS0000A7634F.json	inputs/rnacentral/URS0000A7634F.json	2026-10-09T02:47:12+00:00	200			602	602	0f0f9697ddf31b04469308f90cfddef97d1040b4092b014bf2c6e342e00fd748		RNAcentral record for URS0000A7634F (row origin)	ok	
rnacentral/URS0000A7634F_911092_xrefs.json	https://rnacentral.org/api/v1/rna/URS0000A7634F/xrefs/911092.json?page_size=200	inputs/rnacentral/URS0000A7634F_911092_xrefs.json	2026-10-09T02:47:15+00:00	200			1450	1450	2b48c4725954fed59a5d9ecc91033c082a853d4c94a9437821f9281b963544cc		RNAcentral cross-references for URS0000A7634F_911092 (row provenance)	ok	
structures/mmcif/5FK1.cif.gz	https://files.rcsb.org/download/5FK1.cif.gz	inputs/structures/mmcif/5FK1.cif.gz	2026-10-09T02:47:15+00:00	200	Sun, 21 Sep 2025 23:59:10 GMT	"""b89cac313c1502e07b6a407e30e5f7d8-gz"""	122801	122801	08135374cdd2defa173ffb17e0e1ba606e8a90fd6a5a53bb3c5f4c5fe11f9d9e		RCSB mmCIF for 5FK1 (source coordinates/metadata)	ok	
rnacentral/URS0000A76377.json	https://rnacentral.org/api/v1/rna/URS0000A76377.json	inputs/rnacentral/URS0000A76377.json	2026-10-09T02:47:17+00:00	200			602	602	366a8320d2a262e7d7b189907898bcd7fe6489f72ed1df38e7a8c1ac36cd4f22		RNAcentral record for URS0000A76377 (row origin)	ok	
rnacentral/URS0000A76377_911092_xrefs.json	https://rnacentral.org/api/v1/rna/URS0000A76377/xrefs/911092.json?page_size=200	inputs/rnacentral/URS0000A76377_911092_xrefs.json	2026-10-09T02:47:19+00:00	200			1450	1450	8905eeb7ce36662f0968ef5652a3d17ce684d811ff4c67b77974773077b72aa0		RNAcentral cross-references for URS0000A76377_911092 (row provenance)	ok	
structures/mmcif/5FK2.cif.gz	https://files.rcsb.org/download/5FK2.cif.gz	inputs/structures/mmcif/5FK2.cif.gz	2026-10-09T02:47:21+00:00	200	Sun, 21 Sep 2025 23:59:10 GMT	"""4dc5a3f7c5a8de25cd1031edf379cfc2-gz"""	122514	122514	2a29019c1e2ca7e4558f42a5b7f97c7b0e0f9aa87839642f6e175b4194523d07		RCSB mmCIF for 5FK2 (source coordinates/metadata)	ok	
rnacentral/URS0000A76363.json	https://rnacentral.org/api/v1/rna/URS0000A76363.json	inputs/rnacentral/URS0000A76363.json	2026-10-09T02:47:22+00:00	200			602	602	60f3ffc04b769e2928a7741ce373f5d7acd9f2252594a7033ac480c809f9e0a6		RNAcentral record for URS0000A76363 (row origin)	ok	
rnacentral/URS0000A76363_911092_xrefs.json	https://rnacentral.org/api/v1/rna/URS0000A76363/xrefs/911092.json?page_size=200	inputs/rnacentral/URS0000A76363_911092_xrefs.json	2026-10-09T02:47:25+00:00	200			1450	1450	6299223455eae9651790a854ec50789b181f30f6c50ee56271d9b725a9708e3d		RNAcentral cross-references for URS0000A76363_911092 (row provenance)	ok	
structures/mmcif/5FK3.cif.gz	https://files.rcsb.org/download/5FK3.cif.gz	inputs/structures/mmcif/5FK3.cif.gz	2026-10-09T02:47:26+00:00	200	Sun, 21 Sep 2025 23:59:10 GMT	"""809946c45c661303ce39bf211bcee409-gz"""	122912	122912	4a9cedbe24ddcfdb758d0de7cf98b628077dbe89ac6d1add941276450d823f73		RCSB mmCIF for 5FK3 (source coordinates/metadata)	ok	
rnacentral/URS0000A76386.json	https://rnacentral.org/api/v1/rna/URS0000A76386.json	inputs/rnacentral/URS0000A76386.json	2026-10-09T02:47:27+00:00	200			602	602	82a4c59bf53d263563eb2f74610e8424b5861b6840999fb8295f6b85549d3967		RNAcentral record for URS0000A76386 (row origin)	ok	
rnacentral/URS0000A76386_911092_xrefs.json	https://rnacentral.org/api/v1/rna/URS0000A76386/xrefs/911092.json?page_size=200	inputs/rnacentral/URS0000A76386_911092_xrefs.json	2026-10-09T02:47:29+00:00	200			1450	1450	12f125b12e19c4778009eeef8f51bfebe24155d9746768944325a5397e680ec7		RNAcentral cross-references for URS0000A76386_911092 (row provenance)	ok	
structures/mmcif/5FK4.cif.gz	https://files.rcsb.org/download/5FK4.cif.gz	inputs/structures/mmcif/5FK4.cif.gz	2026-10-09T02:47:30+00:00	200	Sun, 21 Sep 2025 23:59:10 GMT	"""20b64dc51b7062a9232f909ff5f104f3-gz"""	121696	121696	9890825254cf95558310b0ce315b39a1a7cd2c800b6d51461305c7567fa15aff		RCSB mmCIF for 5FK4 (source coordinates/metadata)	ok	
rnacentral/URS0000A7631C.json	https://rnacentral.org/api/v1/rna/URS0000A7631C.json	inputs/rnacentral/URS0000A7631C.json	2026-10-09T02:47:31+00:00	200			601	601	5fe1786daf0174d4e620b84039b8117cc903ef5e610977617d44df24ebbfa1a9		RNAcentral record for URS0000A7631C (row origin)	ok	
rnacentral/URS0000A7631C_911092_xrefs.json	https://rnacentral.org/api/v1/rna/URS0000A7631C/xrefs/911092.json?page_size=200	inputs/rnacentral/URS0000A7631C_911092_xrefs.json	2026-10-09T02:47:35+00:00	200			1450	1450	2e9a8c1b2f4eeb782d0d9a0d767077b46fbe88678859f1c861dbe00ebcaeefbb		RNAcentral cross-references for URS0000A7631C_911092 (row provenance)	ok	
structures/mmcif/5FK5.cif.gz	https://files.rcsb.org/download/5FK5.cif.gz	inputs/structures/mmcif/5FK5.cif.gz	2026-10-09T02:47:36+00:00	200	Sun, 21 Sep 2025 23:59:10 GMT	"""39c27e450349829d16d7ae34ba7ead89-gz"""	120966	120966	918305de8817b2968e6d4e64082f3c083eaaf088eb9ddeaa7eefdbec07610a94		RCSB mmCIF for 5FK5 (source coordinates/metadata)	ok	
rnacentral/URS0000A76359.json	https://rnacentral.org/api/v1/rna/URS0000A76359.json	inputs/rnacentral/URS0000A76359.json	2026-10-09T02:47:37+00:00	200			602	602	a1a240efe753971c9bf3e297f8481a4d8ec34e90df186ac05aa4803e7a62c9cf		RNAcentral record for URS0000A76359 (row origin)	ok	
rnacentral/URS0000A76359_911092_xrefs.json	https://rnacentral.org/api/v1/rna/URS0000A76359/xrefs/911092.json?page_size=200	inputs/rnacentral/URS0000A76359_911092_xrefs.json	2026-10-09T02:47:42+00:00	200			1450	1450	60f0490ae9e356359e83030235c8d606265ad586b4506a46d1c307c0519eff5d		RNAcentral cross-references for URS0000A76359_911092 (row provenance)	ok	
structures/mmcif/5FK6.cif.gz	https://files.rcsb.org/download/5FK6.cif.gz	inputs/structures/mmcif/5FK6.cif.gz	2026-10-09T02:47:42+00:00	200	Sun, 21 Sep 2025 23:59:10 GMT	"""28a9002e9fd58319164c4ae61bd9b5c2-gz"""	122389	122389	85abbc83cec8d28e028b34d841a1ffad51b78a59c8bdc676ce695a62005f31d1		RCSB mmCIF for 5FK6 (source coordinates/metadata)	ok	
rnacentral/URS0000A7635A.json	https://rnacentral.org/api/v1/rna/URS0000A7635A.json	inputs/rnacentral/URS0000A7635A.json	2026-10-09T02:47:44+00:00	200			602	602	17f9a6e29bf4c05a467f1e55f066ef2e2392b86e6309f6fb33362ff0094e6737		RNAcentral record for URS0000A7635A (row origin)	ok	
rnacentral/URS0000A7635A_911092_xrefs.json	https://rnacentral.org/api/v1/rna/URS0000A7635A/xrefs/911092.json?page_size=200	inputs/rnacentral/URS0000A7635A_911092_xrefs.json	2026-10-09T02:47:48+00:00	200			1450	1450	2b4e04694b7fdc0c43e6c767b0f6c91335dd46ff9ad5bff5361cf5268c0cb4e3		RNAcentral cross-references for URS0000A7635A_911092 (row provenance)	ok	
structures/mmcif/5FKD.cif.gz	https://files.rcsb.org/download/5FKD.cif.gz	inputs/structures/mmcif/5FKD.cif.gz	2026-10-09T02:47:48+00:00	200	Sun, 21 Sep 2025 23:59:10 GMT	"""d9246a90809c30c4725ed4ff70983e20-gz"""	121018	121018	3bb2add470d8eb722e7aeb2380971f130e7c510b7797f30ee5a41f432845f3c3		RCSB mmCIF for 5FKD (source coordinates/metadata)	ok	
rnacentral/URS0000A7635B.json	https://rnacentral.org/api/v1/rna/URS0000A7635B.json	inputs/rnacentral/URS0000A7635B.json	2026-10-09T02:47:50+00:00	200			602	602	bca6a7110841dfbd4a85ef922993851b518f1a7563537cc26a1b713db9ea2e2f		RNAcentral record for URS0000A7635B (row origin)	ok	
rnacentral/URS0000A7635B_911092_xrefs.json	https://rnacentral.org/api/v1/rna/URS0000A7635B/xrefs/911092.json?page_size=200	inputs/rnacentral/URS0000A7635B_911092_xrefs.json	2026-10-09T02:47:52+00:00	200			1450	1450	17bc57c4c7defacfb8a79aad05cb62c949495ad26dcaa68b8481f427a5364cd6		RNAcentral cross-references for URS0000A7635B_911092 (row provenance)	ok	
structures/mmcif/5FKE.cif.gz	https://files.rcsb.org/download/5FKE.cif.gz	inputs/structures/mmcif/5FKE.cif.gz	2026-10-09T02:47:53+00:00	200	Sun, 21 Sep 2025 23:59:10 GMT	"""0b3089ec4a8bf38b7e16b492ddaefbee-gz"""	123780	123780	da543d7d23e26d06a23cac9891e2bcbfb43078c542589e30e4fd92f26c2d063b		RCSB mmCIF for 5FKE (source coordinates/metadata)	ok	
rnacentral/URS0000A7638A.json	https://rnacentral.org/api/v1/rna/URS0000A7638A.json	inputs/rnacentral/URS0000A7638A.json	2026-10-09T02:47:54+00:00	200			602	602	3d5a4c0ffea0bdac0c60f7669021b923ce836c7b005c73aafb70781be7aa759a		RNAcentral record for URS0000A7638A (row origin)	ok	
rnacentral/URS0000A7638A_911092_xrefs.json	https://rnacentral.org/api/v1/rna/URS0000A7638A/xrefs/911092.json?page_size=200	inputs/rnacentral/URS0000A7638A_911092_xrefs.json	2026-10-09T02:47:57+00:00	200			1450	1450	41b87c5a83979e7958a0a33020e0a4201492877fd707473e398bc0894a63c9fa		RNAcentral cross-references for URS0000A7638A_911092 (row provenance)	ok	
structures/mmcif/5FKF.cif.gz	https://files.rcsb.org/download/5FKF.cif.gz	inputs/structures/mmcif/5FKF.cif.gz	2026-10-09T02:47:58+00:00	200	Sun, 21 Sep 2025 23:59:10 GMT	"""557c12a737506d591205a01271304294-gz"""	119831	119831	7f27fb5d560bfdb8f1dd5895316708913fc0a8ca11b3e45681cec474e613820c		RCSB mmCIF for 5FKF (source coordinates/metadata)	ok	
rnacentral/URS0000A76399.json	https://rnacentral.org/api/v1/rna/URS0000A76399.json	inputs/rnacentral/URS0000A76399.json	2026-10-09T02:47:59+00:00	200			602	602	3eb4e93568ffbf3b7252fdc803df9ca484a8575c5e7b095a8809b39496212ba4		RNAcentral record for URS0000A76399 (row origin)	ok	
rnacentral/URS0000A76399_911092_xrefs.json	https://rnacentral.org/api/v1/rna/URS0000A76399/xrefs/911092.json?page_size=200	inputs/rnacentral/URS0000A76399_911092_xrefs.json	2026-10-09T02:48:02+00:00	200			1450	1450	0729a28f742b84fb156a4877ac48e6e078808a9a5ab1505af1a3684546d2bdb5		RNAcentral cross-references for URS0000A76399_911092 (row provenance)	ok	
structures/mmcif/5FKG.cif.gz	https://files.rcsb.org/download/5FKG.cif.gz	inputs/structures/mmcif/5FKG.cif.gz	2026-10-09T02:48:02+00:00	200	Sun, 21 Sep 2025 23:59:10 GMT	"""42d97678748eb781ad8d0a64a182167e-gz"""	122432	122432	4ffe149db42d39a8ae60eff9c3cc64c51c34c1ec9042225eb1ef8ddf51088eee		RCSB mmCIF for 5FKG (source coordinates/metadata)	ok	
rnacentral/URS0000A76343.json	https://rnacentral.org/api/v1/rna/URS0000A76343.json	inputs/rnacentral/URS0000A76343.json	2026-10-09T02:48:04+00:00	200			602	602	b8b768b81f61c331ad428a3e8583693e83d3d120344f4f402773a0aa43bfe5cc		RNAcentral record for URS0000A76343 (row origin)	ok	
rnacentral/URS0000A76343_911092_xrefs.json	https://rnacentral.org/api/v1/rna/URS0000A76343/xrefs/911092.json?page_size=200	inputs/rnacentral/URS0000A76343_911092_xrefs.json	2026-10-09T02:48:06+00:00	200			1450	1450	931923d2643e182958ff9c0e1fb1cebada077487921584a37be5b72faab898e3		RNAcentral cross-references for URS0000A76343_911092 (row provenance)	ok	
structures/mmcif/5FKH.cif.gz	https://files.rcsb.org/download/5FKH.cif.gz	inputs/structures/mmcif/5FKH.cif.gz	2026-10-09T02:48:07+00:00	200	Sun, 21 Sep 2025 23:59:10 GMT	"""339658e14c5b74b6e70d944f1c8e7ac8-gz"""	123125	123125	4f4844f6ba9923243c67373bb68b59a63db21d74849964649d11a318659b06fc		RCSB mmCIF for 5FKH (source coordinates/metadata)	ok	
rnacentral/URS0000A76344.json	https://rnacentral.org/api/v1/rna/URS0000A76344.json	inputs/rnacentral/URS0000A76344.json	2026-10-09T02:48:08+00:00	200			602	602	12893362b95376477fcf6b95597ba50af4b1bde11254369a15153765084e9add		RNAcentral record for URS0000A76344 (row origin)	ok	
rnacentral/URS0000A76344_911092_xrefs.json	https://rnacentral.org/api/v1/rna/URS0000A76344/xrefs/911092.json?page_size=200	inputs/rnacentral/URS0000A76344_911092_xrefs.json	2026-10-09T02:48:11+00:00	200			1450	1450	72b2732d92e7f40759a69593fe7aa4e5db1d3cd625d30919b8dd7862b83fab24		RNAcentral cross-references for URS0000A76344_911092 (row provenance)	ok	
structures/mmcif/7EAF.cif.gz	https://files.rcsb.org/download/7EAF.cif.gz	inputs/structures/mmcif/7EAF.cif.gz	2026-10-09T02:48:12+00:00	200	Sun, 21 Sep 2025 23:55:37 GMT	"""291b6fd036b56d4453415c38b134e42b-gz"""	141190	141190	d7a1754640cbc97fbf40775ad6332fafe999e8e2f900dfcadb5be6176acaaabd		RCSB mmCIF for 7EAF (source coordinates/metadata)	ok	
rnacentral/URS0002311979.json	https://rnacentral.org/api/v1/rna/URS0002311979.json	inputs/rnacentral/URS0002311979.json	2026-10-09T02:48:13+00:00	200			595	595	76a689b60d250ea72bf0e5511a70d2ca0a05b6217bbb051301e4c393ad52d76c		RNAcentral record for URS0002311979 (row origin)	ok	
rnacentral/URS0002311979_119072_xrefs.json	https://rnacentral.org/api/v1/rna/URS0002311979/xrefs/119072.json?page_size=200	inputs/rnacentral/URS0002311979_119072_xrefs.json	2026-10-09T02:48:17+00:00	200			3093	3093	873123cda770713d0d4e1cb1556e6ae3fd224aeba43907b4a36704e0631a1851		RNAcentral cross-references for URS0002311979_119072 (row provenance)	ok	
structures/mmcif/4GMA.cif.gz	https://files.rcsb.org/download/4GMA.cif.gz	inputs/structures/mmcif/4GMA.cif.gz	2026-10-09T02:48:17+00:00	200	Sun, 09 Aug 2026 00:42:55 GMT	"""51ac187e97fe4d13513e49a609a49f5c-gz"""	233964	233964	c52b7d25f8ca3b366f0dff1c2f74878c944c133348ba26661c7cc476fb366681		RCSB mmCIF for 4GMA (source coordinates/metadata)	ok	
rnacentral/URS000080E34D.json	https://rnacentral.org/api/v1/rna/URS000080E34D.json	inputs/rnacentral/URS000080E34D.json	2026-10-09T02:48:19+00:00	200			700	700	f200d5cb94c66a17e69d191816540535160e04ec5fd9f2cfdb4ac5467d45bf77		RNAcentral record for URS000080E34D (row origin)	ok	
rnacentral/URS000080E34D_408172_xrefs.json	https://rnacentral.org/api/v1/rna/URS000080E34D/xrefs/408172.json?page_size=200	inputs/rnacentral/URS000080E34D_408172_xrefs.json	2026-10-09T02:48:23+00:00	200			1605	1605	d0113bf149c41865c5beaa57f6657bd96713ecd43f288b46e171b501d207af7d		RNAcentral cross-references for URS000080E34D_408172 (row provenance)	ok	
structures/mmcif/4GXY.cif.gz	https://files.rcsb.org/download/4GXY.cif.gz	inputs/structures/mmcif/4GXY.cif.gz	2026-10-09T02:48:23+00:00	200	Sun, 09 Aug 2026 00:42:57 GMT	"""8aae1d027c4edd87421f05cd93434f46-gz"""	109572	109572	a9c7c3d7d55db211014da8540b67c2c22bace9d661c1f883ff239171f6e13246		RCSB mmCIF for 4GXY (source coordinates/metadata)	ok	
rnacentral/URS000080DFBC.json	https://rnacentral.org/api/v1/rna/URS000080DFBC.json	inputs/rnacentral/URS000080DFBC.json	2026-10-09T02:48:25+00:00	200			672	672	9e7dc7794a9fcfce86a13ac1b2ddf01a0aa3679ade8b9dbf970e3f7e18025fed		RNAcentral record for URS000080DFBC (row origin)	ok	
rnacentral/URS000080DFBC_32630_xrefs.json	https://rnacentral.org/api/v1/rna/URS000080DFBC/xrefs/32630.json?page_size=200	inputs/rnacentral/URS000080DFBC_32630_xrefs.json	2026-10-09T02:48:28+00:00	200			2741	2741	500b8af114fa31e21c33322804f45d44f348545215ab28364ca0335e98261b54		RNAcentral cross-references for URS000080DFBC_32630 (row provenance)	ok	
structures/mmcif/6VMY.cif.gz	https://files.rcsb.org/download/6VMY.cif.gz	inputs/structures/mmcif/6VMY.cif.gz	2026-10-09T02:48:29+00:00	200	Sun, 09 Aug 2026 00:44:42 GMT	"""29116ebe2795e5f5949e1cec934a27f5-gz"""	106955	106955	5ae4f6ff367cc68e472557059044afceedf2aa87fb773d8e838b95fa439306c3		RCSB mmCIF for 6VMY (source coordinates/metadata)	ok	
rnacentral/URS0001A24B44.json	https://rnacentral.org/api/v1/rna/URS0001A24B44.json	inputs/rnacentral/URS0001A24B44.json	2026-10-09T02:48:30+00:00	200			622	622	76120baaae64333509a6c1401d732c15e88d4fb65c082da9f1a264b1b018c656		RNAcentral record for URS0001A24B44 (row origin)	ok	
rnacentral/URS0001A24B44_1423_xrefs.json	https://rnacentral.org/api/v1/rna/URS0001A24B44/xrefs/1423.json?page_size=200	inputs/rnacentral/URS0001A24B44_1423_xrefs.json	2026-10-09T02:48:33+00:00	200			1607	1607	a989d0db3980a64d253c8ae01b8ccb82f7a5547c7fd63e2cdd9a71d47b4b9273		RNAcentral cross-references for URS0001A24B44_1423 (row provenance)	ok	
structures/mmcif/8FW4.cif.gz	https://files.rcsb.org/download/8FW4.cif.gz	inputs/structures/mmcif/8FW4.cif.gz	2026-10-09T02:48:34+00:00	200	Mon, 22 Sep 2025 00:00:09 GMT	"""8b23547dad4f42d19dbd9809b8996c3a-gz"""	309825	309825	1cfeed0a45d840cfa6de585f00092ba1bff8aa552da8ba32ad7ce1184056e8cf		RCSB mmCIF for 8FW4 (source coordinates/metadata)	ok	
rnacentral/URS000080E34D_119072_xrefs.json	https://rnacentral.org/api/v1/rna/URS000080E34D/xrefs/119072.json?page_size=200	inputs/rnacentral/URS000080E34D_119072_xrefs.json	2026-10-09T02:48:36+00:00	200			19405	19405	67ea66c0006e739411af0fd7ee3ca42af3923d94b9faa91e97324f28e51670f0		RNAcentral cross-references for URS000080E34D_119072 (row provenance)	ok	
structures/mmcif/8SA2.cif.gz	https://files.rcsb.org/download/8SA2.cif.gz	inputs/structures/mmcif/8SA2.cif.gz	2026-10-09T02:48:37+00:00	200	Sun, 09 Aug 2026 00:44:19 GMT	"""bace367f7ad61116735cf92e90552517-gz"""	219676	219676	9c9e50bb318de73549e60867974f4da77cfda0b09ea3bf6e89025f7fb6ec0cd6		RCSB mmCIF for 8SA2 (source coordinates/metadata)	ok	
structures/mmcif/8SA3.cif.gz	https://files.rcsb.org/download/8SA3.cif.gz	inputs/structures/mmcif/8SA3.cif.gz	2026-10-09T02:48:37+00:00	200	Sun, 09 Aug 2026 00:44:19 GMT	"""e703b73d10d8aeebce21aa7db6f225e3-gz"""	218858	218858	2a72e7b17e8b14614f27c1a2f7f2f72e1db3bf83aaa5ccde924afa67b30941e9		RCSB mmCIF for 8SA3 (source coordinates/metadata)	ok	
structures/mmcif/8SA4.cif.gz	https://files.rcsb.org/download/8SA4.cif.gz	inputs/structures/mmcif/8SA4.cif.gz	2026-10-09T02:48:38+00:00	200	Sun, 09 Aug 2026 00:44:19 GMT	"""8157c64b3f340b4c1abc9350273c357a-gz"""	131665	131665	4df33938f011f20f97721e6faa9b9b6e518d2de3dfd126391bccf698ca650e46		RCSB mmCIF for 8SA4 (source coordinates/metadata)	ok	
structures/mmcif/8SA5.cif.gz	https://files.rcsb.org/download/8SA5.cif.gz	inputs/structures/mmcif/8SA5.cif.gz	2026-10-09T02:48:38+00:00	200	Sun, 09 Aug 2026 00:44:19 GMT	"""246a5a489efe5f1df739c21199bbe9ea-gz"""	185203	185203	09ae3e43ef6e1da56f0b73bb9ac59f85ff4f2738765a2474218c33acceff2918		RCSB mmCIF for 8SA5 (source coordinates/metadata)	ok	
structures/mmcif/8SA6.cif.gz	https://files.rcsb.org/download/8SA6.cif.gz	inputs/structures/mmcif/8SA6.cif.gz	2026-10-09T02:48:39+00:00	200	Mon, 22 Sep 2025 00:34:20 GMT	"""da216c1b2e4720ffeeb8e9fa5e9c5f90-gz"""	181558	181558	1ec87d7b1828ee47f626b5f052c5f52997def874b7a501df9dd8308b495eebf8		RCSB mmCIF for 8SA6 (source coordinates/metadata)	ok	
structures/mmcif/5T83.cif.gz	https://files.rcsb.org/download/5T83.cif.gz	inputs/structures/mmcif/5T83.cif.gz	2026-10-09T02:48:39+00:00	200	Sun, 09 Aug 2026 00:44:24 GMT	"""79f3b30d08fef8939a0590ff2314302d-gz"""	66666	66666	3b2a89a714c58ba8cdc6674b59403e214445111aa6b8f258254f5ffd20b587d8		RCSB mmCIF for 5T83 (source coordinates/metadata)	ok	
rnacentral/URS0000B21DF2.json	https://rnacentral.org/api/v1/rna/URS0000B21DF2.json	inputs/rnacentral/URS0000B21DF2.json	2026-10-09T02:48:41+00:00	200			594	594	f1955e98cdfd502258cfdd753f3cfc24e3c9921b9e869a4279bf1b549219f246		RNAcentral record for URS0000B21DF2 (row origin)	ok	
rnacentral/URS0000B21DF2_53633_xrefs.json	https://rnacentral.org/api/v1/rna/URS0000B21DF2/xrefs/53633.json?page_size=200	inputs/rnacentral/URS0000B21DF2_53633_xrefs.json	2026-10-09T02:48:44+00:00	200			2764	2764	a213c4aab1cbb15646e70308ab5f75925dac853b5feab63541b429c2fd395fa4		RNAcentral cross-references for URS0000B21DF2_53633 (row provenance)	ok	
structures/mmcif/5U3G.cif.gz	https://files.rcsb.org/download/5U3G.cif.gz	inputs/structures/mmcif/5U3G.cif.gz	2026-10-09T02:48:45+00:00	200	Mon, 22 Sep 2025 00:38:25 GMT	"""34fb1f99b637a093d1fbbfbd8531898c-gz"""	83885	83885	8dead5640b483c5e01aa367da7447f28338080ffd48d6805cded150acb86e2ca		RCSB mmCIF for 5U3G (source coordinates/metadata)	ok	
rnacentral/URS0000B21DF0.json	https://rnacentral.org/api/v1/rna/URS0000B21DF0.json	inputs/rnacentral/URS0000B21DF0.json	2026-10-09T02:48:46+00:00	200			584	584	28ad1ce9dbb96d789a85361f61967b0bbf6f1ab8e85064d2396e3a0f5626acd3		RNAcentral record for URS0000B21DF0 (row origin)	ok	
rnacentral/URS0000B21DF0_204038_xrefs.json	https://rnacentral.org/api/v1/rna/URS0000B21DF0/xrefs/204038.json?page_size=200	inputs/rnacentral/URS0000B21DF0_204038_xrefs.json	2026-10-09T02:48:50+00:00	200			2959	2959	63b415667be4c676b1c9f915b8458dfaa43710a7eca8cd8694715094a2fb9959		RNAcentral cross-references for URS0000B21DF0_204038 (row provenance)	ok	
structures/mmcif/7MLW.cif.gz	https://files.rcsb.org/download/7MLW.cif.gz	inputs/structures/mmcif/7MLW.cif.gz	2026-10-09T02:48:50+00:00	200	Mon, 22 Sep 2025 00:18:50 GMT	"""fd9f0c340ff56d38ee6191e67314c81e-gz"""	186496	186496	52b677a3763973a44dbfe64a3d09457ec7cb849e3d5705279ad4bc8b07f0f9e3		RCSB mmCIF for 7MLW (source coordinates/metadata)	ok	
rnacentral/URS00023119BD.json	https://rnacentral.org/api/v1/rna/URS00023119BD.json	inputs/rnacentral/URS00023119BD.json	2026-10-09T02:48:52+00:00	200			628	628	4026ca11e810c4cd4389473a9a1bc5b0c1800d72b0efaa4122ace3c7442f2d27		RNAcentral record for URS00023119BD (row origin)	ok	
rnacentral/URS00023119BD_987057_xrefs.json	https://rnacentral.org/api/v1/rna/URS00023119BD/xrefs/987057.json?page_size=200	inputs/rnacentral/URS00023119BD_987057_xrefs.json	2026-10-09T02:48:55+00:00	200			2977	2977	0ac468fded16b06e7eea4ecc1900bfe876b9dcf098fdba982a5293e617539a55		RNAcentral cross-references for URS00023119BD_987057 (row provenance)	ok	
structures/mmcif/2L1V.cif.gz	https://files.rcsb.org/download/2L1V.cif.gz	inputs/structures/mmcif/2L1V.cif.gz	2026-10-09T02:48:56+00:00	200	Mon, 22 Sep 2025 00:14:47 GMT	"""300e537d15b5f9f0f19708b2899b8a5a-gz"""	463942	463942	a50c1dc5bb3b4abf87eb5197354cd5b486a9afb57ce095544bd955502220ff51		RCSB mmCIF for 2L1V (source coordinates/metadata)	ok	
rnacentral/URS000080E08D.json	https://rnacentral.org/api/v1/rna/URS000080E08D.json	inputs/rnacentral/URS000080E08D.json	2026-10-09T02:48:57+00:00	200			536	536	639b1f8320817a72e7d8c53cbaacfd2c9b4abf37710cb8b49703ed38e4b0e0df		RNAcentral record for URS000080E08D (row origin)	ok	
rnacentral/URS000080E08D_32630_xrefs.json	https://rnacentral.org/api/v1/rna/URS000080E08D/xrefs/32630.json?page_size=200	inputs/rnacentral/URS000080E08D_32630_xrefs.json	2026-10-09T02:49:01+00:00	200			2925	2925	05d2562833fe1cb0f43f8f306fda6365fbc2be296a8a21591ef33613ff73265d		RNAcentral cross-references for URS000080E08D_32630 (row provenance)	ok	
structures/mmcif/3FU2.cif.gz	https://files.rcsb.org/download/3FU2.cif.gz	inputs/structures/mmcif/3FU2.cif.gz	2026-10-09T02:49:01+00:00	200	Sun, 21 Sep 2025 23:59:57 GMT	"""940803f0b5eed762db50142c1e49d649-gz"""	63428	63428	22ac1941787618775616c8f09d2cb332194a7f0bc3cc30eac3ff9d0adb772826		RCSB mmCIF for 3FU2 (source coordinates/metadata)	ok	
rnacentral/URS000080E020.json	https://rnacentral.org/api/v1/rna/URS000080E020.json	inputs/rnacentral/URS000080E020.json	2026-10-09T02:49:03+00:00	200			521	521	090bbb520bfbb4d07b70b4a91cd76defaa77463f3c9837be302e95b8c40107ac		RNAcentral record for URS000080E020 (row origin)	ok	
rnacentral/URS000080E020_32630_xrefs.json	https://rnacentral.org/api/v1/rna/URS000080E020/xrefs/32630.json?page_size=200	inputs/rnacentral/URS000080E020_32630_xrefs.json	2026-10-09T02:49:06+00:00	200			5955	5955	ff0bbe12571044cda47b932353d18f8d6e471cb9eeba4951604aa3935fd93b9b		RNAcentral cross-references for URS000080E020_32630 (row provenance)	ok	
structures/mmcif/3GCA.cif.gz	https://files.rcsb.org/download/3GCA.cif.gz	inputs/structures/mmcif/3GCA.cif.gz	2026-10-09T02:49:07+00:00	200	Mon, 22 Sep 2025 00:01:25 GMT	"""f04b2c9c2265fc80a8ebdb8b79e6373d-gz"""	28390	28390	b63380363b49b58ce9a115d981ca04be66f1f410b897136467f0e2350178efc0		RCSB mmCIF for 3GCA (source coordinates/metadata)	ok	
rnacentral/URS000080E32E.json	https://rnacentral.org/api/v1/rna/URS000080E32E.json	inputs/rnacentral/URS000080E32E.json	2026-10-09T02:49:08+00:00	200			527	527	88b6db49881b9d05bf6d9eed83df0db55250862bb4cae72f84f9e18e0691678f		RNAcentral record for URS000080E32E (row origin)	ok	
rnacentral/URS000080E32E_32630_xrefs.json	https://rnacentral.org/api/v1/rna/URS000080E32E/xrefs/32630.json?page_size=200	inputs/rnacentral/URS000080E32E_32630_xrefs.json	2026-10-09T02:49:12+00:00	200			6090	6090	3c37db5a27fa83cb067a88a7aabd9200b621f7e93918e39746db6ca4baf4e1aa		RNAcentral cross-references for URS000080E32E_32630 (row provenance)	ok	
structures/mmcif/3K1V.cif.gz	https://files.rcsb.org/download/3K1V.cif.gz	inputs/structures/mmcif/3K1V.cif.gz	2026-10-09T02:49:13+00:00	200	Mon, 22 Sep 2025 00:11:57 GMT	"""fece68b58f590f44967f37f5c3af505d-gz"""	29381	29381	a382c03bd8aed097a1726fe4288d574176a57b4cbce67f286294b812abc8a0e4		RCSB mmCIF for 3K1V (source coordinates/metadata)	ok	
rnacentral/URS000080E037.json	https://rnacentral.org/api/v1/rna/URS000080E037.json	inputs/rnacentral/URS000080E037.json	2026-10-09T02:49:15+00:00	200			521	521	c399d3cb64617d94958269890c495e81f49b902bb000000389402268b9880764		RNAcentral record for URS000080E037 (row origin)	ok	
rnacentral/URS000080E037_32630_xrefs.json	https://rnacentral.org/api/v1/rna/URS000080E037/xrefs/32630.json?page_size=200	inputs/rnacentral/URS000080E037_32630_xrefs.json	2026-10-09T02:49:18+00:00	200			2935	2935	4babb0a765bd29ddd7daf096db740a374e83d3f2c5c953ce74dac11e5e7f1578		RNAcentral cross-references for URS000080E037_32630 (row provenance)	ok	
structures/mmcif/3Q50.cif.gz	https://files.rcsb.org/download/3Q50.cif.gz	inputs/structures/mmcif/3Q50.cif.gz	2026-10-09T02:49:19+00:00	200	Mon, 22 Sep 2025 00:28:33 GMT	"""5453a56473956501a983366ef07a7292-gz"""	29734	29734	37f05b504b24e7ad66c1102016ff0e4154ae2cd30cb83247cb31e91449042306		RCSB mmCIF for 3Q50 (source coordinates/metadata)	ok	
structures/mmcif/6E1S.cif.gz	https://files.rcsb.org/download/6E1S.cif.gz	inputs/structures/mmcif/6E1S.cif.gz	2026-10-09T02:49:19+00:00	200	Sun, 21 Sep 2025 23:54:56 GMT	"""18a9407a085bf36751bd23fd2230d87c-gz"""	50166	50166	07c7ac24f2ac425d4ed99fcb362c63e8be89e5eda73a853a1399c74b416071f7		RCSB mmCIF for 6E1S (source coordinates/metadata)	ok	
rnacentral/URS0000E60BA5.json	https://rnacentral.org/api/v1/rna/URS0000E60BA5.json	inputs/rnacentral/URS0000E60BA5.json	2026-10-09T02:49:21+00:00	200			521	521	0756493f06a4b9e1ab36e6060d27ebe0ce0d3e9c69fbb56d44ac85d58d8cc29d		RNAcentral record for URS0000E60BA5 (row origin)	ok	
rnacentral/URS0000E60BA5_119072_xrefs.json	https://rnacentral.org/api/v1/rna/URS0000E60BA5/xrefs/119072.json?page_size=200	inputs/rnacentral/URS0000E60BA5_119072_xrefs.json	2026-10-09T02:49:23+00:00	200			8051	8051	2ff6a399564ce6bc98d091c6267bdb3bc2c3127fd784b341a613eab41997943c		RNAcentral cross-references for URS0000E60BA5_119072 (row provenance)	ok	
structures/mmcif/6E1T.cif.gz	https://files.rcsb.org/download/6E1T.cif.gz	inputs/structures/mmcif/6E1T.cif.gz	2026-10-09T02:49:23+00:00	200	Sun, 21 Sep 2025 23:54:56 GMT	"""fee16519ea925180716bc2ebe94b34d2-gz"""	52492	52492	eb0d729e4abf8b5601f5797c8007af9281adbbba9655184fafbb52ef49fdd370		RCSB mmCIF for 6E1T (source coordinates/metadata)	ok	
rnacentral/URS0000E60B99.json	https://rnacentral.org/api/v1/rna/URS0000E60B99.json	inputs/rnacentral/URS0000E60B99.json	2026-10-09T02:49:25+00:00	200			521	521	d044cc71abed59b63846b0c58a2d395b9fcc4ea75831c112b7f9b9befc2cf697		RNAcentral record for URS0000E60B99 (row origin)	ok	
rnacentral/URS0000E60B99_119072_xrefs.json	https://rnacentral.org/api/v1/rna/URS0000E60B99/xrefs/119072.json?page_size=200	inputs/rnacentral/URS0000E60B99_119072_xrefs.json	2026-10-09T02:49:27+00:00	200			7926	7926	33ccf12abf9e6b1db5f546b0eddd2d0f7c2f08d713e24e632946597da8183379		RNAcentral cross-references for URS0000E60B99_119072 (row provenance)	ok	
structures/mmcif/6E1U.cif.gz	https://files.rcsb.org/download/6E1U.cif.gz	inputs/structures/mmcif/6E1U.cif.gz	2026-10-09T02:49:28+00:00	200	Sun, 21 Sep 2025 23:54:56 GMT	"""7f764b3b3f7350f0ef7aec90dc880a20-gz"""	50607	50607	2b85450a60d0e452280538f04b3d3c2b34db29b69e0e6df58d2ff40bdd0f3dd8		RCSB mmCIF for 6E1U (source coordinates/metadata)	ok	
structures/mmcif/6E1V.cif.gz	https://files.rcsb.org/download/6E1V.cif.gz	inputs/structures/mmcif/6E1V.cif.gz	2026-10-09T02:49:29+00:00	200	Sun, 21 Sep 2025 23:54:56 GMT	"""d9b743d0489a820c31d61e4fc63af4b8-gz"""	48197	48197	c45f30759e439afc3491d2cdbde4c4e78bd36cd93a00384edd6940a6a263a1c8		RCSB mmCIF for 6E1V (source coordinates/metadata)	ok	
structures/mmcif/6E1W.cif.gz	https://files.rcsb.org/download/6E1W.cif.gz	inputs/structures/mmcif/6E1W.cif.gz	2026-10-09T02:49:29+00:00	200	Sun, 21 Sep 2025 23:54:56 GMT	"""29056611df7af9d984a62e0d75511d4a-gz"""	50496	50496	9be043a8ddbfca81b69b4f90897c0c18cdaad73e17b4d8ab85f08c96d7e2e5c6		RCSB mmCIF for 6E1W (source coordinates/metadata)	ok	
structures/mmcif/6VUH.cif.gz	https://files.rcsb.org/download/6VUH.cif.gz	inputs/structures/mmcif/6VUH.cif.gz	2026-10-09T02:49:30+00:00	200	Mon, 22 Sep 2025 00:42:52 GMT	"""64ca2549116854d336e27a9f0a39655b-gz"""	60155	60155	24f351c3f217b9eaa41a7000e77816fe49967e37a14c86913af81b9e9cf13737		RCSB mmCIF for 6VUH (source coordinates/metadata)	ok	
rnacentral/URS000080E32E_119072_xrefs.json	https://rnacentral.org/api/v1/rna/URS000080E32E/xrefs/119072.json?page_size=200	inputs/rnacentral/URS000080E32E_119072_xrefs.json	2026-10-09T02:49:32+00:00	200			6279	6279	b0d39ee7b717ada5a877dba8a580bf1dde32a5d2adc0956d75a345ff91e8a387		RNAcentral cross-references for URS000080E32E_119072 (row provenance)	ok	
structures/mmcif/6VUI.cif.gz	https://files.rcsb.org/download/6VUI.cif.gz	inputs/structures/mmcif/6VUI.cif.gz	2026-10-09T02:49:33+00:00	200	Mon, 22 Sep 2025 00:42:52 GMT	"""bc7358292420e182b497bd3b1e813f69-gz"""	60627	60627	b40f8e61db25e5479cca64169fa6bbd0c29341866a1265e57e06410bc32d48d8		RCSB mmCIF for 6VUI (source coordinates/metadata)	ok	
structures/mmcif/7E9E.cif.gz	https://files.rcsb.org/download/7E9E.cif.gz	inputs/structures/mmcif/7E9E.cif.gz	2026-10-09T02:49:33+00:00	200	Sun, 21 Sep 2025 23:55:33 GMT	"""728aa8425cc0f99e43b513239daaa406-gz"""	53926	53926	c6e952174df034541f903a36746608ce547e5ecca4456970d48cf69f953f3fa4		RCSB mmCIF for 7E9E (source coordinates/metadata)	ok	
structures/mmcif/7E9I.cif.gz	https://files.rcsb.org/download/7E9I.cif.gz	inputs/structures/mmcif/7E9I.cif.gz	2026-10-09T02:49:34+00:00	200	Sun, 21 Sep 2025 23:55:33 GMT	"""d26821df08200167a608438f043105fd-gz"""	48406	48406	7bf7248db03632b3785992fc8a632ad7b9708ea86789ceb80c654353168f54ae		RCSB mmCIF for 7E9I (source coordinates/metadata)	ok	
structures/mmcif/7REX.cif.gz	https://files.rcsb.org/download/7REX.cif.gz	inputs/structures/mmcif/7REX.cif.gz	2026-10-09T02:49:35+00:00	200	Mon, 22 Sep 2025 00:32:06 GMT	"""1e1be1e124cbaadeb5735fa2d272170f-gz"""	148122	148122	5c2fa2517f8f319520f0d174a3adfb33a341860f01ffba77b8407b2f89fdd3d5		RCSB mmCIF for 7REX (source coordinates/metadata)	ok	
rnacentral/URS00023119CB.json	https://rnacentral.org/api/v1/rna/URS00023119CB.json	inputs/rnacentral/URS00023119CB.json	2026-10-09T02:49:36+00:00	200			517	517	e181f2aac7df375431ded2b40b69ca662803386cd3226d1559f427fdcf019116		RNAcentral record for URS00023119CB (row origin)	ok	
rnacentral/URS00023119CB_2126436_xrefs.json	https://rnacentral.org/api/v1/rna/URS00023119CB/xrefs/2126436.json?page_size=200	inputs/rnacentral/URS00023119CB_2126436_xrefs.json	2026-10-09T02:49:39+00:00	200			10937	10937	b69709bda182c0af232837771ccf3ec80fb324734ad0a4a29a77cdb78fdb0a38		RNAcentral cross-references for URS00023119CB_2126436 (row provenance)	ok	
structures/mmcif/8FB3.cif.gz	https://files.rcsb.org/download/8FB3.cif.gz	inputs/structures/mmcif/8FB3.cif.gz	2026-10-09T02:49:40+00:00	200	Sun, 21 Sep 2025 23:58:29 GMT	"""f9d99773e41a0e6bf0716ae0920e774c-gz"""	118664	118664	1ca6ce36c34bcca9727214503c89cd443c961d604a746e79bb60f490743f8700		RCSB mmCIF for 8FB3 (source coordinates/metadata)	ok	
structures/mmcif/3SD3.cif.gz	https://files.rcsb.org/download/3SD3.cif.gz	inputs/structures/mmcif/3SD3.cif.gz	2026-10-09T02:49:40+00:00	200	Sun, 09 Aug 2026 00:44:19 GMT	"""0534778078c985d2a7532d0bdc858dd1-gz"""	115742	115742	bfa927cd894523b89e025c5ccf8c59133e958ba5cc1ecb4e4b8d2acd3e9bfdd1		RCSB mmCIF for 3SD3 (source coordinates/metadata)	ok	
rnacentral/URS000080DFDF.json	https://rnacentral.org/api/v1/rna/URS000080DFDF.json	inputs/rnacentral/URS000080DFDF.json	2026-10-09T02:49:42+00:00	200			588	588	8950add444fc1173df637b6f1c46b6d5fd760450f3ac79246fa83df7b54331f4		RNAcentral record for URS000080DFDF (row origin)	ok	
rnacentral/URS000080DFDF_32630_xrefs.json	https://rnacentral.org/api/v1/rna/URS000080DFDF/xrefs/32630.json?page_size=200	inputs/rnacentral/URS000080DFDF_32630_xrefs.json	2026-10-09T02:49:45+00:00	200			2748	2748	ff61651423d0bfd68137a2083131fa70915ea24d3f631eafa30dde63b945a605		RNAcentral cross-references for URS000080DFDF_32630 (row provenance)	ok	
structures/mmcif/3SUH.cif.gz	https://files.rcsb.org/download/3SUH.cif.gz	inputs/structures/mmcif/3SUH.cif.gz	2026-10-09T02:49:46+00:00	200	Mon, 22 Sep 2025 00:35:30 GMT	"""195640de5dc9c5d00ebf2544ce66b4b3-gz"""	68265	68265	ce117781c1f661f7befb64c73b2e62b57eafa3cfd8e554ee81a9b72cfdd99bb1		RCSB mmCIF for 3SUH (source coordinates/metadata)	ok	
rnacentral/URS000080DEF0.json	https://rnacentral.org/api/v1/rna/URS000080DEF0.json	inputs/rnacentral/URS000080DEF0.json	2026-10-09T02:49:47+00:00	200			603	603	10958b6f55cf9955639d403a8ce06645248bbefd9422417076ffdf61629ce004		RNAcentral record for URS000080DEF0 (row origin)	ok	
rnacentral/URS000080DEF0_39492_xrefs.json	https://rnacentral.org/api/v1/rna/URS000080DEF0/xrefs/39492.json?page_size=200	inputs/rnacentral/URS000080DEF0_39492_xrefs.json	2026-10-09T02:49:51+00:00	200			2753	2753	882b193258cb7983376d5064bd731cca92ea56ad410a86693b189ce1b944b49e		RNAcentral cross-references for URS000080DEF0_39492 (row provenance)	ok	
structures/mmcif/3SUX.cif.gz	https://files.rcsb.org/download/3SUX.cif.gz	inputs/structures/mmcif/3SUX.cif.gz	2026-10-09T02:49:52+00:00	200	Mon, 22 Sep 2025 00:35:30 GMT	"""6d6e72fa0553ef2b4203edfa16b9d676-gz"""	66720	66720	a310298c7ee7287ea6225dbcf010426fbf2b9f3efb756b152c7083a98c11d923		RCSB mmCIF for 3SUX (source coordinates/metadata)	ok	
structures/mmcif/3SUY.cif.gz	https://files.rcsb.org/download/3SUY.cif.gz	inputs/structures/mmcif/3SUY.cif.gz	2026-10-09T02:49:52+00:00	200	Mon, 22 Sep 2025 00:35:30 GMT	"""247a9e64ed9d5419b2e5e96943ab8597-gz"""	64958	64958	978dde7d6e061f581be248f6a614c6ea25dfbfec6f4ae2480c5a616f68396db7		RCSB mmCIF for 3SUY (source coordinates/metadata)	ok	
structures/mmcif/4LVV.cif.gz	https://files.rcsb.org/download/4LVV.cif.gz	inputs/structures/mmcif/4LVV.cif.gz	2026-10-09T02:49:53+00:00	200	Mon, 22 Sep 2025 00:16:56 GMT	"""b5a3acf45fb6833a4f5a5b919bbc5cf1-gz"""	62829	62829	3e411b715f1089a80840f8d430ddac8a417d81e5c3b445c5fedaead8842d52e3		RCSB mmCIF for 4LVV (source coordinates/metadata)	ok	
rnacentral/URS000080DF21.json	https://rnacentral.org/api/v1/rna/URS000080DF21.json	inputs/rnacentral/URS000080DF21.json	2026-10-09T02:49:54+00:00	200			601	601	d777ed2cd2f8b25965ad6e8d8b6dda007730680d80b25d23b3f90d84e1a33ff1		RNAcentral record for URS000080DF21 (row origin)	ok	
rnacentral/URS000080DF21_32630_xrefs.json	https://rnacentral.org/api/v1/rna/URS000080DF21/xrefs/32630.json?page_size=200	inputs/rnacentral/URS000080DF21_32630_xrefs.json	2026-10-09T02:49:58+00:00	200			2748	2748	182940edb27df27798764c5572aeaba0ad0d3cffa1dbc39a6a8b9f257afd04d1		RNAcentral cross-references for URS000080DF21_32630 (row provenance)	ok	
structures/mmcif/4LVW.cif.gz	https://files.rcsb.org/download/4LVW.cif.gz	inputs/structures/mmcif/4LVW.cif.gz	2026-10-09T02:49:58+00:00	200	Mon, 22 Sep 2025 00:16:56 GMT	"""38970dd2a0d038823fba7f3f6424d35f-gz"""	65366	65366	ce86abe532442e0d1f8c9fe4ad2df2f71f40d09e8f2c2cd9bfe5c77c1b209737		RCSB mmCIF for 4LVW (source coordinates/metadata)	ok	
structures/mmcif/4LVX.cif.gz	https://files.rcsb.org/download/4LVX.cif.gz	inputs/structures/mmcif/4LVX.cif.gz	2026-10-09T02:49:59+00:00	200	Mon, 22 Sep 2025 00:16:56 GMT	"""7f721e6482fb092bf7b6fd18259e130c-gz"""	64572	64572	761b25a078107780fbbc6a9132437b4a9bff9d973626861982a0c87a1ebb9958		RCSB mmCIF for 4LVX (source coordinates/metadata)	ok	
structures/mmcif/4LVY.cif.gz	https://files.rcsb.org/download/4LVY.cif.gz	inputs/structures/mmcif/4LVY.cif.gz	2026-10-09T02:49:59+00:00	200	Mon, 22 Sep 2025 00:16:56 GMT	"""52f26bdee6c8e7ecafc7a3eae22c5c1c-gz"""	64730	64730	e86c3aefa463bea34865f5c7e0832f44d51d20f5bfd21b7c476861beefc2b0aa		RCSB mmCIF for 4LVY (source coordinates/metadata)	ok	
structures/mmcif/4LVZ.cif.gz	https://files.rcsb.org/download/4LVZ.cif.gz	inputs/structures/mmcif/4LVZ.cif.gz	2026-10-09T02:50:00+00:00	200	Mon, 22 Sep 2025 00:16:56 GMT	"""518f0276beb964f9d35f6871223f6956-gz"""	67985	67985	2b4922c00a974b26c7ddf927cd18a9fcd4d1fe9e085d2c8321482994459d3b0c		RCSB mmCIF for 4LVZ (source coordinates/metadata)	ok	
structures/mmcif/4LW0.cif.gz	https://files.rcsb.org/download/4LW0.cif.gz	inputs/structures/mmcif/4LW0.cif.gz	2026-10-09T02:50:00+00:00	200	Mon, 22 Sep 2025 00:17:00 GMT	"""1156637a2d6235599a36b1834c96fa83-gz"""	63684	63684	e0171650c334648429ec70734f27931953647279e9ffafebfb693ae4b0193e2e		RCSB mmCIF for 4LW0 (source coordinates/metadata)	ok	
structures/mmcif/6Q57.cif.gz	https://files.rcsb.org/download/6Q57.cif.gz	inputs/structures/mmcif/6Q57.cif.gz	2026-10-09T02:50:01+00:00	200	Mon, 22 Sep 2025 00:28:35 GMT	"""01bac703b97c736a09b62cc4543238cb-gz"""	61650	61650	9ab7bb3a3c0277546613ca36b8b1fa3ccb5a56737803f5f30f2b39b8cc16a72d		RCSB mmCIF for 6Q57 (source coordinates/metadata)	ok	
rnacentral/URS000080DF21_210007_xrefs.json	https://rnacentral.org/api/v1/rna/URS000080DF21/xrefs/210007.json?page_size=200	inputs/rnacentral/URS000080DF21_210007_xrefs.json	2026-10-09T02:50:03+00:00	200			4678	4678	2c82ea44f9c320e9fdb5aa2e578fea6e128c53b944053ed0f05677499b4533a4		RNAcentral cross-references for URS000080DF21_210007 (row provenance)	ok	
structures/mmcif/7KD1.cif.gz	https://files.rcsb.org/download/7KD1.cif.gz	inputs/structures/mmcif/7KD1.cif.gz	2026-10-09T02:50:04+00:00	200	Mon, 22 Sep 2025 00:13:00 GMT	"""27a4e5ba3406864830fb34a243600652-gz"""	114445	114445	8012fd4ae9ff843e5bba3e4ae4a4eca719c0ead709eccb7c632e0314dedd560c		RCSB mmCIF for 7KD1 (source coordinates/metadata)	ok	
structures/mmcif/7LYF.cif.gz	https://files.rcsb.org/download/7LYF.cif.gz	inputs/structures/mmcif/7LYF.cif.gz	2026-10-09T02:50:04+00:00	200	Mon, 22 Sep 2025 00:17:10 GMT	"""1e4d9f85cc564d4cb9450f2efb612b03-gz"""	91081	91081	68945e16d10fbd99fb77d60643225d9fee5c2c503b2921dff6fd7d457c608d74		RCSB mmCIF for 7LYF (source coordinates/metadata)	ok	
rnacentral/URS0002311981.json	https://rnacentral.org/api/v1/rna/URS0002311981.json	inputs/rnacentral/URS0002311981.json	2026-10-09T02:50:06+00:00	200			612	612	67bbca76daa8cb1bd1aad973aa9bdba8e6c1072fdb4223b358db0809e592abe5		RNAcentral record for URS0002311981 (row origin)	ok	
rnacentral/URS0002311981_11060_xrefs.json	https://rnacentral.org/api/v1/rna/URS0002311981/xrefs/11060.json?page_size=200	inputs/rnacentral/URS0002311981_11060_xrefs.json	2026-10-09T02:50:08+00:00	200			1627	1627	1b378381bcfb7194840a685c360baeec1602a2e296eb513befa2b5f2b436e0b5		RNAcentral cross-references for URS0002311981_11060 (row provenance)	ok	
structures/mmcif/7LYG.cif.gz	https://files.rcsb.org/download/7LYG.cif.gz	inputs/structures/mmcif/7LYG.cif.gz	2026-10-09T02:50:08+00:00	200	Mon, 22 Sep 2025 00:17:10 GMT	"""4ff75f5b547f88cba114eb18f8e11281-gz"""	169880	169880	faeacff97f8c12492509e928898e811d976f2da89a148ebcce297c3da01d04d9		RCSB mmCIF for 7LYG (source coordinates/metadata)	ok	
rnacentral/URS0002311A29.json	https://rnacentral.org/api/v1/rna/URS0002311A29.json	inputs/rnacentral/URS0002311A29.json	2026-10-09T02:50:10+00:00	200			615	615	849dceec3d175d58221471d4f3097c2a3cf332c547e6e6b80fef38b92498a304		RNAcentral record for URS0002311A29 (row origin)	ok	
rnacentral/URS0002311A29_64320_xrefs.json	https://rnacentral.org/api/v1/rna/URS0002311A29/xrefs/64320.json?page_size=200	inputs/rnacentral/URS0002311A29_64320_xrefs.json	2026-10-09T02:50:13+00:00	200			1608	1608	56006f9b7ea70ca60a5e3662955b19adb4792dc187e3492801492be485035741		RNAcentral cross-references for URS0002311A29_64320 (row provenance)	ok	
structures/mmcif/7UMC.cif.gz	https://files.rcsb.org/download/7UMC.cif.gz	inputs/structures/mmcif/7UMC.cif.gz	2026-10-09T02:50:14+00:00	200	Mon, 22 Sep 2025 00:39:44 GMT	"""2b66830b328f28a6dea8b3f8d4905ddc-gz"""	440058	440058	53ae285fe4e33bc4ef336fa2e52efeb0dbd50d171da9a67d9505805d42c6fb6d		RCSB mmCIF for 7UMC (source coordinates/metadata)	ok	
rnacentral/URS00023359CE.json	https://rnacentral.org/api/v1/rna/URS00023359CE.json	inputs/rnacentral/URS00023359CE.json	2026-10-09T02:50:15+00:00	200			544	544	b499f1943644e6bf0a724752cfe48b568299b0d664ac163a60355c459562a450		RNAcentral record for URS00023359CE (row origin)	ok	
rnacentral/URS00023359CE_11053_xrefs.json	https://rnacentral.org/api/v1/rna/URS00023359CE/xrefs/11053.json?page_size=200	inputs/rnacentral/URS00023359CE_11053_xrefs.json	2026-10-09T02:50:18+00:00	200			1517	1517	941db41891f408cb91381ac455670242f404467eb3a7b2afcb729bbcf1751f89		RNAcentral cross-references for URS00023359CE_11053 (row provenance)	ok	
structures/mmcif/8GZP.cif.gz	https://files.rcsb.org/download/8GZP.cif.gz	inputs/structures/mmcif/8GZP.cif.gz	2026-10-09T02:50:19+00:00	200	Mon, 22 Sep 2025 00:03:23 GMT	"""83a28c4041c9001f72a72793a184594b-gz"""	207890	207890	b3f40bf87b0c10405c9c9efccbcc047101ac60d733b304f1a6ee857ac47ef24f		RCSB mmCIF for 8GZP (source coordinates/metadata)	ok	
rnacentral/URS0002681453.json	https://rnacentral.org/api/v1/rna/URS0002681453.json	inputs/rnacentral/URS0002681453.json	2026-10-09T02:50:21+00:00	200			649	649	1bd5a0bcf45dc058a05d8c94a1a5a6559bd6308ad2f243a6d53f1ab631bde68a		RNAcentral record for URS0002681453 (row origin)	ok	
rnacentral/URS0002681453_32630_xrefs.json	https://rnacentral.org/api/v1/rna/URS0002681453/xrefs/32630.json?page_size=200	inputs/rnacentral/URS0002681453_32630_xrefs.json	2026-10-09T02:50:25+00:00	200			3045	3045	efd49835e419ab1e9ff7f2e30be9c4b1fbaa1f9e8377bee884cf789b611b3f5b		RNAcentral cross-references for URS0002681453_32630 (row provenance)	ok	
structures/mmcif/8GZQ.cif.gz	https://files.rcsb.org/download/8GZQ.cif.gz	inputs/structures/mmcif/8GZQ.cif.gz	2026-10-09T02:50:25+00:00	200	Mon, 22 Sep 2025 00:03:23 GMT	"""18c042146f940bc0f45932c2afbf9fcc-gz"""	276393	276393	281e56e19b8405403bc52a734285b511535e5adcfd8b862c47a860f5d927e2b8		RCSB mmCIF for 8GZQ (source coordinates/metadata)	ok	
structures/mmcif/6TB7.cif.gz	https://files.rcsb.org/download/6TB7.cif.gz	inputs/structures/mmcif/6TB7.cif.gz	2026-10-09T02:50:26+00:00	200	Mon, 22 Sep 2025 00:36:33 GMT	"""56eb80a3be45fa0e3d952e896fa2d927-gz"""	76296	76296	899af0803f755540cf0891f212ac843b54ab984d4c75f78282a2bfd089442734		RCSB mmCIF for 6TB7 (source coordinates/metadata)	ok	
rnacentral/URS00021ED92A.json	https://rnacentral.org/api/v1/rna/URS00021ED92A.json	inputs/rnacentral/URS00021ED92A.json	2026-10-09T02:50:27+00:00	200			534	534	9efdfb021914dadddc175e62e394e61e045cc79a1696644ad8f924c1279daecb		RNAcentral record for URS00021ED92A (row origin)	ok	
rnacentral/URS00021ED92A_204669_xrefs.json	https://rnacentral.org/api/v1/rna/URS00021ED92A/xrefs/204669.json?page_size=200	inputs/rnacentral/URS00021ED92A_204669_xrefs.json	2026-10-09T02:50:30+00:00	200			15997	15997	6332805af633e9ca5a4ab3a539a0b066731c3f5a69da1992b95be4e904c50775		RNAcentral cross-references for URS00021ED92A_204669 (row provenance)	ok	
structures/mmcif/6TF0.cif.gz	https://files.rcsb.org/download/6TF0.cif.gz	inputs/structures/mmcif/6TF0.cif.gz	2026-10-09T02:50:31+00:00	200	Sat, 25 Jul 2026 05:06:17 GMT	"""10fac4ee1094fcf7bef400d754c4a134-gz"""	89158	89158	51c9e5ea5731a1318729e2d1ab68c6568c156550465f8872da02718994fa843a		RCSB mmCIF for 6TF0 (source coordinates/metadata)	ok	
structures/mmcif/6TF1.cif.gz	https://files.rcsb.org/download/6TF1.cif.gz	inputs/structures/mmcif/6TF1.cif.gz	2026-10-09T02:50:32+00:00	200	Mon, 22 Sep 2025 00:36:48 GMT	"""6996e80121f81bbdea920b01c9caa52e-gz"""	75934	75934	30ff0ce6617ab7a7a2d17923d70aed4286de679ad3ab728a05ec3b9b39a3efdf		RCSB mmCIF for 6TF1 (source coordinates/metadata)	ok	
structures/mmcif/6TF2.cif.gz	https://files.rcsb.org/download/6TF2.cif.gz	inputs/structures/mmcif/6TF2.cif.gz	2026-10-09T02:50:33+00:00	200	Mon, 22 Sep 2025 00:36:48 GMT	"""99a24bd64a13101096faa203c590b745-gz"""	76945	76945	0d65bbd79094b14d2b7fe9044b5d128b6a98098a28a67fcfe9ac4361f36da027		RCSB mmCIF for 6TF2 (source coordinates/metadata)	ok	
structures/mmcif/6TF3.cif.gz	https://files.rcsb.org/download/6TF3.cif.gz	inputs/structures/mmcif/6TF3.cif.gz	2026-10-09T02:50:33+00:00	200	Mon, 22 Sep 2025 00:36:48 GMT	"""18b5da328b063b74971962ab8a0ea730-gz"""	74277	74277	a7a5e7b02350a68a641fda5442f523854456363ed7d923f18da365b9fcef99cb		RCSB mmCIF for 6TF3 (source coordinates/metadata)	ok	
structures/mmcif/6TFE.cif.gz	https://files.rcsb.org/download/6TFE.cif.gz	inputs/structures/mmcif/6TFE.cif.gz	2026-10-09T02:50:34+00:00	200	Mon, 22 Sep 2025 00:36:48 GMT	"""97e372051921fde8f11a666f1024c0b0-gz"""	91857	91857	f63a3d3f4a0b5178c7ed724342c55031ba5c05ee61ce45f79ce5284c933d6c43		RCSB mmCIF for 6TFE (source coordinates/metadata)	ok	
structures/mmcif/6TFF.cif.gz	https://files.rcsb.org/download/6TFF.cif.gz	inputs/structures/mmcif/6TFF.cif.gz	2026-10-09T02:50:34+00:00	200	Mon, 22 Sep 2025 00:36:49 GMT	"""cb1b3ab7ab03608a941e1783bbe6cb76-gz"""	75452	75452	4730ad138dff30cdd56bcfa1efa63fba020282e189850ce0cdc8d09b404acb2d		RCSB mmCIF for 6TFF (source coordinates/metadata)	ok	
structures/mmcif/6TFG.cif.gz	https://files.rcsb.org/download/6TFG.cif.gz	inputs/structures/mmcif/6TFG.cif.gz	2026-10-09T02:50:35+00:00	200	Mon, 22 Sep 2025 00:36:49 GMT	"""969ab9f7524b5717fa06ecba90796d1c-gz"""	76251	76251	49a3719a5e54ba599d51c2507b9e8a46cbd5bcf187263c8d06041df70d4d7a1d		RCSB mmCIF for 6TFG (source coordinates/metadata)	ok	
structures/mmcif/6TFH.cif.gz	https://files.rcsb.org/download/6TFH.cif.gz	inputs/structures/mmcif/6TFH.cif.gz	2026-10-09T02:50:36+00:00	200	Sat, 25 Jul 2026 05:06:18 GMT	"""b567ea659cf99c0f023c99d87c08a21b-gz"""	80275	80275	39e0c1cf0b14f1eed3c791cd646b6344f8e8a1b8521ca57683176ff3a33aeb5c		RCSB mmCIF for 6TFH (source coordinates/metadata)	ok	
structures/mmcif/7D7V.cif.gz	https://files.rcsb.org/download/7D7V.cif.gz	inputs/structures/mmcif/7D7V.cif.gz	2026-10-09T02:50:36+00:00	200	Sun, 21 Sep 2025 23:52:41 GMT	"""1011615ec27a2c7500d4bd1962a3d1f6-gz"""	73594	73594	f651d97d68672183c463f1068e8fb817069b328862df75ac4395b1d41bad079f		RCSB mmCIF for 7D7V (source coordinates/metadata)	ok	
rnacentral/URS00021ED9BF.json	https://rnacentral.org/api/v1/rna/URS00021ED9BF.json	inputs/rnacentral/URS00021ED9BF.json	2026-10-09T02:50:37+00:00	200			539	539	9f614480893efa6f63088f8147a8c910df9af45b3c359d6e9744f5f81b84d426		RNAcentral record for URS00021ED9BF (row origin)	ok	
rnacentral/URS00021ED9BF_240015_xrefs.json	https://rnacentral.org/api/v1/rna/URS00021ED9BF/xrefs/240015.json?page_size=200	inputs/rnacentral/URS00021ED9BF_240015_xrefs.json	2026-10-09T02:50:40+00:00	200			3015	3015	2037a9c9846337daa8278b3ce266ab2a2c6029196374e107f3db683376090f4d		RNAcentral cross-references for URS00021ED9BF_240015 (row provenance)	ok	
structures/mmcif/7D7W.cif.gz	https://files.rcsb.org/download/7D7W.cif.gz	inputs/structures/mmcif/7D7W.cif.gz	2026-10-09T02:50:41+00:00	200	Sun, 21 Sep 2025 23:52:41 GMT	"""7adfcb6aa02fd1c99cc5d5002a1b359d-gz"""	47919	47919	680a4eb397306a74fae0c0bc217f4eda86cd08716fb22ffe575bfd7162275df2		RCSB mmCIF for 7D7W (source coordinates/metadata)	ok	
rnacentral/URS00021ED902.json	https://rnacentral.org/api/v1/rna/URS00021ED902.json	inputs/rnacentral/URS00021ED902.json	2026-10-09T02:50:42+00:00	200			532	532	600fe19901802bd132f2a1c425e50fe5bde67843f41d8cf263024aaed524f888		RNAcentral record for URS00021ED902 (row origin)	ok	
rnacentral/URS00021ED902_32630_xrefs.json	https://rnacentral.org/api/v1/rna/URS00021ED902/xrefs/32630.json?page_size=200	inputs/rnacentral/URS00021ED902_32630_xrefs.json	2026-10-09T02:50:47+00:00	200			7648	7648	72a7b885056031fb3b199ad280c4cd68906670492298b6f34cff434327d9051d		RNAcentral cross-references for URS00021ED902_32630 (row provenance)	ok	
structures/mmcif/7D7X.cif.gz	https://files.rcsb.org/download/7D7X.cif.gz	inputs/structures/mmcif/7D7X.cif.gz	2026-10-09T02:50:47+00:00	200	Sun, 21 Sep 2025 23:52:41 GMT	"""e8ccdf93c412ece8a9f55a92ed034ff2-gz"""	46065	46065	ffd7c7a70f4786bd66650cba36c87e5a1c6eb8bba18c424e771f32618e027769		RCSB mmCIF for 7D7X (source coordinates/metadata)	ok	
structures/mmcif/7D7Y.cif.gz	https://files.rcsb.org/download/7D7Y.cif.gz	inputs/structures/mmcif/7D7Y.cif.gz	2026-10-09T02:50:48+00:00	200	Sun, 21 Sep 2025 23:52:41 GMT	"""7e8e434e008e4cd2b0f97926eb077105-gz"""	46438	46438	37c43ef5cf421a380d5886b8bac669dc12334e40ea18ab803620f3f3455a9c39		RCSB mmCIF for 7D7Y (source coordinates/metadata)	ok	
structures/mmcif/7D7Z.cif.gz	https://files.rcsb.org/download/7D7Z.cif.gz	inputs/structures/mmcif/7D7Z.cif.gz	2026-10-09T02:50:48+00:00	200	Sun, 21 Sep 2025 23:52:41 GMT	"""ebe9059e859a2f804bd1ac43815e9ab2-gz"""	51991	51991	521073e4ed2b4e653ebef93add5a6da6fac73310407239f5f9b895e7c9603be6		RCSB mmCIF for 7D7Z (source coordinates/metadata)	ok	
structures/mmcif/7D81.cif.gz	https://files.rcsb.org/download/7D81.cif.gz	inputs/structures/mmcif/7D81.cif.gz	2026-10-09T02:50:49+00:00	200	Sun, 21 Sep 2025 23:52:46 GMT	"""634c42a7cbe633d163baff57eb0e817c-gz"""	43434	43434	6a69adb936483dab9a245bfee323a06f3e78f693abc53f6f273f5cbe0c7d739e		RCSB mmCIF for 7D81 (source coordinates/metadata)	ok	
rnacentral/URS00021ED956.json	https://rnacentral.org/api/v1/rna/URS00021ED956.json	inputs/rnacentral/URS00021ED956.json	2026-10-09T02:50:50+00:00	200			533	533	b3c9cad952e76bd50754824c0c06ef1eac62e8a3bd3320e4c96a49fea8dcf47c		RNAcentral record for URS00021ED956 (row origin)	ok	
rnacentral/URS00021ED956_1267533_xrefs.json	https://rnacentral.org/api/v1/rna/URS00021ED956/xrefs/1267533.json?page_size=200	inputs/rnacentral/URS00021ED956_1267533_xrefs.json	2026-10-09T02:50:54+00:00	200			4622	4622	29d87c07b29fda0f8d9fde894fe798b8068e03028e5637ef71feb03aee82081d		RNAcentral cross-references for URS00021ED956_1267533 (row provenance)	ok	
structures/mmcif/7D82.cif.gz	https://files.rcsb.org/download/7D82.cif.gz	inputs/structures/mmcif/7D82.cif.gz	2026-10-09T02:50:55+00:00	200	Sun, 21 Sep 2025 23:52:46 GMT	"""70986935085d705a0cddc795ed711cae-gz"""	45516	45516	808b7898eee3b7d91bfe0b6d366a74421cdf80168f2d64c140a2db4128a02f76		RCSB mmCIF for 7D82 (source coordinates/metadata)	ok	
software/STAR3D_v1.2.tar.gz	http://genome.ucf.edu/STAR3D/STAR3D_v1.2.tar.gz	inputs/software/STAR3D_v1.2.tar.gz	2026-10-09T02:54:57+00:00	200	Mon, 17 Oct 2016 18:17:03 GMT	"""560675-53f13952ac5b7"""	5637749	5637749	c9da44059d9cfc40828e798ebd4f6194c55415e17aaae7d90ac0f849ec2ed946	v1.2	ORIGINAL STAR3D v1.2 distribution from authors' site (Ge & Zhang 2015)	ok	
software/STAR3D_author_page.html	http://genome.ucf.edu/STAR3D/	inputs/software/STAR3D_author_page.html	2026-10-09T02:54:58+00:00	200	Mon, 17 Oct 2016 18:16:48 GMT	"""4bd-53f13944c61be"""	1213	1213	57f4b0541001955912644f290e75e0b96b40ee453caf6c96f64394182518e45e		STAR3D author page (usage, license statement)	ok	
literature/2GIS_epmc.json	https://www.ebi.ac.uk/europepmc/webservices/rest/search?format=json&resultType=core&query=EXT_ID%3A16810258%20AND%20SRC%3AMED	inputs/literature/2GIS_epmc.json	2026-10-09T02:55:26+00:00	200				6531	aa1affda4c4d70d16a57f0873079cd0c1ec17753acf368f43451e8ab168e489d		Europe PMC metadata for EXT_ID:16810258 AND SRC:MED	ok	
literature/7EAF_epmc.json	https://www.ebi.ac.uk/europepmc/webservices/rest/search?format=json&resultType=core&query=EXT_ID%3A33978763%20AND%20SRC%3AMED	inputs/literature/7EAF_epmc.json	2026-10-09T02:55:27+00:00	200				8583	5ef4892bb46cca5e845b47b9d0f99b48f037070527754d4d9b1eaef1b9085e17		Europe PMC metadata for EXT_ID:33978763 AND SRC:MED	ok	
literature/7EAF_PMC8191799.xml	https://www.ebi.ac.uk/europepmc/webservices/rest/PMC8191799/fullTextXML	inputs/literature/7EAF_PMC8191799.xml	2026-10-09T02:55:34+00:00	200				97295	2f78681a1887f67d71d2921f5ddd42d5c98923d8b693d59d4d71d182e9451a7a		Europe PMC full text PMC8191799 (7EAF)	ok	
literature/2YGH_epmc.json	https://www.ebi.ac.uk/europepmc/webservices/rest/search?format=json&resultType=core&query=EXT_ID%3A21893284%20AND%20SRC%3AMED	inputs/literature/2YGH_epmc.json	2026-10-09T02:55:35+00:00	200				5379	27c973e68d43e637d192a8621a2ba1357a98c10a748d75ec9a38d7bc47cfe3b7		Europe PMC metadata for EXT_ID:21893284 AND SRC:MED	ok	
literature/2YGH_PMC3651934.xml	https://www.ebi.ac.uk/europepmc/webservices/rest/PMC3651934/fullTextXML	inputs/literature/2YGH_PMC3651934.xml	2026-10-09T02:55:41+00:00	200				87400	e1f1e615b9c42cbe7277f5ee451216e9d93658da056bb16b4ceeab5b134663b4		Europe PMC full text PMC3651934 (2YGH)	ok	
literature/4KQY_epmc.json	https://www.ebi.ac.uk/europepmc/webservices/rest/search?format=json&resultType=core&query=EXT_ID%3A20951706%20AND%20SRC%3AMED	inputs/literature/4KQY_epmc.json	2026-10-09T02:55:41+00:00	200				7781	f416bdd3ab763265ef38d7030a2e93776bf8d445370270f50fcd959d2b0c31df		Europe PMC metadata for EXT_ID:20951706 AND SRC:MED	ok	
literature/4KQY_PMC3222078.xml	https://www.ebi.ac.uk/europepmc/webservices/rest/PMC3222078/fullTextXML	inputs/literature/4KQY_PMC3222078.xml	2026-10-09T02:55:58+00:00								Europe PMC full text PMC3222078 (4KQY)	failed	HTTP Error 500: 
literature/3D2G_epmc.json	https://www.ebi.ac.uk/europepmc/webservices/rest/search?format=json&resultType=core&query=EXT_ID%3A18533652%20AND%20SRC%3AMED	inputs/literature/3D2G_epmc.json	2026-10-09T02:55:58+00:00	200				4929	39e31f8d13faddc171da819b62291c83fdbbe13aa8cfbaf9372f26c4d2df265c		Europe PMC metadata for EXT_ID:18533652 AND SRC:MED	ok	
literature/2CKY_epmc.json	https://www.ebi.ac.uk/europepmc/webservices/rest/search?format=json&resultType=core&query=EXT_ID%3A16675665%20AND%20SRC%3AMED	inputs/literature/2CKY_epmc.json	2026-10-09T02:55:59+00:00	200				5574	76cdc8a90e5479743caaea6e987445cab5fa2d21b9c71f8ac05fea80ebcf3c23		Europe PMC metadata for EXT_ID:16675665 AND SRC:MED	ok	
literature/2GDI_epmc.json	https://www.ebi.ac.uk/europepmc/webservices/rest/search?format=json&resultType=core&query=EXT_ID%3A16728979%20AND%20SRC%3AMED	inputs/literature/2GDI_epmc.json	2026-10-09T02:56:00+00:00	200				8363	eeebb8660dfad9db43e0578677db769491fea2a215692893e46c77a8e4d5fb52		Europe PMC metadata for EXT_ID:16728979 AND SRC:MED	ok	
literature/2GDI_PMC4689313.xml	https://www.ebi.ac.uk/europepmc/webservices/rest/PMC4689313/fullTextXML	inputs/literature/2GDI_PMC4689313.xml	2026-10-09T02:56:17+00:00								Europe PMC full text PMC4689313 (2GDI)	failed	HTTP Error 500: 
literature/2HOJ_epmc.json	https://www.ebi.ac.uk/europepmc/webservices/rest/search?format=json&resultType=core&query=EXT_ID%3A16962976%20AND%20SRC%3AMED	inputs/literature/2HOJ_epmc.json	2026-10-09T02:56:17+00:00	200				5172	579326a941354d491acaf29d691abc77e54eedea7490ce58bba5cbc016f881c7		Europe PMC metadata for EXT_ID:16962976 AND SRC:MED	ok	
literature/3SD3_epmc.json	https://www.ebi.ac.uk/europepmc/webservices/rest/search?format=json&resultType=core&query=EXT_ID%3A21906956%20AND%20SRC%3AMED	inputs/literature/3SD3_epmc.json	2026-10-09T02:56:18+00:00	200				8892	2911ffe6f7293e0a55e073b10145f3e00e881635c5ec9f17fb759c6278e88c14		Europe PMC metadata for EXT_ID:21906956 AND SRC:MED	ok	
literature/3SD3_PMC3196276.xml	https://www.ebi.ac.uk/europepmc/webservices/rest/PMC3196276/fullTextXML	inputs/literature/3SD3_PMC3196276.xml	2026-10-09T02:56:32+00:00								Europe PMC full text PMC3196276 (3SD3)	failed	HTTP Error 500: 
literature/4LVV_epmc.json	https://www.ebi.ac.uk/europepmc/webservices/rest/search?format=json&resultType=core&query=EXT_ID%3A24388757%20AND%20SRC%3AMED	inputs/literature/4LVV_epmc.json	2026-10-09T02:56:33+00:00	200				7337	3c4d8beb2e243e1854fedb19232cee4f788ede1fa12638e9410669b1231b6ed5		Europe PMC metadata for EXT_ID:24388757 AND SRC:MED	ok	
literature/4LVV_PMC3935398.xml	https://www.ebi.ac.uk/europepmc/webservices/rest/PMC3935398/fullTextXML	inputs/literature/4LVV_PMC3935398.xml	2026-10-09T02:56:56+00:00								Europe PMC full text PMC3935398 (4LVV)	failed	HTTP Error 500: 
literature/3SUH_epmc.json	https://www.ebi.ac.uk/europepmc/webservices/rest/search?format=json&resultType=core&query=EXT_ID%3A21873197%20AND%20SRC%3AMED	inputs/literature/3SUH_epmc.json	2026-10-09T02:56:56+00:00	200				6680	828e0c5b8b9c05bf74776d76a359431a99e917181881e4312b1d32405706eff5		Europe PMC metadata for EXT_ID:21873197 AND SRC:MED	ok	
literature/3SUH_PMC3169164.xml	https://www.ebi.ac.uk/europepmc/webservices/rest/PMC3169164/fullTextXML	inputs/literature/3SUH_PMC3169164.xml	2026-10-09T02:57:12+00:00								Europe PMC full text PMC3169164 (3SUH)	failed	HTTP Error 500: 
literature/7KD1_epmc.json	https://www.ebi.ac.uk/europepmc/webservices/rest/search?format=json&resultType=core&query=EXT_ID%3A33571639%20AND%20SRC%3AMED	inputs/literature/7KD1_epmc.json	2026-10-09T02:57:12+00:00	200				7233	71c87f08545aa0e48d54596e64e402f73b738846f602e8e891a05cb424beecdf		Europe PMC metadata for EXT_ID:33571639 AND SRC:MED	ok	
literature/7KD1_PMC7981257.xml	https://www.ebi.ac.uk/europepmc/webservices/rest/PMC7981257/fullTextXML	inputs/literature/7KD1_PMC7981257.xml	2026-10-09T02:57:31+00:00								Europe PMC full text PMC7981257 (7KD1)	failed	HTTP Error 500: 
literature/3Q50_epmc.json	https://www.ebi.ac.uk/europepmc/webservices/rest/search?format=json&resultType=core&query=EXT_ID%3A21592962%20AND%20SRC%3AMED	inputs/literature/3Q50_epmc.json	2026-10-09T02:57:32+00:00	200				7932	d2ac2563cd3650374137ca4a1384b01fa6c9c648ce7b34470f24d9c3b84d59aa		Europe PMC metadata for EXT_ID:21592962 AND SRC:MED	ok	
literature/3Q50_PMC3137038.xml	https://www.ebi.ac.uk/europepmc/webservices/rest/PMC3137038/fullTextXML	inputs/literature/3Q50_PMC3137038.xml	2026-10-09T02:57:48+00:00								Europe PMC full text PMC3137038 (3Q50)	failed	HTTP Error 500: 
literature/6VUI_epmc.json	https://www.ebi.ac.uk/europepmc/webservices/rest/search?format=json&resultType=core&query=EXT_ID%3A32597951%20AND%20SRC%3AMED	inputs/literature/6VUI_epmc.json	2026-10-09T02:57:48+00:00	200				10160	578c50e1ab1cb41e719049cbd79348cc595c656ec8bc6079333b05caba007497		Europe PMC metadata for EXT_ID:32597951 AND SRC:MED	ok	
literature/6VUI_PMC7641330.xml	https://www.ebi.ac.uk/europepmc/webservices/rest/PMC7641330/fullTextXML	inputs/literature/6VUI_PMC7641330.xml	2026-10-09T02:57:50+00:00	200				231308	f154a210a0373e7dcb5555b5c5e5508bb898d2192f9fe66b4a68f1eb6e279f73		Europe PMC full text PMC7641330 (6VUI)	ok	
literature/3GCA_epmc.json	https://www.ebi.ac.uk/europepmc/webservices/rest/search?format=json&resultType=core&query=EXT_ID%3A19261617%20AND%20SRC%3AMED	inputs/literature/3GCA_epmc.json	2026-10-09T02:57:51+00:00	200				7502	67d35d011ccc9b3571abd16aa00d43244df59da375d923dd4cd2e4b208c4193e		Europe PMC metadata for EXT_ID:19261617 AND SRC:MED	ok	
literature/3GCA_PMC2670106.xml	https://www.ebi.ac.uk/europepmc/webservices/rest/PMC2670106/fullTextXML	inputs/literature/3GCA_PMC2670106.xml	2026-10-09T02:58:10+00:00								Europe PMC full text PMC2670106 (3GCA)	failed	HTTP Error 500: 
literature/3FU2_epmc.json	https://www.ebi.ac.uk/europepmc/webservices/rest/search?format=json&resultType=core&query=EXT_ID%3A19234468%20AND%20SRC%3AMED	inputs/literature/3FU2_epmc.json	2026-10-09T02:58:11+00:00	200				5686	4e9ffffaad7ea7919209562164c217507d1597c82211bcc4b8765650c5a03223		Europe PMC metadata for EXT_ID:19234468 AND SRC:MED	ok	
literature/3FU2_PMC2657927.xml	https://www.ebi.ac.uk/europepmc/webservices/rest/PMC2657927/fullTextXML	inputs/literature/3FU2_PMC2657927.xml	2026-10-09T02:58:26+00:00								Europe PMC full text PMC2657927 (3FU2)	failed	HTTP Error 500: 
literature/3K1V_epmc.json	https://www.ebi.ac.uk/europepmc/webservices/rest/search?format=json&resultType=core&query=EXT_ID%3A19234468%20AND%20SRC%3AMED	inputs/literature/3K1V_epmc.json	2026-10-09T02:58:26+00:00	200				5686	4e9ffffaad7ea7919209562164c217507d1597c82211bcc4b8765650c5a03223		Europe PMC metadata for EXT_ID:19234468 AND SRC:MED	ok	
literature/3K1V_PMC2657927.xml	https://www.ebi.ac.uk/europepmc/webservices/rest/PMC2657927/fullTextXML	inputs/literature/3K1V_PMC2657927.xml	2026-10-09T02:58:44+00:00								Europe PMC full text PMC2657927 (3K1V)	failed	HTTP Error 500: 
literature/2L1V_epmc.json	https://www.ebi.ac.uk/europepmc/webservices/rest/search?format=json&resultType=core&query=EXT_ID%3A19285444%20AND%20SRC%3AMED	inputs/literature/2L1V_epmc.json	2026-10-09T02:58:45+00:00	200				6415	28095e1b7ec03de806689af539210a7e91383e6a68ced48616bcfb62d24b93ca		Europe PMC metadata for EXT_ID:19285444 AND SRC:MED	ok	
literature/7REX_epmc.json	https://www.ebi.ac.uk/europepmc/webservices/rest/search?format=json&resultType=core&query=DOI%3A%2210.1038/s41467-021-27790-8%22	inputs/literature/7REX_epmc.json	2026-10-09T02:58:45+00:00	200				11540	d323c896e32f086d01d6cfa317ed2b472f415e9b8530b869e5a08dc83712ef58		"Europe PMC metadata for DOI:""10.1038/s41467-021-27790-8"""	ok	
literature/7REX_PMC8752633.xml	https://www.ebi.ac.uk/europepmc/webservices/rest/PMC8752633/fullTextXML	inputs/literature/7REX_PMC8752633.xml	2026-10-09T02:58:47+00:00	200				170594	8cef45b00b9c185762f14e2e9cd55daba3725e22224bccceb65e4b09af28f653		Europe PMC full text PMC8752633 (7REX)	ok	
literature/4GXY_epmc.json	https://www.ebi.ac.uk/europepmc/webservices/rest/search?format=json&resultType=core&query=EXT_ID%3A23064646%20AND%20SRC%3AMED	inputs/literature/4GXY_epmc.json	2026-10-09T02:58:48+00:00	200				4892	b3910b1d9cb2e7985eef2a138674d240c063c29500a7ee489a38b5aa04615e67		Europe PMC metadata for EXT_ID:23064646 AND SRC:MED	ok	
literature/8SA2_epmc.json	https://www.ebi.ac.uk/europepmc/webservices/rest/search?format=json&resultType=core&query=EXT_ID%3A37534568%20AND%20SRC%3AMED	inputs/literature/8SA2_epmc.json	2026-10-09T02:58:48+00:00	200				7565	004914b198f17092be6fdac2714a69b4ba0a914d0c6a0dd6c3ed3fd1c9ff5645		Europe PMC metadata for EXT_ID:37534568 AND SRC:MED	ok	
literature/8SA2_PMC10570017.xml	https://www.ebi.ac.uk/europepmc/webservices/rest/PMC10570017/fullTextXML	inputs/literature/8SA2_PMC10570017.xml	2026-10-09T02:59:11+00:00								Europe PMC full text PMC10570017 (8SA2)	failed	HTTP Error 500: 
literature/6VMY_epmc.json	https://www.ebi.ac.uk/europepmc/webservices/rest/search?format=json&resultType=core&query=EXT_ID%3A32544228%20AND%20SRC%3AMED	inputs/literature/6VMY_epmc.json	2026-10-09T02:59:11+00:00	200				6912	179264e0e3b4322be120c5c6c08870465dd05380feeaf5db027eafb265d17eb0		Europe PMC metadata for EXT_ID:32544228 AND SRC:MED	ok	
literature/6VMY_PMC7367189.xml	https://www.ebi.ac.uk/europepmc/webservices/rest/PMC7367189/fullTextXML	inputs/literature/6VMY_PMC7367189.xml	2026-10-09T02:59:18+00:00	200				145166	a0cb9072a445e59488b192d09a6c3c56a6bbf4f67c2535636b689a2c040bee9e		Europe PMC full text PMC7367189 (6VMY)	ok	
literature/4GMA_epmc.json	https://www.ebi.ac.uk/europepmc/webservices/rest/search?format=json&resultType=core&query=EXT_ID%3A23064232%20AND%20SRC%3AMED	inputs/literature/4GMA_epmc.json	2026-10-09T02:59:19+00:00	200				8023	026c3ed6e85df04fc993baee0642f43c3a57ce936583df9a5a116d13ae2d5fd0		Europe PMC metadata for EXT_ID:23064232 AND SRC:MED	ok	
literature/4GMA_PMC3518761.xml	https://www.ebi.ac.uk/europepmc/webservices/rest/PMC3518761/fullTextXML	inputs/literature/4GMA_PMC3518761.xml	2026-10-09T02:59:33+00:00								Europe PMC full text PMC3518761 (4GMA)	failed	HTTP Error 500: 
literature/5T83_epmc.json	https://www.ebi.ac.uk/europepmc/webservices/rest/search?format=json&resultType=core&query=EXT_ID%3A28017522%20AND%20SRC%3AMED	inputs/literature/5T83_epmc.json	2026-10-09T02:59:33+00:00	200				6831	7e3daf7b2130fb81dd59b763f46508cc48696a652b0527c8569e90ed51fbe461		Europe PMC metadata for EXT_ID:28017522 AND SRC:MED	ok	
literature/5T83_PMC5317007.xml	https://www.ebi.ac.uk/europepmc/webservices/rest/PMC5317007/fullTextXML	inputs/literature/5T83_PMC5317007.xml	2026-10-09T02:59:57+00:00								Europe PMC full text PMC5317007 (5T83)	failed	HTTP Error 500: 
literature/5U3G_epmc.json	https://www.ebi.ac.uk/europepmc/webservices/rest/search?format=json&resultType=core&query=EXT_ID%3A28096518%20AND%20SRC%3AMED	inputs/literature/5U3G_epmc.json	2026-10-09T02:59:58+00:00	200				7032	ea25112dd37d5ffe91eb7b904907d49587af430693c6d0342a8f2e6733ce3fa0		Europe PMC metadata for EXT_ID:28096518 AND SRC:MED	ok	
literature/5U3G_PMC5340920.xml	https://www.ebi.ac.uk/europepmc/webservices/rest/PMC5340920/fullTextXML	inputs/literature/5U3G_PMC5340920.xml	2026-10-09T02:59:59+00:00	200				77853	88fdee5a69e5082bc14d8b41cbcf22a2b08f12ec711db910a1a25f333dfb84e2		Europe PMC full text PMC5340920 (5U3G)	ok	
literature/7MLW_epmc.json	https://www.ebi.ac.uk/europepmc/webservices/rest/search?format=json&resultType=core&query=EXT_ID%3A34257148%20AND%20SRC%3AMED	inputs/literature/7MLW_epmc.json	2026-10-09T03:00:00+00:00	200				8928	7a9fbaac3f3ff0da28d3ce6b2490eff37c24c7306b269b3b5237985a4a1aafee		Europe PMC metadata for EXT_ID:34257148 AND SRC:MED	ok	
literature/7MLW_PMC8457001.xml	https://www.ebi.ac.uk/europepmc/webservices/rest/PMC8457001/fullTextXML	inputs/literature/7MLW_PMC8457001.xml	2026-10-09T03:00:01+00:00	200				90678	9ef448f85305f17b5f484abbf79df187aa8be647025bcfc80b8157616315ab8d		Europe PMC full text PMC8457001 (7MLW)	ok	
literature/4KQY_PMC3222078.xml	https://www.ebi.ac.uk/europepmc/webservices/rest/PMC3222078/fullTextXML	inputs/literature/4KQY_PMC3222078.xml	2026-10-09T03:01:18+00:00								Europe PMC full text PMC3222078 (4KQY)	failed	HTTP Error 500: 
literature/4KQY_PMC3222078.html	https://pmc.ncbi.nlm.nih.gov/articles/PMC3222078/	inputs/literature/4KQY_PMC3222078.html	2026-10-09T03:01:19+00:00	200			225626	225626	1a15acf323f451ab1db6577dd9d95e347aa3fe0333b84975e10eef4a8607d40b		PMC article HTML PMC3222078 (4KQY); read for construct review only	ok	
literature/2GDI_PMC4689313.xml	https://www.ebi.ac.uk/europepmc/webservices/rest/PMC4689313/fullTextXML	inputs/literature/2GDI_PMC4689313.xml	2026-10-09T03:01:38+00:00								Europe PMC full text PMC4689313 (2GDI)	failed	HTTP Error 500: 
literature/2GDI_PMC4689313.html	https://pmc.ncbi.nlm.nih.gov/articles/PMC4689313/	inputs/literature/2GDI_PMC4689313.html	2026-10-09T03:01:38+00:00	200			153093	153093	e4ab475a7a46f298992148ef943f670aeeca576c72509d447e32920caa56a04b		PMC article HTML PMC4689313 (2GDI); read for construct review only	ok	
literature/3SD3_PMC3196276.xml	https://www.ebi.ac.uk/europepmc/webservices/rest/PMC3196276/fullTextXML	inputs/literature/3SD3_PMC3196276.xml	2026-10-09T03:01:56+00:00								Europe PMC full text PMC3196276 (3SD3)	failed	HTTP Error 500: 
literature/3SD3_PMC3196276.html	https://pmc.ncbi.nlm.nih.gov/articles/PMC3196276/	inputs/literature/3SD3_PMC3196276.html	2026-10-09T03:01:57+00:00	200			227434	227434	f77eed365ecfb78aa7138c8da6206e033028345b53b40d402cb5c8a8795cfa17		PMC article HTML PMC3196276 (3SD3); read for construct review only	ok	
literature/4LVV_PMC3935398.xml	https://www.ebi.ac.uk/europepmc/webservices/rest/PMC3935398/fullTextXML	inputs/literature/4LVV_PMC3935398.xml	2026-10-09T03:02:17+00:00								Europe PMC full text PMC3935398 (4LVV)	failed	HTTP Error 500: 
literature/4LVV_PMC3935398.html	https://pmc.ncbi.nlm.nih.gov/articles/PMC3935398/	inputs/literature/4LVV_PMC3935398.html	2026-10-09T03:02:17+00:00	200				21312	d5cbc03fa4b87c7233b1b9b7cb205f078f8897c7cd41524cd576704074e4b079		PMC article HTML PMC3935398 (4LVV); read for construct review only	ok	
literature/3SUH_PMC3169164.xml	https://www.ebi.ac.uk/europepmc/webservices/rest/PMC3169164/fullTextXML	inputs/literature/3SUH_PMC3169164.xml	2026-10-09T03:02:35+00:00								Europe PMC full text PMC3169164 (3SUH)	failed	HTTP Error 500: 
literature/3SUH_PMC3169164.html	https://pmc.ncbi.nlm.nih.gov/articles/PMC3169164/	inputs/literature/3SUH_PMC3169164.html	2026-10-09T03:02:36+00:00	200			173670	173670	bb26ac135c10c34f58b70192c09411f2d29ad3c70e5b9b696ba9f21d1e42588a		PMC article HTML PMC3169164 (3SUH); read for construct review only	ok	
literature/7KD1_PMC7981257.xml	https://www.ebi.ac.uk/europepmc/webservices/rest/PMC7981257/fullTextXML	inputs/literature/7KD1_PMC7981257.xml	2026-10-09T03:02:50+00:00								Europe PMC full text PMC7981257 (7KD1)	failed	HTTP Error 500: 
literature/7KD1_PMC7981257.html	https://pmc.ncbi.nlm.nih.gov/articles/PMC7981257/	inputs/literature/7KD1_PMC7981257.html	2026-10-09T03:02:51+00:00	200				21311	6c680444d62b9cbab4df444d48f172d23f9cfd1c8237ded0e1d1fd2047a0974d		PMC article HTML PMC7981257 (7KD1); read for construct review only	ok	
literature/3Q50_PMC3137038.xml	https://www.ebi.ac.uk/europepmc/webservices/rest/PMC3137038/fullTextXML	inputs/literature/3Q50_PMC3137038.xml	2026-10-09T03:03:09+00:00								Europe PMC full text PMC3137038 (3Q50)	failed	HTTP Error 500: 
literature/3Q50_PMC3137038.html	https://pmc.ncbi.nlm.nih.gov/articles/PMC3137038/	inputs/literature/3Q50_PMC3137038.html	2026-10-09T03:03:09+00:00	200			253452	253452	e0359252f9027b6259a158d7beff92fb086281110180ec6076f5a9b6ed04d759		PMC article HTML PMC3137038 (3Q50); read for construct review only	ok	
literature/3GCA_PMC2670106.xml	https://www.ebi.ac.uk/europepmc/webservices/rest/PMC2670106/fullTextXML	inputs/literature/3GCA_PMC2670106.xml	2026-10-09T03:03:24+00:00								Europe PMC full text PMC2670106 (3GCA)	failed	HTTP Error 500: 
literature/3GCA_PMC2670106.html	https://pmc.ncbi.nlm.nih.gov/articles/PMC2670106/	inputs/literature/3GCA_PMC2670106.html	2026-10-09T03:03:24+00:00	200			166639	166639	d504b2aa5be45521d63b570884cd9c38c4a0e7ff605230db9d315f8dad6097d2		PMC article HTML PMC2670106 (3GCA); read for construct review only	ok	
literature/3FU2_PMC2657927.xml	https://www.ebi.ac.uk/europepmc/webservices/rest/PMC2657927/fullTextXML	inputs/literature/3FU2_PMC2657927.xml	2026-10-09T03:03:43+00:00								Europe PMC full text PMC2657927 (3FU2)	failed	HTTP Error 500: 
literature/3FU2_PMC2657927.html	https://pmc.ncbi.nlm.nih.gov/articles/PMC2657927/	inputs/literature/3FU2_PMC2657927.html	2026-10-09T03:03:43+00:00	200			119408	119408	aba80ddc30df763bc8269a80009863bd9881a6d1ec807f48fe6817b34c7377ec		PMC article HTML PMC2657927 (3FU2); read for construct review only	ok	
literature/3K1V_PMC2657927.xml	https://www.ebi.ac.uk/europepmc/webservices/rest/PMC2657927/fullTextXML	inputs/literature/3K1V_PMC2657927.xml	2026-10-09T03:04:04+00:00								Europe PMC full text PMC2657927 (3K1V)	failed	HTTP Error 500: 
literature/3K1V_PMC2657927.html	https://pmc.ncbi.nlm.nih.gov/articles/PMC2657927/	inputs/literature/3K1V_PMC2657927.html	2026-10-09T03:04:04+00:00	200				21311	210257f79011b0ccec8946253fd0aa6ce8adec70f7327570db44a84ecbe6b03b		PMC article HTML PMC2657927 (3K1V); read for construct review only	ok	
literature/8SA2_PMC10570017.xml	https://www.ebi.ac.uk/europepmc/webservices/rest/PMC10570017/fullTextXML	inputs/literature/8SA2_PMC10570017.xml	2026-10-09T03:04:24+00:00								Europe PMC full text PMC10570017 (8SA2)	failed	HTTP Error 500: 
literature/8SA2_PMC10570017.html	https://pmc.ncbi.nlm.nih.gov/articles/PMC10570017/	inputs/literature/8SA2_PMC10570017.html	2026-10-09T03:04:25+00:00	200			196641	196641	2a1e2858ed40d9a820c677709255d5e022688c90f6ed5eccf4a7235001fd605c		PMC article HTML PMC10570017 (8SA2); read for construct review only	ok	
literature/4GMA_PMC3518761.xml	https://www.ebi.ac.uk/europepmc/webservices/rest/PMC3518761/fullTextXML	inputs/literature/4GMA_PMC3518761.xml	2026-10-09T03:04:47+00:00								Europe PMC full text PMC3518761 (4GMA)	failed	HTTP Error 500: 
literature/4GMA_PMC3518761.html	https://pmc.ncbi.nlm.nih.gov/articles/PMC3518761/	inputs/literature/4GMA_PMC3518761.html	2026-10-09T03:04:48+00:00	200			170412	170412	777d65f3673129b4e0ebb10276c66e5792cfded557f0a16b8c4172629a7cf5a2		PMC article HTML PMC3518761 (4GMA); read for construct review only	ok	
literature/5T83_PMC5317007.xml	https://www.ebi.ac.uk/europepmc/webservices/rest/PMC5317007/fullTextXML	inputs/literature/5T83_PMC5317007.xml	2026-10-09T03:05:02+00:00								Europe PMC full text PMC5317007 (5T83)	failed	HTTP Error 500: 
literature/5T83_PMC5317007.html	https://pmc.ncbi.nlm.nih.gov/articles/PMC5317007/	inputs/literature/5T83_PMC5317007.html	2026-10-09T03:05:02+00:00	200			169406	169406	9e064b01f8f47600603ab403a12cf650411e43e47def23d2b933de1d4dea8ca2		PMC article HTML PMC5317007 (5T83); read for construct review only	ok	
invalidated:3K1V_PMC2657927.html	NA	inputs/literature/3K1V_PMC2657927.html	2026-10-09T03:05:23+00:00	NA	NA	NA	NA	NA	NA	NA	correction row	invalid	captcha page instead of article; moved to logs/invalid_downloads
invalidated:7KD1_PMC7981257.html	NA	inputs/literature/7KD1_PMC7981257.html	2026-10-09T03:05:23+00:00	NA	NA	NA	NA	NA	NA	NA	correction row	invalid	captcha page instead of article; moved to logs/invalid_downloads
invalidated:4LVV_PMC3935398.html	NA	inputs/literature/4LVV_PMC3935398.html	2026-10-09T03:05:23+00:00	NA	NA	NA	NA	NA	NA	NA	correction row	invalid	captcha page instead of article; moved to logs/invalid_downloads
blast/2GIS_A_blastn_nt.xml	https://blast.ncbi.nlm.nih.gov/Blast.cgi?CMD=Get&FORMAT_TYPE=XML&RID=CGPK1EWP016	inputs/blast/2GIS_A_blastn_nt.xml	2026-10-09T03:07:31+00:00	200				24795	75e1f8d8bf4720e9e69aa4e2b9f3110ef8bd416e9ef190e67e3ce988078a55c2		NCBI blastn vs nt for 2GIS_A deposited sequence (natural-source check); RID CGPK1EWP016; submitted 2026-10-09T03:07:29.994855+00:00	ok	
structures/pdb_legacy/1EHZ.pdb	https://files.rcsb.org/download/1EHZ.pdb	inputs/structures/pdb_legacy/1EHZ.pdb	2026-10-09T03:07:58+00:00	200	Mon, 22 Sep 2025 01:15:38 GMT	"W/""13758aee27dd5988b39da8d711205a2e-identity"""		228825	3a43aefed0b6d5d8b4be47c44470e61258d0e90b5ff608f132a2c9731c9df41f		TECHNICAL PREFLIGHT ONLY (not a pilot structure)	ok	
blast/4KQY_A_blastn_nt.xml	https://blast.ncbi.nlm.nih.gov/Blast.cgi?CMD=Get&FORMAT_TYPE=XML&RID=CGPKXDSB016	inputs/blast/4KQY_A_blastn_nt.xml	2026-10-09T03:07:58+00:00	200				46840	bb2329965aefb4596159b5766ad410d3b442fbbdc70675816b31da4fc2b7610e		NCBI blastn vs nt for 4KQY_A deposited sequence (natural-source check); RID CGPKXDSB016; submitted 2026-10-09T03:07:57.685949+00:00	ok	
structures/pdb_legacy/1EVV.pdb	https://files.rcsb.org/download/1EVV.pdb	inputs/structures/pdb_legacy/1EVV.pdb	2026-10-09T03:07:58+00:00	200	Mon, 22 Sep 2025 01:16:41 GMT	"W/""1befafd3597e1e690cc9962983cc6a57-identity"""		235224	51f26a39a6c3624af7596366ee097061ed9ec86f671a9ff1d27fb6bc51ade6c2		TECHNICAL PREFLIGHT ONLY (not a pilot structure)	ok	
blast/2GDI_X_blastn_nt.xml	https://blast.ncbi.nlm.nih.gov/Blast.cgi?CMD=Get&FORMAT_TYPE=XML&RID=CGPMTFKK014	inputs/blast/2GDI_X_blastn_nt.xml	2026-10-09T03:08:25+00:00	200				26925	5c31a4ab7db61182ef6ba1c1150686b561dd56077d804107fd3da4abcbf5d376		NCBI blastn vs nt for 2GDI_X deposited sequence (natural-source check); RID CGPMTFKK014; submitted 2026-10-09T03:08:24.963745+00:00	ok	
blast/2CKY_A_blastn_nt.xml	https://blast.ncbi.nlm.nih.gov/Blast.cgi?CMD=Get&FORMAT_TYPE=XML&RID=CGPNMT32014	inputs/blast/2CKY_A_blastn_nt.xml	2026-10-09T03:08:53+00:00	200				25068	1406fb7092ee298a68241e2800bdee6bcc1f5cfba8d05ada360c9d0220225ff7		NCBI blastn vs nt for 2CKY_A deposited sequence (natural-source check); RID CGPNMT32014; submitted 2026-10-09T03:08:52.333944+00:00	ok	
blast/6VUI_A_blastn_nt.xml	https://blast.ncbi.nlm.nih.gov/Blast.cgi?CMD=Get&FORMAT_TYPE=XML&RID=CGPPFMP3016	inputs/blast/6VUI_A_blastn_nt.xml	2026-10-09T03:09:20+00:00	200				17398	c5ac1cd93fcc27f03c9310041835cbc3be1f296e556588bd0eb009f9bd75c61f		NCBI blastn vs nt for 6VUI_A deposited sequence (natural-source check); RID CGPPFMP3016; submitted 2026-10-09T03:09:19.757724+00:00	ok	
blast/3FU2_A_blastn_nt.xml	https://blast.ncbi.nlm.nih.gov/Blast.cgi?CMD=Get&FORMAT_TYPE=XML&RID=CGPRBU96016	inputs/blast/3FU2_A_blastn_nt.xml	2026-10-09T03:09:48+00:00	200				22254	a78db3d94be3e593e03f0762999957076c04c24b9a899089a3097a5cbd46f299		NCBI blastn vs nt for 3FU2_A deposited sequence (natural-source check); RID CGPRBU96016; submitted 2026-10-09T03:09:47.889286+00:00	ok	
blast/7REX_A_blastn_nt.xml	https://blast.ncbi.nlm.nih.gov/Blast.cgi?CMD=Get&FORMAT_TYPE=XML&RID=CGPS7P0G014	inputs/blast/7REX_A_blastn_nt.xml	2026-10-09T03:10:15+00:00	200				22623	327aff39eaccb94735b33f71722240bc40bc86682ce7c8611c2b3f8d4f2f6793		NCBI blastn vs nt for 7REX_A deposited sequence (natural-source check); RID CGPS7P0G014; submitted 2026-10-09T03:10:15.010683+00:00	ok	
blast/4GMA_Z_blastn_nt.xml	https://blast.ncbi.nlm.nih.gov/Blast.cgi?CMD=Get&FORMAT_TYPE=XML&RID=CGPT2M65014	inputs/blast/4GMA_Z_blastn_nt.xml	2026-10-09T03:10:58+00:00	200				41142	24b1a64b105124cbcfac0d4490f2f55bc0e0819a65f1defb540cff9e57be408b		NCBI blastn vs nt for 4GMA_Z deposited sequence (natural-source check); RID CGPT2M65014; submitted 2026-10-09T03:10:57.582600+00:00	ok	
blast/6VMY_A_blastn_nt.xml	https://blast.ncbi.nlm.nih.gov/Blast.cgi?CMD=Get&FORMAT_TYPE=XML&RID=CGPUD110014	inputs/blast/6VMY_A_blastn_nt.xml	2026-10-09T03:11:27+00:00	200				29229	da90e39571cdd9c21286ccddbd77af5786ba40afa2c5a66cfed89d251cf8e592		NCBI blastn vs nt for 6VMY_A deposited sequence (natural-source check); RID CGPUD110014; submitted 2026-10-09T03:11:25.269332+00:00	ok	
blast/4GXY_A_blastn_nt.xml	https://blast.ncbi.nlm.nih.gov/Blast.cgi?CMD=Get&FORMAT_TYPE=XML&RID=CGPV9RSG014	inputs/blast/4GXY_A_blastn_nt.xml	2026-10-09T03:12:25+00:00	200				32402	89fc3c24963fde5e062679e07c9c53e6b054be267b4637f532e83f130035800a		NCBI blastn vs nt for 4GXY_A deposited sequence (natural-source check); RID CGPV9RSG014; submitted 2026-10-09T03:12:24.136425+00:00	ok	
blast/5U3G_B_blastn_nt.xml	https://blast.ncbi.nlm.nih.gov/Blast.cgi?CMD=Get&FORMAT_TYPE=XML&RID=CGPX33YS014	inputs/blast/5U3G_B_blastn_nt.xml	2026-10-09T03:12:53+00:00	200				25402	dd5cbdf0804bfb45bbcd3d2a8aebaa46f4e93318b69ba9797bae16575e2b8aef		NCBI blastn vs nt for 5U3G_B deposited sequence (natural-source check); RID CGPX33YS014; submitted 2026-10-09T03:12:52.235748+00:00	ok	
blast/7MLW_F_blastn_nt.xml	https://blast.ncbi.nlm.nih.gov/Blast.cgi?CMD=Get&FORMAT_TYPE=XML&RID=CGPXZE4Z016	inputs/blast/7MLW_F_blastn_nt.xml	2026-10-09T03:13:20+00:00	200				28159	170490f3e4b8ed519a7bb09c78cf1a2c79723a21009898650080139c46ff7ced		NCBI blastn vs nt for 7MLW_F deposited sequence (natural-source check); RID CGPXZE4Z016; submitted 2026-10-09T03:13:19.641287+00:00	ok	
blast/5T83_A_blastn_nt.xml	https://blast.ncbi.nlm.nih.gov/Blast.cgi?CMD=Get&FORMAT_TYPE=XML&RID=CGPYVUAE014	inputs/blast/5T83_A_blastn_nt.xml	2026-10-09T03:13:48+00:00	200				25750	4681df5a8506d9f017bc08df60eb5fb5d375e3cede648dd6f9cfb4e20a117f69		NCBI blastn vs nt for 5T83_A deposited sequence (natural-source check); RID CGPYVUAE014; submitted 2026-10-09T03:13:47.077576+00:00	ok	
blast/3SUH_X_blastn_nt.xml	https://blast.ncbi.nlm.nih.gov/Blast.cgi?CMD=Get&FORMAT_TYPE=XML&RID=CGPZPVF2014	inputs/blast/3SUH_X_blastn_nt.xml	2026-10-09T03:14:15+00:00	200				26148	6726e8b292322ee593650017541b60a3b0cbf0dbf23cc7ccf6f0444e43d16201		NCBI blastn vs nt for 3SUH_X deposited sequence (natural-source check); RID CGPZPVF2014; submitted 2026-10-09T03:14:14.680452+00:00	ok	
blast/4LVV_A_blastn_nt.xml	https://blast.ncbi.nlm.nih.gov/Blast.cgi?CMD=Get&FORMAT_TYPE=XML&RID=CGR0JED0016	inputs/blast/4LVV_A_blastn_nt.xml	2026-10-09T03:16:15+00:00	200				25661	0aebf092f50687451f3b507602fb7187beaa5d6f7ce0ebe0ba6880d7c17f5190		NCBI blastn vs nt for 4LVV_A deposited sequence (natural-source check); RID CGR0JED0016; submitted 2026-10-09T03:16:14.375263+00:00	ok	
