line	rfam_acc	pdb_id	chain	pdb_start	pdb_end	bit_score	evalue	cm_start	cm_end	hex_colour
1	RF00001	3CCQ	9	1	121	81.20	1.1e-18	1	120	00bac0
2	RF00001	3J79	B	1	119	107.90	8.8e-26	1	120	00bac0
3	RF00001	4UJD	A4	1	119	114.60	1.5e-27	1	120	00bac0
4	RF00001	4V5C	DB	3	119	112.30	6.1e-27	1	120	00bac0
5	RF00001	4WFN	Y	5	121	83.40	2.8e-19	1	120	00bac0
6	RF00001	5EL7	16	5	121	112.30	6.1e-27	1	120	00bac0
7	RF00001	5KPX	28	3	118	92.80	8.9e-22	1	120	00bac0
8	RF00001	6AZ3	8	1	118	89.30	7.3e-21	1	119	00bac0
9	RF00001	6BZ7	RB	3	119	112.30	6.1e-27	1	120	00bac0
10	RF00001	6BZ8	RB	3	119	112.30	6.1e-27	1	120	00bac0
11	RF00001	6CFL	2B	3	119	112.30	6.1e-27	1	120	00bac0
12	RF00001	7JSW	2	3	118	92.80	8.9e-22	1	120	00bac0
13	RF00001	7MPI	A3	1	121	90.80	3e-21	1	120	00bac0
14	RF00001	8AGU	h	1	121	90.80	3e-21	1	120	00bac0
15	RF00001	8AYE	b	3	118	92.80	8.9e-22	1	120	00bac0
16	RF00001	8VR8	B	3	116	84.10	1.7e-19	1	120	00bac0
17	RF00001	8WHX	B	3	116	84.10	1.7e-19	1	120	00bac0
18	RF00001	3J77	5S	1	121	90.80	3e-21	1	120	00bac0
19	RF00001	3J7Z	B	2	117	92.80	8.8e-22	1	120	00bac0
20	RF00001	4U3N	7	1	121	90.80	3e-21	1	120	00bac0
21	RF00001	4V50	DA	3	118	92.80	8.9e-22	1	120	00bac0
22	RF00001	4V5Y	DA	3	118	92.80	8.9e-22	1	120	00bac0
23	RF00001	4V9Q	CB	3	119	112.30	6e-27	1	120	00bac0
24	RF00001	5MYJ	BB	1	115	79.60	2.7e-18	1	120	00bac0
25	RF00001	5O2R	B	3	118	92.80	8.9e-22	1	120	00bac0
26	RF00001	5TBW	3	1	121	90.80	3e-21	1	120	00bac0
27	RF00001	6OSI	RB	3	119	112.30	6.1e-27	1	120	00bac0
28	RF00001	6OSQ	3	3	118	92.80	8.9e-22	1	120	00bac0
29	RF00001	6X7K	d	3	118	92.80	8.9e-22	1	120	00bac0
30	RF00001	6XU7	A7	1	119	93.80	4.7e-22	1	120	00bac0
31	RF00001	7ASN	B	1	106	65.50	1.3e-14	7	120	00bac0
32	RF00001	7QQ3	J	3	118	90.50	3.5e-21	1	120	00bac0
33	RF00001	7RQD	1B	3	119	112.30	6.1e-27	1	120	00bac0
34	RF00001	7ST7	2	3	118	92.80	8.9e-22	1	120	00bac0
35	RF00001	7XNX	L2	1	119	114.60	1.5e-27	1	120	00bac0
36	RF00001	8TPU	AB	1	119	107.90	8.8e-26	1	120	00bac0
37	RF00001	9CAI	A7	1	119	110.80	1.5e-26	1	120	00bac0
38	RF00001	9J9I	B	1	119	107.90	8.8e-26	1	120	00bac0
39	RF00001	9MTP	2B	3	119	112.30	6.1e-27	1	120	00bac0
40	RF00001	3BBX	A	3	118	92.80	8.9e-22	1	120	00bac0
41	RF00001	4V63	DB	5	121	112.30	6.2e-27	1	120	00bac0
42	RF00001	6QIK	x	1	121	90.80	3e-21	1	120	00bac0
43	RF00001	6QNR	16	5	121	112.30	6.1e-27	1	120	00bac0
44	RF00001	7RR5	C4	1	121	90.80	3e-21	1	120	00bac0
45	RF00001	7ZRS	4	1	121	90.80	3e-21	1	120	00bac0
46	RF00001	8FTO	b	3	118	92.80	8.9e-22	1	120	00bac0
47	RF00001	8IPA	TB	1	119	104.20	8.5e-25	1	120	00bac0
48	RF00001	8VOR	d	3	118	92.80	8.9e-22	1	120	00bac0
49	RF00001	3CME	9	1	121	81.20	1.1e-18	1	120	00bac0
50	RF00001	4U4Z	3	1	121	90.80	3e-21	1	120	00bac0
51	RF00001	4V6C	BB	2	117	92.80	8.8e-22	1	120	00bac0
52	RF00001	6FRK	7	1	119	114.60	1.5e-27	1	120	00bac0
53	RF00001	6M62	3	1	121	90.80	3e-21	1	120	00bac0
54	RF00001	7UNR	B	3	118	104.20	8.6e-25	1	120	00bac0
55	RF00001	8PV8	C4	1	119	87.80	1.9e-20	1	119	00bac0
56	RF00001	8UIK	L7	1	119	114.60	1.5e-27	1	120	00bac0
57	RF00001	9BS0	B	1	116	104.80	5.8e-25	1	120	00bac0
58	RF00001	4TUE	YB	3	119	112.30	6.1e-27	1	120	00bac0
59	RF00001	4V51	BB	3	119	112.30	6.1e-27	1	120	00bac0
60	RF00001	4V9A	DB	5	121	112.30	6.1e-27	1	120	00bac0
61	RF00001	4WU1	16	5	121	112.30	6.1e-27	1	120	00bac0
62	RF00001	5ON6	AS	1	121	90.80	3e-21	1	120	00bac0
63	RF00001	6T83	4b	1	121	90.80	3e-21	1	120	00bac0
64	RF00001	7PIC	4	1	108	73.70	9e-17	1	120	00bac0
65	RF00001	8CF5	BB	1	121	90.80	3e-21	1	120	00bac0
66	RF00001	8VV4	3	3	118	92.80	8.9e-22	1	120	00bac0
67	RF00001	9H3S	B	3	118	92.80	8.9e-22	1	120	00bac0
68	RF00001	4V56	DA	3	118	92.80	8.9e-22	1	120	00bac0
69	RF00001	4V84	DB	3	119	112.30	6e-27	1	120	00bac0
70	RF00001	5DC3	3	1	121	90.80	3e-21	1	120	00bac0
71	RF00001	5J91	DB	3	118	92.80	8.9e-22	1	120	00bac0
72	RF00001	6YLG	3	1	121	90.80	3e-21	1	120	00bac0
73	RF00001	9D7R	2B	3	119	112.30	6.1e-27	1	120	00bac0
74	RF00001	9DFD	1B	3	119	112.30	6.1e-27	1	120	00bac0
75	RF00001	1VY4	BB	3	119	112.30	6.1e-27	1	120	00bac0
76	RF00001	4TUA	RB	3	119	112.30	6.1e-27	1	120	00bac0
77	RF00001	4TUC	YB	3	119	112.30	6.1e-27	1	120	00bac0
78	RF00001	4V9N	BB	3	119	112.30	6e-27	1	120	00bac0
79	RF00001	4WT1	1J	5	121	112.30	6.1e-27	1	120	00bac0
80	RF00001	6HMA	B	1	115	88.30	1.3e-20	1	120	00bac0
81	RF00001	7NRD	LB	1	121	90.80	3e-21	1	120	00bac0
82	RF00001	8FL9	L4	1	119	114.60	1.5e-27	1	120	00bac0
83	RF00001	8Y0W	L7	1	119	114.60	1.5e-27	1	120	00bac0
84	RF00001	8YLR	B	1	121	90.80	3e-21	1	120	00bac0
85	RF00001	9BDN	A5S	1	119	114.60	1.5e-27	1	120	00bac0
86	RF00001	4U4R	3	1	121	90.80	3e-21	1	120	00bac0
87	RF00001	4V6O	BA	3	118	92.80	8.9e-22	1	120	00bac0
88	RF00001	4W4G	YB	5	121	112.30	6.2e-27	1	120	00bac0
89	RF00001	6GXO	B	3	118	92.80	8.9e-22	1	120	00bac0
90	RF00001	6I7V	CB	3	118	92.80	8.9e-22	1	120	00bac0
91	RF00001	6OTR	RB	5	121	112.30	6.2e-27	1	120	00bac0
92	RF00001	6Q9A	3	3	118	92.80	8.9e-22	1	120	00bac0
93	RF00001	6VYT	d	3	118	92.80	8.9e-22	1	120	00bac0
94	RF00001	6YSR	B	3	118	92.80	8.9e-22	1	120	00bac0
95	RF00001	8PNN	3	1	121	90.80	3e-21	1	120	00bac0
96	RF00001	8T3B	A3	1	121	90.80	3e-21	1	120	00bac0
97	RF00001	8UPR	d	3	118	92.80	8.9e-22	1	120	00bac0
98	RF00001	9NLQ	R2	3	118	92.80	8.9e-22	1	120	00bac0
99	RF00001	3CCM	9	1	121	81.20	1.1e-18	1	120	00bac0
100	RF00001	4V4B	B4	4	124	84.50	1.5e-19	1	120	00bac0
101	RF00001	4V77	BB	2	117	92.80	8.8e-22	1	120	00bac0
102	RF00001	4V9K	DB	3	119	112.30	6e-27	1	120	00bac0
103	RF00001	6FTI	v	1	119	114.60	1.5e-27	1	120	00bac0
104	RF00001	6Z6K	C4	1	121	90.80	3e-21	1	120	00bac0
105	RF00001	7MT2	B	2	114	86.30	4.5e-20	1	120	00bac0
106	RF00001	8CRE	3	1	121	80.20	1.8e-18	1	120	00bac0
107	RF00001	8FL7	L4	1	119	114.60	1.5e-27	1	120	00bac0
108	RF00001	8Y5O	2	3	118	92.80	8.9e-22	1	120	00bac0
109	RF00001	5KPW	28	3	118	92.80	8.9e-22	1	120	00bac0
110	RF00001	6HTQ	B	1	111	91.80	1.5e-21	3	117	00bac0
111	RF00001	6O8X	B	1	116	100.30	8.9e-24	1	120	00bac0
112	RF00001	6Q98	3	3	118	92.80	8.9e-22	1	120	00bac0
113	RF00001	6S0Z	B	1	114	80.90	1.2e-18	1	119	00bac0
114	RF00001	7JQL	2B	3	119	112.30	6.1e-27	1	120	00bac0
115	RF00001	8EVQ	A3	1	121	90.80	3e-21	1	120	00bac0
116	RF00001	8K2D	C4	1	121	90.80	3e-21	1	120	00bac0
117	RF00001	9F1C	B7	1	119	114.60	1.5e-27	1	120	00bac0
118	RF00001	9H4N	B2	1	119	114.60	1.5e-27	1	120	00bac0
119	RF00001	3JAJ	7	1	119	114.60	1.5e-27	1	120	00bac0
120	RF00001	3PIP	Y	5	121	83.40	2.7e-19	1	120	00bac0
121	RF00001	4V8D	DB	5	121	112.30	6.1e-27	1	120	00bac0
122	RF00001	4Y4P	1B	3	119	112.30	6.1e-27	1	120	00bac0
123	RF00001	5X8P	B	4	120	64.60	2.5e-14	1	120	00bac0
124	RF00001	5ZEB	B	3	116	84.50	1.3e-19	1	120	00bac0
125	RF00001	6BOH	C	3	119	112.30	6e-27	1	120	00bac0
126	RF00001	6WD7	2	3	118	92.80	8.9e-22	1	120	00bac0
127	RF00001	6Z6L	L7	1	119	114.60	1.5e-27	1	120	00bac0
128	RF00001	7A18	Y	4	120	83.40	2.7e-19	1	120	00bac0
129	RF00001	7MSH	B	2	114	86.30	4.5e-20	1	120	00bac0
130	RF00001	9MTR	2B	3	119	112.30	6.1e-27	1	120	00bac0
131	RF00001	4V7K	AB	3	119	112.30	6e-27	1	120	00bac0
132	RF00001	4V8U	BB	5	121	112.30	6.1e-27	1	120	00bac0
133	RF00001	6I7V	DB	3	118	92.80	8.9e-22	1	120	00bac0
134	RF00001	7AZS	5SB	5	121	112.30	6.2e-27	1	120	00bac0
135	RF00001	7NSQ	B	3	118	92.80	8.9e-22	1	120	00bac0
136	RF00001	7YLA	J	2	117	92.80	8.8e-22	1	120	00bac0
137	RF00001	8A63	B	1	113	87.90	1.7e-20	2	118	00bac0
138	RF00001	8T3A	A3	1	121	90.80	3e-21	1	120	00bac0
139	RF00001	9B0Q	l7	1	119	114.60	1.5e-27	1	120	00bac0
140	RF00001	9C3H	L9	1	119	114.60	1.5e-27	1	120	00bac0
141	RF00001	9IOT	B	3	118	90.40	3.8e-21	1	120	00bac0
142	RF00001	4V9B	DB	5	121	112.30	6.1e-27	1	120	00bac0
143	RF00001	4WFB	Y	1	114	72.80	1.6e-16	1	120	00bac0
144	RF00001	6BZ6	YB	3	119	112.30	6.1e-27	1	120	00bac0
145	RF00001	8BPO	B1	1	119	114.60	1.5e-27	1	120	00bac0
146	RF00001	8T3C	A3	1	121	90.80	3e-21	1	120	00bac0
147	RF00001	8VKV	d	3	118	92.80	8.9e-22	1	120	00bac0
148	RF00001	8VTU	1B	3	119	112.30	6.1e-27	1	120	00bac0
149	RF00001	8YLD	B	1	121	90.80	3e-21	1	120	00bac0
150	RF00001	3I56	9	1	121	81.20	1.1e-18	1	120	00bac0
151	RF00001	4V7Z	BB	3	119	112.30	6.1e-27	1	120	00bac0
152	RF00001	5LKS	L7	1	119	114.60	1.5e-27	1	120	00bac0
153	RF00001	5UYN	02	3	118	92.80	8.9e-22	1	120	00bac0
154	RF00001	6FTJ	v	1	119	114.60	1.5e-27	1	120	00bac0
155	RF00001	6HHQ	AS	1	121	90.80	3e-21	1	120	00bac0
156	RF00001	6T4Q	C4	1	121	90.80	3e-21	1	120	00bac0
157	RF00001	8C94	B	3	118	92.80	8.9e-22	1	120	00bac0
158	RF00001	4V5J	BB	3	119	112.30	6.1e-27	1	120	00bac0
159	RF00001	4WZD	16	5	121	112.30	6.1e-27	1	120	00bac0
160	RF00001	5NDV	3	1	121	90.80	3e-21	1	120	00bac0
161	RF00001	5V8I	2B	3	119	112.30	6e-27	1	120	00bac0
162	RF00001	6N9F	2B	3	119	112.30	6.1e-27	1	120	00bac0
163	RF00001	8E33	J	2	117	92.80	8.8e-22	1	120	00bac0
164	RF00001	9GMO	B	1	118	106.60	1.9e-25	1	120	00bac0
165	RF00001	4U3M	3	1	121	90.80	3e-21	1	120	00bac0
166	RF00001	4V6A	BB	3	119	112.30	6.1e-27	1	120	00bac0
167	RF00001	4V8C	BB	5	121	112.30	6.1e-27	1	120	00bac0
168	RF00001	6ZJ3	LO	1	119	108.10	7.9e-26	1	120	00bac0
169	RF00001	8S1U	B	1	111	91.80	1.5e-21	3	117	00bac0
170	RF00001	9AX7	b	3	118	92.80	8.9e-22	1	120	00bac0
171	RF00001	1K8A	B	1	121	84.50	1.4e-19	1	120	00bac0
172	RF00001	4V6P	BA	3	118	92.80	8.9e-22	1	120	00bac0
173	RF00001	4V8A	BB	3	119	112.30	6.1e-27	1	120	00bac0
174	RF00001	4V9A	BB	5	121	112.30	6.1e-27	1	120	00bac0
175	RF00001	4V9O	CB	3	118	92.80	8.9e-22	1	120	00bac0
176	RF00001	5V93	B	2	114	86.30	4.5e-20	1	120	00bac0
177	RF00001	5WIT	2B	3	119	112.30	6.1e-27	1	120	00bac0
178	RF00001	6C5L	DB	3	119	112.30	6.1e-27	1	120	00bac0
179	RF00001	6TBV	05S1	3	118	92.80	8.9e-22	1	120	00bac0
180	RF00001	7RQA	1B	3	119	112.30	6.1e-27	1	120	00bac0
181	RF00001	8CVJ	1B	3	119	112.30	6.1e-27	1	120	00bac0
182	RF00001	8CVL	1B	3	119	112.30	6.1e-27	1	120	00bac0
183	RF00001	8FFZ	I	51	171	90.80	4.3e-21	1	120	00bac0
184	RF00001	8Q87	B7	1	119	111.40	1e-26	1	120	00bac0
185	RF00001	3JBO	AB	1	118	100.50	8e-24	1	120	00bac0
186	RF00001	4V76	BB	2	117	92.80	8.8e-22	1	120	00bac0
187	RF00001	5E81	16	5	121	112.30	6.1e-27	1	120	00bac0
188	RF00001	5J30	RB	3	119	112.30	6.1e-27	1	120	00bac0
189	RF00001	5J5B	DB	3	118	92.80	8.9e-22	1	120	00bac0
190	RF00001	5T2A	D	2	120	93.60	5.4e-22	1	120	00bac0
191	RF00001	7PAL	4	1	108	73.70	9e-17	1	120	00bac0
192	RF00001	8UU4	B	1	116	101.60	4e-24	1	120	00bac0
193	RF00001	8VFT	7	1	119	114.60	1.5e-27	1	120	00bac0
194	RF00001	8YUQ	b	3	118	92.80	8.9e-22	1	120	00bac0
195	RF00001	3JCD	B	3	118	92.80	8.9e-22	1	120	00bac0
196	RF00001	3JCE	B	3	118	92.80	8.9e-22	1	120	00bac0
197	RF00001	4U52	7	1	121	90.80	3e-21	1	120	00bac0
198	RF00001	4V6T	BB	3	118	92.80	8.9e-22	1	120	00bac0
199	RF00001	4V97	DB	3	119	112.30	6.1e-27	1	120	00bac0
200	RF00001	5DOY	2B	3	119	112.30	6.1e-27	1	120	00bac0
201	RF00001	6WD8	2	3	118	92.80	8.9e-22	1	120	00bac0
202	RF00001	6XQE	1B	3	119	112.30	6.1e-27	1	120	00bac0
203	RF00001	8BHN	1	3	118	92.80	8.9e-22	1	120	00bac0
204	RF00001	8T2Z	A3	1	121	90.80	3e-21	1	120	00bac0
205	RF00001	9B50	BB	3	118	92.80	8.9e-22	1	120	00bac0
206	RF00001	9D7S	2B	3	119	112.30	6.1e-27	1	120	00bac0
207	RF00001	1NJI	B	1	121	84.50	1.4e-19	1	120	00bac0
208	RF00001	1Q7Y	B	1	121	84.50	1.4e-19	1	120	00bac0
209	RF00001	3PIO	Y	5	121	83.40	2.7e-19	1	120	00bac0
210	RF00001	4V4Z	BB	5	121	112.30	6.2e-27	1	120	00bac0
211	RF00001	4V5M	BB	5	121	112.30	6.1e-27	1	120	00bac0
212	RF00001	4V6Y	BB	2	117	92.80	8.8e-22	1	120	00bac0
213	RF00001	4V9M	DB	3	119	112.30	6e-27	1	120	00bac0
214	RF00001	5AKA	A	3	118	92.80	8.9e-22	1	120	00bac0
215	RF00001	5I4L	7	1	121	90.80	3e-21	1	120	00bac0
216	RF00001	5NRG	Y	1	114	72.80	1.6e-16	1	120	00bac0
217	RF00001	6GSL	16	5	121	112.30	6.1e-27	1	120	00bac0
218	RF00001	6OF6	RB	3	119	112.30	6.1e-27	1	120	00bac0
219	RF00001	6PCQ	J	2	117	92.80	8.8e-22	1	120	00bac0
220	RF00001	7JQL	1B	3	119	112.30	6.1e-27	1	120	00bac0
221	RF00001	8QHU	8	5	123	93.60	5.6e-22	1	120	00bac0
222	RF00001	8UD6	1B	3	119	112.30	6.1e-27	1	120	00bac0
223	RF00001	9G6J	3	1	121	80.20	1.8e-18	1	120	00bac0
224	RF00001	9WNR	a	3	118	92.80	8.9e-22	1	120	00bac0
225	RF00001	1W2B	9	1	121	84.50	1.4e-19	1	120	00bac0
226	RF00001	4U4N	7	1	121	90.80	3e-21	1	120	00bac0
227	RF00001	4U50	3	1	121	90.80	3e-21	1	120	00bac0
228	RF00001	4V87	AB	5	121	112.30	6.1e-27	1	120	00bac0
229	RF00001	4V89	BB	2	117	92.80	8.8e-22	1	120	00bac0
230	RF00001	6GSK	1J	5	121	112.30	6.1e-27	1	120	00bac0
231	RF00001	6R7Q	7	1	119	114.60	1.5e-27	1	120	00bac0
232	RF00001	7AS8	B	1	116	104.80	5.8e-25	1	120	00bac0
233	RF00001	7N8B	A3	1	121	90.80	3e-21	1	120	00bac0
234	RF00001	7OYA	71	1	119	117.10	3.3e-28	1	120	00bac0
235	RF00001	7UNU	B	3	118	104.20	8.6e-25	1	120	00bac0
236	RF00001	8E36	J	2	117	92.80	8.8e-22	1	120	00bac0
237	RF00001	8FC6	1B	3	119	112.30	6.1e-27	1	120	00bac0
238	RF00001	8T2X	A3	1	121	90.80	3e-21	1	120	00bac0
239	RF00001	8VVU	XA	1	119	114.60	1.5e-27	1	120	00bac0
240	RF00001	8Y5M	2	3	118	92.80	8.9e-22	1	120	00bac0
241	RF00001	9H3X	B	3	118	92.80	8.9e-22	1	120	00bac0
242	RF00001	1KD1	B	1	121	84.50	1.4e-19	1	120	00bac0
243	RF00001	4YPB	RB	5	121	112.30	6.2e-27	1	120	00bac0
244	RF00001	6OST	3	3	118	92.80	8.9e-22	1	120	00bac0
245	RF00001	6U48	CB	2	117	92.80	8.8e-22	1	120	00bac0
246	RF00001	6VYZ	d	3	118	92.80	8.9e-22	1	120	00bac0
247	RF00001	6VZ3	d	3	118	92.80	8.9e-22	1	120	00bac0
248	RF00001	6WNT	4	1069	1185	59.10	1.8e-11	1	120	00bac0
249	RF00001	7PWO	3	1	120	85.30	8.3e-20	1	120	00bac0
250	RF00001	1Q86	B	1	121	84.50	1.4e-19	1	120	00bac0
251	RF00001	1VQN	9	1	121	84.50	1.4e-19	1	120	00bac0
252	RF00001	4V4A	B9	2	118	83.40	2.6e-19	1	120	00bac0
253	RF00001	4V6I	DC	1	118	78.60	4.9e-18	1	120	00bac0
254	RF00001	5LYB	7	1	121	90.80	3e-21	1	120	00bac0
255	RF00001	6OLI	E	1	119	114.60	1.5e-27	1	120	00bac0
256	RF00001	6Z6N	L7	1	119	114.60	1.5e-27	1	120	00bac0
257	RF00001	7JT1	2	3	118	92.80	8.9e-22	1	120	00bac0
258	RF00001	8CEH	BB	1	121	90.80	3e-21	1	120	00bac0
259	RF00001	8FZG	B	3	118	90.40	3.8e-21	1	120	00bac0
260	RF00001	8G2C	2B	3	119	112.30	6.1e-27	1	120	00bac0
261	RF00001	8G2D	2B	3	119	112.30	6.1e-27	1	120	00bac0
262	RF00001	9B1W	U	3	116	84.10	1.7e-19	1	120	00bac0
263	RF00001	9BDP	A5S	1	119	114.60	1.5e-27	1	120	00bac0
264	RF00001	3JAI	7	1	119	114.60	1.5e-27	1	120	00bac0
265	RF00001	4TUB	RB	3	119	112.30	6.1e-27	1	120	00bac0
266	RF00001	4V8X	DB	3	119	112.30	6e-27	1	120	00bac0
267	RF00001	4WR6	1J	5	121	112.30	6.1e-27	1	120	00bac0
268	RF00001	4YBB	DB	3	118	92.80	8.9e-22	1	120	00bac0
269	RF00001	5JTE	BB	3	118	92.80	8.9e-22	1	120	00bac0
270	RF00001	7ASM	B	1	115	88.30	1.3e-20	1	120	00bac0
271	RF00001	7UOO	3	1	121	90.80	3e-21	1	120	00bac0
272	RF00001	8A3D	B	1	119	114.60	1.5e-27	1	120	00bac0
273	RF00001	8CDR	BB	1	121	90.80	3e-21	1	120	00bac0
274	RF00001	8UKB	L7	1	119	114.60	1.5e-27	1	120	00bac0
275	RF00001	1VQ5	9	1	121	84.50	1.4e-19	1	120	00bac0
276	RF00001	4V6C	DB	2	117	92.80	8.7e-22	1	120	00bac0
277	RF00001	6GQV	3	1	121	90.80	3e-21	1	120	00bac0
278	RF00001	8P8U	LE	1	121	90.80	3e-21	1	120	00bac0
279	RF00001	2OTJ	9	1	121	84.50	1.4e-19	1	120	00bac0
280	RF00001	4V6V	Ba	3	118	92.80	8.9e-22	1	120	00bac0
281	RF00001	5CZP	RB	3	119	112.30	6.1e-27	1	120	00bac0
282	RF00001	5IT8	DB	3	118	92.80	8.9e-22	1	120	00bac0
283	RF00001	7NHM	B	1	115	88.30	1.3e-20	1	120	00bac0
284	RF00001	8ANA	b	3	118	92.80	8.9e-22	1	120	00bac0
285	RF00001	8KAB	B	3	116	84.10	1.7e-19	1	120	00bac0
286	RF00001	8P18	3	3	118	92.80	8.9e-22	1	120	00bac0
287	RF00001	8QK7	3	3	118	92.80	8.9e-22	1	120	00bac0
288	RF00001	8WI7	B	3	116	84.10	1.7e-19	1	120	00bac0
289	RF00001	9J1M	B	2	114	86.30	4.5e-20	1	120	00bac0
290	RF00001	4V5L	BB	5	121	112.30	6.1e-27	1	120	00bac0
291	RF00001	4V7X	BB	3	119	112.30	6.1e-27	1	120	00bac0
292	RF00001	5F8K	1B	3	119	112.30	6e-27	1	120	00bac0
293	RF00001	6GQB	3	1	121	90.80	3e-21	1	120	00bac0
294	RF00001	6PCS	J	2	117	92.80	8.8e-22	1	120	00bac0
295	RF00001	6V3B	B	1	115	98.20	3.1e-23	1	120	00bac0
296	RF00001	7OZS	3	1	119	87.80	1.9e-20	1	119	00bac0
297	RF00001	7UW1	B	1	115	98.20	3.1e-23	1	120	00bac0
298	RF00001	8IR1	W	1	119	114.60	1.5e-27	1	120	00bac0
299	RF00001	4V7B	BB	3	118	92.80	8.9e-22	1	120	00bac0
300	RF00001	4V7L	BB	3	119	112.30	6.1e-27	1	120	00bac0
301	RF00001	4V7V	DB	2	117	92.80	8.7e-22	1	120	00bac0
302	RF00001	5ADY	A	3	118	92.80	8.9e-22	1	120	00bac0
303	RF00001	5HCP	2B	3	119	112.30	6.1e-27	1	120	00bac0
304	RF00001	5NJT	V	1	111	91.80	1.5e-21	3	117	00bac0
305	RF00001	6OSI	YB	3	119	112.30	6.1e-27	1	120	00bac0
306	RF00001	6QT0	x	1	121	90.80	3e-21	1	120	00bac0
307	RF00001	6XDQ	d	3	118	92.80	8.9e-22	1	120	00bac0
308	RF00001	7SSN	2	3	118	92.80	8.9e-22	1	120	00bac0
309	RF00001	7UCK	7	1	119	114.60	1.5e-27	1	120	00bac0
310	RF00001	8BR8	LE	1	119	82.50	4.6e-19	1	120	00bac0
311	RF00001	8IFB	b	3	118	92.80	8.9e-22	1	120	00bac0
312	RF00001	8UU8	B	1	116	101.60	4e-24	1	120	00bac0
313	RF00001	8UVS	1B	3	119	112.30	6.1e-27	1	120	00bac0
314	RF00001	4U52	3	1	121	90.80	3e-21	1	120	00bac0
315	RF00001	5J3C	YB	3	119	112.30	6.1e-27	1	120	00bac0
316	RF00001	5NDW	3	1	121	90.80	3e-21	1	120	00bac0
317	RF00001	7A0S	Y	5	121	83.40	2.7e-19	1	120	00bac0
318	RF00001	7BL6	B	3	118	92.80	8.9e-22	1	120	00bac0
319	RF00001	7OIZ	b	3	118	92.80	8.9e-22	1	120	00bac0
320	RF00001	7QIZ	5	1	119	115.30	1e-27	1	120	00bac0
321	RF00001	7RQC	1B	3	119	112.30	6.1e-27	1	120	00bac0
322	RF00001	7ZS5	3	1	121	90.80	3e-21	1	120	00bac0
323	RF00001	8AGW	h	1	121	90.80	3e-21	1	120	00bac0
324	RF00001	8G2B	2B	3	119	112.30	6.1e-27	1	120	00bac0
325	RF00001	8I9R	C4	1	119	87.80	1.9e-20	1	119	00bac0
326	RF00001	3JBN	AB	1	118	100.50	8e-24	1	120	00bac0
327	RF00001	4IO9	Y	5	121	83.40	2.7e-19	1	120	00bac0
328	RF00001	4V97	BB	3	119	112.30	6.1e-27	1	120	00bac0
329	RF00001	5NDJ	16	5	121	112.30	6.1e-27	1	120	00bac0
330	RF00001	8P60	L70	1	119	92.30	1.1e-21	1	120	00bac0
331	RF00001	8RXX	L8	5	123	93.60	5.6e-22	1	120	00bac0
332	RF00001	8VR4	B	3	116	84.10	1.7e-19	1	120	00bac0
333	RF00001	9G8M	L7	1	119	114.60	1.5e-27	1	120	00bac0
334	RF00001	9Q87	b	3	118	92.80	8.9e-22	1	120	00bac0
335	RF00001	5D8B	AD	4	120	112.30	6.1e-27	1	120	00bac0
336	RF00001	7AC7	3	3	118	92.80	8.9e-22	1	120	00bac0
337	RF00001	8FLC	L4	1	119	114.60	1.5e-27	1	120	00bac0
338	RF00001	8HL4	A5S	4	122	62.60	8.6e-14	1	120	00bac0
339	RF00001	8PV6	C4	1	119	87.80	1.9e-20	1	119	00bac0
340	RF00001	8Y39	B	1	115	88.30	1.3e-20	1	120	00bac0
341	RF00001	4V4X	BB	5	121	112.30	6.2e-27	1	120	00bac0
342	RF00001	6OM7	E	1	119	114.60	1.5e-27	1	120	00bac0
343	RF00001	6ORL	3	3	118	92.80	8.9e-22	1	120	00bac0
344	RF00001	6T83	Bb	1	121	90.80	3e-21	1	120	00bac0
345	RF00001	6VZ2	d	3	118	92.80	8.9e-22	1	120	00bac0
346	RF00001	8OH6	3	1	121	80.20	1.8e-18	1	120	00bac0
347	RF00001	8RQ2	B	3	118	92.80	8.9e-22	1	120	00bac0
348	RF00001	8T8B	1B	3	119	112.30	6.1e-27	1	120	00bac0
349	RF00001	8UTI	B	1	121	90.80	3e-21	1	120	00bac0
350	RF00001	9NL6	R2	3	118	92.80	8.9e-22	1	120	00bac0
351	RF00001	9NO7	B	3	119	112.30	6.1e-27	1	120	00bac0
352	RF00001	4CSU	A	2	117	92.80	8.8e-22	1	120	00bac0
353	RF00001	4U27	BB	3	118	92.80	8.9e-22	1	120	00bac0
354	RF00001	4V5Q	DB	5	121	112.30	6.1e-27	1	120	00bac0
355	RF00001	4W2I	DB	3	119	112.30	6.1e-27	1	120	00bac0
356	RF00001	5GAK	3	1	121	90.80	3e-21	1	120	00bac0
357	RF00001	6SKF	BB	3	124	87.40	2.5e-20	1	120	00bac0
358	RF00001	7UPH	J	2	117	92.80	8.8e-22	1	120	00bac0
359	RF00001	4V56	BA	3	118	92.80	8.9e-22	1	120	00bac0
360	RF00001	4V6Z	BB	2	117	92.80	8.8e-22	1	120	00bac0
361	RF00001	6OF1	1B	3	119	112.30	6.1e-27	1	120	00bac0
362	RF00001	7RQA	2B	3	119	112.30	6.1e-27	1	120	00bac0
363	RF00001	8CQ7	3	1	121	80.20	1.8e-18	1	120	00bac0
364	RF00001	8OEQ	AT	1	121	80.20	1.8e-18	1	120	00bac0
365	RF00001	4V9P	AB	3	118	92.80	8.9e-22	1	120	00bac0
366	RF00001	5FDU	1B	3	119	112.30	6e-27	1	120	00bac0
367	RF00001	5LZF	B	3	118	92.80	8.9e-22	1	120	00bac0
368	RF00001	6GZQ	B1	5	121	112.30	6.1e-27	1	120	00bac0
369	RF00001	6P5I	7	1	119	114.60	1.5e-27	1	120	00bac0
370	RF00001	6PC6	J	2	117	92.80	8.8e-22	1	120	00bac0
371	RF00001	6XHV	2B	3	119	112.30	6.1e-27	1	120	00bac0
372	RF00001	6XHX	1B	3	119	112.30	6.1e-27	1	120	00bac0
373	RF00001	7PIO	4	1	108	73.70	9e-17	1	120	00bac0
374	RF00001	8UJ9	L7	1	119	114.60	1.5e-27	1	120	00bac0
375	RF00001	8YUO	b	3	118	92.80	8.9e-22	1	120	00bac0
376	RF00001	9E6Q	2	6	126	73.10	1.5e-16	1	120	00bac0
377	RF00001	4WWW	RB	2	117	92.80	8.8e-22	1	120	00bac0
378	RF00001	5HL7	Y	1	114	72.80	1.6e-16	1	120	00bac0
379	RF00001	5IB7	16	5	121	112.30	6.1e-27	1	120	00bac0
380	RF00001	5JU8	BB	3	118	92.80	8.9e-22	1	120	00bac0
381	RF00001	5KCS	1B	3	118	92.80	8.9e-22	1	120	00bac0
382	RF00001	6GSJ	1J	5	121	112.30	6.1e-27	1	120	00bac0
383	RF00001	6S0K	B	3	118	92.80	8.9e-22	1	120	00bac0
384	RF00001	8AGZ	h	1	121	90.80	3e-21	1	120	00bac0
385	RF00001	8EKC	B	3	118	90.40	3.8e-21	1	120	00bac0
386	RF00001	4V8Z	B7	1	121	90.80	3e-21	1	120	00bac0
387	RF00001	5UQ7	B	3	119	112.30	6e-27	1	120	00bac0
388	RF00001	6GSL	1J	5	121	112.30	6.1e-27	1	120	00bac0
389	RF00001	7ACJ	3	3	118	92.80	8.9e-22	1	120	00bac0
390	RF00001	7Y7G	b	3	118	92.80	8.9e-22	1	120	00bac0
391	RF00001	8OJ3	AT	1	121	80.20	1.8e-18	1	120	00bac0
392	RF00001	4V4H	BA	3	118	92.80	8.9e-22	1	120	00bac0
393	RF00001	4V8Q	AB	5	121	112.30	6.1e-27	1	120	00bac0
394	RF00001	4W2H	BB	3	119	112.30	6.1e-27	1	120	00bac0
395	RF00001	5DGF	7	1	121	90.80	3e-21	1	120	00bac0
396	RF00001	5J88	CB	3	118	92.80	8.9e-22	1	120	00bac0
397	RF00001	6OT3	3	3	118	92.80	8.9e-22	1	120	00bac0
398	RF00001	6WD2	2	3	118	92.80	8.9e-22	1	120	00bac0
399	RF00001	8A98	8	5	123	93.40	6.2e-22	1	120	00bac0
400	RF00001	8EUG	9	51	169	108.70	1e-25	1	120	00bac0
401	RF00001	8UT0	B	1	121	90.80	3e-21	1	120	00bac0
402	RF00001	9N9J	L7	1	119	114.60	1.5e-27	1	120	00bac0
403	RF00001	4V7P	CB	3	119	112.30	6e-27	1	120	00bac0
404	RF00001	5DM7	Y	4	120	83.40	2.7e-19	1	120	00bac0
405	RF00001	6HCQ	71	1	119	114.60	1.5e-27	1	120	00bac0
406	RF00001	6R6G	7	1	119	114.60	1.5e-27	1	120	00bac0
407	RF00001	6YSU	B	3	118	92.80	8.9e-22	1	120	00bac0
408	RF00001	7ZW0	LC	1	121	90.80	3e-21	1	120	00bac0
409	RF00001	8G2U	A	2	117	92.80	8.7e-22	1	120	00bac0
410	RF00001	8T30	A3	1	121	90.80	3e-21	1	120	00bac0
411	RF00001	8VSA	5S	3	118	92.80	8.9e-22	1	120	00bac0
412	RF00001	8WHY	B	3	116	84.10	1.7e-19	1	120	00bac0
413	RF00001	9J9H	B	1	119	107.90	8.8e-26	1	120	00bac0
414	RF00001	4V5F	BB	5	121	112.30	6.1e-27	1	120	00bac0
415	RF00001	4V5R	DB	5	121	112.30	6.1e-27	1	120	00bac0
416	RF00001	4V9J	DB	3	119	112.30	6e-27	1	120	00bac0
417	RF00001	5FDV	1B	3	119	112.30	6e-27	1	120	00bac0
418	RF00001	5UQ8	B	3	119	112.30	6e-27	1	120	00bac0
419	RF00001	6VWN	3	3	118	92.80	8.9e-22	1	120	00bac0
420	RF00001	8OHD	7	1	119	114.60	1.5e-27	1	120	00bac0
421	RF00001	3CXC	9	1	121	84.50	1.4e-19	1	120	00bac0
422	RF00001	4V6X	A7	1	119	114.60	1.5e-27	1	120	00bac0
423	RF00001	4WQU	AB	3	119	112.30	6.1e-27	1	120	00bac0
424	RF00001	5O61	B	3	116	84.10	1.7e-19	1	120	00bac0
425	RF00001	5T62	B	1	121	90.80	3e-21	1	120	00bac0
426	RF00001	6UCQ	1B	3	119	112.30	6.1e-27	1	120	00bac0
427	RF00001	7NHL	B	1	115	88.30	1.3e-20	1	120	00bac0
428	RF00001	7OSM	AB	1	121	90.80	3e-21	1	120	00bac0
429	RF00001	8BJQ	C4	1	121	90.80	3e-21	1	120	00bac0
430	RF00001	8GLP	L7	1	119	114.60	1.5e-27	1	120	00bac0
431	RF00001	9GUL	L7	1	119	114.60	1.5e-27	1	120	00bac0
432	RF00001	1YJN	9	1	121	81.20	1.1e-18	1	120	00bac0
433	RF00001	3JAG	7	1	119	114.60	1.5e-27	1	120	00bac0
434	RF00001	4U4U	7	1	121	90.80	3e-21	1	120	00bac0
435	RF00001	4V64	DA	3	118	92.80	8.9e-22	1	120	00bac0
436	RF00001	4W2I	BB	3	119	112.30	6.1e-27	1	120	00bac0
437	RF00001	5L3P	B	3	118	92.80	8.9e-22	1	120	00bac0
438	RF00001	6IP6	1B	1	119	114.60	1.5e-27	1	120	00bac0
439	RF00001	6SPG	B	2	117	104.20	8.4e-25	1	120	00bac0
440	RF00001	6TNU	BR	1	121	90.80	3e-21	1	120	00bac0
441	RF00001	6XQD	1B	3	119	112.30	6.1e-27	1	120	00bac0
442	RF00001	8BSI	LE	1	119	82.50	4.6e-19	1	120	00bac0
443	RF00001	8G34	A	2	117	92.80	8.7e-22	1	120	00bac0
444	RF00001	8T3F	A3	1	121	90.80	3e-21	1	120	00bac0
445	RF00001	8V9K	B	3	116	84.10	1.7e-19	1	120	00bac0
446	RF00001	8VWQ	3	3	118	92.80	8.9e-22	1	120	00bac0
447	RF00001	4V8P	E3	1	119	113.30	3.3e-27	1	120	00bac0
448	RF00001	4V8T	7	1	121	90.80	3e-21	1	120	00bac0
449	RF00001	5AA0	AB	5	121	112.30	6.2e-27	1	120	00bac0
450	RF00001	5IQR	3	2	117	92.80	8.8e-22	1	120	00bac0
451	RF00001	5MEI	3	1	121	90.80	3e-21	1	120	00bac0
452	RF00001	5VP2	1B	3	119	112.30	6.1e-27	1	120	00bac0
453	RF00001	6NDK	RB	3	119	112.30	6.1e-27	1	120	00bac0
454	RF00001	6QNR	1J	5	121	112.30	6.1e-27	1	120	00bac0
455	RF00001	6ZTN	BB	3	118	92.80	8.9e-22	1	120	00bac0
456	RF00001	7PAJ	4	1	108	73.70	9e-17	1	120	00bac0
457	RF00001	7QG8	O	3	118	92.80	8.9e-22	1	120	00bac0
458	RF00001	8P17	3	3	118	92.80	8.9e-22	1	120	00bac0
459	RF00001	8P8V	4	1	108	73.70	9e-17	1	120	00bac0
460	RF00001	8PV7	C4	1	119	87.80	1.9e-20	1	119	00bac0
461	RF00001	8WIB	B	3	116	84.10	1.7e-19	1	120	00bac0
462	RF00001	8ZH3	LB	1	121	90.80	3e-21	1	120	00bac0
463	RF00001	4V6L	BA	3	118	92.80	8.9e-22	1	120	00bac0
464	RF00001	4V9I	BB	3	119	112.30	6e-27	1	120	00bac0
465	RF00001	5DAT	3	1	121	90.80	3e-21	1	120	00bac0
466	RF00001	5LZT	7	1	119	114.60	1.5e-27	1	120	00bac0
467	RF00001	7N2C	5	3	118	92.80	8.9e-22	1	120	00bac0
468	RF00001	7RQ9	2B	3	119	112.30	6.1e-27	1	120	00bac0
469	RF00001	8G2C	1B	3	119	112.30	6.1e-27	1	120	00bac0
470	RF00001	8G7P	B	3	118	90.40	3.8e-21	1	120	00bac0
471	RF00001	8UVR	2B	3	119	112.30	6.1e-27	1	120	00bac0
472	RF00001	1VVJ	YB	3	119	112.30	6.1e-27	1	120	00bac0
473	RF00001	4V4G	DA	2	118	83.40	2.6e-19	1	120	00bac0
474	RF00001	4V8M	BD	1	119	89.10	8.5e-21	1	120	00bac0
475	RF00001	5FCJ	3	1	121	90.80	3e-21	1	120	00bac0
476	RF00001	5J88	DB	3	118	92.80	8.9e-22	1	120	00bac0
477	RF00001	6NTA	RB	3	119	112.30	6.1e-27	1	120	00bac0
478	RF00001	9E71	2	6	126	73.10	1.5e-16	1	120	00bac0
479	RF00001	9G30	3	1	121	80.20	1.8e-18	1	120	00bac0
480	RF00001	1FFK	9	1	121	84.50	1.4e-19	1	120	00bac0
481	RF00001	4V83	BB	3	119	112.30	6e-27	1	120	00bac0
482	RF00001	6CAE	2B	3	119	112.30	6.1e-27	1	120	00bac0
483	RF00001	6NWY	YB	3	119	112.30	6.1e-27	1	120	00bac0
484	RF00001	7MSC	B	2	114	86.30	4.5e-20	1	120	00bac0
485	RF00001	7O81	B7	1	119	114.60	1.5e-27	1	120	00bac0
486	RF00001	7RQE	1B	3	119	112.30	6.1e-27	1	120	00bac0
487	RF00001	8P7X	4	1	108	73.70	9e-17	1	120	00bac0
488	RF00001	8P8B	4	1	108	73.70	9e-17	1	120	00bac0
489	RF00001	8URM	3	3	118	92.80	8.9e-22	1	120	00bac0
490	RF00001	9MTS	2B	3	119	112.30	6.1e-27	1	120	00bac0
491	RF00001	1K73	B	1	121	84.50	1.4e-19	1	120	00bac0
492	RF00001	3CCE	9	1	121	81.20	1.1e-18	1	120	00bac0
493	RF00001	7OW7	B	1	119	114.60	1.5e-27	1	120	00bac0
494	RF00001	8B7Y	J	2	117	92.80	8.8e-22	1	120	00bac0
495	RF00001	8OVA	BD	1	119	89.10	8.5e-21	1	120	00bac0
496	RF00001	8UJC	L7	1	119	114.60	1.5e-27	1	120	00bac0
497	RF00001	1C2X	C	3	118	92.80	8.9e-22	1	120	00bac0
498	RF00001	3CMA	9	1	121	81.20	1.1e-18	1	120	00bac0
499	RF00001	4V8D	BB	5	121	112.30	6.1e-27	1	120	00bac0
500	RF00001	4ZSN	RB	5	121	112.30	6.2e-27	1	120	00bac0
501	RF00001	5KPV	28	3	118	92.80	8.9e-22	1	120	00bac0
502	RF00001	5WFS	B	3	118	92.80	8.9e-22	1	120	00bac0
503	RF00001	7K54	2	3	118	92.80	8.9e-22	1	120	00bac0
504	RF00001	8E3M	J	2	117	92.80	8.8e-22	1	120	00bac0
505	RF00001	8ZGR	LB	1	121	90.80	3e-21	1	120	00bac0
506	RF00001	9OFV	h	1	121	90.80	3e-21	1	120	00bac0
507	RF00001	4V5A	DB	3	119	112.30	6.1e-27	1	120	00bac0
508	RF00001	4V8H	DB	3	119	112.30	6.1e-27	1	120	00bac0
509	RF00001	6SNT	4	1	121	90.80	3e-21	1	120	00bac0
510	RF00001	6UZ7	7	1	121	90.80	3e-21	1	120	00bac0
511	RF00001	6WD0	2	3	118	92.80	8.9e-22	1	120	00bac0
512	RF00001	6WRS	2	1	115	72.00	2.7e-16	1	120	00bac0
513	RF00001	7Z20	a	3	118	92.80	8.9e-22	1	120	00bac0
514	RF00001	8HKU	A5S	4	122	62.60	8.6e-14	1	120	00bac0
515	RF00001	8S1P	B	1	111	91.80	1.5e-21	3	117	00bac0
516	RF00001	9D89	E	3	118	92.80	8.9e-22	1	120	00bac0
517	RF00001	2OTL	9	1	121	84.50	1.4e-19	1	120	00bac0
518	RF00001	4LT8	YB	3	119	112.30	6.1e-27	1	120	00bac0
519	RF00001	4U26	BB	3	118	92.80	8.9e-22	1	120	00bac0
520	RF00001	4YBB	CB	3	118	92.80	8.9e-22	1	120	00bac0
521	RF00001	7JT3	2	3	118	92.80	8.9e-22	1	120	00bac0
522	RF00001	7M5D	3	3	118	92.80	8.9e-22	1	120	00bac0
523	RF00001	7QWQ	7	1	119	114.60	1.5e-27	1	120	00bac0
524	RF00001	7ZQ5	a	3	118	92.80	8.9e-22	1	120	00bac0
525	RF00001	8EUB	A3	1	121	90.80	3e-21	1	120	00bac0
526	RF00001	4W29	BB	3	119	112.30	6e-27	1	120	00bac0
527	RF00001	5GAG	B	3	118	92.80	8.9e-22	1	120	00bac0
528	RF00001	6HD7	3	1	121	90.80	3e-21	1	120	00bac0
529	RF00001	6XA1	L7	1	119	114.60	1.5e-27	1	120	00bac0
530	RF00001	7ACR	3	3	118	92.80	8.9e-22	1	120	00bac0
531	RF00001	7LV0	2	3	118	92.80	8.9e-22	1	120	00bac0
532	RF00001	7QGU	B	1	116	104.80	5.8e-25	1	120	00bac0
533	RF00001	8FC3	2B	3	119	112.30	6.1e-27	1	120	00bac0
534	RF00001	8FL0	L4	1	119	114.60	1.5e-27	1	120	00bac0
535	RF00001	8PV5	C4	1	119	87.80	1.9e-20	1	119	00bac0
536	RF00001	8YOP	L7	1	119	114.60	1.5e-27	1	120	00bac0
537	RF00001	1ML5	b	5	121	112.30	6.2e-27	1	120	00bac0
538	RF00001	4V52	BA	3	118	92.80	8.9e-22	1	120	00bac0
539	RF00001	4V8I	DB	3	119	112.30	6.1e-27	1	120	00bac0
540	RF00001	4V8Y	B7	1	121	90.80	3e-21	1	120	00bac0
541	RF00001	4W2E	B	3	119	112.30	6.1e-27	1	120	00bac0
542	RF00001	4YZV	YB	5	121	112.30	6.2e-27	1	120	00bac0
543	RF00001	5JUU	D	1	121	90.80	3e-21	1	120	00bac0
544	RF00001	6BOK	FB	3	119	112.30	6e-27	1	120	00bac0
545	RF00001	6H58	B	3	118	92.80	8.9e-22	1	120	00bac0
546	RF00001	6O3M	RB	3	119	112.30	6.1e-27	1	120	00bac0
547	RF00001	7CPJ	B	3	118	92.80	8.9e-22	1	120	00bac0
548	RF00001	8FC5	1B	3	119	112.30	6.1e-27	1	120	00bac0
549	RF00001	8Y5K	2	3	118	92.80	8.9e-22	1	120	00bac0
550	RF00001	4V57	BA	3	118	92.80	8.9e-22	1	120	00bac0
551	RF00001	5J8A	DB	3	118	92.80	8.9e-22	1	120	00bac0
552	RF00001	5LZV	7	1	119	114.60	1.5e-27	1	120	00bac0
553	RF00001	5UYM	02	3	118	92.80	8.9e-22	1	120	00bac0
554	RF00001	6QNQ	1J	5	121	112.30	6.1e-27	1	120	00bac0
555	RF00001	6TPQ	V	5	120	104.80	6e-25	1	120	00bac0
556	RF00001	7D6Z	B	2	117	92.80	8.8e-22	1	120	00bac0
557	RF00001	7PIS	4	1	108	73.70	9e-17	1	120	00bac0
558	RF00001	8VTV	1B	3	119	112.30	6.1e-27	1	120	00bac0
559	RF00001	9BUQ	AB	1	119	107.50	1.1e-25	1	120	00bac0
560	RF00001	9O3K	2B	3	119	112.30	6.1e-27	1	120	00bac0
561	RF00001	4V6E	BB	2	117	92.80	8.8e-22	1	120	00bac0
562	RF00001	4V8C	AB	5	121	112.30	6.1e-27	1	120	00bac0
563	RF00001	5DAT	7	1	121	90.80	3e-21	1	120	00bac0
564	RF00001	5LI0	B	1	114	72.80	1.6e-16	1	120	00bac0
565	RF00001	6WD1	2	3	118	92.80	8.9e-22	1	120	00bac0
566	RF00001	7A0R	Y	3	119	83.40	2.7e-19	1	120	00bac0
567	RF00001	7MPJ	A3	1	121	90.80	3e-21	1	120	00bac0
568	RF00001	7Y7F	b	3	118	92.80	8.9e-22	1	120	00bac0
569	RF00001	8FL3	L4	1	119	114.60	1.5e-27	1	120	00bac0
570	RF00001	8VOP	d	3	118	92.80	8.9e-22	1	120	00bac0
571	RF00001	9K0Z	B	3	116	84.10	1.7e-19	1	120	00bac0
572	RF00001	4V4V	B9	1	108	75.80	2.5e-17	4	116	00bac0
573	RF00001	4V7E	Ab	1	119	104.20	8.5e-25	1	120	00bac0
574	RF00001	4WCE	Y	1	114	72.80	1.6e-16	1	120	00bac0
575	RF00001	6BOK	C	3	119	112.30	6e-27	1	120	00bac0
576	RF00001	6C4I	B	3	118	92.80	8.9e-22	1	120	00bac0
577	RF00001	6ERI	Ax	2	118	64.60	2.4e-14	1	120	00bac0
578	RF00001	6OF1	2B	3	119	112.30	6.1e-27	1	120	00bac0
579	RF00001	6SGC	74	1	119	114.60	1.5e-27	1	120	00bac0
580	RF00001	7AZY	F	1	121	90.80	3e-21	1	120	00bac0
581	RF00001	7BL5	B	3	118	92.80	8.9e-22	1	120	00bac0
582	RF00001	8BHP	1	3	118	92.80	8.9e-22	1	120	00bac0
583	RF00001	8ZTV	b	3	118	92.80	8.9e-22	1	120	00bac0
584	RF00001	9N2B	5	3	118	90.40	3.8e-21	1	120	00bac0
585	RF00001	4V9K	BB	3	119	112.30	6e-27	1	120	00bac0
586	RF00001	5IBB	16	5	121	112.30	6.1e-27	1	120	00bac0
587	RF00001	5JUO	D	1	121	90.80	3e-21	1	120	00bac0
588	RF00001	8W2N	3	3	118	92.80	8.9e-22	1	120	00bac0
589	RF00001	9CG7	b	3	118	92.80	8.9e-22	1	120	00bac0
590	RF00001	9GHD	b	3	118	92.80	8.9e-22	1	120	00bac0
591	RF00001	4V5B	AA	3	118	92.80	8.9e-22	1	120	00bac0
592	RF00001	4V5R	BB	5	121	112.30	6.1e-27	1	120	00bac0
593	RF00001	4V9P	GB	3	118	92.80	8.9e-22	1	120	00bac0
594	RF00001	5HAU	2B	3	119	112.30	6.1e-27	1	120	00bac0
595	RF00001	5LZZ	7	1	119	114.60	1.5e-27	1	120	00bac0
596	RF00001	6OGI	2	3	118	92.80	8.9e-22	1	120	00bac0
597	RF00001	7BV8	B	3	118	92.80	8.9e-22	1	120	00bac0
598	RF00001	7JT2	2	3	118	92.80	8.9e-22	1	120	00bac0
599	RF00001	7QV3	B	1	111	91.80	1.5e-21	3	117	00bac0
600	RF00001	8B6C	7	1	119	114.60	1.5e-27	1	120	00bac0
601	RF00001	8VVP	XA	1	119	114.60	1.5e-27	1	120	00bac0
602	RF00001	9CG6	b	3	118	92.80	8.9e-22	1	120	00bac0
603	RF00001	4WRA	16	5	121	112.30	6.1e-27	1	120	00bac0
604	RF00001	5NDG	3	1	121	90.80	3e-21	1	120	00bac0
605	RF00001	6LSR	5	1	119	114.60	1.5e-27	1	120	00bac0
606	RF00001	6Q97	3	3	118	92.80	8.9e-22	1	120	00bac0
607	RF00001	6XZB	B2	3	118	92.80	8.9e-22	1	120	00bac0
608	RF00001	7Q0P	3	1	121	80.20	1.8e-18	1	120	00bac0
609	RF00001	8B2L	C3	1	119	115.30	1e-27	1	120	00bac0
610	RF00001	8G2A	1B	3	119	112.30	6.1e-27	1	120	00bac0
611	RF00001	8OEQ	3	1	121	80.20	1.8e-18	1	120	00bac0
612	RF00001	8Y5Q	2	3	118	92.80	8.9e-22	1	120	00bac0
613	RF00001	9B0N	L7	1	119	114.60	1.5e-27	1	120	00bac0
614	RF00001	9D7T	1B	3	119	112.30	6.1e-27	1	120	00bac0
615	RF00001	9QEH	B	1	115	88.30	1.3e-20	1	120	00bac0
616	RF00001	1VQ6	9	1	121	84.50	1.4e-19	1	120	00bac0
617	RF00001	3CCJ	9	1	121	81.20	1.1e-18	1	120	00bac0
618	RF00001	4U4Y	3	1	121	90.80	3e-21	1	120	00bac0
619	RF00001	5JCS	z	1	121	90.80	3e-21	1	120	00bac0
620	RF00001	5MLC	B	4	120	64.60	2.5e-14	1	120	00bac0
621	RF00001	5ND8	B	1	114	72.80	1.6e-16	1	120	00bac0
622	RF00001	6ORD	RB	3	119	112.30	6.1e-27	1	120	00bac0
623	RF00001	7NWT	3	3	118	92.80	8.9e-22	1	120	00bac0
624	RF00001	7Q08	3	1	121	80.20	1.8e-18	1	120	00bac0
625	RF00001	7U2H	1B	3	119	112.30	6.1e-27	1	120	00bac0
626	RF00001	8CVK	2B	3	119	112.30	6.1e-27	1	120	00bac0
627	RF00001	8Q5I	3	1	121	80.20	1.8e-18	1	120	00bac0
628	RF00001	8QBT	B	3	118	92.80	8.9e-22	1	120	00bac0
629	RF00001	8T8B	2B	3	119	112.30	6.1e-27	1	120	00bac0
630	RF00001	8WV1	b	3	119	112.30	6.1e-27	1	120	00bac0
631	RF00001	9D0I	2B	3	119	112.30	6.1e-27	1	120	00bac0
632	RF00001	3CPW	9	1	121	84.50	1.4e-19	1	120	00bac0
633	RF00001	3JCN	B	3	118	92.80	8.9e-22	1	120	00bac0
634	RF00001	6ND5	2B	3	119	112.30	6.1e-27	1	120	00bac0
635	RF00001	6NWY	RB	3	119	112.30	6.1e-27	1	120	00bac0
636	RF00001	6O97	2B	3	119	112.30	6.1e-27	1	120	00bac0
637	RF00001	6VYR	d	3	118	92.80	8.9e-22	1	120	00bac0
638	RF00001	7OII	3	3	118	92.80	8.9e-22	1	120	00bac0
639	RF00001	7UVV	B	1	115	98.20	3.1e-23	1	120	00bac0
640	RF00001	8CGN	BB	1	121	90.80	3e-21	1	120	00bac0
641	RF00001	8HKY	A5S	4	122	62.60	8.6e-14	1	120	00bac0
642	RF00001	8Q4F	b	3	118	92.80	8.9e-22	1	120	00bac0
643	RF00001	8R6C	b	3	118	92.80	8.9e-22	1	120	00bac0
644	RF00001	8XU8	B	1	121	90.80	3e-21	1	120	00bac0
645	RF00001	9HC4	D8	1	115	95.50	1.7e-22	1	120	00bac0
646	RF00001	9NL5	R2	3	118	92.80	8.9e-22	1	120	00bac0
647	RF00001	4V52	DA	3	118	92.80	8.9e-22	1	120	00bac0
648	RF00001	4V5P	DB	5	121	112.30	6.1e-27	1	120	00bac0
649	RF00001	4WRA	1J	5	121	112.30	6.1e-27	1	120	00bac0
650	RF00001	5D8B	WC	4	120	112.30	6.1e-27	1	120	00bac0
651	RF00001	5ND9	B	1	114	72.80	1.6e-16	1	120	00bac0
652	RF00001	6N9F	1B	3	119	112.30	6.1e-27	1	120	00bac0
653	RF00001	7RQ9	1B	3	119	112.30	6.1e-27	1	120	00bac0
654	RF00001	8BGU	3	1	121	90.80	3e-21	1	120	00bac0
655	RF00001	8P2K	B7	1	119	114.60	1.5e-27	1	120	00bac0
656	RF00001	8T8C	1B	3	119	112.30	6.1e-27	1	120	00bac0
657	RF00001	9F58	b	1	121	90.80	3e-21	1	120	00bac0
658	RF00001	1YIT	9	1	121	81.20	1.1e-18	1	120	00bac0
659	RF00001	4UJE	A4	1	119	114.60	1.5e-27	1	120	00bac0
660	RF00001	4V8B	DB	5	121	112.30	6.1e-27	1	120	00bac0
661	RF00001	4WQF	AB	3	119	112.30	6.1e-27	1	120	00bac0
662	RF00001	4WQY	AB	3	119	112.30	6.1e-27	1	120	00bac0
663	RF00001	5GAE	B	3	118	92.80	8.9e-22	1	120	00bac0
664	RF00001	6NDK	YB	3	119	112.30	6.1e-27	1	120	00bac0
665	RF00001	6V3D	B	1	115	98.20	3.1e-23	1	120	00bac0
666	RF00001	7SSO	2	3	118	92.80	8.9e-22	1	120	00bac0
667	RF00001	8UD7	2B	3	119	112.30	6.1e-27	1	120	00bac0
668	RF00001	8UU6	B	1	116	101.60	4e-24	1	120	00bac0
669	RF00001	8YDG	2	3	118	92.80	8.9e-22	1	120	00bac0
670	RF00001	9NL7	R2	3	118	92.80	8.9e-22	1	120	00bac0
671	RF00001	4V49	B9	2	118	83.40	2.6e-19	1	120	00bac0
672	RF00001	4V5F	DB	5	121	112.30	6.1e-27	1	120	00bac0
673	RF00001	4V8N	BB	5	121	112.30	6.1e-27	1	120	00bac0
674	RF00001	5E7K	16	5	121	112.30	6.1e-27	1	120	00bac0
675	RF00001	6GXM	B	3	118	92.80	8.9e-22	1	120	00bac0
676	RF00001	7K55	2	3	118	92.80	8.9e-22	1	120	00bac0
677	RF00001	7PWG	3	1	120	85.30	8.3e-20	1	120	00bac0
678	RF00001	8P7Y	4	1	108	73.70	9e-17	1	120	00bac0
679	RF00001	9DFE	1B	3	119	112.30	6.1e-27	1	120	00bac0
680	RF00001	9NLS	R2	3	118	92.80	8.9e-22	1	120	00bac0
681	RF00001	1YIJ	9	1	121	81.20	1.1e-18	1	120	00bac0
682	RF00001	3J5L	B	2	117	92.80	8.8e-22	1	120	00bac0
683	RF00001	4V5C	BB	3	119	112.30	6.1e-27	1	120	00bac0
684	RF00001	4V5D	DB	3	119	112.30	6.1e-27	1	120	00bac0
685	RF00001	4V9N	DB	3	119	112.30	6e-27	1	120	00bac0
686	RF00001	4WF9	Y	1	114	72.80	1.6e-16	1	120	00bac0
687	RF00001	6VU3	d	3	118	92.80	8.9e-22	1	120	00bac0
688	RF00001	6VYU	d	3	118	92.80	8.9e-22	1	120	00bac0
689	RF00001	6W6P	B	1	116	100.30	8.9e-24	1	120	00bac0
690	RF00001	8FN2	B	2	112	80.70	1.3e-18	1	120	00bac0
691	RF00001	8G2B	1B	3	119	112.30	6.1e-27	1	120	00bac0
692	RF00001	9E0N	B	3	116	84.50	1.3e-19	1	120	00bac0
693	RF00001	3CC4	9	1	121	81.20	1.1e-18	1	120	00bac0
694	RF00001	6WDG	2	3	118	92.80	8.9e-22	1	120	00bac0
695	RF00001	7NHK	B	1	116	100.30	8.9e-24	1	120	00bac0
696	RF00001	7OJ0	b	3	118	92.80	8.9e-22	1	120	00bac0
697	RF00001	9AX8	X	2	117	92.80	8.8e-22	1	120	00bac0
698	RF00001	9B00	2B	3	119	112.30	6.1e-27	1	120	00bac0
699	RF00001	1K9M	B	1	121	84.50	1.4e-19	1	120	00bac0
700	RF00001	4U4N	3	1	121	90.80	3e-21	1	120	00bac0
701	RF00001	7Y7D	b	3	118	92.80	8.9e-22	1	120	00bac0
702	RF00001	7ZUW	4	1	121	90.80	3e-21	1	120	00bac0
703	RF00001	8FL2	L4	1	119	114.60	1.5e-27	1	120	00bac0
704	RF00001	8Y5L	2	3	118	92.80	8.9e-22	1	120	00bac0
705	RF00001	4V5J	DB	3	119	112.30	6.1e-27	1	120	00bac0
706	RF00001	4V7U	BB	2	117	92.80	8.8e-22	1	120	00bac0
707	RF00001	4WWW	YB	2	117	92.80	8.8e-22	1	120	00bac0
708	RF00001	5DFE	RB	3	119	112.30	6.1e-27	1	120	00bac0
709	RF00001	5OT7	5	3	119	112.30	6e-27	1	120	00bac0
710	RF00001	6H4N	B	3	118	92.80	8.9e-22	1	120	00bac0
711	RF00001	6OIG	7	1	121	90.80	3e-21	1	120	00bac0
712	RF00001	6UO1	1B	3	119	112.30	6.1e-27	1	120	00bac0
713	RF00001	7K51	2	3	118	92.80	8.9e-22	1	120	00bac0
714	RF00001	7ZUX	4	1	121	90.80	3e-21	1	120	00bac0
715	RF00001	8FIZ	BC	3	118	92.80	8.9e-22	1	120	00bac0
716	RF00001	8FZD	B	3	118	90.40	3.8e-21	1	120	00bac0
717	RF00001	9QF6	B2	3	124	81.10	1.1e-18	1	120	00bac0
718	RF00001	1VY4	DB	3	119	112.30	6.1e-27	1	120	00bac0
719	RF00001	2J28	A	2	117	92.80	8.7e-22	1	120	00bac0
720	RF00001	3JCS	8	3	121	96.70	8.1e-23	1	120	00bac0
721	RF00001	4V3P	L3	1	119	104.20	8.5e-25	1	120	00bac0
722	RF00001	4V5H	BA	2	117	92.80	8.7e-22	1	120	00bac0
723	RF00001	4ZSN	YB	5	121	112.30	6.2e-27	1	120	00bac0
724	RF00001	6I7O	BR	1	121	90.80	3e-21	1	120	00bac0
725	RF00001	6N1D	A5S	3	119	112.30	6e-27	1	120	00bac0
726	RF00001	6SPD	B	1	115	96.30	9.8e-23	1	120	00bac0
727	RF00001	7MT7	B	2	114	86.30	4.5e-20	1	120	00bac0
728	RF00001	7OYC	71	1	119	102.00	3.3e-24	1	120	00bac0
729	RF00001	7Q0F	3	1	121	80.20	1.8e-18	1	120	00bac0
730	RF00001	7S1K	J	3	118	92.80	8.9e-22	1	120	00bac0
731	RF00001	8URI	d	3	118	92.80	8.9e-22	1	120	00bac0
732	RF00001	8YDJ	2	3	118	92.80	8.9e-22	1	120	00bac0
733	RF00001	4V9H	BB	5	121	112.30	6.1e-27	1	120	00bac0
734	RF00001	4W2G	BB	3	119	112.30	6.1e-27	1	120	00bac0
735	RF00001	5EL6	16	5	121	112.30	6.1e-27	1	120	00bac0
736	RF00001	6O8Z	B	1	116	100.30	8.9e-24	1	120	00bac0
737	RF00001	6PC8	J	2	117	92.80	8.8e-22	1	120	00bac0
738	RF00001	6WOO	7	1	121	90.80	3e-21	1	120	00bac0
739	RF00001	7OTC	B	3	118	92.80	8.9e-22	1	120	00bac0
740	RF00001	7UG7	5	3	118	92.80	8.9e-22	1	120	00bac0
741	RF00001	8CGD	b	3	118	92.80	8.9e-22	1	120	00bac0
742	RF00001	4U1U	DB	3	118	92.80	8.9e-22	1	120	00bac0
743	RF00001	4Z8C	1B	3	119	112.30	6.1e-27	1	120	00bac0
744	RF00001	7MDZ	7	1	119	114.60	1.5e-27	1	120	00bac0
745	RF00001	7PAO	4	1	108	73.70	9e-17	1	120	00bac0
746	RF00001	8E46	J	2	117	92.80	8.8e-22	1	120	00bac0
747	RF00001	8EVS	A3	1	121	90.80	3e-21	1	120	00bac0
748	RF00001	8FOM	RB	3	119	112.30	6.1e-27	1	120	00bac0
749	RF00001	8INE	5	1	119	114.60	1.5e-27	1	120	00bac0
750	RF00001	4P70	RB	3	119	112.30	6.1e-27	1	120	00bac0
751	RF00001	4U56	7	1	121	90.80	3e-21	1	120	00bac0
752	RF00001	4V9S	DB	3	119	112.30	6.1e-27	1	120	00bac0
753	RF00001	5V7Q	B	2	114	86.30	4.5e-20	1	120	00bac0
754	RF00001	6OXI	RB	5	121	112.30	6.2e-27	1	120	00bac0
755	RF00001	6ZU1	BB	3	118	92.80	8.9e-22	1	120	00bac0
756	RF00001	7N31	5	3	118	92.80	8.9e-22	1	120	00bac0
757	RF00001	8A3L	b	3	118	92.80	8.9e-22	1	120	00bac0
758	RF00001	8CVM	b	3	119	107.30	1.3e-25	1	120	00bac0
759	RF00001	8IDT	5	1	119	114.60	1.5e-27	1	120	00bac0
760	RF00001	8P5D	L70	1	119	92.30	1.1e-21	1	120	00bac0
761	RF00001	9H3Y	B	3	118	92.80	8.9e-22	1	120	00bac0
762	RF00001	9MTT	2B	3	119	112.30	6.1e-27	1	120	00bac0
763	RF00001	1Q81	B	1	121	84.50	1.4e-19	1	120	00bac0
764	RF00001	2ZJR	Y	5	121	83.40	2.7e-19	1	120	00bac0
765	RF00001	3I55	9	1	121	81.20	1.1e-18	1	120	00bac0
766	RF00001	5DM6	Y	4	120	83.40	2.7e-19	1	120	00bac0
767	RF00001	5HKV	Y	1	114	72.80	1.6e-16	1	120	00bac0
768	RF00001	5LZA	B	3	118	92.80	8.9e-22	1	120	00bac0
769	RF00001	5UYP	02	3	118	92.80	8.9e-22	1	120	00bac0
770	RF00001	5VPO	YB	3	119	112.30	6.1e-27	1	120	00bac0
771	RF00001	5VPP	YB	3	119	112.30	6.1e-27	1	120	00bac0
772	RF00001	6HCF	72	1	119	114.60	1.5e-27	1	120	00bac0
773	RF00001	6OFX	2	3	118	92.80	8.9e-22	1	120	00bac0
774	RF00001	6OJ2	YB	3	119	112.30	6.1e-27	1	120	00bac0
775	RF00001	8E3O	J	2	117	92.80	8.8e-22	1	120	00bac0
776	RF00001	8EVT	A3	1	121	90.80	3e-21	1	120	00bac0
777	RF00001	8W51	B	2	117	92.80	8.8e-22	1	120	00bac0
778	RF00001	4V9S	BB	3	119	112.30	6.1e-27	1	120	00bac0
779	RF00001	5WFK	B	3	118	92.80	8.9e-22	1	120	00bac0
780	RF00001	6GZ4	A4	1	119	114.60	1.5e-27	1	120	00bac0
781	RF00001	6PCH	J	2	117	92.80	8.8e-22	1	120	00bac0
782	RF00001	6VYW	d	3	118	92.80	8.9e-22	1	120	00bac0
783	RF00001	7OLC	3	1	120	96.30	1e-22	1	120	00bac0
784	RF00001	8C8Y	B	3	118	92.80	8.9e-22	1	120	00bac0
785	RF00001	8P9A	AS	1	121	90.80	3e-21	1	120	00bac0
786	RF00001	8QFD	7	1	119	114.60	1.5e-27	1	120	00bac0
787	RF00001	8R55	Y	1	111	91.80	1.5e-21	3	117	00bac0
788	RF00001	8VKW	B	3	116	84.10	1.7e-19	1	120	00bac0
789	RF00001	9I5T	B	1	109	76.60	1.5e-17	1	120	00bac0
790	RF00001	9QIW	L7	1	119	114.60	1.5e-27	1	120	00bac0
791	RF00001	4V7X	DB	3	119	112.30	6.1e-27	1	120	00bac0
792	RF00001	5WE4	B	3	118	92.80	8.9e-22	1	120	00bac0
793	RF00001	6GZX	B1	5	121	112.30	6.1e-27	1	120	00bac0
794	RF00001	6WD5	2	3	118	92.80	8.9e-22	1	120	00bac0
795	RF00001	7M4X	B	1	115	98.20	3.1e-23	1	120	00bac0
796	RF00001	8BGH	1	3	118	92.80	8.9e-22	1	120	00bac0
797	RF00001	8IPD	3	1	119	106.90	1.6e-25	1	120	00bac0
798	RF00001	8V03	3	3	118	92.80	8.9e-22	1	120	00bac0
799	RF00001	1YHQ	9	1	121	81.20	1.1e-18	1	120	00bac0
800	RF00001	4V9P	CB	3	118	92.80	8.9e-22	1	120	00bac0
801	RF00001	4V9R	BB	3	119	112.30	6.1e-27	1	120	00bac0
802	RF00001	5I4L	3	1	121	90.80	3e-21	1	120	00bac0
803	RF00001	6SV4	BR	1	121	90.80	3e-21	1	120	00bac0
804	RF00001	6WDK	2	3	118	92.80	8.9e-22	1	120	00bac0
805	RF00001	7JQM	2B	3	119	112.30	6.1e-27	1	120	00bac0
806	RF00001	7M4Y	B	1	115	98.20	3.1e-23	1	120	00bac0
807	RF00001	7PAH	4	1	108	73.70	9e-17	1	120	00bac0
808	RF00001	7S1H	J	3	118	92.80	8.9e-22	1	120	00bac0
809	RF00001	7TOP	A5S	1	121	90.80	3e-21	1	120	00bac0
810	RF00001	8VTX	1B	3	119	112.30	6.1e-27	1	120	00bac0
811	RF00001	9HA7	B	3	118	92.80	8.9e-22	1	120	00bac0
812	RF00001	4TUA	YB	3	119	112.30	6.1e-27	1	120	00bac0
813	RF00001	4U67	Y	5	121	83.40	2.7e-19	1	120	00bac0
814	RF00001	4WRO	16	5	121	112.30	6.1e-27	1	120	00bac0
815	RF00001	5DOX	1B	3	119	112.30	6.1e-27	1	120	00bac0
816	RF00001	5J7L	DB	3	118	92.80	8.9e-22	1	120	00bac0
817	RF00001	6FKR	1B	3	119	112.30	6e-27	1	120	00bac0
818	RF00001	6FXC	BB	1	115	88.30	1.3e-20	1	120	00bac0
819	RF00001	6OPE	RB	3	119	112.30	6.1e-27	1	120	00bac0
820	RF00001	7LH5	BB	3	119	112.30	6.1e-27	1	120	00bac0
821	RF00001	8E43	J	2	117	92.80	8.8e-22	1	120	00bac0
822	RF00001	8P9A	3	1	121	90.80	3e-21	1	120	00bac0
823	RF00001	1VQK	9	1	121	84.50	1.4e-19	1	120	00bac0
824	RF00001	4V7W	DB	3	119	112.30	6.1e-27	1	120	00bac0
825	RF00001	5MDY	3	3	118	92.80	8.9e-22	1	120	00bac0
826	RF00001	6B4V	C	3	119	112.30	6e-27	1	120	00bac0
827	RF00001	6PJ6	J	2	117	92.80	8.8e-22	1	120	00bac0
828	RF00001	8G7R	B	3	118	90.40	3.8e-21	1	120	00bac0
829	RF00001	8HFR	2f	1	121	90.80	3e-21	1	120	00bac0
830	RF00001	8VS9	5S	3	118	92.80	8.9e-22	1	120	00bac0
831	RF00001	9B51	BB	3	118	92.80	8.9e-22	1	120	00bac0
832	RF00001	9OU7	BB	4	125	87.10	3e-20	1	120	00bac0
833	RF00001	5MDV	3	3	118	92.80	8.9e-22	1	120	00bac0
834	RF00001	6D9J	7	1	119	114.60	1.5e-27	1	120	00bac0
835	RF00001	6I7O	YR	1	121	90.80	3e-21	1	120	00bac0
836	RF00001	6Y6X	L7	1	119	114.60	1.5e-27	1	120	00bac0
837	RF00001	7ABZ	3	2	117	92.80	8.8e-22	1	120	00bac0
838	RF00001	7CPV	L7	1	119	114.60	1.5e-27	1	120	00bac0
839	RF00001	7PHB	4	1	108	73.70	9e-17	1	120	00bac0
840	RF00001	8CVK	1B	3	119	112.30	6.1e-27	1	120	00bac0
841	RF00001	8HL2	A5S	4	122	62.60	8.6e-14	1	120	00bac0
842	RF00001	8PV4	C4	1	119	87.80	1.9e-20	1	119	00bac0
843	RF00001	8SCB	7	1	119	114.60	1.5e-27	1	120	00bac0
844	RF00001	8Z70	B	1	121	90.80	3e-21	1	120	00bac0
845	RF00001	9D7T	2B	3	119	112.30	6.1e-27	1	120	00bac0
846	RF00001	9GGR	O	3	118	92.80	8.9e-22	1	120	00bac0
847	RF00001	9GHC	b	3	118	92.80	8.9e-22	1	120	00bac0
848	RF00001	9GR1	b	3	118	92.80	8.9e-22	1	120	00bac0
849	RF00001	9I78	L3	1	120	96.30	1e-22	1	120	00bac0
850	RF00001	4U4O	3	1	121	90.80	3e-21	1	120	00bac0
851	RF00001	4V55	BA	3	118	92.80	8.9e-22	1	120	00bac0
852	RF00001	6VYS	d	3	118	92.80	8.9e-22	1	120	00bac0
853	RF00001	6X6T	d	3	118	92.80	8.9e-22	1	120	00bac0
854	RF00001	7QVP	L7	1	119	114.60	1.5e-27	1	120	00bac0
855	RF00001	8P85	AS	1	121	90.80	3e-21	1	120	00bac0
856	RF00001	1YJ9	9	1	121	81.20	1.1e-18	1	120	00bac0
857	RF00001	1YJW	9	1	121	81.20	1.1e-18	1	120	00bac0
858	RF00001	4IOA	Y	5	121	83.40	2.7e-19	1	120	00bac0
859	RF00001	4V5A	BB	3	119	112.30	6.1e-27	1	120	00bac0
860	RF00001	5NDV	7	1	121	90.80	3e-21	1	120	00bac0
861	RF00001	5NWY	O	3	118	92.80	8.9e-22	1	120	00bac0
862	RF00001	6DDD	2	1	115	88.30	1.3e-20	1	120	00bac0
863	RF00001	6MTD	7	1	119	114.60	1.5e-27	1	120	00bac0
864	RF00001	6P5N	7	1	119	114.60	1.5e-27	1	120	00bac0
865	RF00001	6WNW	4	1069	1185	59.10	1.8e-11	1	120	00bac0
866	RF00001	7TTU	2	1	115	84.20	1.6e-19	1	120	00bac0
867	RF00001	8URY	d	3	118	92.80	8.9e-22	1	120	00bac0
868	RF00001	4V4W	B9	1	108	75.80	2.5e-17	4	116	00bac0
869	RF00001	5J4C	1B	3	119	112.30	6.1e-27	1	120	00bac0
870	RF00001	5TBW	AS	1	121	90.80	3e-21	1	120	00bac0
871	RF00001	6OM6	3	3	118	92.80	8.9e-22	1	120	00bac0
872	RF00001	7OLD	3	1	120	96.30	1e-22	1	120	00bac0
873	RF00001	7QH4	B	1	116	104.80	5.8e-25	1	120	00bac0
874	RF00001	4U24	DB	3	118	92.80	8.9e-22	1	120	00bac0
875	RF00001	4V42	BB	5	121	112.30	6.2e-27	1	120	00bac0
876	RF00001	4V6D	BB	2	117	92.80	8.8e-22	1	120	00bac0
877	RF00001	4V7U	DB	2	117	92.80	8.8e-22	1	120	00bac0
878	RF00001	5MMI	B	4	120	64.60	2.5e-14	1	120	00bac0
879	RF00001	5NP6	Z	3	118	92.80	8.9e-22	1	120	00bac0
880	RF00001	6O97	1B	3	119	112.30	6.1e-27	1	120	00bac0
881	RF00001	7ZOD	a	3	118	92.80	8.9e-22	1	120	00bac0
882	RF00001	8P2H	B	1	115	88.30	1.3e-20	1	120	00bac0
883	RF00001	8RJD	u	1	119	114.60	1.5e-27	1	120	00bac0
884	RF00001	9H3W	B	3	118	92.80	8.9e-22	1	120	00bac0
885	RF00001	9K10	B	3	116	84.10	1.7e-19	1	120	00bac0
886	RF00001	4V4G	JA	2	118	83.40	2.6e-19	1	120	00bac0
887	RF00001	5APN	7	1	121	90.80	3e-21	1	120	00bac0
888	RF00001	6LQM	5	1	119	114.60	1.5e-27	1	120	00bac0
889	RF00001	6RM3	L70	1	119	96.00	1.2e-22	1	120	00bac0
890	RF00001	6WDC	2	3	118	92.80	8.9e-22	1	120	00bac0
891	RF00001	7QV2	B	1	111	91.80	1.5e-21	3	117	00bac0
892	RF00001	7U2H	2B	3	119	112.30	6.1e-27	1	120	00bac0
893	RF00001	8BTD	LE	1	119	82.50	4.6e-19	1	120	00bac0
894	RF00001	8FC1	2B	3	119	112.30	6.1e-27	1	120	00bac0
895	RF00001	8P4V	3	1	121	90.80	3e-21	1	120	00bac0
896	RF00001	8YUS	b	3	118	92.80	8.9e-22	1	120	00bac0
897	RF00001	6GZ3	A4	1	119	114.60	1.5e-27	1	120	00bac0
898	RF00001	6PC7	J	2	117	92.80	8.8e-22	1	120	00bac0
899	RF00001	6PPK	B	1	116	104.80	5.8e-25	1	120	00bac0
900	RF00001	6SKG	BB	3	124	87.40	2.5e-20	1	120	00bac0
901	RF00001	7NWH	7	1	119	114.60	1.5e-27	1	120	00bac0
902	RF00001	7PIB	4	1	108	73.70	9e-17	1	120	00bac0
903	RF00001	7RYG	B	1	115	98.20	3.1e-23	1	120	00bac0
904	RF00001	7XNY	L2	1	119	114.60	1.5e-27	1	120	00bac0
905	RF00001	8FC4	2B	3	119	112.30	6.1e-27	1	120	00bac0
906	RF00001	8OJ5	7	1	119	114.60	1.5e-27	1	120	00bac0
907	RF00001	2RDO	A	3	118	92.80	8.9e-22	1	120	00bac0
908	RF00001	3OW2	9	1	121	84.50	1.4e-19	1	120	00bac0
909	RF00001	4V8F	DB	5	121	112.30	6.1e-27	1	120	00bac0
910	RF00001	5FDV	2B	3	119	112.30	6e-27	1	120	00bac0
911	RF00001	5HD1	1B	3	119	112.30	6.1e-27	1	120	00bac0
912	RF00001	6NSH	RB	3	119	112.30	6.1e-27	1	120	00bac0
913	RF00001	8G38	A	2	117	92.80	8.7e-22	1	120	00bac0
914	RF00001	8OGJ	3	1	121	80.20	1.8e-18	1	120	00bac0
915	RF00001	1QVG	9	1	121	84.50	1.4e-19	1	120	00bac0
916	RF00001	4U4Q	3	1	121	90.80	3e-21	1	120	00bac0
917	RF00001	4V9I	DB	3	119	112.30	6e-27	1	120	00bac0
918	RF00001	4WSD	16	5	121	112.30	6.1e-27	1	120	00bac0
919	RF00001	5MMM	B	4	120	64.60	2.5e-14	1	120	00bac0
920	RF00001	6R6P	7	1	119	114.60	1.5e-27	1	120	00bac0
921	RF00001	7P7T	B	1	116	100.30	8.9e-24	1	120	00bac0
922	RF00001	8CKU	BB	1	121	90.80	3e-21	1	120	00bac0
923	RF00001	8URH	d	3	118	92.80	8.9e-22	1	120	00bac0
924	RF00001	8VTU	2B	3	119	112.30	6.1e-27	1	120	00bac0
925	RF00001	9B0J	L7	1	119	114.60	1.5e-27	1	120	00bac0
926	RF00001	9B24	U	3	116	84.10	1.7e-19	1	120	00bac0
927	RF00001	4W2F	DB	3	119	112.30	6.1e-27	1	120	00bac0
928	RF00001	5AFI	B	3	118	92.80	8.9e-22	1	120	00bac0
929	RF00001	7NBU	b	3	118	92.80	8.9e-22	1	120	00bac0
930	RF00001	7Z3N	3	1	120	96.30	1e-22	1	120	00bac0
931	RF00001	8AGX	h	1	121	90.80	3e-21	1	120	00bac0
932	RF00001	8EIU	b	3	118	92.80	8.9e-22	1	120	00bac0
933	RF00001	9BUP	AB	1	119	107.50	1.1e-25	1	120	00bac0
934	RF00001	9DFC	2B	3	119	112.30	6.1e-27	1	120	00bac0
935	RF00001	9GXX	b	3	118	92.80	8.9e-22	1	120	00bac0
936	RF00001	4V7H	B3	1	113	69.50	1.2e-15	1	120	00bac0
937	RF00001	4V8I	BB	3	119	112.30	6.1e-27	1	120	00bac0
938	RF00001	4V9M	BB	3	119	112.30	6e-27	1	120	00bac0
939	RF00001	5WIS	1B	3	119	112.30	6.1e-27	1	120	00bac0
940	RF00001	6GXN	B	3	118	92.80	8.9e-22	1	120	00bac0
941	RF00001	8EV7	1B	3	119	112.30	6.1e-27	1	120	00bac0
942	RF00001	8IFD	1B	1	119	114.60	1.5e-27	1	120	00bac0
943	RF00001	8OH6	AT	1	121	80.20	1.8e-18	1	120	00bac0
944	RF00001	8PKL	8	3	118	92.80	8.9e-22	1	120	00bac0
945	RF00001	8T2Y	A3	1	121	90.80	3e-21	1	120	00bac0
946	RF00001	8T5H	A	2	117	92.80	8.7e-22	1	120	00bac0
947	RF00001	8UD6	2B	3	119	112.30	6.1e-27	1	120	00bac0
948	RF00001	8VKI	B	3	116	84.10	1.7e-19	1	120	00bac0
949	RF00001	9D0J	2B	3	119	112.30	6.1e-27	1	120	00bac0
950	RF00001	9NLF	R2	3	118	92.80	8.9e-22	1	120	00bac0
951	RF00001	3CCR	9	1	121	81.20	1.1e-18	1	120	00bac0
952	RF00001	3G6E	9	1	121	81.20	1.1e-18	1	120	00bac0
953	RF00001	4V4G	FA	2	118	83.40	2.6e-19	1	120	00bac0
954	RF00001	4V8P	B3	1	119	113.30	3.3e-27	1	120	00bac0
955	RF00001	4V91	3	1	121	90.80	3e-21	1	120	00bac0
956	RF00001	4WT1	16	5	121	112.30	6.1e-27	1	120	00bac0
957	RF00001	6N8N	B	1	121	90.80	3e-21	1	120	00bac0
958	RF00001	6PCR	J	2	117	92.80	8.8e-22	1	120	00bac0
959	RF00001	6SPF	B	2	117	104.20	8.4e-25	1	120	00bac0
960	RF00001	7F0D	B	2	114	86.30	4.5e-20	1	120	00bac0
961	RF00001	7LVK	J	3	118	92.80	8.9e-22	1	120	00bac0
962	RF00001	9D0G	1B	3	119	112.30	6.1e-27	1	120	00bac0
963	RF00001	1VQ9	9	1	121	84.50	1.4e-19	1	120	00bac0
964	RF00001	3J3V	B	1	116	104.80	5.8e-25	1	120	00bac0
965	RF00001	4L47	YB	3	119	112.30	6.1e-27	1	120	00bac0
966	RF00001	4V63	BB	5	121	112.30	6.2e-27	1	120	00bac0
967	RF00001	5H5U	B	3	118	92.80	8.9e-22	1	120	00bac0
968	RF00001	5WIT	1B	3	119	112.30	6.1e-27	1	120	00bac0
969	RF00001	6CFJ	2B	3	119	112.30	6.1e-27	1	120	00bac0
970	RF00001	6R84	3	1	121	90.80	3e-21	1	120	00bac0
971	RF00001	8RPZ	B	3	118	92.80	8.9e-22	1	120	00bac0
972	RF00001	9NRI	BB	4	125	87.10	3e-20	1	120	00bac0
973	RF00001	1QVF	9	1	121	84.50	1.4e-19	1	120	00bac0
974	RF00001	3J78	5S	1	121	90.80	3e-21	1	120	00bac0
975	RF00001	4V7Y	DB	3	119	112.30	6.1e-27	1	120	00bac0
976	RF00001	5A9Z	AB	5	121	112.30	6.2e-27	1	120	00bac0
977	RF00001	5J3C	RB	3	119	112.30	6.1e-27	1	120	00bac0
978	RF00001	5UYL	02	3	118	92.80	8.9e-22	1	120	00bac0
979	RF00001	6XU6	A7	1	119	93.80	4.7e-22	1	120	00bac0
980	RF00001	7KGB	B	2	114	86.30	4.5e-20	1	120	00bac0
981	RF00001	7Q4K	BB	3	118	92.80	8.9e-22	1	120	00bac0
982	RF00001	7S1G	J	3	118	92.80	8.9e-22	1	120	00bac0
983	RF00001	7ST6	2	3	118	92.80	8.9e-22	1	120	00bac0
984	RF00001	8CIV	BB	1	121	90.80	3e-21	1	120	00bac0
985	RF00001	8G6Y	b	3	118	92.80	8.9e-22	1	120	00bac0
986	RF00001	8UJB	L7	1	119	114.60	1.5e-27	1	120	00bac0
987	RF00001	8UUA	B	1	116	101.60	4e-24	1	120	00bac0
988	RF00001	9BUU	AB	1	119	107.50	1.1e-25	1	120	00bac0
989	RF00001	9QF4	B2	3	124	75.80	2.9e-17	1	120	00bac0
990	RF00001	4V4R	BB	5	121	112.30	6.2e-27	1	120	00bac0
991	RF00001	5NDK	16	5	121	112.30	6.1e-27	1	120	00bac0
992	RF00001	6HCM	72	1	119	114.60	1.5e-27	1	120	00bac0
993	RF00001	7Y7E	b	3	118	92.80	8.9e-22	1	120	00bac0
994	RF00001	8FC2	1B	3	119	112.30	6.1e-27	1	120	00bac0
995	RF00001	8FZH	B	3	118	90.40	3.8e-21	1	120	00bac0
996	RF00001	8P8N	LE	1	121	90.80	3e-21	1	120	00bac0
997	RF00001	8RCL	82	3	118	92.80	8.9e-22	1	120	00bac0
998	RF00001	3J9W	BB	1	116	104.80	5.8e-25	1	120	00bac0
999	RF00001	4V88	A3	1	121	90.80	3e-21	1	120	00bac0
1000	RF00001	4V9B	BB	5	121	112.30	6.1e-27	1	120	00bac0
1001	RF00001	8IP8	TB	1	119	104.20	8.5e-25	1	120	00bac0
1002	RF00001	8PVA	b	3	118	92.80	8.9e-22	1	120	00bac0
1003	RF00001	9DFD	2B	3	119	112.30	6.1e-27	1	120	00bac0
1004	RF00001	4U4Q	7	1	121	90.80	3e-21	1	120	00bac0
1005	RF00001	4U4Z	7	1	121	90.80	3e-21	1	120	00bac0
1006	RF00001	4V48	A9	3	118	92.80	8.9e-22	1	120	00bac0
1007	RF00001	4V7Y	BB	3	119	112.30	6.1e-27	1	120	00bac0
1008	RF00001	4V84	BB	3	119	112.30	6e-27	1	120	00bac0
1009	RF00001	5VPO	RB	3	119	112.30	6.1e-27	1	120	00bac0
1010	RF00001	6ND5	1B	3	119	112.30	6.1e-27	1	120	00bac0
1011	RF00001	7BL4	B	3	118	92.80	8.9e-22	1	120	00bac0
1012	RF00001	8EWB	A3	1	121	90.80	3e-21	1	120	00bac0
1013	RF00001	8HKZ	A5S	4	122	62.60	8.6e-14	1	120	00bac0
1014	RF00001	8UJD	L7	1	119	114.60	1.5e-27	1	120	00bac0
1015	RF00001	8UU7	B	1	116	101.60	4e-24	1	120	00bac0
1016	RF00001	9CG5	b	3	118	92.80	8.9e-22	1	120	00bac0
1017	RF00001	1VQO	9	1	121	84.50	1.4e-19	1	120	00bac0
1018	RF00001	5EL6	1J	5	121	112.30	6.1e-27	1	120	00bac0
1019	RF00001	5IBB	1J	5	121	112.30	6.1e-27	1	120	00bac0
1020	RF00001	6OSK	3	3	118	92.80	8.9e-22	1	120	00bac0
1021	RF00001	7NFX	7	1	119	114.60	1.5e-27	1	120	00bac0
1022	RF00001	7PAS	4	1	108	73.70	9e-17	1	120	00bac0
1023	RF00001	8G2A	2B	3	119	112.30	6.1e-27	1	120	00bac0
1024	RF00001	8HU1	b	3	118	92.80	8.9e-22	1	120	00bac0
1025	RF00001	8OJ3	3	1	121	80.20	1.8e-18	1	120	00bac0
1026	RF00001	8YDI	2	3	118	92.80	8.9e-22	1	120	00bac0
1027	RF00001	4V47	A9	3	118	92.80	8.9e-22	1	120	00bac0
1028	RF00001	4V53	DA	3	118	92.80	8.9e-22	1	120	00bac0
1029	RF00001	4V7T	BB	2	117	92.80	8.8e-22	1	120	00bac0
1030	RF00001	4V8J	DB	3	119	112.30	6.1e-27	1	120	00bac0
1031	RF00001	4V95	BB	3	119	112.30	6.1e-27	1	120	00bac0
1032	RF00001	5DFE	YB	3	119	112.30	6.1e-27	1	120	00bac0
1033	RF00001	6MTB	7	1	119	114.60	1.5e-27	1	120	00bac0
1034	RF00001	8JIV	Ab	1	119	104.20	8.5e-25	1	120	00bac0
1035	RF00001	8PV1	C4	1	119	87.80	1.9e-20	1	119	00bac0
1036	RF00001	8UR0	d	3	118	92.80	8.9e-22	1	120	00bac0
1037	RF00001	8VVS	XA	1	119	114.60	1.5e-27	1	120	00bac0
1038	RF00001	9B1Y	U	3	116	84.10	1.7e-19	1	120	00bac0
1039	RF00001	1YI2	9	1	121	81.20	1.1e-18	1	120	00bac0
1040	RF00001	4U26	DB	3	118	92.80	8.9e-22	1	120	00bac0
1041	RF00001	4V6A	DB	3	119	112.30	6.1e-27	1	120	00bac0
1042	RF00001	4V74	BB	2	117	92.80	8.8e-22	1	120	00bac0
1043	RF00001	5LZY	7	1	119	114.60	1.5e-27	1	120	00bac0
1044	RF00001	5U9G	02	3	118	92.80	8.9e-22	1	120	00bac0
1045	RF00001	6XIJ	d	3	118	92.80	8.9e-22	1	120	00bac0
1046	RF00001	8CEU	b	3	118	92.80	8.9e-22	1	120	00bac0
1047	RF00001	8IE3	5	1	119	114.60	1.5e-27	1	120	00bac0
1048	RF00001	9QF5	B2	3	124	81.40	9.6e-19	1	120	00bac0
1049	RF00001	4L71	YB	3	119	112.30	6.1e-27	1	120	00bac0
1050	RF00001	5DGV	7	1	121	90.80	3e-21	1	120	00bac0
1051	RF00001	5J8A	CB	3	118	92.80	8.9e-22	1	120	00bac0
1052	RF00001	6GC0	B	3	118	92.80	8.9e-22	1	120	00bac0
1053	RF00001	7ASO	C	1	114	72.80	1.6e-16	1	120	00bac0
1054	RF00001	7N30	5	3	118	92.80	8.9e-22	1	120	00bac0
1055	RF00001	7PAK	4	1	108	73.70	9e-17	1	120	00bac0
1056	RF00001	7XAM	B	3	116	84.10	1.7e-19	1	120	00bac0
1057	RF00001	8BGE	1	3	118	92.80	8.9e-22	1	120	00bac0
1058	RF00001	8E3L	J	2	117	92.80	8.8e-22	1	120	00bac0
1059	RF00001	8P8W	4	1	108	73.70	9e-17	1	120	00bac0
1060	RF00001	1VVJ	RB	3	119	112.30	6.1e-27	1	120	00bac0
1061	RF00001	3G4S	9	1	121	81.20	1.1e-18	1	120	00bac0
1062	RF00001	5MDZ	3	3	118	92.80	8.9e-22	1	120	00bac0
1063	RF00001	6OPE	YB	3	119	112.30	6.1e-27	1	120	00bac0
1064	RF00001	6SV4	YR	1	121	90.80	3e-21	1	120	00bac0
1065	RF00001	6V3A	B	1	115	98.20	3.1e-23	1	120	00bac0
1066	RF00001	6XHY	1B	3	119	112.30	6.1e-27	1	120	00bac0
1067	RF00001	8G61	L7	1	119	114.60	1.5e-27	1	120	00bac0
1068	RF00001	8G6J	L7	1	119	114.60	1.5e-27	1	120	00bac0
1069	RF00001	4V4G	HA	2	118	83.40	2.6e-19	1	120	00bac0
1070	RF00001	6BY1	CB	2	117	92.80	8.8e-22	1	120	00bac0
1071	RF00001	7AQC	B	1	111	91.80	1.5e-21	3	117	00bac0
1072	RF00001	7O7Y	B7	1	119	114.60	1.5e-27	1	120	00bac0
1073	RF00001	7SS9	2	3	118	92.80	8.9e-22	1	120	00bac0
1074	RF00001	8CGK	b	3	118	92.80	8.9e-22	1	120	00bac0
1075	RF00001	8QOA	b	3	118	92.80	8.9e-22	1	120	00bac0
1076	RF00001	9AXU	3	7	125	108.70	1.1e-25	1	120	00bac0
1077	RF00001	9B0F	L7	1	119	114.60	1.5e-27	1	120	00bac0
1078	RF00001	4V54	BA	3	118	92.80	8.9e-22	1	120	00bac0
1079	RF00001	4V5K	DB	3	119	112.30	6.1e-27	1	120	00bac0
1080	RF00001	6ENU	B	3	118	92.80	8.9e-22	1	120	00bac0
1081	RF00001	6N8M	B	1	121	90.80	3e-21	1	120	00bac0
1082	RF00001	6ORD	YB	3	119	112.30	6.1e-27	1	120	00bac0
1083	RF00001	6PC5	J	2	117	92.80	8.8e-22	1	120	00bac0
1084	RF00001	6SJ6	B	1	115	88.30	1.3e-20	1	120	00bac0
1085	RF00001	6XIQ	3	1	121	83.50	2.6e-19	1	120	00bac0
1086	RF00001	7NSP	B	3	118	92.80	8.9e-22	1	120	00bac0
1087	RF00001	7OHQ	3	1	121	90.80	3e-21	1	120	00bac0
1088	RF00001	7Y7C	b	3	118	92.80	8.9e-22	1	120	00bac0
1089	RF00001	7ZP8	a	3	118	92.80	8.9e-22	1	120	00bac0
1090	RF00001	8E48	J	2	117	92.80	8.8e-22	1	120	00bac0
1091	RF00001	8K2C	L7	1	119	114.60	1.5e-27	1	120	00bac0
1092	RF00001	3CD6	9	1	121	81.20	1.1e-18	1	120	00bac0
1093	RF00001	4V6W	A7	1	119	93.80	4.7e-22	1	120	00bac0
1094	RF00001	4WSM	1J	5	121	112.30	6.1e-27	1	120	00bac0
1095	RF00001	5FCI	7	1	121	90.80	3e-21	1	120	00bac0
1096	RF00001	5ZLU	X	5	121	112.30	6.2e-27	1	120	00bac0
1097	RF00001	6GSK	16	5	121	112.30	6.1e-27	1	120	00bac0
1098	RF00001	6QDW	a	3	118	92.80	8.9e-22	1	120	00bac0
1099	RF00001	6VYY	d	3	118	92.80	8.9e-22	1	120	00bac0
1100	RF00001	7JSS	2	3	118	92.80	8.9e-22	1	120	00bac0
1101	RF00001	7OYB	71	1	119	117.10	3.3e-28	1	120	00bac0
1102	RF00001	7PJT	B	3	118	92.80	8.9e-22	1	120	00bac0
1103	RF00001	4V7F	3	1	121	90.80	3e-21	1	120	00bac0
1104	RF00001	4V83	DB	3	119	112.30	6e-27	1	120	00bac0
1105	RF00001	4V8B	BB	5	121	112.30	6.1e-27	1	120	00bac0
1106	RF00001	4YZV	RB	5	121	112.30	6.2e-27	1	120	00bac0
1107	RF00001	5JVH	Y	5	121	83.40	2.7e-19	1	120	00bac0
1108	RF00001	6GWT	B	3	118	92.80	8.9e-22	1	120	00bac0
1109	RF00001	6O8W	B	1	116	100.30	8.9e-24	1	120	00bac0
1110	RF00001	6WD4	2	3	118	92.80	8.9e-22	1	120	00bac0
1111	RF00001	6ZTJ	BB	3	118	92.80	8.9e-22	1	120	00bac0
1112	RF00001	7MT3	B	2	114	86.30	4.5e-20	1	120	00bac0
1113	RF00001	7QV1	B	1	111	91.80	1.5e-21	3	117	00bac0
1114	RF00001	9NLJ	R2	3	118	92.80	8.9e-22	1	120	00bac0
1115	RF00001	9O3J	1B	3	119	112.30	6.1e-27	1	120	00bac0
1116	RF00001	3CCS	9	1	121	81.20	1.1e-18	1	120	00bac0
1117	RF00001	4U25	BB	3	118	92.80	8.9e-22	1	120	00bac0
1118	RF00001	4V7K	BB	3	119	112.30	6e-27	1	120	00bac0
1119	RF00001	6IP8	1B	1	119	114.60	1.5e-27	1	120	00bac0
1120	RF00001	6Q95	3	3	119	112.30	6e-27	1	120	00bac0
1121	RF00001	6Y69	B	3	118	92.80	8.9e-22	1	120	00bac0
1122	RF00001	7K52	2	3	118	92.80	8.9e-22	1	120	00bac0
1123	RF00001	8BRM	LE	1	119	82.50	4.6e-19	1	120	00bac0
1124	RF00001	9MOR	4	3	118	92.80	8.9e-22	1	120	00bac0
1125	RF00001	4U4Y	7	1	121	90.80	3e-21	1	120	00bac0
1126	RF00001	4V4Y	BB	5	121	112.30	6.2e-27	1	120	00bac0
1127	RF00001	4V5E	DB	3	119	112.30	6.1e-27	1	120	00bac0
1128	RF00001	4V8O	BB	5	121	112.30	6.1e-27	1	120	00bac0
1129	RF00001	4V9P	EB	3	118	92.80	8.9e-22	1	120	00bac0
1130	RF00001	5NDG	7	1	121	90.80	3e-21	1	120	00bac0
1131	RF00001	6Q8Y	BR	1	121	90.80	3e-21	1	120	00bac0
1132	RF00001	7CPU	L7	1	119	114.60	1.5e-27	1	120	00bac0
1133	RF00001	8BHJ	1	3	118	92.80	8.9e-22	1	120	00bac0
1134	RF00001	8BIL	1	3	118	92.80	8.9e-22	1	120	00bac0
1135	RF00001	8CQ7	AT	1	121	80.20	1.8e-18	1	120	00bac0
1136	RF00001	8IPY	3	1	119	106.90	1.6e-25	1	120	00bac0
1137	RF00001	8PV3	C4	1	119	87.80	1.9e-20	1	119	00bac0
1138	RF00001	9AXT	B3	7	125	108.70	1.1e-25	1	120	00bac0
1139	RF00001	9GHE	b	3	118	92.80	8.9e-22	1	120	00bac0
1140	RF00001	9NLB	R2	3	118	92.80	8.9e-22	1	120	00bac0
1141	RF00001	3JCJ	0	2	117	92.80	8.8e-22	1	120	00bac0
1142	RF00001	5T2C	B	1	119	114.60	1.5e-27	1	120	00bac0
1143	RF00001	6ORE	3	3	118	92.80	8.9e-22	1	120	00bac0
1144	RF00001	6OXA	RB	5	121	112.30	6.2e-27	1	120	00bac0
1145	RF00001	6R86	3	1	121	90.80	3e-21	1	120	00bac0
1146	RF00001	7K53	2	3	118	92.80	8.9e-22	1	120	00bac0
1147	RF00001	7PJV	B	3	118	92.80	8.9e-22	1	120	00bac0
1148	RF00001	7RQB	2B	3	119	112.30	6.1e-27	1	120	00bac0
1149	RF00001	7ZQ6	a	3	118	92.80	8.9e-22	1	120	00bac0
1150	RF00001	8J1Z	b	3	118	92.80	8.9e-22	1	120	00bac0
1151	RF00001	8RWG	C	3	118	104.20	8.6e-25	1	120	00bac0
1152	RF00001	8UD8	1B	3	119	112.30	6.1e-27	1	120	00bac0
1153	RF00001	9GFT	AW	3	118	92.80	8.9e-22	1	120	00bac0
1154	RF00001	9MTP	1B	3	119	112.30	6.1e-27	1	120	00bac0
1155	RF00001	4L71	RB	3	119	112.30	6.1e-27	1	120	00bac0
1156	RF00001	4V6U	B3	1	120	84.80	1.2e-19	3	120	00bac0
1157	RF00001	4V7L	DB	3	119	112.30	6.1e-27	1	120	00bac0
1158	RF00001	5CZP	YB	3	119	112.30	6.1e-27	1	120	00bac0
1159	RF00001	5LZE	B	3	118	92.80	8.9e-22	1	120	00bac0
1160	RF00001	5MC6	BR	1	121	90.80	3e-21	1	120	00bac0
1161	RF00001	5O60	B	3	116	84.10	1.7e-19	1	120	00bac0
1162	RF00001	5ZZM	M	3	118	92.80	8.9e-22	1	120	00bac0
1163	RF00001	6T7T	C4	1	121	90.80	3e-21	1	120	00bac0
1164	RF00001	6ZTM	BB	3	118	92.80	8.9e-22	1	120	00bac0
1165	RF00001	7UQZ	3	1	121	90.80	3e-21	1	120	00bac0
1166	RF00001	8UIY	L7	1	119	114.60	1.5e-27	1	120	00bac0
1167	RF00001	8UVS	2B	3	119	112.30	6.1e-27	1	120	00bac0
1168	RF00001	9BH5	A7	1	119	110.80	1.5e-26	1	120	00bac0
1169	RF00001	3CCU	9	1	121	81.20	1.1e-18	1	120	00bac0
1170	RF00001	4V50	BA	3	118	92.80	8.9e-22	1	120	00bac0
1171	RF00001	5GAF	B	3	118	92.80	8.9e-22	1	120	00bac0
1172	RF00001	5HD1	2B	3	119	112.30	6.1e-27	1	120	00bac0
1173	RF00001	6FKR	2B	3	119	112.30	6e-27	1	120	00bac0
1174	RF00001	6GQ1	3	1	121	90.80	3e-21	1	120	00bac0
1175	RF00001	7PZY	3	1	121	80.20	1.8e-18	1	120	00bac0
1176	RF00001	8OI5	AT	1	121	80.20	1.8e-18	1	120	00bac0
1177	RF00001	8PEG	8	3	118	92.80	8.9e-22	1	120	00bac0
1178	RF00001	8VUP	3	3	118	92.80	8.9e-22	1	120	00bac0
1179	RF00001	9MTR	1B	3	119	112.30	6.1e-27	1	120	00bac0
1180	RF00001	4LSK	YB	3	119	112.30	6.1e-27	1	120	00bac0
1181	RF00001	4V4J	x	3	119	112.30	6e-27	1	120	00bac0
1182	RF00001	4V8X	BB	3	119	112.30	6e-27	1	120	00bac0
1183	RF00001	4V90	BB	5	121	112.30	6.1e-27	1	120	00bac0
1184	RF00001	4WZO	16	5	121	112.30	6.1e-27	1	120	00bac0
1185	RF00001	5DGF	3	1	121	90.80	3e-21	1	120	00bac0
1186	RF00001	5HCQ	2B	3	119	112.30	6.1e-27	1	120	00bac0
1187	RF00001	7P48	B	1	115	88.30	1.3e-20	1	120	00bac0
1188	RF00001	7UQB	3	1	121	90.80	3e-21	1	120	00bac0
1189	RF00001	7Z3O	3	1	120	96.30	1e-22	1	120	00bac0
1190	RF00001	8A57	B	1	113	87.90	1.7e-20	2	118	00bac0
1191	RF00001	8FON	YB	3	119	112.30	6.1e-27	1	120	00bac0
1192	RF00001	8UD8	2B	3	119	112.30	6.1e-27	1	120	00bac0
1193	RF00001	9HL9	L8	5	123	93.60	5.6e-22	1	120	00bac0
1194	RF00001	3J7Q	7	1	119	114.60	1.5e-27	1	120	00bac0
1195	RF00001	4LEL	RB	3	119	112.30	6.1e-27	1	120	00bac0
1196	RF00001	4LFZ	YB	3	119	112.30	6.1e-27	1	120	00bac0
1197	RF00001	4UG0	L7	1	119	114.60	1.5e-27	1	120	00bac0
1198	RF00001	5JUP	D	1	121	90.80	3e-21	1	120	00bac0
1199	RF00001	5W4K	1B	3	119	112.30	6.1e-27	1	120	00bac0
1200	RF00001	6BUW	RB	3	119	112.30	6.1e-27	1	120	00bac0
1201	RF00001	6LU8	5	1	119	114.60	1.5e-27	1	120	00bac0
1202	RF00001	6TNN	V	1	116	104.80	5.7e-25	1	120	00bac0
1203	RF00001	6ZU5	L70	1	119	102.20	2.8e-24	1	120	00bac0
1204	RF00001	8AGV	h	1	121	90.80	3e-21	1	120	00bac0
1205	RF00001	8CVL	2B	3	119	112.30	6.1e-27	1	120	00bac0
1206	RF00001	4W2F	BB	3	119	112.30	6.1e-27	1	120	00bac0
1207	RF00001	5IMR	E	5	121	112.30	6.2e-27	1	120	00bac0
1208	RF00001	5W4K	2B	3	119	112.30	6.1e-27	1	120	00bac0
1209	RF00001	8C8X	B	3	118	92.80	8.9e-22	1	120	00bac0
1210	RF00001	8HL1	A5S	4	122	62.60	8.6e-14	1	120	00bac0
1211	RF00001	8P2G	B	1	115	88.30	1.3e-20	1	120	00bac0
1212	RF00001	8T3E	A3	1	121	90.80	3e-21	1	120	00bac0
1213	RF00001	9E7F	2	6	126	73.10	1.5e-16	1	120	00bac0
1214	RF00001	4U3M	7	1	121	90.80	3e-21	1	120	00bac0
1215	RF00001	6DNC	C	3	118	92.80	8.9e-22	1	120	00bac0
1216	RF00001	6ND6	1B	3	119	112.30	6.1e-27	1	120	00bac0
1217	RF00001	6ND6	2B	3	119	112.30	6.1e-27	1	120	00bac0
1218	RF00001	6WDA	2	3	118	92.80	8.9e-22	1	120	00bac0
1219	RF00001	9DFE	2B	3	119	112.30	6.1e-27	1	120	00bac0
1220	RF00001	1NKW	9	5	121	83.40	2.8e-19	1	120	00bac0
1221	RF00001	3JCT	3	1	121	90.80	3e-21	1	120	00bac0
1222	RF00001	4WT8	Cs	3	119	112.30	6e-27	1	120	00bac0
1223	RF00001	4Z3S	1B	3	119	112.30	6.1e-27	1	120	00bac0
1224	RF00001	5GAH	B	3	118	92.80	8.9e-22	1	120	00bac0
1225	RF00001	6DZI	B	3	116	84.10	1.7e-19	1	120	00bac0
1226	RF00001	7PAR	4	1	108	73.70	9e-17	1	120	00bac0
1227	RF00001	7PJU	B	3	118	92.80	8.9e-22	1	120	00bac0
1228	RF00001	7RYF	B	1	115	98.20	3.1e-23	1	120	00bac0
1229	RF00001	8E45	J	2	117	92.80	8.8e-22	1	120	00bac0
1230	RF00001	8EKB	2B	3	119	112.30	6.1e-27	1	120	00bac0
1231	RF00001	8UZG	3	3	118	92.80	8.9e-22	1	120	00bac0
1232	RF00001	9B0S	l7	1	119	114.60	1.5e-27	1	120	00bac0
1233	RF00001	9B11	L7	1	119	114.60	1.5e-27	1	120	00bac0
1234	RF00001	4U3U	3	1	121	90.80	3e-21	1	120	00bac0
1235	RF00001	4V9C	DB	3	118	92.80	8.9e-22	1	120	00bac0
1236	RF00001	4V9O	AB	3	118	92.80	8.9e-22	1	120	00bac0
1237	RF00001	4WF1	DB	3	118	92.80	8.9e-22	1	120	00bac0
1238	RF00001	5WE6	B	3	118	92.80	8.9e-22	1	120	00bac0
1239	RF00001	6QUL	B	3	118	92.80	8.9e-22	1	120	00bac0
1240	RF00001	6S47	AB	1	121	90.80	3e-21	1	120	00bac0
1241	RF00001	7O80	B7	1	118	106.60	1.9e-25	1	120	00bac0
1242	RF00001	7TOO	A5S	1	121	90.80	3e-21	1	120	00bac0
1243	RF00001	8IPX	3	1	119	106.90	1.6e-25	1	120	00bac0
1244	RF00001	9MTT	1B	3	119	112.30	6.1e-27	1	120	00bac0
1245	RF00001	9QQA	B7	1	119	114.60	1.5e-27	1	120	00bac0
1246	RF00001	9QQB	B7	1	119	114.60	1.5e-27	1	120	00bac0
1247	RF00001	3G71	9	1	121	81.20	1.1e-18	1	120	00bac0
1248	RF00001	6XIR	3	1	121	83.50	2.6e-19	1	120	00bac0
1249	RF00001	6ZM7	L7	1	119	114.60	1.5e-27	1	120	00bac0
1250	RF00001	8C8Z	B	3	118	92.80	8.9e-22	1	120	00bac0
1251	RF00001	8G2D	1B	3	119	112.30	6.1e-27	1	120	00bac0
1252	RF00001	8Y36	B	1	115	88.30	1.3e-20	1	120	00bac0
1253	RF00001	1VQM	9	1	121	84.50	1.4e-19	1	120	00bac0
1254	RF00001	1Y69	9	5	121	83.40	2.8e-19	1	120	00bac0
1255	RF00001	4V4T	BB	5	121	112.30	6.2e-27	1	120	00bac0
1256	RF00001	4V5Y	BA	3	118	92.80	8.9e-22	1	120	00bac0
1257	RF00001	4V72	BB	2	117	92.80	8.8e-22	1	120	00bac0
1258	RF00001	4Y4O	1B	3	119	112.30	6.1e-27	1	120	00bac0
1259	RF00001	5JVG	Y	5	121	83.40	2.8e-19	1	120	00bac0
1260	RF00001	5T7V	C	1	114	83.00	3.2e-19	1	120	00bac0
1261	RF00001	6PPF	B	1	116	104.80	5.8e-25	1	120	00bac0
1262	RF00001	7N1P	5	3	118	92.80	8.9e-22	1	120	00bac0
1263	RF00001	8EUI	9	51	169	108.70	1e-25	1	120	00bac0
1264	RF00001	8ZHB	LB	1	121	90.80	3e-21	1	120	00bac0
1265	RF00001	4V8E	AB	5	121	112.30	6.1e-27	1	120	00bac0
1266	RF00001	4V9Q	AB	3	119	112.30	6e-27	1	120	00bac0
1267	RF00001	5EL5	16	5	121	112.30	6.1e-27	1	120	00bac0
1268	RF00001	5U9F	02	3	118	92.80	8.9e-22	1	120	00bac0
1269	RF00001	5WF0	B	3	118	92.80	8.9e-22	1	120	00bac0
1270	RF00001	6OLF	E	1	119	114.60	1.5e-27	1	120	00bac0
1271	RF00001	6P5J	7	1	119	114.60	1.5e-27	1	120	00bac0
1272	RF00001	6QZP	L7	1	119	114.60	1.5e-27	1	120	00bac0
1273	RF00001	6VWL	3	3	118	92.80	8.9e-22	1	120	00bac0
1274	RF00001	6WDL	2	3	118	92.80	8.9e-22	1	120	00bac0
1275	RF00001	6XGF	d	3	118	92.80	8.9e-22	1	120	00bac0
1276	RF00001	8G31	A	2	117	92.80	8.7e-22	1	120	00bac0
1277	RF00001	1M1K	B	1	121	84.50	1.4e-19	1	120	00bac0
1278	RF00001	1SM1	9	5	121	83.40	2.8e-19	1	120	00bac0
1279	RF00001	4U50	7	1	121	90.80	3e-21	1	120	00bac0
1280	RF00001	4U6F	3	1	121	90.80	3e-21	1	120	00bac0
1281	RF00001	4V5D	BB	3	119	112.30	6.1e-27	1	120	00bac0
1282	RF00001	6FT6	3	1	121	90.80	3e-21	1	120	00bac0
1283	RF00001	6GZZ	B2	5	121	112.30	6.1e-27	1	120	00bac0
1284	RF00001	6MTE	7	1	119	114.60	1.5e-27	1	120	00bac0
1285	RF00001	6WYV	J	2	117	92.80	8.8e-22	1	120	00bac0
1286	RF00001	7PAM	4	1	108	73.70	9e-17	1	120	00bac0
1287	RF00001	7PHC	4	1	108	73.70	9e-17	1	120	00bac0
1288	RF00001	8HSP	b	3	118	92.80	8.9e-22	1	120	00bac0
1289	RF00001	8PVL	C4	1	119	87.80	1.9e-20	1	119	00bac0
1290	RF00001	1VY6	DB	3	119	112.30	6.1e-27	1	120	00bac0
1291	RF00001	4U51	7	1	121	90.80	3e-21	1	120	00bac0
1292	RF00001	6B4V	GB	3	119	112.30	6e-27	1	120	00bac0
1293	RF00001	6O9J	A	2	117	92.80	8.7e-22	1	120	00bac0
1294	RF00001	6PCT	J	2	117	92.80	8.8e-22	1	120	00bac0
1295	RF00001	6WDD	2	3	118	92.80	8.9e-22	1	120	00bac0
1296	RF00001	6X7F	d	3	118	92.80	8.9e-22	1	120	00bac0
1297	RF00001	7BT6	3	1	121	90.80	3e-21	1	120	00bac0
1298	RF00001	8BQX	BR	1	121	90.80	3e-21	1	120	00bac0
1299	RF00001	8BTK	B7	1	119	114.60	1.5e-27	1	120	00bac0
1300	RF00001	9C4G	b	3	119	107.30	1.3e-25	1	120	00bac0
1301	RF00001	9GY4	7	1	119	114.60	1.5e-27	1	120	00bac0
1302	RF00001	4L47	RB	3	119	112.30	6.1e-27	1	120	00bac0
1303	RF00001	4V8U	DB	5	121	112.30	6.1e-27	1	120	00bac0
1304	RF00001	5E7K	1J	5	121	112.30	6.1e-27	1	120	00bac0
1305	RF00001	6D90	7	1	119	114.60	1.5e-27	1	120	00bac0
1306	RF00001	6MTC	7	1	119	114.60	1.5e-27	1	120	00bac0
1307	RF00001	7Z34	2	1	121	90.80	3e-21	1	120	00bac0
1308	RF00001	8CRE	AT	1	121	80.20	1.8e-18	1	120	00bac0
1309	RF00001	8IFE	1B	1	119	114.60	1.5e-27	1	120	00bac0
1310	RF00001	8ZTU	b	3	118	92.80	8.9e-22	1	120	00bac0
1311	RF00001	4V4G	BA	2	118	83.40	2.6e-19	1	120	00bac0
1312	RF00001	4W29	DB	3	119	112.30	6e-27	1	120	00bac0
1313	RF00001	5DC3	7	1	121	90.80	3e-21	1	120	00bac0
1314	RF00001	6XHX	2B	3	119	112.30	6.1e-27	1	120	00bac0
1315	RF00001	6YSS	B	3	118	92.80	8.9e-22	1	120	00bac0
1316	RF00001	7PIR	4	1	108	73.70	9e-17	1	120	00bac0
1317	RF00001	7PIT	4	1	108	73.70	9e-17	1	120	00bac0
1318	RF00001	7QGR	O	3	118	92.80	8.9e-22	1	120	00bac0
1319	RF00001	7TTW	2	1	115	84.20	1.6e-19	1	120	00bac0
1320	RF00001	7UNW	B	3	118	104.20	8.6e-25	1	120	00bac0
1321	RF00001	7V08	3	1	121	90.80	3e-21	1	120	00bac0
1322	RF00001	8E35	J	2	117	92.80	8.8e-22	1	120	00bac0
1323	RF00001	8EMM	b	3	118	92.80	8.9e-22	1	120	00bac0
1324	RF00001	8RCM	82	3	118	92.80	8.9e-22	1	120	00bac0
1325	RF00001	8UJK	L7	1	119	114.60	1.5e-27	1	120	00bac0
1326	RF00001	8VTW	1B	3	119	112.30	6.1e-27	1	120	00bac0
1327	RF00001	8VVR	XA	1	119	114.60	1.5e-27	1	120	00bac0
1328	RF00001	9O3H	2B	3	119	112.30	6.1e-27	1	120	00bac0
1329	RF00001	1XBP	9	5	121	83.40	2.8e-19	1	120	00bac0
1330	RF00001	4V57	DA	3	118	92.80	8.9e-22	1	120	00bac0
1331	RF00001	4V5Q	BB	5	121	112.30	6.1e-27	1	120	00bac0
1332	RF00001	4XEJ	A5S	3	119	112.30	6e-27	1	120	00bac0
1333	RF00001	5MDW	3	3	118	92.80	8.9e-22	1	120	00bac0
1334	RF00001	5V8I	1B	3	119	112.30	6e-27	1	120	00bac0
1335	RF00001	5VP2	2B	3	119	112.30	6.1e-27	1	120	00bac0
1336	RF00001	6SV4	ZR	1	121	90.80	3e-21	1	120	00bac0
1337	RF00001	6XDR	d	3	118	92.80	8.9e-22	1	120	00bac0
1338	RF00001	7PAQ	4	1	108	73.70	9e-17	1	120	00bac0
1339	RF00001	7QWR	7	1	119	114.60	1.5e-27	1	120	00bac0
1340	RF00001	8C95	B	3	118	92.80	8.9e-22	1	120	00bac0
1341	RF00001	8EV7	2B	3	119	112.30	6.1e-27	1	120	00bac0
1342	RF00001	8IDY	5	1	119	114.60	1.5e-27	1	120	00bac0
1343	RF00001	8RJB	u	1	119	114.60	1.5e-27	1	120	00bac0
1344	RF00001	8Y5T	2	3	118	92.80	8.9e-22	1	120	00bac0
1345	RF00001	9D7S	1B	3	119	112.30	6.1e-27	1	120	00bac0
1346	RF00001	9HA6	B	3	118	92.80	8.9e-22	1	120	00bac0
1347	RF00001	4V4S	BB	5	121	112.30	6.2e-27	1	120	00bac0
1348	RF00001	4V6K	AA	3	118	92.80	8.9e-22	1	120	00bac0
1349	RF00001	6BZ8	YB	3	119	112.30	6.1e-27	1	120	00bac0
1350	RF00001	6DDG	2	1	115	88.30	1.3e-20	1	120	00bac0
1351	RF00001	6ZVK	d2	1	119	114.60	1.5e-27	1	120	00bac0
1352	RF00001	7TOQ	A5S	1	119	114.60	1.5e-27	1	120	00bac0
1353	RF00001	8BF7	1	3	118	92.80	8.9e-22	1	120	00bac0
1354	RF00001	8CCS	BB	1	121	90.80	3e-21	1	120	00bac0
1355	RF00001	8FRU	3	1	120	88.30	1.4e-20	1	120	00bac0
1356	RF00001	8QOI	L7	1	119	114.60	1.5e-27	1	120	00bac0
1357	RF00001	9QT5	2	1	117	101.10	5.6e-24	1	120	00bac0
1358	RF00001	4V53	BA	3	118	92.80	8.9e-22	1	120	00bac0
1359	RF00001	4V8E	CB	5	121	112.30	6.1e-27	1	120	00bac0
1360	RF00001	4Y4O	2B	3	119	112.30	6.1e-27	1	120	00bac0
1361	RF00001	5J5B	CB	3	118	92.80	8.9e-22	1	120	00bac0
1362	RF00001	6Z6M	L7	1	119	114.60	1.5e-27	1	120	00bac0
1363	RF00001	7PAU	4	1	108	73.70	9e-17	1	120	00bac0
1364	RF00001	7RQD	2B	3	119	112.30	6.1e-27	1	120	00bac0
1365	RF00001	7S1J	J	3	118	92.80	8.9e-22	1	120	00bac0
1366	RF00001	8PNN	AS	1	121	90.80	3e-21	1	120	00bac0
1367	RF00001	8PVK	C4	1	119	87.80	1.9e-20	1	119	00bac0
1368	RF00001	8RJC	u	1	119	114.60	1.5e-27	1	120	00bac0
1369	RF00001	8UPO	d	3	118	92.80	8.9e-22	1	120	00bac0
1370	RF00001	8VPK	B	3	116	84.10	1.7e-19	1	120	00bac0
1371	RF00001	8VVV	7	1	119	114.60	1.5e-27	1	120	00bac0
1372	RF00001	4V54	DA	3	118	92.80	8.9e-22	1	120	00bac0
1373	RF00001	5HCQ	1B	3	119	112.30	6.1e-27	1	120	00bac0
1374	RF00001	5NDW	7	1	121	90.80	3e-21	1	120	00bac0
1375	RF00001	6HHQ	3	1	121	90.80	3e-21	1	120	00bac0
1376	RF00001	6N8L	2	1	121	90.80	3e-21	1	120	00bac0
1377	RF00001	6NUO	YB	3	119	112.30	6.1e-27	1	120	00bac0
1378	RF00001	6WDF	2	3	118	92.80	8.9e-22	1	120	00bac0
1379	RF00001	6XZ7	B	3	118	92.80	8.9e-22	1	120	00bac0
1380	RF00001	8UU9	B	1	116	101.60	4e-24	1	120	00bac0
1381	RF00001	9GHH	B	1	115	88.30	1.3e-20	1	120	00bac0
1382	RF00001	9N2C	5	3	118	90.40	3.8e-21	1	120	00bac0
1383	RF00001	3JBV	a	3	118	92.80	8.9e-22	1	120	00bac0
1384	RF00001	4LEL	YB	3	119	112.30	6.1e-27	1	120	00bac0
1385	RF00001	4V66	BA	2	117	92.80	8.7e-22	1	120	00bac0
1386	RF00001	5J91	CB	3	118	92.80	8.9e-22	1	120	00bac0
1387	RF00001	6O90	B	1	116	100.30	8.9e-24	1	120	00bac0
1388	RF00001	6S13	B	1	115	88.30	1.3e-20	1	120	00bac0
1389	RF00001	6XHW	1B	3	119	112.30	6.1e-27	1	120	00bac0
1390	RF00001	7MSM	B	2	114	86.30	4.5e-20	1	120	00bac0
1391	RF00001	7RYH	B	1	115	98.20	3.1e-23	1	120	00bac0
1392	RF00001	8BTR	LE	1	119	82.50	4.6e-19	1	120	00bac0
1393	RF00001	8CVJ	2B	3	119	112.30	6.1e-27	1	120	00bac0
1394	RF00001	8E32	J	2	117	92.80	8.8e-22	1	120	00bac0
1395	RF00001	8UD7	1B	3	119	112.30	6.1e-27	1	120	00bac0
1396	RF00001	8UJJ	L7	1	119	114.60	1.5e-27	1	120	00bac0
1397	RF00001	8UVR	1B	3	119	112.30	6.1e-27	1	120	00bac0
1398	RF00001	8V9L	B	3	116	84.10	1.7e-19	1	120	00bac0
1399	RF00001	8Y5R	2	3	118	92.80	8.9e-22	1	120	00bac0
1400	RF00001	9AZS	L7	1	119	114.60	1.5e-27	1	120	00bac0
1401	RF00001	9NKL	R2	3	118	92.80	8.9e-22	1	120	00bac0
1402	RF00001	9RTU	B	3	118	92.80	8.9e-22	1	120	00bac0
1403	RF00001	1VY7	DB	3	119	112.30	6.1e-27	1	120	00bac0
1404	RF00001	3JQ4	B	2	118	83.40	2.6e-19	1	120	00bac0
1405	RF00001	4LNT	YB	3	119	112.30	6.1e-27	1	120	00bac0
1406	RF00001	4W2H	DB	3	119	112.30	6.1e-27	1	120	00bac0
1407	RF00001	4WOI	CB	3	118	92.80	8.9e-22	1	120	00bac0
1408	RF00001	5FCI	3	1	121	90.80	3e-21	1	120	00bac0
1409	RF00001	5NGM	AB	1	115	88.30	1.3e-20	1	120	00bac0
1410	RF00001	6T7I	C4	1	121	90.80	3e-21	1	120	00bac0
1411	RF00001	6VZ7	d	3	118	92.80	8.9e-22	1	120	00bac0
1412	RF00001	8G5Z	L7	1	119	114.60	1.5e-27	1	120	00bac0
1413	RF00001	9O3L	2B	3	119	112.30	6.1e-27	1	120	00bac0
1414	RF00001	4U25	DB	3	118	92.80	8.9e-22	1	120	00bac0
1415	RF00001	6C5L	BB	3	119	112.30	6.1e-27	1	120	00bac0
1416	RF00001	6CFK	2B	3	119	112.30	6.1e-27	1	120	00bac0
1417	RF00001	6W6L	E	1	119	114.60	1.5e-27	1	120	00bac0
1418	RF00001	7OYD	K	1	119	114.60	1.5e-27	1	120	00bac0
1419	RF00001	7ZJX	L7	1	119	114.60	1.5e-27	1	120	00bac0
1420	RF00001	7ZPQ	4	1	121	90.80	3e-21	1	120	00bac0
1421	RF00001	8CD1	B	3	118	104.20	8.6e-25	1	120	00bac0
1422	RF00001	9B1X	U	3	116	84.10	1.7e-19	1	120	00bac0
1423	RF00001	9NLH	R2	3	118	92.80	8.9e-22	1	120	00bac0
1424	RF00001	9O3L	1B	3	119	112.30	6.1e-27	1	120	00bac0
1425	RF00001	1VQ4	9	1	121	84.50	1.4e-19	1	120	00bac0
1426	RF00001	4WQY	CB	3	119	112.30	6.1e-27	1	120	00bac0
1427	RF00001	5HCR	2B	3	119	112.30	6.1e-27	1	120	00bac0
1428	RF00001	5J4C	2B	3	119	112.30	6.1e-27	1	120	00bac0
1429	RF00001	5TCU	C	1	114	72.80	1.6e-16	1	120	00bac0
1430	RF00001	6WD3	2	3	118	92.80	8.9e-22	1	120	00bac0
1431	RF00001	7NSO	B	3	118	92.80	8.9e-22	1	120	00bac0
1432	RF00001	8VOQ	d	3	118	92.80	8.9e-22	1	120	00bac0
1433	RF00001	9F1B	B7	1	118	106.60	1.9e-25	1	120	00bac0
1434	RF00001	9RTV	B	3	118	92.80	8.9e-22	1	120	00bac0
1435	RF00001	4V5Z	BY	2	113	87.70	1.8e-20	1	120	00bac0
1436	RF00001	5FCJ	7	1	121	90.80	3e-21	1	120	00bac0
1437	RF00001	6OLG	A4	1	119	114.60	1.5e-27	1	120	00bac0
1438	RF00001	6OTR	YB	5	121	112.30	6.2e-27	1	120	00bac0
1439	RF00001	6TB3	BR	1	121	90.80	3e-21	1	120	00bac0
1440	RF00001	6ZME	L7	1	119	114.60	1.5e-27	1	120	00bac0
1441	RF00001	7LH5	DB	3	119	112.30	6.1e-27	1	120	00bac0
1442	RF00001	8FC3	1B	3	119	112.30	6.1e-27	1	120	00bac0
1443	RF00001	8FR8	B	3	116	84.10	1.7e-19	1	120	00bac0
1444	RF00001	8OO0	3	1	120	96.30	1e-22	1	120	00bac0
1445	RF00001	8T8C	2B	3	119	112.30	6.1e-27	1	120	00bac0
1446	RF00001	8VK0	B	3	116	84.10	1.7e-19	1	120	00bac0
1447	RF00001	3J9Y	B	3	118	92.80	8.9e-22	1	120	00bac0
1448	RF00001	4U4U	3	1	121	90.80	3e-21	1	120	00bac0
1449	RF00001	4U53	7	1	121	90.80	3e-21	1	120	00bac0
1450	RF00001	4V7V	BB	2	117	92.80	8.8e-22	1	120	00bac0
1451	RF00001	4WR6	16	5	121	112.30	6.1e-27	1	120	00bac0
1452	RF00001	5HCR	1B	3	119	112.30	6.1e-27	1	120	00bac0
1453	RF00001	5NCO	B	3	118	92.80	8.9e-22	1	120	00bac0
1454	RF00001	6GBZ	B	3	118	92.80	8.9e-22	1	120	00bac0
1455	RF00001	6GC4	B	3	118	92.80	8.9e-22	1	120	00bac0
1456	RF00001	7QWS	7	1	119	114.60	1.5e-27	1	120	00bac0
1457	RF00001	8JDL	E	1	119	114.60	1.5e-27	1	120	00bac0
1458	RF00001	8OVJ	8	5	123	93.60	5.6e-22	1	120	00bac0
1459	RF00001	8VTY	2B	3	119	112.30	6.1e-27	1	120	00bac0
1460	RF00001	4V6D	DB	2	117	92.80	8.7e-22	1	120	00bac0
1461	RF00001	4WSD	1J	5	121	112.30	6.1e-27	1	120	00bac0
1462	RF00001	5J4D	C	3	119	112.30	6e-27	1	120	00bac0
1463	RF00001	6OF6	YB	3	119	112.30	6.1e-27	1	120	00bac0
1464	RF00001	6XQE	2B	3	119	112.30	6.1e-27	1	120	00bac0
1465	RF00001	7B5K	B	3	118	92.80	8.9e-22	1	120	00bac0
1466	RF00001	7LS2	B2	1	119	114.60	1.5e-27	1	120	00bac0
1467	RF00001	7UCJ	7	1	119	114.60	1.5e-27	1	120	00bac0
1468	RF00001	8HL3	A5S	4	122	62.60	8.6e-14	1	120	00bac0
1469	RF00001	1VY5	DB	3	119	112.30	6.1e-27	1	120	00bac0
1470	RF00001	4LT8	RB	3	119	112.30	6.1e-27	1	120	00bac0
1471	RF00001	4V73	BB	2	117	92.80	8.8e-22	1	120	00bac0
1472	RF00001	4V7R	D2	1	121	90.80	3e-21	1	120	00bac0
1473	RF00001	5IB8	16	5	121	112.30	6.1e-27	1	120	00bac0
1474	RF00001	6I0Y	B	2	117	92.80	8.8e-22	1	120	00bac0
1475	RF00001	6S0X	B	1	115	88.30	1.3e-20	1	120	00bac0
1476	RF00001	6SPB	B	2	117	104.20	8.4e-25	1	120	00bac0
1477	RF00001	6YLH	3	1	121	90.80	3e-21	1	120	00bac0
1478	RF00001	7M4W	B	1	115	98.20	3.1e-23	1	120	00bac0
1479	RF00001	7TOR	A5S	1	119	114.60	1.5e-27	1	120	00bac0
1480	RF00001	8CGV	b	3	118	92.80	8.9e-22	1	120	00bac0
1481	RF00001	8E47	J	2	117	92.80	8.8e-22	1	120	00bac0
1482	RF00001	8FLE	L4	1	119	114.60	1.5e-27	1	120	00bac0
1483	RF00001	8Y0U	C4	1	121	90.80	3e-21	1	120	00bac0
1484	RF00001	1VY5	BB	3	119	112.30	6.1e-27	1	120	00bac0
1485	RF00001	3JAN	7	1	119	114.60	1.5e-27	1	120	00bac0
1486	RF00001	4V78	BB	2	117	92.80	8.8e-22	1	120	00bac0
1487	RF00001	4V7D	AB	3	118	92.80	8.9e-22	1	120	00bac0
1488	RF00001	5J4B	2B	3	119	112.30	6.1e-27	1	120	00bac0
1489	RF00001	5T6R	B	1	121	90.80	3e-21	1	120	00bac0
1490	RF00001	7OSA	AB	1	121	90.80	3e-21	1	120	00bac0
1491	RF00001	8E44	J	2	117	92.80	8.8e-22	1	120	00bac0
1492	RF00001	8XSY	L7	1	119	114.60	1.5e-27	1	120	00bac0
1493	RF00001	8Y5S	2	3	118	92.80	8.9e-22	1	120	00bac0
1494	RF00001	9BDL	A5S	1	119	114.60	1.5e-27	1	120	00bac0
1495	RF00001	9D0I	1B	3	119	112.30	6.1e-27	1	120	00bac0
1496	RF00001	3J7R	7	1	119	114.60	1.5e-27	1	120	00bac0
1497	RF00001	6ENF	B	3	118	92.80	8.9e-22	1	120	00bac0
1498	RF00001	6O3M	YB	3	119	112.30	6.1e-27	1	120	00bac0
1499	RF00001	6SZS	B	3	118	92.80	8.9e-22	1	120	00bac0
1500	RF00001	7P3K	b	3	118	92.80	8.9e-22	1	120	00bac0
1501	RF00001	8B0X	b	3	118	92.80	8.9e-22	1	120	00bac0
1502	RF00001	8WV1	B	3	119	112.30	6.1e-27	1	120	00bac0
1503	RF00001	9I5X	B	1	109	76.60	1.5e-17	1	120	00bac0
1504	RF00001	9NJV	R2	3	118	92.80	8.9e-22	1	120	00bac0
1505	RF00001	1S72	9	1	121	84.50	1.4e-19	1	120	00bac0
1506	RF00001	4ZER	1B	3	119	112.30	6e-27	1	120	00bac0
1507	RF00001	5F8K	2B	3	119	112.30	6e-27	1	120	00bac0
1508	RF00001	7AS9	B	1	116	104.80	5.8e-25	1	120	00bac0
1509	RF00001	7QIW	5	1	119	115.30	1e-27	1	120	00bac0
1510	RF00001	7U2I	2B	3	119	112.30	6.1e-27	1	120	00bac0
1511	RF00001	7ZJW	L7	1	118	106.60	1.9e-25	1	120	00bac0
1512	RF00001	8A5I	B	1	113	87.90	1.7e-20	2	118	00bac0
1513	RF00001	8UZ3	3	3	118	92.80	8.9e-22	1	120	00bac0
1514	RF00001	9F9S	L3	1	121	90.80	3e-21	1	120	00bac0
1515	RF00001	1JJ2	9	1	121	84.50	1.4e-19	1	120	00bac0
1516	RF00001	3DLL	Z	5	121	83.40	2.7e-19	1	120	00bac0
1517	RF00001	3J92	7	1	119	114.60	1.5e-27	1	120	00bac0
1518	RF00001	4U6F	7	1	121	90.80	3e-21	1	120	00bac0
1519	RF00001	4V7S	DB	2	117	92.80	8.7e-22	1	120	00bac0
1520	RF00001	5LYB	3	1	121	90.80	3e-21	1	120	00bac0
1521	RF00001	6ZTP	BB	3	118	92.80	8.9e-22	1	120	00bac0
1522	RF00001	8FZF	B	3	118	90.40	3.8e-21	1	120	00bac0
1523	RF00001	8G29	2B	3	119	112.30	6.1e-27	1	120	00bac0
1524	RF00001	9B0R	L7	1	119	114.60	1.5e-27	1	120	00bac0
1525	RF00001	4U1V	DB	3	118	92.80	8.9e-22	1	120	00bac0
1526	RF00001	4U51	3	1	121	90.80	3e-21	1	120	00bac0
1527	RF00001	5LZU	7	1	119	114.60	1.5e-27	1	120	00bac0
1528	RF00001	5T5H	D	1	118	70.80	5.6e-16	1	119	00bac0
1529	RF00001	6OJ2	RB	3	119	112.30	6.1e-27	1	120	00bac0
1530	RF00001	6S12	B	1	115	88.30	1.3e-20	1	120	00bac0
1531	RF00001	6YEF	B	1	115	88.30	1.3e-20	1	120	00bac0
1532	RF00001	7SA4	4	3	118	92.80	8.9e-22	1	120	00bac0
1533	RF00001	7SSD	2	3	118	92.80	8.9e-22	1	120	00bac0
1534	RF00001	8BQD	BR	1	121	90.80	3e-21	1	120	00bac0
1535	RF00001	9NDP	7	1	119	114.60	1.5e-27	1	120	00bac0
1536	RF00001	4V8P	C3	1	119	113.30	3.3e-27	1	120	00bac0
1537	RF00001	5APO	7	1	121	90.80	3e-21	1	120	00bac0
1538	RF00001	5JUS	D	1	121	90.80	3e-21	1	120	00bac0
1539	RF00001	5M1J	34	1	121	90.80	3e-21	1	120	00bac0
1540	RF00001	5MEI	AS	1	121	90.80	3e-21	1	120	00bac0
1541	RF00001	8G6X	b	3	118	92.80	8.9e-22	1	120	00bac0
1542	RF00001	8P2F	B	1	115	88.30	1.3e-20	1	120	00bac0
1543	RF00001	8Q7Z	B7	1	119	111.40	1e-26	1	120	00bac0
1544	RF00001	8VTV	2B	3	119	112.30	6.1e-27	1	120	00bac0
1545	RF00001	4IOC	Y	5	121	83.40	2.7e-19	1	120	00bac0
1546	RF00001	4V6F	AB	5	121	112.30	6.1e-27	1	120	00bac0
1547	RF00001	5EL4	1J	5	121	112.30	6.1e-27	1	120	00bac0
1548	RF00001	5TGA	7	1	121	90.80	3e-21	1	120	00bac0
1549	RF00001	6O9K	X	2	117	92.80	8.8e-22	1	120	00bac0
1550	RF00001	7OIF	3	3	118	92.80	8.9e-22	1	120	00bac0
1551	RF00001	8PV2	C4	1	119	87.80	1.9e-20	1	119	00bac0
1552	RF00001	9F1D	B7	1	119	114.60	1.5e-27	1	120	00bac0
1553	RF00001	4V51	DB	3	119	112.30	6.1e-27	1	120	00bac0
1554	RF00001	5DOX	2B	3	119	112.30	6.1e-27	1	120	00bac0
1555	RF00001	5IT7	7	1	121	90.80	3e-21	1	120	00bac0
1556	RF00001	7PJY	B	3	118	92.80	8.9e-22	1	120	00bac0
1557	RF00001	7ZTA	05S1	3	118	92.80	8.9e-22	1	120	00bac0
1558	RF00001	8FC4	1B	3	119	112.30	6.1e-27	1	120	00bac0
1559	RF00001	8RL2	L7	1	119	114.60	1.5e-27	1	120	00bac0
1560	RF00001	8YDH	2	3	118	92.80	8.9e-22	1	120	00bac0
1561	RF00001	8YUR	b	3	118	92.80	8.9e-22	1	120	00bac0
1562	RF00001	9B0S	L7	1	119	114.60	1.5e-27	1	120	00bac0
1563	RF00001	1M90	B	1	121	84.50	1.4e-19	1	120	00bac0
1564	RF00001	4U56	3	1	121	90.80	3e-21	1	120	00bac0
1565	RF00001	5LZD	B	3	118	92.80	8.9e-22	1	120	00bac0
1566	RF00001	5U4I	B	2	117	92.80	8.8e-22	1	120	00bac0
1567	RF00001	6N9E	1B	3	119	112.30	6.1e-27	1	120	00bac0
1568	RF00001	6WNV	4	1069	1185	59.10	1.8e-11	1	120	00bac0
1569	RF00001	6WQQ	2	1	115	72.00	2.7e-16	1	120	00bac0
1570	RF00001	7PIQ	4	1	108	73.70	9e-17	1	120	00bac0
1571	RF00001	8OJ0	7	1	119	114.60	1.5e-27	1	120	00bac0
1572	RF00001	8VTY	1B	3	119	112.30	6.1e-27	1	120	00bac0
1573	RF00001	9GFT	O	3	118	92.80	8.9e-22	1	120	00bac0
1574	RF00001	4V9L	BB	3	119	112.30	6e-27	1	120	00bac0
1575	RF00001	5EL5	1J	5	121	112.30	6.1e-27	1	120	00bac0
1576	RF00001	6N9E	2B	3	119	112.30	6.1e-27	1	120	00bac0
1577	RF00001	6WU9	B	1	116	100.30	8.9e-24	1	120	00bac0
1578	RF00001	7PAI	4	1	108	73.70	9e-17	1	120	00bac0
1579	RF00001	7RQC	2B	3	119	112.30	6.1e-27	1	120	00bac0
1580	RF00001	8K82	C4	1	121	90.80	3e-21	1	120	00bac0
1581	RF00001	8P16	3	3	118	92.80	8.9e-22	1	120	00bac0
1582	RF00001	8R8M	b	3	118	92.80	8.9e-22	1	120	00bac0
1583	RF00001	9HA4	B	3	118	92.80	8.9e-22	1	120	00bac0
1584	RF00001	2ZJP	Z	5	121	83.40	2.7e-19	1	120	00bac0
1585	RF00001	4LSK	RB	3	119	112.30	6.1e-27	1	120	00bac0
1586	RF00001	4UY8	B	2	117	92.80	8.8e-22	1	120	00bac0
1587	RF00001	6HA8	B	1	111	91.80	1.5e-21	3	117	00bac0
1588	RF00001	6VZ5	d	3	118	92.80	8.9e-22	1	120	00bac0
1589	RF00001	7A01	d2	1	119	114.60	1.5e-27	1	120	00bac0
1590	RF00001	7OIG	3	3	118	92.80	8.9e-22	1	120	00bac0
1591	RF00001	7UG6	3	1	121	90.80	3e-21	1	120	00bac0
1592	RF00001	8G29	1B	3	119	112.30	6.1e-27	1	120	00bac0
1593	RF00001	8IFC	b	3	118	92.80	8.9e-22	1	120	00bac0
1594	RF00001	8JDJ	E	1	119	114.60	1.5e-27	1	120	00bac0
1595	RF00001	4U3U	7	1	121	90.80	3e-21	1	120	00bac0
1596	RF00001	4V4N	A3	1	120	84.80	1.2e-19	3	120	00bac0
1597	RF00001	4V6S	AA	3	118	92.80	8.9e-22	1	120	00bac0
1598	RF00001	4V7M	DB	3	119	112.30	6.1e-27	1	120	00bac0
1599	RF00001	4WQR	1J	5	121	112.30	6.1e-27	1	120	00bac0
1600	RF00001	4Y4P	2B	3	119	112.30	6.1e-27	1	120	00bac0
1601	RF00001	5J30	YB	3	119	112.30	6.1e-27	1	120	00bac0
1602	RF00001	6N1D	B5S	3	119	112.30	6e-27	1	120	00bac0
1603	RF00001	6TC3	05S1	3	118	92.80	8.9e-22	1	120	00bac0
1604	RF00001	7BHP	L7	1	119	114.60	1.5e-27	1	120	00bac0
1605	RF00001	7PAN	4	1	108	73.70	9e-17	1	120	00bac0
1606	RF00001	7PJW	B	3	118	92.80	8.9e-22	1	120	00bac0
1607	RF00001	7U2J	2B	3	119	112.30	6.1e-27	1	120	00bac0
1608	RF00001	9FXO	L8	5	123	93.60	5.6e-22	1	120	00bac0
1609	RF00001	4V4Q	BA	3	118	92.80	8.9e-22	1	120	00bac0
1610	RF00001	4V87	DB	5	121	112.30	6.1e-27	1	120	00bac0
1611	RF00001	5J4B	1B	3	119	112.30	6.1e-27	1	120	00bac0
1612	RF00001	6R87	3	1	121	90.80	3e-21	1	120	00bac0
1613	RF00001	7MD7	1B	3	119	112.30	6.1e-27	1	120	00bac0
1614	RF00001	7PI8	4	1	108	73.70	9e-17	1	120	00bac0
1615	RF00001	7U2J	1B	3	119	112.30	6.1e-27	1	120	00bac0
1616	RF00001	8RD8	D8	1	115	95.50	1.7e-22	1	120	00bac0
1617	RF00001	8Z71	B	1	121	90.80	3e-21	1	120	00bac0
1618	RF00001	4V7P	BB	3	119	112.30	6e-27	1	120	00bac0
1619	RF00001	6OGF	2	3	118	92.80	8.9e-22	1	120	00bac0
1620	RF00001	6XHY	2B	3	119	112.30	6.1e-27	1	120	00bac0
1621	RF00001	8P8M	LE	1	121	90.80	3e-21	1	120	00bac0
1622	RF00001	8XSZ	L7	1	119	114.60	1.5e-27	1	120	00bac0
1623	RF00001	1VQP	9	1	121	84.50	1.4e-19	1	120	00bac0
1624	RF00001	4V6G	BB	5	121	112.30	6.1e-27	1	120	00bac0
1625	RF00001	4V7R	B2	1	121	90.80	3e-21	1	120	00bac0
1626	RF00001	4WQ1	1J	5	121	112.30	6.1e-27	1	120	00bac0
1627	RF00001	5EL4	16	5	121	112.30	6.1e-27	1	120	00bac0
1628	RF00001	5LZW	7	1	119	114.60	1.5e-27	1	120	00bac0
1629	RF00001	6N8K	2	1	121	90.80	3e-21	1	120	00bac0
1630	RF00001	7QGH	O	3	118	92.80	8.9e-22	1	120	00bac0
1631	RF00001	8BIP	C4	1	121	90.80	3e-21	1	120	00bac0
1632	RF00001	8CQW	AT	1	121	80.20	1.8e-18	1	120	00bac0
1633	RF00001	8FC1	1B	3	119	112.30	6.1e-27	1	120	00bac0
1634	RF00001	8HL5	A5S	4	122	62.60	8.6e-14	1	120	00bac0
1635	RF00001	9B00	1B	3	119	112.30	6.1e-27	1	120	00bac0
1636	RF00001	4LFZ	RB	3	119	112.30	6.1e-27	1	120	00bac0
1637	RF00001	4V6F	DB	5	121	112.30	6.1e-27	1	120	00bac0
1638	RF00001	4WZD	1J	5	121	112.30	6.1e-27	1	120	00bac0
1639	RF00001	6HCJ	71	1	119	114.60	1.5e-27	1	120	00bac0
1640	RF00001	7AZO	5SA	5	121	112.30	6.2e-27	1	120	00bac0
1641	RF00001	7O1A	BB	3	118	92.80	8.9e-22	1	120	00bac0
1642	RF00001	8FC6	2B	3	119	112.30	6.1e-27	1	120	00bac0
1643	RF00001	8OI5	3	1	121	80.20	1.8e-18	1	120	00bac0
1644	RF00001	8QYX	B2	1	119	114.60	1.5e-27	1	120	00bac0
1645	RF00001	8VVT	XA	1	119	114.60	1.5e-27	1	120	00bac0
1646	RF00001	8Y38	B	1	115	88.30	1.3e-20	1	120	00bac0
1647	RF00001	8ZEJ	a	3	118	92.80	8.9e-22	1	120	00bac0
1648	RF00001	9D0J	1B	3	119	112.30	6.1e-27	1	120	00bac0
1649	RF00001	1N8R	B	1	121	84.50	1.4e-19	1	120	00bac0
1650	RF00001	4V69	BA	2	117	92.80	8.7e-22	1	120	00bac0
1651	RF00001	4WPO	AB	3	119	112.30	6.1e-27	1	120	00bac0
1652	RF00001	4WSM	16	5	121	112.30	6.1e-27	1	120	00bac0
1653	RF00001	6OUO	3	3	118	92.80	8.9e-22	1	120	00bac0
1654	RF00001	6Y0G	L7	1	119	114.60	1.5e-27	1	120	00bac0
1655	RF00001	8HKV	A5S	4	122	62.60	8.6e-14	1	120	00bac0
1656	RF00001	8P85	3	1	121	90.80	3e-21	1	120	00bac0
1657	RF00001	3JAH	7	1	119	114.60	1.5e-27	1	120	00bac0
1658	RF00001	4V4P	AB	5	121	112.30	6.2e-27	1	120	00bac0
1659	RF00001	4V7C	BB	3	118	92.80	8.9e-22	1	120	00bac0
1660	RF00001	4V8G	DB	3	119	112.30	6.1e-27	1	120	00bac0
1661	RF00001	4YPB	YB	5	121	112.30	6.2e-27	1	120	00bac0
1662	RF00001	5H4P	3	1	121	90.80	3e-21	1	120	00bac0
1663	RF00001	5WIS	2B	3	119	112.30	6.1e-27	1	120	00bac0
1664	RF00001	6OG7	2	3	118	92.80	8.9e-22	1	120	00bac0
1665	RF00001	7JIL	3	2	111	82.80	3.5e-19	1	120	00bac0
1666	RF00001	7SSW	2	3	118	92.80	8.9e-22	1	120	00bac0
1667	RF00001	8G7Q	B	3	118	90.40	3.8e-21	1	120	00bac0
1668	RF00001	9B4Z	BB	3	118	92.80	8.9e-22	1	120	00bac0
1669	RF00001	9GHG	B	1	115	88.30	1.3e-20	1	120	00bac0
1670	RF00001	1KC8	B	1	121	84.50	1.4e-19	1	120	00bac0
1671	RF00001	1KQS	9	1	121	84.50	1.4e-19	1	120	00bac0
1672	RF00001	4V5N	BB	5	121	112.30	6.1e-27	1	120	00bac0
1673	RF00001	5KCR	1B	3	118	92.80	8.9e-22	1	120	00bac0
1674	RF00001	5UYK	02	3	118	92.80	8.9e-22	1	120	00bac0
1675	RF00001	7JQM	1B	3	119	112.30	6.1e-27	1	120	00bac0
1676	RF00001	7M4V	B	1	115	98.20	3.1e-23	1	120	00bac0
1677	RF00001	7PHA	4	1	108	73.70	9e-17	1	120	00bac0
1678	RF00001	9MQ4	4	3	118	92.80	8.9e-22	1	120	00bac0
1679	RF00001	9MR4	7	1	119	114.60	1.5e-27	1	120	00bac0
1680	RF00001	4ADX	9	1	121	81.20	1.1e-18	1	120	00bac0
1681	RF00001	4V7J	AB	3	119	112.30	6e-27	1	120	00bac0
1682	RF00001	6DZP	B	3	116	84.10	1.7e-19	1	120	00bac0
1683	RF00001	6WQN	2	1	115	72.00	2.7e-16	1	120	00bac0
1684	RF00001	7AZS	5SA	5	121	112.30	6.2e-27	1	120	00bac0
1685	RF00001	7P7R	B	1	115	92.80	8.2e-22	1	119	00bac0
1686	RF00001	7TOS	5S	3	118	92.80	8.9e-22	1	120	00bac0
1687	RF00001	8A3W	8	5	123	93.60	5.6e-22	1	120	00bac0
1688	RF00001	8UIZ	L7	1	119	114.60	1.5e-27	1	120	00bac0
1689	RF00001	9B0P	L7	1	119	114.60	1.5e-27	1	120	00bac0
1690	RF00001	1NWX	9	5	121	83.40	2.8e-19	1	120	00bac0
1691	RF00001	1VY7	BB	3	119	112.30	6.1e-27	1	120	00bac0
1692	RF00001	3CF5	Z	5	121	83.40	2.7e-19	1	120	00bac0
1693	RF00001	4UJC	A4	1	119	114.60	1.5e-27	1	120	00bac0
1694	RF00001	4V85	BB	2	117	92.80	8.8e-22	1	120	00bac0
1695	RF00001	4Z3S	2B	3	119	112.30	6.1e-27	1	120	00bac0
1696	RF00001	5DGV	3	1	121	90.80	3e-21	1	120	00bac0
1697	RF00001	5J7L	CB	3	118	92.80	8.9e-22	1	120	00bac0
1698	RF00001	5LZB	B	3	118	92.80	8.9e-22	1	120	00bac0
1699	RF00001	6IP5	1B	1	119	114.60	1.5e-27	1	120	00bac0
1700	RF00001	7K50	2	3	118	92.80	8.9e-22	1	120	00bac0
1701	RF00001	7OHT	3	1	121	90.80	3e-21	1	120	00bac0
1702	RF00001	7SFR	B	2	114	86.30	4.5e-20	1	120	00bac0
1703	RF00001	8UQL	d	3	118	92.80	8.9e-22	1	120	00bac0
1704	RF00001	9H3Q	B	3	118	92.80	8.9e-22	1	120	00bac0
1705	RF00001	2QEX	9	1	121	84.50	1.4e-19	1	120	00bac0
1706	RF00001	3CCV	9	1	121	81.20	1.1e-18	1	120	00bac0
1707	RF00001	4WPO	CB	3	119	112.30	6.1e-27	1	120	00bac0
1708	RF00001	5OBM	3	1	121	90.80	3e-21	1	120	00bac0
1709	RF00001	6BY1	DB	2	117	92.80	8.8e-22	1	120	00bac0
1710	RF00001	6HA1	B	1	111	91.80	1.5e-21	3	117	00bac0
1711	RF00001	6TH6	BB	3	124	87.40	2.5e-20	1	120	00bac0
1712	RF00001	6VZJ	d	3	118	92.80	8.9e-22	1	120	00bac0
1713	RF00001	7SSL	2	3	118	92.80	8.9e-22	1	120	00bac0
1714	RF00001	7TM3	u	1	119	114.60	1.5e-27	1	120	00bac0
1715	RF00001	8RQ0	B	3	118	92.80	8.9e-22	1	120	00bac0
1716	RF00001	8V9J	B	3	116	84.10	1.7e-19	1	120	00bac0
1717	RF00001	9JMK	B	3	118	92.80	8.9e-22	1	120	00bac0
1718	RF00001	6NTA	YB	3	119	112.30	6.1e-27	1	120	00bac0
1719	RF00001	7MSZ	B	2	114	86.30	4.5e-20	1	120	00bac0
1720	RF00001	8EWC	A3	1	121	90.80	3e-21	1	120	00bac0
1721	RF00001	8FOM	YB	3	119	112.30	6.1e-27	1	120	00bac0
1722	RF00001	8ZFF	b	3	118	92.80	8.9e-22	1	120	00bac0
1723	RF00001	9AZN	L7	1	119	114.60	1.5e-27	1	120	00bac0
1724	RF00001	9H3Z	B	3	118	92.80	8.9e-22	1	120	00bac0
1725	RF00001	3J7O	7	1	119	114.60	1.5e-27	1	120	00bac0
1726	RF00001	3J7P	7	1	119	114.60	1.5e-27	1	120	00bac0
1727	RF00001	4U53	3	1	121	90.80	3e-21	1	120	00bac0
1728	RF00001	4V68	BB	3	119	112.30	6e-27	1	120	00bac0
1729	RF00001	5HAU	1B	3	119	112.30	6.1e-27	1	120	00bac0
1730	RF00001	5UYQ	02	3	118	92.80	8.9e-22	1	120	00bac0
1731	RF00001	6WD6	2	3	118	92.80	8.9e-22	1	120	00bac0
1732	RF00001	7UVW	B	1	115	98.20	3.1e-23	1	120	00bac0
1733	RF00001	8CQW	3	1	121	80.20	1.8e-18	1	120	00bac0
1734	RF00001	9BSS	B	1	116	104.80	5.8e-25	1	120	00bac0
1735	RF00001	9MTQ	1B	3	119	112.30	6.1e-27	1	120	00bac0
1736	RF00001	4V5S	DB	5	121	112.30	6.1e-27	1	120	00bac0
1737	RF00001	4V6Q	BA	3	118	92.80	8.9e-22	1	120	00bac0
1738	RF00001	4V7S	BB	2	117	92.80	8.8e-22	1	120	00bac0
1739	RF00001	4V8N	DB	5	121	112.30	6.1e-27	1	120	00bac0
1740	RF00001	4V8P	G3	1	119	113.30	3.3e-27	1	120	00bac0
1741	RF00001	4V9J	BB	3	119	112.30	6e-27	1	120	00bac0
1742	RF00001	4WOI	BB	3	118	92.80	8.9e-22	1	120	00bac0
1743	RF00001	5LZC	B	3	118	92.80	8.9e-22	1	120	00bac0
1744	RF00001	5ZET	B	3	116	84.50	1.3e-19	1	120	00bac0
1745	RF00001	7M4Z	B	1	115	98.20	3.1e-23	1	120	00bac0
1746	RF00001	7MD7	2B	3	119	112.30	6.1e-27	1	120	00bac0
1747	RF00001	7PJZ	B	3	118	92.80	8.9e-22	1	120	00bac0
1748	RF00001	7RQB	1B	3	119	112.30	6.1e-27	1	120	00bac0
1749	RF00001	8CDL	BB	1	121	90.80	3e-21	1	120	00bac0
1750	RF00001	8E49	J	2	117	92.80	8.8e-22	1	120	00bac0
1751	RF00001	8G60	L7	1	119	114.60	1.5e-27	1	120	00bac0
1752	RF00001	9AZC	L7	1	119	114.60	1.5e-27	1	120	00bac0
1753	RF00001	4V6G	DB	5	121	112.30	6.1e-27	1	120	00bac0
1754	RF00001	4ZER	2B	3	119	112.30	6e-27	1	120	00bac0
1755	RF00001	6N8J	2	1	121	90.80	3e-21	1	120	00bac0
1756	RF00001	6QTZ	x	1	121	90.80	3e-21	1	120	00bac0
1757	RF00001	6T59	74	1	119	114.60	1.5e-27	1	120	00bac0
1758	RF00001	7NHN	B	1	113	90.10	4.3e-21	2	118	00bac0
1759	RF00001	7Q0R	3	1	121	80.20	1.8e-18	1	120	00bac0
1760	RF00001	8CRX	b	3	119	107.30	1.3e-25	1	120	00bac0
1761	RF00001	9H3P	B	3	118	92.80	8.9e-22	1	120	00bac0
1762	RF00001	9O3H	1B	3	119	112.30	6.1e-27	1	120	00bac0
1763	RF00001	3FWO	B	2	118	83.40	2.6e-19	1	120	00bac0
1764	RF00001	4V4Q	DA	3	118	92.80	8.9e-22	1	120	00bac0
1765	RF00001	4WQ1	16	5	121	112.30	6.1e-27	1	120	00bac0
1766	RF00001	5EL7	1J	5	121	112.30	6.1e-27	1	120	00bac0
1767	RF00001	6WDJ	2	3	118	92.80	8.9e-22	1	120	00bac0
1768	RF00001	6YHS	5	2	116	98.20	3.2e-23	1	120	00bac0
1769	RF00001	7O1C	BB	3	118	92.80	8.9e-22	1	120	00bac0
1770	RF00001	7OF1	3	1	121	90.80	3e-21	1	120	00bac0
1771	RF00001	8EV6	2B	3	119	112.30	6.1e-27	1	120	00bac0
1772	RF00001	8UXB	3	3	118	92.80	8.9e-22	1	120	00bac0
1773	RF00001	8VOO	d	3	118	92.80	8.9e-22	1	120	00bac0
1774	RF00001	8VTW	2B	3	119	112.30	6.1e-27	1	120	00bac0
1775	RF00001	8YUP	b	3	118	92.80	8.9e-22	1	120	00bac0
1776	RF00001	9D0G	2B	3	119	112.30	6.1e-27	1	120	00bac0
1777	RF00001	9O3I	2B	3	119	112.30	6.1e-27	1	120	00bac0
1778	RF00001	9QEG	B	1	115	89.00	8.3e-21	1	120	00bac0
1779	RF00001	3J6X	5S	1	121	90.80	3e-21	1	120	00bac0
1780	RF00001	4Z8C	2B	3	119	112.30	6.1e-27	1	120	00bac0
1781	RF00001	5ON6	3	1	121	90.80	3e-21	1	120	00bac0
1782	RF00001	6CZR	1B	3	119	112.30	6e-27	1	120	00bac0
1783	RF00001	6UCQ	2B	3	119	112.30	6.1e-27	1	120	00bac0
1784	RF00001	6YST	B	3	118	92.80	8.9e-22	1	120	00bac0
1785	RF00001	7O19	BB	3	118	92.80	8.9e-22	1	120	00bac0
1786	RF00001	8BHL	1	3	118	92.80	8.9e-22	1	120	00bac0
1787	RF00001	8FLF	L4	1	119	114.60	1.5e-27	1	120	00bac0
1788	RF00001	8T5D	A	2	117	92.80	8.7e-22	1	120	00bac0
1789	RF00001	8Y5N	2	3	118	92.80	8.9e-22	1	120	00bac0
1790	RF00001	4V7M	BB	3	119	112.30	6.1e-27	1	120	00bac0
1791	RF00001	6WD9	2	3	118	92.80	8.9e-22	1	120	00bac0
1792	RF00001	6XHW	2B	3	119	112.30	6.1e-27	1	120	00bac0
1793	RF00001	7NWW	3	3	118	92.80	8.9e-22	1	120	00bac0
1794	RF00001	7PIP	4	1	108	73.70	9e-17	1	120	00bac0
1795	RF00001	7Y41	B	3	116	84.10	1.7e-19	1	120	00bac0
1796	RF00001	8OVE	BD	1	119	89.10	8.5e-21	1	120	00bac0
1797	RF00001	8URX	d	3	118	92.80	8.9e-22	1	120	00bac0
1798	RF00001	9E0P	B	3	116	84.50	1.3e-19	1	120	00bac0
1799	RF00001	3CC7	9	1	121	81.20	1.1e-18	1	120	00bac0
1800	RF00001	4TUC	RB	3	119	112.30	6.1e-27	1	120	00bac0
1801	RF00001	5AJ0	A4	1	119	114.60	1.5e-27	1	120	00bac0
1802	RF00001	5IB7	1J	5	121	112.30	6.1e-27	1	120	00bac0
1803	RF00001	6HRM	3	3	118	92.80	8.9e-22	1	120	00bac0
1804	RF00001	6LSS	5	1	119	114.60	1.5e-27	1	120	00bac0
1805	RF00001	6OM0	E	1	119	114.60	1.5e-27	1	120	00bac0
1806	RF00001	7P7Q	B	1	116	100.30	8.9e-24	1	120	00bac0
1807	RF00001	8JDK	E	1	119	114.60	1.5e-27	1	120	00bac0
1808	RF00001	8ZFI	a	3	118	92.80	8.9e-22	1	120	00bac0
1809	RF00001	9B0H	L7	1	119	114.60	1.5e-27	1	120	00bac0
1810	RF00001	4V70	BB	2	117	92.80	8.8e-22	1	120	00bac0
1811	RF00001	4V9D	DB	2	117	92.80	8.8e-22	1	120	00bac0
1812	RF00001	6BZ6	RB	3	119	112.30	6.1e-27	1	120	00bac0
1813	RF00001	8E30	J	2	117	92.80	8.8e-22	1	120	00bac0
1814	RF00001	8XZ3	B	3	116	84.10	1.7e-19	1	120	00bac0
1815	RF00001	9AXV	B3	7	125	108.70	1.1e-25	1	120	00bac0
1816	RF00001	4V4H	DA	3	118	92.80	8.9e-22	1	120	00bac0
1817	RF00001	4V6M	B7	3	118	92.80	8.9e-22	1	120	00bac0
1818	RF00001	4W4G	RB	5	121	112.30	6.2e-27	1	120	00bac0
1819	RF00001	6OLZ	A4	1	119	114.60	1.5e-27	1	120	00bac0
1820	RF00001	6XQD	2B	3	119	112.30	6.1e-27	1	120	00bac0
1821	RF00001	7N2U	5	3	118	92.80	8.9e-22	1	120	00bac0
1822	RF00001	7QGG	E	1	119	114.60	1.5e-27	1	120	00bac0
1823	RF00001	8EVP	A3	1	121	90.80	3e-21	1	120	00bac0
1824	RF00001	8RPY	B	3	118	92.80	8.9e-22	1	120	00bac0
1825	RF00001	8ZGY	LB	1	121	90.80	3e-21	1	120	00bac0
1826	RF00001	9B0O	L7	1	119	114.60	1.5e-27	1	120	00bac0
1827	RF00001	9F9S	M3	1	121	90.80	3e-21	1	120	00bac0
1828	RF00001	9MTS	1B	3	119	112.30	6.1e-27	1	120	00bac0
1829	RF00001	9NLE	R2	3	118	92.80	8.9e-22	1	120	00bac0
1830	RF00001	4WRO	1J	5	121	112.30	6.1e-27	1	120	00bac0
1831	RF00001	5MGP	B	3	118	92.80	8.9e-22	1	120	00bac0
1832	RF00001	7LS1	B2	1	119	114.60	1.5e-27	1	120	00bac0
1833	RF00001	7ST2	2	3	118	92.80	8.9e-22	1	120	00bac0
1834	RF00001	7TUT	u	1	119	114.60	1.5e-27	1	120	00bac0
1835	RF00001	8BN3	3	1	121	90.80	3e-21	1	120	00bac0
1836	RF00001	8BUU	B	1	116	104.80	5.8e-25	1	120	00bac0
1837	RF00001	8G6W	b	3	118	92.80	8.9e-22	1	120	00bac0
1838	RF00001	8Y0X	L7	1	119	114.60	1.5e-27	1	120	00bac0
1839	RF00001	9BUT	AB	1	119	107.50	1.1e-25	1	120	00bac0
1840	RF00001	4TUD	RB	3	119	112.30	6.1e-27	1	120	00bac0
1841	RF00001	4V61	BB	2	117	58.20	1.2e-12	1	119	00bac0
1842	RF00001	4V7Z	DB	3	119	112.30	6.1e-27	1	120	00bac0
1843	RF00001	4V8F	AB	5	121	112.30	6.1e-27	1	120	00bac0
1844	RF00001	4V9C	BB	3	118	92.80	8.9e-22	1	120	00bac0
1845	RF00001	4WZO	1J	5	121	112.30	6.1e-27	1	120	00bac0
1846	RF00001	5GAD	B	3	118	92.80	8.9e-22	1	120	00bac0
1847	RF00001	6WRU	2	1	115	72.00	2.7e-16	1	120	00bac0
1848	RF00001	7N2V	5	3	118	92.80	8.9e-22	1	120	00bac0
1849	RF00001	7NRC	LB	1	121	90.80	3e-21	1	120	00bac0
1850	RF00001	8RDV	D8	1	115	95.50	1.7e-22	1	120	00bac0
1851	RF00001	8UQM	d	3	118	92.80	8.9e-22	1	120	00bac0
1852	RF00001	9B0G	L7	1	119	114.60	1.5e-27	1	120	00bac0
1853	RF00001	9DFC	1B	3	119	112.30	6.1e-27	1	120	00bac0
1854	RF00001	9G1Z	3	1	121	80.20	1.8e-18	1	120	00bac0
1855	RF00001	9H0L	b	3	118	92.80	8.9e-22	1	120	00bac0
1856	RF00001	9O3K	1B	3	119	112.30	6.1e-27	1	120	00bac0
1857	RF00001	4U24	BB	3	118	92.80	8.9e-22	1	120	00bac0
1858	RF00001	6RZZ	x	1	121	90.80	3e-21	1	120	00bac0
1859	RF00001	6Y2L	L7	1	119	114.60	1.5e-27	1	120	00bac0
1860	RF00001	7UVY	B	1	115	98.20	3.1e-23	1	120	00bac0
1861	RF00001	8JDM	E	1	119	114.60	1.5e-27	1	120	00bac0
1862	RF00001	8QCQ	B	1	116	104.80	5.8e-25	1	120	00bac0
1863	RF00001	8VRL	B	3	116	84.10	1.7e-19	1	120	00bac0
1864	RF00001	8WIC	B	3	116	84.10	1.7e-19	1	120	00bac0
1865	RF00001	9MKK	b	3	118	92.80	8.9e-22	1	120	00bac0
1866	RF00001	1Q82	B	1	121	84.50	1.4e-19	1	120	00bac0
1867	RF00001	4TUE	RB	3	119	112.30	6.1e-27	1	120	00bac0
1868	RF00001	4V4I	x	4	120	112.30	6.1e-27	1	120	00bac0
1869	RF00001	4V9L	DB	3	119	112.30	6e-27	1	120	00bac0
1870	RF00001	4WF1	BB	3	118	92.80	8.9e-22	1	120	00bac0
1871	RF00001	4WQF	CB	3	119	112.30	6.1e-27	1	120	00bac0
1872	RF00001	6ZMI	L7	1	119	114.60	1.5e-27	1	120	00bac0
1873	RF00001	7F5S	L7	1	119	114.60	1.5e-27	1	120	00bac0
1874	RF00001	8AM9	b	3	118	92.80	8.9e-22	1	120	00bac0
1875	RF00001	8BIM	1	3	118	92.80	8.9e-22	1	120	00bac0
1876	RF00001	9O3I	1B	3	119	112.30	6.1e-27	1	120	00bac0
1877	RF00001	4V5G	BB	5	121	112.30	6.1e-27	1	120	00bac0
1878	RF00001	5IB8	1J	5	121	112.30	6.1e-27	1	120	00bac0
1879	RF00001	6WDB	2	3	118	92.80	8.9e-22	1	120	00bac0
1880	RF00001	7PAT	4	1	108	73.70	9e-17	1	120	00bac0
1881	RF00001	7PH9	4	1	108	73.70	9e-17	1	120	00bac0
1882	RF00001	7QCA	L70	1	119	92.30	1.1e-21	1	120	00bac0
1883	RF00001	8AKN	b	3	118	92.80	8.9e-22	1	120	00bac0
1884	RF00001	8YOO	L7	1	119	114.60	1.5e-27	1	120	00bac0
1885	RF00001	4V5G	DB	5	121	112.30	6.1e-27	1	120	00bac0
1886	RF00001	5TGM	7	1	121	90.80	3e-21	1	120	00bac0
1887	RF00001	5UMD	B	1	119	107.90	8.8e-26	1	120	00bac0
1888	RF00001	6CAE	1B	3	119	112.30	6.1e-27	1	120	00bac0
1889	RF00001	6CFK	1B	3	119	112.30	6.1e-27	1	120	00bac0
1890	RF00001	6V39	B	1	115	98.20	3.1e-23	1	120	00bac0
1891	RF00001	6WDI	2	3	118	92.80	8.9e-22	1	120	00bac0
1892	RF00001	6ZTL	BB	3	118	92.80	8.9e-22	1	120	00bac0
1893	RF00001	8C3A	AT	1	121	80.20	1.8e-18	1	120	00bac0
1894	RF00001	8FLA	L4	1	119	114.60	1.5e-27	1	120	00bac0
1895	RF00001	9I5V	B	1	109	76.60	1.5e-17	1	120	00bac0
1896	RF00001	4V5P	BB	5	121	112.30	6.1e-27	1	120	00bac0
1897	RF00001	4WQU	CB	3	119	112.30	6.1e-27	1	120	00bac0
1898	RF00001	5TGA	3	1	121	90.80	3e-21	1	120	00bac0
1899	RF00001	5ZEP	B	3	116	84.50	1.3e-19	1	120	00bac0
1900	RF00001	6FXC	AB	1	115	88.30	1.3e-20	1	120	00bac0
1901	RF00001	6O8Y	B	1	116	100.30	8.9e-24	1	120	00bac0
1902	RF00001	8FLB	L4	1	119	114.60	1.5e-27	1	120	00bac0
1903	RF00001	9B0W	L7	1	119	114.60	1.5e-27	1	120	00bac0
1904	RF00001	9GHA	b	3	118	92.80	8.9e-22	1	120	00bac0
1905	RF00001	9GHB	b	3	118	92.80	8.9e-22	1	120	00bac0
1906	RF00001	2QA4	9	1	121	84.50	1.4e-19	1	120	00bac0
1907	RF00001	3JBU	a	3	118	92.80	8.9e-22	1	120	00bac0
1908	RF00001	6Y57	L7	1	119	114.60	1.5e-27	1	120	00bac0
1909	RF00001	7AQD	B	1	111	91.80	1.5e-21	3	117	00bac0
1910	RF00001	7AZO	5SB	5	121	112.30	6.2e-27	1	120	00bac0
1911	RF00001	7R81	B1	1	120	91.70	1.7e-21	1	120	00bac0
1912	RF00001	7S1I	J	3	118	92.80	8.9e-22	1	120	00bac0
1913	RF00001	8CG8	BB	1	121	90.80	3e-21	1	120	00bac0
1914	RF00001	8FZE	B	3	118	90.40	3.8e-21	1	120	00bac0
1915	RF00001	8QIE	8	5	123	93.60	5.6e-22	1	120	00bac0
1916	RF00001	8QPP	Y	1	111	91.80	1.5e-21	3	117	00bac0
1917	RF00001	8RXH	L8	5	123	93.60	5.6e-22	1	120	00bac0
1918	RF00001	8VK7	B	3	116	84.10	1.7e-19	1	120	00bac0
1919	RF00001	9NTA	BB	4	125	87.10	3e-20	1	120	00bac0
1920	RF00001	4U27	DB	3	118	92.80	8.9e-22	1	120	00bac0
1921	RF00001	4V5B	CA	3	118	92.80	8.9e-22	1	120	00bac0
1922	RF00001	4V9R	DB	3	119	112.30	6.1e-27	1	120	00bac0
1923	RF00001	4WQR	16	5	121	112.30	6.1e-27	1	120	00bac0
1924	RF00001	7BL3	B	3	118	92.80	8.9e-22	1	120	00bac0
1925	RF00001	7P7S	B	1	116	100.30	8.9e-24	1	120	00bac0
1926	RF00001	7RQ8	1B	3	119	112.30	6.1e-27	1	120	00bac0
1927	RF00001	8CAM	b	3	118	92.80	8.9e-22	1	120	00bac0
1928	RF00001	8HTZ	b	3	118	92.80	8.9e-22	1	120	00bac0
1929	RF00001	8INF	5	1	119	114.60	1.5e-27	1	120	00bac0
1930	RF00001	8Y5P	2	3	118	92.80	8.9e-22	1	120	00bac0
1931	RF00001	9H3R	B	3	118	92.80	8.9e-22	1	120	00bac0
1932	RF00001	9OU7	CB	4	125	87.10	3e-20	1	120	00bac0
1933	RF00001	4U4O	7	1	121	90.80	3e-21	1	120	00bac0
1934	RF00001	4V7W	BB	3	119	112.30	6.1e-27	1	120	00bac0
1935	RF00001	4V8H	BB	3	119	112.30	6.1e-27	1	120	00bac0
1936	RF00001	5JUT	D	1	121	90.80	3e-21	1	120	00bac0
1937	RF00001	6QNQ	16	5	121	112.30	6.1e-27	1	120	00bac0
1938	RF00001	6WDE	2	3	118	92.80	8.9e-22	1	120	00bac0
1939	RF00001	7NWG	71	1	119	114.60	1.5e-27	1	120	00bac0
1940	RF00001	7Y7H	b	3	118	92.80	8.9e-22	1	120	00bac0
1941	RF00001	8P60	K70	1	119	92.30	1.1e-21	1	120	00bac0
1942	RF00001	4TUD	YB	3	119	112.30	6.1e-27	1	120	00bac0
1943	RF00001	4U1U	BB	3	118	92.80	8.9e-22	1	120	00bac0
1944	RF00001	4V6N	AA	3	118	92.80	8.9e-22	1	120	00bac0
1945	RF00001	5OBM	7	1	121	90.80	3e-21	1	120	00bac0
1946	RF00001	6WDH	2	3	118	92.80	8.9e-22	1	120	00bac0
1947	RF00001	7OH3	3	1	121	90.80	3e-21	1	120	00bac0
1948	RF00001	7UVX	B	1	115	98.20	3.1e-23	1	120	00bac0
1949	RF00001	8EVR	A3	1	121	90.80	3e-21	1	120	00bac0
1950	RF00001	4P6F	RB	3	119	112.30	6.1e-27	1	120	00bac0
1951	RF00001	5J8B	B	3	119	112.30	6.1e-27	1	120	00bac0
1952	RF00001	6GC8	B	3	118	92.80	8.9e-22	1	120	00bac0
1953	RF00001	6N8O	B	1	121	90.80	3e-21	1	120	00bac0
1954	RF00001	8FON	RB	3	119	112.30	6.1e-27	1	120	00bac0
1955	RF00001	8OJ8	7	1	119	114.60	1.5e-27	1	120	00bac0
1956	RF00001	8VOS	d	3	118	92.80	8.9e-22	1	120	00bac0
1957	RF00001	9O17	BB	4	125	87.10	3e-20	1	120	00bac0
1958	RF00001	4D67	4	1	119	114.60	1.5e-27	1	120	00bac0
1959	RF00001	4LNT	RB	3	119	112.30	6.1e-27	1	120	00bac0
1960	RF00001	4WT8	Ds	3	119	112.30	6e-27	1	120	00bac0
1961	RF00001	5DOY	1B	3	119	112.30	6.1e-27	1	120	00bac0
1962	RF00001	5HCP	1B	3	119	112.30	6.1e-27	1	120	00bac0
1963	RF00001	5IMQ	E	5	121	112.30	6.2e-27	1	120	00bac0
1964	RF00001	6Z6J	C4	1	121	90.80	3e-21	1	120	00bac0
1965	RF00001	7QEP	2	1	119	100.90	6.4e-24	1	120	00bac0
1966	RF00001	8VVQ	XA	1	119	114.60	1.5e-27	1	120	00bac0
1967	RF00001	9O3J	2B	3	119	112.30	6.1e-27	1	120	00bac0
1968	RF00001	2ZJQ	Y	4	120	83.40	2.7e-19	1	120	00bac0
1969	RF00001	6WDM	2	3	118	92.80	8.9e-22	1	120	00bac0
1970	RF00001	7B7D	LB	1	121	90.80	3e-21	1	120	00bac0
1971	RF00001	7D80	a	2	117	92.80	8.8e-22	1	120	00bac0
1972	RF00001	7P6Z	4	1	108	73.70	9e-17	1	120	00bac0
1973	RF00001	8AGT	h	1	121	90.80	3e-21	1	120	00bac0
1974	RF00001	8G5Y	L7	1	119	114.60	1.5e-27	1	120	00bac0
1975	RF00001	8VTX	2B	3	119	112.30	6.1e-27	1	120	00bac0
1976	RF00001	9FBV	b	3	118	92.80	8.9e-22	1	120	00bac0
1977	RF00001	4P6F	YB	3	119	112.30	6.1e-27	1	120	00bac0
1978	RF00001	5NDK	1J	5	121	112.30	6.1e-27	1	120	00bac0
1979	RF00001	6OXA	YB	5	121	112.30	6.2e-27	1	120	00bac0
1980	RF00001	6S05	x	1	121	90.80	3e-21	1	120	00bac0
1981	RF00001	6XHV	1B	3	119	112.30	6.1e-27	1	120	00bac0
1982	RF00001	7JSZ	2	3	118	92.80	8.9e-22	1	120	00bac0
1983	RF00001	8FZI	B	3	118	90.40	3.8e-21	1	120	00bac0
1984	RF00001	9WNQ	a	3	118	92.80	8.9e-22	1	120	00bac0
1985	RF00001	3JA1	LB	3	118	92.80	8.9e-22	1	120	00bac0
1986	RF00001	4V67	DB	5	121	112.30	6.2e-27	1	120	00bac0
1987	RF00001	4V88	A7	1	121	90.80	3e-21	1	120	00bac0
1988	RF00001	6CZR	2B	3	119	112.30	6e-27	1	120	00bac0
1989	RF00001	6GXP	B	3	118	92.80	8.9e-22	1	120	00bac0
1990	RF00001	6YSI	5	2	116	98.20	3.2e-23	1	120	00bac0
1991	RF00001	7RQ8	2B	3	119	112.30	6.1e-27	1	120	00bac0
1992	RF00001	8BSJ	LE	1	119	82.50	4.6e-19	1	120	00bac0
1993	RF00001	8G7S	B	3	118	90.40	3.8e-21	1	120	00bac0
1994	RF00001	9D7R	1B	3	119	112.30	6.1e-27	1	120	00bac0
1995	RF00001	3J9Z	LB	3	118	92.80	8.9e-22	1	120	00bac0
1996	RF00001	8INK	3	1	119	106.90	1.6e-25	1	120	00bac0
1997	RF00001	9H91	B	3	119	91.30	2.2e-21	1	120	00bac0
1998	RF00001	4D5Y	4	1	119	114.60	1.5e-27	1	120	00bac0
1999	RF00001	4U20	DB	3	118	92.80	8.9e-22	1	120	00bac0
2000	RF00001	4U55	3	1	121	90.80	3e-21	1	120	00bac0
2001	RF00001	4V5S	BB	5	121	112.30	6.1e-27	1	120	00bac0
2002	RF00001	4V8G	BB	3	119	112.30	6.1e-27	1	120	00bac0
2003	RF00001	5E81	1J	5	121	112.30	6.1e-27	1	120	00bac0
2004	RF00001	5XYM	B	3	116	84.50	1.3e-19	1	120	00bac0
2005	RF00001	6XII	d	3	118	92.80	8.9e-22	1	120	00bac0
2006	RF00001	7ASP	3	1	114	72.80	1.6e-16	1	120	00bac0
2007	RF00001	7PJX	B	3	118	92.80	8.9e-22	1	120	00bac0
2008	RF00001	1NWY	9	5	121	83.40	2.8e-19	1	120	00bac0
2009	RF00001	3JBP	AB	1	118	100.50	8e-24	1	120	00bac0
2010	RF00001	4V7J	BB	3	119	112.30	6e-27	1	120	00bac0
2011	RF00001	5IT8	CB	3	118	92.80	8.9e-22	1	120	00bac0
2012	RF00001	5XXB	3	1	122	98.60	2.6e-23	1	120	00bac0
2013	RF00001	6CFJ	1B	3	119	112.30	6.1e-27	1	120	00bac0
2014	RF00001	6CFL	1B	3	119	112.30	6.1e-27	1	120	00bac0
2015	RF00001	8CMJ	BB	1	121	90.80	3e-21	1	120	00bac0
2016	RF00001	8FLD	L4	1	119	114.60	1.5e-27	1	120	00bac0
2017	RF00001	8YDF	2	3	118	92.80	8.9e-22	1	120	00bac0
2018	RF00001	4U20	BB	3	118	92.80	8.9e-22	1	120	00bac0
2019	RF00001	4U55	7	1	121	90.80	3e-21	1	120	00bac0
2020	RF00001	4V7T	DB	2	117	92.80	8.7e-22	1	120	00bac0
2021	RF00001	4WFA	Y	1	114	72.80	1.6e-16	1	120	00bac0
2022	RF00001	5JC9	CB	3	118	92.80	8.9e-22	1	120	00bac0
2023	RF00001	5KPS	29	3	118	92.80	8.9e-22	1	120	00bac0
2024	RF00001	5VPP	RB	3	119	112.30	6.1e-27	1	120	00bac0
2025	RF00001	5WDT	B	3	118	92.80	8.9e-22	1	120	00bac0
2026	RF00001	6BU8	02	3	118	92.80	8.9e-22	1	120	00bac0
2027	RF00001	6GZX	B2	5	121	112.30	6.1e-27	1	120	00bac0
2028	RF00001	7OPE	B	1	116	104.80	5.8e-25	1	120	00bac0
2029	RF00001	4V5K	BB	3	119	112.30	6.1e-27	1	120	00bac0
2030	RF00001	5X8T	B	4	120	64.60	2.5e-14	1	120	00bac0
2031	RF00001	6GZZ	B1	5	121	112.30	6.1e-27	1	120	00bac0
2032	RF00001	6NSH	YB	3	119	112.30	6.1e-27	1	120	00bac0
2033	RF00001	8B5L	7	1	119	114.60	1.5e-27	1	120	00bac0
2034	RF00001	8E41	J	2	117	92.80	8.8e-22	1	120	00bac0
2035	RF00001	8UTJ	3	3	118	92.80	8.9e-22	1	120	00bac0
2036	RF00001	8ZFG	b	3	118	92.80	8.9e-22	1	120	00bac0
2037	RF00001	9B0Q	L7	1	119	114.60	1.5e-27	1	120	00bac0
2038	RF00001	4V7A	BB	2	117	92.80	8.8e-22	1	120	00bac0
2039	RF00001	6OGG	2	3	118	92.80	8.9e-22	1	120	00bac0
2040	RF00001	6OXI	YB	5	121	112.30	6.2e-27	1	120	00bac0
2041	RF00001	7PI9	4	1	108	73.70	9e-17	1	120	00bac0
2042	RF00001	7U2I	1B	3	119	112.30	6.1e-27	1	120	00bac0
2043	RF00001	8BH4	1	3	118	92.80	8.9e-22	1	120	00bac0
2044	RF00001	8FC5	2B	3	119	112.30	6.1e-27	1	120	00bac0
2045	RF00001	8PHJ	b	3	118	92.80	8.9e-22	1	120	00bac0
2046	RF00001	8R3V	82	3	118	92.80	8.9e-22	1	120	00bac0
2047	RF00001	8RDW	D8	1	115	95.50	1.7e-22	1	120	00bac0
2048	RF00001	9BUS	AB	1	119	107.50	1.1e-25	1	120	00bac0
2049	RF00001	5TGM	3	1	121	90.80	3e-21	1	120	00bac0
2050	RF00001	5XY3	3	2	118	62.20	1.1e-13	1	120	00bac0
2051	RF00001	8IPB	TB	1	119	104.20	8.5e-25	1	120	00bac0
2052	RF00001	4V7I	A7	3	118	92.80	8.9e-22	1	120	00bac0
2053	RF00001	6GZ5	A4	1	119	114.60	1.5e-27	1	120	00bac0
2054	RF00001	7QVP	L9	1	119	114.60	1.5e-27	1	120	00bac0
2055	RF00001	8FMW	AB	2	112	80.70	1.3e-18	1	120	00bac0
2056	RF00001	9D0H	2B	3	119	112.30	6.1e-27	1	120	00bac0
2057	RF00001	5NDJ	1J	5	121	112.30	6.1e-27	1	120	00bac0
2058	RF00001	6BUW	YB	3	119	112.30	6.1e-27	1	120	00bac0
2059	RF00001	7BTB	3	1	121	90.80	3e-21	1	120	00bac0
2060	RF00001	7OBR	7	1	119	114.60	1.5e-27	1	120	00bac0
2061	RF00001	7OT5	3	3	118	92.80	8.9e-22	1	120	00bac0
2062	RF00001	7RQE	2B	3	119	112.30	6.1e-27	1	120	00bac0
2063	RF00001	7UNV	B	3	118	104.20	8.6e-25	1	120	00bac0
2064	RF00001	8IR3	5	1	119	114.60	1.5e-27	1	120	00bac0
2065	RF00001	9P4I	B	1	116	104.80	5.8e-25	1	120	00bac0
2066	RF00001	4V9O	EB	3	118	92.80	8.9e-22	1	120	00bac0
2067	RF00001	4W2G	DB	3	119	112.30	6.1e-27	1	120	00bac0
2068	RF00001	5JC9	DB	3	118	92.80	8.9e-22	1	120	00bac0
2069	RF00001	5LZX	7	1	119	114.60	1.5e-27	1	120	00bac0
2070	RF00001	6X9Q	d	3	118	92.80	8.9e-22	1	120	00bac0
2071	RF00001	6YS3	a	3	118	92.80	8.9e-22	1	120	00bac0
2072	RF00001	7O7Z	B7	1	119	114.60	1.5e-27	1	120	00bac0
2073	RF00001	4TUB	YB	3	119	112.30	6.1e-27	1	120	00bac0
2074	RF00001	4V9F	9	1	121	81.20	1.1e-18	1	120	00bac0
2075	RF00001	4V9O	GB	3	118	92.80	8.9e-22	1	120	00bac0
2076	RF00001	8FC2	2B	3	119	112.30	6.1e-27	1	120	00bac0
2077	RF00001	8T3D	A3	1	121	90.80	3e-21	1	120	00bac0
2078	RF00001	8YDE	2	3	118	92.80	8.9e-22	1	120	00bac0
2079	RF00001	9H3V	B	3	118	92.80	8.9e-22	1	120	00bac0
2080	RF00001	1VQ7	9	1	121	84.50	1.4e-19	1	120	00bac0
2081	RF00001	4U1V	BB	3	118	92.80	8.9e-22	1	120	00bac0
2082	RF00001	4V55	DA	3	118	92.80	8.9e-22	1	120	00bac0
2083	RF00001	4V71	BB	2	117	92.80	8.8e-22	1	120	00bac0
2084	RF00001	7PJS	B	3	118	92.80	8.9e-22	1	120	00bac0
2085	RF00001	9D0H	1B	3	119	112.30	6.1e-27	1	120	00bac0
2086	RF00001	9GGR	AW	3	118	92.80	8.9e-22	1	120	00bac0
2087	RF00001	3J6Y	5S	1	121	90.80	3e-21	1	120	00bac0
2088	RF00001	4V6E	DB	2	117	92.80	8.7e-22	1	120	00bac0
2089	RF00001	4V6R	BA	3	118	92.80	8.9e-22	1	120	00bac0
2090	RF00001	4V79	BB	2	117	92.80	8.8e-22	1	120	00bac0
2091	RF00001	4V8J	BB	3	119	112.30	6.1e-27	1	120	00bac0
2092	RF00001	4V9D	CB	3	118	92.80	8.9e-22	1	120	00bac0
2093	RF00001	5DGE	3	1	121	90.80	3e-21	1	120	00bac0
2094	RF00001	5H1S	B	4	120	64.60	2.5e-14	1	120	00bac0
2095	RF00001	6NUO	RB	3	119	112.30	6.1e-27	1	120	00bac0
2096	RF00001	6R5Q	7	1	119	114.60	1.5e-27	1	120	00bac0
2097	RF00001	6SWA	s	1	119	114.60	1.5e-27	1	120	00bac0
2098	RF00001	6XZA	B2	3	118	92.80	8.9e-22	1	120	00bac0
2099	RF00001	7K00	b	3	118	92.80	8.9e-22	1	120	00bac0
2100	RF00001	7O5B	Y	1	111	91.80	1.5e-21	3	117	00bac0
2101	RF00001	7S0S	i	3	116	84.10	1.7e-19	1	120	00bac0
2102	RF00001	8AP4	b	3	118	92.80	8.9e-22	1	120	00bac0
2103	RF00001	8RCT	82	3	118	92.80	8.9e-22	1	120	00bac0
2104	RF00001	8SYL	B	3	118	90.40	3.8e-21	1	120	00bac0
2105	RF00001	8VIO	B	3	116	84.10	1.7e-19	1	120	00bac0
2106	RF00001	8WI8	B	3	116	84.10	1.7e-19	1	120	00bac0
2107	RF00001	8XSX	L7	1	119	114.60	1.5e-27	1	120	00bac0
2108	RF00001	3CC2	9	1	121	81.20	1.1e-18	1	120	00bac0
2109	RF00001	4V67	BB	5	121	112.30	6.2e-27	1	120	00bac0
2110	RF00001	4V75	BB	2	117	92.80	8.8e-22	1	120	00bac0
2111	RF00001	4WU1	1J	5	121	112.30	6.1e-27	1	120	00bac0
2112	RF00001	6BOH	HB	3	119	112.30	6e-27	1	120	00bac0
2113	RF00001	6VYQ	d	3	118	92.80	8.9e-22	1	120	00bac0
2114	RF00001	8E42	J	2	117	92.80	8.8e-22	1	120	00bac0
2115	RF00001	8EV6	1B	3	119	112.30	6.1e-27	1	120	00bac0
2116	RF00001	8FL4	L4	1	119	114.60	1.5e-27	1	120	00bac0
2117	RF00001	8UX8	3	3	118	92.80	8.9e-22	1	120	00bac0
2118	RF00001	8VL1	d	3	118	92.80	8.9e-22	1	120	00bac0
2119	RF00001	8Y37	B	1	115	88.30	1.3e-20	1	120	00bac0
2120	RF00001	9NJF	R2	3	118	92.80	8.9e-22	1	120	00bac0
2121	RF00001	1VQL	9	1	121	84.50	1.4e-19	1	120	00bac0
2122	RF00001	3J8G	A	2	117	92.80	8.7e-22	1	120	00bac0
2123	RF00001	4V64	BA	3	118	92.80	8.9e-22	1	120	00bac0
2124	RF00001	4V8A	AB	3	119	112.30	6.1e-27	1	120	00bac0
2125	RF00001	6FTG	v	1	119	114.60	1.5e-27	1	120	00bac0
2126	RF00001	6P5K	7	1	119	114.60	1.5e-27	1	120	00bac0
2127	RF00001	6RI5	x	1	121	90.80	3e-21	1	120	00bac0
2128	RF00001	6XU8	A7	1	119	93.80	4.7e-22	1	120	00bac0
2129	RF00001	6ZMO	L7	1	119	114.60	1.5e-27	1	120	00bac0
2130	RF00001	8BHF	B2	1	119	114.60	1.5e-27	1	120	00bac0
2131	RF00001	8EKB	1B	3	119	112.30	6.1e-27	1	120	00bac0
2132	RF00001	8FL6	L4	1	119	114.60	1.5e-27	1	120	00bac0
2133	RF00001	8FZJ	B	3	118	90.40	3.8e-21	1	120	00bac0
2134	RF00001	6OLE	E	1	119	114.60	1.5e-27	1	120	00bac0
2135	RF00001	6VYX	d	3	118	92.80	8.9e-22	1	120	00bac0
2136	RF00001	7BL2	B	3	118	92.80	8.9e-22	1	120	00bac0
2137	RF00001	8C3A	3	1	121	80.20	1.8e-18	1	120	00bac0
2138	RF00001	8C90	B	3	118	92.80	8.9e-22	1	120	00bac0
2139	RF00001	8P4V	AS	1	121	90.80	3e-21	1	120	00bac0
2140	RF00001	9GHF	b	3	118	92.80	8.9e-22	1	120	00bac0
2141	RF00001	4U3N	3	1	121	90.80	3e-21	1	120	00bac0
2142	RF00001	4U4R	7	1	121	90.80	3e-21	1	120	00bac0
2143	RF00001	4V95	DB	3	119	112.30	6.1e-27	1	120	00bac0
2144	RF00001	4XEJ	B5S	3	119	112.30	6e-27	1	120	00bac0
2145	RF00001	6BZ7	YB	3	119	112.30	6.1e-27	1	120	00bac0
2146	RF00001	6ENJ	B	3	118	92.80	8.9e-22	1	120	00bac0
2147	RF00001	6LKQ	u	2	117	92.80	8.8e-22	1	120	00bac0
2148	RF00001	7NWI	7	1	119	114.60	1.5e-27	1	120	00bac0
2149	RF00001	7UVZ	B	1	115	98.20	3.1e-23	1	120	00bac0
2150	RF00001	8AAF	h	1	121	90.80	3e-21	1	120	00bac0
2151	RF00001	8RCS	82	3	118	92.80	8.9e-22	1	120	00bac0
2152	RF00001	8UQP	d	3	118	92.80	8.9e-22	1	120	00bac0
2153	RF00001	1VQ8	9	1	121	84.50	1.4e-19	1	120	00bac0
2154	RF00001	1VY6	BB	3	119	112.30	6.1e-27	1	120	00bac0
2155	RF00001	4V5E	BB	3	119	112.30	6.1e-27	1	120	00bac0
2156	RF00001	4V65	BA	2	117	92.80	8.7e-22	1	120	00bac0
2157	RF00001	5FDU	2B	3	119	112.30	6e-27	1	120	00bac0
2158	RF00001	5J4D	HB	3	119	112.30	6e-27	1	120	00bac0
2159	RF00001	6UO1	2B	3	119	112.30	6.1e-27	1	120	00bac0
2160	RF00001	7OOD	4	1	108	73.70	9e-17	1	120	00bac0
2161	RF00001	7QGN	O	3	118	92.80	8.9e-22	1	120	00bac0
2162	RF00001	8AZW	C	1	119	115.30	1e-27	1	120	00bac0
2163	RF00001	8PFR	LE	1	121	90.80	3e-21	1	120	00bac0
2164	RF00001	8ZHC	LB	1	121	90.80	3e-21	1	120	00bac0
2165	RF00001	3CCL	9	1	121	81.20	1.1e-18	1	120	00bac0
2166	RF00001	4P70	YB	3	119	112.30	6.1e-27	1	120	00bac0
2167	RF00001	5DGE	7	1	121	90.80	3e-21	1	120	00bac0
2168	RF00001	5LZS	7	1	119	114.60	1.5e-27	1	120	00bac0
2169	RF00001	6GSJ	16	5	121	112.30	6.1e-27	1	120	00bac0
2170	RF00001	6VWM	3	3	118	92.80	8.9e-22	1	120	00bac0
2171	RF00001	6ZTO	BB	3	118	92.80	8.9e-22	1	120	00bac0
2172	RF00001	7P7U	B	1	116	100.30	8.9e-24	1	120	00bac0
2173	RF00001	7PIA	4	1	108	73.70	9e-17	1	120	00bac0
2174	RF00001	8UU5	B	1	116	101.60	4e-24	1	120	00bac0
2175	RF00001	9MTQ	2B	3	119	112.30	6.1e-27	1	120	00bac0
2176	RF00002	4UJE	A3	2	154	143.30	3.2e-39	1	154	00bac0
2177	RF00002	8ESR	2	10	163	174.30	3.3e-48	1	154	00bac0
2178	RF00002	4V8M	BC	1	169	106.60	9.8e-29	1	154	00bac0
2179	RF00002	7NFX	8	2	154	143.30	2.5e-39	1	154	00bac0
2180	RF00002	8CIV	CC	2	155	175.40	1.6e-48	1	154	00bac0
2181	RF00002	3J6X	8S	2	155	175.40	1.6e-48	1	154	00bac0
2182	RF00002	6LQM	8	2	154	143.30	2.5e-39	1	154	00bac0
2183	RF00002	7Q0R	4	2	155	165.00	1.5e-45	1	154	00bac0
2184	RF00002	8ETH	2	10	163	174.30	3.3e-48	1	154	00bac0
2185	RF00002	8T3C	A4	2	155	175.40	1.6e-48	1	154	00bac0
2186	RF00002	6QT0	y	2	155	175.40	1.6e-48	1	154	00bac0
2187	RF00002	7BTB	2	2	155	175.40	1.6e-48	1	154	00bac0
2188	RF00002	8CMJ	CC	2	155	175.40	1.6e-48	1	154	00bac0
2189	RF00002	4U4Y	4	2	155	175.40	1.6e-48	1	154	00bac0
2190	RF00002	4U51	8	2	155	175.40	1.6e-48	1	154	00bac0
2191	RF00002	6I7O	YS	2	155	175.40	1.6e-48	1	154	00bac0
2192	RF00002	7O7Y	B8	2	154	143.30	2.6e-39	1	154	00bac0
2193	RF00002	9V21	lB	4	154	47.60	8.2e-12	1	154	00bac0
2194	RF00002	4U3N	8	2	155	175.40	1.6e-48	1	154	00bac0
2195	RF00002	8EUI	2	10	163	174.30	3.3e-48	1	154	00bac0
2196	RF00002	8OJ0	8	2	154	143.30	2.6e-39	1	154	00bac0
2197	RF00002	4V8P	B2	5	152	129.90	1.9e-35	1	154	00bac0
2198	RF00002	6GQ1	4	2	155	175.40	1.6e-48	1	154	00bac0
2199	RF00002	7CPV	L8	2	154	143.30	2.6e-39	1	154	00bac0
2200	RF00002	7N8B	A4	2	155	175.40	1.6e-48	1	154	00bac0
2201	RF00002	5OBM	8	2	155	175.40	1.6e-48	1	154	00bac0
2202	RF00002	6HCJ	81	2	154	143.30	2.5e-39	1	154	00bac0
2203	RF00002	8JIV	Ac	2	156	146.40	3.4e-40	1	154	00bac0
2204	RF00002	8OJ3	4	2	155	165.00	1.5e-45	1	154	00bac0
2205	RF00002	8T2Y	A4	2	155	175.40	1.6e-48	1	154	00bac0
2206	RF00002	5MC6	BS	2	155	175.40	1.6e-48	1	154	00bac0
2207	RF00002	5MEI	4	2	155	175.40	1.6e-48	1	154	00bac0
2208	RF00002	8CKU	CC	2	155	175.40	1.6e-48	1	154	00bac0
2209	RF00002	8FLA	L1	2	154	143.30	2.6e-39	1	154	00bac0
2210	RF00002	8XSX	L8	2	154	143.30	2.6e-39	1	154	00bac0
2211	RF00002	6MTD	8	2	149	134.30	9.8e-37	1	154	00bac0
2212	RF00002	6T83	Ca	2	155	175.40	1.6e-48	1	154	00bac0
2213	RF00002	7B7D	LC	2	155	175.40	1.6e-48	1	154	00bac0
2214	RF00002	8QFD	8	2	154	143.30	2.6e-39	1	154	00bac0
2215	RF00002	4U4N	8	2	155	175.40	1.6e-48	1	154	00bac0
2216	RF00002	5LKS	L8	2	154	143.30	2.6e-39	1	154	00bac0
2217	RF00002	7Q0P	4	2	155	165.00	1.5e-45	1	154	00bac0
2218	RF00002	8UIK	L8	2	154	143.30	2.5e-39	1	154	00bac0
2219	RF00002	8UTI	C	2	155	175.40	1.6e-48	1	154	00bac0
2220	RF00002	6Z6L	L8	2	154	143.30	2.6e-39	1	154	00bac0
2221	RF00002	7ZJX	L8	2	154	143.30	2.6e-39	1	154	00bac0
2222	RF00002	8T2Z	A4	2	155	175.40	1.6e-48	1	154	00bac0
2223	RF00002	6R5Q	8	2	149	134.30	9.8e-37	1	154	00bac0
2224	RF00002	6XIQ	4	2	155	175.40	1.6e-48	1	154	00bac0
2225	RF00002	8EVT	A4	2	155	175.40	1.6e-48	1	154	00bac0
2226	RF00002	8FKV	L1	2	154	143.30	2.6e-39	1	154	00bac0
2227	RF00002	4V8P	C2	5	152	129.90	1.9e-35	1	154	00bac0
2228	RF00002	8BIP	C3	2	155	175.40	1.6e-48	1	154	00bac0
2229	RF00002	8FKZ	L1	2	154	143.30	2.6e-39	1	154	00bac0
2230	RF00002	8UIZ	L8	2	154	143.30	2.5e-39	1	154	00bac0
2231	RF00002	5NDV	8	2	155	175.40	1.6e-48	1	154	00bac0
2232	RF00002	6OIG	8	2	155	175.40	1.6e-48	1	154	00bac0
2233	RF00002	7NAC	2	2	155	175.40	1.6e-48	1	154	00bac0
2234	RF00002	8CGN	CC	2	155	175.40	1.6e-48	1	154	00bac0
2235	RF00002	8P2K	B8	2	154	143.30	2.6e-39	1	154	00bac0
2236	RF00002	5NDV	4	2	155	175.40	1.6e-48	1	154	00bac0
2237	RF00002	6ZME	L8	2	154	143.30	2.6e-39	1	154	00bac0
2238	RF00002	7QVP	L8	2	154	143.30	2.6e-39	1	154	00bac0
2239	RF00002	8VVU	YA	2	154	143.30	2.5e-39	1	154	00bac0
2240	RF00002	4U50	8	2	155	175.40	1.6e-48	1	154	00bac0
2241	RF00002	8V84	2	2	155	175.40	1.6e-48	1	154	00bac0
2242	RF00002	7BT6	2	2	155	175.40	1.6e-48	1	154	00bac0
2243	RF00002	8VVR	YA	2	154	143.30	2.5e-39	1	154	00bac0
2244	RF00002	4UJD	A3	2	154	143.30	3.2e-39	1	154	00bac0
2245	RF00002	6IP5	1C	2	154	143.30	2.6e-39	1	154	00bac0
2246	RF00002	4U52	8	2	155	175.40	1.6e-48	1	154	00bac0
2247	RF00002	6EM1	2	2	155	175.40	1.6e-48	1	154	00bac0
2248	RF00002	6SGC	84	2	154	143.30	2.5e-39	1	154	00bac0
2249	RF00002	6YLH	2	2	155	175.40	1.6e-48	1	154	00bac0
2250	RF00002	8BHF	C2	2	154	143.30	2.5e-39	1	154	00bac0
2251	RF00002	8Q87	B8	2	154	144.00	1.6e-39	1	154	00bac0
2252	RF00002	4V7R	D3	2	155	175.40	1.6e-48	1	154	00bac0
2253	RF00002	8P8N	LD	2	155	175.40	1.6e-48	1	154	00bac0
2254	RF00002	4U4N	4	2	155	175.40	1.6e-48	1	154	00bac0
2255	RF00002	7QIZ	8	7	162	146.70	3e-40	1	154	00bac0
2256	RF00002	7QWR	8	2	154	143.30	2.5e-39	1	154	00bac0
2257	RF00002	8CDL	CC	2	155	175.40	1.6e-48	1	154	00bac0
2258	RF00002	8FKU	L1	2	154	143.30	2.6e-39	1	154	00bac0
2259	RF00002	4U4U	4	2	155	175.40	1.6e-48	1	154	00bac0
2260	RF00002	4U6F	4	2	155	175.40	1.6e-48	1	154	00bac0
2261	RF00002	8TPU	AC	6	157	107.60	4.8e-29	1	154	00bac0
2262	RF00002	8VVS	YA	2	154	143.30	2.5e-39	1	154	00bac0
2263	RF00002	6T7T	C3	2	155	175.40	1.6e-48	1	154	00bac0
2264	RF00002	7OYC	81	1	154	147.90	1.3e-40	1	154	00bac0
2265	RF00002	8UT0	C	2	155	175.40	1.6e-48	1	154	00bac0
2266	RF00002	6OLE	D	2	154	143.30	2.6e-39	1	154	00bac0
2267	RF00002	6T7I	C3	2	155	175.40	1.6e-48	1	154	00bac0
2268	RF00002	5ON6	AT	2	155	175.40	1.6e-48	1	154	00bac0
2269	RF00002	6R84	4	2	155	175.40	1.6e-48	1	154	00bac0
2270	RF00002	6T4Q	C3	2	155	175.40	1.6e-48	1	154	00bac0
2271	RF00002	4U6F	8	2	155	175.40	1.6e-48	1	154	00bac0
2272	RF00002	5TGM	4	2	155	175.40	1.6e-48	1	154	00bac0
2273	RF00002	8EUG	2	10	163	174.30	3.3e-48	1	154	00bac0
2274	RF00002	8IFE	1C	2	154	143.30	2.6e-39	1	154	00bac0
2275	RF00002	8JDL	F	2	154	143.30	2.5e-39	1	154	00bac0
2276	RF00002	8P4V	4	2	155	175.40	1.6e-48	1	154	00bac0
2277	RF00002	8QHU	7	1	168	112.20	2.4e-30	1	154	00bac0
2278	RF00002	8XU8	C	2	155	175.40	1.6e-48	1	154	00bac0
2279	RF00002	9GMO	C	2	154	143.30	2.6e-39	1	154	00bac0
2280	RF00002	9J9H	C	6	157	107.60	4.8e-29	1	154	00bac0
2281	RF00002	4V88	A4	2	155	175.40	1.6e-48	1	154	00bac0
2282	RF00002	9BUS	AC	6	157	107.60	4.8e-29	1	154	00bac0
2283	RF00002	6GZ4	A3	2	154	143.30	2.6e-39	1	154	00bac0
2284	RF00002	5DGF	8	2	155	175.40	1.6e-48	1	154	00bac0
2285	RF00002	5T2A	C	92	259	108.20	5.4e-29	1	154	00bac0
2286	RF00002	6OM7	D	2	154	143.30	2.6e-39	1	154	00bac0
2287	RF00002	8G6J	L8	2	154	143.30	2.5e-39	1	154	00bac0
2288	RF00002	8K2C	L8	2	154	143.30	2.6e-39	1	154	00bac0
2289	RF00002	8OI5	4	2	155	165.00	1.5e-45	1	154	00bac0
2290	RF00002	9B0Q	l8	2	154	143.30	2.5e-39	1	154	00bac0
2291	RF00002	4U3M	4	2	155	175.40	1.6e-48	1	154	00bac0
2292	RF00002	5TGA	8	2	155	175.40	1.6e-48	1	154	00bac0
2293	RF00002	7F5S	L8	2	154	143.30	2.5e-39	1	154	00bac0
2294	RF00002	8GLP	L8	2	154	143.30	2.5e-39	1	154	00bac0
2295	RF00002	6P5I	8	2	154	143.30	2.5e-39	1	154	00bac0
2296	RF00002	6WOO	8	2	155	175.40	1.6e-48	1	154	00bac0
2297	RF00002	7QWS	8	2	154	143.30	2.5e-39	1	154	00bac0
2298	RF00002	7UOO	2	2	155	175.40	1.6e-48	1	154	00bac0
2299	RF00002	8AGV	i	2	155	175.40	1.6e-48	1	154	00bac0
2300	RF00002	6EM3	2	2	155	175.40	1.6e-48	1	154	00bac0
2301	RF00002	6SXO	L8	2	154	143.30	2.6e-39	1	154	00bac0
2302	RF00002	5JUS	C	2	155	175.40	1.6e-48	1	154	00bac0
2303	RF00002	8INE	8	2	154	143.30	2.5e-39	1	154	00bac0
2304	RF00002	4U56	8	2	155	175.40	1.6e-48	1	154	00bac0
2305	RF00002	6T83	3b	2	155	175.40	1.6e-48	1	154	00bac0
2306	RF00002	7TOR	A58S	2	149	134.30	9.8e-37	1	154	00bac0
2307	RF00002	8FKP	L1	2	154	143.30	2.6e-39	1	154	00bac0
2308	RF00002	8UJC	L8	2	154	143.30	2.5e-39	1	154	00bac0
2309	RF00002	3JAJ	8	2	154	143.30	2.5e-39	1	154	00bac0
2310	RF00002	3JBO	AC	5	151	99.60	8.8e-27	1	154	00bac0
2311	RF00002	5I4L	8	2	155	175.40	1.6e-48	1	154	00bac0
2312	RF00002	6FRK	8	2	154	143.30	2.5e-39	1	154	00bac0
2313	RF00002	6N8L	3	2	155	175.40	1.6e-48	1	154	00bac0
2314	RF00002	7NRC	LC	2	155	175.40	1.6e-48	1	154	00bac0
2315	RF00002	7OHU	2	2	155	175.40	1.6e-48	1	154	00bac0
2316	RF00002	7R7A	2	2	155	175.40	1.6e-48	1	154	00bac0
2317	RF00002	6D90	8	2	149	134.30	9.8e-37	1	154	00bac0
2318	RF00002	6ELZ	2	2	155	175.40	1.6e-48	1	154	00bac0
2319	RF00002	6FTI	w	2	154	143.30	2.5e-39	1	154	00bac0
2320	RF00002	8G5Z	L8	2	154	143.30	2.5e-39	1	154	00bac0
2321	RF00002	8WV1	a	12	158	50.60	2.1e-11	1	154	00bac0
2322	RF00002	5M1J	44	2	155	175.40	1.6e-48	1	154	00bac0
2323	RF00002	8JDJ	F	2	154	143.30	2.5e-39	1	154	00bac0
2324	RF00002	8T3F	A4	2	155	175.40	1.6e-48	1	154	00bac0
2325	RF00002	4V7E	Ac	2	157	148.10	1.1e-40	1	154	00bac0
2326	RF00002	6SNT	3	2	155	175.40	1.6e-48	1	154	00bac0
2327	RF00002	8ZHC	LC	2	155	175.40	1.6e-48	1	154	00bac0
2328	RF00002	6FTJ	w	2	154	143.30	2.5e-39	1	154	00bac0
2329	RF00002	8PV1	C2	2	155	173.50	5.6e-48	1	154	00bac0
2330	RF00002	8RJD	v	2	154	143.30	2.5e-39	1	154	00bac0
2331	RF00002	9HL9	L7	1	168	112.20	2.4e-30	1	154	00bac0
2332	RF00002	3JBN	AC	5	151	99.60	8.8e-27	1	154	00bac0
2333	RF00002	6R7Q	8	2	149	134.30	9.8e-37	1	154	00bac0
2334	RF00002	6Y0G	L8	2	154	143.30	2.5e-39	1	154	00bac0
2335	RF00002	8K82	C3	2	155	175.40	1.6e-48	1	154	00bac0
2336	RF00002	6LSR	8	2	154	143.30	2.5e-39	1	154	00bac0
2337	RF00002	8BPO	C1	2	154	143.30	2.5e-39	1	154	00bac0
2338	RF00002	8A98	7	1	168	109.90	1.2e-29	1	154	00bac0
2339	RF00002	7OYB	81	1	156	144.50	1.2e-39	1	154	00bac0
2340	RF00002	8ETG	2	10	163	174.30	3.3e-48	1	154	00bac0
2341	RF00002	7UQB	2	2	155	175.40	1.6e-48	1	154	00bac0
2342	RF00002	6GQB	4	2	155	175.40	1.6e-48	1	154	00bac0
2343	RF00002	6OLZ	A3	2	154	143.30	2.6e-39	1	154	00bac0
2344	RF00002	8OO0	4	2	155	173.50	5.6e-48	1	154	00bac0
2345	RF00002	8RXX	L7	1	168	112.20	2.4e-30	1	154	00bac0
2346	RF00002	8UJK	L8	2	154	143.30	2.5e-39	1	154	00bac0
2347	RF00002	6HHQ	4	2	155	175.40	1.6e-48	1	154	00bac0
2348	RF00002	8FKW	L1	2	154	143.30	2.6e-39	1	154	00bac0
2349	RF00002	5T2C	C	2	154	143.30	2.6e-39	1	154	00bac0
2350	RF00002	7OHS	2	2	155	175.40	1.6e-48	1	154	00bac0
2351	RF00002	4U4Y	8	2	155	175.40	1.6e-48	1	154	00bac0
2352	RF00002	7BHP	L8	2	154	143.30	2.5e-39	1	154	00bac0
2353	RF00002	7OYA	81	1	156	144.50	1.2e-39	1	154	00bac0
2354	RF00002	8I9W	C2	2	155	173.50	1.1e-47	1	154	00bac0
2355	RF00002	8V87	2	2	155	175.40	1.6e-48	1	154	00bac0
2356	RF00002	2WWA	D	1	63	66.80	9.8e-18	40	102	00bac0
2357	RF00002	5DAT	8	2	155	175.40	1.6e-48	1	154	00bac0
2358	RF00002	8EUP	2	10	163	174.30	3.3e-48	1	154	00bac0
2359	RF00002	8OHD	8	2	154	143.30	2.6e-39	1	154	00bac0
2360	RF00002	8V83	2	2	155	175.40	1.6e-48	1	154	00bac0
2361	RF00002	4U3M	8	2	155	175.40	1.6e-48	1	154	00bac0
2362	RF00002	6ZM7	L8	2	154	143.30	2.6e-39	1	154	00bac0
2363	RF00002	8P9A	4	2	155	175.40	1.6e-48	1	154	00bac0
2364	RF00002	8VVQ	YA	2	154	143.30	2.5e-39	1	154	00bac0
2365	RF00002	9B0F	L8	2	154	143.30	2.5e-39	1	154	00bac0
2366	RF00002	4U4R	4	2	155	175.40	1.6e-48	1	154	00bac0
2367	RF00002	5XXB	4	2	156	155.40	8.5e-43	1	154	00bac0
2368	RF00002	9AZC	L8	2	154	143.30	2.5e-39	1	154	00bac0
2369	RF00002	9B11	L8	2	154	143.30	2.5e-39	1	154	00bac0
2370	RF00002	5UMD	C	6	157	107.60	4.8e-29	1	154	00bac0
2371	RF00002	8RJC	v	2	154	143.30	2.5e-39	1	154	00bac0
2372	RF00002	4V6X	A8	2	154	143.30	2.6e-39	1	154	00bac0
2373	RF00002	5LZW	8	2	154	143.30	2.5e-39	1	154	00bac0
2374	RF00002	6HHQ	AT	2	155	175.40	1.6e-48	1	154	00bac0
2375	RF00002	8C3A	4	2	155	165.00	1.5e-45	1	154	00bac0
2376	RF00002	8IPA	SB	2	157	148.10	1.1e-40	1	154	00bac0
2377	RF00002	8PV2	C2	2	155	173.50	5.6e-48	1	154	00bac0
2378	RF00002	6FTG	w	2	154	143.30	2.5e-39	1	154	00bac0
2379	RF00002	7OF1	2	2	155	175.40	1.6e-48	1	154	00bac0
2380	RF00002	7UCJ	8	2	154	139.90	2.4e-38	1	154	00bac0
2381	RF00002	8CRE	AU	2	155	165.00	1.5e-45	1	154	00bac0
2382	RF00002	9BUU	AC	6	157	107.60	4.8e-29	1	154	00bac0
2383	RF00002	9V26	lB	4	154	47.60	8.2e-12	1	154	00bac0
2384	RF00002	3JAH	8	2	154	143.30	2.5e-39	1	154	00bac0
2385	RF00002	7O80	B8	2	154	143.30	2.6e-39	1	154	00bac0
2386	RF00002	7OH3	2	2	155	175.40	1.6e-48	1	154	00bac0
2387	RF00002	8C3A	AU	2	155	165.00	1.5e-45	1	154	00bac0
2388	RF00002	8QIE	7	1	168	112.20	2.4e-30	1	154	00bac0
2389	RF00002	8ZGY	LC	2	155	175.40	1.6e-48	1	154	00bac0
2390	RF00002	7UG6	2	2	155	175.40	1.6e-48	1	154	00bac0
2391	RF00002	8IPY	8	2	154	143.30	2.5e-39	1	154	00bac0
2392	RF00002	3JBP	AC	5	151	99.60	8.8e-27	1	154	00bac0
2393	RF00002	5LYB	8	2	155	175.40	1.6e-48	1	154	00bac0
2394	RF00002	7MDZ	8	2	154	143.30	2.5e-39	1	154	00bac0
2395	RF00002	8IR3	8	2	154	143.30	2.5e-39	1	154	00bac0
2396	RF00002	8P85	4	2	155	175.40	1.6e-48	1	154	00bac0
2397	RF00002	6SV4	YS	2	155	175.40	1.6e-48	1	154	00bac0
2398	RF00002	8BTK	B8	2	154	143.30	2.6e-39	1	154	00bac0
2399	RF00002	5FCI	8	2	155	175.40	1.6e-48	1	154	00bac0
2400	RF00002	6CB1	2	2	155	175.40	1.6e-48	1	154	00bac0
2401	RF00002	7QIW	8	7	162	146.70	3e-40	1	154	00bac0
2402	RF00002	8FKR	L1	2	154	143.30	2.6e-39	1	154	00bac0
2403	RF00002	8IP8	SB	2	157	148.10	1.1e-40	1	154	00bac0
2404	RF00002	7OYD	8	2	154	143.30	2.5e-39	1	154	00bac0
2405	RF00002	9AZN	L8	2	154	143.30	2.5e-39	1	154	00bac0
2406	RF00002	7OHR	2	2	155	175.40	1.6e-48	1	154	00bac0
2407	RF00002	7Q08	4	2	155	165.00	1.5e-45	1	154	00bac0
2408	RF00002	8B2L	B3	5	160	147.50	1.6e-40	1	154	00bac0
2409	RF00002	8HFR	3n	2	155	175.40	1.6e-48	1	154	00bac0
2410	RF00002	8I9Y	C2	2	155	173.50	1.1e-47	1	154	00bac0
2411	RF00002	8Q5I	4	2	155	165.00	1.5e-45	1	154	00bac0
2412	RF00002	3J77	8S	2	155	175.40	1.6e-48	1	154	00bac0
2413	RF00002	3J79	C	6	157	107.60	4.8e-29	1	154	00bac0
2414	RF00002	6OLG	A3	2	154	143.30	2.6e-39	1	154	00bac0
2415	RF00002	8I9P	C2	2	155	173.50	1.1e-47	1	154	00bac0
2416	RF00002	8OVJ	7	1	168	112.20	2.4e-30	1	154	00bac0
2417	RF00002	3J7P	8	2	154	143.30	2.5e-39	1	154	00bac0
2418	RF00002	5NDG	4	2	155	175.40	1.6e-48	1	154	00bac0
2419	RF00002	8AGZ	i	2	155	175.40	1.6e-48	1	154	00bac0
2420	RF00002	8AZW	B	5	160	147.50	1.6e-40	1	154	00bac0
2421	RF00002	8FL7	L1	2	154	143.30	2.6e-39	1	154	00bac0
2422	RF00002	5LZY	8	2	154	143.30	2.5e-39	1	154	00bac0
2423	RF00002	6XA1	L8	1	153	143.30	2.5e-39	1	154	00bac0
2424	RF00002	7QGG	D	2	154	143.30	2.6e-39	1	154	00bac0
2425	RF00002	8B5L	8	2	154	143.30	2.5e-39	1	154	00bac0
2426	RF00002	9F1B	B8	2	154	143.30	2.6e-39	1	154	00bac0
2427	RF00002	3J7R	8	2	154	143.30	2.5e-39	1	154	00bac0
2428	RF00002	6R86	4	2	155	175.40	1.6e-48	1	154	00bac0
2429	RF00002	8OI5	AU	2	155	165.00	1.5e-45	1	154	00bac0
2430	RF00002	8PV4	C2	2	155	173.50	5.6e-48	1	154	00bac0
2431	RF00002	9B0S	L8	2	154	143.30	2.5e-39	1	154	00bac0
2432	RF00002	5DGV	4	2	155	175.40	1.6e-48	1	154	00bac0
2433	RF00002	6Y2L	L8	2	154	143.30	2.5e-39	1	154	00bac0
2434	RF00002	7ZPQ	3	2	155	175.40	1.6e-48	1	154	00bac0
2435	RF00002	7ZW0	LD	2	155	175.40	1.6e-48	1	154	00bac0
2436	RF00002	9FXO	L7	1	168	112.20	2.4e-30	1	154	00bac0
2437	RF00002	9I78	L2	2	155	173.50	5.6e-48	1	154	00bac0
2438	RF00002	6OM0	D	2	154	143.30	2.6e-39	1	154	00bac0
2439	RF00002	4V7R	B3	2	155	175.40	1.6e-48	1	154	00bac0
2440	RF00002	7V08	2	2	155	175.40	1.6e-48	1	154	00bac0
2441	RF00002	8BQD	BS	2	155	175.40	1.6e-48	1	154	00bac0
2442	RF00002	9QIW	L8	2	154	143.30	2.6e-39	1	154	00bac0
2443	RF00002	8CQ7	4	2	155	165.00	1.5e-45	1	154	00bac0
2444	RF00002	8IR1	8	2	154	143.30	2.5e-39	1	154	00bac0
2445	RF00002	6N8J	3	2	155	175.40	1.6e-48	1	154	00bac0
2446	RF00002	6RI5	y	2	155	175.40	1.6e-48	1	154	00bac0
2447	RF00002	8ETC	2	10	163	174.30	3.3e-48	1	154	00bac0
2448	RF00002	8EUY	2	10	163	174.30	3.3e-48	1	154	00bac0
2449	RF00002	8G61	L8	2	154	143.30	2.5e-39	1	154	00bac0
2450	RF00002	8FLB	L1	2	154	143.30	2.6e-39	1	154	00bac0
2451	RF00002	7OHW	2	2	155	175.40	1.6e-48	1	154	00bac0
2452	RF00002	8FLC	L1	2	154	143.30	2.6e-39	1	154	00bac0
2453	RF00002	6QTZ	y	2	155	175.40	1.6e-48	1	154	00bac0
2454	RF00002	7TOQ	A58S	2	154	143.30	2.5e-39	1	154	00bac0
2455	RF00002	8RJB	v	2	154	143.30	2.5e-39	1	154	00bac0
2456	RF00002	4U4Z	8	2	155	175.40	1.6e-48	1	154	00bac0
2457	RF00002	5JUP	C	2	155	175.40	1.6e-48	1	154	00bac0
2458	RF00002	5XY3	4	3	158	86.40	6e-23	1	154	00bac0
2459	RF00002	4D67	3	2	154	143.30	3.2e-39	1	154	00bac0
2460	RF00002	8BF9	8	2	154	143.30	2.5e-39	1	154	00bac0
2461	RF00002	8UJD	L8	2	154	143.30	2.5e-39	1	154	00bac0
2462	RF00002	6IP8	1C	2	154	143.30	2.6e-39	1	154	00bac0
2463	RF00002	8K2D	C3	2	155	175.40	1.6e-48	1	154	00bac0
2464	RF00002	8T3A	A4	2	155	175.40	1.6e-48	1	154	00bac0
2465	RF00002	6HCF	82	2	154	143.30	2.5e-39	1	154	00bac0
2466	RF00002	6Y57	L8	2	154	143.30	2.5e-39	1	154	00bac0
2467	RF00002	8CQW	AU	2	155	165.00	1.5e-45	1	154	00bac0
2468	RF00002	8P8U	LD	2	155	175.40	1.6e-48	1	154	00bac0
2469	RF00002	9QQB	B8	2	154	143.30	2.6e-39	1	154	00bac0
2470	RF00002	7Z3N	4	2	155	173.50	5.6e-48	1	154	00bac0
2471	RF00002	2WWB	D	1	63	66.80	9.8e-18	40	102	00bac0
2472	RF00002	8UIY	L8	2	154	143.30	2.5e-39	1	154	00bac0
2473	RF00002	8UJ9	L8	2	154	143.30	2.5e-39	1	154	00bac0
2474	RF00002	8YLR	C	2	155	175.40	1.6e-48	1	154	00bac0
2475	RF00002	8FKY	L1	2	154	143.30	2.6e-39	1	154	00bac0
2476	RF00002	8OEQ	4	2	155	165.00	1.5e-45	1	154	00bac0
2477	RF00002	8EUB	A4	2	155	175.40	1.6e-48	1	154	00bac0
2478	RF00002	8RXH	L7	1	168	112.20	2.4e-30	1	154	00bac0
2479	RF00002	8Y0X	L8	2	154	143.30	2.6e-39	1	154	00bac0
2480	RF00002	6M62	2	2	155	175.40	1.6e-48	1	154	00bac0
2481	RF00002	6N8M	C	2	155	175.40	1.6e-48	1	154	00bac0
2482	RF00002	6XIR	4	2	155	175.40	1.6e-48	1	154	00bac0
2483	RF00002	8JDK	F	2	154	143.30	2.5e-39	1	154	00bac0
2484	RF00002	8ONZ	2	2	155	173.50	5.6e-48	1	154	00bac0
2485	RF00002	8WV1	A	12	158	50.60	2.1e-11	1	154	00bac0
2486	RF00002	8Z71	C	2	155	175.40	1.6e-48	1	154	00bac0
2487	RF00002	8RL2	L8	2	154	143.30	2.6e-39	1	154	00bac0
2488	RF00002	4V7H	B4	2	154	160.60	2.9e-44	1	154	00bac0
2489	RF00002	5DGE	8	2	155	175.40	1.6e-48	1	154	00bac0
2490	RF00002	5NDG	8	2	155	175.40	1.6e-48	1	154	00bac0
2491	RF00002	6R87	4	2	155	175.40	1.6e-48	1	154	00bac0
2492	RF00002	8B6C	8	2	154	143.30	2.5e-39	1	154	00bac0
2493	RF00002	9F1C	B8	2	154	143.30	2.6e-39	1	154	00bac0
2494	RF00002	9N9J	L8	2	154	143.30	2.6e-39	1	154	00bac0
2495	RF00002	4V3P	L2	1	156	142.30	5.2e-39	1	154	00bac0
2496	RF00002	6XU6	A8	1	123	90.20	3.7e-24	1	125	00bac0
2497	RF00002	7NRD	LC	2	155	175.40	1.6e-48	1	154	00bac0
2498	RF00002	9B0Q	L8	2	154	143.30	2.5e-39	1	154	00bac0
2499	RF00002	9F1D	B8	2	154	143.30	2.6e-39	1	154	00bac0
2500	RF00002	9G6J	4	2	155	165.00	1.5e-45	1	154	00bac0
2501	RF00002	4V6W	A8	1	123	90.20	3.7e-24	1	125	00bac0
2502	RF00002	7TOP	A58S	2	155	175.40	1.6e-48	1	154	00bac0
2503	RF00002	8CF5	CC	2	155	175.40	1.6e-48	1	154	00bac0
2504	RF00002	8OJ8	8	2	154	143.30	2.6e-39	1	154	00bac0
2505	RF00002	8P9A	AT	2	155	175.40	1.6e-48	1	154	00bac0
2506	RF00002	8UKB	L8	2	154	143.30	2.5e-39	1	154	00bac0
2507	RF00002	8CCS	CC	2	155	175.40	1.6e-48	1	154	00bac0
2508	RF00002	5LZZ	8	2	154	143.30	2.5e-39	1	154	00bac0
2509	RF00002	6XU8	A8	1	123	90.20	3.7e-24	1	125	00bac0
2510	RF00002	8ETJ	2	10	163	174.30	3.3e-48	1	154	00bac0
2511	RF00002	8FL3	L1	2	154	143.30	2.6e-39	1	154	00bac0
2512	RF00002	4U56	4	2	155	175.40	1.6e-48	1	154	00bac0
2513	RF00002	4V8T	8	2	155	175.40	1.6e-48	1	154	00bac0
2514	RF00002	5LZT	8	2	154	143.30	2.5e-39	1	154	00bac0
2515	RF00002	5MEI	AT	2	155	175.40	1.6e-48	1	154	00bac0
2516	RF00002	7OLC	4	2	155	173.50	5.6e-48	1	154	00bac0
2517	RF00002	8PV5	C2	2	155	173.50	5.6e-48	1	154	00bac0
2518	RF00002	5I4L	4	2	155	175.40	1.6e-48	1	154	00bac0
2519	RF00002	7LS1	C2	2	154	143.30	2.8e-39	1	154	00bac0
2520	RF00002	7O81	B8	2	154	143.30	2.6e-39	1	154	00bac0
2521	RF00002	8EWC	A4	2	155	175.40	1.6e-48	1	154	00bac0
2522	RF00002	8VVV	8	2	154	143.30	2.5e-39	1	154	00bac0
2523	RF00002	8YLD	C	2	155	175.40	1.6e-48	1	154	00bac0
2524	RF00002	6S05	y	2	155	175.40	1.6e-48	1	154	00bac0
2525	RF00002	7R6Q	2	1	54	47.40	3.3e-12	101	154	00bac0
2526	RF00002	8AGX	i	2	155	175.40	1.6e-48	1	154	00bac0
2527	RF00002	8IE3	8	2	154	143.30	2.5e-39	1	154	00bac0
2528	RF00002	9AXT	B4	10	163	174.30	3.3e-48	1	154	00bac0
2529	RF00002	9V25	lB	4	154	47.60	8.2e-12	1	154	00bac0
2530	RF00002	7XNY	L3	2	154	143.30	2.5e-39	1	154	00bac0
2531	RF00002	8IA0	C2	2	155	173.50	1.1e-47	1	154	00bac0
2532	RF00002	2WW9	D	1	63	66.80	9.8e-18	40	102	00bac0
2533	RF00002	5LZU	8	2	154	143.30	2.5e-39	1	154	00bac0
2534	RF00002	7PZY	4	2	155	165.00	1.5e-45	1	154	00bac0
2535	RF00002	7NWH	8	2	149	134.30	9.8e-37	1	154	00bac0
2536	RF00002	9H4N	C2	2	154	143.30	2.5e-39	1	154	00bac0
2537	RF00002	3JAG	8	2	154	143.30	2.5e-39	1	154	00bac0
2538	RF00002	6ZJ3	LA	1	163	65.40	6.5e-17	1	154	00bac0
2539	RF00002	6ZVK	h2	2	154	143.30	2.5e-39	1	154	00bac0
2540	RF00002	7UCK	8	2	154	139.90	2.4e-38	1	154	00bac0
2541	RF00002	8PFR	LD	2	155	175.40	1.6e-48	1	154	00bac0
2542	RF00002	9B0H	L8	2	154	143.30	2.5e-39	1	154	00bac0
2543	RF00002	5APO	8	2	155	175.40	1.6e-48	1	154	00bac0
2544	RF00002	8ZHB	LC	2	155	175.40	1.6e-48	1	154	00bac0
2545	RF00002	9BH5	A8	2	151	109.20	1.6e-29	1	154	00bac0
2546	RF00002	6LSS	8	2	154	143.30	2.5e-39	1	154	00bac0
2547	RF00002	8OH6	4	2	155	165.00	1.5e-45	1	154	00bac0
2548	RF00002	4U52	4	2	155	175.40	1.6e-48	1	154	00bac0
2549	RF00002	6SWA	r	2	154	143.30	2.6e-39	1	154	00bac0
2550	RF00002	7NWI	8	2	154	143.30	2.5e-39	1	154	00bac0
2551	RF00002	7Z34	3	2	155	175.40	1.6e-48	1	154	00bac0
2552	RF00002	5DC3	8	2	155	175.40	1.6e-48	1	154	00bac0
2553	RF00002	6Q8Y	BS	2	155	175.40	1.6e-48	1	154	00bac0
2554	RF00002	9BDN	A58S	2	154	143.30	2.5e-39	1	154	00bac0
2555	RF00002	6QZP	L8	2	154	143.30	2.5e-39	1	154	00bac0
2556	RF00002	5JUU	C	2	155	175.40	1.6e-48	1	154	00bac0
2557	RF00002	7A01	h2	2	154	143.30	2.5e-39	1	154	00bac0
2558	RF00002	5AJ0	A3	2	154	143.30	3.2e-39	1	154	00bac0
2559	RF00002	5ON6	4	2	155	175.40	1.6e-48	1	154	00bac0
2560	RF00002	8PV7	C2	2	155	173.50	5.6e-48	1	154	00bac0
2561	RF00002	4U51	4	2	155	175.40	1.6e-48	1	154	00bac0
2562	RF00002	6TNU	BS	2	155	175.40	1.6e-48	1	154	00bac0
2563	RF00002	8Y0U	C3	2	155	175.40	1.6e-48	1	154	00bac0
2564	RF00002	9GY4	8	2	154	143.30	2.6e-39	1	154	00bac0
2565	RF00002	3JAN	8	2	154	143.30	2.5e-39	1	154	00bac0
2566	RF00002	6N8K	3	2	155	175.40	1.6e-48	1	154	00bac0
2567	RF00002	6RZZ	y	2	155	175.40	1.6e-48	1	154	00bac0
2568	RF00002	6Z6K	C3	2	155	175.40	1.6e-48	1	154	00bac0
2569	RF00002	8ZH3	LC	2	155	175.40	1.6e-48	1	154	00bac0
2570	RF00002	9G1Z	4	2	155	165.00	1.5e-45	1	154	00bac0
2571	RF00002	5JUT	C	2	155	175.40	1.6e-48	1	154	00bac0
2572	RF00002	6QIK	y	2	155	175.40	1.6e-48	1	154	00bac0
2573	RF00002	4U4Z	4	2	155	175.40	1.6e-48	1	154	00bac0
2574	RF00002	6C0F	2	2	155	175.40	1.6e-48	1	154	00bac0
2575	RF00002	7NWG	81	2	149	134.30	9.8e-37	1	154	00bac0
2576	RF00002	7OBR	8	2	154	143.30	2.5e-39	1	154	00bac0
2577	RF00002	7OSM	58S	2	155	175.40	1.6e-48	1	154	00bac0
2578	RF00002	8G5Y	L8	2	154	143.30	2.5e-39	1	154	00bac0
2579	RF00002	8OEQ	AU	2	155	165.00	1.5e-45	1	154	00bac0
2580	RF00002	9V24	lB	4	154	47.60	8.2e-12	1	154	00bac0
2581	RF00002	7OSA	58S	363	516	175.40	7.7e-48	1	154	00bac0
2582	RF00002	8I9T	C2	2	155	173.50	9.1e-48	1	154	00bac0
2583	RF00002	5H4P	4	2	155	175.40	1.6e-48	1	154	00bac0
2584	RF00002	8T30	A4	2	155	175.40	1.6e-48	1	154	00bac0
2585	RF00002	9BDL	A58S	2	154	143.30	2.5e-39	1	154	00bac0
2586	RF00002	4V6I	DB	2	155	175.40	1.6e-48	1	154	00bac0
2587	RF00002	6GZ3	A3	2	154	143.30	2.6e-39	1	154	00bac0
2588	RF00002	8PNN	4	2	155	175.40	1.6e-48	1	154	00bac0
2589	RF00002	8Z70	C	2	155	175.40	1.6e-48	1	154	00bac0
2590	RF00002	5FCJ	4	2	155	175.40	1.6e-48	1	154	00bac0
2591	RF00002	4U3U	4	2	155	175.40	1.6e-48	1	154	00bac0
2592	RF00002	8FKS	L1	2	154	143.30	2.6e-39	1	154	00bac0
2593	RF00002	8QOI	L8	2	154	143.30	2.6e-39	1	154	00bac0
2594	RF00002	5LZV	8	2	154	143.30	2.5e-39	1	154	00bac0
2595	RF00002	9B0O	L8	2	154	143.30	2.5e-39	1	154	00bac0
2596	RF00002	3JCT	2	2	155	175.40	1.6e-48	1	154	00bac0
2597	RF00002	4V8Y	B8	2	155	175.40	1.6e-48	1	154	00bac0
2598	RF00002	7AZY	G	2	155	175.40	1.6e-48	1	154	00bac0
2599	RF00002	7U0H	2	2	155	175.40	1.6e-48	1	154	00bac0
2600	RF00002	4U53	8	2	155	175.40	1.6e-48	1	154	00bac0
2601	RF00002	6GQV	4	2	155	175.40	1.6e-48	1	154	00bac0
2602	RF00002	4UG0	L8	2	154	143.30	2.6e-39	1	154	00bac0
2603	RF00002	5GAK	4	2	155	175.40	1.6e-48	1	154	00bac0
2604	RF00002	5LZS	8	2	154	143.30	2.5e-39	1	154	00bac0
2605	RF00002	5TBW	4	2	155	175.40	1.6e-48	1	154	00bac0
2606	RF00002	6GZ5	A3	2	154	143.30	2.6e-39	1	154	00bac0
2607	RF00002	7ZUW	3	2	155	175.40	1.6e-48	1	154	00bac0
2608	RF00002	8FLF	L1	2	154	143.30	2.6e-39	1	154	00bac0
2609	RF00002	5DGF	4	2	155	175.40	1.6e-48	1	154	00bac0
2610	RF00002	8FL6	L1	2	154	143.30	2.6e-39	1	154	00bac0
2611	RF00002	8T3B	A4	2	155	175.40	1.6e-48	1	154	00bac0
2612	RF00002	4U4Q	4	2	155	175.40	1.6e-48	1	154	00bac0
2613	RF00002	4V8P	E2	5	152	129.90	1.9e-35	1	154	00bac0
2614	RF00002	6N8N	C	2	155	175.40	1.6e-48	1	154	00bac0
2615	RF00002	8CQ7	AU	2	155	165.00	1.5e-45	1	154	00bac0
2616	RF00002	3J7O	8	2	154	143.30	2.5e-39	1	154	00bac0
2617	RF00002	7OHX	2	2	155	175.40	1.6e-48	1	154	00bac0
2618	RF00002	8IDT	8	2	154	143.30	2.5e-39	1	154	00bac0
2619	RF00002	8IPB	SB	2	157	148.10	1.1e-40	1	154	00bac0
2620	RF00002	9V1I	lB	4	154	47.60	8.2e-12	1	154	00bac0
2621	RF00002	5DGE	4	2	155	175.40	1.6e-48	1	154	00bac0
2622	RF00002	5IT7	8	2	155	167.60	2.8e-46	1	154	00bac0
2623	RF00002	6HCQ	81	2	154	143.30	2.5e-39	1	154	00bac0
2624	RF00002	7ZRS	3	2	155	175.40	1.6e-48	1	154	00bac0
2625	RF00002	8EVP	A4	2	155	175.40	1.6e-48	1	154	00bac0
2626	RF00002	8XSY	L8	2	154	143.30	2.6e-39	1	154	00bac0
2627	RF00002	5DGV	8	2	155	175.40	1.6e-48	1	154	00bac0
2628	RF00002	6P5K	8	2	154	143.30	2.5e-39	1	154	00bac0
2629	RF00002	8AGW	i	2	155	175.40	1.6e-48	1	154	00bac0
2630	RF00002	8OVE	BC	1	169	106.60	1.2e-28	1	154	00bac0
2631	RF00002	8QYX	C2	2	154	143.30	2.6e-39	1	154	00bac0
2632	RF00002	6OLF	D	2	154	143.30	2.6e-39	1	154	00bac0
2633	RF00002	6TB3	BS	2	155	175.40	1.6e-48	1	154	00bac0
2634	RF00002	8AGU	i	2	155	175.40	1.6e-48	1	154	00bac0
2635	RF00002	9OFV	i	2	155	175.40	1.6e-48	1	154	00bac0
2636	RF00002	5Z3G	B	2	155	175.40	1.6e-48	1	154	00bac0
2637	RF00002	6ZMI	L8	2	154	143.30	2.6e-39	1	154	00bac0
2638	RF00002	8FKX	L1	2	154	143.30	2.6e-39	1	154	00bac0
2639	RF00002	8I9X	C2	2	155	173.50	1.1e-47	1	154	00bac0
2640	RF00002	7OHQ	2	2	155	175.40	1.6e-48	1	154	00bac0
2641	RF00002	9BUT	AC	6	157	107.60	4.8e-29	1	154	00bac0
2642	RF00002	7O7Z	B8	2	154	143.30	2.6e-39	1	154	00bac0
2643	RF00002	7ZUX	3	2	155	175.40	1.6e-48	1	154	00bac0
2644	RF00002	8SCB	8	2	154	143.30	2.5e-39	1	154	00bac0
2645	RF00002	8UJB	L8	2	154	143.30	2.5e-39	1	154	00bac0
2646	RF00002	5OBM	4	2	155	175.40	1.6e-48	1	154	00bac0
2647	RF00002	6ZMO	L8	2	154	143.30	2.6e-39	1	154	00bac0
2648	RF00002	8BN3	4	2	155	175.40	1.6e-48	1	154	00bac0
2649	RF00002	3JAI	8	2	154	143.30	2.5e-39	1	154	00bac0
2650	RF00002	4V88	A8	2	155	175.40	1.6e-48	1	154	00bac0
2651	RF00002	7Q0F	4	2	155	165.00	1.5e-45	1	154	00bac0
2652	RF00002	7QWQ	8	2	154	143.30	2.5e-39	1	154	00bac0
2653	RF00002	9B0W	L8	2	154	143.30	2.5e-39	1	154	00bac0
2654	RF00002	4U4O	8	2	155	175.40	1.6e-48	1	154	00bac0
2655	RF00002	6R6G	8	2	149	134.30	9.8e-37	1	154	00bac0
2656	RF00002	6W6L	D	2	154	143.30	2.6e-39	1	154	00bac0
2657	RF00002	6Z6N	L8	2	154	143.30	2.6e-39	1	154	00bac0
2658	RF00002	8ETI	2	10	163	174.30	3.3e-48	1	154	00bac0
2659	RF00002	8FL4	L1	2	154	143.30	2.6e-39	1	154	00bac0
2660	RF00002	8T3D	A4	2	155	175.40	1.6e-48	1	154	00bac0
2661	RF00002	9J9I	C	6	157	107.60	4.8e-29	1	154	00bac0
2662	RF00002	7OHV	2	2	155	175.40	1.6e-48	1	154	00bac0
2663	RF00002	8OJ5	8	2	154	143.30	2.6e-39	1	154	00bac0
2664	RF00002	8T2X	A4	2	155	175.40	1.6e-48	1	154	00bac0
2665	RF00002	9AXV	B4	10	163	174.30	3.3e-48	1	154	00bac0
2666	RF00002	6P5J	8	2	154	143.30	2.5e-39	1	154	00bac0
2667	RF00002	8FL9	L1	2	154	143.30	2.6e-39	1	154	00bac0
2668	RF00002	8IDY	8	2	154	143.30	2.5e-39	1	154	00bac0
2669	RF00002	8ONY	8	2	154	143.30	2.6e-39	1	154	00bac0
2670	RF00002	4V8Z	B8	2	155	175.40	1.6e-48	1	154	00bac0
2671	RF00002	6D9J	8	2	149	134.30	9.8e-37	1	154	00bac0
2672	RF00002	8AAF	i	2	155	175.40	1.6e-48	1	154	00bac0
2673	RF00002	6OLI	D	2	154	143.30	2.6e-39	1	154	00bac0
2674	RF00002	7OHT	2	2	155	175.40	1.6e-48	1	154	00bac0
2675	RF00002	8OH6	AU	2	155	165.00	1.5e-45	1	154	00bac0
2676	RF00002	9BUP	AC	6	157	107.60	4.8e-29	1	154	00bac0
2677	RF00002	3J6Y	8S	2	155	175.40	1.6e-48	1	154	00bac0
2678	RF00002	5DC3	4	2	155	175.40	1.6e-48	1	154	00bac0
2679	RF00002	8P4V	AT	2	155	175.40	1.6e-48	1	154	00bac0
2680	RF00002	4U53	4	2	155	175.40	1.6e-48	1	154	00bac0
2681	RF00002	4U55	4	2	155	175.40	1.6e-48	1	154	00bac0
2682	RF00002	4V91	4	2	155	175.40	1.6e-48	1	154	00bac0
2683	RF00002	5LYB	4	2	155	175.40	1.6e-48	1	154	00bac0
2684	RF00002	7ZJW	L8	2	154	143.30	2.6e-39	1	154	00bac0
2685	RF00002	7ZS5	4	2	155	175.40	1.6e-48	1	154	00bac0
2686	RF00002	8A3W	7	1	168	112.20	2.4e-30	1	154	00bac0
2687	RF00002	8VVT	YA	2	154	143.30	2.5e-39	1	154	00bac0
2688	RF00002	3J7Q	8	2	154	143.30	2.5e-39	1	154	00bac0
2689	RF00002	4U50	4	2	155	175.40	1.6e-48	1	154	00bac0
2690	RF00002	7TOO	A58S	2	155	175.40	1.6e-48	1	154	00bac0
2691	RF00002	4U3U	8	2	155	175.40	1.6e-48	1	154	00bac0
2692	RF00002	6IP6	1C	2	154	143.30	2.6e-39	1	154	00bac0
2693	RF00002	9B0J	L8	2	154	143.30	2.5e-39	1	154	00bac0
2694	RF00002	4D5Y	3	2	154	143.30	3.2e-39	1	154	00bac0
2695	RF00002	6SV4	ZS	2	155	175.40	1.6e-48	1	154	00bac0
2696	RF00002	6YLG	2	2	155	175.40	1.6e-48	1	154	00bac0
2697	RF00002	8PVK	C2	2	155	173.50	5.6e-48	1	154	00bac0
2698	RF00002	6SV4	BS	2	155	175.40	1.6e-48	1	154	00bac0
2699	RF00002	6XU7	A8	1	123	90.20	3.7e-24	1	125	00bac0
2700	RF00002	7TM3	v	2	154	143.30	2.5e-39	1	154	00bac0
2701	RF00002	8EVQ	A4	2	155	175.40	1.6e-48	1	154	00bac0
2702	RF00002	8Q7Z	B8	2	154	144.00	1.6e-39	1	154	00bac0
2703	RF00002	9BDP	A58S	2	154	143.30	2.5e-39	1	154	00bac0
2704	RF00002	8PV8	C2	2	155	173.50	5.6e-48	1	154	00bac0
2705	RF00002	5FCI	4	2	155	175.40	1.6e-48	1	154	00bac0
2706	RF00002	7MPJ	A4	2	155	175.40	1.6e-48	1	154	00bac0
2707	RF00002	8G60	L8	2	154	143.30	2.5e-39	1	154	00bac0
2708	RF00002	5FCJ	8	2	155	175.40	1.6e-48	1	154	00bac0
2709	RF00002	8I9V	C2	2	155	173.50	9.1e-48	1	154	00bac0
2710	RF00002	5TGM	8	2	155	175.40	1.6e-48	1	154	00bac0
2711	RF00002	6EM5	2	2	155	175.40	1.6e-48	1	154	00bac0
2712	RF00002	6MTC	8	2	149	134.30	9.8e-37	1	154	00bac0
2713	RF00002	7OHP	2	2	155	175.40	1.6e-48	1	154	00bac0
2714	RF00002	9C3H	L1	2	154	143.30	2.6e-39	1	154	00bac0
2715	RF00002	9G8M	L8	2	154	143.30	2.6e-39	1	154	00bac0
2716	RF00002	5APN	8	2	155	175.40	1.6e-48	1	154	00bac0
2717	RF00002	5TBW	AT	2	155	175.40	1.6e-48	1	154	00bac0
2718	RF00002	8AGT	i	2	155	175.40	1.6e-48	1	154	00bac0
2719	RF00002	8P85	AT	2	155	175.40	1.6e-48	1	154	00bac0
2720	RF00002	6R6P	8	2	154	143.30	2.5e-39	1	154	00bac0
2721	RF00002	8FLD	L1	2	154	143.30	2.6e-39	1	154	00bac0
2722	RF00002	8UJJ	L8	2	154	143.30	2.5e-39	1	154	00bac0
2723	RF00002	6Y6X	L8	2	154	143.30	2.5e-39	1	154	00bac0
2724	RF00002	8T3E	A4	2	155	175.40	1.6e-48	1	154	00bac0
2725	RF00002	8Y0W	L8	2	154	143.30	2.6e-39	1	154	00bac0
2726	RF00002	9AZS	L8	2	154	143.30	2.5e-39	1	154	00bac0
2727	RF00002	8FKQ	L1	2	154	143.30	2.6e-39	1	154	00bac0
2728	RF00002	8FL2	L1	2	154	143.30	2.6e-39	1	154	00bac0
2729	RF00002	4V7F	2	2	155	175.40	1.6e-48	1	154	00bac0
2730	RF00002	6LU8	8	2	154	143.30	2.5e-39	1	154	00bac0
2731	RF00002	9F9S	L2	2	155	175.40	1.6e-48	1	154	00bac0
2732	RF00002	8INF	8	2	154	143.30	2.5e-39	1	154	00bac0
2733	RF00002	9CAI	A8	2	151	109.20	1.6e-29	1	154	00bac0
2734	RF00002	9F9S	M2	2	155	175.40	1.6e-48	1	154	00bac0
2735	RF00002	5JCS	y	2	155	175.40	1.6e-48	1	154	00bac0
2736	RF00002	6Z6M	L8	2	154	143.30	2.6e-39	1	154	00bac0
2737	RF00002	7QVP	L1	2	154	143.30	2.6e-39	1	154	00bac0
2738	RF00002	7UQZ	2	2	155	175.40	1.6e-48	1	154	00bac0
2739	RF00002	8BQX	BS	2	155	175.40	1.6e-48	1	154	00bac0
2740	RF00002	8CRE	4	2	155	165.00	1.5e-45	1	154	00bac0
2741	RF00002	8IPD	8	2	154	143.30	2.5e-39	1	154	00bac0
2742	RF00002	8P8M	LD	2	155	175.40	1.6e-48	1	154	00bac0
2743	RF00002	9B0R	L8	2	154	143.30	2.5e-39	1	154	00bac0
2744	RF00002	8E5T	2	3	156	175.40	1.6e-48	1	154	00bac0
2745	RF00002	8EVS	A4	2	155	175.40	1.6e-48	1	154	00bac0
2746	RF00002	6MTE	8	2	149	134.30	9.8e-37	1	154	00bac0
2747	RF00002	7MPI	A4	2	155	175.40	1.6e-48	1	154	00bac0
2748	RF00002	8EWB	A4	2	155	175.40	1.6e-48	1	154	00bac0
2749	RF00002	9B0G	L8	2	154	143.30	2.5e-39	1	154	00bac0
2750	RF00002	4V8P	G2	5	152	129.90	1.9e-35	1	154	00bac0
2751	RF00002	5TGA	4	2	155	175.40	1.6e-48	1	154	00bac0
2752	RF00002	6AZ3	7	1	168	112.20	2.4e-30	1	154	00bac0
2753	RF00002	6I7O	BS	2	155	175.40	1.6e-48	1	154	00bac0
2754	RF00002	6Z6J	C3	2	155	175.40	1.6e-48	1	154	00bac0
2755	RF00002	8FLE	L1	2	154	143.30	2.6e-39	1	154	00bac0
2756	RF00002	9B0P	L8	2	154	143.30	2.5e-39	1	154	00bac0
2757	RF00002	9BUQ	AC	6	157	107.60	4.8e-29	1	154	00bac0
2758	RF00002	9V1L	lB	4	154	47.60	8.2e-12	1	154	00bac0
2759	RF00002	3J92	8	2	154	143.30	2.5e-39	1	154	00bac0
2760	RF00002	4U4Q	8	2	155	175.40	1.6e-48	1	154	00bac0
2761	RF00002	5LZX	8	2	154	143.30	2.5e-39	1	154	00bac0
2762	RF00002	6HD7	4	2	155	175.40	1.6e-48	1	154	00bac0
2763	RF00002	6T59	84	2	154	143.30	2.5e-39	1	154	00bac0
2764	RF00002	8CG8	CC	2	155	175.40	1.6e-48	1	154	00bac0
2765	RF00002	8OVA	BC	1	169	106.60	1.2e-28	1	154	00bac0
2766	RF00002	8VFT	8	2	154	143.30	2.5e-39	1	154	00bac0
2767	RF00002	9QQA	B8	2	154	143.30	2.6e-39	1	154	00bac0
2768	RF00002	5DAT	4	2	155	175.40	1.6e-48	1	154	00bac0
2769	RF00002	7Z3O	4	2	155	173.50	5.6e-48	1	154	00bac0
2770	RF00002	9NDP	8	2	149	134.30	9.8e-37	1	154	00bac0
2771	RF00002	8A3D	C	2	154	143.30	2.6e-39	1	154	00bac0
2772	RF00002	4U4O	4	2	155	175.40	1.6e-48	1	154	00bac0
2773	RF00002	4U4R	8	2	155	175.40	1.6e-48	1	154	00bac0
2774	RF00002	5NDW	8	2	155	175.40	1.6e-48	1	154	00bac0
2775	RF00002	8CEH	CC	2	155	175.40	1.6e-48	1	154	00bac0
2776	RF00002	8EV3	2	10	163	174.30	3.3e-48	1	154	00bac0
2777	RF00002	9F58	4	2	155	175.40	1.6e-48	1	154	00bac0
2778	RF00002	6FT6	2	2	155	175.40	1.7e-48	1	154	00bac0
2779	RF00002	6YLX	2	2	155	175.40	1.6e-48	1	154	00bac0
2780	RF00002	8BJQ	C3	2	155	175.40	1.6e-48	1	154	00bac0
2781	RF00002	4V5Z	B1	2	123	97.80	2.4e-26	1	122	00bac0
2782	RF00002	5T5H	C	1	169	113.90	7.6e-31	1	154	00bac0
2783	RF00002	8I9R	C2	2	155	173.50	9.1e-48	1	154	00bac0
2784	RF00002	4U3N	4	2	155	175.40	1.6e-48	1	154	00bac0
2785	RF00002	8FKT	L1	2	154	143.30	2.6e-39	1	154	00bac0
2786	RF00002	8OJ3	AU	2	155	165.00	1.5e-45	1	154	00bac0
2787	RF00002	8PVL	C2	2	155	173.50	5.6e-48	1	154	00bac0
2788	RF00002	8VVP	YA	2	154	143.30	2.5e-39	1	154	00bac0
2789	RF00002	8YOP	L8	2	154	143.30	2.6e-39	1	154	00bac0
2790	RF00002	3J78	8S	2	155	175.40	1.6e-48	1	154	00bac0
2791	RF00002	4U55	8	2	155	175.40	1.6e-48	1	154	00bac0
2792	RF00002	5JUO	C	2	155	175.40	1.6e-48	1	154	00bac0
2793	RF00002	6S47	AC	2	155	175.40	1.6e-48	1	154	00bac0
2794	RF00002	6YLY	3	2	155	175.40	1.6e-48	1	154	00bac0
2795	RF00002	8PV3	C2	2	155	173.50	5.6e-48	1	154	00bac0
2796	RF00002	9B0S	l8	2	154	143.30	2.5e-39	1	154	00bac0
2797	RF00002	8YOO	L8	2	154	143.30	2.6e-39	1	154	00bac0
2798	RF00002	8EVR	A4	2	155	175.40	1.6e-48	1	154	00bac0
2799	RF00002	8ZGR	LC	2	155	175.40	1.6e-48	1	154	00bac0
2800	RF00002	9AXU	4	10	163	174.30	3.3e-48	1	154	00bac0
2801	RF00002	8CDR	CC	2	155	175.40	1.6e-48	1	154	00bac0
2802	RF00002	8ESQ	2	10	163	174.30	3.3e-48	1	154	00bac0
2803	RF00002	8PV6	C2	2	155	173.50	5.6e-48	1	154	00bac0
2804	RF00002	9B0N	L8	2	154	143.30	2.5e-39	1	154	00bac0
2805	RF00002	3JCS	7	1	168	112.20	2.4e-30	1	154	00bac0
2806	RF00002	4U4U	8	2	155	175.40	1.6e-48	1	154	00bac0
2807	RF00002	6HCM	82	2	154	143.30	2.5e-39	1	154	00bac0
2808	RF00002	7LS2	C2	2	154	143.30	2.5e-39	1	154	00bac0
2809	RF00002	7RR5	C3	2	155	175.40	1.6e-48	1	154	00bac0
2810	RF00002	8JDM	F	2	154	143.30	2.5e-39	1	154	00bac0
2811	RF00002	8PNN	AT	2	155	175.40	1.6e-48	1	154	00bac0
2812	RF00002	8XSZ	L8	2	154	143.30	2.6e-39	1	154	00bac0
2813	RF00002	4UJC	A3	2	154	143.30	3.2e-39	1	154	00bac0
2814	RF00002	5T62	C	2	155	175.40	1.6e-48	1	154	00bac0
2815	RF00002	6MTB	8	2	149	134.30	9.8e-37	1	154	00bac0
2816	RF00002	7OW7	C	2	154	142.30	5.1e-39	1	154	00bac0
2817	RF00002	8CQW	4	2	155	165.00	1.5e-45	1	154	00bac0
2818	RF00002	8INK	8	2	154	143.30	2.5e-39	1	154	00bac0
2819	RF00002	8OGJ	4	2	155	165.00	1.5e-45	1	154	00bac0
2820	RF00002	6P5N	8	2	154	143.30	2.5e-39	1	154	00bac0
2821	RF00002	7R81	C1	2	155	169.00	1.1e-46	1	154	00bac0
2822	RF00002	8IFD	1C	2	154	143.30	2.6e-39	1	154	00bac0
2823	RF00002	9GUL	L8	2	154	142.00	6.2e-39	1	154	00bac0
2824	RF00002	7CPU	L8	2	154	143.30	2.6e-39	1	154	00bac0
2825	RF00002	8IPX	8	2	154	143.30	2.5e-39	1	154	00bac0
2826	RF00002	9MR4	8	2	154	143.30	2.5e-39	1	154	00bac0
2827	RF00002	5NDW	4	2	155	175.40	1.6e-48	1	154	00bac0
2828	RF00002	5T6R	C	2	155	175.40	1.6e-48	1	154	00bac0
2829	RF00002	6N8O	C	2	155	175.40	1.6e-48	1	154	00bac0
2830	RF00002	7OHY	2	2	155	175.40	1.6e-48	1	154	00bac0
2831	RF00002	6EM4	2	2	155	175.40	1.6e-48	1	154	00bac0
2832	RF00002	7OLD	4	2	155	173.50	5.6e-48	1	154	00bac0
2833	RF00002	7TUT	v	2	154	143.30	2.5e-39	1	154	00bac0
2834	RF00002	7XNX	L3	2	154	143.30	2.6e-39	1	154	00bac0
2835	RF00002	8I9Z	C2	2	155	173.50	1.1e-47	1	154	00bac0
2836	RF00002	9G30	4	2	155	165.00	1.5e-45	1	154	00bac0
2837	RF00003	3PGW	N	1	164	175.10	1.6e-48	1	166	00bac0
2838	RF00003	9QEQ	a	1	164	175.10	1.6e-48	1	166	00bac0
2839	RF00003	3CW1	V	1	138	135.40	3.8e-37	1	166	00bac0
2840	RF00003	7VPX	L	1	164	175.10	1.6e-48	1	166	00bac0
2841	RF00003	8R08	1	1	163	166.30	5.5e-46	2	166	00bac0
2842	RF00003	3CW1	w	1	138	135.40	3.8e-37	1	166	00bac0
2843	RF00003	3CW1	x	1	138	135.40	3.8e-37	1	166	00bac0
2844	RF00003	3CW1	v	1	138	135.40	3.8e-37	1	166	00bac0
2845	RF00003	3PGW	R	1	164	175.10	1.6e-48	1	166	00bac0
2846	RF00003	7B0Y	a	1	164	175.10	1.6e-48	1	166	00bac0
2847	RF00003	6QX9	1	1	164	175.10	1.6e-48	1	166	00bac0
2848	RF00004	5GM6	L	5	194	96.20	4.6e-20	1	192	00bac0
2849	RF00004	9L5T	2	3	193	156.40	2.7e-35	1	192	00bac0
2850	RF00004	6AHD	H	1	188	189.10	3.7e-43	1	189	00bac0
2851	RF00004	8C6J	2	1	188	189.10	3.7e-43	1	189	00bac0
2852	RF00004	8RM5	2	1	188	189.10	3.7e-43	1	189	00bac0
2853	RF00004	6QDV	2	1	189	179.40	8.2e-41	1	189	00bac0
2854	RF00004	8QXD	2	1	182	176.90	3.2e-40	3	185	00bac0
2855	RF00004	5ZWO	H	5	114	96.10	4.7e-20	1	192	00bac0
2856	RF00004	5O9Z	2	1	188	189.10	3.7e-43	1	189	00bac0
2857	RF00004	5YZG	H	1	188	189.10	3.7e-43	1	189	00bac0
2858	RF00004	8RO2	2	1	188	189.10	3.7e-43	1	189	00bac0
2859	RF00004	8H6L	2A	1	188	189.10	3.7e-43	1	189	00bac0
2860	RF00004	5LJ5	Z	5	194	96.20	4.6e-20	1	192	00bac0
2861	RF00004	8I0R	H	1	188	189.10	3.7e-43	1	189	00bac0
2862	RF00004	6J6N	L	5	194	96.20	4.6e-20	1	192	00bac0
2863	RF00004	7ABI	2	1	188	189.10	3.7e-43	1	189	00bac0
2864	RF00004	5LQW	2	5	194	96.20	4.6e-20	1	192	00bac0
2865	RF00004	7VPX	H	1	188	189.10	3.7e-43	1	189	00bac0
2866	RF00004	7OQB	2	5	194	96.20	4.6e-20	1	192	00bac0
2867	RF00004	8I0T	H	1	188	189.10	3.7e-43	1	189	00bac0
2868	RF00004	5Z57	H	1	188	189.10	3.7e-43	1	189	00bac0
2869	RF00004	7W59	H	1	188	189.10	3.7e-43	1	189	00bac0
2870	RF00004	8HK1	H	1	188	189.10	3.7e-43	1	189	00bac0
2871	RF00004	8QZS	2	1	188	189.40	3.3e-43	1	189	00bac0
2872	RF00004	6Y50	2	1	188	189.10	3.7e-43	1	189	00bac0
2873	RF00004	9ESH	2	1	186	154.60	7.1e-35	1	187	00bac0
2874	RF00004	5GMK	L	5	194	96.20	4.6e-20	1	192	00bac0
2875	RF00004	8H6K	2A	1	188	189.10	3.7e-43	1	189	00bac0
2876	RF00004	9DTR	2	5	194	96.20	4.6e-20	1	192	00bac0
2877	RF00004	3JB9	P	1	186	154.60	7.1e-35	1	187	00bac0
2878	RF00004	6ICZ	H	1	188	189.10	3.7e-43	1	189	00bac0
2879	RF00004	8CH6	f	1	188	189.10	3.7e-43	1	189	00bac0
2880	RF00004	9L5R	2	3	193	156.40	2.7e-35	1	192	00bac0
2881	RF00004	8I0U	H	1	188	189.10	3.7e-43	1	189	00bac0
2882	RF00004	7ABH	2	1	188	189.10	3.7e-43	1	189	00bac0
2883	RF00004	8QO9	2	1	188	189.40	3.3e-43	1	189	00bac0
2884	RF00004	6J6H	L	5	194	96.20	4.6e-20	1	192	00bac0
2885	RF00004	6J6Q	L	5	194	96.20	4.6e-20	1	192	00bac0
2886	RF00004	7Q3L	2	1	188	189.10	3.7e-43	1	189	00bac0
2887	RF00004	6BK8	2	5	194	96.20	4.6e-20	1	192	00bac0
2888	RF00004	2LKR	A	71	111	47.20	2.4e-09	1	44	00bac0
2889	RF00004	6ID1	H	1	188	189.10	3.7e-43	1	189	00bac0
2890	RF00004	8RO1	2	1	191	150.60	7.9e-34	1	192	00bac0
2891	RF00004	8RO0	2	1	158	105.60	4.1e-23	1	192	00bac0
2892	RF00004	6EXN	2	5	194	96.20	4.6e-20	1	192	00bac0
2893	RF00004	7QTT	f	1	188	189.10	3.7e-43	1	189	00bac0
2894	RF00004	5LJ3	Z	5	194	96.20	4.6e-20	1	192	00bac0
2895	RF00004	5MQF	2	1	188	189.10	3.7e-43	1	189	00bac0
2896	RF00004	9FMD	2	1	187	182.60	1.4e-41	1	189	00bac0
2897	RF00004	5XJC	H	1	188	189.10	3.7e-43	1	189	00bac0
2898	RF00004	6FF7	2	1	188	189.10	3.7e-43	1	189	00bac0
2899	RF00004	6ZYM	2	1	188	189.10	3.7e-43	1	189	00bac0
2900	RF00004	8R08	2	1	188	189.10	3.7e-43	1	189	00bac0
2901	RF00004	6ID0	H	1	188	189.10	3.7e-43	1	189	00bac0
2902	RF00004	6J6G	L	5	194	96.20	4.6e-20	1	192	00bac0
2903	RF00004	8H6E	2A	1	188	189.10	3.7e-43	1	189	00bac0
2904	RF00004	8I0W	H	1	188	189.10	3.7e-43	1	189	00bac0
2905	RF00004	5Y88	F	5	194	96.20	4.6e-20	1	192	00bac0
2906	RF00004	6Y53	2	1	188	189.10	3.7e-43	1	189	00bac0
2907	RF00004	7B9V	2	5	194	96.20	4.6e-20	1	192	00bac0
2908	RF00004	9ESI	2	1	186	154.60	7.1e-35	1	187	00bac0
2909	RF00004	8R09	2	1	188	189.10	3.7e-43	1	189	00bac0
2910	RF00004	5MQ0	2	5	194	96.20	4.6e-20	1	192	00bac0
2911	RF00004	7AAV	2	1	188	189.10	3.7e-43	1	189	00bac0
2912	RF00004	7A5P	2	259	449	197.40	2e-44	1	192	00bac0
2913	RF00004	7ABG	2	1	188	189.10	3.7e-43	1	189	00bac0
2914	RF00004	7Q4P	2	1	188	189.10	3.7e-43	1	189	00bac0
2915	RF00004	7OQE	2	5	194	96.20	4.6e-20	1	192	00bac0
2916	RF00004	5Z58	H	1	188	189.10	3.7e-43	1	189	00bac0
2917	RF00004	7ONB	H	1	188	189.10	3.7e-43	1	189	00bac0
2918	RF00004	5YLZ	F	5	194	96.20	4.6e-20	1	192	00bac0
2919	RF00004	5ZWM	H	5	194	96.20	4.6e-20	1	192	00bac0
2920	RF00004	7W5B	H	1	188	189.10	3.7e-43	1	189	00bac0
2921	RF00004	8R0B	2	1	188	189.10	3.7e-43	1	189	00bac0
2922	RF00004	8XI2	H	1	192	137.50	9e-31	1	192	00bac0
2923	RF00004	5MPS	2	5	194	96.20	4.6e-20	1	192	00bac0
2924	RF00004	7DCO	H	5	114	96.10	4.7e-20	1	192	00bac0
2925	RF00004	6Y5Q	2	1	188	189.10	3.7e-43	1	189	00bac0
2926	RF00004	8H6J	2A	1	188	189.10	3.7e-43	1	189	00bac0
2927	RF00004	8I0S	H	1	188	189.10	3.7e-43	1	189	00bac0
2928	RF00004	6AH0	H	1	188	189.10	3.7e-43	1	189	00bac0
2929	RF00004	7EVO	H	1	188	189.10	3.7e-43	1	189	00bac0
2930	RF00004	7Q4O	2	1	188	189.10	3.7e-43	1	189	00bac0
2931	RF00004	8I0V	H	1	188	189.10	3.7e-43	1	189	00bac0
2932	RF00004	6QX9	2	1	188	189.40	3.3e-43	1	189	00bac0
2933	RF00004	5NRL	2	5	194	96.20	4.6e-20	1	192	00bac0
2934	RF00004	6FF4	2	1	188	189.10	3.7e-43	1	189	00bac0
2935	RF00004	7W5A	H	1	188	189.10	3.7e-43	1	189	00bac0
2936	RF00004	8I0P	H	1	188	189.10	3.7e-43	1	189	00bac0
2937	RF00004	5WSG	L	5	194	96.20	4.6e-20	1	192	00bac0
2938	RF00004	8R0A	2	1	188	189.10	3.7e-43	1	189	00bac0
2939	RF00004	9L5S	2	3	193	156.40	2.7e-35	1	192	00bac0
2940	RF00004	5Z56	H	1	188	189.10	3.7e-43	1	189	00bac0
2941	RF00005	3WFQ	D	1	73	77.20	1.8e-18	1	71	00bac0
2942	RF00005	4V5S	AY	1	73	68.60	4.6e-16	1	71	00bac0
2943	RF00005	4V6Q	AD	1	74	61.30	4.5e-14	1	71	00bac0
2944	RF00005	5HC9	D	1	73	77.20	1.9e-18	1	71	00bac0
2945	RF00005	6Y2L	B4	1	73	68.30	5.3e-16	1	71	00bac0
2946	RF00005	7PIR	8	1	73	69.80	2.1e-16	1	71	00bac0
2947	RF00005	8K82	C5	1	72	63.60	1.1e-14	1	71	00bac0
2948	RF00005	8QCQ	y	1	74	68.80	4e-16	1	71	00bac0
2949	RF00005	3J9Y	v	1	74	61.30	4.5e-14	1	71	00bac0
2950	RF00005	3JAH	3	1	72	70.00	1.8e-16	1	71	00bac0
2951	RF00005	3JCE	9	1	73	68.30	5.3e-16	1	71	00bac0
2952	RF00005	5EL6	3K	1	73	79.20	5.2e-19	1	71	00bac0
2953	RF00005	5KPW	32	1	74	61.30	4.5e-14	1	71	00bac0
2954	RF00005	6R7Q	2	1	72	49.60	7.5e-11	1	71	00bac0
2955	RF00005	6VYW	A	1	73	63.80	9.6e-15	1	71	00bac0
2956	RF00005	6WDL	6	1	74	61.40	4.3e-14	1	71	00bac0
2957	RF00005	7K00	Z	1	73	57.30	5.8e-13	2	71	00bac0
2958	RF00005	7N2C	Pt	1	73	79.20	5.2e-19	1	71	00bac0
2959	RF00005	7OI8	z	2	70	32.60	3.5e-06	1	71	00bac0
2960	RF00005	8CVJ	2y	1	73	68.30	5.3e-16	1	71	00bac0
2961	RF00005	8T2X	tP	1	72	55.60	1.6e-12	1	71	00bac0
2962	RF00005	2ZZM	B	1	85	48.10	2.3e-10	1	71	00bac0
2963	RF00005	4V5Q	CY	1	73	68.60	4.6e-16	1	71	00bac0
2964	RF00005	4V72	A3	1	74	61.40	4.3e-14	1	71	00bac0
2965	RF00005	4V8E	DD	1	82	53.40	7.8e-12	1	71	00bac0
2966	RF00005	4WJ3	R	1	73	71.30	8.3e-17	1	71	00bac0
2967	RF00005	5JTE	AY	1	71	64.90	4.4e-15	1	71	00bac0
2968	RF00005	6BOK	LC	1	74	61.40	4.3e-14	1	71	00bac0
2969	RF00005	6WD8	5	1	74	61.40	4.3e-14	1	71	00bac0
2970	RF00005	6XDR	B	1	73	63.80	9.6e-15	1	71	00bac0
2971	RF00005	7N2U	Dt	1	73	62.60	2.1e-14	1	71	00bac0
2972	RF00005	7TUT	q	1	74	55.10	2.4e-12	1	71	00bac0
2973	RF00005	8CVK	2y	1	73	68.30	5.3e-16	1	71	00bac0
2974	RF00005	8FZE	x	1	73	68.30	5.3e-16	1	71	00bac0
2975	RF00005	8UQM	B	1	73	63.80	9.6e-15	1	71	00bac0
2976	RF00005	9B00	2w	1	73	68.30	5.3e-16	1	71	00bac0
2977	RF00005	9B4Z	AX	1	74	61.40	4.3e-14	1	71	00bac0
2978	RF00005	1GTR	B	1	71	54.00	4.5e-12	2	71	00bac0
2979	RF00005	2CV2	C	1	72	64.10	7.4e-15	1	71	00bac0
2980	RF00005	4V68	AY	1	69	62.50	2e-14	1	71	00bac0
2981	RF00005	4WT1	1K	1	73	68.30	5.3e-16	1	71	00bac0
2982	RF00005	5HCP	1x	1	74	61.40	4.3e-14	1	71	00bac0
2983	RF00005	5L4O	A	1	74	66.10	2.2e-15	1	71	00bac0
2984	RF00005	6BZ7	QW	1	74	61.40	4.3e-14	1	71	00bac0
2985	RF00005	6GXO	x	1	74	61.30	4.5e-14	1	71	00bac0
2986	RF00005	6NWY	XV	1	74	60.70	6.6e-14	1	71	00bac0
2987	RF00005	7P7S	D	1	74	64.20	7.6e-15	1	71	00bac0
2988	RF00005	7PIR	6	1	73	69.80	2.1e-16	1	71	00bac0
2989	RF00005	8AGX	y	1	73	59.70	1.2e-13	1	71	00bac0
2990	RF00005	8V9J	y	1	73	68.30	5.3e-16	1	71	00bac0
2991	RF00005	1WZ2	D	1	85	50.60	4.5e-11	1	71	00bac0
2992	RF00005	4P6F	XY	1	73	68.30	5.3e-16	1	71	00bac0
2993	RF00005	4TZZ	B	1	68	60.30	8.3e-14	5	71	00bac0
2994	RF00005	4W2G	CY	1	73	68.30	5.3e-16	1	71	00bac0
2995	RF00005	5W4K	1x	1	74	61.40	4.3e-14	1	71	00bac0
2996	RF00005	6R6G	2	1	72	49.60	7.5e-11	1	71	00bac0
2997	RF00005	6XHW	1y	1	73	68.30	5.3e-16	1	71	00bac0
2998	RF00005	8BF7	4	1	74	61.40	4.3e-14	1	71	00bac0
2999	RF00005	8EMM	Z	1	73	57.30	5.8e-13	2	71	00bac0
3000	RF00005	8G7Q	w	1	73	73.10	2.5e-17	1	71	00bac0
3001	RF00005	8UTI	m	1	73	79.20	5.2e-19	1	71	00bac0
3002	RF00005	9CG5	Z	1	72	57.90	3.9e-13	2	71	00bac0
3003	RF00005	9DTF	C	1	74	72.20	4.5e-17	1	71	00bac0
3004	RF00005	9MTR	2x	1	71	54.00	4.6e-12	1	71	00bac0
3005	RF00005	2AZX	C	1	72	69.30	2.9e-16	1	71	00bac0
3006	RF00005	4ARC	B	1	84	57.70	5.2e-13	1	71	00bac0
3007	RF00005	4V9J	AW	1	74	71.10	9.1e-17	1	71	00bac0
3008	RF00005	5HR7	C	1	73	60.10	9.6e-14	1	71	00bac0
3009	RF00005	6CFJ	2y	1	73	68.30	5.3e-16	1	71	00bac0
3010	RF00005	6OM7	u	1	73	60.40	7.9e-14	1	71	00bac0
3011	RF00005	6YWX	bb	1	58	44.90	1.2e-09	1	71	00bac0
3012	RF00005	8BTR	u	1	72	58.00	3.6e-13	1	71	00bac0
3013	RF00005	8CCS	Cc	1	74	61.40	4.3e-14	1	71	00bac0
3014	RF00005	9H4N	n2	1	72	58.00	3.6e-13	1	71	00bac0
3015	RF00005	2DER	C	1	73	60.10	9.6e-14	1	71	00bac0
3016	RF00005	2NR0	G	1	84	52.80	1.2e-11	1	71	00bac0
3017	RF00005	4MGM	A	1	72	73.20	2.4e-17	1	71	00bac0
3018	RF00005	4V8B	CB	1	84	52.80	1.2e-11	1	71	00bac0
3019	RF00005	4W4G	QW	1	74	61.40	4.3e-14	1	71	00bac0
3020	RF00005	6ND5	1w	1	73	68.30	5.3e-16	1	71	00bac0
3021	RF00005	6UCQ	2y	1	73	68.30	5.3e-16	1	71	00bac0
3022	RF00005	6WAZ	D	1	73	74.10	1.4e-17	1	71	00bac0
3023	RF00005	7QGH	M	1	72	62.00	2.8e-14	1	71	00bac0
3024	RF00005	7S1K	A	1	73	68.30	5.3e-16	1	71	00bac0
3025	RF00005	7ZAI	4	1	74	66.10	2.2e-15	1	71	00bac0
3026	RF00005	8G6X	Z	1	74	58.40	2.8e-13	1	71	00bac0
3027	RF00005	8PHJ	8	1	74	61.30	4.5e-14	1	71	00bac0
3028	RF00005	8RXX	S2	1	73	68.40	5e-16	1	71	00bac0
3029	RF00005	8VTV	1w	1	73	68.30	5.3e-16	1	71	00bac0
3030	RF00005	9B0F	Et	1	72	70.00	1.8e-16	1	71	00bac0
3031	RF00005	3J7R	S5	1	71	66.30	1.9e-15	1	71	00bac0
3032	RF00005	4L47	XV	1	74	61.40	4.3e-14	1	71	00bac0
3033	RF00005	4QEI	C	1	69	52.50	1.1e-11	1	69	00bac0
3034	RF00005	4V6L	AE	1	73	68.30	5.3e-16	1	71	00bac0
3035	RF00005	4V7M	AY	1	72	62.30	2.3e-14	1	71	00bac0
3036	RF00005	4WC4	B	1	73	77.20	1.9e-18	1	71	00bac0
3037	RF00005	4WJ3	Q	1	73	71.30	8.3e-17	1	71	00bac0
3038	RF00005	4WR6	2L	1	74	61.40	4.3e-14	1	71	00bac0
3039	RF00005	5J30	QV	1	74	61.40	4.3e-14	1	71	00bac0
3040	RF00005	5VP2	2w	1	73	68.30	5.3e-16	1	71	00bac0
3041	RF00005	5WF0	v	1	74	61.30	4.5e-14	1	71	00bac0
3042	RF00005	7O19	B8	1	74	60.70	6.6e-14	1	71	00bac0
3043	RF00005	7UCK	2	2	73	58.00	3.7e-13	1	71	00bac0
3044	RF00005	8FZG	x	1	73	68.30	5.3e-16	1	71	00bac0
3045	RF00005	8RCT	W1	1	73	68.30	5.3e-16	1	71	00bac0
3046	RF00005	8URY	A	1	73	63.80	9.6e-15	1	71	00bac0
3047	RF00005	8VV4	5	1	74	54.90	2.6e-12	1	71	00bac0
3048	RF00005	9AZS	AT	1	73	55.90	1.4e-12	1	71	00bac0
3049	RF00005	9HL9	S4	1	73	68.40	5e-16	1	71	00bac0
3050	RF00005	9O3L	2x	1	74	61.40	4.3e-14	1	71	00bac0
3051	RF00005	4V5D	AW	1	73	68.30	5.3e-16	1	71	00bac0
3052	RF00005	4V6G	CB	1	74	61.40	4.3e-14	1	71	00bac0
3053	RF00005	4W4G	XW	1	74	61.40	4.3e-14	1	71	00bac0
3054	RF00005	4WQ1	3L	1	82	53.40	7.8e-12	1	71	00bac0
3055	RF00005	5IB8	2K	1	74	61.40	4.3e-14	1	71	00bac0
3056	RF00005	5J8B	y	1	73	68.30	5.3e-16	1	71	00bac0
3057	RF00005	6WD7	5	1	74	61.40	4.3e-14	1	71	00bac0
3058	RF00005	6XZB	g2	1	73	67.70	8e-16	1	71	00bac0
3059	RF00005	6ZMI	CC	1	72	53.90	4.9e-12	1	71	00bac0
3060	RF00005	7CHD	I	1	74	61.30	4.5e-14	1	71	00bac0
3061	RF00005	7JSZ	5	1	74	61.40	4.3e-14	1	71	00bac0
3062	RF00005	7NSP	8	1	84	52.80	1.2e-11	1	71	00bac0
3063	RF00005	8CCS	Bb	1	73	67.70	8e-16	1	71	00bac0
3064	RF00005	8D9K	C	1	72	68.10	5.7e-16	1	70	00bac0
3065	RF00005	8G29	2x	1	74	61.40	4.3e-14	1	71	00bac0
3066	RF00005	8G2A	2x	1	74	61.40	4.3e-14	1	71	00bac0
3067	RF00005	8UD8	2x	1	74	61.40	4.3e-14	1	71	00bac0
3068	RF00005	8UVS	2x	1	74	61.40	4.3e-14	1	71	00bac0
3069	RF00005	9D0I	2x	1	74	61.40	4.3e-14	1	71	00bac0
3070	RF00005	6VYT	A	1	73	63.80	9.6e-15	1	71	00bac0
3071	RF00005	8G2B	2w	1	73	68.30	5.3e-16	1	71	00bac0
3072	RF00005	8S8G	1	1	72	63.60	1.1e-14	1	71	00bac0
3073	RF00005	8WIC	C	1	73	63.20	1.3e-14	1	71	00bac0
3074	RF00005	9ENE	D	1	73	70.60	1.3e-16	1	71	00bac0
3075	RF00005	9WNR	Z	1	74	60.70	6.6e-14	1	71	00bac0
3076	RF00005	4V4W	AU	1	73	67.70	8e-16	1	71	00bac0
3077	RF00005	4V66	AE	1	73	67.70	8e-16	1	71	00bac0
3078	RF00005	4V69	AY	1	73	67.70	8e-16	1	71	00bac0
3079	RF00005	4V8F	CC	1	74	61.40	4.3e-14	1	71	00bac0
3080	RF00005	5EL5	3L	1	73	79.20	5.2e-19	1	71	00bac0
3081	RF00005	5IBB	1K	1	73	64.70	5.3e-15	1	71	00bac0
3082	RF00005	6ENJ	9	1	74	60.70	6.6e-14	1	71	00bac0
3083	RF00005	6XQD	1x	1	74	61.40	4.3e-14	1	71	00bac0
3084	RF00005	6Z6N	CC	1	72	53.90	4.9e-12	1	71	00bac0
3085	RF00005	6ZM5	B	1	69	34.30	1.2e-06	1	71	00bac0
3086	RF00005	7LH5	CV	1	74	61.30	4.5e-14	1	71	00bac0
3087	RF00005	7PAM	6	1	73	69.80	2.1e-16	1	71	00bac0
3088	RF00005	7U2I	1y	1	71	71.60	6.4e-17	1	71	00bac0
3089	RF00005	8SCB	3	1	72	70.00	1.8e-16	1	71	00bac0
3090	RF00005	8UIZ	Et	1	73	69.20	3e-16	1	71	00bac0
3091	RF00005	9D85	T	1	74	73.40	2.1e-17	1	71	00bac0
3092	RF00005	9FPY	U	1	72	70.00	1.8e-16	1	71	00bac0
3093	RF00005	9QQA	AT	1	73	65.10	4.2e-15	1	71	00bac0
3094	RF00005	9WNQ	X	1	73	69.10	3.3e-16	1	71	00bac0
3095	RF00005	1VFG	C	1	73	77.20	1.9e-18	1	71	00bac0
3096	RF00005	4V4R	AW	1	73	67.70	8e-16	1	71	00bac0
3097	RF00005	4V6G	AD	1	74	61.40	4.3e-14	1	71	00bac0
3098	RF00005	5F8K	2x	1	73	57.30	5.8e-13	2	71	00bac0
3099	RF00005	5NWY	M	1	72	62.00	2.8e-14	1	71	00bac0
3100	RF00005	6QNR	1K	1	73	68.30	5.3e-16	1	71	00bac0
3101	RF00005	6QNR	5K	1	73	68.30	5.3e-16	1	71	00bac0
3102	RF00005	7AZO	PSIA	1	73	68.30	5.3e-16	1	71	00bac0
3103	RF00005	7K51	5	1	74	65.80	2.7e-15	1	71	00bac0
3104	RF00005	7M4X	v	1	74	70.30	1.5e-16	1	71	00bac0
3105	RF00005	7OID	z	2	70	32.60	3.5e-06	1	71	00bac0
3106	RF00005	7P48	5	1	73	57.90	3.8e-13	2	71	00bac0
3107	RF00005	8B2L	W2	1	73	66.10	2.2e-15	1	71	00bac0
3108	RF00005	8PJ4	w	1	72	58.00	3.6e-13	1	71	00bac0
3109	RF00005	8UVS	2y	1	73	68.30	5.3e-16	1	71	00bac0
3110	RF00005	8XSX	CC	1	72	58.00	3.6e-13	1	71	00bac0
3111	RF00005	8YDE	7	1	74	61.40	4.3e-14	1	71	00bac0
3112	RF00005	4V5P	CY	1	73	60.60	7.3e-14	1	71	00bac0
3113	RF00005	4V66	AA	1	73	67.70	8e-16	1	71	00bac0
3114	RF00005	4WRA	3L	1	82	53.40	7.8e-12	1	71	00bac0
3115	RF00005	4YZV	QV	1	74	61.40	4.3e-14	1	71	00bac0
3116	RF00005	5VP2	1x	1	74	61.40	4.3e-14	1	71	00bac0
3117	RF00005	6ND6	1x	1	74	61.40	4.3e-14	1	71	00bac0
3118	RF00005	6SV4	mb	1	74	61.40	4.3e-14	1	71	00bac0
3119	RF00005	7PWG	w	1	73	46.80	4.4e-10	1	71	00bac0
3120	RF00005	7Q4K	D2	1	74	71.50	7.4e-17	1	71	00bac0
3121	RF00005	8PPL	Iw	1	72	58.00	3.6e-13	1	71	00bac0
3122	RF00005	8R8M	Y	1	73	73.10	2.5e-17	1	71	00bac0
3123	RF00005	8UD6	1y	1	73	68.30	5.3e-16	1	71	00bac0
3124	RF00005	8UT0	m	1	73	79.20	5.2e-19	1	71	00bac0
3125	RF00005	8VTV	2w	1	73	68.30	5.3e-16	1	71	00bac0
3126	RF00005	8Y5Q	6	1	74	61.40	4.3e-14	1	71	00bac0
3127	RF00005	2CV2	D	1	72	64.10	7.4e-15	1	71	00bac0
3128	RF00005	4V4J	2	1	73	69.60	2.4e-16	1	71	00bac0
3129	RF00005	4V5J	CV	1	73	68.30	5.4e-16	1	71	00bac0
3130	RF00005	4V9I	AW	1	73	68.30	5.3e-16	1	71	00bac0
3131	RF00005	5EL7	2K	1	74	61.40	4.3e-14	1	71	00bac0
3132	RF00005	5KPX	30	1	73	68.30	5.3e-16	1	71	00bac0
3133	RF00005	6GSK	2K	1	74	61.40	4.3e-14	1	71	00bac0
3134	RF00005	6GZ4	Bv	1	73	65.10	4.2e-15	1	71	00bac0
3135	RF00005	8CVK	1x	1	74	61.40	4.3e-14	1	71	00bac0
3136	RF00005	8V03	5	1	74	54.90	2.6e-12	1	71	00bac0
3137	RF00005	9BH5	DB	1	73	66.40	1.8e-15	1	71	00bac0
3138	RF00005	9H9K	3	1	74	69.10	3.3e-16	1	71	00bac0
3139	RF00005	1VY5	CW	1	73	68.30	5.3e-16	1	71	00bac0
3140	RF00005	3JBN	7	1	73	63.80	9.6e-15	1	71	00bac0
3141	RF00005	4V63	CZ	1	74	61.40	4.3e-14	1	71	00bac0
3142	RF00005	4W2F	AW	1	73	68.30	5.3e-16	1	71	00bac0
3143	RF00005	4W2F	CX	1	74	61.40	4.3e-14	1	71	00bac0
3144	RF00005	5IBB	3L	1	73	65.90	2.5e-15	1	71	00bac0
3145	RF00005	6ND6	2y	1	73	64.70	5.3e-15	1	71	00bac0
3146	RF00005	7F36	G	1	73	69.10	3.3e-16	1	71	00bac0
3147	RF00005	7ST6	7	1	74	61.40	4.3e-14	1	71	00bac0
3148	RF00005	8RXH	S4	1	73	68.40	5e-16	1	71	00bac0
3149	RF00005	9FRL	4	1	74	66.10	2.2e-15	1	71	00bac0
3150	RF00005	9N9J	v3	2	73	37.00	2.3e-07	1	71	00bac0
3151	RF00005	1B23	R	1	71	54.00	4.6e-12	1	71	00bac0
3152	RF00005	1OB5	D	1	73	67.70	8.2e-16	1	71	00bac0
3153	RF00005	4V8U	CW	1	74	61.40	4.3e-14	1	71	00bac0
3154	RF00005	4WT8	D4	1	73	57.30	5.8e-13	2	71	00bac0
3155	RF00005	5KPW	31	1	74	61.40	4.3e-14	1	71	00bac0
3156	RF00005	6X6T	B	1	73	63.80	9.6e-15	1	71	00bac0
3157	RF00005	6YDP	AA	1031	1098	31.80	0.0013	1	71	00bac0
3158	RF00005	6YDP	AA	11561	11629	46.20	1.4e-07	1	71	00bac0
3159	RF00005	6YDP	AA	11689	11758	41.00	3.7e-06	1	71	00bac0
3160	RF00005	6YDP	AA	1	70	42.90	1.1e-06	1	71	00bac0
3161	RF00005	6YDP	AA	2669	2743	53.00	1.9e-09	1	71	00bac0
3162	RF00005	6YDP	AA	3701	3769	53.20	1.6e-09	1	71	00bac0
3163	RF00005	6YDP	AA	3841	3910	36.80	5.4e-05	1	71	00bac0
3164	RF00005	6YDP	AA	9408	9476	50.30	1e-08	1	71	00bac0
3165	RF00005	6YDP	AA	9824	9892	44.70	3.5e-07	1	71	00bac0
3166	RF00005	6YWE	bb	1	71	67.70	7.6e-16	1	71	00bac0
3167	RF00005	6ZM6	x	1	67	68.50	4.5e-16	1	71	00bac0
3168	RF00005	6ZU1	AX	1	73	68.30	5.3e-16	1	71	00bac0
3169	RF00005	7JT1	5	1	74	61.40	4.3e-14	1	71	00bac0
3170	RF00005	8FON	QV	1	73	78.70	7.5e-19	1	71	00bac0
3171	RF00005	8HSP	V	1	73	60.10	9.6e-14	1	71	00bac0
3172	RF00005	8P03	1	1	72	58.00	3.6e-13	1	71	00bac0
3173	RF00005	8P2F	D	1	74	61.40	4.3e-14	1	71	00bac0
3174	RF00005	8UVR	2w	1	73	68.30	5.3e-16	1	71	00bac0
3175	RF00005	8VOP	B	1	73	63.80	9.6e-15	1	71	00bac0
3176	RF00005	9B00	1x	1	74	61.40	4.3e-14	1	71	00bac0
3177	RF00005	9D0J	1x	1	74	61.40	4.3e-14	1	71	00bac0
3178	RF00005	9DFC	1x	1	74	61.40	4.3e-14	1	71	00bac0
3179	RF00005	1VFG	D	1	73	77.20	1.9e-18	1	71	00bac0
3180	RF00005	4V5P	CV	1	73	68.30	5.3e-16	1	71	00bac0
3181	RF00005	4WZD	2K	1	82	53.40	7.8e-12	1	71	00bac0
3182	RF00005	4YCO	E	1	73	68.40	5e-16	1	71	00bac0
3183	RF00005	5U9F	W	1	74	61.40	4.3e-14	1	71	00bac0
3184	RF00005	5VP2	2x	1	74	61.40	4.3e-14	1	71	00bac0
3185	RF00005	6UFG	B	1	74	73.40	2.1e-17	1	71	00bac0
3186	RF00005	6UFM	A	1	74	74.90	8.6e-18	1	71	00bac0
3187	RF00005	7R81	t1	1	73	60.80	6.2e-14	1	71	00bac0
3188	RF00005	7U2I	2y	1	71	71.60	6.4e-17	1	71	00bac0
3189	RF00005	7Y7H	Z	1	74	61.30	4.5e-14	1	71	00bac0
3190	RF00005	7ZTA	ETR1	1	72	62.00	2.8e-14	1	71	00bac0
3191	RF00005	8CAS	1	1	72	63.60	1.1e-14	1	71	00bac0
3192	RF00005	8CRX	C	1	74	61.40	4.3e-14	1	71	00bac0
3193	RF00005	8UU7	y	1	73	68.30	5.3e-16	1	71	00bac0
3194	RF00005	1VY4	CW	1	73	68.30	5.3e-16	1	71	00bac0
3195	RF00005	2AKE	B	1	72	69.30	2.8e-16	1	71	00bac0
3196	RF00005	4V6F	BD	1	73	68.30	5.3e-16	1	71	00bac0
3197	RF00005	4V79	A1	1	73	64.70	5.3e-15	1	71	00bac0
3198	RF00005	4WRO	1L	1	73	68.30	5.3e-16	1	71	00bac0
3199	RF00005	5EL7	3L	1	73	79.20	5.2e-19	1	71	00bac0
3200	RF00005	5WIT	1y	1	73	68.30	5.3e-16	1	71	00bac0
3201	RF00005	6OLI	v	2	73	37.00	2.3e-07	1	71	00bac0
3202	RF00005	7OSM	ASIT	1	73	66.40	1.8e-15	1	71	00bac0
3203	RF00005	7UQ6	B	1	84	54.80	3.1e-12	1	71	00bac0
3204	RF00005	9FXO	S2	1	73	68.40	5e-16	1	71	00bac0
3205	RF00005	9J9H	AQ	1	74	67.60	8.4e-16	1	71	00bac0
3206	RF00005	4L71	XV	1	74	61.40	4.3e-14	1	71	00bac0
3207	RF00005	4LT8	QV	1	74	61.40	4.3e-14	1	71	00bac0
3208	RF00005	4V5G	AY	1	73	72.70	3.3e-17	1	71	00bac0
3209	RF00005	6GZ5	Bv	1	73	65.10	4.2e-15	1	71	00bac0
3210	RF00005	6O3M	XV	1	74	60.70	6.6e-14	1	71	00bac0
3211	RF00005	6WDH	6	1	74	61.40	4.3e-14	1	71	00bac0
3212	RF00005	7AZS	ESIB	1	73	68.30	5.3e-16	1	71	00bac0
3213	RF00005	8FTO	Z	1	73	57.30	5.8e-13	2	71	00bac0
3214	RF00005	1ZJW	B	1	72	55.10	2.2e-12	1	71	00bac0
3215	RF00005	3ZGZ	B	2	85	60.00	1.2e-13	1	71	00bac0
3216	RF00005	4V7K	Av	1	74	61.40	4.3e-14	1	71	00bac0
3217	RF00005	4V90	AV	1	73	66.70	1.5e-15	1	71	00bac0
3218	RF00005	5LZS	ii	1	73	55.90	1.4e-12	1	71	00bac0
3219	RF00005	6SGC	33	1	73	69.20	3e-16	1	71	00bac0
3220	RF00005	6VYR	B	1	73	63.80	9.6e-15	1	71	00bac0
3221	RF00005	6ZMO	CC	1	72	53.90	4.9e-12	1	71	00bac0
3222	RF00005	7PJW	v	1	74	61.30	4.5e-14	1	71	00bac0
3223	RF00005	7U2J	2w	1	71	71.60	6.4e-17	1	71	00bac0
3224	RF00005	7UXA	E	1	88	60.10	1.1e-13	1	71	00bac0
3225	RF00005	8IFB	5	1	73	68.30	5.3e-16	1	71	00bac0
3226	RF00005	8VFT	3	1	72	70.00	1.8e-16	1	71	00bac0
3227	RF00005	9BDL	PTRN	1	74	61.40	4.3e-14	1	71	00bac0
3228	RF00005	4P6F	QV	1	74	61.40	4.3e-14	1	71	00bac0
3229	RF00005	4V5Q	AY	1	73	68.60	4.6e-16	1	71	00bac0
3230	RF00005	5EL4	2L	1	74	61.40	4.3e-14	1	71	00bac0
3231	RF00005	5IB7	3L	1	73	79.20	5.2e-19	1	71	00bac0
3232	RF00005	5JU8	AX	1	74	67.70	8.1e-16	1	71	00bac0
3233	RF00005	5WWR	D	1	72	68.70	4.1e-16	1	71	00bac0
3234	RF00005	5ZEB	v	1	74	61.30	4.5e-14	1	71	00bac0
3235	RF00005	6OLF	u	1	73	60.40	7.9e-14	1	71	00bac0
3236	RF00005	6WDJ	5	1	74	61.40	4.3e-14	1	71	00bac0
3237	RF00005	6Y57	B4	1	72	58.00	3.6e-13	1	71	00bac0
3238	RF00005	6ZU9	1	1	72	63.60	1.1e-14	1	71	00bac0
3239	RF00005	7PAI	7	1	73	69.80	2.1e-16	1	71	00bac0
3240	RF00005	8UVR	2y	1	73	68.30	5.3e-16	1	71	00bac0
3241	RF00005	8Y5P	6	1	74	61.40	4.3e-14	1	71	00bac0
3242	RF00005	3JBV	W	1	73	57.60	4.6e-13	1	71	00bac0
3243	RF00005	4V67	AY	1	74	61.40	4.3e-14	1	71	00bac0
3244	RF00005	4WQY	BX	1	74	61.40	4.3e-14	1	71	00bac0
3245	RF00005	6D9J	3	1	84	52.80	1.2e-11	1	71	00bac0
3246	RF00005	6VZ2	B	1	73	63.80	9.6e-15	1	71	00bac0
3247	RF00005	6YSU	w	1	73	71.10	9e-17	1	71	00bac0
3248	RF00005	7P6Z	7	1	73	69.80	2.1e-16	1	71	00bac0
3249	RF00005	7Z20	v	1	74	60.70	6.6e-14	1	71	00bac0
3250	RF00005	8BSI	Lu	1	72	58.00	3.6e-13	1	71	00bac0
3251	RF00005	8HKY	APTN	1	73	68.30	5.3e-16	1	71	00bac0
3252	RF00005	8PEG	Y	1	73	64.70	5.3e-15	1	71	00bac0
3253	RF00005	8VVU	SA	1	73	47.80	2.4e-10	1	71	00bac0
3254	RF00005	9GHG	D	1	74	61.40	4.3e-14	1	71	00bac0
3255	RF00005	9O3L	1y	1	73	68.30	5.3e-16	1	71	00bac0
3256	RF00005	1MJ1	D	1	73	67.70	8e-16	1	71	00bac0
3257	RF00005	4V9I	CW	1	73	68.30	5.3e-16	1	71	00bac0
3258	RF00005	4WR6	3K	1	82	53.40	7.8e-12	1	71	00bac0
3259	RF00005	4WT1	1L	1	73	68.30	5.3e-16	1	71	00bac0
3260	RF00005	5DOY	2y	1	73	68.30	5.3e-16	1	71	00bac0
3261	RF00005	5WWR	C	1	72	68.70	4.1e-16	1	71	00bac0
3262	RF00005	6C4I	y	1	74	61.40	4.3e-14	1	71	00bac0
3263	RF00005	6N9E	1x	1	74	61.40	4.3e-14	1	71	00bac0
3264	RF00005	6WDJ	7	1	73	68.30	5.3e-16	1	71	00bac0
3265	RF00005	6ZTJ	AW	1	74	61.30	4.5e-14	1	71	00bac0
3266	RF00005	8EMM	Y	1	73	57.30	5.8e-13	2	71	00bac0
3267	RF00005	8P7X	6	1	73	65.50	3.2e-15	1	71	00bac0
3268	RF00005	8SYL	x	1	74	61.40	4.3e-14	1	71	00bac0
3269	RF00005	9B00	1w	1	73	68.30	5.3e-16	1	71	00bac0
3270	RF00005	9GR1	Y	1	74	61.30	4.5e-14	1	71	00bac0
3271	RF00005	9WNR	X	1	73	69.10	3.3e-16	1	71	00bac0
3272	RF00005	1IVS	C	1	72	69.40	2.6e-16	1	71	00bac0
3273	RF00005	3JAP	1	1	72	63.10	1.5e-14	1	71	00bac0
3274	RF00005	4V6G	CC	1	74	61.40	4.3e-14	1	71	00bac0
3275	RF00005	4WU1	3K	1	82	53.40	7.8e-12	1	71	00bac0
3276	RF00005	6IP5	zu	1	72	53.90	4.8e-12	1	71	00bac0
3277	RF00005	7NSQ	v	1	74	67.10	1.2e-15	1	71	00bac0
3278	RF00005	7RQ9	1w	1	73	68.30	5.3e-16	1	71	00bac0
3279	RF00005	8CVL	1x	1	74	61.40	4.3e-14	1	71	00bac0
3280	RF00005	8ZFF	Z	1	74	61.30	4.5e-14	1	71	00bac0
3281	RF00005	8ZFI	Z	1	74	60.70	6.6e-14	1	71	00bac0
3282	RF00005	9B0P	Et	1	72	70.00	1.8e-16	1	71	00bac0
3283	RF00005	9BDN	TIRN	1	73	59.50	1.4e-13	1	71	00bac0
3284	RF00005	9H9I	3	1	74	69.10	3.3e-16	1	71	00bac0
3285	RF00005	2MS1	B	1	71	49.50	7.3e-11	1	70	00bac0
3286	RF00005	2ZUF	B	1	75	65.00	4.4e-15	1	71	00bac0
3287	RF00005	4V75	A1	1	73	64.70	5.3e-15	1	71	00bac0
3288	RF00005	4W4G	XV	1	74	61.40	4.3e-14	1	71	00bac0
3289	RF00005	6ENU	x	1	74	60.70	6.6e-14	1	71	00bac0
3290	RF00005	6N9F	2x	1	74	61.40	4.3e-14	1	71	00bac0
3291	RF00005	6O97	1x	1	74	61.40	4.3e-14	1	71	00bac0
3292	RF00005	6OXI	XV	1	74	61.40	4.3e-14	1	71	00bac0
3293	RF00005	6VYY	B	1	73	63.80	9.6e-15	1	71	00bac0
3294	RF00005	6XHW	1w	1	73	68.30	5.3e-16	1	71	00bac0
3295	RF00005	6XIR	AX	1	73	67.70	8e-16	1	71	00bac0
3296	RF00005	6ZM7	CC	1	72	53.90	4.9e-12	1	71	00bac0
3297	RF00005	7D6Z	3	1	74	67.70	8.1e-16	1	71	00bac0
3298	RF00005	7ST7	6	1	74	61.40	4.3e-14	1	71	00bac0
3299	RF00005	8EV7	1w	1	73	68.30	5.3e-16	1	71	00bac0
3300	RF00005	8JOZ	B	1	85	52.70	1.2e-11	1	71	00bac0
3301	RF00005	8P7Y	8	1	73	71.20	8.6e-17	1	71	00bac0
3302	RF00005	8P8B	7	1	72	60.50	7.6e-14	1	71	00bac0
3303	RF00005	8RCM	W	1	73	64.00	8.1e-15	1	71	00bac0
3304	RF00005	8YDJ	6	1	74	61.40	4.3e-14	1	71	00bac0
3305	RF00005	9ENC	D	1	72	65.20	3.9e-15	1	71	00bac0
3306	RF00005	3WFQ	A	1	73	77.20	1.8e-18	1	71	00bac0
3307	RF00005	4V8N	CY	1	75	71.00	1e-16	1	71	00bac0
3308	RF00005	4WSD	1L	1	73	68.30	5.3e-16	1	71	00bac0
3309	RF00005	5AFI	v	1	74	61.30	4.5e-14	1	71	00bac0
3310	RF00005	5ON3	B	1	84	57.70	5.2e-13	1	71	00bac0
3311	RF00005	5WIT	1x	1	74	61.40	4.3e-14	1	71	00bac0
3312	RF00005	6Y57	D4	1	73	68.30	5.3e-16	1	71	00bac0
3313	RF00005	6ZTM	AX	1	73	68.30	5.3e-16	1	71	00bac0
3314	RF00005	7B5K	x	1	74	59.50	1.5e-13	1	71	00bac0
3315	RF00005	7QH4	y	1	74	71.70	6.4e-17	1	71	00bac0
3316	RF00005	8CVK	2x	1	74	61.40	4.3e-14	1	71	00bac0
3317	RF00005	8QU1	B	1	69	34.30	1.1e-06	1	71	00bac0
3318	RF00005	8UIZ	Pt	1	73	55.30	2e-12	1	71	00bac0
3319	RF00005	8VFT	2	1	73	53.90	4.8e-12	1	71	00bac0
3320	RF00005	8YDF	6	1	74	61.40	4.3e-14	1	71	00bac0
3321	RF00005	1ASZ	S	1	72	56.30	1.1e-12	1	71	00bac0
3322	RF00005	1QTQ	B	1	72	62.00	2.8e-14	1	71	00bac0
3323	RF00005	1VY5	CX	1	74	61.40	4.3e-14	1	71	00bac0
3324	RF00005	1VY6	AX	1	74	61.40	4.3e-14	1	71	00bac0
3325	RF00005	3FOZ	C	1	73	66.30	1.9e-15	1	71	00bac0
3326	RF00005	4JYZ	B	1	72	63.50	1.1e-14	1	71	00bac0
3327	RF00005	4WPO	BY	1	73	68.30	5.3e-16	1	71	00bac0
3328	RF00005	5IMR	5	1	73	68.30	5.3e-16	1	71	00bac0
3329	RF00005	5J3C	XV	1	74	61.40	4.3e-14	1	71	00bac0
3330	RF00005	6BZ8	QV	1	74	61.40	4.3e-14	1	71	00bac0
3331	RF00005	6GSL	2K	1	74	61.40	4.3e-14	1	71	00bac0
3332	RF00005	6GSN	1	1	72	63.10	1.5e-14	1	71	00bac0
3333	RF00005	6VWN	5	1	73	68.30	5.3e-16	1	71	00bac0
3334	RF00005	6YEF	x	1	74	61.40	4.3e-14	1	71	00bac0
3335	RF00005	6YWY	bb	1	70	54.20	3.9e-12	1	71	00bac0
3336	RF00005	7ABZ	7	1	73	68.30	5.3e-16	1	71	00bac0
3337	RF00005	7MSH	y	1	74	61.40	4.3e-14	1	71	00bac0
3338	RF00005	7S1G	A	1	73	68.30	5.3e-16	1	71	00bac0
3339	RF00005	7UVW	v	1	74	70.30	1.5e-16	1	71	00bac0
3340	RF00005	8G2A	1y	1	73	68.30	5.3e-16	1	71	00bac0
3341	RF00005	8V9L	y	1	73	68.30	5.3e-16	1	71	00bac0
3342	RF00005	8VVP	UA	1	72	48.50	1.5e-10	2	71	00bac0
3343	RF00005	8YUP	X	1	74	73.60	1.9e-17	1	71	00bac0
3344	RF00005	9LEL	J	389	476	50.10	3.4e-10	1	71	00bac0
3345	RF00005	1QRT	B	1	72	62.00	2.8e-14	1	71	00bac0
3346	RF00005	4V7J	Bw	1	74	61.40	4.3e-14	1	71	00bac0
3347	RF00005	4W29	CX	1	73	65.90	2.5e-15	1	71	00bac0
3348	RF00005	4Z3S	1y	1	73	68.30	5.3e-16	1	71	00bac0
3349	RF00005	6CAE	2y	1	73	64.70	5.3e-15	1	71	00bac0
3350	RF00005	6LVR	B	1	73	67.70	8e-16	1	71	00bac0
3351	RF00005	6OSI	XV	1	74	60.70	6.6e-14	1	71	00bac0
3352	RF00005	6VZ3	A	1	73	63.80	9.6e-15	1	71	00bac0
3353	RF00005	7PJU	v	1	74	61.30	4.5e-14	1	71	00bac0
3354	RF00005	7UO1	C	6	79	71.10	9.7e-17	1	71	00bac0
3355	RF00005	8G2C	1w	1	73	68.30	5.3e-16	1	71	00bac0
3356	RF00005	8RCS	Y1	1	73	64.70	5.3e-15	1	71	00bac0
3357	RF00005	8Z71	s	1	74	55.10	2.4e-12	1	71	00bac0
3358	RF00005	9D7R	1x	1	73	68.30	5.3e-16	1	71	00bac0
3359	RF00005	9EY2	T	1	68	36.40	3e-07	2	71	00bac0
3360	RF00005	4V7C	AW	1	73	68.30	5.3e-16	1	71	00bac0
3361	RF00005	4V7J	Bv	1	74	61.40	4.3e-14	1	71	00bac0
3362	RF00005	5H5U	5	1	73	63.80	9.6e-15	1	71	00bac0
3363	RF00005	5UQ7	y	1	74	61.40	4.3e-14	1	71	00bac0
3364	RF00005	5ZLU	DD	1	74	52.60	1.1e-11	1	71	00bac0
3365	RF00005	6XA1	Bv	1	73	63.00	1.5e-14	1	71	00bac0
3366	RF00005	8G2D	2w	1	73	68.30	5.3e-16	1	71	00bac0
3367	RF00005	8IFB	6	1	74	61.30	4.5e-14	1	71	00bac0
3368	RF00005	8RCT	Y	1	73	63.00	1.6e-14	1	71	00bac0
3369	RF00005	8UQP	A	1	73	63.80	9.6e-15	1	71	00bac0
3370	RF00005	9ENB	C	1	72	65.20	3.9e-15	1	71	00bac0
3371	RF00005	9O3I	2x	1	74	61.40	4.3e-14	1	71	00bac0
3372	RF00005	3FOZ	D	1	66	50.30	4.5e-11	4	67	00bac0
3373	RF00005	486D	E	1	72	56.30	1e-12	1	71	00bac0
3374	RF00005	4V51	AV	1	74	61.40	4.3e-14	1	71	00bac0
3375	RF00005	4V73	A1	1	73	64.70	5.3e-15	1	71	00bac0
3376	RF00005	4WZO	1K	1	74	61.40	4.3e-14	1	71	00bac0
3377	RF00005	5E7K	2L	1	74	61.40	4.3e-14	1	71	00bac0
3378	RF00005	5K0Y	N	1	72	58.00	3.6e-13	1	71	00bac0
3379	RF00005	5YYN	D	1	74	68.70	4.3e-16	1	71	00bac0
3380	RF00005	6C5L	CV	1	73	68.30	5.3e-16	1	71	00bac0
3381	RF00005	6WD4	7	1	73	68.30	5.3e-16	1	71	00bac0
3382	RF00005	7ASE	1	1	72	66.70	1.5e-15	1	71	00bac0
3383	RF00005	7NRC	Sm	1	73	79.20	5.2e-19	1	71	00bac0
3384	RF00005	7OII	z	1	82	57.60	5.2e-13	1	71	00bac0
3385	RF00005	7Y7G	Z	1	74	61.30	4.5e-14	1	71	00bac0
3386	RF00005	8UU5	x	1	73	68.30	5.3e-16	1	71	00bac0
3387	RF00005	8YUO	X	1	74	73.60	1.9e-17	1	71	00bac0
3388	RF00005	2D6F	E	1	72	59.20	1.7e-13	1	71	00bac0
3389	RF00005	3AMU	B	1	75	72.10	5.1e-17	1	71	00bac0
3390	RF00005	4V42	AD	1	71	57.80	4.2e-13	1	71	00bac0
3391	RF00005	4V4S	AW	1	73	67.70	8e-16	1	71	00bac0
3392	RF00005	4V71	A3	1	74	61.40	4.3e-14	1	71	00bac0
3393	RF00005	4V7K	Aw	1	74	61.40	4.3e-14	1	71	00bac0
3394	RF00005	5B63	D	1	74	68.70	4.3e-16	1	71	00bac0
3395	RF00005	5E7K	3K	1	73	79.20	5.2e-19	1	71	00bac0
3396	RF00005	5LZY	3	1	72	70.00	1.8e-16	1	71	00bac0
3397	RF00005	6GSM	1	1	72	63.60	1.1e-14	1	71	00bac0
3398	RF00005	7SSW	6	1	74	61.40	4.3e-14	1	71	00bac0
3399	RF00005	7UG7	Pt	1	73	68.30	5.3e-16	1	71	00bac0
3400	RF00005	8G2C	2w	1	73	68.30	5.3e-16	1	71	00bac0
3401	RF00005	8YLR	u	1	72	55.60	1.6e-12	1	71	00bac0
3402	RF00005	9BUP	S8	1	73	63.80	9.6e-15	1	71	00bac0
3403	RF00005	9NDP	2	1	73	49.40	8.4e-11	1	71	00bac0
3404	RF00005	9O3H	2w	1	73	79.20	5.2e-19	1	71	00bac0
3405	RF00005	1N77	C	1	72	64.10	7.4e-15	1	71	00bac0
3406	RF00005	4V4N	B1	1	74	70.30	1.6e-16	1	71	00bac0
3407	RF00005	4W2H	AY	1	73	68.30	5.3e-16	1	71	00bac0
3408	RF00005	4WPO	DY	1	73	68.30	5.3e-16	1	71	00bac0
3409	RF00005	6C5L	AW	1	73	68.30	5.3e-16	1	71	00bac0
3410	RF00005	6FEC	N	1	72	58.00	3.6e-13	1	71	00bac0
3411	RF00005	6YDW	BB	1	70	42.90	5.2e-09	1	71	00bac0
3412	RF00005	6ZJ3	S3	1	73	67.50	9.2e-16	1	71	00bac0
3413	RF00005	7JQM	2x	1	74	61.40	4.3e-14	1	71	00bac0
3414	RF00005	7K51	6	1	74	61.40	4.3e-14	1	71	00bac0
3415	RF00005	7PJT	v	1	74	61.30	4.5e-14	1	71	00bac0
3416	RF00005	8G2B	1x	1	74	61.40	4.3e-14	1	71	00bac0
3417	RF00005	8G2B	2y	1	73	68.30	5.3e-16	1	71	00bac0
3418	RF00005	8IPB	cl	1	72	54.90	2.6e-12	1	71	00bac0
3419	RF00005	8P8V	8	1	73	71.20	8.6e-17	1	71	00bac0
3420	RF00005	8UXB	5	1	74	54.90	2.6e-12	1	71	00bac0
3421	RF00005	8VTU	1w	1	73	68.30	5.3e-16	1	71	00bac0
3422	RF00005	9B0S	pE	1	72	70.00	1.8e-16	1	71	00bac0
3423	RF00005	9N2B	Pt	1	74	61.40	4.3e-14	1	71	00bac0
3424	RF00005	9O3J	1y	1	73	79.20	5.2e-19	1	71	00bac0
3425	RF00005	3J0L	Y	1	73	68.30	5.3e-16	1	71	00bac0
3426	RF00005	4LFZ	QV	1	74	61.40	4.3e-14	1	71	00bac0
3427	RF00005	4WSM	3K	1	84	52.80	1.2e-11	1	71	00bac0
3428	RF00005	5WE4	w	1	74	61.30	4.5e-14	1	71	00bac0
3429	RF00005	6WDK	5	1	74	61.40	4.3e-14	1	71	00bac0
3430	RF00005	7U2I	2w	1	71	71.60	6.4e-17	1	71	00bac0
3431	RF00005	8Q4F	Z	1	73	57.30	5.8e-13	2	71	00bac0
3432	RF00005	8URI	A	1	73	63.80	9.6e-15	1	71	00bac0
3433	RF00005	8UU6	x	1	73	68.30	5.3e-16	1	71	00bac0
3434	RF00005	8WND	T	1	74	67.80	7.4e-16	1	71	00bac0
3435	RF00005	9GR1	Z	1	73	68.30	5.3e-16	1	71	00bac0
3436	RF00005	9O3K	1w	1	73	79.20	5.2e-19	1	71	00bac0
3437	RF00005	9O3K	1y	1	73	79.20	5.2e-19	1	71	00bac0
3438	RF00005	2DEU	C	1	73	60.10	9.6e-14	1	71	00bac0
3439	RF00005	3JCJ	v	1	74	61.30	4.5e-14	1	71	00bac0
3440	RF00005	4V7D	BW	1	73	68.30	5.3e-16	1	71	00bac0
3441	RF00005	4V8O	AV	1	74	61.40	4.3e-14	1	71	00bac0
3442	RF00005	5HCQ	1x	1	74	61.40	4.3e-14	1	71	00bac0
3443	RF00005	5IB8	3K	1	73	79.20	5.2e-19	1	71	00bac0
3444	RF00005	5J3C	QV	1	74	61.40	4.3e-14	1	71	00bac0
3445	RF00005	6GXN	x	1	74	61.40	4.3e-14	1	71	00bac0
3446	RF00005	6XDQ	B	1	73	63.80	9.6e-15	1	71	00bac0
3447	RF00005	7MT2	y	1	74	61.40	4.3e-14	1	71	00bac0
3448	RF00005	7SSO	6	1	74	61.40	4.3e-14	1	71	00bac0
3449	RF00005	7ST6	6	1	74	61.40	4.3e-14	1	71	00bac0
3450	RF00005	8BGH	4	1	74	61.40	4.3e-14	1	71	00bac0
3451	RF00005	8CG8	Bb	1	73	67.70	8e-16	1	71	00bac0
3452	RF00005	8CVL	1w	1	73	68.30	5.3e-16	1	71	00bac0
3453	RF00005	8UPY	C	1	69	33.70	1.7e-06	1	71	00bac0
3454	RF00005	9GHB	Z	1	74	61.40	4.3e-14	1	71	00bac0
3455	RF00005	9V27	sJ	1	74	43.50	3.7e-09	1	71	00bac0
3456	RF00005	4V8J	AY	1	73	68.30	5.3e-16	1	71	00bac0
3457	RF00005	4V9S	CX	1	74	61.40	4.3e-14	1	71	00bac0
3458	RF00005	4W2H	CX	1	74	61.40	4.3e-14	1	71	00bac0
3459	RF00005	5CZP	QV	1	74	61.40	4.3e-14	1	71	00bac0
3460	RF00005	5WE4	y	1	73	68.30	5.3e-16	1	71	00bac0
3461	RF00005	6OTR	QV	1	74	61.40	4.3e-14	1	71	00bac0
3462	RF00005	6Q97	7	1	74	69.60	2.4e-16	1	71	00bac0
3463	RF00005	6V39	v	1	74	70.30	1.5e-16	1	71	00bac0
3464	RF00005	6YBV	w	1	72	58.00	3.6e-13	1	71	00bac0
3465	RF00005	7CPU	S6	1	72	58.00	3.6e-13	1	71	00bac0
3466	RF00005	7N1P	Pt	1	73	79.20	5.2e-19	1	71	00bac0
3467	RF00005	7NHM	D	1	74	62.10	2.8e-14	1	71	00bac0
3468	RF00005	8G2C	1x	1	74	61.40	4.3e-14	1	71	00bac0
3469	RF00005	8P17	5	1	73	57.30	5.8e-13	2	71	00bac0
3470	RF00005	8PJ3	w	1	72	58.00	3.6e-13	1	71	00bac0
3471	RF00005	9Q87	Z	1	74	62.70	1.9e-14	1	71	00bac0
3472	RF00005	1H4Q	T	1	74	58.20	3.2e-13	1	71	00bac0
3473	RF00005	1JGQ	B	1	73	67.70	8e-16	1	71	00bac0
3474	RF00005	2CV1	C	1	72	64.10	7.4e-15	1	71	00bac0
3475	RF00005	2K4C	A	1	73	65.90	2.5e-15	1	71	00bac0
3476	RF00005	3J7A	7	1	74	67.60	8.4e-16	1	71	00bac0
3477	RF00005	4UJD	BA	1	73	68.30	5.3e-16	1	71	00bac0
3478	RF00005	4V76	A1	1	73	64.70	5.3e-15	1	71	00bac0
3479	RF00005	4V8D	CB	1	82	53.40	7.8e-12	1	71	00bac0
3480	RF00005	6C5L	AV	1	73	68.30	5.3e-16	1	71	00bac0
3481	RF00005	6GSL	3K	1	74	65.60	3e-15	1	71	00bac0
3482	RF00005	6UCQ	1y	1	73	68.30	5.3e-16	1	71	00bac0
3483	RF00005	6XIR	AZ	1	73	67.70	8e-16	1	71	00bac0
3484	RF00005	7OF3	B	1	69	34.30	1.1e-06	1	71	00bac0
3485	RF00005	7P7T	D	1	74	64.20	7.3e-15	1	71	00bac0
3486	RF00005	7ZUW	6	1	73	63.60	1e-14	1	71	00bac0
3487	RF00005	8G5Z	Pt	1	74	61.40	4.3e-14	1	71	00bac0
3488	RF00005	8P8B	6	1	73	65.50	3.2e-15	1	71	00bac0
3489	RF00005	8S8D	1	1	72	63.60	1.1e-14	1	71	00bac0
3490	RF00005	9B0Q	PE	1	73	69.20	3e-16	1	71	00bac0
3491	RF00005	9FY0	4	1	74	66.10	2.2e-15	1	71	00bac0
3492	RF00005	9HCF	B	1	68	45.70	7.8e-10	1	71	00bac0
3493	RF00005	9J4O	A	1	86	56.30	1.3e-12	1	71	00bac0
3494	RF00005	1GSG	T	1	72	62.00	2.8e-14	1	71	00bac0
3495	RF00005	3J46	a	1	73	68.30	5.3e-16	1	71	00bac0
3496	RF00005	3J9M	B	2	70	34.30	1.2e-06	1	71	00bac0
3497	RF00005	3TRA	A	1	72	56.30	1.1e-12	1	71	00bac0
3498	RF00005	4V4V	AV	1	73	67.70	8e-16	1	71	00bac0
3499	RF00005	4V4X	AD	1	73	72.40	3.9e-17	1	71	00bac0
3500	RF00005	4V4Y	AC	1	73	68.30	5.3e-16	1	71	00bac0
3501	RF00005	5F8K	1x	1	73	57.30	5.8e-13	2	71	00bac0
3502	RF00005	5UYM	X	1	74	61.40	4.3e-14	1	71	00bac0
3503	RF00005	6OM6	5	1	73	67.00	1.2e-15	1	71	00bac0
3504	RF00005	6YAM	1	1	72	58.00	3.6e-13	1	71	00bac0
3505	RF00005	6YTF	7	1	74	61.30	4.5e-14	1	71	00bac0
3506	RF00005	7A5H	24	1	70	46.40	5.6e-10	1	71	00bac0
3507	RF00005	7OF2	B	1	69	34.30	1.1e-06	1	71	00bac0
3508	RF00005	7Q0R	10	1	74	69.90	2e-16	1	71	00bac0
3509	RF00005	8BHP	4	1	74	61.40	4.3e-14	1	71	00bac0
3510	RF00005	8BIL	4	1	74	61.40	4.3e-14	1	71	00bac0
3511	RF00005	8G60	Pt	1	74	61.40	4.3e-14	1	71	00bac0
3512	RF00005	8VU0	C	1	73	50.00	6e-11	1	71	00bac0
3513	RF00005	9D0J	1y	1	73	68.30	5.3e-16	1	71	00bac0
3514	RF00005	9D0J	2x	1	74	61.40	4.3e-14	1	71	00bac0
3515	RF00005	9D7T	1x	1	73	68.30	5.3e-16	1	71	00bac0
3516	RF00005	1G59	B	1	72	64.10	7.4e-15	1	71	00bac0
3517	RF00005	3EP2	Y	1	72	59.60	1.3e-13	2	71	00bac0
3518	RF00005	4ARI	B	1	84	57.70	5.2e-13	1	71	00bac0
3519	RF00005	4Z3S	2x	1	74	61.40	4.3e-14	1	71	00bac0
3520	RF00005	5LZW	2	1	73	55.90	1.4e-12	1	71	00bac0
3521	RF00005	7NSJ	BB	1	70	42.90	5.2e-09	1	71	00bac0
3522	RF00005	7U2J	1y	1	71	71.60	6.4e-17	1	71	00bac0
3523	RF00005	7ZQ6	M	1	73	69.10	3.3e-16	1	71	00bac0
3524	RF00005	8TPU	S7	1	74	67.60	8.4e-16	1	71	00bac0
3525	RF00005	8YDE	6	1	74	61.40	4.3e-14	1	71	00bac0
3526	RF00005	9E9C	B	1	68	45.70	7.8e-10	1	71	00bac0
3527	RF00005	9NLQ	T	1	74	58.10	3.5e-13	1	71	00bac0
3528	RF00005	9RTV	w	1	73	71.10	9e-17	1	71	00bac0
3529	RF00005	2BYT	B	1	80	60.30	9.6e-14	1	71	00bac0
3530	RF00005	4V7K	Bw	1	74	61.40	4.3e-14	1	71	00bac0
3531	RF00005	5HR7	D	1	73	60.10	9.6e-14	1	71	00bac0
3532	RF00005	5J4D	IA	1	74	61.40	4.3e-14	1	71	00bac0
3533	RF00005	5KPW	30	1	73	68.30	5.3e-16	1	71	00bac0
3534	RF00005	5NDK	W1	1	73	68.30	5.3e-16	1	71	00bac0
3535	RF00005	5UQ8	z	1	73	68.30	5.3e-16	1	71	00bac0
3536	RF00005	6DNC	LA	1	74	61.40	4.3e-14	1	71	00bac0
3537	RF00005	6GSL	1L	1	74	68.70	4.2e-16	1	71	00bac0
3538	RF00005	6HA1	x	1	84	52.80	1.2e-11	1	71	00bac0
3539	RF00005	6O97	1y	1	73	64.70	5.3e-15	1	71	00bac0
3540	RF00005	8AGT	x	1	73	58.20	3.4e-13	1	71	00bac0
3541	RF00005	8AGX	x	1	73	59.70	1.2e-13	1	71	00bac0
3542	RF00005	8QOA	Y	1	74	65.80	2.7e-15	1	71	00bac0
3543	RF00005	8UVR	1w	1	73	68.30	5.3e-16	1	71	00bac0
3544	RF00005	8VTV	1y	1	73	68.30	5.3e-16	1	71	00bac0
3545	RF00005	9B0S	Pt	1	71	55.20	2.2e-12	1	71	00bac0
3546	RF00005	9B11	Et	1	72	70.00	1.8e-16	1	71	00bac0
3547	RF00005	9GUU	W	1	74	61.30	4.5e-14	1	71	00bac0
3548	RF00005	9J5P	A	1	86	55.10	2.7e-12	1	71	00bac0
3549	RF00005	3J9W	AX	1	74	71.70	6.4e-17	1	71	00bac0
3550	RF00005	4AQ7	B	1	84	57.70	5.2e-13	1	71	00bac0
3551	RF00005	4V5R	AV	1	73	68.30	5.3e-16	1	71	00bac0
3552	RF00005	4WOI	DW	1	73	68.30	5.3e-16	1	71	00bac0
3553	RF00005	5WFS	y	1	73	68.30	5.3e-16	1	71	00bac0
3554	RF00005	7RQ9	2y	1	73	68.30	5.3e-16	1	71	00bac0
3555	RF00005	7SSN	6	1	74	61.40	4.3e-14	1	71	00bac0
3556	RF00005	8BGE	4	1	74	61.40	4.3e-14	1	71	00bac0
3557	RF00005	8SYL	y	1	73	68.30	5.3e-16	1	71	00bac0
3558	RF00005	8UT0	n	1	72	55.60	1.6e-12	1	71	00bac0
3559	RF00005	8Y5K	6	1	74	61.40	4.3e-14	1	71	00bac0
3560	RF00005	8YDG	6	1	74	61.40	4.3e-14	1	71	00bac0
3561	RF00005	9O3I	1x	1	74	61.40	4.3e-14	1	71	00bac0
3562	RF00005	1ML5	B	1	73	67.70	8e-16	1	71	00bac0
3563	RF00005	4V7D	BV	1	73	68.30	5.3e-16	1	71	00bac0
3564	RF00005	4WT1	3K	1	73	68.30	5.3e-16	1	71	00bac0
3565	RF00005	6O3M	QV	1	74	60.70	6.6e-14	1	71	00bac0
3566	RF00005	6OM0	u	1	73	60.40	7.9e-14	1	71	00bac0
3567	RF00005	6WD2	6	1	74	61.40	4.3e-14	1	71	00bac0
3568	RF00005	7AZS	PSIA	1	73	68.30	5.3e-16	1	71	00bac0
3569	RF00005	7D6Z	2	1	73	66.30	1.9e-15	1	71	00bac0
3570	RF00005	7PI9	7	1	73	69.80	2.1e-16	1	71	00bac0
3571	RF00005	7QGR	M	1	72	62.00	2.8e-14	1	71	00bac0
3572	RF00005	7QVP	CC	1	72	53.90	4.9e-12	1	71	00bac0
3573	RF00005	7RYG	v	1	74	70.30	1.5e-16	1	71	00bac0
3574	RF00005	8AGW	y	1	73	58.20	3.4e-13	1	71	00bac0
3575	RF00005	8FZD	x	1	73	68.30	5.3e-16	1	71	00bac0
3576	RF00005	8FZH	y	1	73	68.30	5.3e-16	1	71	00bac0
3577	RF00005	8HKZ	APTN	1	73	68.30	5.3e-16	1	71	00bac0
3578	RF00005	9G6J	AT	1	74	61.40	4.3e-14	1	71	00bac0
3579	RF00005	4V5D	AY	1	73	68.30	5.4e-16	1	71	00bac0
3580	RF00005	4V8D	AB	1	82	53.40	7.8e-12	1	71	00bac0
3581	RF00005	4Z3S	1x	1	74	61.40	4.3e-14	1	71	00bac0
3582	RF00005	5CZP	XV	1	74	61.40	4.3e-14	1	71	00bac0
3583	RF00005	5WDT	v	1	74	61.30	4.5e-14	1	71	00bac0
3584	RF00005	6ORD	QY	1	73	68.90	3.6e-16	1	71	00bac0
3585	RF00005	6WDM	7	1	73	68.30	5.4e-16	1	71	00bac0
3586	RF00005	7AZS	TRNA	1	73	68.30	5.3e-16	1	71	00bac0
3587	RF00005	8CVJ	1y	1	73	68.30	5.3e-16	1	71	00bac0
3588	RF00005	8P7C	T	1	82	64.40	7e-15	1	71	00bac0
3589	RF00005	8RCT	W	1	73	64.00	8.1e-15	1	71	00bac0
3590	RF00005	8T3A	tE	1	74	61.40	4.3e-14	1	71	00bac0
3591	RF00005	9FXO	S4	1	73	68.40	5e-16	1	71	00bac0
3592	RF00005	3JCD	9	1	73	68.30	5.3e-16	1	71	00bac0
3593	RF00005	4WQ1	3K	1	82	53.40	7.8e-12	1	71	00bac0
3594	RF00005	5HAU	1w	1	74	61.40	4.3e-14	1	71	00bac0
3595	RF00005	6C5L	CW	1	73	68.30	5.3e-16	1	71	00bac0
3596	RF00005	6DNC	D	1	74	61.40	4.3e-14	1	71	00bac0
3597	RF00005	7O80	AT	1	83	63.50	1.3e-14	1	71	00bac0
3598	RF00005	7QP7	w	1	72	58.00	3.6e-13	1	71	00bac0
3599	RF00005	7QVP	B4	1	73	68.30	5.3e-16	1	71	00bac0
3600	RF00005	8ASW	X	1	73	65.40	3.3e-15	1	71	00bac0
3601	RF00005	8H1C	C	1	71	64.00	7.8e-15	1	71	00bac0
3602	RF00005	8PVA	Y	1	73	65.90	2.5e-15	1	71	00bac0
3603	RF00005	8T5D	5	1	74	61.40	4.3e-14	1	71	00bac0
3604	RF00005	8VOQ	B	1	73	63.80	9.6e-15	1	71	00bac0
3605	RF00005	9B0H	Et	1	72	70.00	1.8e-16	1	71	00bac0
3606	RF00005	9D7S	1x	1	73	68.30	5.3e-16	1	71	00bac0
3607	RF00005	9DFC	2w	1	73	68.30	5.3e-16	1	71	00bac0
3608	RF00005	9GFT	AU	1	73	63.00	1.6e-14	1	71	00bac0
3609	RF00005	9GHA	8	1	74	61.40	4.3e-14	1	71	00bac0
3610	RF00005	9V27	sI	1	73	70.60	1.3e-16	1	71	00bac0
3611	RF00005	1VY7	CY	1	73	68.30	5.3e-16	1	71	00bac0
3612	RF00005	2DXI	D	1	72	64.10	7.4e-15	1	71	00bac0
3613	RF00005	3CW5	A	1	74	61.30	4.5e-14	1	71	00bac0
3614	RF00005	4V51	CW	1	73	68.30	5.3e-16	1	71	00bac0
3615	RF00005	4V95	CV	1	74	61.40	4.3e-14	1	71	00bac0
3616	RF00005	5IQR	6	1	73	68.30	5.3e-16	1	71	00bac0
3617	RF00005	5JTE	AW	1	71	77.20	1.9e-18	1	71	00bac0
3618	RF00005	5NDK	W4	1	73	68.30	5.3e-16	1	71	00bac0
3619	RF00005	6OF6	XY	1	73	63.00	1.6e-14	1	71	00bac0
3620	RF00005	6VYZ	B	1	73	63.80	9.6e-15	1	71	00bac0
3621	RF00005	7OIA	B	1	69	34.30	1.1e-06	1	71	00bac0
3622	RF00005	7QI6	Aw	1	65	37.50	1.5e-07	1	71	00bac0
3623	RF00005	9AX7	Z	1	72	57.90	3.9e-13	2	71	00bac0
3624	RF00005	4V6K	BE	1	73	68.30	5.3e-16	1	71	00bac0
3625	RF00005	4V9K	AW	1	74	71.10	9.1e-17	1	71	00bac0
3626	RF00005	5UYM	W	1	74	61.40	4.3e-14	1	71	00bac0
3627	RF00005	6XHV	1w	1	73	68.30	5.3e-16	1	71	00bac0
3628	RF00005	7SYR	i	1	72	58.00	3.6e-13	1	71	00bac0
3629	RF00005	8AGV	x	1	73	58.20	3.4e-13	1	71	00bac0
3630	RF00005	8BTD	u	1	72	58.00	3.6e-13	1	71	00bac0
3631	RF00005	8EIU	Z	1	73	57.30	5.7e-13	2	71	00bac0
3632	RF00005	8EV6	1x	1	74	61.40	4.3e-14	1	71	00bac0
3633	RF00005	8S8K	1	1	72	63.60	1.1e-14	1	71	00bac0
3634	RF00005	8UO6	A	1	131	50.20	9e-11	1	71	00bac0
3635	RF00005	8VVR	SA	1	73	47.80	2.4e-10	1	71	00bac0
3636	RF00005	9DFC	1w	1	73	68.30	5.3e-16	1	71	00bac0
3637	RF00005	4V6K	BB	1	73	68.30	5.3e-16	1	71	00bac0
3638	RF00005	5EL7	2L	1	74	61.40	4.3e-14	1	71	00bac0
3639	RF00005	6BU8	W	1	74	61.40	4.3e-14	1	71	00bac0
3640	RF00005	6OXA	QW	1	74	61.40	4.3e-14	1	71	00bac0
3641	RF00005	6SZS	x	1	74	60.70	6.6e-14	1	71	00bac0
3642	RF00005	6VZ7	B	1	73	63.80	9.6e-15	1	71	00bac0
3643	RF00005	6WDB	6	1	74	61.40	4.3e-14	1	71	00bac0
3644	RF00005	7K54	6	1	74	61.40	4.3e-14	1	71	00bac0
3645	RF00005	7QV3	H	1	74	71.70	6.4e-17	1	71	00bac0
3646	RF00005	8G4S	g	1	74	50.40	4.5e-11	1	71	00bac0
3647	RF00005	8RXX	S3	1	74	61.30	4.5e-14	1	71	00bac0
3648	RF00005	8URH	B	1	73	63.80	9.6e-15	1	71	00bac0
3649	RF00005	8Y5S	5	1	73	68.30	5.3e-16	1	71	00bac0
3650	RF00005	8Y5T	6	1	74	61.40	4.3e-14	1	71	00bac0
3651	RF00005	9DFD	1y	1	73	68.30	5.3e-16	1	71	00bac0
3652	RF00005	1EG0	O	1	73	63.70	1e-14	1	71	00bac0
3653	RF00005	4V4I	0	1	73	69.60	2.4e-16	1	71	00bac0
3654	RF00005	4V5P	AV	1	73	68.30	5.3e-16	1	71	00bac0
3655	RF00005	4V8F	CB	1	82	53.40	7.8e-12	1	71	00bac0
3656	RF00005	4WRO	1K	1	73	68.30	5.3e-16	1	71	00bac0
3657	RF00005	6IP5	zy	1	72	53.90	4.8e-12	1	71	00bac0
3658	RF00005	6OF6	QY	1	73	63.00	1.6e-14	1	71	00bac0
3659	RF00005	7OI7	B	1	69	34.30	1.1e-06	1	71	00bac0
3660	RF00005	7SSO	5	1	74	65.80	2.7e-15	1	71	00bac0
3661	RF00005	8G7R	w	1	73	73.10	2.5e-17	1	71	00bac0
3662	RF00005	8KDA	M	2	73	61.60	3.6e-14	1	70	00bac0
3663	RF00005	8PEG	W	1	73	68.30	5.3e-16	1	71	00bac0
3664	RF00005	8PJ1	w	1	72	58.00	3.6e-13	1	71	00bac0
3665	RF00005	8UD6	2x	1	74	61.40	4.3e-14	1	71	00bac0
3666	RF00005	8VTX	1w	1	73	68.30	5.3e-16	1	71	00bac0
3667	RF00005	9DFC	2x	1	74	61.40	4.3e-14	1	71	00bac0
3668	RF00005	3J9Z	S6	1	74	61.30	4.5e-14	1	71	00bac0
3669	RF00005	4AS1	B	1	84	57.70	5.2e-13	1	71	00bac0
3670	RF00005	4UJE	AV	1	73	68.30	5.3e-16	1	71	00bac0
3671	RF00005	5KPV	32	1	74	61.30	4.5e-14	1	71	00bac0
3672	RF00005	5VPP	XV	1	75	52.70	1.1e-11	1	71	00bac0
3673	RF00005	6QNQ	3K	1	74	61.40	4.3e-14	1	71	00bac0
3674	RF00005	6QZP	S6	1	72	58.00	3.6e-13	1	71	00bac0
3675	RF00005	6ZTM	AW	1	74	61.30	4.5e-14	1	71	00bac0
3676	RF00005	7PIO	7	1	73	69.80	2.1e-16	1	71	00bac0
3677	RF00005	8FVY	g	1	74	50.40	4.5e-11	1	71	00bac0
3678	RF00005	8UD7	1y	1	73	68.30	5.3e-16	1	71	00bac0
3679	RF00005	8YDH	5	1	73	68.30	5.3e-16	1	71	00bac0
3680	RF00005	9AZS	Et	1	72	70.00	1.8e-16	1	71	00bac0
3681	RF00005	9D0G	2x	1	74	61.40	4.3e-14	1	71	00bac0
3682	RF00005	9D0H	2x	1	74	61.40	4.3e-14	1	71	00bac0
3683	RF00005	9GHH	F	1	74	61.40	4.3e-14	1	71	00bac0
3684	RF00005	9GY4	G	1	73	58.20	3.4e-13	1	71	00bac0
3685	RF00005	4WPO	BX	1	74	61.40	4.3e-14	1	71	00bac0
3686	RF00005	4WRO	2L	1	74	61.40	4.3e-14	1	71	00bac0
3687	RF00005	6QNR	3L	1	73	68.30	5.3e-16	1	71	00bac0
3688	RF00005	6XII	A	1	73	63.80	9.6e-15	1	71	00bac0
3689	RF00005	7OIG	z	1	85	49.90	7.1e-11	1	71	00bac0
3690	RF00005	7PIP	7	1	73	69.80	2.1e-16	1	71	00bac0
3691	RF00005	7ZRS	6	1	72	53.90	4.9e-12	1	71	00bac0
3692	RF00005	8BHJ	5	1	73	79.20	5.2e-19	1	71	00bac0
3693	RF00005	8HKZ	AETN	1	73	68.30	5.3e-16	1	71	00bac0
3694	RF00005	8P18	5	1	73	57.30	5.8e-13	2	71	00bac0
3695	RF00005	8UPR	A	1	73	63.80	9.6e-15	1	71	00bac0
3696	RF00005	8VSA	ATRN	1	73	65.60	2.9e-15	1	71	00bac0
3697	RF00005	8XT0	L2	1	69	34.30	1.1e-06	1	71	00bac0
3698	RF00005	2RD2	B	1	72	55.10	2.2e-12	1	71	00bac0
3699	RF00005	4RDX	C	2	75	69.60	2.4e-16	1	71	00bac0
3700	RF00005	4V8X	AV	1	74	61.40	4.3e-14	1	71	00bac0
3701	RF00005	4V9Q	BW	1	74	61.40	4.3e-14	1	71	00bac0
3702	RF00005	5UYK	X	1	74	61.40	4.3e-14	1	71	00bac0
3703	RF00005	6GZ3	Bw	1	73	67.00	1.2e-15	1	71	00bac0
3704	RF00005	6QNQ	2L	1	74	61.40	4.3e-14	1	71	00bac0
3705	RF00005	6VLZ	B	2	70	34.30	1.2e-06	1	71	00bac0
3706	RF00005	6WDH	5	1	74	61.40	4.3e-14	1	71	00bac0
3707	RF00005	8PJ6	w	1	72	58.00	3.6e-13	1	71	00bac0
3708	RF00005	8S1U	a	1	73	65.90	2.4e-15	1	71	00bac0
3709	RF00005	8S8E	1	1	72	63.60	1.1e-14	1	71	00bac0
3710	RF00005	9D0H	1x	1	74	61.40	4.3e-14	1	71	00bac0
3711	RF00005	9D7T	1y	1	73	68.30	5.3e-16	1	71	00bac0
3712	RF00005	9LEM	I	389	476	50.10	3.4e-10	1	71	00bac0
3713	RF00005	4V78	A1	1	73	64.70	5.3e-15	1	71	00bac0
3714	RF00005	4WT1	3L	1	73	68.30	5.3e-16	1	71	00bac0
3715	RF00005	5AXM	P	1	72	62.20	2.6e-14	2	71	00bac0
3716	RF00005	5LMV	Z	1	74	61.40	4.3e-14	1	71	00bac0
3717	RF00005	5X6B	P	1	72	57.60	4.8e-13	1	71	00bac0
3718	RF00005	6AZ1	3	1	74	61.30	4.5e-14	1	71	00bac0
3719	RF00005	6BY1	AW	1	73	65.90	2.5e-15	1	71	00bac0
3720	RF00005	6OF6	QW	1	73	62.90	1.6e-14	1	71	00bac0
3721	RF00005	7PIB	7	1	73	69.80	2.1e-16	1	71	00bac0
3722	RF00005	8KD9	T	2	73	61.60	3.6e-14	1	70	00bac0
3723	RF00005	8UR0	A	1	73	63.80	9.6e-15	1	71	00bac0
3724	RF00005	8YLD	t	1	72	55.60	1.6e-12	1	71	00bac0
3725	RF00005	9B0G	Et	1	72	70.00	1.8e-16	1	71	00bac0
3726	RF00005	4V6Z	A3	1	74	61.40	4.3e-14	1	71	00bac0
3727	RF00005	4W2G	AY	1	73	68.30	5.3e-16	1	71	00bac0
3728	RF00005	4WQU	DY	1	73	68.30	5.3e-16	1	71	00bac0
3729	RF00005	6GQB	AX	1	73	67.70	8e-16	1	71	00bac0
3730	RF00005	6ND6	2x	1	74	61.40	4.3e-14	1	71	00bac0
3731	RF00005	6R6G	3	1	72	70.10	1.7e-16	1	71	00bac0
3732	RF00005	6Y3G	F	1	73	68.30	5.3e-16	1	71	00bac0
3733	RF00005	6ZSC	XB	1	69	34.30	1.2e-06	1	71	00bac0
3734	RF00005	7K53	6	1	74	61.40	4.3e-14	1	71	00bac0
3735	RF00005	7PIS	8	1	73	69.80	2.1e-16	1	71	00bac0
3736	RF00005	7Y7G	V	1	73	62.80	1.8e-14	1	71	00bac0
3737	RF00005	8CGN	Cc	1	74	61.40	4.3e-14	1	71	00bac0
3738	RF00005	8G6Y	Y	1	73	68.30	5.3e-16	1	71	00bac0
3739	RF00005	8G7R	x	1	74	61.40	4.3e-14	1	71	00bac0
3740	RF00005	8URM	6	1	73	64.70	5.3e-15	1	71	00bac0
3741	RF00005	9LEM	E	389	476	50.10	3.4e-10	1	71	00bac0
3742	RF00005	1ZO3	B	1	73	67.70	8e-16	1	71	00bac0
3743	RF00005	3J78	ET	1	74	61.40	4.3e-14	1	71	00bac0
3744	RF00005	3ZJV	B	1	84	57.70	5.2e-13	1	71	00bac0
3745	RF00005	4V8B	AB	1	84	52.80	1.2e-11	1	71	00bac0
3746	RF00005	6H58	w	1	74	60.90	6e-14	1	71	00bac0
3747	RF00005	6R7Q	3	1	72	70.10	1.7e-16	1	71	00bac0
3748	RF00005	6SWC	4	1	73	58.70	2.4e-13	2	71	00bac0
3749	RF00005	6VZ2	A	1	73	63.80	9.6e-15	1	71	00bac0
3750	RF00005	6ZJ3	S4	1	73	68.40	5e-16	1	71	00bac0
3751	RF00005	7N31	Dt	1	73	68.30	5.3e-16	1	71	00bac0
3752	RF00005	7OJ0	V	1	72	58.00	3.6e-13	1	71	00bac0
3753	RF00005	7QI4	Ax	1	67	67.10	1.1e-15	1	71	00bac0
3754	RF00005	8P8V	6	1	73	65.50	3.2e-15	1	71	00bac0
3755	RF00005	8QIE	S4	1	73	68.40	5e-16	1	71	00bac0
3756	RF00005	9UWH	B	1	69	34.30	1.2e-06	1	71	00bac0
3757	RF00005	1JGQ	C	1	73	67.70	8e-16	1	71	00bac0
3758	RF00005	2CV0	C	1	72	64.10	7.4e-15	1	71	00bac0
3759	RF00005	4V9C	AV	1	73	68.30	5.3e-16	1	71	00bac0
3760	RF00005	4V9I	CV	1	74	61.40	4.3e-14	1	71	00bac0
3761	RF00005	4WQ1	2K	1	74	61.40	4.3e-14	1	71	00bac0
3762	RF00005	6XHY	1w	1	73	68.30	5.3e-16	1	71	00bac0
3763	RF00005	7NQL	BB	1	70	42.90	5.2e-09	1	71	00bac0
3764	RF00005	7QGG	v	2	73	37.00	2.3e-07	1	71	00bac0
3765	RF00005	7UVV	v	1	74	70.30	1.5e-16	1	71	00bac0
3766	RF00005	7Y7E	V	1	72	58.70	2.4e-13	1	71	00bac0
3767	RF00005	7ZAH	4	1	74	66.10	2.2e-15	1	71	00bac0
3768	RF00005	9BUS	S7	1	74	67.60	8.4e-16	1	71	00bac0
3769	RF00005	1JGO	B	1	73	67.70	8e-16	1	71	00bac0
3770	RF00005	4V70	A1	1	73	64.70	5.3e-15	1	71	00bac0
3771	RF00005	4V71	A1	1	73	64.70	5.3e-15	1	71	00bac0
3772	RF00005	4WT8	C3	1	73	68.30	5.3e-16	1	71	00bac0
3773	RF00005	4ZER	1x	1	73	57.30	5.8e-13	2	71	00bac0
3774	RF00005	5IBB	2K	1	74	61.40	4.3e-14	1	71	00bac0
3775	RF00005	5OOL	B	1	69	34.30	1.1e-06	1	71	00bac0
3776	RF00005	5WIS	2x	1	74	61.40	4.3e-14	1	71	00bac0
3777	RF00005	6GSK	3K	1	73	74.60	9.7e-18	1	71	00bac0
3778	RF00005	6JXM	B	1	94	58.10	4.5e-13	1	71	00bac0
3779	RF00005	6Y4B	F	1	73	68.30	5.3e-16	1	71	00bac0
3780	RF00005	7QGN	M	1	72	62.00	2.8e-14	1	71	00bac0
3781	RF00005	7UG7	Dt	1	74	61.40	4.3e-14	1	71	00bac0
3782	RF00005	8Y5S	6	1	74	61.40	4.3e-14	1	71	00bac0
3783	RF00005	8Z1P	B	1	73	72.50	3.7e-17	1	71	00bac0
3784	RF00005	1VY5	AY	1	73	68.30	5.3e-16	1	71	00bac0
3785	RF00005	3J0Q	Y	1	74	61.40	4.3e-14	1	71	00bac0
3786	RF00005	4P6F	XW	1	73	68.30	5.3e-16	1	71	00bac0
3787	RF00005	4W2E	x	1	73	68.30	5.3e-16	1	71	00bac0
3788	RF00005	4W2G	CW	1	73	68.30	5.3e-16	1	71	00bac0
3789	RF00005	5T7V	D	1	73	68.30	5.2e-16	1	71	00bac0
3790	RF00005	6GSJ	2K	1	74	61.40	4.3e-14	1	71	00bac0
3791	RF00005	6ORD	XY	1	73	68.90	3.6e-16	1	71	00bac0
3792	RF00005	7VNW	B	1	75	62.00	3.1e-14	1	71	00bac0
3793	RF00005	8EV7	2y	1	73	68.30	5.3e-16	1	71	00bac0
3794	RF00005	8G7S	y	1	73	73.10	2.5e-17	1	71	00bac0
3795	RF00005	8QOA	Z	1	73	69.10	3.3e-16	1	71	00bac0
3796	RF00005	1TTT	E	1	73	67.70	8e-16	1	71	00bac0
3797	RF00005	4V65	AP	1	73	67.70	8e-16	1	71	00bac0
3798	RF00005	4V9N	CW	1	74	61.40	4.3e-14	1	71	00bac0
3799	RF00005	4WRA	2L	1	74	61.40	4.3e-14	1	71	00bac0
3800	RF00005	5LZV	2	1	73	55.90	1.4e-12	1	71	00bac0
3801	RF00005	6HTQ	w	1	72	60.20	9e-14	2	71	00bac0
3802	RF00005	6N9E	2x	1	74	61.40	4.3e-14	1	71	00bac0
3803	RF00005	6QNR	2L	1	73	68.30	5.3e-16	1	71	00bac0
3804	RF00005	6TNU	n	1	72	63.60	1.1e-14	1	71	00bac0
3805	RF00005	7PAK	6	1	73	69.80	2.1e-16	1	71	00bac0
3806	RF00005	7PAS	8	1	73	69.80	2.1e-16	1	71	00bac0
3807	RF00005	8AP4	Z	1	73	57.30	5.8e-13	2	71	00bac0
3808	RF00005	8T2X	tA	1	73	54.90	2.6e-12	1	71	00bac0
3809	RF00005	8UVS	1x	1	74	61.40	4.3e-14	1	71	00bac0
3810	RF00005	8Y5O	5	1	73	68.30	5.3e-16	1	71	00bac0
3811	RF00005	9MTQ	1x	1	71	54.00	4.6e-12	1	71	00bac0
3812	RF00005	1VY4	CX	1	74	61.40	4.3e-14	1	71	00bac0
3813	RF00005	4V7M	CY	1	72	62.30	2.3e-14	1	71	00bac0
3814	RF00005	4V8U	AW	1	74	61.40	4.3e-14	1	71	00bac0
3815	RF00005	4WRA	3K	1	82	53.40	7.8e-12	1	71	00bac0
3816	RF00005	4WZO	3L	1	73	68.30	5.3e-16	1	71	00bac0
3817	RF00005	5WF0	y	1	73	68.30	5.3e-16	1	71	00bac0
3818	RF00005	5WWS	D	1	72	68.70	4.1e-16	1	71	00bac0
3819	RF00005	6OST	5	1	73	54.90	2.6e-12	2	71	00bac0
3820	RF00005	6WD8	6	1	74	61.40	4.3e-14	1	71	00bac0
3821	RF00005	7N1P	Dt	1	73	68.30	5.3e-16	1	71	00bac0
3822	RF00005	7PJS	w	1	73	71.10	9e-17	1	71	00bac0
3823	RF00005	8EV6	1y	1	73	68.30	5.3e-16	1	71	00bac0
3824	RF00005	8P7B	R	1	82	64.40	7e-15	1	71	00bac0
3825	RF00005	8Q7Z	V	1	73	40.60	2.2e-08	1	71	00bac0
3826	RF00005	8URM	5	1	74	54.90	2.6e-12	1	71	00bac0
3827	RF00005	8VTU	2y	1	73	68.30	5.3e-16	1	71	00bac0
3828	RF00005	8YLR	t	1	72	55.60	1.6e-12	1	71	00bac0
3829	RF00005	4V8B	AD	1	74	61.40	4.3e-14	1	71	00bac0
3830	RF00005	4V8E	BB	1	82	53.40	7.8e-12	1	71	00bac0
3831	RF00005	5V6X	D	1	69	33.70	1.7e-06	1	71	00bac0
3832	RF00005	6BZ7	XW	1	74	61.40	4.3e-14	1	71	00bac0
3833	RF00005	6ND6	1y	1	73	64.70	5.3e-15	1	71	00bac0
3834	RF00005	6YSI	8	1	74	49.50	8.3e-11	1	71	00bac0
3835	RF00005	6ZSG	XB	1	69	34.30	1.2e-06	1	71	00bac0
3836	RF00005	7NRD	Sn	1	72	55.60	1.6e-12	1	71	00bac0
3837	RF00005	7OF5	B	1	69	34.30	1.1e-06	1	71	00bac0
3838	RF00005	7OT5	z	1	82	57.60	5.2e-13	1	71	00bac0
3839	RF00005	7SSD	6	1	74	61.40	4.3e-14	1	71	00bac0
3840	RF00005	8BHJ	4	1	74	61.40	4.3e-14	1	71	00bac0
3841	RF00005	8EKC	x	1	74	61.40	4.3e-14	1	71	00bac0
3842	RF00005	8EV7	2w	1	73	68.30	5.3e-16	1	71	00bac0
3843	RF00005	8VKV	B	1	73	63.80	9.6e-15	1	71	00bac0
3844	RF00005	9MTT	2x	1	71	54.00	4.6e-12	1	71	00bac0
3845	RF00005	1VY5	AW	1	73	68.30	5.3e-16	1	71	00bac0
3846	RF00005	4P6F	XV	1	74	61.40	4.3e-14	1	71	00bac0
3847	RF00005	4V5H	AV	1	74	54.90	2.6e-12	1	71	00bac0
3848	RF00005	4W2I	CY	1	73	68.30	5.3e-16	1	71	00bac0
3849	RF00005	5J4B	1x	1	74	61.40	4.3e-14	1	71	00bac0
3850	RF00005	6BOH	D	1	74	61.40	4.3e-14	1	71	00bac0
3851	RF00005	6XHV	2w	1	73	68.30	5.3e-16	1	71	00bac0
3852	RF00005	7K50	6	1	74	61.40	4.3e-14	1	71	00bac0
3853	RF00005	7O9K	B	1	69	34.30	1.1e-06	1	71	00bac0
3854	RF00005	7VNW	A	1	75	62.00	3.1e-14	1	71	00bac0
3855	RF00005	8G2B	2x	1	74	61.40	4.3e-14	1	71	00bac0
3856	RF00005	8G4I	g	1	74	50.40	4.5e-11	1	71	00bac0
3857	RF00005	8PJ2	w	1	72	58.00	3.6e-13	1	71	00bac0
3858	RF00005	8Y5N	5	1	73	68.30	5.3e-16	1	71	00bac0
3859	RF00005	9D0H	1y	1	73	68.30	5.3e-16	1	71	00bac0
3860	RF00005	9ENF	D	1	91	58.60	3.2e-13	1	71	00bac0
3861	RF00005	9LPC	D	1	73	64.60	5.6e-15	1	71	00bac0
3862	RF00005	9O3J	2y	1	73	79.20	5.2e-19	1	71	00bac0
3863	RF00005	9V29	sJ	1	74	43.50	3.7e-09	1	71	00bac0
3864	RF00005	1JGO	C	1	73	67.70	8e-16	1	71	00bac0
3865	RF00005	3J0Q	W	1	74	61.40	4.3e-14	1	71	00bac0
3866	RF00005	5LZS	2	1	73	55.90	1.4e-12	1	71	00bac0
3867	RF00005	6CAE	1y	1	73	64.70	5.3e-15	1	71	00bac0
3868	RF00005	7AQD	T	1	73	65.90	2.4e-15	1	71	00bac0
3869	RF00005	7F36	F	1	73	69.10	3.3e-16	1	71	00bac0
3870	RF00005	7K00	Y	1	73	65.90	2.5e-15	1	71	00bac0
3871	RF00005	8BIM	4	1	74	61.40	4.3e-14	1	71	00bac0
3872	RF00005	8P16	5	1	73	57.30	5.8e-13	2	71	00bac0
3873	RF00005	8URH	A	1	73	63.80	9.6e-15	1	71	00bac0
3874	RF00005	4V8M	AB	1	73	68.30	5.1e-16	1	71	00bac0
3875	RF00005	4W2G	AX	1	74	61.40	4.3e-14	1	71	00bac0
3876	RF00005	4WQU	BW	1	73	68.30	5.3e-16	1	71	00bac0
3877	RF00005	6B4V	HB	1	74	61.40	4.3e-14	1	71	00bac0
3878	RF00005	6WD9	7	1	73	68.30	5.3e-16	1	71	00bac0
3879	RF00005	7A5I	94	1	70	46.40	5.6e-10	1	71	00bac0
3880	RF00005	7EQJ	B	1	73	65.90	2.5e-15	1	71	00bac0
3881	RF00005	7K50	5	1	74	61.40	4.3e-14	1	71	00bac0
3882	RF00005	7MSM	y	1	74	61.40	4.3e-14	1	71	00bac0
3883	RF00005	7Y7D	V	1	72	58.70	2.4e-13	1	71	00bac0
3884	RF00005	7ZOD	v	1	74	60.70	6.6e-14	1	71	00bac0
3885	RF00005	9B0J	Et	1	72	70.00	1.8e-16	1	71	00bac0
3886	RF00005	9DRV	C	1	74	72.20	4.5e-17	1	71	00bac0
3887	RF00005	4TUD	XV	1	74	61.40	4.3e-14	1	71	00bac0
3888	RF00005	4V7M	AX	1	74	61.30	4.5e-14	1	71	00bac0
3889	RF00005	4V97	CW	1	73	68.30	5.3e-16	1	71	00bac0
3890	RF00005	4WQ1	1L	1	82	53.40	7.8e-12	1	71	00bac0
3891	RF00005	5AA0	BC	1	73	68.30	5.3e-16	1	71	00bac0
3892	RF00005	5DFE	QV	1	74	61.40	4.3e-14	1	71	00bac0
3893	RF00005	6OUO	5	1	73	54.90	2.6e-12	2	71	00bac0
3894	RF00005	6UZ7	3	1	73	66.40	1.7e-15	1	71	00bac0
3895	RF00005	6VWM	5	1	73	68.30	5.3e-16	1	71	00bac0
3896	RF00005	6WD4	6	1	74	61.40	4.3e-14	1	71	00bac0
3897	RF00005	6XHY	2w	1	73	68.30	5.3e-16	1	71	00bac0
3898	RF00005	7AZS	ASIA	1	73	68.30	5.3e-16	1	71	00bac0
3899	RF00005	8AYE	Z	1	73	57.30	5.8e-13	2	71	00bac0
3900	RF00005	8HL1	AETN	1	73	68.30	5.3e-16	1	71	00bac0
3901	RF00005	8KD9	P	2	73	61.60	3.6e-14	1	70	00bac0
3902	RF00005	8PKL	Y	1	73	63.00	1.6e-14	1	71	00bac0
3903	RF00005	8RW1	1	1	72	63.60	1.1e-14	1	71	00bac0
3904	RF00005	8UD7	2x	1	74	61.40	4.3e-14	1	71	00bac0
3905	RF00005	8VKV	A	1	73	63.80	9.6e-15	1	71	00bac0
3906	RF00005	9D7R	1y	1	73	68.30	5.3e-16	1	71	00bac0
3907	RF00005	9GMX	T	1	76	46.80	4.4e-10	1	64	00bac0
3908	RF00005	1VY4	CY	1	73	68.30	5.3e-16	1	71	00bac0
3909	RF00005	4V4Z	AC	1	73	63.80	9.6e-15	1	71	00bac0
3910	RF00005	4V7M	AW	1	72	62.00	2.8e-14	1	71	00bac0
3911	RF00005	4WC5	B	1	73	77.20	1.9e-18	1	71	00bac0
3912	RF00005	6BOK	IA	1	74	61.40	4.3e-14	1	71	00bac0
3913	RF00005	6TC3	PTR1	1	73	67.10	1.1e-15	1	71	00bac0
3914	RF00005	6WDI	6	1	74	61.40	4.3e-14	1	71	00bac0
3915	RF00005	7MRL	A	1	75	50.20	5e-11	1	70	00bac0
3916	RF00005	7OIF	z	1	85	49.90	7.1e-11	1	71	00bac0
3917	RF00005	8R3V	W1	1	73	68.30	5.3e-16	1	71	00bac0
3918	RF00005	8RRI	B	1	69	34.30	1.2e-06	1	71	00bac0
3919	RF00005	8RXH	S2	1	73	68.40	5e-16	1	71	00bac0
3920	RF00005	9D0J	2w	1	73	68.30	5.3e-16	1	71	00bac0
3921	RF00005	9GXX	V	1	73	57.30	5.8e-13	2	71	00bac0
3922	RF00005	9LEM	C	389	476	50.10	3.4e-10	1	71	00bac0
3923	RF00005	4V6Z	A1	1	73	64.70	5.3e-15	1	71	00bac0
3924	RF00005	4V7C	AV	1	73	68.30	5.3e-16	1	71	00bac0
3925	RF00005	4V97	CY	1	73	68.30	5.3e-16	1	71	00bac0
3926	RF00005	4WZO	2K	1	74	61.40	4.3e-14	1	71	00bac0
3927	RF00005	5J30	XV	1	74	61.40	4.3e-14	1	71	00bac0
3928	RF00005	5KCS	1x	1	74	66.30	1.9e-15	1	71	00bac0
3929	RF00005	5WWT	C	1	72	68.70	4.1e-16	1	71	00bac0
3930	RF00005	6BY1	BW	1	73	65.90	2.5e-15	1	71	00bac0
3931	RF00005	6NUO	QV	1	74	60.70	6.6e-14	1	71	00bac0
3932	RF00005	7A5K	24	1	70	46.40	5.6e-10	1	71	00bac0
3933	RF00005	7AQC	P	1	73	65.90	2.4e-15	1	71	00bac0
3934	RF00005	8P2G	D	1	74	61.40	4.3e-14	1	71	00bac0
3935	RF00005	8UJK	At	1	71	55.20	2.1e-12	1	71	00bac0
3936	RF00005	8URX	A	1	73	63.80	9.6e-15	1	71	00bac0
3937	RF00005	8VTX	2x	1	74	61.40	4.3e-14	1	71	00bac0
3938	RF00005	9BDP	PTRN	1	74	61.40	4.3e-14	1	71	00bac0
3939	RF00005	9NL7	T	1	74	58.10	3.5e-13	1	71	00bac0
3940	RF00005	2RE8	B	1	72	55.10	2.2e-12	1	71	00bac0
3941	RF00005	4TUC	XV	1	74	61.40	4.3e-14	1	71	00bac0
3942	RF00005	4TUE	QV	1	74	61.40	4.3e-14	1	71	00bac0
3943	RF00005	4V5R	CY	1	73	64.60	5.8e-15	1	71	00bac0
3944	RF00005	4V8N	AV	1	75	71.00	1e-16	1	71	00bac0
3945	RF00005	4V9A	CC	1	74	61.40	4.3e-14	1	71	00bac0
3946	RF00005	4WSD	2L	1	74	61.40	4.3e-14	1	71	00bac0
3947	RF00005	5HCQ	2x	1	74	61.40	4.3e-14	1	71	00bac0
3948	RF00005	5WFK	w	1	74	61.30	4.5e-14	1	71	00bac0
3949	RF00005	6BZ6	XV	1	74	61.40	4.3e-14	1	71	00bac0
3950	RF00005	6CAE	1w	1	73	64.70	5.3e-15	1	71	00bac0
3951	RF00005	6GSK	2L	1	74	61.40	4.3e-14	1	71	00bac0
3952	RF00005	6VYR	A	1	73	63.80	9.6e-15	1	71	00bac0
3953	RF00005	6VZ7	A	1	73	63.80	9.6e-15	1	71	00bac0
3954	RF00005	6WD2	7	1	73	68.30	5.3e-16	1	71	00bac0
3955	RF00005	6XZ7	g	1	73	67.70	8e-16	1	71	00bac0
3956	RF00005	7A09	f	1	72	59.30	1.6e-13	1	71	00bac0
3957	RF00005	7LJ3	C	1	72	56.90	7.5e-13	1	71	00bac0
3958	RF00005	7O81	AJ	1	73	63.60	1e-14	1	71	00bac0
3959	RF00005	7QG8	M	1	72	62.00	2.8e-14	1	71	00bac0
3960	RF00005	7ST2	5	1	74	65.80	2.7e-15	1	71	00bac0
3961	RF00005	8CDR	Bb	1	73	67.70	8e-16	1	71	00bac0
3962	RF00005	8G2C	2y	1	73	68.30	5.3e-16	1	71	00bac0
3963	RF00005	8QSJ	B	1	69	34.30	1.2e-06	1	71	00bac0
3964	RF00005	8SYL	w	1	73	68.30	5.3e-16	1	71	00bac0
3965	RF00005	8Y0X	E	1	82	67.40	1.1e-15	1	71	00bac0
3966	RF00005	8ZFG	Z	1	74	61.30	4.5e-14	1	71	00bac0
3967	RF00005	9B00	2x	1	74	61.40	4.3e-14	1	71	00bac0
3968	RF00005	4V3P	S2	1	72	56.30	1.1e-12	1	71	00bac0
3969	RF00005	4V6M	AV	1	74	54.90	2.6e-12	1	71	00bac0
3970	RF00005	4V70	A3	1	74	61.40	4.3e-14	1	71	00bac0
3971	RF00005	4YCO	F	1	73	68.40	5e-16	1	71	00bac0
3972	RF00005	5DOY	1y	1	73	68.30	5.3e-16	1	71	00bac0
3973	RF00005	6B19	D	1	73	74.10	1.4e-17	1	71	00bac0
3974	RF00005	6N1D	BPTN	1	73	64.70	5.3e-15	1	71	00bac0
3975	RF00005	7K55	5	1	74	65.80	2.7e-15	1	71	00bac0
3976	RF00005	7L20	B	2	70	34.30	1.2e-06	1	71	00bac0
3977	RF00005	7OSM	PSIT	1	74	61.40	4.3e-14	1	71	00bac0
3978	RF00005	7U2I	1w	1	71	71.60	6.4e-17	1	71	00bac0
3979	RF00005	7Y7C	V	1	72	59.40	1.5e-13	1	71	00bac0
3980	RF00005	8FIZ	BB	1	74	61.40	4.3e-14	1	71	00bac0
3981	RF00005	8VOO	B	1	73	63.80	9.6e-15	1	71	00bac0
3982	RF00005	4V75	A3	1	74	61.40	4.3e-14	1	71	00bac0
3983	RF00005	5MMM	z	1	73	68.30	5.3e-16	1	71	00bac0
3984	RF00005	6BY1	BV	1	73	65.90	2.5e-15	1	71	00bac0
3985	RF00005	6OF1	1w	1	73	64.70	5.3e-15	1	71	00bac0
3986	RF00005	6OTR	QW	1	74	61.40	4.3e-14	1	71	00bac0
3987	RF00005	6UO1	1x	1	74	61.40	4.3e-14	1	71	00bac0
3988	RF00005	6WDG	5	1	74	61.40	4.3e-14	1	71	00bac0
3989	RF00005	7U2H	1x	1	74	61.40	4.3e-14	1	71	00bac0
3990	RF00005	7UVY	v	1	74	70.30	1.5e-16	1	71	00bac0
3991	RF00005	8G5Z	At	1	73	68.30	5.3e-16	1	71	00bac0
3992	RF00005	8K2A	L2	1	69	34.30	1.1e-06	1	71	00bac0
3993	RF00005	8P7B	T	1	82	64.40	7e-15	1	71	00bac0
3994	RF00005	8YLD	s	1	72	55.60	1.6e-12	1	71	00bac0
3995	RF00005	8YUS	X	1	74	73.60	1.9e-17	1	71	00bac0
3996	RF00005	8ZTV	Y	1	74	67.70	8.1e-16	1	71	00bac0
3997	RF00005	9BUP	S7	1	74	67.60	8.4e-16	1	71	00bac0
3998	RF00005	3WC2	Q	1	73	67.20	1.1e-15	1	71	00bac0
3999	RF00005	4AQ7	E	1	84	57.70	5.2e-13	1	71	00bac0
4000	RF00005	4V8F	BD	1	82	53.40	7.8e-12	1	71	00bac0
4001	RF00005	6QNQ	1K	1	74	61.40	4.3e-14	1	71	00bac0
4002	RF00005	6UCQ	1x	1	73	68.30	5.3e-16	1	71	00bac0
4003	RF00005	6UO1	1y	1	73	68.30	5.3e-16	1	71	00bac0
4004	RF00005	6XDR	A	1	73	63.80	9.6e-15	1	71	00bac0
4005	RF00005	7QH6	B	1	69	34.30	1.1e-06	1	71	00bac0
4006	RF00005	8ANY	B	1	69	34.30	1.2e-06	1	71	00bac0
4007	RF00005	8RCT	Y1	1	73	64.70	5.3e-15	1	71	00bac0
4008	RF00005	9AZC	AT	1	73	55.90	1.4e-12	1	71	00bac0
4009	RF00005	3AL0	E	1	71	64.00	8e-15	1	71	00bac0
4010	RF00005	4V97	CV	1	74	61.40	4.3e-14	1	71	00bac0
4011	RF00005	4V9B	AC	1	74	61.40	4.3e-14	1	71	00bac0
4012	RF00005	4V9Q	DV	1	74	61.40	4.3e-14	1	71	00bac0
4013	RF00005	5WIT	2x	1	74	61.40	4.3e-14	1	71	00bac0
4014	RF00005	6OLE	u	1	73	60.40	7.9e-14	1	71	00bac0
4015	RF00005	6T83	6b	1	73	65.50	3.2e-15	1	71	00bac0
4016	RF00005	6WDA	6	1	74	61.40	4.3e-14	1	71	00bac0
4017	RF00005	7AS9	2	1	73	65.90	2.4e-15	1	71	00bac0
4018	RF00005	7EQJ	A	1	73	65.90	2.5e-15	1	71	00bac0
4019	RF00005	8BH4	4	1	74	61.40	4.3e-14	1	71	00bac0
4020	RF00005	8RCM	X2	1	74	68.70	4.2e-16	1	71	00bac0
4021	RF00005	1QRS	B	1	72	62.00	2.8e-14	1	71	00bac0
4022	RF00005	2DU6	D	1	71	48.60	1.3e-10	1	70	00bac0
4023	RF00005	3WFR	D	1	73	77.20	1.9e-18	1	71	00bac0
4024	RF00005	4TUC	QV	1	74	61.40	4.3e-14	1	71	00bac0
4025	RF00005	4V6F	CD	1	73	68.30	5.3e-16	1	71	00bac0
4026	RF00005	4V6G	CD	1	74	61.40	4.3e-14	1	71	00bac0
4027	RF00005	6ND5	2y	1	73	68.30	5.3e-16	1	71	00bac0
4028	RF00005	6O9J	v	1	73	68.30	5.3e-16	1	71	00bac0
4029	RF00005	6OGI	5	1	74	61.40	4.3e-14	1	71	00bac0
4030	RF00005	6Q8Y	n	1	73	60.80	6.2e-14	1	71	00bac0
4031	RF00005	6VZ3	B	1	73	63.80	9.6e-15	1	71	00bac0
4032	RF00005	6XGF	A	1	73	63.80	9.6e-15	1	71	00bac0
4033	RF00005	7P7T	C	1	73	75.40	6e-18	1	71	00bac0
4034	RF00005	7ST6	5	1	74	65.80	2.7e-15	1	71	00bac0
4035	RF00005	8EV7	2x	1	74	61.40	4.3e-14	1	71	00bac0
4036	RF00005	8G2A	1w	1	73	68.30	5.3e-16	1	71	00bac0
4037	RF00005	8RCL	W	1	73	64.00	8.1e-15	1	71	00bac0
4038	RF00005	8SP9	C	1	150	40.60	4.6e-08	1	71	00bac0
4039	RF00005	8UIY	Zt	1	72	70.00	1.8e-16	1	71	00bac0
4040	RF00005	8W2N	5	1	74	54.90	2.6e-12	1	71	00bac0
4041	RF00005	9CG7	Z	1	72	57.90	3.9e-13	2	71	00bac0
4042	RF00005	9D0G	1x	1	74	61.40	4.3e-14	1	71	00bac0
4043	RF00005	9GCH	T	1	68	36.40	3e-07	2	71	00bac0
4044	RF00005	9LEM	F	389	476	50.10	3.4e-10	1	71	00bac0
4045	RF00005	1FCW	B	1	73	67.70	8e-16	1	71	00bac0
4046	RF00005	1LS2	B	1	73	67.70	8e-16	1	71	00bac0
4047	RF00005	3EPJ	E	1	69	50.50	3.9e-11	2	69	00bac0
4048	RF00005	4W2E	w	1	73	68.30	5.3e-16	1	71	00bac0
4049	RF00005	4Z3S	1w	1	73	68.30	5.3e-16	1	71	00bac0
4050	RF00005	6BUW	QV	1	74	61.40	4.3e-14	1	71	00bac0
4051	RF00005	6BZ7	XV	1	74	61.40	4.3e-14	1	71	00bac0
4052	RF00005	8UD7	2w	1	73	68.30	5.3e-16	1	71	00bac0
4053	RF00005	8YDI	7	1	74	61.40	4.3e-14	1	71	00bac0
4054	RF00005	3J0O	V	1	73	68.30	5.3e-16	1	71	00bac0
4055	RF00005	3JAG	2	1	73	55.90	1.4e-12	1	71	00bac0
4056	RF00005	3WC1	P	1	72	62.30	2.3e-14	1	71	00bac0
4057	RF00005	4V5A	AW	1	74	61.40	4.3e-14	1	71	00bac0
4058	RF00005	4V5Q	CV	1	73	68.30	5.3e-16	1	71	00bac0
4059	RF00005	4V5S	CW	1	73	68.30	5.3e-16	1	71	00bac0
4060	RF00005	4V7M	CX	1	74	61.40	4.3e-14	1	71	00bac0
4061	RF00005	5LZT	2	1	73	55.90	1.4e-12	1	71	00bac0
4062	RF00005	7R81	u1	1	73	60.80	6.2e-14	1	71	00bac0
4063	RF00005	7RYF	v	1	74	70.30	1.5e-16	1	71	00bac0
4064	RF00005	7VNV	B	1	75	62.00	3.1e-14	1	71	00bac0
4065	RF00005	8G6W	Y	1	73	68.30	5.3e-16	1	71	00bac0
4066	RF00005	1H3E	B	1	83	54.10	4.9e-12	1	71	00bac0
4067	RF00005	1N77	D	1	72	64.10	7.4e-15	1	71	00bac0
4068	RF00005	3WFQ	B	1	73	77.20	1.8e-18	1	71	00bac0
4069	RF00005	4V4X	AC	1	74	61.40	4.3e-14	1	71	00bac0
4070	RF00005	4V8J	CW	1	73	68.30	5.3e-16	1	71	00bac0
4071	RF00005	5EL6	1L	1	73	79.20	5.2e-19	1	71	00bac0
4072	RF00005	5J4C	2y	1	73	68.30	5.3e-16	1	71	00bac0
4073	RF00005	7A5G	24	1	70	46.40	5.6e-10	1	71	00bac0
4074	RF00005	7A5I	X	1	70	46.40	5.6e-10	1	71	00bac0
4075	RF00005	7K98	C	1	74	72.20	4.5e-17	1	71	00bac0
4076	RF00005	8G2B	1y	1	73	68.30	5.3e-16	1	71	00bac0
4077	RF00005	8HL3	APTN	1	73	68.30	5.3e-16	1	71	00bac0
4078	RF00005	8UD6	2w	1	73	68.30	5.3e-16	1	71	00bac0
4079	RF00005	8VVP	SA	1	73	47.80	2.4e-10	1	71	00bac0
4080	RF00005	8YDF	7	1	74	61.40	4.3e-14	1	71	00bac0
4081	RF00005	9QEG	8	1	68	56.10	1.1e-12	1	71	00bac0
4082	RF00005	3JCD	8	1	73	68.30	5.3e-16	1	71	00bac0
4083	RF00005	4V4I	z	1	73	68.30	5.3e-16	1	71	00bac0
4084	RF00005	4V8N	AY	1	75	71.00	1e-16	1	71	00bac0
4085	RF00005	4WSD	1K	1	73	68.30	5.3e-16	1	71	00bac0
4086	RF00005	6O9K	y	1	74	61.30	4.5e-14	1	71	00bac0
4087	RF00005	7A5G	B3	1	69	34.30	1.1e-06	1	71	00bac0
4088	RF00005	7NWG	q3	1	71	55.20	2.2e-12	1	71	00bac0
4089	RF00005	7PAO	6	1	73	69.80	2.1e-16	1	71	00bac0
4090	RF00005	7PIB	8	1	73	69.80	2.1e-16	1	71	00bac0
4091	RF00005	7YSE	E	1	73	69.10	3.3e-16	1	71	00bac0
4092	RF00005	8CEH	Cc	1	74	61.40	4.3e-14	1	71	00bac0
4093	RF00005	8G29	2y	1	73	68.30	5.3e-16	1	71	00bac0
4094	RF00005	8IP9	cl	1	72	54.90	2.6e-12	1	71	00bac0
4095	RF00005	8QCQ	w	1	74	68.80	4e-16	1	71	00bac0
4096	RF00005	9QRP	T	1	91	57.10	7.9e-13	1	71	00bac0
4097	RF00005	2BYT	E	1	80	60.30	9.6e-14	1	71	00bac0
4098	RF00005	4MGM	B	1	72	73.20	2.4e-17	1	71	00bac0
4099	RF00005	4P6F	QY	1	73	68.30	5.3e-16	1	71	00bac0
4100	RF00005	4V7A	A1	1	73	64.70	5.3e-15	1	71	00bac0
4101	RF00005	4V8E	BC	1	74	61.40	4.3e-14	1	71	00bac0
4102	RF00005	5EL6	2K	1	74	61.40	4.3e-14	1	71	00bac0
4103	RF00005	5HAU	2w	1	74	61.40	4.3e-14	1	71	00bac0
4104	RF00005	5JU8	AY	1	71	64.90	4.4e-15	1	71	00bac0
4105	RF00005	5LZF	v	1	74	61.30	4.5e-14	1	71	00bac0
4106	RF00005	5MC6	n	1	74	67.70	8.1e-16	1	71	00bac0
4107	RF00005	6GSL	2L	1	74	61.40	4.3e-14	1	71	00bac0
4108	RF00005	6HTQ	v	1	84	52.80	1.2e-11	1	71	00bac0
4109	RF00005	6K0B	U	1	82	52.30	1.5e-11	1	71	00bac0
4110	RF00005	6N1D	BATN	1	82	53.40	7.8e-12	1	71	00bac0
4111	RF00005	6T4Q	7	1	72	53.90	4.9e-12	1	71	00bac0
4112	RF00005	6WD9	6	1	74	61.40	4.3e-14	1	71	00bac0
4113	RF00005	6WDE	7	1	73	68.30	5.4e-16	1	71	00bac0
4114	RF00005	6XQD	2x	1	74	61.40	4.3e-14	1	71	00bac0
4115	RF00005	8ANY	Ay	1	67	68.50	4.5e-16	1	71	00bac0
4116	RF00005	8OIQ	B9	1	70	42.90	5.2e-09	1	71	00bac0
4117	RF00005	8RXH	S3	1	74	61.30	4.5e-14	1	71	00bac0
4118	RF00005	8YDF	5	1	73	68.30	5.3e-16	1	71	00bac0
4119	RF00005	9NLJ	T	1	74	58.10	3.6e-13	1	71	00bac0
4120	RF00005	9V21	sH	1	73	75.10	7.4e-18	1	71	00bac0
4121	RF00005	1N78	C	1	72	64.10	7.4e-15	1	71	00bac0
4122	RF00005	2NR0	H	1	84	52.80	1.2e-11	1	71	00bac0
4123	RF00005	3WQY	C	1	72	72.10	4.8e-17	1	71	00bac0
4124	RF00005	4LCK	B	1	68	60.30	8.3e-14	5	71	00bac0
4125	RF00005	4WR6	3L	1	82	53.40	7.8e-12	1	71	00bac0
4126	RF00005	4WSD	3K	1	73	68.30	5.3e-16	1	71	00bac0
4127	RF00005	5WIT	2y	1	73	68.30	5.3e-16	1	71	00bac0
4128	RF00005	6OFX	5	1	74	61.40	4.3e-14	1	71	00bac0
4129	RF00005	6UO1	1w	1	73	68.30	5.3e-16	1	71	00bac0
4130	RF00005	6WDE	5	1	74	61.40	4.3e-14	1	71	00bac0
4131	RF00005	7AZO	ESIA	1	73	68.30	5.3e-16	1	71	00bac0
4132	RF00005	7MSC	y	1	74	61.40	4.3e-14	1	71	00bac0
4133	RF00005	7QI4	B	1	69	34.30	1.2e-06	1	71	00bac0
4134	RF00005	8BH4	5	1	73	79.20	5.2e-19	1	71	00bac0
4135	RF00005	8CGN	Bb	1	74	61.40	4.3e-14	1	71	00bac0
4136	RF00005	8RCL	Y1	1	73	64.70	5.3e-15	1	71	00bac0
4137	RF00005	2DR2	B	1	72	69.30	2.9e-16	1	71	00bac0
4138	RF00005	3EPL	E	1	69	50.50	3.9e-11	2	69	00bac0
4139	RF00005	4V5J	AW	1	73	68.30	5.4e-16	1	71	00bac0
4140	RF00005	4V87	CC	1	74	61.40	4.3e-14	1	71	00bac0
4141	RF00005	5J4B	1y	1	73	68.30	5.3e-16	1	71	00bac0
4142	RF00005	5KCR	1x	1	84	52.80	1.2e-11	1	71	00bac0
4143	RF00005	6T7T	6	1	73	65.50	3.2e-15	1	71	00bac0
4144	RF00005	6WD1	5	1	74	61.40	4.3e-14	1	71	00bac0
4145	RF00005	6X9Q	B	1	73	63.80	9.6e-15	1	71	00bac0
4146	RF00005	6Z6M	CC	1	82	67.40	1.1e-15	1	71	00bac0
4147	RF00005	7K53	7	1	74	65.80	2.7e-15	1	71	00bac0
4148	RF00005	7O1A	B8	1	74	60.70	6.6e-14	1	71	00bac0
4149	RF00005	7RQ9	2w	1	73	68.30	5.3e-16	1	71	00bac0
4150	RF00005	9B4Z	AY	1	73	64.40	6.5e-15	1	71	00bac0
4151	RF00005	3JAJ	3	1	73	65.10	4.2e-15	1	71	00bac0
4152	RF00005	4V5R	CV	1	73	68.30	5.3e-16	1	71	00bac0
4153	RF00005	4V7L	CX	1	74	61.40	4.3e-14	1	71	00bac0
4154	RF00005	5HD1	1x	1	74	61.40	4.3e-14	1	71	00bac0
4155	RF00005	5ME1	X	1	74	61.30	4.5e-14	1	71	00bac0
4156	RF00005	5NDK	X1	1	73	68.30	5.3e-16	1	71	00bac0
4157	RF00005	5W4K	2y	1	73	68.30	5.3e-16	1	71	00bac0
4158	RF00005	6QNQ	3L	1	74	61.40	4.3e-14	1	71	00bac0
4159	RF00005	7AZO	PSIB	1	73	68.30	5.3e-16	1	71	00bac0
4160	RF00005	7PAQ	8	1	73	69.80	2.1e-16	1	71	00bac0
4161	RF00005	7SSN	5	1	74	65.80	2.7e-15	1	71	00bac0
4162	RF00005	7ZRZ	ZN1	1	86	59.00	2.3e-13	1	71	00bac0
4163	RF00005	8BHF	21	1	61	30.80	1.1e-05	1	71	00bac0
4164	RF00005	9V24	sJ	1	74	43.50	3.7e-09	1	71	00bac0
4165	RF00005	2CV0	D	1	72	64.10	7.4e-15	1	71	00bac0
4166	RF00005	4V5S	CY	1	73	68.60	4.6e-16	1	71	00bac0
4167	RF00005	4V76	A3	1	74	61.40	4.3e-14	1	71	00bac0
4168	RF00005	5LZA	v	1	74	61.30	4.5e-14	1	71	00bac0
4169	RF00005	5LZY	2	1	72	70.00	1.8e-16	1	71	00bac0
4170	RF00005	5ME0	X	1	74	61.30	4.5e-14	1	71	00bac0
4171	RF00005	5NDJ	W4	1	73	68.30	5.3e-16	1	71	00bac0
4172	RF00005	6Y0G	B4	1	73	68.30	5.3e-16	1	71	00bac0
4173	RF00005	7PIQ	7	1	73	69.80	2.1e-16	1	71	00bac0
4174	RF00005	9D0G	1w	1	73	68.30	5.3e-16	1	71	00bac0
4175	RF00005	9FSF	4	1	74	66.10	2.2e-15	1	71	00bac0
4176	RF00005	9O3H	2x	1	74	61.40	4.3e-14	1	71	00bac0
4177	RF00005	9O3I	1w	1	73	79.20	5.2e-19	1	71	00bac0
4178	RF00005	1J1U	B	1	74	66.70	1.5e-15	1	71	00bac0
4179	RF00005	3KFU	K	1	73	72.50	3.8e-17	1	71	00bac0
4180	RF00005	4V5F	AW	1	74	61.40	4.3e-14	1	71	00bac0
4181	RF00005	4V5J	CW	1	73	68.30	5.4e-16	1	71	00bac0
4182	RF00005	4V6F	BB	1	73	68.30	5.3e-16	1	71	00bac0
4183	RF00005	4V74	A1	1	73	64.70	5.3e-15	1	71	00bac0
4184	RF00005	4V8F	BC	1	74	61.40	4.3e-14	1	71	00bac0
4185	RF00005	4V8J	AW	1	73	68.30	5.3e-16	1	71	00bac0
4186	RF00005	5OOM	B	1	69	34.30	1.1e-06	1	71	00bac0
4187	RF00005	5WIS	2w	1	73	68.30	5.3e-16	1	71	00bac0
4188	RF00005	6OJ2	XW	1	73	65.10	4e-15	1	71	00bac0
4189	RF00005	6QDW	v	1	72	64.90	4.7e-15	1	71	00bac0
4190	RF00005	6QNR	1L	1	73	68.30	5.3e-16	1	71	00bac0
4191	RF00005	6WDD	5	1	74	61.40	4.3e-14	1	71	00bac0
4192	RF00005	7AS8	2	1	73	65.90	2.4e-15	1	71	00bac0
4193	RF00005	7SYV	i	1	72	58.00	3.6e-13	1	71	00bac0
4194	RF00005	7TOR	PTRN	1	74	61.40	4.3e-14	1	71	00bac0
4195	RF00005	8P8V	7	1	72	60.50	7.6e-14	1	71	00bac0
4196	RF00005	9NJF	T	1	73	63.10	1.5e-14	1	71	00bac0
4197	RF00005	3DEG	A	1	73	67.70	8e-16	1	71	00bac0
4198	RF00005	3J0P	Y	1	73	68.30	5.2e-16	1	71	00bac0
4199	RF00005	3WC2	P	1	73	67.20	1.1e-15	1	71	00bac0
4200	RF00005	4WU1	2K	1	82	53.40	7.8e-12	1	71	00bac0
4201	RF00005	6GSJ	3L	1	73	74.60	9.7e-18	1	71	00bac0
4202	RF00005	6HCQ	33	1	72	58.00	3.6e-13	1	71	00bac0
4203	RF00005	6XHW	2x	1	74	61.40	4.3e-14	1	71	00bac0
4204	RF00005	7AQC	T	1	73	65.90	2.4e-15	1	71	00bac0
4205	RF00005	7LJ3	B	1	72	56.90	7.5e-13	1	71	00bac0
4206	RF00005	7SYT	i	1	72	58.00	3.6e-13	1	71	00bac0
4207	RF00005	7TM3	q	1	74	55.10	2.4e-12	1	71	00bac0
4208	RF00005	8BTD	v	1	72	57.70	4.5e-13	1	71	00bac0
4209	RF00005	9B0O	Zt	1	72	70.00	1.8e-16	1	71	00bac0
4210	RF00005	9B0Q	AP	1	73	55.40	1.8e-12	1	71	00bac0
4211	RF00005	9FBV	Z	1	74	61.40	4.3e-14	1	71	00bac0
4212	RF00005	3JBO	7	1	73	63.80	9.5e-15	1	71	00bac0
4213	RF00005	3JBP	7	1	74	67.60	8.4e-16	1	71	00bac0
4214	RF00005	4V6P	AD	1	74	61.30	4.5e-14	1	71	00bac0
4215	RF00005	4V79	A3	1	74	61.40	4.3e-14	1	71	00bac0
4216	RF00005	4WQU	DW	1	73	68.30	5.3e-16	1	71	00bac0
4217	RF00005	5MRE	bb	1	73	71.70	6.4e-17	1	71	00bac0
4218	RF00005	5ONH	B	1	84	57.70	5.2e-13	1	71	00bac0
4219	RF00005	6HA8	x	1	72	54.70	3e-12	1	71	00bac0
4220	RF00005	6WDB	5	1	74	61.40	4.3e-14	1	71	00bac0
4221	RF00005	6X9Q	A	1	73	63.80	9.6e-15	1	71	00bac0
4222	RF00005	6XZA	f2	1	73	57.30	5.8e-13	2	71	00bac0
4223	RF00005	7N31	Pt	1	73	79.20	5.2e-19	1	71	00bac0
4224	RF00005	7U2H	1y	1	71	71.60	6.4e-17	1	71	00bac0
4225	RF00005	8BSJ	x	1	71	30.60	1.3e-05	1	71	00bac0
4226	RF00005	8CG8	Cc	1	74	61.40	4.3e-14	1	71	00bac0
4227	RF00005	8QBT	6	1	74	65.80	2.7e-15	1	71	00bac0
4228	RF00005	8YDH	7	1	74	61.40	4.3e-14	1	71	00bac0
4229	RF00005	1ASZ	R	1	72	56.30	1.1e-12	1	71	00bac0
4230	RF00005	1SZ1	E	1	73	67.70	8e-16	1	71	00bac0
4231	RF00005	1VY5	CY	1	73	68.30	5.3e-16	1	71	00bac0
4232	RF00005	3J7R	S6	2	73	39.00	6.1e-08	1	71	00bac0
4233	RF00005	4P70	XV	1	74	61.40	4.3e-14	1	71	00bac0
4234	RF00005	4W29	CW	1	74	71.10	9.1e-17	1	71	00bac0
4235	RF00005	6ENF	x	1	74	60.70	6.6e-14	1	71	00bac0
4236	RF00005	6ND6	2w	1	73	64.70	5.3e-15	1	71	00bac0
4237	RF00005	6OF1	2x	1	74	61.40	4.3e-14	1	71	00bac0
4238	RF00005	6ZP4	1	1	72	59.30	1.6e-13	1	71	00bac0
4239	RF00005	7OI6	B	1	69	34.30	1.1e-06	1	71	00bac0
4240	RF00005	8BHL	4	1	74	61.40	4.3e-14	1	71	00bac0
4241	RF00005	8CBK	T	6	68	40.20	3.5e-08	1	71	00bac0
4242	RF00005	8G7S	x	1	73	73.10	2.5e-17	1	71	00bac0
4243	RF00005	8ZHB	Tb	1	74	62.10	2.8e-14	1	71	00bac0
4244	RF00005	9D0I	2y	1	73	68.30	5.3e-16	1	71	00bac0
4245	RF00005	9DFD	1x	1	74	61.40	4.3e-14	1	71	00bac0
4246	RF00005	9MTP	2x	1	71	54.00	4.6e-12	1	71	00bac0
4247	RF00005	9QQB	AT	1	73	65.10	4.2e-15	1	71	00bac0
4248	RF00005	1VY4	AW	1	73	68.30	5.3e-16	1	71	00bac0
4249	RF00005	4W2F	AY	1	73	68.30	5.3e-16	1	71	00bac0
4250	RF00005	4WC2	B	1	73	77.20	1.9e-18	1	71	00bac0
4251	RF00005	5KPV	31	1	74	61.40	4.3e-14	1	71	00bac0
4252	RF00005	5KPX	32	1	74	61.30	4.5e-14	1	71	00bac0
4253	RF00005	5UYL	X	1	74	61.40	4.3e-14	1	71	00bac0
4254	RF00005	6WDL	5	1	74	61.40	4.3e-14	1	71	00bac0
4255	RF00005	6YSS	w	1	73	71.10	9e-17	1	71	00bac0
4256	RF00005	7P7Q	D	1	74	64.20	7.3e-15	1	71	00bac0
4257	RF00005	8P6P	7	1	72	60.50	7.6e-14	1	71	00bac0
4258	RF00005	8Y5N	6	1	74	61.40	4.3e-14	1	71	00bac0
4259	RF00005	1FCW	C	1	73	67.70	8e-16	1	71	00bac0
4260	RF00005	2ZM5	C	1	73	68.30	5.3e-16	1	71	00bac0
4261	RF00005	6GSK	1L	1	73	72.70	3.4e-17	1	71	00bac0
4262	RF00005	6OGG	5	1	74	61.40	4.3e-14	1	71	00bac0
4263	RF00005	6OLF	v	2	73	37.00	2.3e-07	1	71	00bac0
4264	RF00005	7PIT	8	1	73	69.80	2.1e-16	1	71	00bac0
4265	RF00005	7ST7	5	1	74	65.80	2.7e-15	1	71	00bac0
4266	RF00005	8AGZ	y	1	73	59.70	1.2e-13	1	71	00bac0
4267	RF00005	8RCM	Y2	1	73	63.00	1.6e-14	1	71	00bac0
4268	RF00005	8RR1	T	1	66	49.30	1.1e-10	1	71	00bac0
4269	RF00005	8Y5K	5	1	73	68.30	5.3e-16	1	71	00bac0
4270	RF00005	9B0N	AT	1	74	55.10	2.4e-12	1	71	00bac0
4271	RF00005	9B0Q	aP	1	73	55.40	1.8e-12	1	71	00bac0
4272	RF00005	9D7S	2y	1	73	68.30	5.3e-16	1	71	00bac0
4273	RF00005	9GHC	Z	1	74	61.40	4.3e-14	1	71	00bac0
4274	RF00005	1VY5	AX	1	74	61.40	4.3e-14	1	71	00bac0
4275	RF00005	4V9L	CW	1	74	71.10	9.1e-17	1	71	00bac0
4276	RF00005	5AA0	BD	1	73	68.30	5.2e-16	1	71	00bac0
4277	RF00005	6BZ8	XW	1	74	61.40	4.3e-14	1	71	00bac0
4278	RF00005	6YAL	1	1	72	58.00	3.6e-13	1	71	00bac0
4279	RF00005	7MT7	y	1	74	61.40	4.3e-14	1	71	00bac0
4280	RF00005	7PI9	6	1	73	69.80	2.1e-16	1	71	00bac0
4281	RF00005	7PIT	7	1	73	69.80	2.1e-16	1	71	00bac0
4282	RF00005	8RJB	q	1	73	55.90	1.4e-12	1	71	00bac0
4283	RF00005	8UD6	2y	1	73	68.30	5.3e-16	1	71	00bac0
4284	RF00005	8UU9	x	1	73	68.30	5.3e-16	1	71	00bac0
4285	RF00005	8VVU	TA	1	73	69.40	2.7e-16	1	71	00bac0
4286	RF00005	9EY1	T	1	68	36.40	5.4e-07	2	71	00bac0
4287	RF00005	1JGQ	D	1	71	57.80	4.2e-13	1	71	00bac0
4288	RF00005	4TZZ	K	1	68	60.30	8.3e-14	5	71	00bac0
4289	RF00005	4V87	CD	1	74	61.40	4.3e-14	1	71	00bac0
4290	RF00005	6WB0	D	1	73	74.10	1.5e-17	1	71	00bac0
4291	RF00005	7OIE	B	1	69	34.30	1.1e-06	1	71	00bac0
4292	RF00005	7PI8	7	1	73	69.80	2.1e-16	1	71	00bac0
4293	RF00005	8RCS	W1	1	73	68.30	5.3e-16	1	71	00bac0
4294	RF00005	8ZH3	Ta	1	74	58.90	2.1e-13	1	71	00bac0
4295	RF00005	9N2C	Pt	1	74	61.40	4.3e-14	1	71	00bac0
4296	RF00005	4WC3	B	1	73	77.20	1.9e-18	1	71	00bac0
4297	RF00005	4WQ1	2L	1	74	61.40	4.3e-14	1	71	00bac0
4298	RF00005	5J4C	1w	1	73	68.30	5.3e-16	1	71	00bac0
4299	RF00005	6R6P	2	1	73	49.40	8.4e-11	1	71	00bac0
4300	RF00005	8RCL	X2	1	74	68.70	4.2e-16	1	71	00bac0
4301	RF00005	8RJD	q	1	73	55.90	1.4e-12	1	71	00bac0
4302	RF00005	8UR0	B	1	73	63.80	9.6e-15	1	71	00bac0
4303	RF00005	8Y5T	5	1	73	68.30	5.3e-16	1	71	00bac0
4304	RF00005	9H0L	Z	1	73	57.30	5.8e-13	2	71	00bac0
4305	RF00005	9HCE	B	1	68	45.70	7.8e-10	1	71	00bac0
4306	RF00005	9MTQ	2x	1	71	54.00	4.6e-12	1	71	00bac0
4307	RF00005	9O3K	2y	1	73	79.20	5.2e-19	1	71	00bac0
4308	RF00005	1GAX	C	1	72	69.40	2.6e-16	1	71	00bac0
4309	RF00005	4JXZ	B	1	72	64.70	5.1e-15	1	71	00bac0
4310	RF00005	4V4J	z	1	74	61.30	4.5e-14	1	71	00bac0
4311	RF00005	4V4V	AU	1	73	67.70	8e-16	1	71	00bac0
4312	RF00005	4V9D	BV	1	73	68.30	5.3e-16	1	71	00bac0
4313	RF00005	6WNW	5	1	74	61.40	4.3e-14	1	71	00bac0
4314	RF00005	6ZTL	AX	1	73	68.30	5.3e-16	1	71	00bac0
4315	RF00005	7ZW0	sl	1	73	58.20	3.4e-13	1	71	00bac0
4316	RF00005	8H8E	G	1	72	60.30	8.5e-14	1	71	00bac0
4317	RF00005	8HMY	T	21	108	60.10	1.4e-13	1	71	00bac0
4318	RF00005	8XSZ	CC	1	72	58.00	3.6e-13	1	71	00bac0
4319	RF00005	8Y5R	6	1	74	61.40	4.3e-14	1	71	00bac0
4320	RF00005	8YDI	6	1	74	61.40	4.3e-14	1	71	00bac0
4321	RF00005	8YUO	V	1	74	73.60	1.9e-17	1	71	00bac0
4322	RF00005	8ZEJ	Y	1	74	60.70	6.6e-14	1	71	00bac0
4323	RF00005	9GUQ	W	1	74	61.30	4.5e-14	1	71	00bac0
4324	RF00005	9O3I	2w	1	73	79.20	5.2e-19	1	71	00bac0
4325	RF00005	1ASY	R	1	72	56.30	1.1e-12	1	71	00bac0
4326	RF00005	3BBV	z	1	73	68.30	5.3e-16	1	71	00bac0
4327	RF00005	4V5R	AY	1	73	64.60	5.8e-15	1	71	00bac0
4328	RF00005	4V5R	CW	1	73	68.30	5.3e-16	1	71	00bac0
4329	RF00005	4V6V	A3	1	74	61.30	4.5e-14	1	71	00bac0
4330	RF00005	4YVK	C	1	71	64.20	6.9e-15	1	71	00bac0
4331	RF00005	5EL5	3K	1	73	79.20	5.2e-19	1	71	00bac0
4332	RF00005	5LZT	3	1	72	70.00	1.8e-16	1	71	00bac0
4333	RF00005	5U9F	X	1	74	61.40	4.3e-14	1	71	00bac0
4334	RF00005	5WFK	v	1	74	61.30	4.5e-14	1	71	00bac0
4335	RF00005	6BY1	AV	1	73	65.90	2.5e-15	1	71	00bac0
4336	RF00005	6OM7	v	2	73	37.00	2.3e-07	1	71	00bac0
4337	RF00005	7PHB	7	1	73	69.80	2.1e-16	1	71	00bac0
4338	RF00005	8ISS	E	1	88	60.10	1.1e-13	1	71	00bac0
4339	RF00005	8UX8	5	1	74	54.90	2.6e-12	1	71	00bac0
4340	RF00005	8VOQ	A	1	73	63.80	9.6e-15	1	71	00bac0
4341	RF00005	9CN3	B	1	69	34.30	1.2e-06	1	71	00bac0
4342	RF00005	9DSX	C	1	74	72.20	4.5e-17	1	71	00bac0
4343	RF00005	9O3I	1y	1	73	79.20	5.2e-19	1	71	00bac0
4344	RF00005	1J2B	C	1	74	69.30	2.9e-16	1	71	00bac0
4345	RF00005	2NR0	E	1	84	52.80	1.2e-11	1	71	00bac0
4346	RF00005	4TZZ	E	1	68	60.30	8.3e-14	5	71	00bac0
4347	RF00005	4V6O	AD	1	74	61.30	4.5e-14	1	71	00bac0
4348	RF00005	5D8B	BD	1	74	61.40	4.3e-14	1	71	00bac0
4349	RF00005	5E7K	1K	1	72	78.00	1.1e-18	1	71	00bac0
4350	RF00005	6BUW	XV	1	74	61.40	4.3e-14	1	71	00bac0
4351	RF00005	6GSJ	1K	1	73	72.70	3.4e-17	1	71	00bac0
4352	RF00005	6GSJ	1L	1	73	72.70	3.4e-17	1	71	00bac0
4353	RF00005	6VZJ	B	1	73	63.80	9.6e-15	1	71	00bac0
4354	RF00005	6X7F	B	1	73	63.80	9.6e-15	1	71	00bac0
4355	RF00005	7A5I	B3	2	70	34.30	1.2e-06	1	71	00bac0
4356	RF00005	7AC7	7	1	73	68.30	5.3e-16	1	71	00bac0
4357	RF00005	7CPJ	9	1	74	60.70	6.6e-14	1	71	00bac0
4358	RF00005	7PIP	6	1	73	69.80	2.1e-16	1	71	00bac0
4359	RF00005	7TOO	APTN	1	74	61.40	4.3e-14	1	71	00bac0
4360	RF00005	8UJJ	Pt	1	73	55.30	2e-12	1	71	00bac0
4361	RF00005	9BUT	S7	1	73	63.80	9.6e-15	1	71	00bac0
4362	RF00005	9D0I	2w	1	73	68.30	5.3e-16	1	71	00bac0
4363	RF00005	9DPL	C	1	73	74.10	1.4e-17	1	71	00bac0
4364	RF00005	1JGO	D	1	71	57.80	4.2e-13	1	71	00bac0
4365	RF00005	2ZUE	B	1	75	65.00	4.4e-15	1	71	00bac0
4366	RF00005	3KFU	N	1	73	72.50	3.8e-17	1	71	00bac0
4367	RF00005	4V6F	CB	1	73	68.30	5.3e-16	1	71	00bac0
4368	RF00005	4V9J	CW	1	74	71.10	9.1e-17	1	71	00bac0
4369	RF00005	5CD1	N	2	74	74.10	1.4e-17	1	71	00bac0
4370	RF00005	5JB3	4	1	73	58.70	2.4e-13	2	71	00bac0
4371	RF00005	5MRC	bb	1	73	71.70	6.4e-17	1	71	00bac0
4372	RF00005	6OF1	1x	1	74	61.40	4.3e-14	1	71	00bac0
4373	RF00005	6YST	w	1	73	71.10	9e-17	1	71	00bac0
4374	RF00005	8FOM	XV	1	73	78.70	7.5e-19	1	71	00bac0
4375	RF00005	8RCM	Y1	1	73	64.70	5.3e-15	1	71	00bac0
4376	RF00005	8VVR	UA	1	72	50.80	3.5e-11	2	71	00bac0
4377	RF00005	9BUT	S9	1	73	63.80	9.6e-15	1	71	00bac0
4378	RF00005	9J9I	AQ	1	74	67.60	8.4e-16	1	71	00bac0
4379	RF00005	2AZX	D	1	72	69.30	2.9e-16	1	71	00bac0
4380	RF00005	3J77	PT	1	74	61.40	4.3e-14	1	71	00bac0
4381	RF00005	3WFS	A	1	73	77.20	1.9e-18	1	71	00bac0
4382	RF00005	4KR2	C	1	71	61.60	3.7e-14	1	71	00bac0
4383	RF00005	4TNA	A	1	73	67.70	8e-16	1	71	00bac0
4384	RF00005	4V78	A3	1	74	61.40	4.3e-14	1	71	00bac0
4385	RF00005	4V9C	CV	1	73	68.30	5.3e-16	1	71	00bac0
4386	RF00005	5O2R	x	1	74	66.30	1.9e-15	1	71	00bac0
4387	RF00005	6B4V	MC	1	74	61.40	4.3e-14	1	71	00bac0
4388	RF00005	6OJ2	QV	1	74	61.40	4.3e-14	1	71	00bac0
4389	RF00005	6T59	23	1	73	55.90	1.4e-12	1	71	00bac0
4390	RF00005	7PJU	w	1	73	71.10	9e-17	1	71	00bac0
4391	RF00005	7ST2	6	1	74	61.40	4.3e-14	1	71	00bac0
4392	RF00005	8AGU	y	1	73	58.20	3.4e-13	1	71	00bac0
4393	RF00005	8G2D	2x	1	74	61.40	4.3e-14	1	71	00bac0
4394	RF00005	8P2H	D	1	74	61.40	4.3e-14	1	71	00bac0
4395	RF00005	8S1U	c	1	73	65.90	2.4e-15	1	71	00bac0
4396	RF00005	8T2Y	tA	1	73	54.90	2.6e-12	1	71	00bac0
4397	RF00005	8XSZ	CD	1	72	58.00	3.6e-13	1	71	00bac0
4398	RF00005	9FXO	S3	1	74	61.30	4.5e-14	1	71	00bac0
4399	RF00005	9H9H	3	1	74	69.10	3.3e-16	1	71	00bac0
4400	RF00005	9MOR	5	1	74	61.40	4.3e-14	1	71	00bac0
4401	RF00005	9MR4	2	1	73	49.40	8.4e-11	1	71	00bac0
4402	RF00005	1VY7	AY	1	73	68.30	5.3e-16	1	71	00bac0
4403	RF00005	4TUB	XV	1	74	61.40	4.3e-14	1	71	00bac0
4404	RF00005	4V5S	AW	1	73	68.30	5.3e-16	1	71	00bac0
4405	RF00005	4YYE	C	1	73	68.90	3.7e-16	1	71	00bac0
4406	RF00005	5EL4	3L	1	73	79.20	5.2e-19	1	71	00bac0
4407	RF00005	5OA3	1	1	72	63.60	1.1e-14	1	71	00bac0
4408	RF00005	5U4J	x	1	74	61.30	4.5e-14	1	71	00bac0
4409	RF00005	6ZTN	AZ	1	73	68.30	5.3e-16	1	71	00bac0
4410	RF00005	7L08	B	2	70	34.30	1.2e-06	1	71	00bac0
4411	RF00005	7M4Y	v	1	74	70.30	1.5e-16	1	71	00bac0
4412	RF00005	7O1C	B8	1	74	60.70	6.6e-14	1	71	00bac0
4413	RF00005	7SA4	5	1	74	61.40	4.3e-14	1	71	00bac0
4414	RF00005	8FZH	x	1	73	68.30	5.3e-16	1	71	00bac0
4415	RF00005	8HL5	APTN	1	73	68.30	5.3e-16	1	71	00bac0
4416	RF00005	8PU0	X	1	72	65.20	3.9e-15	1	71	00bac0
4417	RF00005	8S8H	1	1	72	63.60	1.1e-14	1	71	00bac0
4418	RF00005	9B0W	PE	1	72	70.00	1.8e-16	1	71	00bac0
4419	RF00005	9EY0	T	1	68	36.40	3e-07	2	71	00bac0
4420	RF00005	1TN1	A	1	73	67.70	8e-16	1	71	00bac0
4421	RF00005	2ZZN	C	1	72	57.60	4.8e-13	1	71	00bac0
4422	RF00005	4V5C	AY	1	73	68.30	5.4e-16	1	71	00bac0
4423	RF00005	4V5P	AW	1	73	68.30	5.3e-16	1	71	00bac0
4424	RF00005	4V9D	AV	1	73	68.30	5.3e-16	1	71	00bac0
4425	RF00005	4V9H	AV	1	73	68.30	5.3e-16	1	71	00bac0
4426	RF00005	4V9Q	DW	1	74	61.40	4.3e-14	1	71	00bac0
4427	RF00005	4W4G	QV	1	74	61.40	4.3e-14	1	71	00bac0
4428	RF00005	5LZU	3	1	72	70.00	1.8e-16	1	71	00bac0
4429	RF00005	5WDT	y	1	73	68.30	5.3e-16	1	71	00bac0
4430	RF00005	5WFK	y	1	73	68.30	5.3e-16	1	71	00bac0
4431	RF00005	6XHV	1x	1	74	61.40	4.3e-14	1	71	00bac0
4432	RF00005	6XII	B	1	73	63.80	9.6e-15	1	71	00bac0
4433	RF00005	7LH5	AY	1	73	68.30	5.3e-16	1	71	00bac0
4434	RF00005	7PJS	v	1	74	61.30	4.5e-14	1	71	00bac0
4435	RF00005	7PJV	w	1	73	71.10	9e-17	1	71	00bac0
4436	RF00005	8G2D	2y	1	73	68.30	5.3e-16	1	71	00bac0
4437	RF00005	8IFC	5	1	73	68.30	5.3e-16	1	71	00bac0
4438	RF00005	9V24	sI	1	73	70.60	1.3e-16	1	71	00bac0
4439	RF00005	1EFW	C	1	73	61.70	3.3e-14	1	70	00bac0
4440	RF00005	1GAX	D	1	72	69.40	2.6e-16	1	71	00bac0
4441	RF00005	1JGP	C	1	73	67.70	8e-16	1	71	00bac0
4442	RF00005	1JGP	D	1	71	57.80	4.2e-13	1	71	00bac0
4443	RF00005	1MJ1	C	1	73	67.70	8e-16	1	71	00bac0
4444	RF00005	4TUD	QV	1	74	61.40	4.3e-14	1	71	00bac0
4445	RF00005	4V74	A3	1	74	61.40	4.3e-14	1	71	00bac0
4446	RF00005	4WRO	3L	1	73	68.30	5.3e-16	1	71	00bac0
4447	RF00005	5HCR	2x	1	74	61.40	4.3e-14	1	71	00bac0
4448	RF00005	6OJ2	QY	1	73	63.00	1.6e-14	1	71	00bac0
4449	RF00005	6OKK	g	1	74	67.60	8.4e-16	1	71	00bac0
4450	RF00005	6QNR	2K	1	73	68.30	5.3e-16	1	71	00bac0
4451	RF00005	6TNU	m	1	73	79.20	5.2e-19	1	71	00bac0
4452	RF00005	6ZU1	AW	1	74	61.30	4.5e-14	1	71	00bac0
4453	RF00005	7QV1	H	1	74	71.70	6.4e-17	1	71	00bac0
4454	RF00005	7SA4	6	1	74	61.40	4.3e-14	1	71	00bac0
4455	RF00005	8CDR	Cc	1	74	61.40	4.3e-14	1	71	00bac0
4456	RF00005	8G29	2w	1	73	68.30	5.3e-16	1	71	00bac0
4457	RF00005	8UIY	Pt	1	73	55.30	2e-12	1	71	00bac0
4458	RF00005	8VVQ	SA	1	73	47.80	2.4e-10	1	71	00bac0
4459	RF00005	8YDE	5	1	73	68.30	5.3e-16	1	71	00bac0
4460	RF00005	9FHL	4	1	74	66.10	2.2e-15	1	71	00bac0
4461	RF00005	9NLF	T	1	74	58.10	3.5e-13	1	71	00bac0
4462	RF00005	9O3H	2y	1	73	79.20	5.2e-19	1	71	00bac0
4463	RF00005	2DU4	C	1	71	49.10	9.5e-11	1	70	00bac0
4464	RF00005	3WC1	Q	1	72	62.30	2.3e-14	1	71	00bac0
4465	RF00005	4V5K	AW	1	74	61.40	4.3e-14	1	71	00bac0
4466	RF00005	4V9B	AD	1	74	61.40	4.3e-14	1	71	00bac0
4467	RF00005	4V9R	CX	1	74	61.40	4.3e-14	1	71	00bac0
4468	RF00005	4WQR	1L	1	73	68.30	5.3e-16	1	71	00bac0
4469	RF00005	4WR6	2K	1	74	61.40	4.3e-14	1	71	00bac0
4470	RF00005	4Y4P	2x	1	74	61.40	4.3e-14	1	71	00bac0
4471	RF00005	5NDJ	X1	1	73	68.30	5.3e-16	1	71	00bac0
4472	RF00005	5UYQ	W	1	74	61.40	4.3e-14	1	71	00bac0
4473	RF00005	5WE6	w	1	74	61.30	4.5e-14	1	71	00bac0
4474	RF00005	6C4H	x	1	74	61.30	4.5e-14	1	71	00bac0
4475	RF00005	6V3A	v	1	74	70.30	1.5e-16	1	71	00bac0
4476	RF00005	6VYW	B	1	73	63.80	9.6e-15	1	71	00bac0
4477	RF00005	7OIC	B	1	69	34.30	1.1e-06	1	71	00bac0
4478	RF00005	7QI5	Ax	1	67	67.10	1.1e-15	1	71	00bac0
4479	RF00005	7QI6	B	1	69	34.30	1.2e-06	1	71	00bac0
4480	RF00005	7SSD	5	1	74	65.80	2.7e-15	1	71	00bac0
4481	RF00005	8OKD	X	1	72	65.20	3.9e-15	1	71	00bac0
4482	RF00005	8YUP	V	1	73	60.10	9.6e-14	1	71	00bac0
4483	RF00005	8ZEJ	Z	1	74	60.70	6.6e-14	1	71	00bac0
4484	RF00005	8ZFI	X	1	73	69.10	3.3e-16	1	71	00bac0
4485	RF00005	9FRK	4	1	74	66.10	2.2e-15	1	71	00bac0
4486	RF00005	9V25	sI	1	73	70.60	1.3e-16	1	71	00bac0
4487	RF00005	1QZB	B	1	73	67.70	8e-16	1	71	00bac0
4488	RF00005	2DER	D	1	73	60.10	9.6e-14	1	71	00bac0
4489	RF00005	3J9Z	S7	1	73	68.30	5.2e-16	1	71	00bac0
4490	RF00005	4WQF	BY	1	73	68.30	5.3e-16	1	71	00bac0
4491	RF00005	5D8B	FD	1	74	61.40	4.3e-14	1	71	00bac0
4492	RF00005	8KDA	O	2	73	61.60	3.6e-14	1	70	00bac0
4493	RF00005	8VL1	A	1	73	63.80	9.6e-15	1	71	00bac0
4494	RF00005	9C3H	S4	1	73	63.90	8.7e-15	1	71	00bac0
4495	RF00005	9DFC	2y	1	73	68.30	5.3e-16	1	71	00bac0
4496	RF00005	9G30	AT	1	74	61.40	4.3e-14	1	71	00bac0
4497	RF00005	9G30	PT	1	74	61.40	4.3e-14	1	71	00bac0
4498	RF00005	486D	A	1	72	67.80	7.4e-16	1	71	00bac0
4499	RF00005	4V8C	CB	1	84	52.80	1.2e-11	1	71	00bac0
4500	RF00005	4WPO	DX	1	74	61.40	4.3e-14	1	71	00bac0
4501	RF00005	4YPB	XV	1	74	61.40	4.3e-14	1	71	00bac0
4502	RF00005	5TCU	D	1	73	68.30	5.3e-16	1	71	00bac0
4503	RF00005	5VP2	1y	1	73	68.30	5.3e-16	1	71	00bac0
4504	RF00005	6GZ3	Bv	1	73	65.10	4.2e-15	1	71	00bac0
4505	RF00005	6XHW	1x	1	74	61.40	4.3e-14	1	71	00bac0
4506	RF00005	6ZTO	AX	1	73	68.30	5.3e-16	1	71	00bac0
4507	RF00005	7D80	Z	1	73	79.20	5.2e-19	1	71	00bac0
4508	RF00005	7ZUX	7	1	74	61.40	4.3e-14	1	71	00bac0
4509	RF00005	8CVJ	1w	1	73	68.30	5.3e-16	1	71	00bac0
4510	RF00005	8EKB	2x	1	74	61.40	4.3e-14	1	71	00bac0
4511	RF00005	8Q87	V	1	73	40.60	2.2e-08	1	71	00bac0
4512	RF00005	8VU0	D	1	73	50.00	6e-11	1	71	00bac0
4513	RF00005	8Y5L	5	1	73	68.30	5.3e-16	1	71	00bac0
4514	RF00005	9AZC	Pt	1	71	55.20	2.2e-12	1	71	00bac0
4515	RF00005	9H0L	Y	1	90	56.80	9.8e-13	1	71	00bac0
4516	RF00005	3ZJU	B	1	84	57.70	5.2e-13	1	71	00bac0
4517	RF00005	4CQN	E	1	79	45.10	1.4e-09	1	71	00bac0
4518	RF00005	4V5J	AV	1	73	68.30	5.4e-16	1	71	00bac0
4519	RF00005	4V6R	AB	1	73	64.60	5.7e-15	1	71	00bac0
4520	RF00005	4V7L	AX	1	74	61.40	4.3e-14	1	71	00bac0
4521	RF00005	5LMS	Z	1	74	61.40	4.3e-14	1	71	00bac0
4522	RF00005	7LYF	A	1	136	49.00	2.1e-10	1	71	00bac0
4523	RF00005	7OG4	XB	1	69	34.30	1.2e-06	1	71	00bac0
4524	RF00005	7Y7D	Z	1	74	61.30	4.5e-14	1	71	00bac0
4525	RF00005	7ZPQ	6	1	73	63.60	1e-14	1	71	00bac0
4526	RF00005	8FZJ	x	1	73	68.30	5.3e-16	1	71	00bac0
4527	RF00005	8UD7	1x	1	74	61.40	4.3e-14	1	71	00bac0
4528	RF00005	8V9K	y	1	73	68.30	5.3e-16	1	71	00bac0
4529	RF00005	9O3K	2x	1	74	61.40	4.3e-14	1	71	00bac0
4530	RF00005	1FCW	E	1	73	67.70	8e-16	1	71	00bac0
4531	RF00005	3J0O	Y	1	73	68.30	5.3e-16	1	71	00bac0
4532	RF00005	4V4Y	AB	1	73	68.30	5.3e-16	1	71	00bac0
4533	RF00005	5TCU	E	1	73	68.30	5.2e-16	1	71	00bac0
4534	RF00005	6O7K	v	1	74	61.30	4.5e-14	1	71	00bac0
4535	RF00005	6OXA	QV	1	74	61.40	4.3e-14	1	71	00bac0
4536	RF00005	6VYT	B	1	73	63.80	9.6e-15	1	71	00bac0
4537	RF00005	6WDI	5	1	74	61.40	4.3e-14	1	71	00bac0
4538	RF00005	7B5K	9	1	73	67.20	1.1e-15	1	71	00bac0
4539	RF00005	7E8O	X	11	82	70.40	1.6e-16	1	71	00bac0
4540	RF00005	7JSW	5	1	74	61.40	4.3e-14	1	71	00bac0
4541	RF00005	7XJZ	B	1	71	64.00	7.8e-15	1	71	00bac0
4542	RF00005	8CDL	Cc	1	74	61.40	4.3e-14	1	71	00bac0
4543	RF00005	8G4S	i	1	73	68.80	3.8e-16	1	71	00bac0
4544	RF00005	8G6J	Pt	1	74	61.40	4.3e-14	1	71	00bac0
4545	RF00005	8KDA	N	2	73	61.60	3.6e-14	1	70	00bac0
4546	RF00005	9GHE	Z	1	74	61.40	4.3e-14	1	71	00bac0
4547	RF00005	3JBV	V	1	73	64.80	4.9e-15	1	71	00bac0
4548	RF00005	4V5Q	AV	1	73	68.30	5.3e-16	1	71	00bac0
4549	RF00005	4V8D	AD	1	82	53.40	7.8e-12	1	71	00bac0
4550	RF00005	4WPO	BW	1	73	68.30	5.3e-16	1	71	00bac0
4551	RF00005	4X0B	B	2	74	74.30	1.2e-17	1	71	00bac0
4552	RF00005	5IMR	4	1	74	61.40	4.3e-14	1	71	00bac0
4553	RF00005	5ON3	E	1	84	57.70	5.2e-13	1	71	00bac0
4554	RF00005	5UYQ	Y	1	73	79.20	5.2e-19	1	71	00bac0
4555	RF00005	7A5J	G	1	70	46.40	5.6e-10	1	71	00bac0
4556	RF00005	7XK0	B	1	71	64.00	7.8e-15	1	71	00bac0
4557	RF00005	8P8B	8	1	73	71.20	8.6e-17	1	71	00bac0
4558	RF00005	8QHU	S4	1	73	68.40	5e-16	1	71	00bac0
4559	RF00005	8UQM	A	1	73	63.80	9.6e-15	1	71	00bac0
4560	RF00005	9B0O	AT	1	74	55.10	2.4e-12	1	71	00bac0
4561	RF00005	1JGP	B	1	73	67.70	8e-16	1	71	00bac0
4562	RF00005	2BTE	B	1	80	60.30	9.6e-14	1	71	00bac0
4563	RF00005	3J16	L	1	72	56.30	1.1e-12	1	71	00bac0
4564	RF00005	4TRA	A	1	73	67.70	8e-16	1	71	00bac0
4565	RF00005	4V5K	AV	1	74	61.40	4.3e-14	1	71	00bac0
4566	RF00005	5W4K	1y	1	73	68.30	5.3e-16	1	71	00bac0
4567	RF00005	6ND5	1y	1	73	68.30	5.3e-16	1	71	00bac0
4568	RF00005	6OF1	2w	1	73	64.70	5.3e-15	1	71	00bac0
4569	RF00005	6OGF	5	1	74	61.40	4.3e-14	1	71	00bac0
4570	RF00005	6UO1	2x	1	74	61.40	4.3e-14	1	71	00bac0
4571	RF00005	6WD7	7	1	73	68.30	5.3e-16	1	71	00bac0
4572	RF00005	7PJX	w	1	73	71.10	9e-17	1	71	00bac0
4573	RF00005	7RQ9	1y	1	73	68.30	5.3e-16	1	71	00bac0
4574	RF00005	7RR5	A	1	73	73.40	2.1e-17	1	71	00bac0
4575	RF00005	7ZTA	ATR1	1	71	54.00	4.6e-12	1	71	00bac0
4576	RF00005	8D9L	C	1	73	74.10	1.3e-17	1	71	00bac0
4577	RF00005	8T2Z	tP	1	72	55.60	1.6e-12	1	71	00bac0
4578	RF00005	8VVS	TA	1	73	69.40	2.7e-16	1	71	00bac0
4579	RF00005	8ZYD	C	1	74	66.30	1.9e-15	1	71	00bac0
4580	RF00005	9D7R	2y	1	73	68.30	5.3e-16	1	71	00bac0
4581	RF00005	1I9V	A	1	73	67.70	8e-16	1	71	00bac0
4582	RF00005	1IVS	D	1	72	69.40	2.6e-16	1	71	00bac0
4583	RF00005	1QF6	B	1	73	71.80	6e-17	1	71	00bac0
4584	RF00005	4V5D	AV	1	73	68.30	5.4e-16	1	71	00bac0
4585	RF00005	4V6Y	A3	1	74	61.40	4.3e-14	1	71	00bac0
4586	RF00005	4V7J	Av	1	74	61.40	4.3e-14	1	71	00bac0
4587	RF00005	4V8N	AW	1	75	70.70	1.2e-16	1	71	00bac0
4588	RF00005	4V8Y	CW	1	73	68.30	5.3e-16	1	71	00bac0
4589	RF00005	4WQF	BW	1	73	68.30	5.3e-16	1	71	00bac0
4590	RF00005	5E7K	1L	1	73	79.20	5.2e-19	1	71	00bac0
4591	RF00005	5EL6	2L	1	74	61.40	4.3e-14	1	71	00bac0
4592	RF00005	6HCQ	q3	1	71	66.30	1.9e-15	1	71	00bac0
4593	RF00005	7ASA	2	1	73	65.90	2.4e-15	1	71	00bac0
4594	RF00005	7PH9	7	1	73	69.80	2.1e-16	1	71	00bac0
4595	RF00005	8CKU	Cc	1	74	61.40	4.3e-14	1	71	00bac0
4596	RF00005	8HL5	AATN	1	73	68.30	5.3e-16	1	71	00bac0
4597	RF00005	8JDJ	B	1	72	58.70	2.4e-13	1	71	00bac0
4598	RF00005	8KD9	O	2	73	61.60	3.6e-14	1	70	00bac0
4599	RF00005	8XU8	s	1	72	55.60	1.6e-12	1	71	00bac0
4600	RF00005	9AXV	Sn	1	72	55.60	1.6e-12	1	71	00bac0
4601	RF00005	9D0G	2w	1	73	68.30	5.3e-16	1	71	00bac0
4602	RF00005	1VY6	CX	1	74	61.40	4.3e-14	1	71	00bac0
4603	RF00005	4V4S	AV	1	73	67.70	8e-16	1	71	00bac0
4604	RF00005	5LZB	v	1	74	61.30	4.5e-14	1	71	00bac0
4605	RF00005	6CFJ	1y	1	73	68.30	5.3e-16	1	71	00bac0
4606	RF00005	6IP6	zy	1	72	53.90	4.8e-12	1	71	00bac0
4607	RF00005	6UCQ	2x	1	73	68.30	5.3e-16	1	71	00bac0
4608	RF00005	6X7K	A	1	73	63.80	9.6e-15	1	71	00bac0
4609	RF00005	7PAH	8	1	73	69.80	2.1e-16	1	71	00bac0
4610	RF00005	7Y7C	Z	1	74	61.30	4.5e-14	1	71	00bac0
4611	RF00005	8CVL	2x	1	74	61.40	4.3e-14	1	71	00bac0
4612	RF00005	8PTX	X	1	72	65.20	3.9e-15	1	71	00bac0
4613	RF00005	8UD7	1w	1	73	68.30	5.3e-16	1	71	00bac0
4614	RF00005	8UD8	2y	1	73	68.30	5.3e-16	1	71	00bac0
4615	RF00005	8VOR	A	1	73	63.80	9.6e-15	1	71	00bac0
4616	RF00005	9D7R	2x	1	73	68.30	5.3e-16	1	71	00bac0
4617	RF00005	9O3J	2x	1	74	61.40	4.3e-14	1	71	00bac0
4618	RF00005	9WNR	Y	1	74	60.70	6.6e-14	1	71	00bac0
4619	RF00005	2DET	C	1	73	60.10	9.6e-14	1	71	00bac0
4620	RF00005	2DXI	C	1	72	64.10	7.4e-15	1	71	00bac0
4621	RF00005	3EPJ	F	1	69	50.50	3.9e-11	2	69	00bac0
4622	RF00005	4V8D	AC	1	74	61.40	4.3e-14	1	71	00bac0
4623	RF00005	4V8Q	BV	1	74	61.40	4.3e-14	1	71	00bac0
4624	RF00005	4V8U	CV	1	73	68.30	5.3e-16	1	71	00bac0
4625	RF00005	4V8X	CW	1	74	61.40	4.3e-14	1	71	00bac0
4626	RF00005	5GAK	A	1	73	79.20	5.2e-19	1	71	00bac0
4627	RF00005	6BOK	D	1	74	61.40	4.3e-14	1	71	00bac0
4628	RF00005	6WDA	5	1	74	61.40	4.3e-14	1	71	00bac0
4629	RF00005	6ZM5	x	1	67	68.50	4.5e-16	1	71	00bac0
4630	RF00005	6ZSA	XB	1	69	34.30	1.2e-06	1	71	00bac0
4631	RF00005	7KA0	F	1	74	72.20	4.5e-17	1	71	00bac0
4632	RF00005	7TOP	APTN	1	74	61.40	4.3e-14	1	71	00bac0
4633	RF00005	8EV7	1x	1	74	61.40	4.3e-14	1	71	00bac0
4634	RF00005	8G2D	1x	1	74	61.40	4.3e-14	1	71	00bac0
4635	RF00005	8PEG	X	1	75	59.50	1.4e-13	1	71	00bac0
4636	RF00005	9AZN	PE	1	72	70.00	1.8e-16	1	71	00bac0
4637	RF00005	9LPC	C	1	73	64.60	5.6e-15	1	71	00bac0
4638	RF00005	9NKL	T	1	74	55.00	2.5e-12	1	71	00bac0
4639	RF00005	1QU3	T	1	74	67.80	7.2e-16	1	71	00bac0
4640	RF00005	1VY7	AX	1	74	61.40	4.3e-14	1	71	00bac0
4641	RF00005	2BTE	E	1	80	60.30	9.6e-14	1	71	00bac0
4642	RF00005	3EPH	F	1	69	50.50	3.9e-11	2	69	00bac0
4643	RF00005	3JAN	3	1	73	65.10	4.2e-15	1	71	00bac0
4644	RF00005	5HR6	D	1	68	46.10	6e-10	3	68	00bac0
4645	RF00005	6OT3	5	1	73	54.90	2.6e-12	2	71	00bac0
4646	RF00005	6OTR	XW	1	74	61.40	4.3e-14	1	71	00bac0
4647	RF00005	6WD3	5	1	74	61.40	4.3e-14	1	71	00bac0
4648	RF00005	7NRC	Sn	1	72	55.60	1.6e-12	1	71	00bac0
4649	RF00005	8AGW	x	1	73	58.20	3.4e-13	1	71	00bac0
4650	RF00005	8OMR	C	1	72	60.60	6.8e-14	1	71	00bac0
4651	RF00005	9GMW	T	1	83	65.00	4.8e-15	1	71	00bac0
4652	RF00005	4V6T	AX	1	74	61.40	4.3e-14	1	71	00bac0
4653	RF00005	4WR6	1K	1	82	53.40	7.8e-12	1	71	00bac0
4654	RF00005	5UD5	C	1	69	33.70	1.7e-06	1	71	00bac0
4655	RF00005	6WD0	6	1	74	61.40	4.3e-14	1	71	00bac0
4656	RF00005	8FZR	R	1	74	72.10	5e-17	1	71	00bac0
4657	RF00005	8HL2	APTN	1	73	68.30	5.3e-16	1	71	00bac0
4658	RF00005	8S8F	1	1	72	63.60	1.1e-14	1	71	00bac0
4659	RF00005	9D0I	1y	1	73	68.30	5.3e-16	1	71	00bac0
4660	RF00005	4V5C	CY	1	73	68.30	5.4e-16	1	71	00bac0
4661	RF00005	4V5E	AV	1	73	68.30	5.3e-16	1	71	00bac0
4662	RF00005	5EL5	1K	1	73	79.20	5.2e-19	1	71	00bac0
4663	RF00005	5WE6	y	1	73	68.30	5.3e-16	1	71	00bac0
4664	RF00005	5WF0	w	1	74	61.30	4.5e-14	1	71	00bac0
4665	RF00005	6R84	B	1	73	58.20	3.4e-13	1	71	00bac0
4666	RF00005	7NWI	2	1	73	55.90	1.4e-12	1	71	00bac0
4667	RF00005	7OIZ	V	1	72	58.00	3.6e-13	1	71	00bac0
4668	RF00005	7U2I	2x	1	74	61.40	4.3e-14	1	71	00bac0
4669	RF00005	7U2J	2x	1	74	61.40	4.3e-14	1	71	00bac0
4670	RF00005	8P8W	7	1	72	60.50	7.6e-14	1	71	00bac0
4671	RF00005	8VS9	ETRN	1	74	61.40	4.3e-14	1	71	00bac0
4672	RF00005	8ZHC	Ta	1	74	58.90	2.1e-13	1	71	00bac0
4673	RF00005	1VY4	AY	1	73	68.30	5.3e-16	1	71	00bac0
4674	RF00005	2V0G	B	1	80	60.30	9.6e-14	1	71	00bac0
4675	RF00005	3Q1R	C	1	83	60.30	9.6e-14	1	71	00bac0
4676	RF00005	4TZW	B	1	68	60.30	8.3e-14	5	71	00bac0
4677	RF00005	4V87	BB	1	84	52.80	1.2e-11	1	71	00bac0
4678	RF00005	5EL4	1K	1	73	79.20	5.2e-19	1	71	00bac0
4679	RF00005	5IMQ	5	1	73	68.30	5.3e-16	1	71	00bac0
4680	RF00005	5T2C	An	1	72	58.00	3.6e-13	1	71	00bac0
4681	RF00005	6C4I	x	1	74	61.40	4.3e-14	1	71	00bac0
4682	RF00005	6TBV	PTR1	1	73	67.10	1.1e-15	1	71	00bac0
4683	RF00005	6XIJ	A	1	73	63.80	9.6e-15	1	71	00bac0
4684	RF00005	6YDP	BB	1	70	42.90	5.2e-09	1	71	00bac0
4685	RF00005	7NWG	33	1	73	69.40	2.7e-16	1	71	00bac0
4686	RF00005	7NWW	z	1	85	49.90	7.1e-11	1	71	00bac0
4687	RF00005	7TQL	3	1	72	58.00	3.6e-13	1	71	00bac0
4688	RF00005	7U2H	1w	1	71	71.60	6.4e-17	1	71	00bac0
4689	RF00005	8FZD	y	1	73	64.70	5.2e-15	1	71	00bac0
4690	RF00005	8PJ5	w	1	72	58.00	3.6e-13	1	71	00bac0
4691	RF00005	8T2Z	tA	1	73	54.90	2.6e-12	1	71	00bac0
4692	RF00005	8UU8	x	1	73	68.30	5.3e-16	1	71	00bac0
4693	RF00005	9D0J	2y	1	73	68.30	5.3e-16	1	71	00bac0
4694	RF00005	9NL6	T	1	74	58.10	3.5e-13	1	71	00bac0
4695	RF00005	9O3K	1x	1	74	61.40	4.3e-14	1	71	00bac0
4696	RF00005	4V5S	AV	1	73	68.30	5.3e-16	1	71	00bac0
4697	RF00005	4V8D	CC	1	74	61.40	4.3e-14	1	71	00bac0
4698	RF00005	4YYE	D	1	73	68.90	3.7e-16	1	71	00bac0
4699	RF00005	4ZSN	XV	1	74	61.40	4.3e-14	1	71	00bac0
4700	RF00005	5EL4	3K	1	73	79.20	5.2e-19	1	71	00bac0
4701	RF00005	5IBB	3K	1	73	65.90	2.5e-15	1	71	00bac0
4702	RF00005	5J4D	IB	1	74	61.40	4.3e-14	1	71	00bac0
4703	RF00005	5KPS	31	1	74	61.40	4.3e-14	1	71	00bac0
4704	RF00005	6XIJ	B	1	73	63.80	9.6e-15	1	71	00bac0
4705	RF00005	7SYU	i	1	72	58.00	3.6e-13	1	71	00bac0
4706	RF00005	7UNU	v	1	74	61.40	4.3e-14	1	71	00bac0
4707	RF00005	8ZTU	Y	1	74	67.70	8.1e-16	1	71	00bac0
4708	RF00005	2NRE	F	1	84	52.80	1.2e-11	1	71	00bac0
4709	RF00005	3CW6	A	1	74	61.30	4.5e-14	1	71	00bac0
4710	RF00005	4V6W	BC	1	72	53.80	5.2e-12	1	71	00bac0
4711	RF00005	4V8C	CC	1	74	61.40	4.3e-14	1	71	00bac0
4712	RF00005	4V8E	DC	1	74	61.40	4.3e-14	1	71	00bac0
4713	RF00005	4WC7	B	1	73	77.20	1.9e-18	1	71	00bac0
4714	RF00005	5KPX	31	1	74	61.40	4.3e-14	1	71	00bac0
4715	RF00005	5NDJ	X4	1	73	68.30	5.3e-16	1	71	00bac0
4716	RF00005	5UYQ	X	1	74	61.40	4.3e-14	1	71	00bac0
4717	RF00005	6AH3	T	5	77	67.70	8.4e-16	1	71	00bac0
4718	RF00005	7M5D	5	1	73	54.90	2.6e-12	2	71	00bac0
4719	RF00005	7S1I	A	1	73	68.30	5.3e-16	1	71	00bac0
4720	RF00005	7ZHG	4	1	74	66.10	2.2e-15	1	71	00bac0
4721	RF00005	8EV7	1y	1	73	68.30	5.3e-16	1	71	00bac0
4722	RF00005	8G5Y	Pt	1	74	61.40	4.3e-14	1	71	00bac0
4723	RF00005	9B4Z	AW	1	73	64.40	6.5e-15	1	71	00bac0
4724	RF00005	9BUP	S9	1	73	68.30	5.3e-16	1	71	00bac0
4725	RF00005	9CAI	DA	1	73	66.40	1.8e-15	1	71	00bac0
4726	RF00005	9MTT	1x	1	71	54.00	4.6e-12	1	71	00bac0
4727	RF00005	9QEH	8	1	68	46.80	4.2e-10	1	71	00bac0
4728	RF00005	1EFW	D	1	73	61.70	3.3e-14	1	70	00bac0
4729	RF00005	1N78	D	1	72	64.10	7.4e-15	1	71	00bac0
4730	RF00005	2NQP	F	1	84	54.90	3.1e-12	1	71	00bac0
4731	RF00005	4CQN	B	1	79	45.10	1.4e-09	1	71	00bac0
4732	RF00005	4V5K	CV	1	74	61.40	4.3e-14	1	71	00bac0
4733	RF00005	4V5N	AV	1	74	61.40	4.3e-14	1	71	00bac0
4734	RF00005	4V69	AW	1	73	68.30	5.3e-16	1	71	00bac0
4735	RF00005	4W2I	AY	1	73	68.30	5.3e-16	1	71	00bac0
4736	RF00005	5DOY	1x	1	74	61.40	4.3e-14	1	71	00bac0
4737	RF00005	5UYN	X	1	74	61.40	4.3e-14	1	71	00bac0
4738	RF00005	5UYP	X	1	74	61.40	4.3e-14	1	71	00bac0
4739	RF00005	5WFS	w	1	74	61.30	4.5e-14	1	71	00bac0
4740	RF00005	6FYX	1	1	72	63.60	1.1e-14	1	71	00bac0
4741	RF00005	6ND5	2w	1	73	68.30	5.3e-16	1	71	00bac0
4742	RF00005	6WD5	5	1	74	61.40	4.3e-14	1	71	00bac0
4743	RF00005	6XHW	2y	1	73	68.30	5.3e-16	1	71	00bac0
4744	RF00005	7N30	Dt	1	73	62.60	2.1e-14	1	71	00bac0
4745	RF00005	7N30	Pt	1	73	79.20	5.2e-19	1	71	00bac0
4746	RF00005	7UZ0	A	1	87	51.40	2.8e-11	1	70	00bac0
4747	RF00005	8G2A	2w	1	73	68.30	5.3e-16	1	71	00bac0
4748	RF00005	8S8J	1	1	72	63.60	1.1e-14	1	71	00bac0
4749	RF00005	8UD8	1x	1	74	61.40	4.3e-14	1	71	00bac0
4750	RF00005	8VTX	1y	1	73	68.30	5.3e-16	1	71	00bac0
4751	RF00005	9FS8	4	1	74	66.10	2.2e-15	1	71	00bac0
4752	RF00005	4TUE	XV	1	74	61.40	4.3e-14	1	71	00bac0
4753	RF00005	4V51	AW	1	73	68.30	5.3e-16	1	71	00bac0
4754	RF00005	4V5Q	AW	1	73	68.30	5.3e-16	1	71	00bac0
4755	RF00005	4V8C	DB	1	84	52.80	1.2e-11	1	71	00bac0
4756	RF00005	4WU1	3L	1	82	53.40	7.8e-12	1	71	00bac0
4757	RF00005	4Y4P	1w	1	73	68.30	5.3e-16	1	71	00bac0
4758	RF00005	5EL5	2L	1	74	61.40	4.3e-14	1	71	00bac0
4759	RF00005	6BOK	GB	1	74	61.40	4.3e-14	1	71	00bac0
4760	RF00005	6WD0	5	1	74	61.40	4.3e-14	1	71	00bac0
4761	RF00005	6ZSE	XB	1	69	34.30	1.2e-06	1	71	00bac0
4762	RF00005	7NSO	8	1	84	52.80	1.2e-11	1	71	00bac0
4763	RF00005	7SSL	5	1	74	65.80	2.7e-15	1	71	00bac0
4764	RF00005	8A3L	V	1	74	61.30	4.5e-14	1	71	00bac0
4765	RF00005	8AGZ	x	1	73	59.70	1.2e-13	1	71	00bac0
4766	RF00005	8G60	At	1	73	68.30	5.3e-16	1	71	00bac0
4767	RF00005	8G6Y	Z	1	74	58.40	2.8e-13	1	71	00bac0
4768	RF00005	8OKD	C	1	72	65.20	3.9e-15	1	71	00bac0
4769	RF00005	8VTX	2y	1	73	68.30	5.3e-16	1	71	00bac0
4770	RF00005	9O3I	2y	1	73	79.20	5.2e-19	1	71	00bac0
4771	RF00005	3ZGZ	E	2	85	60.00	1.2e-13	1	71	00bac0
4772	RF00005	4GCW	B	1	73	65.70	2.7e-15	1	71	00bac0
4773	RF00005	4V4V	AW	1	73	67.70	8e-16	1	71	00bac0
4774	RF00005	4V5E	CV	1	73	68.30	5.3e-16	1	71	00bac0
4775	RF00005	4V63	AZ	1	74	61.40	4.3e-14	1	71	00bac0
4776	RF00005	4V97	AY	1	73	68.30	5.3e-16	1	71	00bac0
4777	RF00005	4V9Q	BV	1	74	61.40	4.3e-14	1	71	00bac0
4778	RF00005	4WQR	1K	1	73	68.30	5.3e-16	1	71	00bac0
4779	RF00005	5WIS	2y	1	73	68.30	5.3e-16	1	71	00bac0
4780	RF00005	6BOH	NC	1	74	61.40	4.3e-14	1	71	00bac0
4781	RF00005	6HCF	23	1	73	55.90	1.4e-12	1	71	00bac0
4782	RF00005	6N1D	APTN	1	73	64.70	5.3e-15	1	71	00bac0
4783	RF00005	6WD6	5	1	74	61.40	4.3e-14	1	71	00bac0
4784	RF00005	7OF0	B	1	69	34.30	1.1e-06	1	71	00bac0
4785	RF00005	7QV2	H	1	74	71.70	6.4e-17	1	71	00bac0
4786	RF00005	8CD1	Dt	1	73	68.30	5.3e-16	1	71	00bac0
4787	RF00005	8P7X	8	1	73	71.20	8.6e-17	1	71	00bac0
4788	RF00005	8R3V	X2	1	74	68.70	4.2e-16	1	71	00bac0
4789	RF00005	9NJV	T	1	74	55.00	2.5e-12	1	71	00bac0
4790	RF00005	3WFQ	C	1	73	77.20	1.8e-18	1	71	00bac0
4791	RF00005	4V5C	AV	1	74	61.40	4.3e-14	1	71	00bac0
4792	RF00005	4V5E	AW	1	73	68.30	5.3e-16	1	71	00bac0
4793	RF00005	4W29	AX	1	73	65.90	2.5e-15	1	71	00bac0
4794	RF00005	4X0A	B	1	72	64.00	8.1e-15	2	71	00bac0
4795	RF00005	4YCO	D	1	73	68.40	5e-16	1	71	00bac0
4796	RF00005	6GXM	x	1	74	61.40	4.3e-14	1	71	00bac0
4797	RF00005	6MTB	4	1	72	70.00	1.8e-16	1	71	00bac0
4798	RF00005	6O8W	u	1	73	68.30	5.3e-16	1	71	00bac0
4799	RF00005	6OF1	2y	1	73	64.70	5.3e-15	1	71	00bac0
4800	RF00005	6X7F	A	1	73	63.80	9.6e-15	1	71	00bac0
4801	RF00005	6ZVH	x	1	72	53.90	4.9e-12	1	71	00bac0
4802	RF00005	7KAB	C	1	74	72.20	4.5e-17	1	71	00bac0
4803	RF00005	8CVM	C	1	74	61.40	4.3e-14	1	71	00bac0
4804	RF00005	8Z70	s	1	74	55.10	2.4e-12	1	71	00bac0
4805	RF00005	9AX8	y	1	74	59.60	1.3e-13	1	71	00bac0
4806	RF00005	9B0S	Et	1	72	70.00	1.8e-16	1	71	00bac0
4807	RF00005	9LEM	J	389	476	50.10	3.4e-10	1	71	00bac0
4808	RF00005	4V49	AW	1	73	67.70	8e-16	1	71	00bac0
4809	RF00005	4V5M	AV	1	74	61.40	4.3e-14	1	71	00bac0
4810	RF00005	4V97	AV	1	74	61.40	4.3e-14	1	71	00bac0
4811	RF00005	4YVI	C	1	71	64.00	8e-15	1	71	00bac0
4812	RF00005	5UYN	Y	1	73	79.20	5.2e-19	1	71	00bac0
4813	RF00005	6B4V	D	1	74	61.40	4.3e-14	1	71	00bac0
4814	RF00005	6VU3	A	1	73	63.80	9.6e-15	1	71	00bac0
4815	RF00005	6ZVI	e	1	74	61.40	4.3e-14	1	71	00bac0
4816	RF00005	7A5J	B	1	69	34.30	1.1e-06	1	71	00bac0
4817	RF00005	7NQH	BB	1	70	42.90	5.2e-09	1	71	00bac0
4818	RF00005	7U2H	2x	1	74	61.40	4.3e-14	1	71	00bac0
4819	RF00005	8AM9	Y	1	73	57.30	5.8e-13	2	71	00bac0
4820	RF00005	8CVL	2w	1	73	68.30	5.3e-16	1	71	00bac0
4821	RF00005	8WID	b	1	73	63.20	1.3e-14	1	71	00bac0
4822	RF00005	8ZHB	Ta	1	74	58.90	2.1e-13	1	71	00bac0
4823	RF00005	9D7S	1y	1	73	68.30	5.3e-16	1	71	00bac0
4824	RF00005	2CSX	D	1	74	69.70	2.2e-16	1	71	00bac0
4825	RF00005	4P6F	QW	1	73	68.30	5.3e-16	1	71	00bac0
4826	RF00005	4W2F	CW	1	73	68.30	5.3e-16	1	71	00bac0
4827	RF00005	5J4B	2y	1	73	68.30	5.3e-16	1	71	00bac0
4828	RF00005	5ON2	E	1	84	57.70	5.2e-13	1	71	00bac0
4829	RF00005	5UD5	D	1	69	33.70	1.7e-06	1	71	00bac0
4830	RF00005	6GQ1	AX	1	73	67.70	8e-16	1	71	00bac0
4831	RF00005	6VYY	A	1	73	63.80	9.6e-15	1	71	00bac0
4832	RF00005	7ZS5	2	1	73	63.60	1e-14	1	71	00bac0
4833	RF00005	8EV6	2x	1	74	61.40	4.3e-14	1	71	00bac0
4834	RF00005	8G7P	w	1	73	73.10	2.5e-17	1	71	00bac0
4835	RF00005	8YUQ	V	1	73	60.10	9.6e-14	1	71	00bac0
4836	RF00005	1O0C	B	1	72	62.00	2.8e-14	1	71	00bac0
4837	RF00005	3JAI	2	1	73	55.90	1.4e-12	1	71	00bac0
4838	RF00005	4V5A	CW	1	74	61.40	4.3e-14	1	71	00bac0
4839	RF00005	4V5G	CW	1	73	68.30	5.3e-16	1	71	00bac0
4840	RF00005	4V6F	BC	1	73	68.30	5.3e-16	1	71	00bac0
4841	RF00005	4W29	AW	1	74	71.10	9.1e-17	1	71	00bac0
4842	RF00005	5EL4	1L	1	73	79.20	5.2e-19	1	71	00bac0
4843	RF00005	5HCR	1x	1	74	61.40	4.3e-14	1	71	00bac0
4844	RF00005	5LMU	Z	1	74	61.40	4.3e-14	1	71	00bac0
4845	RF00005	5OMW	B	1	84	57.70	5.2e-13	1	71	00bac0
4846	RF00005	6FYY	1	1	72	63.60	1.1e-14	1	71	00bac0
4847	RF00005	6HTQ	u	1	73	68.30	5.3e-16	1	71	00bac0
4848	RF00005	6ORL	5	1	73	54.90	2.6e-12	2	71	00bac0
4849	RF00005	6PMO	B	1	72	74.50	1.1e-17	1	71	00bac0
4850	RF00005	6VYS	B	1	73	63.80	9.6e-15	1	71	00bac0
4851	RF00005	6W6L	v	2	73	37.00	2.3e-07	1	71	00bac0
4852	RF00005	7AZO	TRNA	1	73	68.30	5.3e-16	1	71	00bac0
4853	RF00005	7K50	7	1	74	65.80	2.7e-15	1	71	00bac0
4854	RF00005	7QI6	Ax	1	68	58.40	2.7e-13	1	71	00bac0
4855	RF00005	9AZS	Pt	1	71	55.20	2.2e-12	1	71	00bac0
4856	RF00005	9K0Z	2	1	73	62.40	2.3e-14	1	71	00bac0
4857	RF00005	9V1J	sH	1	73	75.10	7.4e-18	1	71	00bac0
4858	RF00005	1H4S	T	1	74	58.20	3.2e-13	1	71	00bac0
4859	RF00005	2CT8	D	1	74	69.70	2.2e-16	1	71	00bac0
4860	RF00005	4V68	AV	1	74	61.40	4.3e-14	1	71	00bac0
4861	RF00005	4V8C	DC	1	74	61.40	4.3e-14	1	71	00bac0
4862	RF00005	4V97	AW	1	73	68.30	5.3e-16	1	71	00bac0
4863	RF00005	4Y4P	1y	1	73	68.30	5.3e-16	1	71	00bac0
4864	RF00005	5EL4	2K	1	74	61.40	4.3e-14	1	71	00bac0
4865	RF00005	5LMR	Z	1	74	61.40	4.3e-14	1	71	00bac0
4866	RF00005	5ON2	B	1	84	57.70	5.2e-13	1	71	00bac0
4867	RF00005	6R6P	3	1	72	70.10	1.7e-16	1	71	00bac0
4868	RF00005	7A5G	C	1	70	46.40	5.6e-10	1	71	00bac0
4869	RF00005	7P3K	V	1	72	58.00	3.6e-13	1	71	00bac0
4870	RF00005	8S1P	a	1	73	65.90	2.4e-15	1	71	00bac0
4871	RF00005	8Y5M	5	1	73	68.30	5.3e-16	1	71	00bac0
4872	RF00005	9B0O	Pt	1	73	55.30	2e-12	1	71	00bac0
4873	RF00005	9B0W	AP	1	71	55.20	2.1e-12	1	71	00bac0
4874	RF00005	3TUP	T	1	73	67.60	8.2e-16	1	71	00bac0
4875	RF00005	4V6U	A0	1	73	70.80	1.1e-16	1	71	00bac0
4876	RF00005	4WZO	3K	1	73	68.30	5.3e-16	1	71	00bac0
4877	RF00005	5IB7	1L	1	73	79.20	5.2e-19	1	71	00bac0
4878	RF00005	6Q95	8	1	73	68.80	3.9e-16	1	71	00bac0
4879	RF00005	6VZ5	B	1	73	63.80	9.6e-15	1	71	00bac0
4880	RF00005	6ZTO	AW	1	74	61.30	4.5e-14	1	71	00bac0
4881	RF00005	7PAM	8	1	73	69.80	2.1e-16	1	71	00bac0
4882	RF00005	7PHA	7	1	73	69.80	2.1e-16	1	71	00bac0
4883	RF00005	8AM9	8	1	82	59.40	1.7e-13	1	71	00bac0
4884	RF00005	8G2A	1x	1	74	61.40	4.3e-14	1	71	00bac0
4885	RF00005	8IFC	6	1	74	61.30	4.5e-14	1	71	00bac0
4886	RF00005	8PTZ	X	1	72	65.20	3.9e-15	1	71	00bac0
4887	RF00005	8R3V	Y1	1	73	64.70	5.3e-15	1	71	00bac0
4888	RF00005	9DPA	C	1	73	74.10	1.4e-17	1	71	00bac0
4889	RF00005	9HCD	B	1	68	45.70	7.8e-10	1	71	00bac0
4890	RF00005	3J0O	W	1	73	68.30	5.3e-16	1	71	00bac0
4891	RF00005	5J4D	D	1	74	61.40	4.3e-14	1	71	00bac0
4892	RF00005	5LZZ	2	1	73	55.90	1.4e-12	1	71	00bac0
4893	RF00005	5OMW	E	1	84	57.70	5.2e-13	1	71	00bac0
4894	RF00005	5WIT	1w	1	73	68.30	5.3e-16	1	71	00bac0
4895	RF00005	6MTB	2	1	73	55.90	1.4e-12	1	71	00bac0
4896	RF00005	6NUO	XV	1	74	60.70	6.6e-14	1	71	00bac0
4897	RF00005	6Q9A	7	1	73	65.60	2.9e-15	1	71	00bac0
4898	RF00005	7K53	5	1	74	61.40	4.3e-14	1	71	00bac0
4899	RF00005	7K55	6	1	74	61.40	4.3e-14	1	71	00bac0
4900	RF00005	7RQ8	2x	1	74	61.40	4.3e-14	1	71	00bac0
4901	RF00005	8AGV	y	1	73	58.20	3.4e-13	1	71	00bac0
4902	RF00005	8CVL	1y	1	73	68.30	5.3e-16	1	71	00bac0
4903	RF00005	8P7C	R	1	82	64.40	7e-15	1	71	00bac0
4904	RF00005	8XU8	t	1	72	55.60	1.6e-12	1	71	00bac0
4905	RF00005	8Y5L	7	1	74	61.40	4.3e-14	1	71	00bac0
4906	RF00005	9D0H	2w	1	73	68.30	5.3e-16	1	71	00bac0
4907	RF00005	9DFD	2y	1	73	68.30	5.3e-16	1	71	00bac0
4908	RF00005	4V8B	AC	1	74	61.40	4.3e-14	1	71	00bac0
4909	RF00005	5IBB	2L	1	74	61.40	4.3e-14	1	71	00bac0
4910	RF00005	5WIS	1x	1	74	61.40	4.3e-14	1	71	00bac0
4911	RF00005	6OXA	XV	1	74	61.40	4.3e-14	1	71	00bac0
4912	RF00005	6T7I	6	1	73	62.40	2.3e-14	1	71	00bac0
4913	RF00005	6WDC	6	1	74	61.40	4.3e-14	1	71	00bac0
4914	RF00005	7PAH	7	1	73	69.80	2.1e-16	1	71	00bac0
4915	RF00005	7SSL	6	1	74	61.40	4.3e-14	1	71	00bac0
4916	RF00005	8UD8	1y	1	73	68.30	5.3e-16	1	71	00bac0
4917	RF00005	9DSX	F	1	74	72.20	4.5e-17	1	71	00bac0
4918	RF00005	9FRA	4	1	74	66.10	2.2e-15	1	71	00bac0
4919	RF00005	9O3J	2w	1	73	79.20	5.2e-19	1	71	00bac0
4920	RF00005	9RTV	v	1	74	61.30	4.5e-14	1	71	00bac0
4921	RF00005	3J0P	W	1	74	61.40	4.3e-14	1	71	00bac0
4922	RF00005	4V5S	CV	1	73	68.30	5.3e-16	1	71	00bac0
4923	RF00005	4WSM	1K	1	84	52.80	1.2e-11	1	71	00bac0
4924	RF00005	4Y4P	2w	1	73	68.30	5.3e-16	1	71	00bac0
4925	RF00005	5D8B	XC	1	74	61.40	4.3e-14	1	71	00bac0
4926	RF00005	6TB3	n	1	72	63.60	1.1e-14	1	71	00bac0
4927	RF00005	6VZ5	A	1	73	63.80	9.6e-15	1	71	00bac0
4928	RF00005	6YHS	8	1	74	49.50	8.3e-11	1	71	00bac0
4929	RF00005	7D80	y	1	74	67.70	8.1e-16	1	71	00bac0
4930	RF00005	7N2V	Dt	1	73	62.60	2.9e-14	1	71	00bac0
4931	RF00005	7QP6	w	1	72	58.00	3.6e-13	1	71	00bac0
4932	RF00005	7QVP	D5	1	73	68.30	5.3e-16	1	71	00bac0
4933	RF00005	7XK1	D	1	71	64.00	7.8e-15	1	71	00bac0
4934	RF00005	8CEH	Bb	1	73	67.70	8e-16	1	71	00bac0
4935	RF00005	8CVL	2y	1	73	68.30	5.3e-16	1	71	00bac0
4936	RF00005	8KD9	N	2	73	61.60	3.6e-14	1	70	00bac0
4937	RF00005	8UVR	2x	1	74	61.40	4.3e-14	1	71	00bac0
4938	RF00005	8Y2O	C	1	73	69.80	2e-16	1	71	00bac0
4939	RF00005	8YDH	6	1	74	61.40	4.3e-14	1	71	00bac0
4940	RF00005	9D0I	1x	1	74	61.40	4.3e-14	1	71	00bac0
4941	RF00005	9F9S	CP	1	73	62.40	2.3e-14	1	71	00bac0
4942	RF00005	1EUQ	B	1	69	47.20	3.2e-10	2	71	00bac0
4943	RF00005	5HR6	C	1	68	46.10	6e-10	3	68	00bac0
4944	RF00005	5IMQ	4	1	74	61.40	4.3e-14	1	71	00bac0
4945	RF00005	5LZS	3	1	72	70.00	1.8e-16	1	71	00bac0
4946	RF00005	7AZO	ESIB	1	73	68.30	5.3e-16	1	71	00bac0
4947	RF00005	7LJ3	A	1	72	56.90	7.5e-13	1	71	00bac0
4948	RF00005	7PIQ	6	1	73	69.80	2.1e-16	1	71	00bac0
4949	RF00005	7PJZ	w	1	73	71.10	9e-17	1	71	00bac0
4950	RF00005	7TOR	ETRN	1	74	61.40	4.3e-14	1	71	00bac0
4951	RF00005	7U2J	2y	1	71	71.60	6.4e-17	1	71	00bac0
4952	RF00005	8IPA	cl	1	72	54.90	2.6e-12	1	71	00bac0
4953	RF00005	9B51	AW	1	73	64.40	6.5e-15	1	71	00bac0
4954	RF00005	9DOW	C	1	73	74.10	1.4e-17	1	71	00bac0
4955	RF00005	9MTR	1x	1	71	54.00	4.6e-12	1	71	00bac0
4956	RF00005	3JCN	v	1	74	61.30	4.5e-14	1	71	00bac0
4957	RF00005	4CXH	Y	1	73	67.10	1.2e-15	1	71	00bac0
4958	RF00005	4V5C	CW	1	73	68.30	5.3e-16	1	71	00bac0
4959	RF00005	4V5F	AV	1	74	61.40	4.3e-14	1	71	00bac0
4960	RF00005	4V7P	AW	1	74	61.40	4.3e-14	1	71	00bac0
4961	RF00005	4V8E	BD	1	82	53.40	7.8e-12	1	71	00bac0
4962	RF00005	4WSM	2K	1	84	52.80	1.2e-11	1	71	00bac0
4963	RF00005	5J4B	1w	1	73	68.30	5.3e-16	1	71	00bac0
4964	RF00005	5U4I	y	1	74	61.40	4.3e-14	1	71	00bac0
4965	RF00005	6WDL	7	1	73	68.30	5.3e-16	1	71	00bac0
4966	RF00005	7KGB	y	1	74	61.40	4.3e-14	1	71	00bac0
4967	RF00005	7OIB	B	1	69	34.30	1.1e-06	1	71	00bac0
4968	RF00005	7P7U	D	1	74	64.20	7.3e-15	1	71	00bac0
4969	RF00005	7PD3	B	1	69	34.30	1.1e-06	1	71	00bac0
4970	RF00005	7QGN	A	1	73	68.40	4.8e-16	1	71	00bac0
4971	RF00005	8G2C	1y	1	73	68.30	5.3e-16	1	71	00bac0
4972	RF00005	2Z9Q	A	1	72	59.60	1.3e-13	2	71	00bac0
4973	RF00005	3EPL	F	1	69	50.50	3.9e-11	2	69	00bac0
4974	RF00005	4TUA	XV	1	74	61.40	4.3e-14	1	71	00bac0
4975	RF00005	4V63	AY	1	74	61.40	4.3e-14	1	71	00bac0
4976	RF00005	4V9A	AC	1	74	61.40	4.3e-14	1	71	00bac0
4977	RF00005	4V9M	AW	1	74	71.10	9.1e-17	1	71	00bac0
4978	RF00005	4V9R	AX	1	74	61.40	4.3e-14	1	71	00bac0
4979	RF00005	4WZD	2L	1	82	53.40	7.8e-12	1	71	00bac0
4980	RF00005	5J8B	w	1	73	68.30	5.3e-16	1	71	00bac0
4981	RF00005	6OF1	1y	1	73	64.70	5.3e-15	1	71	00bac0
4982	RF00005	7KJU	A	1	74	73.40	2.1e-17	1	71	00bac0
4983	RF00005	7SS9	5	1	74	65.80	2.7e-15	1	71	00bac0
4984	RF00005	8ANY	Ax	1	67	68.40	4.7e-16	1	71	00bac0
4985	RF00005	8CVK	1w	1	73	68.30	5.3e-16	1	71	00bac0
4986	RF00005	8URX	B	1	73	63.80	9.6e-15	1	71	00bac0
4987	RF00005	8URY	B	1	73	63.80	9.6e-15	1	71	00bac0
4988	RF00005	8Z71	t	1	72	55.60	1.6e-12	1	71	00bac0
4989	RF00005	9GUT	W	1	74	61.30	4.5e-14	1	71	00bac0
4990	RF00005	1VY4	AX	1	74	61.40	4.3e-14	1	71	00bac0
4991	RF00005	2ZM5	D	1	73	68.30	5.3e-16	1	71	00bac0
4992	RF00005	3DEG	B	1	74	61.40	4.3e-14	1	71	00bac0
4993	RF00005	3IZY	N	1	73	67.70	8e-16	1	71	00bac0
4994	RF00005	4V67	AZ	1	74	61.40	4.3e-14	1	71	00bac0
4995	RF00005	4WQ1	1K	1	82	53.40	7.8e-12	1	71	00bac0
4996	RF00005	5J4B	2x	1	74	61.40	4.3e-14	1	71	00bac0
4997	RF00005	6T83	8	1	73	65.50	3.2e-15	1	71	00bac0
4998	RF00005	7LH5	AV	1	74	61.30	4.5e-14	1	71	00bac0
4999	RF00005	7OID	B	1	69	34.30	1.1e-06	1	71	00bac0
5000	RF00005	8QFS	B	1	73	68.30	5.3e-16	1	71	00bac0
5001	RF00005	8VIO	5	1	74	61.40	4.3e-14	1	71	00bac0
5002	RF00005	8VOO	A	1	73	63.80	9.6e-15	1	71	00bac0
5003	RF00005	8VTX	2w	1	73	68.30	5.3e-16	1	71	00bac0
5004	RF00005	9GXX	Z	1	73	57.30	5.8e-13	2	71	00bac0
5005	RF00005	9HCH	B	1	68	45.70	7.8e-10	1	71	00bac0
5006	RF00005	9OFV	x	1	73	58.20	3.4e-13	1	71	00bac0
5007	RF00005	9SFQ	T	1	83	57.40	6.3e-13	1	71	00bac0
5008	RF00005	3Q1Q	C	1	83	60.30	9.6e-14	1	71	00bac0
5009	RF00005	4LEL	XV	1	74	61.40	4.3e-14	1	71	00bac0
5010	RF00005	4V4T	AW	1	73	67.70	8e-16	1	71	00bac0
5011	RF00005	4V5Z	BZ	1	70	40.40	2.4e-08	1	71	00bac0
5012	RF00005	4W2H	CY	1	73	68.30	5.3e-16	1	71	00bac0
5013	RF00005	4WRA	1L	1	82	53.40	7.8e-12	1	71	00bac0
5014	RF00005	5UQ7	z	1	73	68.30	5.3e-16	1	71	00bac0
5015	RF00005	5W4K	1w	1	73	68.30	5.3e-16	1	71	00bac0
5016	RF00005	7A5I	99	1	70	46.40	5.6e-10	1	71	00bac0
5017	RF00005	7PAJ	8	1	73	69.80	2.1e-16	1	71	00bac0
5018	RF00005	7RQ8	2y	1	73	68.30	5.3e-16	1	71	00bac0
5019	RF00005	7RQ9	2x	1	74	61.40	4.3e-14	1	71	00bac0
5020	RF00005	7UVZ	v	1	74	70.30	1.5e-16	1	71	00bac0
5021	RF00005	8CKU	Bb	1	73	67.70	8e-16	1	71	00bac0
5022	RF00005	8CVK	1y	1	73	68.30	5.3e-16	1	71	00bac0
5023	RF00005	8P2K	AT	1	73	65.10	4.2e-15	1	71	00bac0
5024	RF00005	8POT	B	1	84	57.70	5.2e-13	1	71	00bac0
5025	RF00005	8R6C	Y	1	73	73.10	2.5e-17	1	71	00bac0
5026	RF00005	8T2Y	tP	1	72	55.60	1.6e-12	1	71	00bac0
5027	RF00005	4KR3	C	1	71	61.60	3.7e-14	1	71	00bac0
5028	RF00005	4V7H	A7	1	73	67.70	8e-16	1	71	00bac0
5029	RF00005	4W2I	AW	1	73	68.30	5.3e-16	1	71	00bac0
5030	RF00005	4WRO	3K	1	73	68.30	5.3e-16	1	71	00bac0
5031	RF00005	5EL7	1L	1	73	79.20	5.2e-19	1	71	00bac0
5032	RF00005	5UYP	W	1	74	61.40	4.3e-14	1	71	00bac0
5033	RF00005	6UO1	2y	1	73	68.30	5.3e-16	1	71	00bac0
5034	RF00005	7NHN	D	1	73	60.10	1e-13	2	71	00bac0
5035	RF00005	7OF7	B	1	69	34.30	1.1e-06	1	71	00bac0
5036	RF00005	7PAJ	6	1	73	69.80	2.1e-16	1	71	00bac0
5037	RF00005	8BTR	v	1	72	57.70	4.5e-13	1	71	00bac0
5038	RF00005	8CBL	T	1	69	44.50	3.2e-09	1	71	00bac0
5039	RF00005	8CF5	Bb	1	73	67.70	8e-16	1	71	00bac0
5040	RF00005	8VTU	2x	1	74	61.40	4.3e-14	1	71	00bac0
5041	RF00005	9DRS	C	1	74	72.20	4.5e-17	1	71	00bac0
5042	RF00005	9MTP	1x	1	71	54.00	4.6e-12	1	71	00bac0
5043	RF00005	4Z8C	1x	1	74	61.40	4.3e-14	1	71	00bac0
5044	RF00005	5AH5	D	1	81	58.70	2.6e-13	1	71	00bac0
5045	RF00005	5O61	BW	1	73	68.30	5.3e-16	1	71	00bac0
5046	RF00005	5WDT	w	1	74	61.30	4.5e-14	1	71	00bac0
5047	RF00005	6H4N	w	1	74	60.90	6e-14	1	71	00bac0
5048	RF00005	6T4Q	6	1	73	62.40	2.3e-14	1	71	00bac0
5049	RF00005	7ODT	B	1	69	34.30	1.2e-06	1	71	00bac0
5050	RF00005	7PZY	10	1	73	55.60	1.7e-12	1	71	00bac0
5051	RF00005	7QGG	u	1	73	60.40	7.9e-14	1	71	00bac0
5052	RF00005	7QVP	B5	1	72	58.00	3.6e-13	1	71	00bac0
5053	RF00005	7RQ8	1y	1	73	68.30	5.3e-16	1	71	00bac0
5054	RF00005	9B0S	AT	1	74	55.10	2.4e-12	1	71	00bac0
5055	RF00005	9D0G	2y	1	73	68.30	5.3e-16	1	71	00bac0
5056	RF00005	9DFD	2w	1	73	68.30	5.3e-16	1	71	00bac0
5057	RF00005	9GFT	M	1	72	62.00	2.8e-14	1	71	00bac0
5058	RF00005	1ASY	S	1	72	56.30	1.1e-12	1	71	00bac0
5059	RF00005	1EIY	C	1	73	72.70	3.3e-17	1	71	00bac0
5060	RF00005	3A2K	C	1	74	72.90	3.1e-17	1	71	00bac0
5061	RF00005	4JXX	B	1	72	62.00	2.8e-14	1	71	00bac0
5062	RF00005	4LNT	XV	1	74	61.40	4.3e-14	1	71	00bac0
5063	RF00005	4YCP	B	1	73	64.60	5.7e-15	1	71	00bac0
5064	RF00005	5AA0	BE	1	73	68.30	5.2e-16	1	71	00bac0
5065	RF00005	5LZV	3	1	72	70.00	1.8e-16	1	71	00bac0
5066	RF00005	5NDK	V4	1	73	68.30	5.3e-16	1	71	00bac0
5067	RF00005	5U4I	x	1	74	61.40	4.3e-14	1	71	00bac0
5068	RF00005	5WIT	2w	1	73	68.30	5.3e-16	1	71	00bac0
5069	RF00005	6WDC	5	1	74	61.40	4.3e-14	1	71	00bac0
5070	RF00005	6WOO	3	1	73	63.30	1.3e-14	1	71	00bac0
5071	RF00005	6ZMO	CB	1	84	59.20	1.9e-13	1	71	00bac0
5072	RF00005	7D80	X	1	73	66.30	1.9e-15	1	71	00bac0
5073	RF00005	7U2H	2y	1	71	71.60	6.4e-17	1	71	00bac0
5074	RF00005	8FOM	QV	1	73	78.70	7.5e-19	1	71	00bac0
5075	RF00005	8HTZ	V	1	73	60.10	9.6e-14	1	71	00bac0
5076	RF00005	8R6C	5	1	74	61.40	4.3e-14	1	71	00bac0
5077	RF00005	1WZ2	C	1	85	50.60	4.5e-11	1	71	00bac0
5078	RF00005	3WFR	C	1	73	77.20	1.9e-18	1	71	00bac0
5079	RF00005	3WFS	B	1	73	77.20	1.9e-18	1	71	00bac0
5080	RF00005	4V72	A1	1	73	64.70	5.3e-15	1	71	00bac0
5081	RF00005	4W2I	CW	1	73	68.30	5.3e-16	1	71	00bac0
5082	RF00005	4WC6	B	1	73	77.20	1.9e-18	1	71	00bac0
5083	RF00005	5IB7	3K	1	73	79.20	5.2e-19	1	71	00bac0
5084	RF00005	5MDV	5	1	74	58.10	3.6e-13	1	71	00bac0
5085	RF00005	5MDZ	5	1	74	58.10	3.6e-13	1	71	00bac0
5086	RF00005	6R5Q	2	1	73	49.40	8.4e-11	1	71	00bac0
5087	RF00005	6VYX	B	1	73	63.80	9.6e-15	1	71	00bac0
5088	RF00005	7K98	F	1	74	72.20	4.5e-17	1	71	00bac0
5089	RF00005	7KA0	C	1	74	72.20	4.5e-17	1	71	00bac0
5090	RF00005	7O81	AT	1	72	53.90	4.8e-12	1	71	00bac0
5091	RF00005	7U2H	2w	1	71	71.60	6.4e-17	1	71	00bac0
5092	RF00005	8EG0	C	1	72	68.10	5.7e-16	1	70	00bac0
5093	RF00005	8JDM	C	1	73	62.80	1.8e-14	1	71	00bac0
5094	RF00005	8K2C	CC	1	72	58.00	3.6e-13	1	71	00bac0
5095	RF00005	8KD9	M	2	73	61.60	3.6e-14	1	70	00bac0
5096	RF00005	9LEM	A	389	476	50.10	3.4e-10	1	71	00bac0
5097	RF00005	2FK6	R	1	73	65.70	2.9e-15	1	71	00bac0
5098	RF00005	2MS0	B	1	71	49.50	7.3e-11	1	70	00bac0
5099	RF00005	486D	C	1	72	52.60	1e-11	1	70	00bac0
5100	RF00005	4UJC	AA	1	73	68.30	5.3e-16	1	71	00bac0
5101	RF00005	4V65	AE	1	73	67.70	8e-16	1	71	00bac0
5102	RF00005	4V6F	CC	1	73	68.30	5.3e-16	1	71	00bac0
5103	RF00005	4V7J	Aw	1	74	61.40	4.3e-14	1	71	00bac0
5104	RF00005	4V8C	DD	1	74	61.40	4.3e-14	1	71	00bac0
5105	RF00005	4WT8	D3	1	73	68.30	5.3e-16	1	71	00bac0
5106	RF00005	5MC6	m	1	73	79.20	5.2e-19	1	71	00bac0
5107	RF00005	6BY1	AY	1	73	65.90	2.5e-15	1	71	00bac0
5108	RF00005	6N9F	1x	1	74	61.40	4.3e-14	1	71	00bac0
5109	RF00005	6OJ2	XY	1	73	63.00	1.6e-14	1	71	00bac0
5110	RF00005	8EV6	2y	1	73	68.30	5.3e-16	1	71	00bac0
5111	RF00005	8HL3	AETN	1	73	68.30	5.3e-16	1	71	00bac0
5112	RF00005	8QU5	B	1	69	34.30	1.1e-06	1	71	00bac0
5113	RF00005	8RCS	Y	1	73	63.00	1.6e-14	1	71	00bac0
5114	RF00005	8XT3	L2	1	69	34.30	1.1e-06	1	71	00bac0
5115	RF00005	8ZGR	Ta	1	74	61.40	4.3e-14	1	71	00bac0
5116	RF00005	9J4N	A	1	82	57.60	5.2e-13	1	71	00bac0
5117	RF00005	1TTT	D	1	73	67.70	8e-16	1	71	00bac0
5118	RF00005	4V4R	AV	1	73	67.70	8e-16	1	71	00bac0
5119	RF00005	4V7L	CY	1	72	62.30	2.3e-14	1	71	00bac0
5120	RF00005	4V8X	AW	1	74	61.40	4.3e-14	1	71	00bac0
5121	RF00005	4Y4P	1x	1	74	61.40	4.3e-14	1	71	00bac0
5122	RF00005	5MDW	5	1	74	58.10	3.6e-13	1	71	00bac0
5123	RF00005	5NDK	X4	1	73	68.30	5.3e-16	1	71	00bac0
5124	RF00005	5UQ8	y	1	74	61.40	4.3e-14	1	71	00bac0
5125	RF00005	7OLD	5	1	72	53.90	4.9e-12	1	71	00bac0
5126	RF00005	7PIC	8	1	73	69.80	2.1e-16	1	71	00bac0
5127	RF00005	8SCB	2	1	73	55.90	1.4e-12	1	71	00bac0
5128	RF00005	8UQL	A	1	73	63.80	9.6e-15	1	71	00bac0
5129	RF00005	2NR0	F	1	84	52.80	1.2e-11	1	71	00bac0
5130	RF00005	4V9I	AV	1	74	61.40	4.3e-14	1	71	00bac0
5131	RF00005	5E81	2L	1	74	61.40	4.3e-14	1	71	00bac0
5132	RF00005	5IB8	3L	1	73	79.20	5.2e-19	1	71	00bac0
5133	RF00005	5YYN	B	1	74	68.70	4.3e-16	1	71	00bac0
5134	RF00005	6MTC	4	1	72	70.00	1.8e-16	1	71	00bac0
5135	RF00005	6OSK	5	1	73	54.90	2.6e-12	2	71	00bac0
5136	RF00005	6XHY	2y	1	73	68.30	5.3e-16	1	71	00bac0
5137	RF00005	6YS5	7	1	74	49.50	8.3e-11	1	71	00bac0
5138	RF00005	7U2I	1x	1	74	61.40	4.3e-14	1	71	00bac0
5139	RF00005	8BSJ	v	1	72	58.00	3.6e-13	1	71	00bac0
5140	RF00005	8VOS	B	1	73	63.80	9.6e-15	1	71	00bac0
5141	RF00005	3WFR	B	1	73	77.20	1.9e-18	1	71	00bac0
5142	RF00005	4V51	CY	1	73	68.30	5.3e-16	1	71	00bac0
5143	RF00005	4W2G	AW	1	73	68.30	5.3e-16	1	71	00bac0
5144	RF00005	5E6M	C	1	71	61.60	3.7e-14	1	71	00bac0
5145	RF00005	5IB8	1K	1	73	79.20	5.2e-19	1	71	00bac0
5146	RF00005	5LZD	v	1	74	61.30	4.5e-14	1	71	00bac0
5147	RF00005	5VP2	1w	1	73	68.30	5.3e-16	1	71	00bac0
5148	RF00005	6R5Q	3	1	72	70.10	1.7e-16	1	71	00bac0
5149	RF00005	6VYZ	A	1	73	63.80	9.6e-15	1	71	00bac0
5150	RF00005	7XK1	B	1	71	64.00	7.8e-15	1	71	00bac0
5151	RF00005	8G61	Pt	1	74	61.40	4.3e-14	1	71	00bac0
5152	RF00005	8UD8	1w	1	73	68.30	5.3e-16	1	71	00bac0
5153	RF00005	8WND	R	1	74	67.80	7.4e-16	1	71	00bac0
5154	RF00005	8YUS	V	1	73	60.10	9.6e-14	1	71	00bac0
5155	RF00005	9D7S	2x	1	73	68.30	5.3e-16	1	71	00bac0
5156	RF00005	1EXD	B	1	70	58.60	2.4e-13	2	71	00bac0
5157	RF00005	1IL2	C	1	72	56.30	1.1e-12	1	71	00bac0
5158	RF00005	4V5G	CY	1	73	72.70	3.3e-17	1	71	00bac0
5159	RF00005	4V7L	CW	1	72	62.00	2.8e-14	1	71	00bac0
5160	RF00005	4V8E	DB	1	82	53.40	7.8e-12	1	71	00bac0
5161	RF00005	4WJ3	S	1	73	71.30	8.3e-17	1	71	00bac0
5162	RF00005	4WT1	2L	1	74	61.40	4.3e-14	1	71	00bac0
5163	RF00005	5NDJ	V1	1	73	68.30	5.3e-16	1	71	00bac0
5164	RF00005	6OF6	QV	1	74	61.40	4.3e-14	1	71	00bac0
5165	RF00005	6T7I	7	1	72	53.90	4.9e-12	1	71	00bac0
5166	RF00005	7CPV	S6	1	72	58.00	3.6e-13	1	71	00bac0
5167	RF00005	7K9M	C	1	74	72.20	4.5e-17	1	71	00bac0
5168	RF00005	7PAN	8	1	73	69.80	2.1e-16	1	71	00bac0
5169	RF00005	7Y7H	V	1	73	62.80	1.8e-14	1	71	00bac0
5170	RF00005	8VOR	B	1	73	63.80	9.6e-15	1	71	00bac0
5171	RF00005	8VVQ	UA	1	72	48.50	1.5e-10	2	71	00bac0
5172	RF00005	9HCC	B	1	68	45.70	7.8e-10	1	71	00bac0
5173	RF00005	1QRU	B	1	72	62.00	2.8e-14	1	71	00bac0
5174	RF00005	2OM7	M	1	71	57.80	4.2e-13	1	71	00bac0
5175	RF00005	4WQY	DX	1	74	61.40	4.3e-14	1	71	00bac0
5176	RF00005	4Z3S	2w	1	73	68.30	5.3e-16	1	71	00bac0
5177	RF00005	5EL6	3L	1	73	79.20	5.2e-19	1	71	00bac0
5178	RF00005	5U9G	X	1	74	61.40	4.3e-14	1	71	00bac0
5179	RF00005	6OLI	u	1	73	60.40	7.9e-14	1	71	00bac0
5180	RF00005	6T7T	7	1	73	65.50	3.2e-15	1	71	00bac0
5181	RF00005	6WDB	7	1	73	68.30	5.3e-16	1	71	00bac0
5182	RF00005	6XHV	2x	1	74	61.40	4.3e-14	1	71	00bac0
5183	RF00005	7QI5	Ay	1	67	68.50	4.5e-16	1	71	00bac0
5184	RF00005	8CBO	T	6	74	40.60	2.4e-08	1	71	00bac0
5185	RF00005	8FR8	E	1	74	61.80	3.4e-14	1	71	00bac0
5186	RF00005	8JDL	B	1	73	62.80	1.8e-14	1	71	00bac0
5187	RF00005	8JDM	B	1	73	62.80	1.8e-14	1	71	00bac0
5188	RF00005	8VTV	2y	1	73	68.30	5.3e-16	1	71	00bac0
5189	RF00005	9V1L	sH	1	73	75.10	7.4e-18	1	71	00bac0
5190	RF00005	1YFG	A	1	72	63.60	1.1e-14	1	71	00bac0
5191	RF00005	2ZZN	D	1	72	57.60	4.8e-13	1	71	00bac0
5192	RF00005	3J7Y	B	2	70	34.30	1.2e-06	1	71	00bac0
5193	RF00005	4V5D	CY	1	73	68.30	5.4e-16	1	71	00bac0
5194	RF00005	4V77	A3	1	74	61.40	4.3e-14	1	71	00bac0
5195	RF00005	4V8F	BB	1	82	53.40	7.8e-12	1	71	00bac0
5196	RF00005	5LZX	2	1	73	55.90	1.4e-12	1	71	00bac0
5197	RF00005	5WT3	C	1	74	70.30	1.6e-16	1	71	00bac0
5198	RF00005	6HD7	B	1	74	67.70	8.1e-16	1	71	00bac0
5199	RF00005	6NDK	XV	1	74	61.40	4.3e-14	1	71	00bac0
5200	RF00005	6VYQ	A	1	73	63.80	9.6e-15	1	71	00bac0
5201	RF00005	7PAO	8	1	73	69.80	2.1e-16	1	71	00bac0
5202	RF00005	7RQ9	1x	1	74	61.40	4.3e-14	1	71	00bac0
5203	RF00005	7ZTA	PTR1	1	73	79.20	5.2e-19	1	71	00bac0
5204	RF00005	8JDK	B	1	72	58.70	2.4e-13	1	71	00bac0
5205	RF00005	8UD7	2y	1	73	68.30	5.3e-16	1	71	00bac0
5206	RF00005	3J0L	W	1	73	68.30	5.3e-16	1	71	00bac0
5207	RF00005	4V51	AY	1	73	68.30	5.3e-16	1	71	00bac0
5208	RF00005	4V5A	CV	1	73	68.30	5.3e-16	1	71	00bac0
5209	RF00005	4V5L	AW	1	73	68.30	5.3e-16	1	71	00bac0
5210	RF00005	6O97	2y	1	73	64.70	5.3e-15	1	71	00bac0
5211	RF00005	6SNT	6	1	73	62.40	2.3e-14	1	71	00bac0
5212	RF00005	6UGG	A	1	74	67.70	8.1e-16	1	71	00bac0
5213	RF00005	6WD2	5	1	74	61.40	4.3e-14	1	71	00bac0
5214	RF00005	6XHY	1x	1	74	61.40	4.3e-14	1	71	00bac0
5215	RF00005	7NSH	BB	1	70	42.90	5.2e-09	1	71	00bac0
5216	RF00005	7NWT	5	1	74	58.10	3.5e-13	1	71	00bac0
5217	RF00005	7OSA	PSIT	1	74	61.40	4.3e-14	1	71	00bac0
5218	RF00005	7SS9	6	1	74	61.40	4.3e-14	1	71	00bac0
5219	RF00005	7Y7F	V	1	72	58.70	2.4e-13	1	71	00bac0
5220	RF00005	8BTK	AT	1	72	60.90	5.9e-14	1	71	00bac0
5221	RF00005	8ZFI	Y	1	74	60.70	6.6e-14	1	71	00bac0
5222	RF00005	9AZN	AP	1	71	55.20	2.1e-12	1	71	00bac0
5223	RF00005	9BH5	DA	1	73	66.40	1.8e-15	1	71	00bac0
5224	RF00005	9ENB	D	1	72	65.20	3.9e-15	1	71	00bac0
5225	RF00005	9FS6	4	1	74	66.10	2.2e-15	1	71	00bac0
5226	RF00005	9GHH	D	1	74	61.40	4.3e-14	1	71	00bac0
5227	RF00005	1GTS	B	1	71	54.00	4.5e-12	2	71	00bac0
5228	RF00005	1ZO3	A	1	73	67.70	8e-16	1	71	00bac0
5229	RF00005	4LT8	XV	1	74	61.40	4.3e-14	1	71	00bac0
5230	RF00005	4V4T	AV	1	73	67.70	8e-16	1	71	00bac0
5231	RF00005	4V7M	CW	1	72	62.00	2.8e-14	1	71	00bac0
5232	RF00005	6CAE	2w	1	73	64.70	5.3e-15	1	71	00bac0
5233	RF00005	6ENJ	x	1	74	60.70	6.6e-14	1	71	00bac0
5234	RF00005	6WDM	6	1	74	61.40	4.3e-14	1	71	00bac0
5235	RF00005	6WNW	7	1	73	68.30	5.3e-16	1	71	00bac0
5236	RF00005	6XQE	1x	1	74	61.40	4.3e-14	1	71	00bac0
5237	RF00005	7LH5	AW	1	73	68.30	5.3e-16	1	71	00bac0
5238	RF00005	7ONU	T	39	104	49.30	1.5e-10	1	71	00bac0
5239	RF00005	9ENE	C	1	73	70.60	1.3e-16	1	71	00bac0
5240	RF00005	9HL9	S3	1	75	60.70	6.7e-14	1	71	00bac0
5241	RF00005	9O3L	2w	1	73	68.30	5.3e-16	1	71	00bac0
5242	RF00005	3B0V	B	1	73	74.30	1.2e-17	1	71	00bac0
5243	RF00005	4V42	AC	1	73	67.70	8e-16	1	71	00bac0
5244	RF00005	4V5D	CW	1	73	68.30	5.3e-16	1	71	00bac0
5245	RF00005	4V5Q	CW	1	73	68.30	5.3e-16	1	71	00bac0
5246	RF00005	4WSM	3L	1	84	52.80	1.2e-11	1	71	00bac0
5247	RF00005	5B63	B	1	74	68.70	4.3e-16	1	71	00bac0
5248	RF00005	5EL6	1K	1	73	79.20	5.2e-19	1	71	00bac0
5249	RF00005	5HCP	2x	1	74	61.40	4.3e-14	1	71	00bac0
5250	RF00005	8G6X	Y	1	73	68.30	5.3e-16	1	71	00bac0
5251	RF00005	8UQP	B	1	73	63.80	9.6e-15	1	71	00bac0
5252	RF00005	9GGR	A3	1	74	71.10	9.1e-17	1	71	00bac0
5253	RF00005	4V6L	AB	1	73	68.30	5.3e-16	1	71	00bac0
5254	RF00005	4V8J	CV	1	74	61.40	4.3e-14	1	71	00bac0
5255	RF00005	6CFJ	2w	1	73	68.30	5.3e-16	1	71	00bac0
5256	RF00005	6ZME	CC	1	72	53.90	4.9e-12	1	71	00bac0
5257	RF00005	7PAR	7	1	73	69.80	2.1e-16	1	71	00bac0
5258	RF00005	8HSP	X	1	73	74.40	1.1e-17	1	71	00bac0
5259	RF00005	8UVR	1x	1	74	61.40	4.3e-14	1	71	00bac0
5260	RF00005	9G06	a	1	70	59.20	1.7e-13	2	71	00bac0
5261	RF00005	9NO7	x	1	71	54.00	4.6e-12	1	71	00bac0
5262	RF00005	3AMT	B	1	75	72.10	5.1e-17	1	71	00bac0
5263	RF00005	4MGN	D	1	72	73.20	2.4e-17	1	71	00bac0
5264	RF00005	4V9B	CC	1	74	61.40	4.3e-14	1	71	00bac0
5265	RF00005	4WQU	BY	1	73	68.30	5.3e-16	1	71	00bac0
5266	RF00005	5LZE	v	1	74	61.30	4.5e-14	1	71	00bac0
5267	RF00005	6WDI	7	1	73	68.30	5.3e-16	1	71	00bac0
5268	RF00005	6XHV	2y	1	73	68.30	5.3e-16	1	71	00bac0
5269	RF00005	6ZVI	d	1	73	64.80	4.9e-15	1	71	00bac0
5270	RF00005	7PIA	8	1	73	69.80	2.1e-16	1	71	00bac0
5271	RF00005	7RR5	P	1	73	63.60	1e-14	1	71	00bac0
5272	RF00005	7UCJ	2	2	73	58.00	3.7e-13	1	71	00bac0
5273	RF00005	8B2L	i2	1	73	66.10	2.2e-15	1	71	00bac0
5274	RF00005	8UVS	1w	1	73	68.30	5.3e-16	1	71	00bac0
5275	RF00005	9B00	1y	1	73	68.30	5.3e-16	1	71	00bac0
5276	RF00005	9GGR	AU	1	73	63.00	1.6e-14	1	71	00bac0
5277	RF00005	9MKK	Z	1	73	57.30	5.8e-13	2	71	00bac0
5278	RF00005	1FCW	A	1	73	67.70	8e-16	1	71	00bac0
5279	RF00005	1FFY	T	1	74	67.80	7.2e-16	1	71	00bac0
5280	RF00005	3AKZ	F	1	71	64.00	8e-15	1	71	00bac0
5281	RF00005	5JBH	4	1	73	58.70	2.4e-13	2	71	00bac0
5282	RF00005	5L3P	y	1	73	72.70	3.1e-17	1	71	00bac0
5283	RF00005	6OPE	XY	1	73	68.90	3.6e-16	1	71	00bac0
5284	RF00005	6QNQ	2K	1	74	61.40	4.3e-14	1	71	00bac0
5285	RF00005	7PHA	6	1	73	69.80	2.1e-16	1	71	00bac0
5286	RF00005	7UNV	v	1	74	61.40	4.3e-14	1	71	00bac0
5287	RF00005	8AAF	x	1	73	59.70	1.2e-13	1	71	00bac0
5288	RF00005	9O3L	1w	1	73	68.30	5.3e-16	1	71	00bac0
5289	RF00005	4V8N	CW	1	75	70.70	1.2e-16	1	71	00bac0
5290	RF00005	4W2F	AX	1	74	61.40	4.3e-14	1	71	00bac0
5291	RF00005	4WJ3	T	1	73	71.30	8.3e-17	1	71	00bac0
5292	RF00005	4WOI	AX	1	73	68.30	5.3e-16	1	71	00bac0
5293	RF00005	4YZV	XV	1	74	61.40	4.3e-14	1	71	00bac0
5294	RF00005	5E81	2K	1	74	61.40	4.3e-14	1	71	00bac0
5295	RF00005	5J4C	1x	1	74	61.40	4.3e-14	1	71	00bac0
5296	RF00005	5LZC	v	1	74	61.30	4.5e-14	1	71	00bac0
5297	RF00005	6OPE	XV	1	74	61.40	4.3e-14	1	71	00bac0
5298	RF00005	6ZTP	AX	1	73	68.30	5.3e-16	1	71	00bac0
5299	RF00005	7B7D	Sn	1	72	55.60	1.6e-12	1	71	00bac0
5300	RF00005	7K52	6	1	74	61.40	4.3e-14	1	71	00bac0
5301	RF00005	7TOQ	PTRN	1	74	61.40	4.3e-14	1	71	00bac0
5302	RF00005	8FON	XV	1	73	78.70	7.5e-19	1	71	00bac0
5303	RF00005	8FZF	x	1	73	68.30	5.3e-16	1	71	00bac0
5304	RF00005	8VVS	SA	1	73	47.80	2.4e-10	1	71	00bac0
5305	RF00005	9B00	2y	1	73	68.30	5.3e-16	1	71	00bac0
5306	RF00005	9B0N	Pt	1	73	55.30	2e-12	1	71	00bac0
5307	RF00005	9BDP	TIRN	1	73	59.50	1.4e-13	1	71	00bac0
5308	RF00005	9HCG	B	1	68	45.70	7.8e-10	1	71	00bac0
5309	RF00005	3AKZ	E	1	71	64.00	8e-15	1	71	00bac0
5310	RF00005	4V5A	AV	1	73	68.30	5.3e-16	1	71	00bac0
5311	RF00005	4V5L	AY	1	73	68.60	4.6e-16	1	71	00bac0
5312	RF00005	4V7B	AV	1	74	62.70	1.9e-14	1	71	00bac0
5313	RF00005	4W2I	AX	1	74	61.40	4.3e-14	1	71	00bac0
5314	RF00005	4WQR	3K	1	73	68.30	5.3e-16	1	71	00bac0
5315	RF00005	6HCM	23	1	73	55.90	1.4e-12	1	71	00bac0
5316	RF00005	6YHS	6	1	74	49.50	8.3e-11	1	71	00bac0
5317	RF00005	7LV0	5	1	74	65.80	2.7e-15	1	71	00bac0
5318	RF00005	7OF6	B	1	69	34.30	1.1e-06	1	71	00bac0
5319	RF00005	8CVJ	1x	1	74	61.40	4.3e-14	1	71	00bac0
5320	RF00005	8URI	B	1	73	63.80	9.6e-15	1	71	00bac0
5321	RF00005	8UZG	5	1	74	54.90	2.6e-12	1	71	00bac0
5322	RF00005	8YUR	X	1	74	73.60	1.9e-17	1	71	00bac0
5323	RF00005	9O3H	1x	1	74	61.40	4.3e-14	1	71	00bac0
5324	RF00005	9V25	sJ	1	74	43.50	3.7e-09	1	71	00bac0
5325	RF00005	1OB2	B	1	73	67.70	8.1e-16	1	71	00bac0
5326	RF00005	1VTQ	A	1	72	56.30	1.1e-12	1	71	00bac0
5327	RF00005	2CT8	C	1	74	69.70	2.2e-16	1	71	00bac0
5328	RF00005	2DLC	Y	1	73	62.80	1.8e-14	1	71	00bac0
5329	RF00005	3V11	D	1	74	61.30	4.5e-14	1	71	00bac0
5330	RF00005	4V6A	CW	1	74	61.40	4.3e-14	1	71	00bac0
5331	RF00005	4WSD	2K	1	74	61.40	4.3e-14	1	71	00bac0
5332	RF00005	6B4V	IA	1	74	61.40	4.3e-14	1	71	00bac0
5333	RF00005	6X7K	B	1	73	63.80	9.6e-15	1	71	00bac0
5334	RF00005	6XGF	B	1	73	63.80	9.6e-15	1	71	00bac0
5335	RF00005	6ZMW	w	1	72	58.00	3.6e-13	1	71	00bac0
5336	RF00005	6ZSD	XB	1	69	34.30	1.2e-06	1	71	00bac0
5337	RF00005	7MT7	x	1	74	61.40	4.3e-14	1	71	00bac0
5338	RF00005	7QG8	A	1	73	68.40	4.8e-16	1	71	00bac0
5339	RF00005	7RQ8	1x	1	74	61.40	4.3e-14	1	71	00bac0
5340	RF00005	7UO0	C	6	79	71.10	9.7e-17	1	71	00bac0
5341	RF00005	8EKB	1x	1	74	61.40	4.3e-14	1	71	00bac0
5342	RF00005	8K2B	L2	1	69	34.30	1.1e-06	1	71	00bac0
5343	RF00005	8RCL	W1	1	73	68.30	5.3e-16	1	71	00bac0
5344	RF00005	8RCS	W	1	73	64.00	8.1e-15	1	71	00bac0
5345	RF00005	8RQK	U	1	72	70.00	1.8e-16	1	71	00bac0
5346	RF00005	1SER	T	1	91	57.10	7.9e-13	1	71	00bac0
5347	RF00005	3J46	p	1	73	69.10	3.3e-16	1	71	00bac0
5348	RF00005	3J5S	E	1	74	61.40	4.3e-14	1	71	00bac0
5349	RF00005	3JBU	v	1	73	57.60	4.6e-13	1	71	00bac0
5350	RF00005	4V5C	CV	1	74	61.40	4.3e-14	1	71	00bac0
5351	RF00005	4V8F	CD	1	82	53.40	7.8e-12	1	71	00bac0
5352	RF00005	4YVJ	C	1	71	64.50	6e-15	1	71	00bac0
5353	RF00005	5W4K	2x	1	74	61.40	4.3e-14	1	71	00bac0
5354	RF00005	6GSK	1K	1	73	72.70	3.4e-17	1	71	00bac0
5355	RF00005	6WD8	7	1	73	68.30	5.3e-16	1	71	00bac0
5356	RF00005	7PAL	6	1	73	69.80	2.1e-16	1	71	00bac0
5357	RF00005	7PAQ	7	1	73	69.80	2.1e-16	1	71	00bac0
5358	RF00005	8P7Y	7	1	72	60.50	7.6e-14	1	71	00bac0
5359	RF00005	8RXX	S4	1	73	68.40	5e-16	1	71	00bac0
5360	RF00005	8VUP	5	1	74	54.90	2.6e-12	1	71	00bac0
5361	RF00005	8WIB	C	1	73	63.20	1.3e-14	1	71	00bac0
5362	RF00005	8ZGY	Tb	1	74	58.90	2.1e-13	1	71	00bac0
5363	RF00005	9BUQ	S7	1	74	67.60	8.4e-16	1	71	00bac0
5364	RF00005	9ERF	T	1	65	39.70	3.4e-08	1	64	00bac0
5365	RF00005	1VVJ	QV	1	74	61.40	4.3e-14	1	71	00bac0
5366	RF00005	3JAI	3	1	72	70.00	1.8e-16	1	71	00bac0
5367	RF00005	4TZZ	H	1	68	60.30	8.3e-14	5	71	00bac0
5368	RF00005	4V6O	AB	1	73	64.60	5.7e-15	1	71	00bac0
5369	RF00005	5WT1	C	1	74	70.30	1.6e-16	1	71	00bac0
5370	RF00005	6POM	B	1	72	74.50	1.1e-17	1	71	00bac0
5371	RF00005	6VZJ	A	1	73	63.80	9.6e-15	1	71	00bac0
5372	RF00005	6XZB	f2	1	73	57.30	5.8e-13	2	71	00bac0
5373	RF00005	7K52	5	1	74	65.80	2.7e-15	1	71	00bac0
5374	RF00005	7NSQ	8	1	84	52.80	1.2e-11	1	71	00bac0
5375	RF00005	8BR8	Lu	1	72	58.00	3.6e-13	1	71	00bac0
5376	RF00005	8FZE	y	1	73	68.30	5.3e-16	1	71	00bac0
5377	RF00005	8G29	1y	1	73	68.30	5.3e-16	1	71	00bac0
5378	RF00005	8HKY	AETN	1	73	68.30	5.3e-16	1	71	00bac0
5379	RF00005	8VTU	1x	1	74	61.40	4.3e-14	1	71	00bac0
5380	RF00005	9MTS	1x	1	71	54.00	4.6e-12	1	71	00bac0
5381	RF00005	4TZV	B	1	68	60.30	8.3e-14	5	71	00bac0
5382	RF00005	4WU1	2L	1	82	53.40	7.8e-12	1	71	00bac0
5383	RF00005	4WZD	3L	1	82	53.40	7.8e-12	1	71	00bac0
5384	RF00005	4YPB	XW	1	74	61.40	4.3e-14	1	71	00bac0
5385	RF00005	5HD1	2x	1	74	61.40	4.3e-14	1	71	00bac0
5386	RF00005	5J4C	2w	1	73	68.30	5.3e-16	1	71	00bac0
5387	RF00005	5NDJ	W1	1	73	68.30	5.3e-16	1	71	00bac0
5388	RF00005	6GZ4	Bw	1	73	67.00	1.2e-15	1	71	00bac0
5389	RF00005	6TNA	A	1	73	67.70	8e-16	1	71	00bac0
5390	RF00005	6XHY	2x	1	74	61.40	4.3e-14	1	71	00bac0
5391	RF00005	7AZS	PSIB	1	73	68.30	5.3e-16	1	71	00bac0
5392	RF00005	7F36	H	1	73	69.10	3.3e-16	1	71	00bac0
5393	RF00005	7NRD	Sm	1	74	61.40	4.3e-14	1	71	00bac0
5394	RF00005	7O7Y	AT	1	73	69.80	2e-16	1	71	00bac0
5395	RF00005	8G2B	1w	1	73	68.30	5.3e-16	1	71	00bac0
5396	RF00005	8P7D	R	1	82	64.40	7e-15	1	71	00bac0
5397	RF00005	8UZ3	5	1	74	54.90	2.6e-12	1	71	00bac0
5398	RF00005	9DFD	1w	1	73	68.30	5.3e-16	1	71	00bac0
5399	RF00005	1SZ1	F	1	73	67.70	8e-16	1	71	00bac0
5400	RF00005	2DU3	D	1	71	49.10	9.5e-11	1	70	00bac0
5401	RF00005	3EQ3	Y	1	72	59.60	1.3e-13	2	71	00bac0
5402	RF00005	4V8U	AV	1	73	68.30	5.3e-16	1	71	00bac0
5403	RF00005	6OSI	QV	1	74	60.70	6.6e-14	1	71	00bac0
5404	RF00005	6OTR	XV	1	74	61.40	4.3e-14	1	71	00bac0
5405	RF00005	7NHL	D	1	73	60.10	9.8e-14	2	71	00bac0
5406	RF00005	7RQ8	2w	1	73	68.30	5.3e-16	1	71	00bac0
5407	RF00005	7SSW	5	1	74	65.80	2.7e-15	1	71	00bac0
5408	RF00005	7UNW	v	1	74	61.40	4.3e-14	1	71	00bac0
5409	RF00005	8YDI	5	1	73	68.30	5.3e-16	1	71	00bac0
5410	RF00005	8YUQ	X	1	74	73.60	1.9e-17	1	71	00bac0
5411	RF00005	9GHF	Z	1	74	61.40	4.3e-14	1	71	00bac0
5412	RF00005	9MQ4	5	1	74	61.40	4.3e-14	1	71	00bac0
5413	RF00005	1OB5	F	1	73	67.70	8.2e-16	1	71	00bac0
5414	RF00005	2D6F	F	1	72	59.20	1.7e-13	1	71	00bac0
5415	RF00005	4V7E	Ae	1	72	56.30	1.1e-12	1	71	00bac0
5416	RF00005	4V7L	AW	1	72	62.00	2.8e-14	1	71	00bac0
5417	RF00005	4V8X	CV	1	74	61.40	4.3e-14	1	71	00bac0
5418	RF00005	5J4C	1y	1	73	68.30	5.3e-16	1	71	00bac0
5419	RF00005	5W4K	2w	1	73	68.30	5.3e-16	1	71	00bac0
5420	RF00005	6GB2	BB	1	70	42.90	5.2e-09	1	71	00bac0
5421	RF00005	6O97	2x	1	74	61.40	4.3e-14	1	71	00bac0
5422	RF00005	6SV4	nc	1	73	64.80	4.9e-15	1	71	00bac0
5423	RF00005	6WDJ	6	1	74	61.40	4.3e-14	1	71	00bac0
5424	RF00005	6YDW	AA	1031	1098	31.80	0.0013	1	71	00bac0
5425	RF00005	6YDW	AA	11561	11629	46.20	1.4e-07	1	71	00bac0
5426	RF00005	6YDW	AA	11689	11758	41.00	3.7e-06	1	71	00bac0
5427	RF00005	6YDW	AA	1	70	42.90	1.1e-06	1	71	00bac0
5428	RF00005	6YDW	AA	2669	2743	53.00	1.9e-09	1	71	00bac0
5429	RF00005	6YDW	AA	3701	3769	53.20	1.6e-09	1	71	00bac0
5430	RF00005	6YDW	AA	3841	3910	36.80	5.4e-05	1	71	00bac0
5431	RF00005	6YDW	AA	9408	9476	50.30	1e-08	1	71	00bac0
5432	RF00005	6YDW	AA	9824	9892	44.70	3.5e-07	1	71	00bac0
5433	RF00005	7A5F	B3	1	69	34.30	1.1e-06	1	71	00bac0
5434	RF00005	7A5K	B3	2	70	34.30	1.2e-06	1	71	00bac0
5435	RF00005	7K54	5	1	74	65.80	2.7e-15	1	71	00bac0
5436	RF00005	7KJT	A	1	74	73.40	2.1e-17	1	71	00bac0
5437	RF00005	7PJY	w	1	73	71.10	9e-17	1	71	00bac0
5438	RF00005	8G7Q	y	1	73	73.10	2.5e-17	1	71	00bac0
5439	RF00005	8Z1F	T	1	66	49.30	1e-10	1	71	00bac0
5440	RF00005	9V26	sJ	1	74	40.70	2.2e-08	1	71	00bac0
5441	RF00005	4V49	AV	1	73	67.70	8e-16	1	71	00bac0
5442	RF00005	4Z8C	2x	1	74	61.40	4.3e-14	1	71	00bac0
5443	RF00005	5EL5	1L	1	73	79.20	5.2e-19	1	71	00bac0
5444	RF00005	6I7O	nb	1	73	64.80	4.9e-15	1	71	00bac0
5445	RF00005	6VMI	B	2	70	34.30	1.2e-06	1	71	00bac0
5446	RF00005	6WDM	5	1	74	61.40	4.3e-14	1	71	00bac0
5447	RF00005	6ZM6	w	1	65	38.70	6.7e-08	1	71	00bac0
5448	RF00005	7A5G	j	1	73	55.90	1.4e-12	1	71	00bac0
5449	RF00005	7NSI	BB	1	70	42.90	5.2e-09	1	71	00bac0
5450	RF00005	8EIU	Y	1	73	57.30	5.7e-13	2	71	00bac0
5451	RF00005	8H1C	D	1	71	64.00	7.8e-15	1	71	00bac0
5452	RF00005	8PHJ	7	1	74	61.30	4.5e-14	1	71	00bac0
5453	RF00005	8QBT	5	1	74	65.80	2.7e-15	1	71	00bac0
5454	RF00005	9NLB	T	1	74	55.00	2.5e-12	1	71	00bac0
5455	RF00005	1J2B	D	1	74	69.30	2.9e-16	1	71	00bac0
5456	RF00005	1O0B	B	1	72	62.00	2.8e-14	1	71	00bac0
5457	RF00005	4V87	BD	1	74	61.40	4.3e-14	1	71	00bac0
5458	RF00005	4W2F	CY	1	73	68.30	5.3e-16	1	71	00bac0
5459	RF00005	4WSD	3L	1	73	68.30	5.3e-16	1	71	00bac0
5460	RF00005	5AXN	P	1	72	62.20	2.6e-14	2	71	00bac0
5461	RF00005	5EL5	2K	1	74	61.40	4.3e-14	1	71	00bac0
5462	RF00005	5EL7	3K	1	73	79.20	5.2e-19	1	71	00bac0
5463	RF00005	5WE4	v	1	74	61.30	4.5e-14	1	71	00bac0
5464	RF00005	5WIS	1y	1	73	68.30	5.3e-16	1	71	00bac0
5465	RF00005	6OJ2	QW	1	73	65.10	4e-15	1	71	00bac0
5466	RF00005	6YS3	v	1	72	64.90	4.7e-15	1	71	00bac0
5467	RF00005	7PHB	6	1	73	69.80	2.1e-16	1	71	00bac0
5468	RF00005	7Q4K	D3	1	73	68.30	5.3e-16	1	71	00bac0
5469	RF00005	8VVP	TA	1	73	69.40	2.7e-16	1	71	00bac0
5470	RF00005	9CG6	Z	1	72	57.90	3.9e-13	2	71	00bac0
5471	RF00005	1FIR	A	1	73	74.10	1.4e-17	1	71	00bac0
5472	RF00005	2FMT	C	1	74	61.30	4.5e-14	1	71	00bac0
5473	RF00005	4V7K	Bv	1	74	61.40	4.3e-14	1	71	00bac0
5474	RF00005	5CCB	N	2	74	74.10	1.4e-17	1	71	00bac0
5475	RF00005	6BU8	X	1	74	61.40	4.3e-14	1	71	00bac0
5476	RF00005	6ND5	2x	1	74	61.40	4.3e-14	1	71	00bac0
5477	RF00005	8AGT	y	1	73	58.20	3.4e-13	1	71	00bac0
5478	RF00005	8B7Y	n	1	73	57.30	5.8e-13	2	71	00bac0
5479	RF00005	8G6W	Z	1	74	58.40	2.8e-13	1	71	00bac0
5480	RF00005	8G7Q	x	1	74	61.40	4.3e-14	1	71	00bac0
5481	RF00005	9B0S	aP	1	71	55.20	2.1e-12	1	71	00bac0
5482	RF00005	9BUQ	S9	1	73	63.80	9.6e-15	1	71	00bac0
5483	RF00005	9LEM	B	389	476	50.10	3.4e-10	1	71	00bac0
5484	RF00005	9SDF	T	1	83	59.00	2.3e-13	1	71	00bac0
5485	RF00005	4P70	QV	1	74	61.40	4.3e-14	1	71	00bac0
5486	RF00005	4V5P	CW	1	73	68.30	5.3e-16	1	71	00bac0
5487	RF00005	5JTE	AX	1	74	67.70	8.1e-16	1	71	00bac0
5488	RF00005	5LZU	2	1	73	55.90	1.4e-12	1	71	00bac0
5489	RF00005	5M1J	A3	1	73	67.70	8e-16	1	71	00bac0
5490	RF00005	5MGP	x	1	74	60.70	6.6e-14	1	71	00bac0
5491	RF00005	6Q95	7	1	74	61.40	4.3e-14	1	71	00bac0
5492	RF00005	6WDE	6	1	74	61.40	4.3e-14	1	71	00bac0
5493	RF00005	6YSR	w	1	73	71.10	9e-17	1	71	00bac0
5494	RF00005	7D6Z	4	1	73	79.20	5.2e-19	1	71	00bac0
5495	RF00005	7LH5	CY	1	73	68.30	5.3e-16	1	71	00bac0
5496	RF00005	8BUU	V	1	74	66.90	1.3e-15	1	71	00bac0
5497	RF00005	8CF5	Cc	1	74	61.40	4.3e-14	1	71	00bac0
5498	RF00005	8G4S	h	1	73	67.70	8.1e-16	1	71	00bac0
5499	RF00005	8P6P	8	1	73	71.20	8.6e-17	1	71	00bac0
5500	RF00005	8RR3	T	1	72	35.50	7.2e-07	1	71	00bac0
5501	RF00005	8VTV	2x	1	74	61.40	4.3e-14	1	71	00bac0
5502	RF00005	4LFZ	XV	1	74	61.40	4.3e-14	1	71	00bac0
5503	RF00005	4V65	AA	1	73	67.70	8e-16	1	71	00bac0
5504	RF00005	4V8B	CC	1	74	61.40	4.3e-14	1	71	00bac0
5505	RF00005	5IQR	5	1	74	58.10	3.6e-13	1	71	00bac0
5506	RF00005	5UYL	W	1	74	61.40	4.3e-14	1	71	00bac0
5507	RF00005	6CAE	1x	1	74	61.40	4.3e-14	1	71	00bac0
5508	RF00005	6OLE	v	2	73	37.00	2.3e-07	1	71	00bac0
5509	RF00005	6ORD	XV	1	74	61.40	4.3e-14	1	71	00bac0
5510	RF00005	6ORE	5	1	73	54.90	2.6e-12	2	71	00bac0
5511	RF00005	6ZTJ	AX	1	73	68.30	5.3e-16	1	71	00bac0
5512	RF00005	7CHD	J	1	74	61.30	4.5e-14	1	71	00bac0
5513	RF00005	7Y7F	Z	1	74	61.30	4.5e-14	1	71	00bac0
5514	RF00005	8CDL	Bb	1	73	67.70	8e-16	1	71	00bac0
5515	RF00005	9BDL	ETRN	1	74	61.40	4.3e-14	1	71	00bac0
5516	RF00005	9D0I	1w	1	73	68.30	5.3e-16	1	71	00bac0
5517	RF00005	9RTU	w	1	73	71.10	9e-17	1	71	00bac0
5518	RF00005	4TUA	QV	1	74	61.40	4.3e-14	1	71	00bac0
5519	RF00005	4V42	AB	1	73	67.70	8e-16	1	71	00bac0
5520	RF00005	4V4P	BB	1	73	67.70	8e-16	1	71	00bac0
5521	RF00005	4W2I	CX	1	74	61.40	4.3e-14	1	71	00bac0
5522	RF00005	4WRA	1K	1	82	53.40	7.8e-12	1	71	00bac0
5523	RF00005	4WRA	2K	1	74	61.40	4.3e-14	1	71	00bac0
5524	RF00005	5AJ0	Bw	1	73	68.30	5.3e-16	1	71	00bac0
5525	RF00005	5IB7	2K	1	74	61.40	4.3e-14	1	71	00bac0
5526	RF00005	5UYK	W	1	74	61.40	4.3e-14	1	71	00bac0
5527	RF00005	5VPP	QV	1	75	52.70	1.1e-11	1	71	00bac0
5528	RF00005	6OSQ	5	1	73	54.90	2.6e-12	2	71	00bac0
5529	RF00005	6WD9	5	1	74	61.40	4.3e-14	1	71	00bac0
5530	RF00005	7NHK	D	1	74	64.20	7.3e-15	1	71	00bac0
5531	RF00005	7RQ8	1w	1	73	68.30	5.3e-16	1	71	00bac0
5532	RF00005	8G2D	1w	1	73	68.30	5.3e-16	1	71	00bac0
5533	RF00005	8P7X	7	1	72	60.50	7.6e-14	1	71	00bac0
5534	RF00005	8QPP	U	1	74	71.70	6.4e-17	1	71	00bac0
5535	RF00005	9H0L	V	1	73	57.30	5.8e-13	2	71	00bac0
5536	RF00005	9O3H	1w	1	73	79.20	5.2e-19	1	71	00bac0
5537	RF00005	2V0G	F	1	80	60.30	9.6e-14	1	71	00bac0
5538	RF00005	4V4W	AV	1	73	67.70	8e-16	1	71	00bac0
5539	RF00005	4V5E	CW	1	73	68.30	5.3e-16	1	71	00bac0
5540	RF00005	4V5F	CW	1	74	61.40	4.3e-14	1	71	00bac0
5541	RF00005	4V8Q	BW	1	74	61.40	4.3e-14	1	71	00bac0
5542	RF00005	4ZER	2x	1	73	57.30	5.8e-13	2	71	00bac0
5543	RF00005	6D90	3	1	84	52.80	1.2e-11	1	71	00bac0
5544	RF00005	6IP8	zy	1	72	53.90	4.8e-12	1	71	00bac0
5545	RF00005	7A5J	x	1	70	46.40	5.6e-10	1	71	00bac0
5546	RF00005	7AZS	ESIA	1	73	68.30	5.3e-16	1	71	00bac0
5547	RF00005	7ZAG	4	1	74	66.10	2.2e-15	1	71	00bac0
5548	RF00005	8AKN	X	1	73	68.30	5.3e-16	1	71	00bac0
5549	RF00005	8CVK	2w	1	73	68.30	5.3e-16	1	71	00bac0
5550	RF00005	8EV6	2w	1	73	68.30	5.3e-16	1	71	00bac0
5551	RF00005	8VOP	A	1	73	63.80	9.6e-15	1	71	00bac0
5552	RF00005	8YDG	5	1	73	68.30	5.3e-16	1	71	00bac0
5553	RF00005	3KFU	M	1	73	72.50	3.8e-17	1	71	00bac0
5554	RF00005	4V6Y	A1	1	73	64.70	5.3e-15	1	71	00bac0
5555	RF00005	4V9N	AW	1	74	61.40	4.3e-14	1	71	00bac0
5556	RF00005	5UYP	Y	1	73	79.20	5.2e-19	1	71	00bac0
5557	RF00005	6CFJ	1w	1	73	68.30	5.3e-16	1	71	00bac0
5558	RF00005	6HD7	A	1	73	79.20	5.2e-19	1	71	00bac0
5559	RF00005	6I7O	mb	1	74	61.40	4.3e-14	1	71	00bac0
5560	RF00005	7B5K	z	1	73	61.80	3.2e-14	1	71	00bac0
5561	RF00005	8G2A	2y	1	73	68.30	5.3e-16	1	71	00bac0
5562	RF00005	8P8W	6	1	73	65.50	3.2e-15	1	71	00bac0
5563	RF00005	8VVS	UA	1	72	50.80	3.5e-11	2	71	00bac0
5564	RF00005	9BDN	ETRN	1	74	61.40	4.3e-14	1	71	00bac0
5565	RF00005	9EVS	5	1	73	57.30	5.8e-13	2	71	00bac0
5566	RF00005	1U0B	A	1	71	54.00	4.6e-12	1	71	00bac0
5567	RF00005	4KZZ	j	1	72	58.00	3.6e-13	1	71	00bac0
5568	RF00005	4V66	AP	1	73	67.70	8e-16	1	71	00bac0
5569	RF00005	4V6R	AD	1	74	61.30	4.5e-14	1	71	00bac0
5570	RF00005	6BZ6	QV	1	74	61.40	4.3e-14	1	71	00bac0
5571	RF00005	6LVR	D	1	73	67.70	8e-16	1	71	00bac0
5572	RF00005	6Y69	w	1	74	60.90	6e-14	1	71	00bac0
5573	RF00005	6YAN	1	1	72	58.00	3.6e-13	1	71	00bac0
5574	RF00005	6Z6L	CC	1	72	53.90	4.9e-12	1	71	00bac0
5575	RF00005	6ZSB	XB	1	69	34.30	1.2e-06	1	71	00bac0
5576	RF00005	7N2C	Dt	1	73	62.60	2.1e-14	1	71	00bac0
5577	RF00005	8AKN	Z	1	73	74.70	9.6e-18	1	71	00bac0
5578	RF00005	8B0X	Z	1	74	59.70	1.3e-13	1	71	00bac0
5579	RF00005	8CIV	Cc	1	74	61.40	4.3e-14	1	71	00bac0
5580	RF00005	8HU1	V	1	73	60.10	9.6e-14	1	71	00bac0
5581	RF00005	8YUR	V	1	73	60.10	9.6e-14	1	71	00bac0
5582	RF00005	9O3L	1x	1	74	61.40	4.3e-14	1	71	00bac0
5583	RF00005	3JCE	8	1	74	61.40	4.3e-14	1	71	00bac0
5584	RF00005	5HC9	C	1	73	77.20	1.9e-18	1	71	00bac0
5585	RF00005	5J8B	x	1	74	61.40	4.3e-14	1	71	00bac0
5586	RF00005	5VP2	2y	1	73	68.30	5.3e-16	1	71	00bac0
5587	RF00005	6WDD	6	1	74	61.40	4.3e-14	1	71	00bac0
5588	RF00005	6XHV	1y	1	73	68.30	5.3e-16	1	71	00bac0
5589	RF00005	6YSI	6	1	74	49.50	8.3e-11	1	71	00bac0
5590	RF00005	7PIA	7	1	73	69.80	2.1e-16	1	71	00bac0
5591	RF00005	8BHN	4	1	74	61.40	4.3e-14	1	71	00bac0
5592	RF00005	8UAU	R	1	73	71.90	5.6e-17	1	71	00bac0
5593	RF00005	8XSY	CC	1	72	58.00	3.6e-13	1	71	00bac0
5594	RF00005	3AKZ	H	1	71	64.00	8e-15	1	71	00bac0
5595	RF00005	4V6A	AW	1	74	61.40	4.3e-14	1	71	00bac0
5596	RF00005	4V9B	CD	1	74	61.40	4.3e-14	1	71	00bac0
5597	RF00005	4V9S	AX	1	74	61.40	4.3e-14	1	71	00bac0
5598	RF00005	5UYM	Y	1	73	68.30	5.3e-16	1	71	00bac0
5599	RF00005	6BOH	IA	1	74	61.40	4.3e-14	1	71	00bac0
5600	RF00005	6O97	2w	1	73	64.70	5.3e-15	1	71	00bac0
5601	RF00005	6UGG	B	1	74	67.70	8.1e-16	1	71	00bac0
5602	RF00005	7OI8	B	1	69	34.30	1.1e-06	1	71	00bac0
5603	RF00005	8UTJ	5	1	74	54.90	2.6e-12	1	71	00bac0
5604	RF00005	8XT2	L2	1	69	34.30	1.1e-06	1	71	00bac0
5605	RF00005	9GHD	Z	1	74	61.40	4.3e-14	1	71	00bac0
5606	RF00005	9O3H	1y	1	73	79.20	5.2e-19	1	71	00bac0
5607	RF00005	9V26	sI	1	73	70.60	1.3e-16	1	71	00bac0
5608	RF00005	4MGN	B	1	72	73.20	2.4e-17	1	71	00bac0
5609	RF00005	4V5R	AW	1	73	68.30	5.3e-16	1	71	00bac0
5610	RF00005	5CCX	N	2	74	74.10	1.4e-17	1	71	00bac0
5611	RF00005	5E81	1K	1	73	79.20	5.2e-19	1	71	00bac0
5612	RF00005	5E81	3L	1	73	79.20	5.2e-19	1	71	00bac0
5613	RF00005	6GSK	3L	1	73	74.60	9.7e-18	1	71	00bac0
5614	RF00005	7LH5	CW	1	73	68.30	5.3e-16	1	71	00bac0
5615	RF00005	7YSE	F	1	73	69.10	3.3e-16	1	71	00bac0
5616	RF00005	8GLP	Pt	1	74	61.40	4.3e-14	1	71	00bac0
5617	RF00005	8P7Y	6	1	73	65.50	3.2e-15	1	71	00bac0
5618	RF00005	9GFT	A3	1	74	71.10	9.1e-17	1	71	00bac0
5619	RF00005	9N9J	u3	1	73	60.40	7.9e-14	1	71	00bac0
5620	RF00005	1QZA	B	1	73	67.70	7.9e-16	1	71	00bac0
5621	RF00005	5DFE	XV	1	74	61.40	4.3e-14	1	71	00bac0
5622	RF00005	5LZZ	3	1	72	70.00	1.8e-16	1	71	00bac0
5623	RF00005	5MRF	bb	1	73	71.70	6.4e-17	1	71	00bac0
5624	RF00005	5WE6	v	1	74	61.30	4.5e-14	1	71	00bac0
5625	RF00005	5WWS	C	1	72	68.70	4.1e-16	1	71	00bac0
5626	RF00005	7AZO	ASIB	1	73	68.30	5.3e-16	1	71	00bac0
5627	RF00005	7B7D	Sm	1	72	55.60	1.6e-12	1	71	00bac0
5628	RF00005	7JQM	1x	1	74	61.40	4.3e-14	1	71	00bac0
5629	RF00005	7N2V	Pt	1	73	79.20	7.3e-19	1	71	00bac0
5630	RF00005	9AXV	Sm	1	74	61.40	4.3e-14	1	71	00bac0
5631	RF00005	4V68	AW	1	73	68.30	5.3e-16	1	71	00bac0
5632	RF00005	4W2G	CX	1	74	61.40	4.3e-14	1	71	00bac0
5633	RF00005	4WT8	DV	1	53	31.10	6.8e-06	1	71	00bac0
5634	RF00005	5EL7	1K	1	73	79.20	5.2e-19	1	71	00bac0
5635	RF00005	5L3P	x	1	74	61.30	4.5e-14	1	71	00bac0
5636	RF00005	7LS1	n2	1	72	58.00	3.6e-13	1	71	00bac0
5637	RF00005	7MDZ	2	1	73	68.30	5.3e-16	1	71	00bac0
5638	RF00005	7U2J	1w	1	71	71.60	6.4e-17	1	71	00bac0
5639	RF00005	7ZP8	v	1	74	60.70	6.6e-14	1	71	00bac0
5640	RF00005	8JDK	C	1	72	58.70	2.4e-13	1	71	00bac0
5641	RF00005	8PVA	Z	1	73	57.30	5.8e-13	2	71	00bac0
5642	RF00005	8QHC	B	1	73	68.30	5.3e-16	1	71	00bac0
5643	RF00005	8UJ9	Pt	1	73	55.30	2e-12	1	71	00bac0
5644	RF00005	8UVR	1y	1	73	68.30	5.3e-16	1	71	00bac0
5645	RF00005	4V95	AV	1	74	61.40	4.3e-14	1	71	00bac0
5646	RF00005	4WR6	1L	1	82	53.40	7.8e-12	1	71	00bac0
5647	RF00005	5E7K	3L	1	73	79.20	5.2e-19	1	71	00bac0
5648	RF00005	5IB7	2L	1	74	61.40	4.3e-14	1	71	00bac0
5649	RF00005	5NDK	V1	1	73	68.30	5.3e-16	1	71	00bac0
5650	RF00005	5UYK	Y	1	73	68.30	5.3e-16	1	71	00bac0
5651	RF00005	6OM0	v	2	73	37.00	2.3e-07	1	71	00bac0
5652	RF00005	6R87	B	1	73	58.20	3.4e-13	1	71	00bac0
5653	RF00005	6UFH	B	1	74	73.40	2.1e-17	1	71	00bac0
5654	RF00005	6XHW	2w	1	73	68.30	5.3e-16	1	71	00bac0
5655	RF00005	6XHY	1y	1	73	68.30	5.3e-16	1	71	00bac0
5656	RF00005	7A5F	C	1	70	46.40	5.6e-10	1	71	00bac0
5657	RF00005	7PJV	v	1	74	61.30	4.5e-14	1	71	00bac0
5658	RF00005	7QV2	x	1	74	71.70	6.4e-17	1	71	00bac0
5659	RF00005	8CVJ	2w	1	73	68.30	5.3e-16	1	71	00bac0
5660	RF00005	8OIN	B9	1	70	42.90	5.2e-09	1	71	00bac0
5661	RF00005	8R8M	Z	1	82	59.40	1.7e-13	1	71	00bac0
5662	RF00005	8XT1	L2	1	69	34.30	1.1e-06	1	71	00bac0
5663	RF00005	9B0R	Et	1	72	70.00	1.8e-16	1	71	00bac0
5664	RF00005	9D0G	1y	1	73	68.30	5.3e-16	1	71	00bac0
5665	RF00005	9D0H	1w	1	73	68.30	5.3e-16	1	71	00bac0
5666	RF00005	9DFC	1y	1	73	68.30	5.3e-16	1	71	00bac0
5667	RF00005	9DRT	C	1	74	72.20	4.5e-17	1	71	00bac0
5668	RF00005	3WQZ	C	1	72	74.10	1.4e-17	1	71	00bac0
5669	RF00005	4V6S	BC	1	74	61.30	4.5e-14	1	71	00bac0
5670	RF00005	5CD1	M	2	74	74.10	1.4e-17	1	71	00bac0
5671	RF00005	5E6M	E	1	71	61.60	3.7e-14	1	71	00bac0
5672	RF00005	5E81	3K	1	73	79.20	5.2e-19	1	71	00bac0
5673	RF00005	5U9G	W	1	74	61.40	4.3e-14	1	71	00bac0
5674	RF00005	6BZ8	QW	1	74	61.40	4.3e-14	1	71	00bac0
5675	RF00005	6GSL	1K	1	74	68.70	4.2e-16	1	71	00bac0
5676	RF00005	6O97	1w	1	73	64.70	5.3e-15	1	71	00bac0
5677	RF00005	6UO1	2w	1	73	68.30	5.3e-16	1	71	00bac0
5678	RF00005	6VYX	A	1	73	63.80	9.6e-15	1	71	00bac0
5679	RF00005	6ZM6	B	1	69	34.30	1.2e-06	1	71	00bac0
5680	RF00005	7OIA	z	2	70	32.60	3.5e-06	1	71	00bac0
5681	RF00005	7Y7E	Z	1	74	61.30	4.5e-14	1	71	00bac0
5682	RF00005	8EV6	1w	1	73	68.30	5.3e-16	1	71	00bac0
5683	RF00005	8RJC	q	1	73	55.90	1.4e-12	1	71	00bac0
5684	RF00005	8VWQ	5	1	74	54.90	2.6e-12	1	71	00bac0
5685	RF00005	9DRS	F	1	74	72.20	4.5e-17	1	71	00bac0
5686	RF00005	9HN9	C	3	90	60.40	1e-13	1	71	00bac0
5687	RF00005	4LNT	QV	1	74	61.40	4.3e-14	1	71	00bac0
5688	RF00005	4V69	AV	1	74	61.40	4.3e-14	1	71	00bac0
5689	RF00005	5LZW	3	1	72	70.00	1.8e-16	1	71	00bac0
5690	RF00005	6OPE	QV	1	74	61.40	4.3e-14	1	71	00bac0
5691	RF00005	6SGC	23	1	73	69.20	3e-16	1	71	00bac0
5692	RF00005	6XZ7	f	1	73	57.30	5.8e-13	2	71	00bac0
5693	RF00005	7PAK	7	1	73	69.80	2.1e-16	1	71	00bac0
5694	RF00005	7SYW	i	1	72	58.00	3.6e-13	1	71	00bac0
5695	RF00005	8UVS	1y	1	73	68.30	5.3e-16	1	71	00bac0
5696	RF00005	8VVQ	TA	1	73	69.40	2.7e-16	1	71	00bac0
5697	RF00005	8Y5M	6	1	74	61.40	4.3e-14	1	71	00bac0
5698	RF00005	9GUS	W	1	74	61.30	4.5e-14	1	71	00bac0
5699	RF00005	9MTS	2x	1	71	54.00	4.6e-12	1	71	00bac0
5700	RF00005	1FCW	D	1	73	67.70	8e-16	1	71	00bac0
5701	RF00005	2ZXU	D	1	73	68.30	5.3e-16	1	71	00bac0
5702	RF00005	4TZP	B	1	68	60.30	8.3e-14	5	71	00bac0
5703	RF00005	4V6X	BC	1	72	58.00	3.6e-13	1	71	00bac0
5704	RF00005	5DOY	1w	1	73	68.30	5.3e-16	1	71	00bac0
5705	RF00005	5KPV	30	1	73	68.30	5.3e-16	1	71	00bac0
5706	RF00005	6CAE	2x	1	74	61.40	4.3e-14	1	71	00bac0
5707	RF00005	6GQV	AY	1	73	67.70	8e-16	1	71	00bac0
5708	RF00005	6WB1	D	1	73	74.10	1.5e-17	1	71	00bac0
5709	RF00005	6ZTP	AW	1	74	61.30	4.5e-14	1	71	00bac0
5710	RF00005	7LS2	n2	1	72	58.00	3.6e-13	1	71	00bac0
5711	RF00005	7N2U	Pt	1	73	79.20	5.2e-19	1	71	00bac0
5712	RF00005	7NSP	v	1	74	67.10	1.2e-15	1	71	00bac0
5713	RF00005	7O9M	B	1	69	34.30	1.1e-06	1	71	00bac0
5714	RF00005	7PAL	7	1	73	69.80	2.1e-16	1	71	00bac0
5715	RF00005	7QGH	u	1	73	68.40	4.8e-16	1	71	00bac0
5716	RF00005	7SYX	i	1	72	58.00	3.6e-13	1	71	00bac0
5717	RF00005	8IP8	cl	1	72	54.90	2.6e-12	1	71	00bac0
5718	RF00005	8RCL	Y2	1	73	63.00	1.6e-14	1	71	00bac0
5719	RF00005	8VVR	TA	1	73	69.40	2.7e-16	1	71	00bac0
5720	RF00005	8YDJ	5	1	73	68.30	5.3e-16	1	71	00bac0
5721	RF00005	9BUU	S7	1	73	63.80	9.6e-15	1	71	00bac0
5722	RF00005	9C3I	A	1	83	65.00	4.8e-15	1	71	00bac0
5723	RF00005	1VY7	CX	1	74	61.40	4.3e-14	1	71	00bac0
5724	RF00005	2DU5	D	1	71	49.60	6.9e-11	1	70	00bac0
5725	RF00005	6GZ5	Bw	1	73	67.00	1.2e-15	1	71	00bac0
5726	RF00005	6WDG	7	1	73	68.30	5.3e-16	1	71	00bac0
5727	RF00005	7U2J	1x	1	74	61.40	4.3e-14	1	71	00bac0
5728	RF00005	7ZKI	4	1	74	66.10	2.2e-15	1	71	00bac0
5729	RF00005	9B51	AY	1	73	64.40	6.5e-15	1	71	00bac0
5730	RF00005	9GXX	Y	1	90	56.80	9.8e-13	1	71	00bac0
5731	RF00005	9NLS	T	1	74	58.10	3.5e-13	1	71	00bac0
5732	RF00005	9WNQ	Z	1	74	60.70	6.6e-14	1	71	00bac0
5733	RF00005	1OB5	B	1	73	67.70	8.2e-16	1	71	00bac0
5734	RF00005	4LSK	XV	1	74	61.40	4.3e-14	1	71	00bac0
5735	RF00005	4V51	CV	1	74	61.40	4.3e-14	1	71	00bac0
5736	RF00005	4V6Q	AB	1	73	64.60	5.7e-15	1	71	00bac0
5737	RF00005	4WJ4	B	1	73	71.30	8.3e-17	1	71	00bac0
5738	RF00005	4WT1	2K	1	74	61.40	4.3e-14	1	71	00bac0
5739	RF00005	5AJ0	Bv	1	73	68.30	5.3e-16	1	71	00bac0
5740	RF00005	5NDJ	V4	1	73	68.30	5.3e-16	1	71	00bac0
5741	RF00005	5ZEU	v	1	74	61.30	4.5e-14	1	71	00bac0
5742	RF00005	6SV4	mc	1	74	61.40	4.3e-14	1	71	00bac0
5743	RF00005	7JT3	5	1	74	61.40	4.3e-14	1	71	00bac0
5744	RF00005	8G7P	y	1	73	73.10	2.5e-17	1	71	00bac0
5745	RF00005	8HTZ	X	1	75	69.50	2.6e-16	1	71	00bac0
5746	RF00005	8KDA	P	2	73	61.60	3.6e-14	1	70	00bac0
5747	RF00005	8OGJ	10	1	73	55.60	1.7e-12	1	71	00bac0
5748	RF00005	8OIT	B9	1	69	34.30	1.2e-06	1	71	00bac0
5749	RF00005	9NLH	T	1	74	58.10	3.6e-13	1	71	00bac0
5750	RF00005	9O3J	1x	1	74	61.40	4.3e-14	1	71	00bac0
5751	RF00005	9O3L	2y	1	73	68.30	5.3e-16	1	71	00bac0
5752	RF00005	1IL2	D	1	72	56.30	1.1e-12	1	71	00bac0
5753	RF00005	2DEU	D	1	73	60.10	9.6e-14	1	71	00bac0
5754	RF00005	2TRA	A	1	72	56.30	1.1e-12	1	71	00bac0
5755	RF00005	3B0V	A	1	73	74.30	1.2e-17	1	71	00bac0
5756	RF00005	3EPH	E	1	69	50.50	3.9e-11	2	69	00bac0
5757	RF00005	4V9M	CW	1	74	71.10	9.1e-17	1	71	00bac0
5758	RF00005	5DOY	2w	1	73	68.30	5.3e-16	1	71	00bac0
5759	RF00005	5WFS	v	1	74	61.30	4.5e-14	1	71	00bac0
5760	RF00005	6BOH	IB	1	74	61.40	4.3e-14	1	71	00bac0
5761	RF00005	6BU8	Y	1	73	68.30	5.3e-16	1	71	00bac0
5762	RF00005	6BZ7	QV	1	74	61.40	4.3e-14	1	71	00bac0
5763	RF00005	6CFJ	2x	1	74	61.40	4.3e-14	1	71	00bac0
5764	RF00005	6VYQ	B	1	73	63.80	9.6e-15	1	71	00bac0
5765	RF00005	6WDA	7	1	73	68.30	5.3e-16	1	71	00bac0
5766	RF00005	7A5K	FE	1	70	46.40	5.6e-10	1	71	00bac0
5767	RF00005	7JQL	2x	1	74	61.40	4.3e-14	1	71	00bac0
5768	RF00005	7JSS	5	1	74	61.40	4.3e-14	1	71	00bac0
5769	RF00005	7LYG	A	1	139	47.70	4.6e-10	1	71	00bac0
5770	RF00005	8FMW	X	1	73	69.50	2.6e-16	1	71	00bac0
5771	RF00005	8ZH3	Tb	1	74	62.10	2.8e-14	1	71	00bac0
5772	RF00005	9DFD	2x	1	74	61.40	4.3e-14	1	71	00bac0
5773	RF00005	1EVV	A	1	73	67.70	8e-16	1	71	00bac0
5774	RF00005	4TZP	E	1	68	60.30	8.3e-14	5	71	00bac0
5775	RF00005	4V5P	AY	1	73	60.60	7.3e-14	1	71	00bac0
5776	RF00005	4V6U	A1	1	74	70.30	1.6e-16	1	71	00bac0
5777	RF00005	4V7L	AY	1	72	62.30	2.3e-14	1	71	00bac0
5778	RF00005	5ZEY	B	1	74	61.30	4.5e-14	1	71	00bac0
5779	RF00005	6GAW	BB	1	70	42.90	5.2e-09	1	71	00bac0
5780	RF00005	6WDK	6	1	74	61.40	4.3e-14	1	71	00bac0
5781	RF00005	6X6T	A	1	73	63.80	9.6e-15	1	71	00bac0
5782	RF00005	6XU7	B	1	72	53.80	5.2e-12	1	71	00bac0
5783	RF00005	7JT2	5	1	74	61.40	4.3e-14	1	71	00bac0
5784	RF00005	7PHC	8	1	73	69.80	2.1e-16	1	71	00bac0
5785	RF00005	7QH4	1	1	74	71.70	6.4e-17	1	71	00bac0
5786	RF00005	8BF7	5	1	73	79.20	5.2e-19	1	71	00bac0
5787	RF00005	8EKC	w	1	73	68.30	5.3e-16	1	71	00bac0
5788	RF00005	8P09	1	1	72	58.00	3.6e-13	1	71	00bac0
5789	RF00005	9BDP	ETRN	1	74	61.40	4.3e-14	1	71	00bac0
5790	RF00005	1TN2	A	1	73	67.70	8e-16	1	71	00bac0
5791	RF00005	2FMT	D	1	74	61.30	4.5e-14	1	71	00bac0
5792	RF00005	4V67	CY	1	74	61.40	4.3e-14	1	71	00bac0
5793	RF00005	4W2H	AX	1	74	61.40	4.3e-14	1	71	00bac0
5794	RF00005	4Z3S	2y	1	73	68.30	5.3e-16	1	71	00bac0
5795	RF00005	5DOY	2x	1	74	61.40	4.3e-14	1	71	00bac0
5796	RF00005	5GAK	B	1	74	67.70	8.1e-16	1	71	00bac0
5797	RF00005	5WT1	F	1	74	70.30	1.6e-16	1	71	00bac0
5798	RF00005	6AHU	T	1	72	57.80	4.1e-13	1	70	00bac0
5799	RF00005	6WD5	7	1	73	68.30	5.3e-16	1	71	00bac0
5800	RF00005	7OPE	2	1	73	65.90	2.4e-15	1	71	00bac0
5801	RF00005	7PIS	6	1	73	69.80	2.1e-16	1	71	00bac0
5802	RF00005	8BSJ	u	1	72	58.00	3.6e-13	1	71	00bac0
5803	RF00005	8CIV	Bb	1	73	67.70	8e-16	1	71	00bac0
5804	RF00005	8T5H	5	1	74	61.40	4.3e-14	1	71	00bac0
5805	RF00005	4V4W	AW	1	73	67.70	8e-16	1	71	00bac0
5806	RF00005	4V5K	CW	1	74	61.40	4.3e-14	1	71	00bac0
5807	RF00005	4V63	CY	1	74	61.40	4.3e-14	1	71	00bac0
5808	RF00005	4V87	BC	1	74	61.40	4.3e-14	1	71	00bac0
5809	RF00005	4WSM	2L	1	84	52.80	1.2e-11	1	71	00bac0
5810	RF00005	5NP6	B	1	73	57.60	4.6e-13	1	71	00bac0
5811	RF00005	6I9R	B	1	69	34.30	1.1e-06	1	71	00bac0
5812	RF00005	6ND5	1x	1	74	61.40	4.3e-14	1	71	00bac0
5813	RF00005	6OF6	XV	1	74	61.40	4.3e-14	1	71	00bac0
5814	RF00005	6WD3	7	1	73	68.30	5.3e-16	1	71	00bac0
5815	RF00005	6ZM5	w	1	65	38.70	6.7e-08	1	71	00bac0
5816	RF00005	7PJW	w	1	73	71.10	9e-17	1	71	00bac0
5817	RF00005	7PJZ	v	1	74	61.30	4.5e-14	1	71	00bac0
5818	RF00005	7PO4	B	1	69	34.30	1.2e-06	1	71	00bac0
5819	RF00005	8R55	U	1	74	71.70	6.4e-17	1	71	00bac0
5820	RF00005	9G6J	PT	1	74	61.40	4.3e-14	1	71	00bac0
5821	RF00005	9LEM	H	389	476	50.10	3.4e-10	1	71	00bac0
5822	RF00005	9SLZ	T	2	74	79.20	5.3e-19	1	71	00bac0
5823	RF00005	4V5G	AW	1	73	68.30	5.3e-16	1	71	00bac0
5824	RF00005	5AFI	w	1	74	61.30	4.5e-14	1	71	00bac0
5825	RF00005	5AFI	y	1	73	68.30	5.4e-16	1	71	00bac0
5826	RF00005	5E81	1L	1	73	79.20	5.2e-19	1	71	00bac0
5827	RF00005	5IB8	1L	1	73	79.20	5.2e-19	1	71	00bac0
5828	RF00005	5IBB	1L	1	73	65.90	2.5e-15	1	71	00bac0
5829	RF00005	5UYN	W	1	74	61.40	4.3e-14	1	71	00bac0
5830	RF00005	6WD4	5	1	74	61.40	4.3e-14	1	71	00bac0
5831	RF00005	6WD7	6	1	74	61.40	4.3e-14	1	71	00bac0
5832	RF00005	7PJY	v	1	74	61.30	4.5e-14	1	71	00bac0
5833	RF00005	8CVJ	2x	1	74	61.40	4.3e-14	1	71	00bac0
5834	RF00005	8JDJ	C	1	72	58.70	2.4e-13	1	71	00bac0
5835	RF00005	9ENF	C	1	91	58.60	3.2e-13	1	71	00bac0
5836	RF00005	9MOR	6	1	74	61.40	4.3e-14	1	71	00bac0
5837	RF00005	2CV1	D	1	72	64.10	7.4e-15	1	71	00bac0
5838	RF00005	2ZXU	C	1	73	68.30	5.3e-16	1	71	00bac0
5839	RF00005	3L0U	A	1	73	68.40	5e-16	1	71	00bac0
5840	RF00005	4Y4P	2y	1	73	68.30	5.3e-16	1	71	00bac0
5841	RF00005	6BZ8	XV	1	74	61.40	4.3e-14	1	71	00bac0
5842	RF00005	6OXA	XW	1	74	61.40	4.3e-14	1	71	00bac0
5843	RF00005	7VNV	A	1	75	62.00	3.1e-14	1	71	00bac0
5844	RF00005	8AAF	y	1	73	59.70	1.2e-13	1	71	00bac0
5845	RF00005	8BHN	5	1	73	79.20	5.2e-19	1	71	00bac0
5846	RF00005	8G29	1w	1	73	68.30	5.3e-16	1	71	00bac0
5847	RF00005	8RCM	W1	1	73	68.30	5.3e-16	1	71	00bac0
5848	RF00005	8UJK	Pt	1	73	55.30	2e-12	1	71	00bac0
5849	RF00005	8UQL	B	1	73	63.80	9.6e-15	1	71	00bac0
5850	RF00005	8VS9	ATRN	1	73	65.60	2.9e-15	1	71	00bac0
5851	RF00005	8ZYC	C	1	74	66.30	1.9e-15	1	71	00bac0
5852	RF00005	9LEM	G	389	476	50.10	3.4e-10	1	71	00bac0
5853	RF00005	1EUY	B	1	71	59.70	1.2e-13	1	71	00bac0
5854	RF00005	1TTT	F	1	73	67.70	8e-16	1	71	00bac0
5855	RF00005	4UY8	V	1	74	54.90	2.6e-12	1	71	00bac0
5856	RF00005	4V4Y	AD	1	73	68.30	5.3e-16	1	71	00bac0
5857	RF00005	4V5G	AV	1	73	68.30	5.3e-16	1	71	00bac0
5858	RF00005	4V8J	AV	1	74	61.40	4.3e-14	1	71	00bac0
5859	RF00005	4V9L	AW	1	74	71.10	9.1e-17	1	71	00bac0
5860	RF00005	4WZD	3K	1	82	53.40	7.8e-12	1	71	00bac0
5861	RF00005	5UYL	Y	1	73	68.30	5.3e-16	1	71	00bac0
5862	RF00005	6GSJ	3K	1	73	74.60	9.7e-18	1	71	00bac0
5863	RF00005	6NDK	QV	1	74	61.40	4.3e-14	1	71	00bac0
5864	RF00005	6OG7	5	1	74	61.40	4.3e-14	1	71	00bac0
5865	RF00005	6SV4	nb	1	73	64.80	4.9e-15	1	71	00bac0
5866	RF00005	6VYS	A	1	73	63.80	9.6e-15	1	71	00bac0
5867	RF00005	6WD3	6	1	74	61.40	4.3e-14	1	71	00bac0
5868	RF00005	7A5H	B	2	70	34.30	1.2e-06	1	71	00bac0
5869	RF00005	7PAN	7	1	73	69.80	2.1e-16	1	71	00bac0
5870	RF00005	7ZUX	6	1	73	64.80	4.9e-15	1	71	00bac0
5871	RF00005	9ERE	T	1	76	46.80	4.4e-10	1	64	00bac0
5872	RF00005	9O3K	2w	1	73	79.20	5.2e-19	1	71	00bac0
5873	RF00005	1QU2	T	1	74	67.80	7.2e-16	1	71	00bac0
5874	RF00005	4L71	QV	1	74	61.40	4.3e-14	1	71	00bac0
5875	RF00005	4LCK	E	1	68	60.30	8.3e-14	5	71	00bac0
5876	RF00005	4TUB	QV	1	74	61.40	4.3e-14	1	71	00bac0
5877	RF00005	4V6I	CB	1	72	56.30	1.1e-12	1	71	00bac0
5878	RF00005	4V8J	CY	1	73	68.30	5.3e-16	1	71	00bac0
5879	RF00005	4YPB	QW	1	74	61.40	4.3e-14	1	71	00bac0
5880	RF00005	5IQR	4	1	73	68.30	5.3e-16	1	71	00bac0
5881	RF00005	5WIS	1w	1	73	68.30	5.3e-16	1	71	00bac0
5882	RF00005	5WWT	D	1	72	68.70	4.1e-16	1	71	00bac0
5883	RF00005	6OXI	QV	1	74	61.40	4.3e-14	1	71	00bac0
5884	RF00005	6VYU	B	1	73	63.80	9.6e-15	1	71	00bac0
5885	RF00005	7MT3	y	1	74	61.40	4.3e-14	1	71	00bac0
5886	RF00005	8G2D	1y	1	73	68.30	5.3e-16	1	71	00bac0
5887	RF00005	8UP5	T	1	74	73.40	2.1e-17	1	71	00bac0
5888	RF00005	8VVU	At	1	73	68.30	5.2e-16	1	71	00bac0
5889	RF00005	3EPK	F	1	69	50.50	3.9e-11	2	69	00bac0
5890	RF00005	4CXG	Y	1	73	67.10	1.2e-15	1	71	00bac0
5891	RF00005	4V4Z	AD	1	73	72.40	3.9e-17	1	71	00bac0
5892	RF00005	4V67	CZ	1	74	61.40	4.3e-14	1	71	00bac0
5893	RF00005	4WQF	DY	1	73	68.30	5.3e-16	1	71	00bac0
5894	RF00005	4WQR	2K	1	74	61.40	4.3e-14	1	71	00bac0
5895	RF00005	6Q8Y	m	1	72	53.90	4.9e-12	1	71	00bac0
5896	RF00005	6VU3	B	1	73	63.80	9.6e-15	1	71	00bac0
5897	RF00005	6WD6	6	1	74	61.40	4.3e-14	1	71	00bac0
5898	RF00005	7QI5	B	1	69	34.30	1.2e-06	1	71	00bac0
5899	RF00005	8A3L	W	1	74	61.40	4.3e-14	1	71	00bac0
5900	RF00005	8CTI	C	1	73	68.90	3.5e-16	1	71	00bac0
5901	RF00005	8FZI	x	1	73	68.30	5.3e-16	1	71	00bac0
5902	RF00005	8VTX	1x	1	74	61.40	4.3e-14	1	71	00bac0
5903	RF00005	9D0J	1w	1	73	68.30	5.3e-16	1	71	00bac0
5904	RF00005	9LEM	D	389	476	50.10	3.4e-10	1	71	00bac0
5905	RF00005	3JAG	3	1	72	70.00	1.8e-16	1	71	00bac0
5906	RF00005	4V6N	BB	1	73	64.60	5.7e-15	1	71	00bac0
5907	RF00005	4V6P	AB	1	73	64.60	5.7e-15	1	71	00bac0
5908	RF00005	4WT8	C2	1	73	68.30	5.3e-16	1	71	00bac0
5909	RF00005	5J4D	NC	1	74	61.40	4.3e-14	1	71	00bac0
5910	RF00005	6GSL	3L	1	74	65.60	3e-15	1	71	00bac0
5911	RF00005	6OLG	Bv	1	73	68.30	5.3e-16	1	71	00bac0
5912	RF00005	6WD6	7	1	73	68.30	5.3e-16	1	71	00bac0
5913	RF00005	7AZS	ASIB	1	73	68.30	5.3e-16	1	71	00bac0
5914	RF00005	7LV0	6	1	74	61.40	4.3e-14	1	71	00bac0
5915	RF00005	7Q0P	10	1	74	69.90	2e-16	1	71	00bac0
5916	RF00005	8FZG	y	1	73	68.30	5.3e-16	1	71	00bac0
5917	RF00005	8G61	At	1	73	68.30	5.3e-16	1	71	00bac0
5918	RF00005	8QK7	5	1	73	57.30	5.8e-13	2	71	00bac0
5919	RF00005	9D0H	2y	1	73	68.30	5.3e-16	1	71	00bac0
5920	RF00005	9G1Z	10	1	73	55.60	1.7e-12	1	71	00bac0
5921	RF00005	4V5G	CV	1	73	68.30	5.3e-16	1	71	00bac0
5922	RF00005	5AH5	C	1	81	58.70	2.6e-13	1	71	00bac0
5923	RF00005	5J4B	2w	1	73	68.30	5.3e-16	1	71	00bac0
5924	RF00005	6ND6	1w	1	73	64.70	5.3e-15	1	71	00bac0
5925	RF00005	6ORD	QV	1	74	61.40	4.3e-14	1	71	00bac0
5926	RF00005	6VYU	A	1	73	63.80	9.6e-15	1	71	00bac0
5927	RF00005	6XQE	2x	1	74	61.40	4.3e-14	1	71	00bac0
5928	RF00005	6Y0G	D4	1	73	68.30	5.3e-16	1	71	00bac0
5929	RF00005	7ODS	B	1	69	34.30	1.2e-06	1	71	00bac0
5930	RF00005	7OI9	B	1	69	34.30	1.1e-06	1	71	00bac0
5931	RF00005	8HL1	APTN	1	73	68.30	5.3e-16	1	71	00bac0
5932	RF00005	8HL2	AETN	1	73	68.30	5.3e-16	1	71	00bac0
5933	RF00005	8UD6	1w	1	73	68.30	5.3e-16	1	71	00bac0
5934	RF00005	8UPO	B	1	73	63.80	9.6e-15	1	71	00bac0
5935	RF00005	9NLE	T	1	74	55.00	2.5e-12	1	71	00bac0
5936	RF00005	9O3J	1w	1	73	79.20	5.2e-19	1	71	00bac0
5937	RF00005	2CSX	C	1	74	69.70	2.2e-16	1	71	00bac0
5938	RF00005	3J0L	V	1	73	68.30	5.3e-16	1	71	00bac0
5939	RF00005	3J92	2	1	74	61.40	4.3e-14	1	71	00bac0
5940	RF00005	4V8N	CV	1	75	71.00	1e-16	1	71	00bac0
5941	RF00005	4WPO	DW	1	73	68.30	5.3e-16	1	71	00bac0
5942	RF00005	4WQR	2L	1	74	61.40	4.3e-14	1	71	00bac0
5943	RF00005	4WRO	2K	1	74	61.40	4.3e-14	1	71	00bac0
5944	RF00005	4ZSN	QV	1	74	61.40	4.3e-14	1	71	00bac0
5945	RF00005	5IB7	1K	1	73	79.20	5.2e-19	1	71	00bac0
5946	RF00005	6I0Y	V	1	74	54.90	2.6e-12	1	71	00bac0
5947	RF00005	6OJ2	XV	1	74	61.40	4.3e-14	1	71	00bac0
5948	RF00005	7F36	E	1	73	69.10	3.3e-16	1	71	00bac0
5949	RF00005	8G29	1x	1	74	61.40	4.3e-14	1	71	00bac0
5950	RF00005	8KDA	T	2	73	61.60	3.6e-14	1	70	00bac0
5951	RF00005	8OIR	B9	1	69	34.30	1.2e-06	1	71	00bac0
5952	RF00005	8R3V	Y2	1	73	63.00	1.6e-14	1	71	00bac0
5953	RF00005	8R55	7	1	73	68.40	4.8e-16	1	71	00bac0
5954	RF00005	8UO6	B	1	131	50.20	9e-11	1	71	00bac0
5955	RF00005	8VOS	A	1	73	63.80	9.6e-15	1	71	00bac0
5956	RF00005	9GUV	W	1	74	61.30	4.5e-14	1	71	00bac0
5957	RF00005	9V29	sI	1	73	72.10	4.7e-17	1	71	00bac0
5958	RF00005	3EPK	E	1	69	50.50	3.9e-11	2	69	00bac0
5959	RF00005	4V8C	CD	1	74	61.40	4.3e-14	1	71	00bac0
5960	RF00005	5LZX	3	1	72	70.00	1.8e-16	1	71	00bac0
5961	RF00005	6GSJ	2L	1	74	61.40	4.3e-14	1	71	00bac0
5962	RF00005	7OF4	B	1	69	34.30	1.1e-06	1	71	00bac0
5963	RF00005	8P2F	F	1	74	61.40	4.3e-14	1	71	00bac0
5964	RF00005	8UD8	2w	1	73	68.30	5.3e-16	1	71	00bac0
5965	RF00005	8UTI	n	1	72	63.60	1.1e-14	1	71	00bac0
5966	RF00005	8UXA	AM	1	73	71.70	6.4e-17	1	71	00bac0
5967	RF00005	8Y5L	6	1	74	61.40	4.3e-14	1	71	00bac0
5968	RF00005	9DRT	F	1	74	72.20	4.5e-17	1	71	00bac0
5969	RF00005	9GHG	F	1	74	61.40	4.3e-14	1	71	00bac0
5970	RF00005	9NL5	T	1	73	63.10	1.5e-14	1	71	00bac0
5971	RF00005	9WNQ	Y	1	74	60.70	6.6e-14	1	71	00bac0
5972	RF00005	1VVJ	XV	1	74	61.40	4.3e-14	1	71	00bac0
5973	RF00005	3EQ4	Y	1	69	50.70	4.1e-11	2	71	00bac0
5974	RF00005	3J5Y	D	1	85	50.60	4.5e-11	1	71	00bac0
5975	RF00005	4L47	QV	1	74	61.40	4.3e-14	1	71	00bac0
5976	RF00005	4V5L	AV	1	73	68.30	5.3e-16	1	71	00bac0
5977	RF00005	4V7B	AW	1	74	71.10	9.1e-17	1	71	00bac0
5978	RF00005	6OF6	XW	1	73	62.90	1.6e-14	1	71	00bac0
5979	RF00005	6ZTL	AW	1	74	61.30	4.5e-14	1	71	00bac0
5980	RF00005	7PJT	w	1	73	71.10	9e-17	1	71	00bac0
5981	RF00005	8AW3	1	1	72	65.20	3.8e-15	1	71	00bac0
5982	RF00005	8HKY	AATN	1	73	68.30	5.3e-16	1	71	00bac0
5983	RF00005	8VL1	B	1	73	63.80	9.6e-15	1	71	00bac0
5984	RF00005	8Y5O	6	1	74	61.40	4.3e-14	1	71	00bac0
5985	RF00005	9D7T	2y	1	73	68.30	5.3e-16	1	71	00bac0
5986	RF00005	9FQ6	U	1	72	70.00	1.8e-16	1	71	00bac0
5987	RF00005	3J81	1	1	72	63.10	1.5e-14	1	71	00bac0
5988	RF00005	4V6N	BD	1	74	61.30	4.5e-14	1	71	00bac0
5989	RF00005	5V6X	C	1	69	33.70	1.7e-06	1	71	00bac0
5990	RF00005	6HCJ	q3	1	71	66.30	1.9e-15	1	71	00bac0
5991	RF00005	6K0B	V	1	82	52.30	1.5e-11	1	71	00bac0
5992	RF00005	6NWY	QV	1	74	60.70	6.6e-14	1	71	00bac0
5993	RF00005	6Q97	8	1	74	71.10	9.1e-17	1	71	00bac0
5994	RF00005	6QNR	3K	1	73	68.30	5.3e-16	1	71	00bac0
5995	RF00005	7A5F	24	1	70	46.40	5.6e-10	1	71	00bac0
5996	RF00005	7PJX	v	1	74	61.30	4.5e-14	1	71	00bac0
5997	RF00005	7SYS	i	1	72	58.00	3.6e-13	1	71	00bac0
5998	RF00005	7ZW0	sn	1	73	58.20	3.4e-13	1	71	00bac0
5999	RF00005	8APN	C1	1	73	64.70	5.2e-15	1	71	00bac0
6000	RF00005	8C8H	U	1	72	70.00	1.8e-16	1	71	00bac0
6001	RF00005	8CBM	T	1	69	42.10	8e-09	1	71	00bac0
6002	RF00005	8RR4	T	1	66	49.30	1.1e-10	1	71	00bac0
6003	RF00005	8Z70	t	1	72	55.60	1.6e-12	1	71	00bac0
6004	RF00005	9MQ4	6	1	74	61.40	4.3e-14	1	71	00bac0
6005	RF00005	1F7U	B	1	73	62.40	2.3e-14	1	71	00bac0
6006	RF00005	1G59	D	1	72	64.10	7.4e-15	1	71	00bac0
6007	RF00005	4V5F	CV	1	74	61.40	4.3e-14	1	71	00bac0
6008	RF00005	6WD5	6	1	74	61.40	4.3e-14	1	71	00bac0
6009	RF00005	7PAJ	7	1	73	69.80	2.1e-16	1	71	00bac0
6010	RF00005	7PHC	6	1	73	69.80	2.1e-16	1	71	00bac0
6011	RF00005	7QGU	z	1	74	71.70	6.4e-17	1	71	00bac0
6012	RF00005	8G2C	2x	1	74	61.40	4.3e-14	1	71	00bac0
6013	RF00005	8G6J	At	1	73	68.30	5.3e-16	1	71	00bac0
6014	RF00005	8PKL	W	1	73	64.00	8.1e-15	1	71	00bac0
6015	RF00005	8RRI	Ax	1	67	66.80	1.3e-15	1	71	00bac0
6016	RF00005	9HN7	C	3	75	70.90	1e-16	1	71	00bac0
6017	RF00005	1C0A	B	1	74	67.70	8.1e-16	1	71	00bac0
6018	RF00005	3JCE	6	1	73	68.30	5.3e-16	1	71	00bac0
6019	RF00005	4UJE	AW	1	73	68.30	5.3e-16	1	71	00bac0
6020	RF00005	4V48	A6	1	73	67.70	8e-16	1	71	00bac0
6021	RF00005	5OT7	2	1	73	68.30	5.3e-16	1	71	00bac0
6022	RF00005	5ZEP	w	1	74	61.30	4.5e-14	1	71	00bac0
6023	RF00005	6ZTN	AW	1	74	61.30	4.5e-14	1	71	00bac0
6024	RF00005	7MSZ	y	1	74	61.40	4.3e-14	1	71	00bac0
6025	RF00005	7ODR	B	1	69	34.30	1.2e-06	1	71	00bac0
6026	RF00005	1EHZ	A	1	73	67.70	8e-16	1	71	00bac0
6027	RF00005	1F7V	B	1	73	62.40	2.3e-14	1	71	00bac0
6028	RF00005	1TRA	A	1	73	67.70	8e-16	1	71	00bac0
6029	RF00005	1ZO1	F	1	73	67.70	8e-16	1	71	00bac0
6030	RF00005	3ZJT	B	2	85	54.00	5.2e-12	1	71	00bac0
6031	RF00005	4LEL	QV	1	74	61.40	4.3e-14	1	71	00bac0
6032	RF00005	4V87	CB	1	84	52.80	1.2e-11	1	71	00bac0
6033	RF00005	4YPB	QV	1	74	61.40	4.3e-14	1	71	00bac0
6034	RF00005	5D8B	ED	1	74	61.40	4.3e-14	1	71	00bac0
6035	RF00005	6HCJ	33	1	72	58.00	3.6e-13	1	71	00bac0
6036	RF00005	6XIQ	AZ	1	73	67.70	8e-16	1	71	00bac0
6037	RF00005	6YDW	BA	1031	1098	31.80	0.0013	1	71	00bac0
6038	RF00005	6YDW	BA	11561	11629	46.20	1.4e-07	1	71	00bac0
6039	RF00005	6YDW	BA	11689	11758	41.00	3.7e-06	1	71	00bac0
6040	RF00005	6YDW	BA	1	70	42.90	1.1e-06	1	71	00bac0
6041	RF00005	6YDW	BA	2669	2743	53.00	1.9e-09	1	71	00bac0
6042	RF00005	6YDW	BA	3701	3769	53.20	1.6e-09	1	71	00bac0
6043	RF00005	6YDW	BA	3841	3910	36.80	5.4e-05	1	71	00bac0
6044	RF00005	6YDW	BA	9408	9476	50.30	1e-08	1	71	00bac0
6045	RF00005	6YDW	BA	9824	9892	44.70	3.5e-07	1	71	00bac0
6046	RF00005	7JQL	1x	1	74	61.40	4.3e-14	1	71	00bac0
6047	RF00005	7O5B	U	1	74	71.70	6.4e-17	1	71	00bac0
6048	RF00005	8R6C	Z	1	82	59.40	1.7e-13	1	71	00bac0
6049	RF00005	8UPR	B	1	73	63.80	9.6e-15	1	71	00bac0
6050	RF00005	8Z1G	T	1	66	49.30	1e-10	1	71	00bac0
6051	RF00005	9CPA	1	1	72	58.00	3.6e-13	1	71	00bac0
6052	RF00005	9DTF	F	1	74	72.20	4.5e-17	1	71	00bac0
6053	RF00005	9RTU	v	1	74	61.30	4.5e-14	1	71	00bac0
6054	RF00005	4V5C	AW	1	73	68.30	5.3e-16	1	71	00bac0
6055	RF00005	4V6G	AC	1	74	61.40	4.3e-14	1	71	00bac0
6056	RF00005	4V8B	CD	1	74	61.40	4.3e-14	1	71	00bac0
6057	RF00005	5E7K	2K	1	74	61.40	4.3e-14	1	71	00bac0
6058	RF00005	6WDF	7	1	73	68.30	5.3e-16	1	71	00bac0
6059	RF00005	6WDK	7	1	73	68.30	5.3e-16	1	71	00bac0
6060	RF00005	6XIQ	AX	1	73	67.70	8e-16	1	71	00bac0
6061	RF00005	6ZS9	XB	2	70	34.30	1.2e-06	1	71	00bac0
6062	RF00005	7PAR	8	1	73	69.80	2.1e-16	1	71	00bac0
6063	RF00005	7UNR	v	1	74	61.40	4.3e-14	1	71	00bac0
6064	RF00005	8CTH	C	1	73	67.70	8e-16	1	71	00bac0
6065	RF00005	8PK0	B	1	69	34.30	1.2e-06	1	71	00bac0
6066	RF00005	8S95	C	2	154	48.00	4.3e-10	1	71	00bac0
6067	RF00005	8UJK	Zt	1	72	70.00	1.8e-16	1	71	00bac0
6068	RF00005	9F9S	DQ	1	74	61.40	4.3e-14	1	71	00bac0
6069	RF00005	2IY5	T	1	73	72.70	3.3e-17	1	71	00bac0
6070	RF00005	4UG0	S6	1	72	58.00	3.6e-13	1	71	00bac0
6071	RF00005	4V7P	DW	1	74	61.40	4.3e-14	1	71	00bac0
6072	RF00005	4WSM	1L	1	84	52.80	1.2e-11	1	71	00bac0
6073	RF00005	5IB8	2L	1	74	61.40	4.3e-14	1	71	00bac0
6074	RF00005	5LMQ	Z	1	74	61.40	4.3e-14	1	71	00bac0
6075	RF00005	5LMT	Z	1	74	61.40	4.3e-14	1	71	00bac0
6076	RF00005	6AZ1	4	1	73	68.40	5e-16	1	71	00bac0
6077	RF00005	6CFJ	1x	1	74	61.40	4.3e-14	1	71	00bac0
6078	RF00005	6OPE	QY	1	73	68.90	3.6e-16	1	71	00bac0
6079	RF00005	6WDH	7	1	73	68.30	5.3e-16	1	71	00bac0
6080	RF00005	6ZTN	AX	1	73	68.30	5.3e-16	1	71	00bac0
6081	RF00005	7P7R	D	1	74	64.20	7.3e-15	1	71	00bac0
6082	RF00005	8QBT	7	1	73	65.60	2.9e-15	1	71	00bac0
6083	RF00005	8VTV	1x	1	74	61.40	4.3e-14	1	71	00bac0
6084	RF00005	9B0Q	pE	1	73	69.20	3e-16	1	71	00bac0
6085	RF00005	4V73	A3	1	74	61.40	4.3e-14	1	71	00bac0
6086	RF00005	4V77	A1	1	73	64.70	5.3e-15	1	71	00bac0
6087	RF00005	4V8D	CD	1	82	53.40	7.8e-12	1	71	00bac0
6088	RF00005	4WQF	DW	1	73	68.30	5.3e-16	1	71	00bac0
6089	RF00005	4WZO	2L	1	74	61.40	4.3e-14	1	71	00bac0
6090	RF00005	5ONH	E	1	84	57.70	5.2e-13	1	71	00bac0
6091	RF00005	6FRK	2	1	73	65.10	4.2e-15	1	71	00bac0
6092	RF00005	6FTI	q	1	73	55.90	1.4e-12	1	71	00bac0
6093	RF00005	6GWT	x	1	74	61.40	4.3e-14	1	71	00bac0
6094	RF00005	6VWL	5	1	73	68.30	5.3e-16	1	71	00bac0
6095	RF00005	7O7Z	AT	1	73	69.80	2e-16	1	71	00bac0
6096	RF00005	9B51	AX	1	74	61.40	4.3e-14	1	71	00bac0
6097	RF00005	9BDN	PTRN	1	74	61.40	4.3e-14	1	71	00bac0
6098	RF00005	3A2K	D	1	74	72.90	3.1e-17	1	71	00bac0
6099	RF00005	3AKZ	G	1	71	64.00	8e-15	1	71	00bac0
6100	RF00005	3JAH	2	1	73	55.90	1.4e-12	1	71	00bac0
6101	RF00005	4V9K	CW	1	74	71.10	9.1e-17	1	71	00bac0
6102	RF00005	4WQR	3L	1	73	68.30	5.3e-16	1	71	00bac0
6103	RF00005	6OLZ	Bv	1	73	68.30	5.3e-16	1	71	00bac0
6104	RF00005	6XDQ	A	1	73	63.80	9.6e-15	1	71	00bac0
6105	RF00005	6ZJ3	S2	1	73	68.40	5e-16	1	71	00bac0
6106	RF00005	7AZO	ASIA	1	73	68.30	5.3e-16	1	71	00bac0
6107	RF00005	7NBU	V	1	74	61.30	4.5e-14	1	71	00bac0
6108	RF00005	7QGR	u	1	73	68.40	4.8e-16	1	71	00bac0
6109	RF00005	7XNX	CC	1	72	53.90	4.9e-12	1	71	00bac0
6110	RF00005	8ZEJ	X	1	73	69.10	3.3e-16	1	71	00bac0
6111	RF00005	9F9S	DP	1	73	67.70	8e-16	1	71	00bac0
6112	RF00005	9OFV	y	1	73	58.20	3.4e-13	1	71	00bac0
6113	RF00005	3QSY	D	1	74	61.30	4.5e-14	1	71	00bac0
6114	RF00005	3WFR	A	1	73	77.20	1.9e-18	1	71	00bac0
6115	RF00005	5J4C	2x	1	74	61.40	4.3e-14	1	71	00bac0
6116	RF00005	6AZ1	2	1	73	68.40	5e-16	1	71	00bac0
6117	RF00005	6RFL	U	1	72	70.00	1.8e-16	1	71	00bac0
6118	RF00005	6WDC	7	1	73	68.30	5.3e-16	1	71	00bac0
6119	RF00005	8HU1	X	1	73	74.40	1.1e-17	1	71	00bac0
6120	RF00005	8OZ0	y	1	72	58.00	3.6e-13	1	71	00bac0
6121	RF00005	8PKL	X	1	74	68.70	4.2e-16	1	71	00bac0
6122	RF00005	8S8I	1	1	72	63.60	1.1e-14	1	71	00bac0
6123	RF00005	8UD6	1x	1	74	61.40	4.3e-14	1	71	00bac0
6124	RF00005	8Y5R	5	1	73	68.30	5.3e-16	1	71	00bac0
6125	RF00005	9D7T	2x	1	73	68.30	5.3e-16	1	71	00bac0
6126	RF00005	9DPB	C	1	73	74.10	1.4e-17	1	71	00bac0
6127	RF00005	3J78	PT	1	74	61.40	4.3e-14	1	71	00bac0
6128	RF00005	4LSK	QV	1	74	61.40	4.3e-14	1	71	00bac0
6129	RF00005	4V4P	BC	1	73	67.70	8e-16	1	71	00bac0
6130	RF00005	4V8Z	CW	1	73	67.30	9.8e-16	1	71	00bac0
6131	RF00005	5MDY	5	1	74	58.10	3.6e-13	1	71	00bac0
6132	RF00005	6W6L	u	1	73	60.40	7.9e-14	1	71	00bac0
6133	RF00005	6WB2	D	1	73	74.10	1.5e-17	1	71	00bac0
6134	RF00005	6WDD	7	1	73	68.30	5.3e-16	1	71	00bac0
6135	RF00005	6WDF	5	1	74	61.40	4.3e-14	1	71	00bac0
6136	RF00005	8G7P	x	1	74	61.40	4.3e-14	1	71	00bac0
6137	RF00005	8HL4	APTN	1	73	68.30	5.3e-16	1	71	00bac0
6138	RF00005	8UJJ	At	1	71	55.20	2.1e-12	1	71	00bac0
6139	RF00005	8UPO	A	1	73	63.80	9.6e-15	1	71	00bac0
6140	RF00005	8UVS	2w	1	73	68.30	5.3e-16	1	71	00bac0
6141	RF00005	8VTU	1y	1	73	68.30	5.3e-16	1	71	00bac0
6142	RF00005	8VTU	2w	1	73	68.30	5.3e-16	1	71	00bac0
6143	RF00005	9DRV	F	1	74	72.20	4.5e-17	1	71	00bac0
6144	RF00005	9GGR	M	1	72	62.00	2.8e-14	1	71	00bac0
6145	RF00005	4V5D	CV	1	73	68.30	5.4e-16	1	71	00bac0
6146	RF00005	4WT8	C4	1	74	61.40	4.3e-14	1	71	00bac0
6147	RF00005	5KPS	32	1	74	61.30	4.5e-14	1	71	00bac0
6148	RF00005	6SW9	4	1	73	58.70	2.4e-13	2	71	00bac0
6149	RF00005	6YDP	BA	1031	1098	31.80	0.0013	1	71	00bac0
6150	RF00005	6YDP	BA	11561	11629	46.20	1.4e-07	1	71	00bac0
6151	RF00005	6YDP	BA	11689	11758	41.00	3.7e-06	1	71	00bac0
6152	RF00005	6YDP	BA	1	70	42.90	1.1e-06	1	71	00bac0
6153	RF00005	6YDP	BA	2669	2743	53.00	1.9e-09	1	71	00bac0
6154	RF00005	6YDP	BA	3701	3769	53.20	1.6e-09	1	71	00bac0
6155	RF00005	6YDP	BA	3841	3910	36.80	5.4e-05	1	71	00bac0
6156	RF00005	6YDP	BA	9408	9476	50.30	1e-08	1	71	00bac0
6157	RF00005	6YDP	BA	9824	9892	44.70	3.5e-07	1	71	00bac0
6158	RF00005	8G7R	y	1	73	73.10	2.5e-17	1	71	00bac0
6159	RF00005	8R3V	W	1	73	64.00	8.1e-15	1	71	00bac0
6160	RF00005	9SFB	T	1	83	54.10	4.9e-12	1	71	00bac0
6161	RF00005	3JA1	S2	1	74	61.30	4.5e-14	1	71	00bac0
6162	RF00005	3KFU	L	1	73	72.50	3.8e-17	1	71	00bac0
6163	RF00007	8Y7E	H	1	150	158.50	1.5e-35	1	151	00bac0
6164	RF00007	7DVQ	H	1	150	158.50	1.5e-35	1	151	00bac0
6165	RF00009	6AHR	A	5	337	264.30	1.2e-82	1	301	00bac0
6166	RF00009	6AHU	A	5	337	264.30	1.2e-82	1	301	00bac0
6167	RF00009	6AGB	A	6	363	84.70	3.9e-25	1	301	00bac0
6168	RF00009	6AH3	A	6	363	84.70	3.9e-25	1	301	00bac0
6169	RF00010	1U9S	A	1	161	119.40	7.4e-39	69	218	00bac0
6170	RF00010	3Q1R	B	1	347	268.50	4.6e-89	1	367	00bac0
6171	RF00010	2A2E	A	1	338	260.30	2.6e-86	1	367	00bac0
6172	RF00010	7UO5	B	1	373	308.40	1.5e-102	1	363	00bac0
6173	RF00010	7UO1	B	1	373	308.40	1.5e-102	1	363	00bac0
6174	RF00010	3Q1Q	B	1	347	268.50	4.6e-89	1	367	00bac0
6175	RF00010	7UO0	B	1	373	308.40	1.5e-102	1	363	00bac0
6176	RF00010	7UO2	B	1	376	311.50	1.3e-103	1	367	00bac0
6177	RF00011	1NBS	A	1	154	152.10	4.5e-45	77	230	00bac0
6178	RF00011	2A64	A	8	404	327.70	6.9e-99	1	365	00bac0
6179	RF00011	1NBS	B	1	154	152.10	4.5e-45	77	230	00bac0
6180	RF00011	3DHS	A	8	255	180.20	1.6e-53	1	365	00bac0
6181	RF00012	7MQ9	L2	1	217	199.20	2e-49	1	219	00bac0
6182	RF00012	7MQA	L2	1	217	199.20	2e-49	1	219	00bac0
6183	RF00012	7MQ8	L2	1	217	199.20	2e-49	1	219	00bac0
6184	RF00013	5VT0	R	11	144	70.20	1.2e-14	32	166	00bac0
6185	RF00015	6QX9	4	2	142	129.80	2.7e-32	1	138	00bac0
6186	RF00015	8H6E	4A	2	142	129.80	2.7e-32	1	138	00bac0
6187	RF00015	8R0A	4	1	141	129.80	2.6e-32	1	138	00bac0
6188	RF00015	8RM5	4	1	141	129.80	2.6e-32	1	138	00bac0
6189	RF00015	8QPE	4	1	141	129.80	2.6e-32	1	138	00bac0
6190	RF00015	8H6L	4A	2	142	129.80	2.6e-32	1	138	00bac0
6191	RF00015	6AHD	I	1	141	129.80	2.6e-32	1	138	00bac0
6192	RF00015	8R08	4	1	141	129.80	2.6e-32	1	138	00bac0
6193	RF00015	8QPK	4	1	141	129.80	2.6e-32	1	138	00bac0
6194	RF00015	3JCM	E	1	160	87.10	5.9e-21	1	132	00bac0
6195	RF00015	2N7M	X	1	74	55.10	1e-12	1	138	00bac0
6196	RF00015	8QXD	4	1	141	129.80	2.6e-32	1	138	00bac0
6197	RF00015	8QZS	4	1	141	129.80	2.6e-32	1	138	00bac0
6198	RF00015	8R0B	4	1	141	129.80	2.6e-32	1	138	00bac0
6199	RF00015	8H6K	4A	2	142	129.80	2.6e-32	1	138	00bac0
6200	RF00015	8Q7N	4	1	141	129.80	2.7e-32	1	138	00bac0
6201	RF00015	8R09	4	1	141	129.80	2.6e-32	1	138	00bac0
6202	RF00015	8QP8	4	1	141	129.80	2.6e-32	1	138	00bac0
6203	RF00015	5ZWM	I	1	160	87.10	5.9e-21	1	132	00bac0
6204	RF00015	5GAP	V	1	67	66.90	5.5e-16	1	66	00bac0
6205	RF00015	8QO9	4	1	141	129.80	2.6e-32	1	138	00bac0
6206	RF00015	3JCR	M	1	141	131.90	7.4e-33	1	138	00bac0
6207	RF00015	5NRL	4	1	160	87.10	5.9e-21	1	132	00bac0
6208	RF00015	5GAN	V	1	160	87.10	5.9e-21	1	132	00bac0
6209	RF00015	8QP9	4	1	141	129.80	2.6e-32	1	138	00bac0
6210	RF00015	8H6J	4A	1	141	129.80	2.6e-32	1	138	00bac0
6211	RF00015	8QOZ	4	1	141	129.80	2.6e-32	1	138	00bac0
6212	RF00015	6AH0	I	1	141	129.80	2.6e-32	1	138	00bac0
6213	RF00015	5ZWO	I	1	161	86.40	9.5e-21	1	133	00bac0
6214	RF00015	8QPB	4	1	141	129.80	2.6e-32	1	138	00bac0
6215	RF00015	8QPA	4	1	141	129.80	2.6e-32	1	138	00bac0
6216	RF00015	6QW6	4	2	142	129.80	2.7e-32	1	138	00bac0
6217	RF00015	5O9Z	4	1	141	129.80	2.7e-32	1	138	00bac0
6218	RF00017	2J37	A	3	126	123.70	4.2e-34	113	236	00bac0
6219	RF00017	2GO5	A	3	126	123.70	4.1e-34	113	236	00bac0
6220	RF00017	3JAN	4	1	206	165.80	4.3e-46	1	236	00bac0
6221	RF00017	7QWQ	1	2	166	167.10	1.5e-46	92	256	00bac0
6222	RF00017	4P3E	A	2	123	121.70	1.5e-33	114	235	00bac0
6223	RF00017	1MFQ	A	3	126	123.70	4.2e-34	113	236	00bac0
6224	RF00017	4UE5	A	1	299	290.20	6e-82	1	299	00bac0
6225	RF00017	3KTV	A	1	107	100.50	1.9e-27	121	227	00bac0
6226	RF00017	6R6G	AF	1	206	158.70	5e-44	1	299	00bac0
6227	RF00017	7OBR	1	1	249	222.20	2.5e-62	1	299	00bac0
6228	RF00017	5M73	E	1	144	145.30	2.6e-40	104	247	00bac0
6229	RF00017	6FRK	1	1	299	293.50	6.7e-83	1	299	00bac0
6230	RF00017	3KTV	C	1	107	100.50	1.9e-27	121	227	00bac0
6231	RF00017	1RY1	A	3	126	123.70	4.2e-34	113	236	00bac0
6232	RF00017	7NFX	1	1	299	291.50	2.4e-82	1	299	00bac0
6233	RF00017	7OBQ	1	1	249	223.80	8.4e-63	1	299	00bac0
6234	RF00017	3JAJ	4	1	206	165.80	4.3e-46	1	236	00bac0
6235	RF00017	1L9A	B	3	126	123.70	4.2e-34	113	236	00bac0
6236	RF00017	5M73	A	1	144	145.30	2.6e-40	104	247	00bac0
6237	RF00020	8I0S	B	1	116	113.20	1.2e-22	1	117	00bac0
6238	RF00020	5Z58	B	1	116	113.20	1.2e-22	1	117	00bac0
6239	RF00020	6EXN	5	55	179	47.00	2.2e-07	1	117	00bac0
6240	RF00020	5XJC	B	1	116	113.20	1.2e-22	1	117	00bac0
6241	RF00020	5LJ3	U	55	179	47.00	2.2e-07	1	117	00bac0
6242	RF00020	8RO0	5	1	121	82.60	1.2e-15	1	117	00bac0
6243	RF00020	8H6E	5A	1	116	113.20	1.2e-22	1	117	00bac0
6244	RF00020	8Y6O	B	1	116	113.20	1.2e-22	1	117	00bac0
6245	RF00020	3JCM	F	55	179	47.00	2.7e-07	1	117	00bac0
6246	RF00020	8QXD	5	1	114	105.40	7.3e-21	3	117	00bac0
6247	RF00020	8QP8	5	1	116	113.20	1.2e-22	1	117	00bac0
6248	RF00020	8QOZ	5	1	116	113.20	1.2e-22	1	117	00bac0
6249	RF00020	6J6N	D	55	179	47.00	2.7e-07	1	117	00bac0
6250	RF00020	8I0R	B	1	116	113.20	1.2e-22	1	117	00bac0
6251	RF00020	8QPA	5	1	116	113.20	1.2e-22	1	117	00bac0
6252	RF00020	8QO9	5	1	116	113.20	1.2e-22	1	117	00bac0
6253	RF00020	8I0P	B	1	116	113.20	1.2e-22	1	117	00bac0
6254	RF00020	5Y88	B	55	179	47.00	2.7e-07	1	117	00bac0
6255	RF00020	8I0T	B	1	116	113.20	1.2e-22	1	117	00bac0
6256	RF00020	8R0B	5	1	116	113.20	1.2e-22	1	117	00bac0
6257	RF00020	5MQF	5	1	115	110.00	6.5e-22	1	117	00bac0
6258	RF00020	6FF4	5	1	115	110.00	6.5e-22	1	117	00bac0
6259	RF00020	6AH0	B	1	116	113.20	1.2e-22	1	117	00bac0
6260	RF00020	5WSG	D	55	179	47.00	2.7e-07	1	117	00bac0
6261	RF00020	6QW6	5	1	116	113.20	1.2e-22	1	117	00bac0
6262	RF00020	9L5S	5	1	116	73.50	1.3e-13	1	117	00bac0
6263	RF00020	5LJ5	U	55	179	47.00	2.2e-07	1	117	00bac0
6264	RF00020	8Q7V	5	1	116	113.20	1.2e-22	1	117	00bac0
6265	RF00020	9FMD	5	1	115	110.00	6.5e-22	1	117	00bac0
6266	RF00020	8R0A	5	1	116	113.20	1.2e-22	1	117	00bac0
6267	RF00020	8RM5	5	1	116	113.20	1.2e-22	1	117	00bac0
6268	RF00020	8C6J	5	1	115	110.00	6.5e-22	1	117	00bac0
6269	RF00020	7ABG	5	1	115	110.00	6.5e-22	1	117	00bac0
6270	RF00020	9DTR	5	55	179	47.00	2.7e-07	1	117	00bac0
6271	RF00020	5Z56	B	1	116	113.20	1.2e-22	1	117	00bac0
6272	RF00020	3JCR	H	1	115	109.00	1.1e-21	1	117	00bac0
6273	RF00020	9L5R	5	1	116	73.50	1.3e-13	1	117	00bac0
6274	RF00020	5GMK	D	55	179	47.00	2.7e-07	1	117	00bac0
6275	RF00020	5LQW	5	55	179	47.00	2.2e-07	1	117	00bac0
6276	RF00020	8XI2	B	4	110	73.80	1.1e-13	1	117	00bac0
6277	RF00020	8QPB	5	1	116	113.20	1.2e-22	1	117	00bac0
6278	RF00020	3JB9	C	8	120	71.80	3.3e-13	1	117	00bac0
6279	RF00020	8I0V	B	1	116	113.20	1.2e-22	1	117	00bac0
6280	RF00020	7A5P	5	1	115	110.00	6.5e-22	1	117	00bac0
6281	RF00020	8Q91	5	1	116	113.20	1.2e-22	1	117	00bac0
6282	RF00020	8CH6	e	1	116	113.20	1.2e-22	1	117	00bac0
6283	RF00020	7AAV	5	1	115	110.00	6.5e-22	1	117	00bac0
6284	RF00020	8I0W	B	1	116	113.20	1.2e-22	1	117	00bac0
6285	RF00020	8RO2	5	1	115	110.00	6.5e-22	1	117	00bac0
6286	RF00020	7B9V	5	55	179	47.00	2.7e-07	1	117	00bac0
6287	RF00020	5MPS	5	55	179	47.00	2.2e-07	1	117	00bac0
6288	RF00020	7ABF	5	1	115	110.00	6.5e-22	1	117	00bac0
6289	RF00020	6J6H	D	55	179	47.00	2.7e-07	1	117	00bac0
6290	RF00020	8H6K	5A	1	116	113.20	1.2e-22	1	117	00bac0
6291	RF00020	7QTT	e	1	116	113.20	1.2e-22	1	117	00bac0
6292	RF00020	8RC0	5	1	116	113.20	1.2e-22	1	117	00bac0
6293	RF00020	5GAM	U	55	178	45.80	4.2e-07	1	117	00bac0
6294	RF00020	5ZWM	B	55	179	47.00	2.7e-07	1	117	00bac0
6295	RF00020	7W5B	B	1	116	113.20	1.2e-22	1	117	00bac0
6296	RF00020	5YZG	B	1	116	113.20	1.2e-22	1	117	00bac0
6297	RF00020	6BK8	5	55	179	47.00	2.7e-07	1	117	00bac0
6298	RF00020	6ID1	B	1	116	113.20	1.2e-22	1	117	00bac0
6299	RF00020	7DCO	B	55	179	47.00	2.7e-07	1	117	00bac0
6300	RF00020	8Q7X	5	1	116	113.20	1.2e-22	1	117	00bac0
6301	RF00020	8Q7W	5	1	116	113.20	1.2e-22	1	117	00bac0
6302	RF00020	8QPE	5	1	116	113.20	1.2e-22	1	117	00bac0
6303	RF00020	7W59	B	1	116	113.20	1.2e-22	1	117	00bac0
6304	RF00020	8R09	5	1	116	113.20	1.2e-22	1	117	00bac0
6305	RF00020	8Q7Q	5	1	116	113.20	1.2e-22	1	117	00bac0
6306	RF00020	9ESI	5	8	120	71.80	3.3e-13	1	117	00bac0
6307	RF00020	5ZWO	B	55	179	47.00	2.7e-07	1	117	00bac0
6308	RF00020	7ABI	5	1	115	110.00	6.5e-22	1	117	00bac0
6309	RF00020	8H6J	5A	1	116	113.20	1.2e-22	1	117	00bac0
6310	RF00020	6ZYM	5	1	115	110.00	6.5e-22	1	117	00bac0
6311	RF00020	5O9Z	5	1	115	110.00	6.5e-22	1	117	00bac0
6312	RF00020	5MQ0	5	55	179	47.00	2.2e-07	1	117	00bac0
6313	RF00020	6ID0	B	1	116	113.20	1.2e-22	1	117	00bac0
6314	RF00020	6QX9	5	1	116	113.20	1.2e-22	1	117	00bac0
6315	RF00020	6AHD	B	1	116	113.20	1.2e-22	1	117	00bac0
6316	RF00020	6J6G	D	55	179	47.00	2.7e-07	1	117	00bac0
6317	RF00020	8Q7N	5	1	116	113.20	1.2e-22	1	117	00bac0
6318	RF00020	8RO1	5	1	112	66.00	6.6e-12	3	117	00bac0
6319	RF00020	5Z57	B	1	116	113.20	1.2e-22	1	117	00bac0
6320	RF00020	8R08	5	1	116	113.20	1.2e-22	1	117	00bac0
6321	RF00020	5YLZ	B	55	179	47.00	2.7e-07	1	117	00bac0
6322	RF00020	8H6L	5A	1	116	113.20	1.2e-22	1	117	00bac0
6323	RF00020	9L5T	5	1	116	73.50	1.3e-13	1	117	00bac0
6324	RF00020	5GAP	U	55	179	47.00	2.7e-07	1	117	00bac0
6325	RF00020	5GAN	U	55	179	47.00	2.7e-07	1	117	00bac0
6326	RF00020	8QP9	5	1	116	113.20	1.2e-22	1	117	00bac0
6327	RF00020	8QPK	5	1	116	113.20	1.2e-22	1	117	00bac0
6328	RF00020	6FF7	5	1	115	110.00	6.5e-22	1	117	00bac0
6329	RF00020	5NRL	5	55	179	47.00	2.7e-07	1	117	00bac0
6330	RF00020	9ESH	5	8	120	71.80	3.3e-13	1	117	00bac0
6331	RF00020	8QZS	5	1	116	113.20	1.2e-22	1	117	00bac0
6332	RF00020	7W5A	B	1	116	113.20	1.2e-22	1	117	00bac0
6333	RF00020	6J6Q	D	55	179	47.00	2.7e-07	1	117	00bac0
6334	RF00020	8I0U	B	1	116	113.20	1.2e-22	1	117	00bac0
6335	RF00020	7DVQ	B	1	116	113.20	1.2e-22	1	117	00bac0
6336	RF00020	5GM6	D	55	179	47.00	2.7e-07	1	117	00bac0
6337	RF00020	6ICZ	B	1	116	113.20	1.2e-22	1	117	00bac0
6338	RF00020	6QDV	5	1	115	110.00	6.5e-22	1	117	00bac0
6339	RF00023	8VSA	TMRN	1	363	295.80	3.7e-123	1	374	00bac0
6340	RF00023	2CZJ	H	1	63	66.20	6.7e-27	1	371	00bac0
6341	RF00023	7ACR	4	1	363	295.80	3.7e-123	1	374	00bac0
6342	RF00023	1P6V	D	1	68	71.30	5e-29	1	374	00bac0
6343	RF00023	1ZC8	A	1	59	69.10	3.6e-28	1	370	00bac0
6344	RF00023	6Q95	4	1	349	174.10	9.3e-72	1	374	00bac0
6345	RF00023	2CZJ	B	1	63	66.20	6.7e-27	1	371	00bac0
6346	RF00023	3IYQ	A	1	349	174.10	9.3e-72	1	374	00bac0
6347	RF00023	4V6T	AV	1	363	295.80	3.7e-123	1	374	00bac0
6348	RF00023	2CZJ	F	1	63	66.20	6.7e-27	1	371	00bac0
6349	RF00023	3IYR	A	1	349	174.10	9.3e-72	1	374	00bac0
6350	RF00023	6Q97	4	1	363	293.20	4.8e-122	1	374	00bac0
6351	RF00023	6Q98	4	1	363	295.80	3.7e-123	1	374	00bac0
6352	RF00023	7ABZ	4	1	363	295.80	3.7e-123	1	374	00bac0
6353	RF00023	8VS9	TMRN	1	363	295.80	3.7e-123	1	374	00bac0
6354	RF00023	2CZJ	D	1	63	66.20	6.7e-27	1	371	00bac0
6355	RF00023	5ZEY	A	1	369	142.60	2.1e-58	1	374	00bac0
6356	RF00023	7ACJ	4	1	363	295.80	3.7e-123	1	374	00bac0
6357	RF00023	3IZ4	A	1	377	265.80	1.9e-110	1	373	00bac0
6358	RF00023	1P6V	B	1	68	71.30	5e-29	1	374	00bac0
6359	RF00023	7AC7	4	1	363	295.80	3.7e-123	1	374	00bac0
6360	RF00023	4V8Q	BY	1	89	75.00	1.9e-30	1	374	00bac0
6361	RF00023	6Q9A	4	1	363	295.80	3.7e-123	1	374	00bac0
6362	RF00023	2OB7	A	3	319	184.50	3.8e-76	1	374	00bac0
6363	RF00024	7TRE	B	14	451	353.60	9.8e-95	1	443	00bac0
6364	RF00024	9QAY	B	14	451	353.60	9.8e-95	1	443	00bac0
6365	RF00024	7BGB	B	14	451	353.60	9.8e-95	1	443	00bac0
6366	RF00024	7QXB	B	14	451	353.60	9.8e-95	1	443	00bac0
6367	RF00024	7V9A	R	14	451	353.60	9.8e-95	1	443	00bac0
6368	RF00024	8OUF	B	14	451	353.60	9.8e-95	1	443	00bac0
6369	RF00024	7TRD	B	14	451	353.60	9.8e-95	1	443	00bac0
6370	RF00024	7TRF	B	14	451	353.60	9.8e-95	1	443	00bac0
6371	RF00024	7QXS	B	14	451	353.60	9.8e-95	1	443	00bac0
6372	RF00024	9QB2	b	14	451	353.60	9.8e-95	1	443	00bac0
6373	RF00024	9QAX	B	14	451	353.60	9.8e-95	1	443	00bac0
6374	RF00024	9QB3	b	14	451	353.60	9.8e-95	1	443	00bac0
6375	RF00024	7V99	R	14	451	353.60	9.8e-95	1	443	00bac0
6376	RF00024	7TRC	B	14	451	353.60	9.8e-95	1	443	00bac0
6377	RF00024	8OUE	B	14	451	353.60	9.8e-95	1	443	00bac0
6378	RF00024	9QAZ	B	14	451	353.60	9.8e-95	1	443	00bac0
6379	RF00024	7BG9	B	14	451	353.60	9.8e-95	1	443	00bac0
6380	RF00024	9QB3	B	14	451	353.60	9.8e-95	1	443	00bac0
6381	RF00024	9QB2	B	14	451	353.60	9.8e-95	1	443	00bac0
6382	RF00024	7QXA	B	14	451	353.60	9.8e-95	1	443	00bac0
6383	RF00025	8GAP	B	1	159	144.00	1.5e-27	3	165	00bac0
6384	RF00025	7LMA	B	1	159	144.00	1.5e-27	3	165	00bac0
6385	RF00025	7LMB	B	1	159	144.00	1.5e-27	3	165	00bac0
6386	RF00025	6D6V	B	1	159	144.00	1.5e-27	3	165	00bac0
6387	RF00025	7UY5	B	1	159	144.00	1.5e-27	3	165	00bac0
6388	RF00025	7UY6	B	1	159	144.00	1.5e-27	3	165	00bac0
6389	RF00026	6FF4	6	1	107	118.80	1.5e-33	1	105	00bac0
6390	RF00026	9J8P	B	1	106	111.80	2e-31	1	105	00bac0
6391	RF00026	8H6E	6A	1	107	118.80	1.5e-33	1	105	00bac0
6392	RF00026	5VSU	I	1	82	54.70	3.4e-14	22	103	00bac0
6393	RF00026	8H6K	6A	1	107	118.80	1.5e-33	1	105	00bac0
6394	RF00026	8RM5	6	1	106	111.80	2e-31	1	105	00bac0
6395	RF00026	6QDV	6	1	106	111.80	2e-31	1	105	00bac0
6396	RF00026	6QX9	6	1	106	111.80	2e-31	1	105	00bac0
6397	RF00026	8R08	6	1	106	111.80	2e-31	1	105	00bac0
6398	RF00026	6ID1	F	1	107	118.80	1.5e-33	1	105	00bac0
6399	RF00026	9ESI	6	1	99	79.00	1.6e-21	1	105	00bac0
6400	RF00026	5YZG	F	1	107	118.80	1.5e-33	1	105	00bac0
6401	RF00026	7QTT	d	1	106	111.80	2e-31	1	105	00bac0
6402	RF00026	6ZYM	6	1	79	89.40	9e-25	1	77	00bac0
6403	RF00026	8QPK	6	1	106	111.80	2e-31	1	105	00bac0
6404	RF00026	8I0W	F	1	107	118.80	1.5e-33	1	105	00bac0
6405	RF00026	8QO9	6	1	106	111.80	2e-31	1	105	00bac0
6406	RF00026	8QXD	6	1	76	84.60	2.6e-23	29	105	00bac0
6407	RF00026	8I0V	F	1	107	118.80	1.5e-33	1	105	00bac0
6408	RF00026	5Y88	D	10	112	72.70	1.6e-19	1	105	00bac0
6409	RF00026	5Z57	F	1	107	118.80	1.5e-33	1	105	00bac0
6410	RF00026	6ICZ	F	1	107	118.80	1.5e-33	1	105	00bac0
6411	RF00026	8QPB	6	1	106	111.80	2e-31	1	105	00bac0
6412	RF00026	8I0S	F	1	107	118.80	1.5e-33	1	105	00bac0
6413	RF00026	6J6N	E	10	112	72.70	1.6e-19	1	105	00bac0
6414	RF00026	8Q7N	6	1	106	111.80	2e-31	1	105	00bac0
6415	RF00026	9U47	B	1	82	72.20	1.6e-19	22	105	00bac0
6416	RF00026	8CH6	d	1	106	111.80	2e-31	1	105	00bac0
6417	RF00026	5TF6	D	1	70	54.90	2.5e-14	22	91	00bac0
6418	RF00026	5Z56	F	1	107	118.80	1.5e-33	1	105	00bac0
6419	RF00026	7DCO	F	10	112	72.70	1.6e-19	1	105	00bac0
6420	RF00026	8QP9	6	1	106	111.80	2e-31	1	105	00bac0
6421	RF00026	6AH0	F	1	107	118.80	1.5e-33	1	105	00bac0
6422	RF00026	7W59	F	1	107	118.80	1.5e-33	1	105	00bac0
6423	RF00026	8QZS	6	1	106	111.80	2e-31	1	105	00bac0
6424	RF00026	8I0U	F	1	107	118.80	1.5e-33	1	105	00bac0
6425	RF00026	8R0B	6	1	106	111.80	2e-31	1	105	00bac0
6426	RF00026	8IUH	X	266	372	118.80	6.4e-33	1	105	00bac0
6427	RF00026	5LJ3	V	10	112	72.70	1.6e-19	1	105	00bac0
6428	RF00026	7W5A	F	1	107	118.80	1.5e-33	1	105	00bac0
6429	RF00026	5MQF	6	1	106	111.80	2e-31	1	105	00bac0
6430	RF00026	5ZWO	F	11	112	72.60	1.6e-19	1	105	00bac0
6431	RF00026	5O9Z	6	1	106	111.80	2e-31	1	105	00bac0
6432	RF00026	7ABI	6	1	106	111.80	2e-31	1	105	00bac0
6433	RF00026	5MPS	6	10	112	72.70	1.6e-19	1	105	00bac0
6434	RF00026	9L5S	6	1	101	95.00	2.3e-26	1	105	00bac0
6435	RF00026	8ITY	X	266	372	118.80	6.4e-33	1	105	00bac0
6436	RF00026	8R09	6	1	106	111.80	2e-31	1	105	00bac0
6437	RF00026	9ESH	6	1	99	79.00	1.6e-21	1	105	00bac0
6438	RF00026	5Z58	F	1	107	118.80	1.5e-33	1	105	00bac0
6439	RF00026	7B9V	6	10	112	72.70	1.6e-19	1	105	00bac0
6440	RF00026	6QW6	6	1	86	93.70	4.8e-26	1	84	00bac0
6441	RF00026	8QP8	6	1	106	111.80	2e-31	1	105	00bac0
6442	RF00026	5GAP	W	10	112	72.70	1.6e-19	1	105	00bac0
6443	RF00026	8H6J	6A	1	107	118.80	1.5e-33	1	105	00bac0
6444	RF00026	5MQ0	6	10	112	72.70	1.6e-19	1	105	00bac0
6445	RF00026	6J6G	E	10	112	72.70	1.6e-19	1	105	00bac0
6446	RF00026	5YLZ	D	10	112	72.70	1.6e-19	1	105	00bac0
6447	RF00026	6EXN	6	10	112	72.70	1.6e-19	1	105	00bac0
6448	RF00026	7A5P	6	1	106	111.80	2e-31	1	105	00bac0
6449	RF00026	8I0R	F	1	107	118.80	1.5e-33	1	105	00bac0
6450	RF00026	8RO2	6	1	106	111.80	2e-31	1	105	00bac0
6451	RF00026	8XI2	F	1	101	96.10	1.1e-26	1	105	00bac0
6452	RF00026	5WSG	E	10	112	72.70	1.6e-19	1	105	00bac0
6453	RF00026	6J6Q	E	10	112	72.70	1.6e-19	1	105	00bac0
6454	RF00026	9U48	B	1	99	79.00	1.6e-21	1	105	00bac0
6455	RF00026	7ABF	6	1	106	111.80	2e-31	1	105	00bac0
6456	RF00026	7W5B	F	1	107	118.80	1.5e-33	1	105	00bac0
6457	RF00026	4N0T	B	1	70	49.80	9.1e-13	22	91	00bac0
6458	RF00026	8RO1	6	1	101	109.40	9.7e-31	1	105	00bac0
6459	RF00026	6ASO	I	1	84	59.60	1.1e-15	22	105	00bac0
6460	RF00026	8R0A	6	1	106	111.80	2e-31	1	105	00bac0
6461	RF00026	8H6L	6A	1	107	118.80	1.5e-33	1	105	00bac0
6462	RF00026	6FF7	6	1	107	118.80	1.5e-33	1	105	00bac0
6463	RF00026	5NRL	6	10	112	72.70	1.6e-19	1	105	00bac0
6464	RF00026	6AHD	F	1	107	118.80	1.5e-33	1	105	00bac0
6465	RF00026	5ZWM	F	11	112	72.60	1.6e-19	1	105	00bac0
6466	RF00026	8IUE	X	266	372	118.80	6.4e-33	1	105	00bac0
6467	RF00026	5GMK	E	10	112	72.70	1.6e-19	1	105	00bac0
6468	RF00026	8RO0	6	1	101	109.40	9.7e-31	1	105	00bac0
6469	RF00026	3JCM	D	10	112	72.70	1.6e-19	1	105	00bac0
6470	RF00026	5LQW	6	10	112	72.70	1.6e-19	1	105	00bac0
6471	RF00026	3JB9	N	1	99	79.00	1.6e-21	1	105	00bac0
6472	RF00026	9L5T	6	1	101	95.00	2.3e-26	1	105	00bac0
6473	RF00026	8I0T	F	1	107	118.80	1.5e-33	1	105	00bac0
6474	RF00026	3JCR	N	1	106	111.80	2e-31	1	105	00bac0
6475	RF00026	8I0P	F	1	107	118.80	1.5e-33	1	105	00bac0
6476	RF00026	7AAV	6	1	106	111.80	2e-31	1	105	00bac0
6477	RF00026	7ABG	6	1	106	111.80	2e-31	1	105	00bac0
6478	RF00026	6J6H	E	10	112	72.70	1.6e-19	1	105	00bac0
6479	RF00026	8C6J	6	1	106	111.80	2e-31	1	105	00bac0
6480	RF00026	6ID0	F	1	107	118.80	1.5e-33	1	105	00bac0
6481	RF00026	8QPA	6	1	106	111.80	2e-31	1	105	00bac0
6482	RF00026	8QPE	6	1	106	111.80	2e-31	1	105	00bac0
6483	RF00026	8QOZ	6	1	106	111.80	2e-31	1	105	00bac0
6484	RF00026	5TF6	B	1	70	54.90	2.5e-14	22	91	00bac0
6485	RF00026	6BK8	6	10	112	72.70	1.6e-19	1	105	00bac0
6486	RF00026	5LJ5	V	10	112	72.70	1.6e-19	1	105	00bac0
6487	RF00026	9L5R	6	1	101	95.00	2.3e-26	1	105	00bac0
6488	RF00026	5GAN	W	10	112	72.70	1.6e-19	1	105	00bac0
6489	RF00026	9DTR	6	10	112	72.70	1.6e-19	1	105	00bac0
6490	RF00026	5GM6	E	10	112	72.70	1.6e-19	1	105	00bac0
6491	RF00026	5XJC	F	1	107	118.80	1.5e-33	1	105	00bac0
6492	RF00026	9FMD	6	1	106	111.80	2e-31	1	105	00bac0
6493	RF00027	5ZAL	C	1	70	58.90	6.1e-13	7	78	00bac0
6494	RF00027	9ASN	E	16	104	78.80	5.2e-18	1	84	00bac0
6495	RF00027	9ASQ	E	25	111	81.40	1.2e-18	1	84	00bac0
6496	RF00027	9ASM	E	25	111	81.40	1.2e-18	1	84	00bac0
6497	RF00027	9ASO	E	25	100	70.10	1.1e-15	1	84	00bac0
6498	RF00027	5ZAM	C	1	70	58.90	6.1e-13	7	78	00bac0
6499	RF00027	9ASP	E	18	99	76.20	2.5e-17	1	84	00bac0
6500	RF00028	7EZ0	N	6	312	122.50	5.6e-34	1	253	00bac0
6501	RF00028	7XD6	N	24	330	122.50	6.3e-34	1	253	00bac0
6502	RF00028	8HD7	N	32	338	116.30	4.5e-32	1	253	00bac0
6503	RF00028	7XSK	N	6	312	122.50	5.6e-34	1	253	00bac0
6504	RF00028	9CBU	N	6	312	122.50	5.6e-34	1	253	00bac0
6505	RF00028	1Y0Q	A	1	192	78.50	5.2e-21	21	253	00bac0
6506	RF00028	7YG9	N	11	317	122.50	5.7e-34	1	253	00bac0
6507	RF00028	7XSM	N	6	312	122.50	5.6e-34	1	253	00bac0
6508	RF00028	7XD4	N	32	338	122.50	6.1e-34	1	253	00bac0
6509	RF00028	7YGC	N	11	317	122.50	5.7e-34	1	253	00bac0
6510	RF00028	7YC8	N	11	317	122.50	5.7e-34	1	253	00bac0
6511	RF00028	7XSL	N	6	312	122.50	5.6e-34	1	253	00bac0
6512	RF00028	7R6L	A	14	322	117.10	2.3e-32	1	253	00bac0
6513	RF00028	7EZ2	N	11	317	122.50	5.7e-34	1	253	00bac0
6514	RF00028	1X8W	C	1	237	104.00	1.3e-28	49	253	00bac0
6515	RF00028	1X8W	B	1	237	104.00	1.3e-28	49	253	00bac0
6516	RF00028	7YG8	N	11	317	122.50	5.7e-34	1	253	00bac0
6517	RF00028	9CBY	N	6	312	122.50	5.6e-34	1	253	00bac0
6518	RF00028	8TJU	A	1	101	51.60	1.1e-12	114	253	00bac0
6519	RF00028	9CBX	N	6	312	122.50	5.6e-34	1	253	00bac0
6520	RF00028	8HD6	N	32	338	116.30	4.5e-32	1	253	00bac0
6521	RF00028	1GRZ	A	1	237	117.10	1.5e-32	49	253	00bac0
6522	RF00028	1GRZ	B	1	237	117.10	1.5e-32	49	253	00bac0
6523	RF00028	2RKJ	G	1	209	80.30	1.6e-21	21	253	00bac0
6524	RF00028	2RKJ	K	1	209	80.30	1.6e-21	21	253	00bac0
6525	RF00028	9KGH	U	1	216	60.00	2e-15	15	253	00bac0
6526	RF00028	9KGG	U	5	219	58.90	4.5e-15	1	253	00bac0
6527	RF00028	7YCI	N	11	317	122.50	5.7e-34	1	253	00bac0
6528	RF00028	7XD3	N	32	338	122.50	6.2e-34	1	253	00bac0
6529	RF00028	7YGA	N	11	317	122.50	5.7e-34	1	253	00bac0
6530	RF00028	7YGD	N	11	317	122.50	5.7e-34	1	253	00bac0
6531	RF00028	8TJX	N	1	103	50.80	2e-12	121	253	00bac0
6532	RF00028	7YCH	N	11	317	122.50	5.7e-34	1	253	00bac0
6533	RF00028	7YCG	N	11	317	122.50	5.7e-34	1	253	00bac0
6534	RF00028	7R6M	A	7	315	117.10	2.4e-32	1	253	00bac0
6535	RF00028	1X8W	D	1	237	104.00	1.3e-28	49	253	00bac0
6536	RF00028	7R6N	A	7	315	120.40	2.5e-33	1	253	00bac0
6537	RF00028	7YGB	N	11	317	122.50	5.7e-34	1	253	00bac0
6538	RF00028	2RKJ	O	1	209	80.30	1.6e-21	21	253	00bac0
6539	RF00028	7XD5	N	9	315	122.50	5.8e-34	1	253	00bac0
6540	RF00028	9CBW	N	6	312	122.50	5.6e-34	1	253	00bac0
6541	RF00028	7XD7	N	18	324	122.50	5.9e-34	1	253	00bac0
6542	RF00028	7XSN	N	6	312	122.50	5.6e-34	1	253	00bac0
6543	RF00028	9MQU	A	1	290	96.40	3.4e-26	1	253	00bac0
6544	RF00028	9MQS	A	1	290	96.40	3.4e-26	1	253	00bac0
6545	RF00028	9MQT	A	1	290	96.40	3.4e-26	1	253	00bac0
6546	RF00028	8TJQ	N	1	103	50.80	2e-12	121	253	00bac0
6547	RF00028	1X8W	A	1	237	104.00	1.3e-28	49	253	00bac0
6548	RF00028	2RKJ	C	1	209	80.30	1.6e-21	21	253	00bac0
6549	RF00028	8I7N	N	32	338	116.30	4.5e-32	1	253	00bac0
6550	RF00028	6WLS	A	6	312	122.50	5.6e-34	1	253	00bac0
6551	RF00028	7UVT	A	6	312	122.50	5.6e-34	1	253	00bac0
6552	RF00029	1KXK	A	18	70	48.40	1.1e-09	1	54	00bac0
6553	RF00029	4R0D	A	548	621	73.10	8e-15	1	77	00bac0
6554	RF00029	8T2T	B	559	638	49.10	6.5e-09	1	77	00bac0
6555	RF00029	8K0R	C	563	633	47.00	2e-08	1	77	00bac0
6556	RF00029	8K15	C	556	621	45.00	6.4e-08	1	77	00bac0
6557	RF00029	2F88	A	1	34	41.40	2.7e-08	3	36	00bac0
6558	RF00029	6ME0	A	789	866	55.80	2e-10	1	77	00bac0
6559	RF00029	8T2R	B	559	638	49.10	6.5e-09	1	77	00bac0
6560	RF00029	3G78	A	355	412	41.10	3.8e-07	1	77	00bac0
6561	RF00029	8FLI	A	807	884	55.30	2.7e-10	1	77	00bac0
6562	RF00029	7UIM	B	559	638	49.10	6.5e-09	1	77	00bac0
6563	RF00029	5G2Y	A	595	692	53.10	7.2e-10	1	77	00bac0
6564	RF00029	5G2X	A	595	692	53.10	7.2e-10	1	77	00bac0
6565	RF00029	6CHR	A	548	621	73.10	8e-15	1	77	00bac0
6566	RF00029	8T2S	B	573	652	49.10	6.6e-09	1	77	00bac0
6567	RF00029	6CIH	A	548	621	73.10	7.9e-15	1	77	00bac0
6568	RF00029	8H2H	A	805	902	53.10	9.3e-10	1	77	00bac0
6569	RF00029	8K0S	C	567	637	47.00	2e-08	1	77	00bac0
6570	RF00029	2LPT	A	1	34	41.40	2.7e-08	3	36	00bac0
6571	RF00029	3EOG	A	355	412	41.10	3.8e-07	1	77	00bac0
6572	RF00029	6MEC	A	789	866	55.80	2e-10	1	77	00bac0
6573	RF00029	8K0Q	C	563	633	47.00	2e-08	1	77	00bac0
6574	RF00029	8K0Q	A	563	633	47.00	2e-08	1	77	00bac0
6575	RF00029	7UIN	B	559	638	49.10	6.5e-09	1	77	00bac0
6576	RF00029	7D1A	A	805	902	53.10	9.3e-10	1	77	00bac0
6577	RF00029	3EOH	A	355	412	41.10	3.8e-07	1	77	00bac0
6578	RF00029	1R2P	A	1	34	43.80	6.9e-09	3	36	00bac0
6579	RF00029	8K0R	A	563	633	47.00	2e-08	1	77	00bac0
6580	RF00029	8K0P	A	563	633	47.00	2e-08	1	77	00bac0
6581	RF00029	2LPS	A	1	34	43.80	6.9e-09	3	36	00bac0
6582	RF00029	3BWP	A	355	412	41.10	3.8e-07	1	77	00bac0
6583	RF00029	7D0F	A	817	913	42.30	4.2e-07	1	77	00bac0
6584	RF00029	3IGI	A	355	412	41.10	3.8e-07	1	77	00bac0
6585	RF00029	8K0S	A	567	637	47.00	2e-08	1	77	00bac0
6586	RF00029	8K0P	C	563	633	47.00	2e-08	1	77	00bac0
6587	RF00030	7C7A	A	3	332	73.90	3.5e-21	1	266	00bac0
6588	RF00030	7C79	A	3	332	73.90	3.5e-21	1	266	00bac0
6589	RF00030	7DA7	C	1	150	110.90	3.8e-33	1	266	00bac0
6590	RF00030	7DAS	C	1	150	110.90	3.8e-33	1	266	00bac0
6591	RF00030	6W6V	A	3	332	74.10	2.8e-21	1	266	00bac0
6592	RF00031	7ZJX	S	700	765	41.40	3.8e-07	1	64	00bac0
6593	RF00031	7ZJW	S	700	765	41.40	3.8e-07	1	64	00bac0
6594	RF00032	6V4X	Y	1	46	40.70	6e-12	1	46	00bac0
6595	RF00036	8URJ	G	23	355	353.70	1.1e-110	1	330	00bac0
6596	RF00037	3SNP	D	1	30	43.70	2.6e-10	4	33	00bac0
6597	RF00037	3SNP	C	1	30	43.70	2.6e-10	4	33	00bac0
6598	RF00044	7JQQ	K	3	115	133.80	3e-35	1	113	00bac0
6599	RF00044	6QYZ	B	3	120	145.40	1.5e-38	1	118	00bac0
6600	RF00044	1FOQ	E	3	120	145.40	1.5e-38	1	118	00bac0
6601	RF00044	6QYZ	A	3	120	145.40	1.5e-38	1	118	00bac0
6602	RF00044	6QYZ	D	3	120	145.40	1.5e-38	1	118	00bac0
6603	RF00044	6QYZ	C	3	120	145.40	1.5e-38	1	118	00bac0
6604	RF00044	1FOQ	A	3	120	145.40	1.5e-38	1	118	00bac0
6605	RF00044	1FOQ	D	3	120	145.40	1.5e-38	1	118	00bac0
6606	RF00044	7JQQ	M	3	115	133.80	3e-35	1	113	00bac0
6607	RF00044	7JQQ	O	3	115	133.80	3e-35	1	113	00bac0
6608	RF00044	1FOQ	B	3	120	145.40	1.5e-38	1	118	00bac0
6609	RF00044	1FOQ	C	3	120	145.40	1.5e-38	1	118	00bac0
6610	RF00044	7JQQ	L	3	115	133.80	3e-35	1	113	00bac0
6611	RF00044	7JQQ	N	3	115	133.80	3e-35	1	113	00bac0
6612	RF00044	6QYZ	E	3	120	145.40	1.5e-38	1	118	00bac0
6613	RF00050	6WJS	X	1	112	110.10	8.4e-28	3	136	00bac0
6614	RF00050	3F2Q	X	1	112	110.10	8.4e-28	3	136	00bac0
6615	RF00050	3F2T	X	1	112	110.10	8.4e-28	3	136	00bac0
6616	RF00050	3F2Y	X	1	112	110.10	8.4e-28	3	136	00bac0
6617	RF00050	3F2X	X	1	112	110.10	8.4e-28	3	136	00bac0
6618	RF00050	3F2W	X	1	112	110.10	8.4e-28	3	136	00bac0
6619	RF00050	3F30	X	1	112	110.10	8.4e-28	3	136	00bac0
6620	RF00050	6WJR	X	1	112	110.10	8.4e-28	3	136	00bac0
6621	RF00051	9OBM	A	1	72	66.40	6.5e-16	3	80	00bac0
6622	RF00059	8F4O	B	2	81	65.80	7e-14	6	93	00bac0
6623	RF00059	2CKY	A	6	73	60.40	1.4e-12	10	89	00bac0
6624	RF00059	8F4O	A	2	81	65.80	7e-14	6	93	00bac0
6625	RF00059	7TZR	X	1	80	63.70	2.3e-13	6	93	00bac0
6626	RF00059	2HOM	A	2	81	65.80	7e-14	6	93	00bac0
6627	RF00059	2GDI	X	1	80	63.70	2.3e-13	6	93	00bac0
6628	RF00059	4NYB	A	2	81	65.80	7e-14	6	93	00bac0
6629	RF00059	3D2X	B	6	73	60.40	1.4e-12	10	89	00bac0
6630	RF00059	7TDA	A	2	81	65.80	7e-14	6	93	00bac0
6631	RF00059	2HOP	A	2	81	65.80	7e-14	6	93	00bac0
6632	RF00059	4NYA	A	1	80	63.70	2.3e-13	6	93	00bac0
6633	RF00059	9C6K	X	308	404	72.10	1.2e-14	1	105	00bac0
6634	RF00059	3K0J	E	2	86	62.60	4.4e-13	6	93	00bac0
6635	RF00059	4NYG	A	2	81	65.80	7e-14	6	93	00bac0
6636	RF00059	4NYC	A	2	81	65.80	7e-14	6	93	00bac0
6637	RF00059	2HOL	A	2	81	65.80	7e-14	6	93	00bac0
6638	RF00059	7TD7	A	2	81	65.80	7e-14	6	93	00bac0
6639	RF00059	3K0J	F	2	86	62.60	4.4e-13	6	93	00bac0
6640	RF00059	7TDB	A	2	81	65.80	7e-14	6	93	00bac0
6641	RF00059	3D2X	A	6	73	60.40	1.4e-12	10	89	00bac0
6642	RF00059	2HOK	A	2	81	65.80	7e-14	6	93	00bac0
6643	RF00059	9C6J	A	309	405	72.10	1.2e-14	1	105	00bac0
6644	RF00059	4NYA	B	1	80	63.70	2.3e-13	6	93	00bac0
6645	RF00059	4NYD	A	2	81	65.80	7e-14	6	93	00bac0
6646	RF00059	3D2V	A	6	73	60.40	1.4e-12	10	89	00bac0
6647	RF00059	3D2G	B	6	73	60.40	1.4e-12	10	89	00bac0
6648	RF00059	3D2V	B	6	73	60.40	1.4e-12	10	89	00bac0
6649	RF00059	7TZS	X	1	80	63.70	2.3e-13	6	93	00bac0
6650	RF00059	2HOO	A	2	81	65.80	7e-14	6	93	00bac0
6651	RF00059	2HOJ	A	2	81	65.80	7e-14	6	93	00bac0
6652	RF00059	2CKY	B	6	73	60.40	1.4e-12	10	89	00bac0
6653	RF00059	2GDI	Y	1	80	63.70	2.3e-13	6	93	00bac0
6654	RF00059	7TZT	A	2	81	65.80	7e-14	6	93	00bac0
6655	RF00059	3D2G	A	6	73	60.40	1.4e-12	10	89	00bac0
6656	RF00059	7TZR	Y	1	80	63.70	2.3e-13	6	93	00bac0
6657	RF00059	7TZS	Y	1	80	63.70	2.3e-13	6	93	00bac0
6658	RF00059	7TZU	A	2	81	65.80	7e-14	6	93	00bac0
6659	RF00059	7TDC	A	2	81	65.80	7e-14	6	93	00bac0
6660	RF00061	5A2Q	3	1	257	298.20	1.5e-94	37	342	00bac0
6661	RF00061	6IP8	zz	1	290	359.20	3e-114	37	327	00bac0
6662	RF00061	7SYI	z	2	354	433.70	3.1e-138	1	352	00bac0
6663	RF00061	7SYX	z	2	354	433.70	3.1e-138	1	352	00bac0
6664	RF00061	4UJD	BC	2	354	434.20	2.7e-138	1	352	00bac0
6665	RF00061	7SYG	z	2	354	433.70	3.1e-138	1	352	00bac0
6666	RF00061	7SYL	z	2	354	433.70	3.1e-138	1	352	00bac0
6667	RF00061	7SYR	z	2	354	433.70	3.1e-138	1	352	00bac0
6668	RF00061	7SYV	z	2	354	433.70	3.1e-138	1	352	00bac0
6669	RF00061	7SYW	z	2	354	433.70	3.1e-138	1	352	00bac0
6670	RF00061	7SYM	z	2	354	433.70	3.1e-138	1	352	00bac0
6671	RF00061	7SYU	z	2	354	433.70	3.1e-138	1	352	00bac0
6672	RF00061	7SYJ	z	2	354	433.70	3.1e-138	1	352	00bac0
6673	RF00061	7SYQ	z	2	354	433.70	3.1e-138	1	352	00bac0
6674	RF00061	5FLX	z	2	354	434.20	2.7e-138	1	352	00bac0
6675	RF00061	7SYT	z	2	354	433.70	3.1e-138	1	352	00bac0
6676	RF00061	7SYK	z	2	354	433.70	3.1e-138	1	352	00bac0
6677	RF00061	4UJC	AC	2	354	434.20	2.7e-138	1	352	00bac0
6678	RF00061	7SYS	z	2	354	433.70	3.1e-138	1	352	00bac0
6679	RF00061	7SYN	z	2	354	433.70	3.1e-138	1	352	00bac0
6680	RF00061	7SYP	z	2	354	433.70	3.1e-138	1	352	00bac0
6681	RF00061	6IP6	zz	1	290	359.20	3e-114	37	327	00bac0
6682	RF00061	7SYO	z	2	354	433.70	3.1e-138	1	352	00bac0
6683	RF00061	5OA3	3	2	254	300.80	2.2e-95	1	352	00bac0
6684	RF00061	7SYH	z	2	354	433.70	3.1e-138	1	352	00bac0
6685	RF00066	6V4X	Z	1	60	65.90	3e-15	2	60	00bac0
6686	RF00075	7ELD	B	18	118	79.80	1.7e-20	1	111	00bac0
6687	RF00080	6CC3	B	2	87	54.20	1.1e-14	10	177	00bac0
6688	RF00080	6CC1	A	2	87	48.00	7.6e-13	10	177	00bac0
6689	RF00080	6CC1	B	2	87	48.00	7.6e-13	10	177	00bac0
6690	RF00080	6CC3	A	2	87	54.20	1.1e-14	10	177	00bac0
6691	RF00083	8B0J	K	1	207	213.70	1.9e-58	1	214	00bac0
6692	RF00083	8B0I	K	1	207	213.70	1.9e-58	1	214	00bac0
6693	RF00094	1VC6	B	2	76	58.10	5.8e-09	1	87	00bac0
6694	RF00094	1VBZ	B	2	76	58.10	5.8e-09	1	87	00bac0
6695	RF00094	2OJ3	B	2	75	58.20	5.2e-09	1	86	00bac0
6696	RF00094	1SJ3	R	2	76	58.10	5.8e-09	1	87	00bac0
6697	RF00094	2OIH	B	2	75	58.20	5.2e-09	1	86	00bac0
6698	RF00094	1VBX	B	2	76	58.10	5.8e-09	1	87	00bac0
6699	RF00094	4PR6	B	71	144	60.20	4.2e-09	1	86	00bac0
6700	RF00094	1DRZ	B	1	72	56.00	1.3e-08	3	86	00bac0
6701	RF00094	4PRF	B	2	76	58.10	5.8e-09	1	87	00bac0
6702	RF00094	1VC0	B	2	76	58.10	5.8e-09	1	87	00bac0
6703	RF00094	1VBY	B	2	76	58.10	5.8e-09	1	87	00bac0
6704	RF00094	1SJF	B	2	76	58.10	5.8e-09	1	87	00bac0
6705	RF00094	1VC5	B	2	76	60.50	2e-09	1	87	00bac0
6706	RF00094	1SJ4	R	2	76	58.10	5.8e-09	1	87	00bac0
6707	RF00100	6MCF	A	1	57	43.40	1.8e-11	24	87	00bac0
6708	RF00100	5LYV	B	1	57	47.90	8.3e-13	24	87	00bac0
6709	RF00100	7T1N	A	1	56	50.30	1.6e-13	24	87	00bac0
6710	RF00100	5LYU	A	2	58	47.90	8.4e-13	24	87	00bac0
6711	RF00100	6MCI	A	1	57	43.40	1.8e-11	24	87	00bac0
6712	RF00100	7SLQ	R	17	64	45.50	4.8e-12	284	331	00bac0
6713	RF00100	7T1O	A	1	56	50.30	1.6e-13	24	87	00bac0
6714	RF00100	5LYV	A	1	57	47.90	8.3e-13	24	87	00bac0
6715	RF00100	5LYS	B	1	57	47.90	8.3e-13	24	87	00bac0
6716	RF00100	5LYS	A	1	57	47.90	8.3e-13	24	87	00bac0
6717	RF00100	5IEM	A	1	57	47.90	8.3e-13	24	87	00bac0
6718	RF00100	5LYU	B	2	58	47.90	8.4e-13	24	87	00bac0
6719	RF00100	7T1P	A	1	56	50.30	1.6e-13	24	87	00bac0
6720	RF00102	6OL3	C	1	111	70.80	9.3e-12	23	133	00bac0
6721	RF00106	9GMA	K	787	891	73.70	2.1e-13	1	102	00bac0
6722	RF00106	9GM9	K	787	891	73.70	2.1e-13	1	102	00bac0
6723	RF00114	2VAZ	A	64	177	101.60	1.7e-25	1	117	00bac0
6724	RF00114	8K4E	V	3	72	44.00	4.2e-10	1	72	00bac0
6725	RF00162	3V7E	C	1	125	85.90	5.9e-22	1	108	00bac0
6726	RF00162	5FJC	A	1	93	80.80	1.4e-20	1	108	00bac0
6727	RF00162	2GIS	A	1	93	87.70	1.3e-22	1	108	00bac0
6728	RF00162	5FK6	A	1	93	80.50	1.7e-20	1	108	00bac0
6729	RF00162	2YDH	A	1	93	82.00	6.2e-21	1	108	00bac0
6730	RF00162	5FKH	A	1	93	80.30	1.9e-20	1	108	00bac0
6731	RF00162	3IQN	A	1	93	84.70	1e-21	1	108	00bac0
6732	RF00162	3GX7	A	1	93	80.00	2.4e-20	1	108	00bac0
6733	RF00162	3IQR	A	1	93	87.70	1.3e-22	1	108	00bac0
6734	RF00162	2YGH	A	1	93	83.50	2.4e-21	1	108	00bac0
6735	RF00162	3IQP	A	1	93	87.70	1.3e-22	1	108	00bac0
6736	RF00162	4B5R	A	1	93	82.80	3.6e-21	1	108	00bac0
6737	RF00162	5FK3	A	1	93	79.60	3e-20	1	108	00bac0
6738	RF00162	4AOB	A	1	93	71.20	8.6e-18	1	108	00bac0
6739	RF00162	5FK5	A	1	93	82.10	5.8e-21	1	108	00bac0
6740	RF00162	7EAF	A	1	93	82.40	4.8e-21	1	108	00bac0
6741	RF00162	4KQY	A	2	118	98.60	1.2e-25	1	108	00bac0
6742	RF00162	3V7E	D	1	125	85.90	5.9e-22	1	108	00bac0
6743	RF00162	5FKD	A	1	93	80.80	1.3e-20	1	108	00bac0
6744	RF00162	5FKF	A	1	93	80.00	2.3e-20	1	108	00bac0
6745	RF00162	5FK4	A	1	93	80.70	1.5e-20	1	108	00bac0
6746	RF00162	3GX3	A	1	93	86.30	3.6e-22	1	108	00bac0
6747	RF00162	3GX5	A	1	93	86.30	3.6e-22	1	108	00bac0
6748	RF00162	5FKE	A	1	93	79.90	2.6e-20	1	108	00bac0
6749	RF00162	3GX6	A	1	93	86.30	3.6e-22	1	108	00bac0
6750	RF00162	5FK2	A	1	93	80.70	1.4e-20	1	108	00bac0
6751	RF00162	5FKG	A	1	93	79.10	4.2e-20	1	108	00bac0
6752	RF00162	3GX2	A	1	93	86.30	3.6e-22	1	108	00bac0
6753	RF00162	5FK1	A	1	93	81.60	8.3e-21	1	108	00bac0
6754	RF00163	8T5O	A	16	109	36.20	1.9e-08	1	45	00bac0
6755	RF00163	8TKJ	A	16	109	36.20	1.9e-08	1	45	00bac0
6756	RF00164	1XJR	A	4	46	65.60	9.1e-17	1	43	00bac0
6757	RF00166	2MF1	G	1	72	60.00	3.4e-14	3	76	00bac0
6758	RF00166	2MF0	G	1	72	60.00	3.4e-14	3	76	00bac0
6759	RF00166	7YR6	A	1	118	72.60	2.5e-17	1	133	00bac0
6760	RF00166	7YR7	A	1	118	72.60	2.5e-17	1	133	00bac0
6761	RF00167	9LKC	A	2	71	43.70	3.4e-07	19	87	00bac0
6762	RF00167	9IWG	A	1	69	47.10	5e-08	20	86	00bac0
6763	RF00167	2EEW	A	1	67	62.30	1e-11	19	87	00bac0
6764	RF00167	9V50	A	2	71	43.70	3.4e-07	19	87	00bac0
6765	RF00167	2XNZ	A	1	67	64.40	3.1e-12	19	87	00bac0
6766	RF00167	2EET	A	1	67	63.70	4.7e-12	19	87	00bac0
6767	RF00167	2B57	A	1	65	63.40	5.3e-12	20	86	00bac0
6768	RF00167	9IWG	B	1	69	47.10	5e-08	20	86	00bac0
6769	RF00167	9IWF	A	1	69	42.80	5.4e-07	20	86	00bac0
6770	RF00167	6VWT	B	2	70	59.50	5.1e-11	18	88	00bac0
6771	RF00167	2EEV	A	1	67	57.30	1.6e-10	19	87	00bac0
6772	RF00167	5SWE	X	2	70	59.50	5.1e-11	18	88	00bac0
6773	RF00167	4FE5	B	1	67	66.60	9.4e-13	19	87	00bac0
6774	RF00167	3IVN	B	1	69	61.50	1.7e-11	18	88	00bac0
6775	RF00167	3GAO	A	1	67	66.60	9.4e-13	19	87	00bac0
6776	RF00167	9V4U	A	2	71	43.70	3.4e-07	19	87	00bac0
6777	RF00167	9LMC	A	2	71	43.70	3.4e-07	19	87	00bac0
6778	RF00167	9LKF	A	2	71	43.70	3.4e-07	19	87	00bac0
6779	RF00167	5E54	A	2	70	59.50	5.1e-11	18	88	00bac0
6780	RF00167	9V4Z	A	2	71	43.70	3.4e-07	19	87	00bac0
6781	RF00167	3GOG	A	1	67	63.70	4.7e-12	19	87	00bac0
6782	RF00167	2XO0	A	1	67	64.40	3.1e-12	19	87	00bac0
6783	RF00167	4FEN	B	1	67	64.90	2.4e-12	19	87	00bac0
6784	RF00167	5C7U	B	1	67	66.60	9.4e-13	19	87	00bac0
6785	RF00167	9LKE	A	1	70	43.70	3.4e-07	19	87	00bac0
6786	RF00167	4FEL	B	1	67	65.80	1.5e-12	19	87	00bac0
6787	RF00167	9LMC	B	2	71	43.70	3.4e-07	19	87	00bac0
6788	RF00167	1Y27	X	2	68	66.20	1.2e-12	19	87	00bac0
6789	RF00167	3FO4	A	1	67	64.40	3.2e-12	19	87	00bac0
6790	RF00167	9V4Y	A	2	71	43.70	3.4e-07	19	87	00bac0
6791	RF00167	4TZY	X	2	70	59.50	5.1e-11	18	88	00bac0
6792	RF00167	3RKF	D	1	67	58.60	7.8e-11	19	87	00bac0
6793	RF00167	6UBU	B	1	67	66.60	9.4e-13	19	87	00bac0
6794	RF00167	3DS7	B	1	67	44.30	2.3e-07	19	87	00bac0
6795	RF00167	6VWT	A	2	70	59.50	5.1e-11	18	88	00bac0
6796	RF00167	2XO1	A	3	65	62.60	8.6e-12	21	85	00bac0
6797	RF00167	3GER	A	1	67	66.60	9.4e-13	19	87	00bac0
6798	RF00167	9V51	A	2	71	43.70	3.4e-07	19	87	00bac0
6799	RF00167	4XNR	X	2	70	59.50	5.1e-11	18	88	00bac0
6800	RF00167	5UZA	X	2	70	59.50	5.1e-11	18	88	00bac0
6801	RF00167	4LX6	A	3	69	59.60	4.8e-11	19	87	00bac0
6802	RF00167	4FEJ	B	1	67	65.70	1.5e-12	19	87	00bac0
6803	RF00167	4FEO	B	1	67	63.60	5e-12	19	87	00bac0
6804	RF00167	3DS7	A	1	67	44.30	2.3e-07	19	87	00bac0
6805	RF00167	6VWV	A	2	70	59.50	5.1e-11	18	88	00bac0
6806	RF00167	3GOT	A	1	67	64.40	3.1e-12	19	87	00bac0
6807	RF00167	3RKF	B	1	67	58.60	7.8e-11	19	87	00bac0
6808	RF00167	1Y26	X	3	69	65.10	2.3e-12	19	87	00bac0
6809	RF00167	6VWV	B	2	70	59.50	5.1e-11	18	88	00bac0
6810	RF00167	3RKF	A	1	67	58.60	7.8e-11	19	87	00bac0
6811	RF00167	2EES	A	1	67	63.70	4.7e-12	19	87	00bac0
6812	RF00167	9LJN	A	2	71	43.70	3.4e-07	19	87	00bac0
6813	RF00167	4TZX	X	2	70	59.50	5.1e-11	18	88	00bac0
6814	RF00167	2EEU	A	1	67	57.00	2e-10	19	87	00bac0
6815	RF00167	9V4X	A	2	71	43.70	3.4e-07	19	87	00bac0
6816	RF00167	5SWD	B	2	70	59.50	5.1e-11	18	88	00bac0
6817	RF00167	6UC8	B	1	67	66.60	9.4e-13	19	87	00bac0
6818	RF00167	3RKF	C	1	67	58.60	7.8e-11	19	87	00bac0
6819	RF00167	9IWF	B	1	69	42.80	5.4e-07	20	86	00bac0
6820	RF00167	4LX5	A	3	69	57.50	1.6e-10	19	87	00bac0
6821	RF00167	6P2H	A	6	60	38.00	7.6e-06	26	80	00bac0
6822	RF00167	2G9C	A	1	67	64.40	3.1e-12	19	87	00bac0
6823	RF00167	5E54	B	2	70	59.50	5.1e-11	18	88	00bac0
6824	RF00167	9V4V	A	2	71	43.70	3.4e-07	19	87	00bac0
6825	RF00167	3LA5	A	3	69	57.60	1.5e-10	19	87	00bac0
6826	RF00167	6UC7	B	1	67	66.60	9.4e-13	19	87	00bac0
6827	RF00167	3GES	A	1	67	64.40	3.1e-12	19	87	00bac0
6828	RF00167	3FO6	A	1	67	66.60	9.5e-13	19	87	00bac0
6829	RF00167	3G4M	A	1	67	66.60	9.4e-13	19	87	00bac0
6830	RF00167	5SWD	A	2	70	59.50	5.1e-11	18	88	00bac0
6831	RF00167	4FEP	B	1	67	62.70	8.1e-12	19	87	00bac0
6832	RF00167	6UC9	B	1	67	66.60	9.4e-13	19	87	00bac0
6833	RF00167	5C7W	C	1	67	61.00	2.2e-11	19	87	00bac0
6834	RF00167	2XNW	A	1	67	64.40	3.1e-12	19	87	00bac0
6835	RF00167	3IVN	A	1	69	61.50	1.7e-11	18	88	00bac0
6836	RF00168	3DIZ	A	4	173	106.30	3.5e-30	6	179	00bac0
6837	RF00168	3DIX	A	4	173	106.30	3.5e-30	6	179	00bac0
6838	RF00168	4ERL	A	1	160	89.80	3.4e-25	6	177	00bac0
6839	RF00168	3DIS	A	4	173	106.30	3.5e-30	6	179	00bac0
6840	RF00168	3DIY	A	4	173	106.30	3.5e-30	6	179	00bac0
6841	RF00168	3DJ2	A	4	173	106.30	3.5e-30	6	179	00bac0
6842	RF00168	3DJ0	A	4	173	106.30	3.5e-30	6	179	00bac0
6843	RF00168	3D0X	A	1	160	89.80	3.4e-25	6	177	00bac0
6844	RF00168	3DIR	A	4	173	106.30	3.5e-30	6	179	00bac0
6845	RF00168	4ERJ	A	1	160	89.80	3.4e-25	6	177	00bac0
6846	RF00168	3DIQ	A	4	173	106.30	3.5e-30	6	179	00bac0
6847	RF00168	3DIL	A	4	173	106.30	3.5e-30	6	179	00bac0
6848	RF00168	3DIO	X	4	173	106.30	3.5e-30	6	179	00bac0
6849	RF00168	3DIM	A	4	173	106.30	3.5e-30	6	179	00bac0
6850	RF00168	3DIG	X	4	173	106.30	3.5e-30	6	179	00bac0
6851	RF00168	3D0U	A	1	160	89.80	3.4e-25	6	177	00bac0
6852	RF00169	5NCO	1	6	102	68.10	4.4e-16	1	97	00bac0
6853	RF00169	5GAF	1	9	105	68.10	4.8e-16	1	97	00bac0
6854	RF00169	2XKV	B	15	97	52.30	1.4e-11	1	97	00bac0
6855	RF00169	2IY3	B	9	105	65.40	2.8e-15	1	97	00bac0
6856	RF00169	2V3C	M	46	90	42.30	7.5e-09	23	67	00bac0
6857	RF00169	2J28	8	3	73	42.80	4.2e-09	1	97	00bac0
6858	RF00169	1LNG	B	48	92	42.30	7.6e-09	23	67	00bac0
6859	RF00169	1Z43	A	50	94	42.30	7.9e-09	23	67	00bac0
6860	RF00169	5GAH	1	9	105	68.10	4.8e-16	1	97	00bac0
6861	RF00169	5AKA	7	1	74	51.30	1.7e-11	11	82	00bac0
6862	RF00169	3ZN8	G	2	88	59.40	1.1e-13	1	97	00bac0
6863	RF00169	2V3C	N	46	90	42.30	7.5e-09	23	67	00bac0
6864	RF00169	2XXA	F	4	102	68.40	3.8e-16	1	97	00bac0
6865	RF00169	5GAD	1	9	105	68.10	4.8e-16	1	97	00bac0
6866	RF00169	4XCO	E	46	90	42.30	7.5e-09	23	67	00bac0
6867	RF00169	5GAG	1	9	105	68.10	4.8e-16	1	97	00bac0
6868	RF00169	2XXA	G	4	102	68.40	3.8e-16	1	97	00bac0
6869	RF00169	4XCO	M	46	90	42.30	7.5e-09	23	67	00bac0
6870	RF00170	9KK2	L	3	67	79.90	5.4e-16	1	69	00bac0
6871	RF00170	9KJZ	H	3	67	79.90	5.4e-16	1	69	00bac0
6872	RF00170	9KJX	H	3	67	79.90	5.4e-16	1	69	00bac0
6873	RF00170	9NNB	L	1	65	79.90	2.5e-16	1	69	00bac0
6874	RF00170	9KK1	H	3	67	79.90	5.4e-16	1	69	00bac0
6875	RF00170	9KK2	H	3	67	79.90	5.4e-16	1	69	00bac0
6876	RF00170	9NNH	X	1	65	79.90	2.5e-16	1	69	00bac0
6877	RF00170	9NNH	L	1	65	79.90	2.5e-16	1	69	00bac0
6878	RF00170	9KJY	H	3	67	79.90	5.4e-16	1	69	00bac0
6879	RF00174	8SA6	A	3	187	129.80	3.9e-35	7	189	00bac0
6880	RF00174	8SA6	B	3	187	129.80	3.9e-35	7	189	00bac0
6881	RF00174	6VMY	A	1	130	74.50	1.8e-19	10	189	00bac0
6882	RF00174	8SA5	A	3	187	129.80	3.9e-35	7	189	00bac0
6883	RF00174	4GXY	A	3	171	114.20	9.4e-31	14	178	00bac0
6884	RF00174	8SA4	B	3	187	129.80	3.9e-35	7	189	00bac0
6885	RF00174	8SA5	B	3	187	129.80	3.9e-35	7	189	00bac0
6886	RF00174	8SA4	A	3	187	129.80	3.9e-35	7	189	00bac0
6887	RF00174	8SA3	A	3	187	129.80	3.9e-35	7	189	00bac0
6888	RF00174	8SA2	B	3	187	129.80	3.9e-35	7	189	00bac0
6889	RF00174	8FW4	Z	3	187	129.80	3.9e-35	7	189	00bac0
6890	RF00174	8SA2	A	3	187	129.80	3.9e-35	7	189	00bac0
6891	RF00174	4GMA	Z	3	187	129.80	3.9e-35	7	189	00bac0
6892	RF00174	8SA3	B	3	187	129.80	3.9e-35	7	189	00bac0
6893	RF00175	1N8X	A	1	35	44.20	2.1e-08	1	40	00bac0
6894	RF00175	6BG9	A	5	44	67.40	7.6e-14	1	40	00bac0
6895	RF00175	2N1Q	A	55	89	49.00	6.4e-09	1	40	00bac0
6896	RF00175	6BG9	B	5	44	67.40	7.6e-14	1	40	00bac0
6897	RF00175	2GM0	B	3	33	42.80	4.6e-08	6	36	00bac0
6898	RF00175	2D1B	B	4	36	48.10	2.6e-09	5	37	00bac0
6899	RF00175	2D1A	B	4	36	48.10	2.6e-09	5	37	00bac0
6900	RF00175	2D1B	A	4	36	48.10	2.6e-09	5	37	00bac0
6901	RF00175	2D1A	A	4	36	48.10	2.6e-09	5	37	00bac0
6902	RF00175	2GM0	A	3	33	42.80	4.6e-08	6	36	00bac0
6903	RF00177	4LT8	XA	2	1520	1508.10	0	1	1533	00bac0
6904	RF00177	5LZD	a	1	1539	1564.70	0	1	1533	00bac0
6905	RF00177	7ABZ	2	1	1540	1567.10	0	1	1533	00bac0
6906	RF00177	7JIL	2	4	1518	1518.40	0	1	1533	00bac0
6907	RF00177	7PIT	5	2	1517	1446.40	0	1	1533	00bac0
6908	RF00177	8CEC	A	2	1551	1639.10	0	1	1533	00bac0
6909	RF00177	9D0H	1a	1	1519	1508.10	0	1	1533	00bac0
6910	RF00177	2UXC	A	2	1520	1508.10	0	1	1533	00bac0
6911	RF00177	4GKJ	A	1	1513	1488.70	0	1	1533	00bac0
6912	RF00177	4V56	CA	1	1542	1577.50	0	1	1533	00bac0
6913	RF00177	4V67	AA	3	1521	1507.80	0	1	1533	00bac0
6914	RF00177	5ND9	a	2	1554	1628.40	0	1	1533	00bac0
6915	RF00177	5WDT	a	1	1540	1569.70	0	1	1533	00bac0
6916	RF00177	5ZEB	a	5	1526	1553.80	0	1	1533	00bac0
6917	RF00177	6VLZ	AA	4	949	250.60	7.6e-78	9	1522	00bac0
6918	RF00177	6YT9	4	3	1539	1581.50	0	1	1533	00bac0
6919	RF00177	7CPJ	a	1	1539	1564.70	0	1	1533	00bac0
6920	RF00177	8BHL	2	1	1542	1577.50	0	1	1533	00bac0
6921	RF00177	8VTV	2a	1	1519	1508.10	0	1	1533	00bac0
6922	RF00177	8YDH	3	1	1542	1577.50	0	1	1533	00bac0
6923	RF00177	2YKR	A	1	1533	1553.30	0	1	1533	00bac0
6924	RF00177	4DR6	A	2	1520	1503.80	0	1	1533	00bac0
6925	RF00177	5JC9	AA	1	1534	1552.70	0	1	1533	00bac0
6926	RF00177	6GSK	1G	2	1520	1505.00	0	1	1533	00bac0
6927	RF00177	6ZS9	AA	4	946	252.20	2.3e-78	9	1522	00bac0
6928	RF00177	7K50	3	1	1539	1564.70	0	1	1533	00bac0
6929	RF00177	7M4Z	a	3	1539	1575.30	0	1	1533	00bac0
6930	RF00177	9D7R	1a	1	1519	1508.10	0	1	1533	00bac0
6931	RF00177	9GR1	A	1	1542	1580.30	0	1	1533	00bac0
6932	RF00177	7P48	a	1	1548	1617.10	0	1	1533	00bac0
6933	RF00177	7UVZ	a	3	1539	1575.30	0	1	1533	00bac0
6934	RF00177	8P8V	5	2	1517	1447.50	0	1	1533	00bac0
6935	RF00177	4DV5	A	2	1520	1499.90	0	1	1533	00bac0
6936	RF00177	4V8D	CA	5	1506	1477.40	0	9	1524	00bac0
6937	RF00177	4V8N	CA	2	1520	1508.10	0	1	1533	00bac0
6938	RF00177	5NP6	D	1	1539	1564.70	0	1	1533	00bac0
6939	RF00177	6YSU	a	1	1542	1577.50	0	1	1533	00bac0
6940	RF00177	7PHC	5	2	1517	1446.40	0	1	1533	00bac0
6941	RF00177	9CG7	A	1	1542	1577.50	0	1	1533	00bac0
6942	RF00177	9G5B	A	4	949	250.90	6e-78	9	1522	00bac0
6943	RF00177	4LFA	A	2	1520	1503.80	0	1	1533	00bac0
6944	RF00177	4WWW	QA	1	1533	1553.30	0	1	1533	00bac0
6945	RF00177	6BOK	DB	1	1507	1477.50	0	1	1533	00bac0
6946	RF00177	6ZTL	AA	1	1542	1577.60	0	1	1533	00bac0
6947	RF00177	7PKQ	4	1	415	104.40	2.8e-31	1036	1524	00bac0
6948	RF00177	7U2H	1a	1	1519	1508.10	0	1	1533	00bac0
6949	RF00177	9RTU	a	1	1542	1577.50	0	1	1533	00bac0
6950	RF00177	4AQY	A	2	1520	1508.10	0	1	1533	00bac0
6951	RF00177	5FDU	1a	1	1519	1508.10	0	1	1533	00bac0
6952	RF00177	5XYU	A	5	1526	1553.80	0	1	1533	00bac0
6953	RF00177	6CAS	A	1	1515	1496.40	0	1	1533	00bac0
6954	RF00177	7UPH	I	1	1536	1430.60	0	1	1533	00bac0
6955	RF00177	8Y5K	3	1	1542	1577.50	0	1	1533	00bac0
6956	RF00177	8Y5R	3	1	1542	1577.50	0	1	1533	00bac0
6957	RF00177	4V47	BA	1	1542	1577.50	0	1	1533	00bac0
6958	RF00177	4V5Y	AA	1	1542	1577.50	0	1	1533	00bac0
6959	RF00177	5NO4	A	1	1534	1558.30	0	1	1533	00bac0
6960	RF00177	5UZ4	A	4	1527	1550.10	0	9	1523	00bac0
6961	RF00177	5WFS	a	1	1540	1569.70	0	1	1533	00bac0
6962	RF00177	6YT9	2	3	1539	1581.50	0	1	1533	00bac0
6963	RF00177	8VOR	D	1	1542	1577.50	0	1	1533	00bac0
6964	RF00177	8WID	a	1	1516	1535.40	0	1	1533	00bac0
6965	RF00177	4LFC	A	2	1520	1503.80	0	1	1533	00bac0
6966	RF00177	6O97	1a	1	1519	1508.10	0	1	1533	00bac0
6967	RF00177	7NHL	a	1	1548	1615.90	0	1	1533	00bac0
6968	RF00177	7SSW	3	1	1539	1564.70	0	1	1533	00bac0
6969	RF00177	9HFM	A	4	949	250.90	6e-78	9	1522	00bac0
6970	RF00177	1IBL	A	2	1520	1508.10	0	1	1533	00bac0
6971	RF00177	4WQ1	1G	2	1520	1505.00	0	1	1533	00bac0
6972	RF00177	5J30	QA	1	1519	1508.10	0	1	1533	00bac0
6973	RF00177	6CZR	2a	647	2165	1508.10	0	1	1533	00bac0
6974	RF00177	7PJU	a	1	1542	1577.50	0	1	1533	00bac0
6975	RF00177	4W2G	AA	1	1519	1508.10	0	1	1533	00bac0
6976	RF00177	6S13	a	6	1539	1601.20	0	9	1523	00bac0
6977	RF00177	6UO1	1a	1	1519	1508.10	0	1	1533	00bac0
6978	RF00177	6WDE	3	1	1539	1564.70	0	1	1533	00bac0
6979	RF00177	7RQD	1a	1	1519	1508.10	0	1	1533	00bac0
6980	RF00177	8OM2	r	8	1632	270.70	4.6e-84	1	1533	00bac0
6981	RF00177	9DFC	1a	1	1519	1508.10	0	1	1533	00bac0
6982	RF00177	1VY7	CA	1	1519	1508.10	0	1	1533	00bac0
6983	RF00177	4V7B	AA	1	1542	1577.50	0	1	1533	00bac0
6984	RF00177	4Z3S	2a	1	1519	1508.10	0	1	1533	00bac0
6985	RF00177	5CZP	QA	1	1519	1508.10	0	1	1533	00bac0
6986	RF00177	6FXC	Aa	6	1539	1601.20	0	9	1523	00bac0
6987	RF00177	9B4Z	AA	1	1539	1564.70	0	1	1533	00bac0
6988	RF00177	9I5V	a	1	1532	1410.50	0	1	1533	00bac0
6989	RF00177	9O3J	2a	1	1519	1508.10	0	1	1533	00bac0
6990	RF00177	1N32	A	2	1520	1508.10	0	1	1533	00bac0
6991	RF00177	3OTO	A	2	1520	1508.10	0	1	1533	00bac0
6992	RF00177	4W2F	AA	1	1519	1508.10	0	1	1533	00bac0
6993	RF00177	6Y69	a	1	1539	1564.70	0	1	1533	00bac0
6994	RF00177	7AFH	1	1	1541	1567.10	0	1	1533	00bac0
6995	RF00177	7OJ0	A	1	1519	1548.30	0	1	1533	00bac0
6996	RF00177	8D8K	a	72	1698	260.20	1.1e-80	1	1533	00bac0
6997	RF00177	8EYQ	A	1	1540	1569.70	0	1	1533	00bac0
6998	RF00177	8RWG	B	1	1536	1606.00	0	1	1533	00bac0
6999	RF00177	8UQP	D	1	1542	1577.50	0	1	1533	00bac0
7000	RF00177	3J9W	AA	3	1552	1639.10	0	1	1533	00bac0
7001	RF00177	4V56	AA	1	1542	1577.50	0	1	1533	00bac0
7002	RF00177	4V6E	AA	1	1533	1553.30	0	1	1533	00bac0
7003	RF00177	5LZC	a	1	1539	1564.70	0	1	1533	00bac0
7004	RF00177	6NUO	XA	1	1519	1508.10	0	1	1533	00bac0
7005	RF00177	7K52	3	1	1539	1564.70	0	1	1533	00bac0
7006	RF00177	7QGR	0	1	1539	1564.70	0	1	1533	00bac0
7007	RF00177	8FC3	1a	1	1519	1508.10	0	1	1533	00bac0
7008	RF00177	3J5S	B	1	101	79.60	6.1e-24	1227	1327	00bac0
7009	RF00177	5WNP	A	2	1520	1503.80	0	1	1533	00bac0
7010	RF00177	6BZ8	QA	1	1508	1477.70	0	1	1522	00bac0
7011	RF00177	6WUB	a	4	1548	1600.80	0	9	1525	00bac0
7012	RF00177	6YDP	AA	66	1037	264.40	4.9e-81	1	1533	00bac0
7013	RF00177	7PAO	5	2	1517	1446.40	0	1	1533	00bac0
7014	RF00177	8P2G	a	2	1553	1631.20	0	1	1533	00bac0
7015	RF00177	9GGR	0	1	1542	1577.50	0	1	1533	00bac0
7016	RF00177	9GUU	A	1	1541	1572.80	0	1	1533	00bac0
7017	RF00177	5FDV	1a	1	1519	1508.10	0	1	1533	00bac0
7018	RF00177	5ME0	A	1	1534	1558.30	0	1	1533	00bac0
7019	RF00177	6YPU	2	3	1539	1581.50	0	1	1533	00bac0
7020	RF00177	6YWX	aa	46	1853	597.10	8.3e-189	1	1533	00bac0
7021	RF00177	7JSW	3	1	1539	1560.30	0	1	1533	00bac0
7022	RF00177	7PAN	5	2	1517	1446.40	0	1	1533	00bac0
7023	RF00177	9D7T	1a	1	1519	1508.10	0	1	1533	00bac0
7024	RF00177	4U20	CA	1	1539	1564.70	0	1	1533	00bac0
7025	RF00177	4V6Z	AA	1	1533	1553.30	0	1	1533	00bac0
7026	RF00177	4V87	BA	5	1506	1477.40	0	9	1524	00bac0
7027	RF00177	4V9H	AA	1	1515	1497.50	0	1	1533	00bac0
7028	RF00177	4X65	A	2	1520	1503.80	0	1	1533	00bac0
7029	RF00177	5ME1	A	1	1534	1558.30	0	1	1533	00bac0
7030	RF00177	6H58	a	1	1539	1564.70	0	1	1533	00bac0
7031	RF00177	6WDB	3	1	1539	1564.70	0	1	1533	00bac0
7032	RF00177	7LV0	3	1	1539	1564.70	0	1	1533	00bac0
7033	RF00177	4ADV	A	1	1542	1577.50	0	1	1533	00bac0
7034	RF00177	5KCR	1a	1	1539	1564.70	0	1	1533	00bac0
7035	RF00177	6CFJ	2a	1	1519	1508.10	0	1	1533	00bac0
7036	RF00177	6MPF	A	5	1508	1479.80	0	9	1526	00bac0
7037	RF00177	6OJ2	XA	2	1520	1508.10	0	1	1533	00bac0
7038	RF00177	6QNR	13	2	1520	1508.10	0	1	1533	00bac0
7039	RF00177	7ACR	2	1	1534	1558.70	0	1	1533	00bac0
7040	RF00177	7OE1	A	1	1542	1577.50	0	1	1533	00bac0
7041	RF00177	7P7U	a	2	1555	1609.90	0	8	1533	00bac0
7042	RF00177	8CSS	A	4	949	250.90	6e-78	9	1522	00bac0
7043	RF00177	4V4Q	AA	1	1542	1577.50	0	1	1533	00bac0
7044	RF00177	5NDK	1G	2	1520	1505.00	0	1	1533	00bac0
7045	RF00177	6CFJ	1a	1	1519	1508.10	0	1	1533	00bac0
7046	RF00177	6HTQ	a	4	1533	1606.50	0	9	1521	00bac0
7047	RF00177	6RW5	A	4	949	250.90	6e-78	9	1522	00bac0
7048	RF00177	7UVW	a	3	1539	1575.30	0	1	1533	00bac0
7049	RF00177	8UQM	D	1	1542	1577.50	0	1	1533	00bac0
7050	RF00177	8URY	D	1	1542	1577.50	0	1	1533	00bac0
7051	RF00177	8UU6	a	1	1550	1642.70	0	1	1533	00bac0
7052	RF00177	2HHH	A	2	1520	1508.10	0	1	1533	00bac0
7053	RF00177	4V7V	CA	5	1530	1551.30	0	9	1525	00bac0
7054	RF00177	5F8K	1a	1	1519	1508.10	0	1	1533	00bac0
7055	RF00177	5HAU	2a	1	1519	1508.10	0	1	1533	00bac0
7056	RF00177	5NWY	0	1	1539	1564.70	0	1	1533	00bac0
7057	RF00177	6OGF	3	1	1539	1564.70	0	1	1533	00bac0
7058	RF00177	7BOD	A	1	1542	1577.50	0	1	1533	00bac0
7059	RF00177	7BOG	A	1	1542	1577.50	0	1	1533	00bac0
7060	RF00177	7OI0	A	1	1542	1577.50	0	1	1533	00bac0
7061	RF00177	4DV3	A	2	1520	1496.90	0	1	1533	00bac0
7062	RF00177	4V9O	BA	1	1542	1577.50	0	1	1533	00bac0
7063	RF00177	4WQF	BA	1	1519	1508.10	0	1	1533	00bac0
7064	RF00177	5HCR	2a	1	1519	1508.10	0	1	1533	00bac0
7065	RF00177	7A5I	A6	4	949	250.50	7.9e-78	9	1522	00bac0
7066	RF00177	7BOF	A	1	1542	1577.50	0	1	1533	00bac0
7067	RF00177	7K00	A	1	1542	1577.50	0	1	1533	00bac0
7068	RF00177	7M4Y	a	3	1539	1575.30	0	1	1533	00bac0
7069	RF00177	7SSD	3	1	1539	1564.70	0	1	1533	00bac0
7070	RF00177	8VV4	2	1	1540	1569.70	0	1	1533	00bac0
7071	RF00177	9B24	A	5	1526	1553.80	0	1	1533	00bac0
7072	RF00177	4V66	A1	5	1530	1551.30	0	9	1525	00bac0
7073	RF00177	4WRO	1G	2	1520	1508.10	0	1	1533	00bac0
7074	RF00177	4YZV	QA	2	1520	1508.10	0	1	1533	00bac0
7075	RF00177	7D6Z	f	1	1539	1564.70	0	1	1533	00bac0
7076	RF00177	7MT2	a	4	1535	1571.20	0	1	1533	00bac0
7077	RF00177	8ANY	AA	3	948	250.90	6.1e-78	9	1522	00bac0
7078	RF00177	8HTZ	A	1	1542	1577.50	0	1	1533	00bac0
7079	RF00177	9MTQ	2a	1	1519	1508.10	0	1	1533	00bac0
7080	RF00177	4WSM	13	2	1520	1508.10	0	1	1533	00bac0
7081	RF00177	5J4D	A	1	1507	1477.50	0	1	1533	00bac0
7082	RF00177	5V8I	1a	1	1519	1507.80	0	1	1533	00bac0
7083	RF00177	6ZSE	AA	3	919	238.30	6.6e-74	9	1522	00bac0
7084	RF00177	7OOC	5	2	1517	1446.40	0	1	1533	00bac0
7085	RF00177	8BHN	2	1	1542	1577.50	0	1	1533	00bac0
7086	RF00177	8G29	2a	1	1519	1508.10	0	1	1533	00bac0
7087	RF00177	8JSH	g	1	1539	1564.70	0	1	1533	00bac0
7088	RF00177	9GHB	A	1	1542	1573.60	0	1	1533	00bac0
7089	RF00177	1N33	A	2	1520	1508.10	0	1	1533	00bac0
7090	RF00177	4V5C	CA	2	1520	1508.10	0	1	1533	00bac0
7091	RF00177	4V7U	CA	1	1533	1553.30	0	1	1533	00bac0
7092	RF00177	6XZA	A1	1	1534	1558.30	0	1	1533	00bac0
7093	RF00177	6ZTM	AA	1	1542	1577.60	0	1	1533	00bac0
7094	RF00177	7NWW	2	1	1534	1558.30	0	1	1533	00bac0
7095	RF00177	7RQE	1a	1	1519	1508.10	0	1	1533	00bac0
7096	RF00177	8CAI	A	1	1540	1569.70	0	1	1533	00bac0
7097	RF00177	8EV6	2a	1	1519	1508.10	0	1	1533	00bac0
7098	RF00177	8G2C	2a	1	1519	1508.10	0	1	1533	00bac0
7099	RF00177	9NLS	R3	1	1539	1564.70	0	1	1533	00bac0
7100	RF00177	1FJG	A	2	1520	1508.10	0	1	1533	00bac0
7101	RF00177	4V7A	AA	1	1533	1553.30	0	1	1533	00bac0
7102	RF00177	4V9C	AA	1	1542	1577.50	0	1	1533	00bac0
7103	RF00177	5A9Z	BA	1	1515	1497.50	0	1	1533	00bac0
7104	RF00177	6I7V	BA	1	1533	1553.30	0	1	1533	00bac0
7105	RF00177	6VYU	D	1	1542	1577.50	0	1	1533	00bac0
7106	RF00177	6WDA	3	1	1539	1564.70	0	1	1533	00bac0
7107	RF00177	7P2E	A	4	949	250.90	6e-78	9	1522	00bac0
7108	RF00177	8BGE	2	1	1542	1577.50	0	1	1533	00bac0
7109	RF00177	8CVJ	2a	1	1519	1508.10	0	1	1533	00bac0
7110	RF00177	1HNX	A	2	1520	1508.10	0	1	1533	00bac0
7111	RF00177	4DV0	A	2	1520	1500.00	0	1	1533	00bac0
7112	RF00177	4LEL	QA	2	1520	1508.10	0	1	1533	00bac0
7113	RF00177	4TUB	XA	2	1520	1508.10	0	1	1533	00bac0
7114	RF00177	4Z3S	1a	1	1519	1508.10	0	1	1533	00bac0
7115	RF00177	6FKR	1a	1	1507	1477.80	0	1	1533	00bac0
7116	RF00177	6XHV	2a	1	1519	1508.10	0	1	1533	00bac0
7117	RF00177	6YSS	a	1	1542	1577.50	0	1	1533	00bac0
7118	RF00177	7N2U	16	1	1534	1558.30	0	1	1533	00bac0
7119	RF00177	8EIU	A	1	1542	1577.50	0	1	1533	00bac0
7120	RF00177	4A2I	A	5	1530	1551.30	0	9	1525	00bac0
7121	RF00177	4P6F	XA	2	1520	1508.10	0	1	1533	00bac0
7122	RF00177	4WR6	13	2	1520	1508.10	0	1	1533	00bac0
7123	RF00177	5DFE	QA	1	1519	1508.10	0	1	1533	00bac0
7124	RF00177	5KPX	26	1	1539	1564.70	0	1	1533	00bac0
7125	RF00177	5LMS	A	2	1520	1508.10	0	1	1533	00bac0
7126	RF00177	6OST	2	1	1534	1558.30	0	1	1533	00bac0
7127	RF00177	7M4X	a	3	1539	1575.30	0	1	1533	00bac0
7128	RF00177	7MT3	a	4	1535	1571.20	0	1	1533	00bac0
7129	RF00177	7NQL	AA	5	962	259.20	1.3e-80	9	1527	00bac0
7130	RF00177	8FZI	a	1	1542	1577.50	0	1	1533	00bac0
7131	RF00177	8UD7	1a	1	1519	1508.10	0	1	1533	00bac0
7132	RF00177	9NLJ	R3	1	1531	1550.30	0	1	1523	00bac0
7133	RF00177	4DV2	A	2	1520	1496.90	0	1	1533	00bac0
7134	RF00177	4ZER	2a	1	1519	1508.10	0	1	1533	00bac0
7135	RF00177	5MDW	2	1	1534	1558.30	0	1	1533	00bac0
7136	RF00177	5TCU	A	1	1553	1628.40	0	1	1533	00bac0
7137	RF00177	6BUW	XA	1	1508	1481.60	0	1	1522	00bac0
7138	RF00177	6X7F	D	1	1542	1577.50	0	1	1533	00bac0
7139	RF00177	8CD1	a	1	1526	1581.70	0	1	1533	00bac0
7140	RF00177	8K2A	S1	4	949	250.50	7.9e-78	9	1522	00bac0
7141	RF00177	1HR0	A	2	1520	1508.10	0	1	1533	00bac0
7142	RF00177	4GKK	A	1	1513	1488.70	0	1	1533	00bac0
7143	RF00177	4V7X	AA	2	1520	1508.10	0	1	1533	00bac0
7144	RF00177	5IB7	1G	2	1520	1505.00	0	1	1533	00bac0
7145	RF00177	5IBB	1G	2	1520	1505.00	0	1	1533	00bac0
7146	RF00177	5VPP	XA	1	1519	1507.80	0	1	1533	00bac0
7147	RF00177	7PJV	a	1	1542	1577.50	0	1	1533	00bac0
7148	RF00177	8FZJ	a	1	1542	1577.50	0	1	1533	00bac0
7149	RF00177	8ZFF	A	1	1542	1577.50	0	1	1533	00bac0
7150	RF00177	9IOT	a	1	1542	1577.50	0	1	1533	00bac0
7151	RF00177	5EL5	13	2	1520	1508.10	0	1	1533	00bac0
7152	RF00177	6OXI	QA	1	1519	1508.10	0	1	1533	00bac0
7153	RF00177	6WD7	3	1	1539	1564.70	0	1	1533	00bac0
7154	RF00177	6XHV	1a	1	1519	1508.10	0	1	1533	00bac0
7155	RF00177	8G2D	1a	1	1519	1508.10	0	1	1533	00bac0
7156	RF00177	8T5H	v	1	1539	1564.70	0	1	1533	00bac0
7157	RF00177	4X66	A	2	1520	1503.80	0	1	1533	00bac0
7158	RF00177	5J7L	BA	1	1534	1552.70	0	1	1533	00bac0
7159	RF00177	5MRF	aa	8	1634	260.20	1.1e-80	1	1533	00bac0
7160	RF00177	6AWB	A	1	1539	1564.70	0	1	1533	00bac0
7161	RF00177	6GWT	a	1	1539	1564.70	0	1	1533	00bac0
7162	RF00177	6QNQ	13	2	1520	1508.10	0	1	1533	00bac0
7163	RF00177	6SPE	a	1	1526	1581.70	0	1	1533	00bac0
7164	RF00177	6XYW	2	5	1743	1213.60	0	1	1533	00bac0
7165	RF00177	7S1I	C	1	1540	1569.70	0	1	1533	00bac0
7166	RF00177	9WNQ	A	1	1533	1556.90	0	1	1524	00bac0
7167	RF00177	4V6C	AA	1	1533	1553.30	0	1	1533	00bac0
7168	RF00177	5J91	BA	1	1534	1558.30	0	1	1533	00bac0
7169	RF00177	7LH5	AA	2	1520	1508.10	0	1	1533	00bac0
7170	RF00177	8SYL	a	1	1542	1577.50	0	1	1533	00bac0
7171	RF00177	2E5L	A	1	1519	1508.10	0	1	1533	00bac0
7172	RF00177	4V4G	GA	5	1526	1478.20	0	9	1525	00bac0
7173	RF00177	4V9N	CA	5	1504	1474.70	0	9	1522	00bac0
7174	RF00177	5EL4	13	2	1520	1505.00	0	1	1533	00bac0
7175	RF00177	5J5B	AA	1	1534	1558.30	0	1	1533	00bac0
7176	RF00177	5V93	a	4	1535	1571.20	0	1	1533	00bac0
7177	RF00177	7NSP	a	1	1540	1569.70	0	1	1533	00bac0
7178	RF00177	8G38	v	1	1539	1564.70	0	1	1533	00bac0
7179	RF00177	8R6C	A	1	1534	1558.30	0	1	1533	00bac0
7180	RF00177	8YDE	3	1	1542	1577.50	0	1	1533	00bac0
7181	RF00177	9NJV	R3	1	1531	1550.30	0	1	1523	00bac0
7182	RF00177	3J2C	O	1	144	121.30	3.7e-37	1382	1525	00bac0
7183	RF00177	6GZX	A4	5	1506	1477.40	0	9	1524	00bac0
7184	RF00177	6OF6	XA	2	1520	1508.10	0	1	1533	00bac0
7185	RF00177	6VWM	1	1	1540	1565.50	0	1	1533	00bac0
7186	RF00177	6ZTJ	AA	1	1542	1577.60	0	1	1533	00bac0
7187	RF00177	7RQA	2a	1	1519	1508.10	0	1	1533	00bac0
7188	RF00177	7ST7	3	1	1539	1564.70	0	1	1533	00bac0
7189	RF00177	8UU8	a	1	1550	1642.70	0	1	1533	00bac0
7190	RF00177	4B3M	A	1	1519	1508.10	0	1	1533	00bac0
7191	RF00177	4V8U	AA	2	1520	1508.10	0	1	1533	00bac0
7192	RF00177	4WT1	1G	2	1520	1505.00	0	1	1533	00bac0
7193	RF00177	6H4N	a	1	1534	1555.10	0	1	1533	00bac0
7194	RF00177	6WD5	3	1	1539	1564.70	0	1	1533	00bac0
7195	RF00177	8CA7	A	1	1540	1569.70	0	1	1533	00bac0
7196	RF00177	8T8C	2a	1	1519	1508.10	0	1	1533	00bac0
7197	RF00177	8VKV	D	1	1542	1577.50	0	1	1533	00bac0
7198	RF00177	9E0P	a	5	1526	1553.80	0	1	1533	00bac0
7199	RF00177	9FCO	B	1	1046	1006.00	0	1	1533	00bac0
7200	RF00177	4TUA	QA	2	1520	1508.10	0	1	1533	00bac0
7201	RF00177	5OT7	1	5	1507	1479.00	0	9	1525	00bac0
7202	RF00177	6BUW	QA	1	1508	1481.60	0	1	1522	00bac0
7203	RF00177	6CFL	2a	1	1519	1508.10	0	1	1533	00bac0
7204	RF00177	8WIB	a	5	1526	1553.80	0	1	1533	00bac0
7205	RF00177	1ML5	A	2	1520	1508.10	0	1	1533	00bac0
7206	RF00177	3J2C	N	1	927	887.20	3.1e-282	1	918	00bac0
7207	RF00177	4V5Q	AA	2	1520	1508.10	0	1	1533	00bac0
7208	RF00177	4V7C	AA	1	1542	1577.50	0	1	1533	00bac0
7209	RF00177	4YY3	A	2	1520	1508.10	0	1	1533	00bac0
7210	RF00177	6DNC	A	1	1539	1564.70	0	1	1533	00bac0
7211	RF00177	6ERI	BA	2	1481	1517.20	0	1	1523	00bac0
7212	RF00177	6OXA	QA	1	1519	1508.10	0	1	1533	00bac0
7213	RF00177	6XGF	D	1	1542	1577.50	0	1	1533	00bac0
7214	RF00177	7P7T	a	2	1555	1609.90	0	8	1533	00bac0
7215	RF00177	8RCS	A1	1	1542	1577.50	0	1	1533	00bac0
7216	RF00177	9GUX	A	1	1542	1578.20	0	1	1533	00bac0
7217	RF00177	4V9I	AA	5	1504	1475.00	0	9	1522	00bac0
7218	RF00177	5CZP	XA	1	1519	1508.10	0	1	1533	00bac0
7219	RF00177	5LZE	a	1	1539	1564.70	0	1	1533	00bac0
7220	RF00177	5VPP	QA	1	1519	1507.80	0	1	1533	00bac0
7221	RF00177	5ZEU	a	5	1526	1553.80	0	1	1533	00bac0
7222	RF00177	6CAO	A	2	1520	1508.10	0	1	1533	00bac0
7223	RF00177	6VZ7	D	1	1542	1577.50	0	1	1533	00bac0
7224	RF00177	7PIQ	5	2	1517	1446.40	0	1	1533	00bac0
7225	RF00177	7V2L	A	2	1520	1508.10	0	1	1533	00bac0
7226	RF00177	8VS9	16S	1	1539	1564.70	0	1	1533	00bac0
7227	RF00177	9H9I	1	1	1541	1567.10	0	1	1533	00bac0
7228	RF00177	3JCE	a	1	1533	1553.30	0	1	1533	00bac0
7229	RF00177	6B4V	A	1	1507	1477.50	0	1	1533	00bac0
7230	RF00177	8EMM	A	1	1542	1577.50	0	1	1533	00bac0
7231	RF00177	8Y5S	3	1	1542	1577.50	0	1	1533	00bac0
7232	RF00177	9GHE	A	1	1542	1573.60	0	1	1533	00bac0
7233	RF00177	9GXX	A	1	1542	1577.50	0	1	1533	00bac0
7234	RF00177	4V5S	AA	2	1520	1508.10	0	1	1533	00bac0
7235	RF00177	5IMR	A	2	1520	1508.10	0	1	1533	00bac0
7236	RF00177	7OT5	2	1	1534	1558.30	0	1	1533	00bac0
7237	RF00177	7P7Q	a	2	1555	1609.90	0	8	1533	00bac0
7238	RF00177	8CGU	A	1	1540	1565.80	0	1	1533	00bac0
7239	RF00177	4DV4	A	2	1520	1499.90	0	1	1533	00bac0
7240	RF00177	4V7S	AA	1	1533	1553.30	0	1	1533	00bac0
7241	RF00177	4V9I	CA	5	1504	1475.00	0	9	1522	00bac0
7242	RF00177	4WU1	1G	2	1520	1505.00	0	1	1533	00bac0
7243	RF00177	5HCR	1a	1	1519	1508.10	0	1	1533	00bac0
7244	RF00177	5LZA	a	1	1539	1564.70	0	1	1533	00bac0
7245	RF00177	6TC3	16S1	1	1534	1558.30	0	1	1533	00bac0
7246	RF00177	6XDR	D	1	1542	1577.50	0	1	1533	00bac0
7247	RF00177	7Y7E	A	1	1542	1577.50	0	1	1533	00bac0
7248	RF00177	7Y7F	A	1	1542	1577.50	0	1	1533	00bac0
7249	RF00177	8UD6	1a	1	1519	1508.10	0	1	1533	00bac0
7250	RF00177	8VIO	a	5	1526	1553.80	0	1	1533	00bac0
7251	RF00177	9D7S	1a	1	1519	1508.10	0	1	1533	00bac0
7252	RF00177	9O3J	1a	1	1519	1508.10	0	1	1533	00bac0
7253	RF00177	6DZI	h	1	1511	1526.10	0	1	1533	00bac0
7254	RF00177	7TOS	16S	1	1539	1564.70	0	1	1533	00bac0
7255	RF00177	7Y7G	A	1	1542	1577.50	0	1	1533	00bac0
7256	RF00177	8A22	B3	1	379	126.40	2.2e-38	488	980	00bac0
7257	RF00177	8AKN	B	1	1534	1558.30	0	1	1533	00bac0
7258	RF00177	8CSQ	A	4	949	250.90	6e-78	9	1522	00bac0
7259	RF00177	8RCT	A2	1	1542	1577.50	0	1	1533	00bac0
7260	RF00177	8Y5Q	3	1	1542	1577.50	0	1	1533	00bac0
7261	RF00177	9O3I	1a	1	1519	1508.10	0	1	1533	00bac0
7262	RF00177	4DR5	A	2	1520	1503.80	0	1	1533	00bac0
7263	RF00177	4L47	XA	2	1520	1508.10	0	1	1533	00bac0
7264	RF00177	4V5J	CA	2	1520	1508.10	0	1	1533	00bac0
7265	RF00177	6O8W	a	4	1523	1600.90	0	9	1525	00bac0
7266	RF00177	6WDG	3	1	1539	1564.70	0	1	1533	00bac0
7267	RF00177	6X6T	D	1	1542	1577.50	0	1	1533	00bac0
7268	RF00177	7QV1	a	4	1533	1606.50	0	9	1521	00bac0
7269	RF00177	8BF7	2	1	1542	1577.50	0	1	1533	00bac0
7270	RF00177	8IFC	A	1	1542	1577.50	0	1	1533	00bac0
7271	RF00177	8R3V	A2	1	1542	1577.50	0	1	1533	00bac0
7272	RF00177	9GHG	a	2	1553	1631.20	0	1	1533	00bac0
7273	RF00177	9N2C	16	1	1542	1573.50	0	1	1533	00bac0
7274	RF00177	1VY6	AA	1	1519	1508.10	0	1	1533	00bac0
7275	RF00177	3IZZ	D	1	60	50.60	7.3e-15	505	564	00bac0
7276	RF00177	4V7Y	AA	2	1520	1508.10	0	1	1533	00bac0
7277	RF00177	4XEJ	A16S	5	1506	1477.10	0	9	1524	00bac0
7278	RF00177	6GSJ	1G	2	1520	1508.10	0	1	1533	00bac0
7279	RF00177	6XQE	1a	1	1519	1508.10	0	1	1533	00bac0
7280	RF00177	6YW5	aa	46	1853	597.10	8.3e-189	1	1533	00bac0
7281	RF00177	6ZSD	AA	4	949	250.60	7.6e-78	9	1522	00bac0
7282	RF00177	7PAS	5	2	1517	1446.40	0	1	1533	00bac0
7283	RF00177	8EV7	1a	1	1519	1508.10	0	1	1533	00bac0
7284	RF00177	8FZH	a	1	1542	1577.50	0	1	1533	00bac0
7285	RF00177	8YUQ	A	1	1542	1577.50	0	1	1533	00bac0
7286	RF00177	9NO7	a	1	1519	1508.10	0	1	1533	00bac0
7287	RF00177	9O3H	1a	1	1519	1508.10	0	1	1533	00bac0
7288	RF00177	2VQE	A	2	1520	1508.10	0	1	1533	00bac0
7289	RF00177	4U25	CA	1	1539	1564.70	0	1	1533	00bac0
7290	RF00177	5E81	1G	2	1519	1501.00	0	1	1533	00bac0
7291	RF00177	6V3A	sN1	3	1539	1580.40	0	1	1533	00bac0
7292	RF00177	7AZS	16SB	3	1512	1487.60	0	1	1533	00bac0
7293	RF00177	7K53	3	1	1539	1564.70	0	1	1533	00bac0
7294	RF00177	7MSH	a	4	1535	1571.20	0	1	1533	00bac0
7295	RF00177	7NAR	A	1	1542	1577.50	0	1	1533	00bac0
7296	RF00177	7RQE	2a	1	1519	1508.10	0	1	1533	00bac0
7297	RF00177	8BH7	a	1	1547	1611.40	0	1	1533	00bac0
7298	RF00177	8ZFI	A	1	1533	1556.90	0	1	1524	00bac0
7299	RF00177	2UXB	A	2	1520	1508.10	0	1	1533	00bac0
7300	RF00177	4DR4	A	2	1520	1503.80	0	1	1533	00bac0
7301	RF00177	4DV6	A	2	1520	1500.10	0	1	1533	00bac0
7302	RF00177	4V5A	AA	2	1520	1508.10	0	1	1533	00bac0
7303	RF00177	6CAQ	A	2	1520	1507.00	0	1	1533	00bac0
7304	RF00177	6O9K	a	1	1539	1564.70	0	1	1533	00bac0
7305	RF00177	6VZJ	D	1	1542	1577.50	0	1	1533	00bac0
7306	RF00177	6XII	D	1	1542	1577.50	0	1	1533	00bac0
7307	RF00177	8G34	v	1	1539	1561.50	0	1	1533	00bac0
7308	RF00177	8V9K	a	5	1526	1553.80	0	1	1533	00bac0
7309	RF00177	8VL1	D	1	1542	1577.50	0	1	1533	00bac0
7310	RF00177	9GHD	A	1	1542	1573.60	0	1	1533	00bac0
7311	RF00177	3J2D	N	1	1533	1553.30	0	1	1533	00bac0
7312	RF00177	4TUC	XA	2	1520	1508.10	0	1	1533	00bac0
7313	RF00177	5IT8	AA	1	1534	1558.30	0	1	1533	00bac0
7314	RF00177	5J91	AA	1	1534	1558.30	0	1	1533	00bac0
7315	RF00177	5VP2	1a	1	1519	1508.10	0	1	1533	00bac0
7316	RF00177	6OTR	XA	1	1519	1508.10	0	1	1533	00bac0
7317	RF00177	7MD7	2a	1	1519	1508.10	0	1	1533	00bac0
7318	RF00177	8CWO	A	5	1529	1523.70	0	1	1533	00bac0
7319	RF00177	8UXB	2	1	1540	1569.70	0	1	1533	00bac0
7320	RF00177	9NLF	R3	1	1539	1564.70	0	1	1533	00bac0
7321	RF00177	4DR1	A	2	1520	1503.80	0	1	1533	00bac0
7322	RF00177	4L71	QA	2	1520	1508.10	0	1	1533	00bac0
7323	RF00177	4V97	AA	2	1520	1506.60	0	1	1533	00bac0
7324	RF00177	5HD1	1a	1	1519	1508.10	0	1	1533	00bac0
7325	RF00177	6B4V	EB	1	1507	1477.50	0	1	1533	00bac0
7326	RF00177	6NF8	A	4	951	239.70	2.4e-74	9	1523	00bac0
7327	RF00177	7QI5	AA	3	948	250.90	6.1e-78	9	1522	00bac0
7328	RF00177	7UNU	a	1	1536	1606.00	0	1	1533	00bac0
7329	RF00177	8RCT	A1	1	1542	1577.50	0	1	1533	00bac0
7330	RF00177	8UU7	a	1	1550	1642.70	0	1	1533	00bac0
7331	RF00177	8VWQ	2	1	1540	1569.70	0	1	1533	00bac0
7332	RF00177	9FDA	B	1	1542	1411.60	0	1	1533	00bac0
7333	RF00177	4V72	AA	1	1533	1553.30	0	1	1533	00bac0
7334	RF00177	5EL4	1G	2	1520	1505.00	0	1	1533	00bac0
7335	RF00177	7AFK	1	1	1541	1567.10	0	1	1533	00bac0
7336	RF00177	7UG7	16	1	1534	1558.30	0	1	1533	00bac0
7337	RF00177	8P17	2	1	1542	1577.50	0	1	1533	00bac0
7338	RF00177	3JCJ	g	1	1542	1577.50	0	1	1533	00bac0
7339	RF00177	4V4W	AA	5	1488	1513.20	0	9	1525	00bac0
7340	RF00177	4V6A	CA	2	1509	1483.00	0	1	1522	00bac0
7341	RF00177	4V7Y	CA	2	1520	1508.10	0	1	1533	00bac0
7342	RF00177	5WE4	a	1	1540	1569.70	0	1	1533	00bac0
7343	RF00177	6WDD	3	1	1539	1564.70	0	1	1533	00bac0
7344	RF00177	6YTF	3	3	1539	1581.50	0	1	1533	00bac0
7345	RF00177	7AFL	A	1	1542	1577.50	0	1	1533	00bac0
7346	RF00177	8FC5	1a	1	1519	1508.10	0	1	1533	00bac0
7347	RF00177	8UD8	1a	1	1519	1508.10	0	1	1533	00bac0
7348	RF00177	8VTX	1a	1	1519	1508.10	0	1	1533	00bac0
7349	RF00177	9GUV	A	1	1541	1572.80	0	1	1533	00bac0
7350	RF00177	9O3H	2a	1	1519	1508.10	0	1	1533	00bac0
7351	RF00177	4TUC	QA	2	1520	1508.10	0	1	1533	00bac0
7352	RF00177	4V68	AA	5	1504	1475.00	0	9	1522	00bac0
7353	RF00177	4V76	AA	1	1533	1553.30	0	1	1533	00bac0
7354	RF00177	4V85	AA	1	1533	1553.30	0	1	1533	00bac0
7355	RF00177	4YBB	BA	1	1534	1558.30	0	1	1533	00bac0
7356	RF00177	6Q98	2	1	1535	1552.10	0	1	1533	00bac0
7357	RF00177	7BOE	A	1	1542	1577.50	0	1	1533	00bac0
7358	RF00177	4V4B	AA	5	1507	1479.00	0	9	1525	00bac0
7359	RF00177	5LZB	a	1	1539	1564.70	0	1	1533	00bac0
7360	RF00177	6XIJ	D	1	1542	1577.50	0	1	1533	00bac0
7361	RF00177	4V4J	y	2	1520	1507.80	0	1	1533	00bac0
7362	RF00177	4V5E	AA	2	1520	1508.10	0	1	1533	00bac0
7363	RF00177	5HCP	1a	1	1519	1508.10	0	1	1533	00bac0
7364	RF00177	5V8I	2a	1	1519	1507.80	0	1	1533	00bac0
7365	RF00177	8CAZ	A	1	1540	1569.70	0	1	1533	00bac0
7366	RF00177	9NLE	R3	1	1531	1550.30	0	1	1523	00bac0
7367	RF00177	9NLQ	R3	1	1539	1564.70	0	1	1533	00bac0
7368	RF00177	4U1U	AA	1	1539	1564.70	0	1	1533	00bac0
7369	RF00177	4W2G	CA	1	1519	1508.10	0	1	1533	00bac0
7370	RF00177	5J7L	AA	1	1534	1552.70	0	1	1533	00bac0
7371	RF00177	5MDY	2	1	1534	1558.30	0	1	1533	00bac0
7372	RF00177	6X9Q	D	1	1542	1577.50	0	1	1533	00bac0
7373	RF00177	6ZSB	AA	4	949	250.60	7.6e-78	9	1522	00bac0
7374	RF00177	8G2U	v	1	1539	1564.70	0	1	1533	00bac0
7375	RF00177	8VOS	D	1	1542	1577.50	0	1	1533	00bac0
7376	RF00177	8YDG	3	1	1542	1577.50	0	1	1533	00bac0
7377	RF00177	4V5D	CA	2	1520	1508.10	0	1	1533	00bac0
7378	RF00177	4V7W	AA	2	1520	1508.10	0	1	1533	00bac0
7379	RF00177	4V8Q	BA	2	1520	1499.80	0	1	1533	00bac0
7380	RF00177	5HD1	2a	1	1519	1508.10	0	1	1533	00bac0
7381	RF00177	5MDZ	2	1	1534	1558.30	0	1	1533	00bac0
7382	RF00177	6BZ8	XA	1	1508	1477.70	0	1	1522	00bac0
7383	RF00177	6NU3	AA	3	918	235.70	4.3e-73	9	1522	00bac0
7384	RF00177	7OTC	a	1	1533	1556.90	0	1	1524	00bac0
7385	RF00177	7U2I	1a	1	1519	1508.10	0	1	1533	00bac0
7386	RF00177	9H8G	A	1	1541	1567.10	0	1	1533	00bac0
7387	RF00177	4V4G	EA	5	1526	1478.20	0	9	1525	00bac0
7388	RF00177	4WPO	DA	1	1519	1508.10	0	1	1533	00bac0
7389	RF00177	5UYM	A	1	1539	1564.70	0	1	1533	00bac0
7390	RF00177	7PJS	a	1	1542	1577.50	0	1	1533	00bac0
7391	RF00177	6VYS	D	1	1542	1577.50	0	1	1533	00bac0
7392	RF00177	6WDL	3	1	1539	1564.70	0	1	1533	00bac0
7393	RF00177	4V9O	DA	1	1542	1577.50	0	1	1533	00bac0
7394	RF00177	5J3C	XA	1	1519	1508.10	0	1	1533	00bac0
7395	RF00177	6XZB	A1	1	1534	1558.30	0	1	1533	00bac0
7396	RF00177	6ZTP	AA	1	1542	1577.60	0	1	1533	00bac0
7397	RF00177	7AZO	16SB	3	1512	1487.60	0	1	1533	00bac0
7398	RF00177	9G5D	A	4	949	250.90	6e-78	9	1522	00bac0
7399	RF00177	5HCQ	2a	1	1519	1508.10	0	1	1533	00bac0
7400	RF00177	7OG4	AA	3	948	250.60	7.7e-78	9	1522	00bac0
7401	RF00177	8UZ3	2	1	1540	1569.70	0	1	1533	00bac0
7402	RF00177	9MTS	1a	1	1519	1508.10	0	1	1533	00bac0
7403	RF00177	4V71	AA	1	1533	1553.30	0	1	1533	00bac0
7404	RF00177	4V8C	DA	5	1506	1477.40	0	9	1524	00bac0
7405	RF00177	4V9N	AA	5	1504	1474.70	0	9	1522	00bac0
7406	RF00177	5AJ3	A	5	962	259.20	1.3e-80	9	1527	00bac0
7407	RF00177	5BR8	A	2	1520	1503.80	0	1	1533	00bac0
7408	RF00177	6NEQ	A	4	951	239.70	2.4e-74	9	1523	00bac0
7409	RF00177	6NU2	AA	3	918	235.70	4.3e-73	9	1522	00bac0
7410	RF00177	6VYX	D	1	1542	1577.50	0	1	1533	00bac0
7411	RF00177	6W7W	2	1	1542	1577.50	0	1	1533	00bac0
7412	RF00177	9GFT	AA	1	1542	1577.50	0	1	1533	00bac0
7413	RF00177	4V5F	AA	2	1520	1508.10	0	1	1533	00bac0
7414	RF00177	4WSD	13	2	1520	1505.00	0	1	1533	00bac0
7415	RF00177	4XEJ	B16S	5	1506	1477.10	0	9	1524	00bac0
7416	RF00177	5J4D	FB	1	1507	1477.50	0	1	1533	00bac0
7417	RF00177	5LZF	a	1	1539	1564.70	0	1	1533	00bac0
7418	RF00177	5O2R	a	1	1539	1564.70	0	1	1533	00bac0
7419	RF00177	7V2Q	A	2	1520	1508.10	0	1	1533	00bac0
7420	RF00177	8BH6	a	1	1547	1611.40	0	1	1533	00bac0
7421	RF00177	4V6A	AA	2	1509	1483.00	0	1	1522	00bac0
7422	RF00177	4V7M	CA	1	1508	1483.00	0	1	1522	00bac0
7423	RF00177	5J8B	a	1	1519	1508.10	0	1	1533	00bac0
7424	RF00177	5ZEP	a	5	1526	1553.80	0	1	1533	00bac0
7425	RF00177	6WDK	3	1	1539	1564.70	0	1	1533	00bac0
7426	RF00177	8CSR	A	4	949	250.90	6e-78	9	1522	00bac0
7427	RF00177	8G7Q	a	1	1542	1577.50	0	1	1533	00bac0
7428	RF00177	8RDW	iN	48	1589	1562.80	0	1	1533	00bac0
7429	RF00177	9K0Z	A	1	1511	1526.10	0	1	1533	00bac0
7430	RF00177	4V5K	CA	2	1520	1508.10	0	1	1533	00bac0
7431	RF00177	4V9P	HA	1	1542	1577.50	0	1	1533	00bac0
7432	RF00177	6VYW	D	1	1542	1577.50	0	1	1533	00bac0
7433	RF00177	6WD4	3	1	1539	1564.70	0	1	1533	00bac0
7434	RF00177	7JSS	3	1	1539	1560.30	0	1	1533	00bac0
7435	RF00177	4V9L	AA	1	1511	1484.90	0	1	1533	00bac0
7436	RF00177	6ORD	XA	2	1520	1508.10	0	1	1533	00bac0
7437	RF00177	8QK7	2	1	1542	1577.50	0	1	1533	00bac0
7438	RF00177	9GUW	A	1	1541	1572.80	0	1	1533	00bac0
7439	RF00177	3JD5	A	4	951	239.70	2.4e-74	9	1523	00bac0
7440	RF00177	4V53	AA	1	1542	1577.50	0	1	1533	00bac0
7441	RF00177	5WF0	a	1	1540	1569.70	0	1	1533	00bac0
7442	RF00177	6QNQ	1G	2	1520	1508.10	0	1	1533	00bac0
7443	RF00177	7MT7	a	4	1535	1571.20	0	1	1533	00bac0
7444	RF00177	7QGH	0	1	1539	1564.70	0	1	1533	00bac0
7445	RF00177	8BH4	2	1	1542	1577.50	0	1	1533	00bac0
7446	RF00177	8URH	D	1	1542	1577.50	0	1	1533	00bac0
7447	RF00177	9B00	1a	1	1519	1508.10	0	1	1533	00bac0
7448	RF00177	3DG4	A	1	1542	1577.50	0	1	1533	00bac0
7449	RF00177	4V9P	FA	1	1542	1577.50	0	1	1533	00bac0
7450	RF00177	4WQR	13	2	1520	1508.10	0	1	1533	00bac0
7451	RF00177	4WT8	Ab	5	1504	1475.00	0	9	1522	00bac0
7452	RF00177	6AWD	A	1	1539	1564.70	0	1	1533	00bac0
7453	RF00177	7MD7	1a	1	1519	1508.10	0	1	1533	00bac0
7454	RF00177	2VQF	A	2	1520	1508.10	0	1	1533	00bac0
7455	RF00177	6WD3	3	1	1539	1564.70	0	1	1533	00bac0
7456	RF00177	9DFC	2a	1	1519	1508.10	0	1	1533	00bac0
7457	RF00177	9J1M	a	4	1535	1571.20	0	1	1533	00bac0
7458	RF00177	2UXD	A	2	1521	1506.50	0	1	1533	00bac0
7459	RF00177	5WE6	a	1	1539	1564.70	0	1	1533	00bac0
7460	RF00177	6GAW	AA	5	962	259.20	1.3e-80	9	1527	00bac0
7461	RF00177	8FON	QA	2	1520	1508.10	0	1	1533	00bac0
7462	RF00177	9B0Q	S2	1	1740	456.30	1.3e-143	1	1533	00bac0
7463	RF00177	9MTT	2a	1	1519	1508.10	0	1	1533	00bac0
7464	RF00177	6C5L	CA	2	1520	1508.10	0	1	1533	00bac0
7465	RF00177	7RQA	1a	1	1519	1508.10	0	1	1533	00bac0
7466	RF00177	8UD6	2a	1	1519	1508.10	0	1	1533	00bac0
7467	RF00177	4V6F	BA	1	1516	1499.70	0	1	1533	00bac0
7468	RF00177	5IBB	13	2	1520	1505.00	0	1	1533	00bac0
7469	RF00177	1VY5	AA	1	1519	1508.10	0	1	1533	00bac0
7470	RF00177	4TUB	QA	2	1520	1508.10	0	1	1533	00bac0
7471	RF00177	4V83	CA	5	1506	1477.10	0	9	1524	00bac0
7472	RF00177	4V8F	CA	5	1506	1477.40	0	9	1524	00bac0
7473	RF00177	5JC9	BA	1	1534	1552.70	0	1	1533	00bac0
7474	RF00177	6OXA	XA	1	1519	1508.10	0	1	1533	00bac0
7475	RF00177	7V2P	A	2	1520	1508.10	0	1	1533	00bac0
7476	RF00177	8CDV	A	2	1551	1639.10	0	1	1533	00bac0
7477	RF00177	8D8L	a	72	1698	260.20	1.1e-80	1	1533	00bac0
7478	RF00177	8FC4	2a	1	1519	1508.10	0	1	1533	00bac0
7479	RF00177	8HU1	A	1	1542	1577.50	0	1	1533	00bac0
7480	RF00177	8XT0	S1	4	949	250.50	7.9e-78	9	1522	00bac0
7481	RF00177	4V9B	AA	5	1506	1477.40	0	9	1524	00bac0
7482	RF00177	7U2J	2a	1	1519	1508.10	0	1	1533	00bac0
7483	RF00177	8VTW	2a	1	1519	1508.10	0	1	1533	00bac0
7484	RF00177	8Y5T	3	1	1542	1577.50	0	1	1533	00bac0
7485	RF00177	4KVB	A	2	1520	1507.80	0	1	1533	00bac0
7486	RF00177	4V6V	AA	1	1542	1577.50	0	1	1533	00bac0
7487	RF00177	4YBB	AA	1	1534	1558.30	0	1	1533	00bac0
7488	RF00177	5FDU	2a	1	1519	1508.10	0	1	1533	00bac0
7489	RF00177	6GAZ	AA	5	962	259.20	1.3e-80	9	1527	00bac0
7490	RF00177	6VMI	AA	4	949	250.60	7.6e-78	9	1522	00bac0
7491	RF00177	7AFO	A	1	1541	1567.10	0	1	1533	00bac0
7492	RF00177	8RD8	iN	48	1589	1562.80	0	1	1533	00bac0
7493	RF00177	9NLH	R3	1	1539	1564.70	0	1	1533	00bac0
7494	RF00177	1XNQ	A	2	1520	1508.10	0	1	1533	00bac0
7495	RF00177	4V6M	AA	1	1542	1577.50	0	1	1533	00bac0
7496	RF00177	5IT8	BA	1	1534	1558.30	0	1	1533	00bac0
7497	RF00177	6OF6	QA	2	1520	1508.10	0	1	1533	00bac0
7498	RF00177	8A22	B4	1	348	77.50	1e-22	1030	1533	00bac0
7499	RF00177	8P6P	5	2	1517	1447.50	0	1	1533	00bac0
7500	RF00177	4V9J	AA	1	1511	1484.90	0	1	1533	00bac0
7501	RF00177	4WQF	DA	1	1519	1508.10	0	1	1533	00bac0
7502	RF00177	5IB8	1G	2	1520	1505.00	0	1	1533	00bac0
7503	RF00177	5NJT	A	3	1544	1622.40	0	1	1533	00bac0
7504	RF00177	6NQB	A	1	1542	1577.50	0	1	1533	00bac0
7505	RF00177	6O7K	g	1	1539	1564.70	0	1	1533	00bac0
7506	RF00177	6YWE	aa	46	1853	597.10	8.3e-189	1	1533	00bac0
7507	RF00177	8FC2	1a	1	1519	1508.10	0	1	1533	00bac0
7508	RF00177	4TUE	QA	2	1520	1508.10	0	1	1533	00bac0
7509	RF00177	4V7P	DA	5	1504	1474.70	0	9	1522	00bac0
7510	RF00177	4V8I	AA	2	1520	1508.10	0	1	1533	00bac0
7511	RF00177	4W29	AA	1	1511	1484.90	0	1	1533	00bac0
7512	RF00177	4WQU	DA	1	1519	1508.10	0	1	1533	00bac0
7513	RF00177	6NWY	XA	1	1519	1508.10	0	1	1533	00bac0
7514	RF00177	6OPE	XA	2	1520	1508.10	0	1	1533	00bac0
7515	RF00177	6OSI	QA	1	1519	1508.10	0	1	1533	00bac0
7516	RF00177	8EKB	1a	1	1519	1508.10	0	1	1533	00bac0
7517	RF00177	8YUS	A	1	1542	1577.50	0	1	1533	00bac0
7518	RF00177	4LSK	QA	2	1520	1508.10	0	1	1533	00bac0
7519	RF00177	4V9J	CA	1	1511	1484.90	0	1	1533	00bac0
7520	RF00177	4V9K	CA	1	1511	1484.90	0	1	1533	00bac0
7521	RF00177	4WZO	13	2	1520	1508.10	0	1	1533	00bac0
7522	RF00177	5NDJ	13	2	1520	1505.00	0	1	1533	00bac0
7523	RF00177	6Q95	2	2	1520	1508.10	0	1	1533	00bac0
7524	RF00177	6ZSA	AA	4	949	250.60	7.6e-78	9	1522	00bac0
7525	RF00177	7DUJ	A	2	1520	1502.70	0	1	1533	00bac0
7526	RF00177	8APO	B3	1	379	126.40	2.2e-38	488	980	00bac0
7527	RF00177	8FTO	A	1	1542	1577.50	0	1	1533	00bac0
7528	RF00177	8UU9	a	1	1550	1642.70	0	1	1533	00bac0
7529	RF00177	4LFB	A	2	1520	1503.80	0	1	1533	00bac0
7530	RF00177	4V8H	AA	2	1520	1508.10	0	1	1533	00bac0
7531	RF00177	4V8U	CA	2	1520	1508.10	0	1	1533	00bac0
7532	RF00177	4WF1	AA	1	1539	1564.70	0	1	1533	00bac0
7533	RF00177	5U9F	A	1	1539	1564.70	0	1	1533	00bac0
7534	RF00177	6CAE	1a	1	1519	1508.10	0	1	1533	00bac0
7535	RF00177	7NAT	A	1	1542	1577.50	0	1	1533	00bac0
7536	RF00177	7O5H	A	1	964	852.00	6.7e-271	1	1521	00bac0
7537	RF00177	3J2C	M	1	462	505.50	5.5e-160	919	1381	00bac0
7538	RF00177	4U27	AA	1	1539	1564.70	0	1	1533	00bac0
7539	RF00177	4V6G	CA	2	1517	1496.60	0	1	1533	00bac0
7540	RF00177	4WSD	1G	2	1520	1505.00	0	1	1533	00bac0
7541	RF00177	8APO	B4	1	337	89.50	1.4e-26	1030	1533	00bac0
7542	RF00177	8FC1	1a	1	1519	1508.10	0	1	1533	00bac0
7543	RF00177	8G2C	1a	1	1519	1508.10	0	1	1533	00bac0
7544	RF00177	8UVR	2a	1	1519	1508.10	0	1	1533	00bac0
7545	RF00177	4V4V	AA	5	1488	1513.20	0	9	1525	00bac0
7546	RF00177	4V9D	BA	1	1539	1564.70	0	1	1533	00bac0
7547	RF00177	5J88	BA	1	1534	1551.80	0	1	1533	00bac0
7548	RF00177	5VP2	2a	1	1519	1508.10	0	1	1533	00bac0
7549	RF00177	5WNS	A	2	1520	1503.80	0	1	1533	00bac0
7550	RF00177	7MSC	a	4	1535	1571.20	0	1	1533	00bac0
7551	RF00177	8ZFG	A	1	1542	1577.50	0	1	1533	00bac0
7552	RF00177	2OM7	C	1	96	63.50	9e-19	1392	1492	00bac0
7553	RF00177	4V6T	AA	1	1539	1564.70	0	1	1533	00bac0
7554	RF00177	4V9P	DA	1	1542	1577.50	0	1	1533	00bac0
7555	RF00177	5LMN	A	2	1520	1508.10	0	1	1533	00bac0
7556	RF00177	5MMM	a	2	1491	1540.20	0	1	1533	00bac0
7557	RF00177	6OGG	3	1	1539	1564.70	0	1	1533	00bac0
7558	RF00177	6OPE	QA	2	1520	1508.10	0	1	1533	00bac0
7559	RF00177	6RW4	A	4	949	250.90	6e-78	9	1522	00bac0
7560	RF00177	7JQL	2a	1	1519	1508.10	0	1	1533	00bac0
7561	RF00177	7PIB	5	2	1517	1446.40	0	1	1533	00bac0
7562	RF00177	9H9M	1	1	1542	1577.50	0	1	1533	00bac0
7563	RF00177	5U9G	A	1	1539	1564.70	0	1	1533	00bac0
7564	RF00177	6YPU	4	3	1539	1581.50	0	1	1533	00bac0
7565	RF00177	7PJZ	a	1	1542	1577.50	0	1	1533	00bac0
7566	RF00177	7SSO	3	1	1539	1564.70	0	1	1533	00bac0
7567	RF00177	7UNV	a	1	1536	1606.00	0	1	1533	00bac0
7568	RF00177	7Y7D	A	1	1542	1577.50	0	1	1533	00bac0
7569	RF00177	8EV7	2a	1	1519	1508.10	0	1	1533	00bac0
7570	RF00177	9MTR	1a	1	1519	1508.10	0	1	1533	00bac0
7571	RF00177	3J2F	N	1	1533	1553.30	0	1	1533	00bac0
7572	RF00177	7RQ9	1a	1	1519	1508.10	0	1	1533	00bac0
7573	RF00177	7UNW	a	1	1536	1606.00	0	1	1533	00bac0
7574	RF00177	8G29	1a	1	1519	1508.10	0	1	1533	00bac0
7575	RF00177	4V70	AA	1	1533	1553.30	0	1	1533	00bac0
7576	RF00177	4V74	AA	1	1533	1553.30	0	1	1533	00bac0
7577	RF00177	5J88	AA	1	1534	1551.80	0	1	1533	00bac0
7578	RF00177	5JU8	AA	1	1539	1564.70	0	1	1533	00bac0
7579	RF00177	5LMT	A	2	1520	1508.10	0	1	1533	00bac0
7580	RF00177	6VYR	D	1	1542	1577.50	0	1	1533	00bac0
7581	RF00177	7RQD	2a	1	1519	1508.10	0	1	1533	00bac0
7582	RF00177	3JCD	a	1	1533	1553.30	0	1	1533	00bac0
7583	RF00177	6OT3	2	1	1534	1558.30	0	1	1533	00bac0
7584	RF00177	6ZSC	AA	4	949	250.60	7.6e-78	9	1522	00bac0
7585	RF00177	7DUG	A	2	1520	1502.70	0	1	1533	00bac0
7586	RF00177	8P7Y	5	2	1517	1447.50	0	1	1533	00bac0
7587	RF00177	9FBV	A	1	1534	1558.30	0	1	1533	00bac0
7588	RF00177	9H9J	A	1	1541	1567.10	0	1	1533	00bac0
7589	RF00177	4V9Q	DA	5	1504	1474.70	0	9	1522	00bac0
7590	RF00177	5J8A	AA	1	1534	1552.70	0	1	1533	00bac0
7591	RF00177	8WHX	a	5	1526	1553.80	0	1	1533	00bac0
7592	RF00177	9NKL	R3	1	1531	1550.30	0	1	1523	00bac0
7593	RF00177	9NLB	R3	1	1531	1550.30	0	1	1523	00bac0
7594	RF00177	1YSH	B	1	101	80.30	3.7e-24	642	742	00bac0
7595	RF00177	4JI1	A	2	1520	1503.80	0	1	1533	00bac0
7596	RF00177	4V8B	AA	5	1506	1477.40	0	9	1524	00bac0
7597	RF00177	5MRC	aa	8	1634	260.20	1.1e-80	1	1533	00bac0
7598	RF00177	6VZ3	D	1	1534	1553.70	0	1	1533	00bac0
7599	RF00177	6WDJ	3	1	1539	1564.70	0	1	1533	00bac0
7600	RF00177	7PIC	5	2	1517	1446.40	0	1	1533	00bac0
7601	RF00177	8FOM	XA	2	1520	1508.10	0	1	1533	00bac0
7602	RF00177	4V53	CA	1	1542	1577.50	0	1	1533	00bac0
7603	RF00177	4V65	A1	5	1530	1551.30	0	9	1525	00bac0
7604	RF00177	5HAU	1a	1	1519	1508.10	0	1	1533	00bac0
7605	RF00177	5J3C	QA	1	1519	1508.10	0	1	1533	00bac0
7606	RF00177	6O3M	QA	1	1519	1508.10	0	1	1533	00bac0
7607	RF00177	8CRX	A	5	1529	1523.70	0	1	1533	00bac0
7608	RF00177	9MTP	1a	1	1519	1508.10	0	1	1533	00bac0
7609	RF00177	4JV5	A	1	1515	1495.00	0	1	1533	00bac0
7610	RF00177	4V9P	BA	1	1542	1577.50	0	1	1533	00bac0
7611	RF00177	5J30	XA	1	1519	1508.10	0	1	1533	00bac0
7612	RF00177	5J8A	BA	1	1534	1552.70	0	1	1533	00bac0
7613	RF00177	5UYN	A	1	1539	1564.70	0	1	1533	00bac0
7614	RF00177	6N1D	B16S	2	1517	1499.40	0	1	1533	00bac0
7615	RF00177	7RQ9	2a	1	1519	1508.10	0	1	1533	00bac0
7616	RF00177	8A3L	A	1	1539	1560.70	0	1	1533	00bac0
7617	RF00177	8VOP	D	1	1542	1577.50	0	1	1533	00bac0
7618	RF00177	9EVS	2	7	1591	1260.00	0	1	1533	00bac0
7619	RF00177	4TUE	XA	2	1520	1508.10	0	1	1533	00bac0
7620	RF00177	4V8X	CA	5	1504	1475.00	0	9	1522	00bac0
7621	RF00177	4V9A	CA	5	1506	1477.40	0	9	1524	00bac0
7622	RF00177	5EL5	1G	2	1520	1508.10	0	1	1533	00bac0
7623	RF00177	5J4B	2a	1	1519	1508.10	0	1	1533	00bac0
7624	RF00177	6W7N	A	1	1542	1577.50	0	1	1533	00bac0
7625	RF00177	8G31	v	1	1539	1564.70	0	1	1533	00bac0
7626	RF00177	8RRI	AA	3	948	250.90	6.1e-78	9	1522	00bac0
7627	RF00177	8UPR	D	1	1542	1577.50	0	1	1533	00bac0
7628	RF00177	9AX8	a	1	1539	1564.70	0	1	1533	00bac0
7629	RF00177	9GUT	A	1	1542	1578.20	0	1	1533	00bac0
7630	RF00177	4V5G	AA	2	1520	1508.10	0	1	1533	00bac0
7631	RF00177	6MPI	A	1	1507	1493.10	0	1	1533	00bac0
7632	RF00177	7NAV	A	1	1542	1577.50	0	1	1533	00bac0
7633	RF00177	8EV6	1a	1	1519	1508.10	0	1	1533	00bac0
7634	RF00177	8T8C	1a	1	1519	1508.10	0	1	1533	00bac0
7635	RF00177	4WQY	DA	1	1519	1508.10	0	1	1533	00bac0
7636	RF00177	5WNU	A	2	1520	1503.80	0	1	1533	00bac0
7637	RF00177	6OGI	3	1	1539	1564.70	0	1	1533	00bac0
7638	RF00177	8AM9	B	1	1534	1558.30	0	1	1533	00bac0
7639	RF00177	3J9Y	a	1	1539	1564.70	0	1	1533	00bac0
7640	RF00177	4LF4	A	2	1520	1503.80	0	1	1533	00bac0
7641	RF00177	4V52	AA	1	1542	1577.50	0	1	1533	00bac0
7642	RF00177	6VYT	D	1	1542	1577.50	0	1	1533	00bac0
7643	RF00177	8RCM	A1	1	1542	1577.50	0	1	1533	00bac0
7644	RF00177	6NWY	QA	1	1519	1508.10	0	1	1533	00bac0
7645	RF00177	6QNR	1G	2	1520	1508.10	0	1	1533	00bac0
7646	RF00177	6UCQ	2a	1	1519	1508.10	0	1	1533	00bac0
7647	RF00177	7SA4	2	1	1534	1558.30	0	1	1533	00bac0
7648	RF00177	7SSL	3	1	1539	1564.70	0	1	1533	00bac0
7649	RF00177	7U2J	1a	1	1519	1508.10	0	1	1533	00bac0
7650	RF00177	8VTU	1a	1	1519	1508.10	0	1	1533	00bac0
7651	RF00177	9E0N	a	5	1526	1553.80	0	1	1533	00bac0
7652	RF00177	4KHP	A	5	1506	1474.90	0	9	1524	00bac0
7653	RF00177	4NXN	A	2	1520	1503.80	0	1	1533	00bac0
7654	RF00177	4U27	CA	1	1539	1564.70	0	1	1533	00bac0
7655	RF00177	4V49	AA	5	1527	1483.80	0	9	1525	00bac0
7656	RF00177	6GXO	a	1	1539	1564.70	0	1	1533	00bac0
7657	RF00177	6SPG	a	1	1526	1581.70	0	1	1533	00bac0
7658	RF00177	6UCQ	1a	1	1519	1508.10	0	1	1533	00bac0
7659	RF00177	6YS5	3	3	1539	1581.50	0	1	1533	00bac0
7660	RF00177	8G2A	2a	1	1519	1508.10	0	1	1533	00bac0
7661	RF00177	1VVJ	QA	2	1520	1508.10	0	1	1533	00bac0
7662	RF00177	4WRO	13	2	1520	1508.10	0	1	1533	00bac0
7663	RF00177	6X7K	D	1	1542	1577.50	0	1	1533	00bac0
7664	RF00177	6XQD	1a	1	1519	1508.10	0	1	1533	00bac0
7665	RF00177	8VUP	2	1	1539	1564.70	0	1	1533	00bac0
7666	RF00177	6BZ7	XA	1	1508	1481.60	0	1	1522	00bac0
7667	RF00177	6OXI	XA	1	1519	1508.10	0	1	1533	00bac0
7668	RF00177	8UZG	2	1	1540	1569.70	0	1	1533	00bac0
7669	RF00177	8YUP	A	1	1542	1577.50	0	1	1533	00bac0
7670	RF00177	3JCN	a	1	1542	1577.50	0	1	1533	00bac0
7671	RF00177	4YHH	A	7	1507	1476.70	0	9	1523	00bac0
7672	RF00177	6O8Z	a	4	1528	1609.70	0	9	1525	00bac0
7673	RF00177	7AFI	A	1	1541	1560.80	0	1	1533	00bac0
7674	RF00177	7NWT	2	1	1534	1558.30	0	1	1533	00bac0
7675	RF00177	8FON	XA	2	1520	1508.10	0	1	1533	00bac0
7676	RF00177	8G2D	2a	1	1519	1508.10	0	1	1533	00bac0
7677	RF00177	8P16	2	1	1542	1577.50	0	1	1533	00bac0
7678	RF00177	4TUD	QA	2	1520	1508.10	0	1	1533	00bac0
7679	RF00177	4V4G	IA	5	1526	1478.20	0	9	1525	00bac0
7680	RF00177	4WR6	1G	2	1520	1505.00	0	1	1533	00bac0
7681	RF00177	5WNT	A	2	1520	1503.80	0	1	1533	00bac0
7682	RF00177	6BZ7	QA	1	1508	1481.60	0	1	1522	00bac0
7683	RF00177	6DTI	A	1	1507	1493.10	0	1	1533	00bac0
7684	RF00177	6YEF	a	1	1554	1622.80	0	1	1533	00bac0
7685	RF00177	7NHM	a	1	1548	1615.90	0	1	1533	00bac0
7686	RF00177	7U2I	2a	1	1519	1508.10	0	1	1533	00bac0
7687	RF00177	9MOR	2	1	1534	1558.30	0	1	1533	00bac0
7688	RF00177	1MVR	B	1	96	62.60	1.7e-18	1391	1491	00bac0
7689	RF00177	4LSK	XA	2	1520	1508.10	0	1	1533	00bac0
7690	RF00177	4V69	AA	5	1530	1551.30	0	9	1525	00bac0
7691	RF00177	5UYQ	A	1	1539	1564.70	0	1	1533	00bac0
7692	RF00177	6WD0	3	1	1539	1564.70	0	1	1533	00bac0
7693	RF00177	6XQE	2a	1	1519	1508.10	0	1	1533	00bac0
7694	RF00177	8G2B	1a	1	1519	1508.10	0	1	1533	00bac0
7695	RF00177	9GHF	A	1	1542	1573.60	0	1	1533	00bac0
7696	RF00177	9PZG	A	1	1542	1577.50	0	1	1533	00bac0
7697	RF00177	4V55	CA	1	1542	1577.50	0	1	1533	00bac0
7698	RF00177	4V5L	AA	2	1520	1508.10	0	1	1533	00bac0
7699	RF00177	5U4I	a	1	1533	1547.90	0	1	1533	00bac0
7700	RF00177	6ZSG	AA	4	949	250.60	7.6e-78	9	1522	00bac0
7701	RF00177	7AFA	1	1	1541	1567.10	0	1	1533	00bac0
7702	RF00177	7PHA	5	2	1517	1446.40	0	1	1533	00bac0
7703	RF00177	8R3V	A1	1	1542	1577.50	0	1	1533	00bac0
7704	RF00177	8WI9	a	5	1526	1553.80	0	1	1533	00bac0
7705	RF00177	4V7Z	AA	2	1520	1508.10	0	1	1533	00bac0
7706	RF00177	4Y4O	1a	1	1519	1508.10	0	1	1533	00bac0
7707	RF00177	5IB8	13	2	1520	1505.00	0	1	1533	00bac0
7708	RF00177	5IWA	A	1	1509	1485.00	0	1	1523	00bac0
7709	RF00177	5L3P	a	1	1539	1564.70	0	1	1533	00bac0
7710	RF00177	6XHW	2a	1	1519	1508.10	0	1	1533	00bac0
7711	RF00177	7K51	3	1	1539	1564.70	0	1	1533	00bac0
7712	RF00177	8BGH	2	1	1542	1577.50	0	1	1533	00bac0
7713	RF00177	8Y5N	3	1	1542	1577.50	0	1	1533	00bac0
7714	RF00177	9B0S	S2	1	1740	456.30	1.3e-143	1	1533	00bac0
7715	RF00177	3J28	N	1	1533	1553.30	0	1	1533	00bac0
7716	RF00177	4DV7	A	2	1520	1500.10	0	1	1533	00bac0
7717	RF00177	4V8N	AA	2	1520	1508.10	0	1	1533	00bac0
7718	RF00177	4W4G	QA	2	1520	1508.10	0	1	1533	00bac0
7719	RF00177	5WNR	A	2	1520	1503.80	0	1	1533	00bac0
7720	RF00177	6C4I	a	1	1534	1558.30	0	1	1533	00bac0
7721	RF00177	6HA8	a	2	1551	1639.10	0	1	1533	00bac0
7722	RF00177	6V39	sN1	3	1539	1580.40	0	1	1533	00bac0
7723	RF00177	7RQC	1a	1	1519	1508.10	0	1	1533	00bac0
7724	RF00177	8UVR	1a	1	1519	1508.10	0	1	1533	00bac0
7725	RF00177	8VTY	2a	1	1519	1508.10	0	1	1533	00bac0
7726	RF00177	4V6K	BA	1	1542	1577.50	0	1	1533	00bac0
7727	RF00177	4V78	AA	1	1533	1553.30	0	1	1533	00bac0
7728	RF00177	4V7K	Aa	5	1504	1475.00	0	9	1522	00bac0
7729	RF00177	6GZX	A3	5	1506	1477.40	0	9	1524	00bac0
7730	RF00177	6ZM6	AA	3	948	250.90	6.1e-78	9	1522	00bac0
7731	RF00177	7LH5	CA	2	1520	1508.10	0	1	1533	00bac0
7732	RF00177	7RQC	2a	1	1519	1508.10	0	1	1533	00bac0
7733	RF00177	9D0G	1a	1	1519	1508.10	0	1	1533	00bac0
7734	RF00177	9MQ4	2	1	1534	1558.30	0	1	1533	00bac0
7735	RF00177	4V4T	AA	2	1520	1508.10	0	1	1533	00bac0
7736	RF00177	4V84	AA	5	1506	1477.10	0	9	1524	00bac0
7737	RF00177	4V8G	AA	2	1520	1508.10	0	1	1533	00bac0
7738	RF00177	4Y4O	2a	1	1519	1508.10	0	1	1533	00bac0
7739	RF00177	7KGB	a	4	1535	1571.20	0	1	1533	00bac0
7740	RF00177	8P2F	a	2	1553	1631.20	0	1	1533	00bac0
7741	RF00177	9GHA	A	1	1542	1573.60	0	1	1533	00bac0
7742	RF00177	2OM7	D	2	302	266.50	1.9e-83	53	355	00bac0
7743	RF00177	5DFE	XA	1	1519	1508.10	0	1	1533	00bac0
7744	RF00177	8EKB	2a	1	1519	1508.10	0	1	1533	00bac0
7745	RF00177	3J9Z	SA	1	1542	1577.50	0	1	1533	00bac0
7746	RF00177	4V5J	AA	2	1520	1508.10	0	1	1533	00bac0
7747	RF00177	4V8B	CA	5	1506	1477.40	0	9	1524	00bac0
7748	RF00177	4V8F	BA	5	1506	1477.40	0	9	1524	00bac0
7749	RF00177	4V97	CA	2	1520	1506.60	0	1	1533	00bac0
7750	RF00177	5DOY	2a	1	1519	1508.10	0	1	1533	00bac0
7751	RF00177	5KPV	26	1	1539	1564.70	0	1	1533	00bac0
7752	RF00177	6N9E	1a	1	1519	1508.10	0	1	1533	00bac0
7753	RF00177	6W7M	A	1	1542	1577.50	0	1	1533	00bac0
7754	RF00177	7AFN	1	1	1541	1567.10	0	1	1533	00bac0
7755	RF00177	7DUI	A	2	1520	1502.70	0	1	1533	00bac0
7756	RF00177	8FC1	2a	1	1519	1508.10	0	1	1533	00bac0
7757	RF00177	9NL7	R3	1	1539	1564.70	0	1	1533	00bac0
7758	RF00177	4V4H	AA	1	1542	1577.50	0	1	1533	00bac0
7759	RF00177	6NSH	XA	1	1519	1508.10	0	1	1533	00bac0
7760	RF00177	6SPC	a	4	1519	1559.60	0	9	1523	00bac0
7761	RF00177	7PAQ	5	2	1517	1446.40	0	1	1533	00bac0
7762	RF00177	8PKL	A	1	1535	1560.00	0	1	1533	00bac0
7763	RF00177	4B3S	A	1	1519	1508.10	0	1	1533	00bac0
7764	RF00177	4DUY	A	2	1520	1502.70	0	1	1533	00bac0
7765	RF00177	4LNT	QA	2	1520	1508.10	0	1	1533	00bac0
7766	RF00177	4V5B	DA	1	1542	1577.50	0	1	1533	00bac0
7767	RF00177	6GXM	a	1	1539	1564.70	0	1	1533	00bac0
7768	RF00177	7AF8	1	1	1541	1567.10	0	1	1533	00bac0
7769	RF00177	7O1A	AA	1	1534	1558.30	0	1	1533	00bac0
7770	RF00177	7UW1	a	3	1539	1575.30	0	1	1533	00bac0
7771	RF00177	8T5D	v	1	1539	1564.70	0	1	1533	00bac0
7772	RF00177	9DFD	1a	1	1519	1508.10	0	1	1533	00bac0
7773	RF00177	4DV1	A	2	1520	1500.00	0	1	1533	00bac0
7774	RF00177	4LFZ	QA	2	1520	1508.10	0	1	1533	00bac0
7775	RF00177	4V9S	AA	2	1520	1508.10	0	1	1533	00bac0
7776	RF00177	5IB7	13	2	1520	1505.00	0	1	1533	00bac0
7777	RF00177	5WIT	1a	1	1519	1508.10	0	1	1533	00bac0
7778	RF00177	7PAH	5	2	1517	1446.40	0	1	1533	00bac0
7779	RF00177	8WIF	a	5	1526	1553.80	0	1	1533	00bac0
7780	RF00177	8YDF	3	1	1542	1577.50	0	1	1533	00bac0
7781	RF00177	9G5C	A	4	949	250.90	6e-78	9	1522	00bac0
7782	RF00177	4LEL	XA	2	1520	1508.10	0	1	1533	00bac0
7783	RF00177	7ASO	X	6	1415	1466.20	0	9	1523	00bac0
7784	RF00177	7JQL	1a	1	1519	1508.10	0	1	1533	00bac0
7785	RF00177	8CGR	A	1	1540	1565.80	0	1	1533	00bac0
7786	RF00177	3JBU	A	1	1542	1577.50	0	1	1533	00bac0
7787	RF00177	6BZ6	QA	1	1508	1477.70	0	1	1522	00bac0
7788	RF00177	6OJ2	QA	2	1520	1508.10	0	1	1533	00bac0
7789	RF00177	6Z1P	Bb	1	1395	539.70	1.7e-170	202	1533	00bac0
7790	RF00177	7QV2	a	3	1545	1615.30	0	1	1533	00bac0
7791	RF00177	7S1K	C	1	1540	1569.70	0	1	1533	00bac0
7792	RF00177	8EKC	a	1	1542	1577.50	0	1	1533	00bac0
7793	RF00177	8W2N	2	1	1540	1569.70	0	1	1533	00bac0
7794	RF00177	1HNW	A	2	1520	1508.10	0	1	1533	00bac0
7795	RF00177	1HNZ	A	2	1520	1508.10	0	1	1533	00bac0
7796	RF00177	4V4I	y	2	1520	1507.80	0	1	1533	00bac0
7797	RF00177	4V57	AA	1	1542	1577.50	0	1	1533	00bac0
7798	RF00177	6SZS	a	1	1540	1569.70	0	1	1533	00bac0
7799	RF00177	7QGU	W	3	1552	1639.10	0	1	1533	00bac0
7800	RF00177	7RYH	a	3	1539	1575.30	0	1	1533	00bac0
7801	RF00177	7SS9	3	1	1539	1564.70	0	1	1533	00bac0
7802	RF00177	9MTT	1a	1	1519	1508.10	0	1	1533	00bac0
7803	RF00177	3J2E	N	1	1533	1553.30	0	1	1533	00bac0
7804	RF00177	4LF6	A	2	1520	1503.80	0	1	1533	00bac0
7805	RF00177	4V4G	CA	5	1526	1478.20	0	9	1525	00bac0
7806	RF00177	4V6E	CA	5	1530	1551.30	0	9	1525	00bac0
7807	RF00177	7QG8	0	1	1539	1564.70	0	1	1533	00bac0
7808	RF00177	7Y7C	A	1	1542	1577.50	0	1	1533	00bac0
7809	RF00177	9G5E	A	4	949	250.90	6e-78	9	1522	00bac0
7810	RF00177	9H9L	A	1	1541	1567.10	0	1	1533	00bac0
7811	RF00177	9NL5	R3	1	1531	1550.30	0	1	1523	00bac0
7812	RF00177	1JGQ	A	2	1520	1508.10	0	1	1533	00bac0
7813	RF00177	5WNQ	A	2	1520	1503.80	0	1	1533	00bac0
7814	RF00177	6GXP	a	1	1539	1564.70	0	1	1533	00bac0
7815	RF00177	6N9E	2a	1	1519	1508.10	0	1	1533	00bac0
7816	RF00177	8CVK	2a	1	1519	1508.10	0	1	1533	00bac0
7817	RF00177	8P18	2	1	1542	1577.50	0	1	1533	00bac0
7818	RF00177	4ZER	1a	1	1519	1508.10	0	1	1533	00bac0
7819	RF00177	5D8B	YC	2	1509	1482.80	0	1	1522	00bac0
7820	RF00177	5MGP	a	1	1539	1564.70	0	1	1533	00bac0
7821	RF00177	5UQ8	a	1	1519	1505.00	0	1	1533	00bac0
7822	RF00177	6WDI	3	1	1539	1564.70	0	1	1533	00bac0
7823	RF00177	7RQ8	2a	1	1519	1508.10	0	1	1533	00bac0
7824	RF00177	3J2B	N	1	1533	1553.30	0	1	1533	00bac0
7825	RF00177	4V7T	CA	5	1530	1551.30	0	9	1525	00bac0
7826	RF00177	4V8D	AA	5	1506	1477.40	0	9	1524	00bac0
7827	RF00177	7AF5	1	1	1541	1567.10	0	1	1533	00bac0
7828	RF00177	7S1G	C	1	1540	1569.70	0	1	1533	00bac0
7829	RF00177	9GHH	a	2	1553	1631.20	0	1	1533	00bac0
7830	RF00177	4V54	CA	1	1542	1577.50	0	1	1533	00bac0
7831	RF00177	4YZV	XA	2	1520	1508.10	0	1	1533	00bac0
7832	RF00177	5O61	BA	5	1526	1553.80	0	1	1533	00bac0
7833	RF00177	7S1J	C	1	1540	1569.70	0	1	1533	00bac0
7834	RF00177	7UNR	a	1	1536	1606.00	0	1	1533	00bac0
7835	RF00177	8P8B	5	2	1517	1447.50	0	1	1533	00bac0
7836	RF00177	8YDI	3	1	1542	1577.50	0	1	1533	00bac0
7837	RF00177	9HFO	A	4	949	250.90	6e-78	9	1522	00bac0
7838	RF00177	9O3K	2a	1	1519	1508.10	0	1	1533	00bac0
7839	RF00177	4V87	CA	5	1506	1477.40	0	9	1524	00bac0
7840	RF00177	4V95	AA	2	1520	1508.10	0	1	1533	00bac0
7841	RF00177	4V9O	FA	1	1542	1577.50	0	1	1533	00bac0
7842	RF00177	4WOI	AA	1	1542	1577.50	0	1	1533	00bac0
7843	RF00177	4WQY	BA	1	1519	1508.10	0	1	1533	00bac0
7844	RF00177	4Y4P	1a	1	1519	1508.10	0	1	1533	00bac0
7845	RF00177	5KCS	1a	1	1539	1564.70	0	1	1533	00bac0
7846	RF00177	5MDV	2	1	1534	1558.30	0	1	1533	00bac0
7847	RF00177	5T7V	A	1	1547	1614.30	0	1	1533	00bac0
7848	RF00177	6CZR	1a	647	2165	1508.10	0	1	1533	00bac0
7849	RF00177	8ZTV	A	1	1542	1577.50	0	1	1533	00bac0
7850	RF00177	4V5A	CA	2	1520	1508.10	0	1	1533	00bac0
7851	RF00177	4V6R	AA	1	1542	1577.50	0	1	1533	00bac0
7852	RF00177	4V9C	CA	1	1542	1577.50	0	1	1533	00bac0
7853	RF00177	4WQU	BA	1	1519	1508.10	0	1	1533	00bac0
7854	RF00177	4WT8	Bb	5	1504	1475.00	0	9	1522	00bac0
7855	RF00177	6W77	A	1	1542	1577.50	0	1	1533	00bac0
7856	RF00177	6XHY	2a	1	1519	1508.10	0	1	1533	00bac0
7857	RF00177	7OIF	2	1	1534	1558.30	0	1	1533	00bac0
7858	RF00177	7PNX	A	4	949	250.90	6e-78	9	1522	00bac0
7859	RF00177	7RQB	1a	1	1519	1508.10	0	1	1533	00bac0
7860	RF00177	8FZD	a	1	1542	1577.50	0	1	1533	00bac0
7861	RF00177	8HSP	A	1	1542	1577.50	0	1	1533	00bac0
7862	RF00177	9MTR	2a	1	1519	1508.10	0	1	1533	00bac0
7863	RF00177	4JI4	A	2	1520	1502.40	0	1	1533	00bac0
7864	RF00177	4V4P	BA	2	1520	1508.10	0	1	1533	00bac0
7865	RF00177	4V61	AA	2	1491	1540.20	0	1	1533	00bac0
7866	RF00177	5FDV	2a	1	1519	1508.10	0	1	1533	00bac0
7867	RF00177	5X8P	a	2	1491	1540.20	0	1	1533	00bac0
7868	RF00177	7N2C	16	1	1534	1558.30	0	1	1533	00bac0
7869	RF00177	7NAS	A	1	1542	1577.50	0	1	1533	00bac0
7870	RF00177	7P7R	a	2	1555	1609.90	0	8	1533	00bac0
7871	RF00177	7UVV	a	3	1539	1575.30	0	1	1533	00bac0
7872	RF00177	8CF8	A	1	1540	1565.80	0	1	1533	00bac0
7873	RF00177	8CVK	1a	1	1519	1508.10	0	1	1533	00bac0
7874	RF00177	3T1H	A	1	1513	1488.70	0	1	1533	00bac0
7875	RF00177	7SSN	3	1	1539	1564.70	0	1	1533	00bac0
7876	RF00177	7V2M	A	2	1520	1508.10	0	1	1533	00bac0
7877	RF00177	8UVS	1a	1	1519	1508.10	0	1	1533	00bac0
7878	RF00177	9B0S	s2	1	1740	456.30	1.3e-143	1	1533	00bac0
7879	RF00177	9I5X	a	1	1532	1396.60	0	1	1533	00bac0
7880	RF00177	4DR2	A	2	1520	1503.80	0	1	1533	00bac0
7881	RF00177	4V6N	BA	1	1542	1577.50	0	1	1533	00bac0
7882	RF00177	4V8J	CA	2	1520	1502.70	0	1	1533	00bac0
7883	RF00177	4V8O	AA	2	1520	1508.10	0	1	1533	00bac0
7884	RF00177	4WWW	XA	1	1533	1553.30	0	1	1533	00bac0
7885	RF00177	5KPS	27	1	1539	1564.70	0	1	1533	00bac0
7886	RF00177	7M4U	a	3	1539	1575.30	0	1	1533	00bac0
7887	RF00177	8CF1	A	1	1540	1565.80	0	1	1533	00bac0
7888	RF00177	8VTV	1a	1	1519	1508.10	0	1	1533	00bac0
7889	RF00177	1XMQ	A	2	1520	1508.10	0	1	1533	00bac0
7890	RF00177	4V7S	CA	5	1530	1551.30	0	9	1525	00bac0
7891	RF00177	6C5L	AA	2	1520	1508.10	0	1	1533	00bac0
7892	RF00177	7OII	2	1	1534	1558.30	0	1	1533	00bac0
7893	RF00177	7PO2	A	4	949	250.90	6e-78	9	1522	00bac0
7894	RF00177	7Q4K	AA	1	1534	1558.30	0	1	1533	00bac0
7895	RF00177	8BHJ	2	1	1542	1577.50	0	1	1533	00bac0
7896	RF00177	8FC6	2a	1	1519	1508.10	0	1	1533	00bac0
7897	RF00177	8OIP	AA	5	962	259.20	1.3e-80	9	1527	00bac0
7898	RF00177	8PVA	A	1	1542	1577.50	0	1	1533	00bac0
7899	RF00177	9GGR	AA	1	1542	1577.50	0	1	1533	00bac0
7900	RF00177	2UUC	A	2	1520	1508.10	0	1	1533	00bac0
7901	RF00177	2ZM6	A	1	1509	1484.80	0	1	1523	00bac0
7902	RF00177	4V54	AA	1	1542	1577.50	0	1	1533	00bac0
7903	RF00177	5AFI	a	1	1539	1564.70	0	1	1533	00bac0
7904	RF00177	5LI0	a	1	1547	1611.40	0	1	1533	00bac0
7905	RF00177	6GZQ	A2	5	1506	1477.40	0	9	1524	00bac0
7906	RF00177	6O8X	a	4	1528	1609.70	0	9	1525	00bac0
7907	RF00177	6VYQ	D	1	1542	1577.50	0	1	1533	00bac0
7908	RF00177	7AFD	1	1	1541	1567.10	0	1	1533	00bac0
7909	RF00177	8APN	B4	1	337	89.50	1.4e-26	1030	1533	00bac0
7910	RF00177	8AYE	A	1	1542	1577.50	0	1	1533	00bac0
7911	RF00177	9B00	2a	1	1519	1508.10	0	1	1533	00bac0
7912	RF00177	9D0J	2a	1	1519	1508.10	0	1	1533	00bac0
7913	RF00177	4V9M	CA	1	1511	1484.90	0	1	1533	00bac0
7914	RF00177	4V9S	CA	2	1520	1508.10	0	1	1533	00bac0
7915	RF00177	5LMQ	A	2	1520	1508.10	0	1	1533	00bac0
7916	RF00177	6ZM5	AA	3	948	250.90	6.1e-78	9	1522	00bac0
7917	RF00177	7B5K	a	1	1533	1559.20	0	1	1524	00bac0
7918	RF00177	8WRC	A	2	1520	1502.70	0	1	1533	00bac0
7919	RF00177	9HC4	iN	48	1588	1568.50	0	1	1533	00bac0
7920	RF00177	3J2A	N	1	1533	1553.30	0	1	1533	00bac0
7921	RF00177	4JYA	A	1	1515	1495.00	0	1	1533	00bac0
7922	RF00177	4V4A	AA	1	1535	1502.40	0	1	1533	00bac0
7923	RF00177	6AWC	A	1	1539	1564.70	0	1	1533	00bac0
7924	RF00177	6OG7	3	1	1539	1564.70	0	1	1533	00bac0
7925	RF00177	7RYF	a	3	1539	1575.30	0	1	1533	00bac0
7926	RF00177	7V2O	A	2	1520	1508.10	0	1	1533	00bac0
7927	RF00177	8UTJ	2	1	1540	1569.70	0	1	1533	00bac0
7928	RF00177	8ZEJ	A	1	1533	1556.90	0	1	1524	00bac0
7929	RF00177	9D0G	2a	1	1519	1508.10	0	1	1533	00bac0
7930	RF00177	1J5E	A	2	1520	1508.10	0	1	1533	00bac0
7931	RF00177	1VY5	CA	1	1519	1508.10	0	1	1533	00bac0
7932	RF00177	4LF5	A	2	1520	1503.80	0	1	1533	00bac0
7933	RF00177	4TUD	XA	2	1520	1508.10	0	1	1533	00bac0
7934	RF00177	4V5D	AA	2	1520	1508.10	0	1	1533	00bac0
7935	RF00177	4V7J	Ba	5	1504	1475.00	0	9	1522	00bac0
7936	RF00177	4W2I	AA	1	1519	1508.10	0	1	1533	00bac0
7937	RF00177	7K55	3	1	1539	1564.70	0	1	1533	00bac0
7938	RF00177	7L08	AA	4	949	250.60	7.6e-78	9	1522	00bac0
7939	RF00177	7ST2	3	1	1539	1564.70	0	1	1533	00bac0
7940	RF00177	8G7P	a	1	1542	1577.50	0	1	1533	00bac0
7941	RF00177	8G7R	a	1	1542	1577.50	0	1	1533	00bac0
7942	RF00177	8OM4	r	8	1632	270.70	4.6e-84	1	1533	00bac0
7943	RF00177	9D7R	2a	1	1519	1508.10	0	1	1533	00bac0
7944	RF00177	3J2G	N	1	1533	1553.30	0	1	1533	00bac0
7945	RF00177	4V8X	AA	5	1504	1475.00	0	9	1522	00bac0
7946	RF00177	6OTR	QA	1	1519	1508.10	0	1	1533	00bac0
7947	RF00177	7JQM	2a	1	1519	1508.10	0	1	1533	00bac0
7948	RF00177	7PHB	5	2	1517	1446.40	0	1	1533	00bac0
7949	RF00177	7UVY	a	3	1539	1575.30	0	1	1533	00bac0
7950	RF00177	1N34	A	2	1520	1508.10	0	1	1533	00bac0
7951	RF00177	4DUZ	A	2	1520	1502.70	0	1	1533	00bac0
7952	RF00177	4V6C	CA	5	1530	1551.30	0	9	1525	00bac0
7953	RF00177	5EL7	1G	2	1520	1505.00	0	1	1533	00bac0
7954	RF00177	5J4C	1a	1	1519	1508.10	0	1	1533	00bac0
7955	RF00177	5ZLU	G	1	1514	1497.80	0	1	1533	00bac0
7956	RF00177	6HA1	a	2	1551	1639.10	0	1	1533	00bac0
7957	RF00177	6S0X	a	6	1539	1601.20	0	9	1523	00bac0
7958	RF00177	8CSU	A	4	949	250.90	6e-78	9	1522	00bac0
7959	RF00177	9D0J	1a	1	1519	1508.10	0	1	1533	00bac0
7960	RF00177	4U20	AA	1	1539	1564.70	0	1	1533	00bac0
7961	RF00177	4WZO	1G	2	1520	1508.10	0	1	1533	00bac0
7962	RF00177	3J29	N	1	1533	1553.30	0	1	1533	00bac0
7963	RF00177	4V51	AA	2	1520	1508.10	0	1	1533	00bac0
7964	RF00177	4V5P	CA	2	1520	1508.10	0	1	1533	00bac0
7965	RF00177	4V67	CA	3	1521	1507.80	0	1	1533	00bac0
7966	RF00177	6BY1	BA	1	1541	1572.20	0	1	1533	00bac0
7967	RF00177	7O1C	AA	1	1534	1558.30	0	1	1533	00bac0
7968	RF00177	8G2A	1a	1	1519	1508.10	0	1	1533	00bac0
7969	RF00177	8QBT	i	1	1540	1569.70	0	1	1533	00bac0
7970	RF00177	9CG6	A	1	1542	1577.50	0	1	1533	00bac0
7971	RF00177	1EMI	B	1	108	65.30	3.8e-19	567	754	00bac0
7972	RF00177	1I96	A	1	1514	1488.40	0	1	1533	00bac0
7973	RF00177	4LFZ	XA	2	1520	1508.10	0	1	1533	00bac0
7974	RF00177	4U1V	CA	1	1539	1564.70	0	1	1533	00bac0
7975	RF00177	4V90	AA	1	1519	1508.10	0	1	1533	00bac0
7976	RF00177	4V9D	AA	1	1539	1564.70	0	1	1533	00bac0
7977	RF00177	6NSH	QA	1	1519	1508.10	0	1	1533	00bac0
7978	RF00177	8YDJ	3	1	1542	1577.50	0	1	1533	00bac0
7979	RF00177	9B0Q	s2	1	1740	456.30	1.3e-143	1	1533	00bac0
7980	RF00177	4V5S	CA	2	1520	1508.10	0	1	1533	00bac0
7981	RF00177	4V8G	CA	2	1520	1508.10	0	1	1533	00bac0
7982	RF00177	5LMP	A	2	1520	1508.10	0	1	1533	00bac0
7983	RF00177	5WIS	2a	1	1519	1508.10	0	1	1533	00bac0
7984	RF00177	7N30	16	1	1534	1558.30	0	1	1533	00bac0
7985	RF00177	7PAI	5	2	1517	1446.40	0	1	1533	00bac0
7986	RF00177	7PAM	5	2	1517	1446.40	0	1	1533	00bac0
7987	RF00177	1I94	A	1	1514	1488.40	0	1	1533	00bac0
7988	RF00177	4JI5	A	2	1520	1503.80	0	1	1533	00bac0
7989	RF00177	4JI8	A	2	1520	1503.80	0	1	1533	00bac0
7990	RF00177	4V8C	CA	5	1506	1477.40	0	9	1524	00bac0
7991	RF00177	4V8H	CA	2	1520	1508.10	0	1	1533	00bac0
7992	RF00177	6O3M	XA	1	1519	1508.10	0	1	1533	00bac0
7993	RF00177	6WNV	3	1	1539	1564.70	0	1	1533	00bac0
7994	RF00177	7JT3	3	1	1539	1560.30	0	1	1533	00bac0
7995	RF00177	7S1H	C	1	1540	1569.70	0	1	1533	00bac0
7996	RF00177	8VTX	2a	1	1519	1508.10	0	1	1533	00bac0
7997	RF00177	4U26	CA	1	1539	1564.70	0	1	1533	00bac0
7998	RF00177	5NDJ	1G	2	1520	1505.00	0	1	1533	00bac0
7999	RF00177	5VPO	QA	1	1519	1508.10	0	1	1533	00bac0
8000	RF00177	6GSJ	13	2	1520	1508.10	0	1	1533	00bac0
8001	RF00177	6YDW	AA	66	1037	264.40	4.9e-81	1	1533	00bac0
8002	RF00177	7DUH	A	2	1520	1502.70	0	1	1533	00bac0
8003	RF00177	7NAW	A	1	1542	1577.50	0	1	1533	00bac0
8004	RF00177	4WZD	1G	2	1520	1505.00	0	1	1533	00bac0
8005	RF00177	5WNV	A	2	1520	1503.80	0	1	1533	00bac0
8006	RF00177	6ZTN	AA	1	1542	1577.60	0	1	1533	00bac0
8007	RF00177	7ST6	3	1	1539	1564.70	0	1	1533	00bac0
8008	RF00177	8VSA	16S	1	1539	1564.70	0	1	1533	00bac0
8009	RF00177	4DR7	A	2	1520	1503.80	0	1	1533	00bac0
8010	RF00177	6WUA	a	4	1548	1600.80	0	9	1525	00bac0
8011	RF00177	7JQM	1a	1	1519	1508.10	0	1	1533	00bac0
8012	RF00177	7MSM	a	4	1535	1571.20	0	1	1533	00bac0
8013	RF00177	7PI8	5	2	1517	1446.40	0	1	1533	00bac0
8014	RF00177	8CVO	A	5	1529	1523.70	0	1	1533	00bac0
8015	RF00177	8G6W	A	1	1542	1577.50	0	1	1533	00bac0
8016	RF00177	9QEG	Aa	1	1552	1631.20	0	1	1533	00bac0
8017	RF00177	4V9L	CA	1	1511	1484.90	0	1	1533	00bac0
8018	RF00177	6GZZ	A3	5	1506	1477.40	0	9	1524	00bac0
8019	RF00177	8FC5	2a	1	1519	1508.10	0	1	1533	00bac0
8020	RF00177	8R8M	A	1	1534	1558.30	0	1	1533	00bac0
8021	RF00177	4V7D	BA	1	1542	1577.50	0	1	1533	00bac0
8022	RF00177	5JTE	AA	1	1539	1564.70	0	1	1533	00bac0
8023	RF00177	6CAE	2a	1	1519	1508.10	0	1	1533	00bac0
8024	RF00177	7P6Z	5	2	1517	1446.40	0	1	1533	00bac0
8025	RF00177	8FC3	2a	1	1519	1508.10	0	1	1533	00bac0
8026	RF00177	8QRM	A	4	949	250.90	6e-78	9	1522	00bac0
8027	RF00177	8UQL	D	1	1542	1577.50	0	1	1533	00bac0
8028	RF00177	8Y5L	3	1	1542	1577.50	0	1	1533	00bac0
8029	RF00177	8ZTU	A	1	1542	1577.50	0	1	1533	00bac0
8030	RF00177	3JA1	SA	1	1542	1577.50	0	1	1533	00bac0
8031	RF00177	4DR3	A	2	1520	1503.80	0	1	1533	00bac0
8032	RF00177	4V6F	CA	1	1515	1497.50	0	1	1533	00bac0
8033	RF00177	4WZD	13	2	1520	1505.00	0	1	1533	00bac0
8034	RF00177	7N1P	16	1	1542	1577.50	0	1	1533	00bac0
8035	RF00177	8V9L	a	5	1526	1553.80	0	1	1533	00bac0
8036	RF00177	4V5F	CA	2	1520	1508.10	0	1	1533	00bac0
8037	RF00177	6BU8	A	1	1539	1564.70	0	1	1533	00bac0
8038	RF00177	8UXA	AL	8	1634	261.60	3.7e-81	1	1533	00bac0
8039	RF00177	8V03	2	1	1540	1569.70	0	1	1533	00bac0
8040	RF00177	4W2I	CA	1	1519	1508.10	0	1	1533	00bac0
8041	RF00177	4Z8C	1a	1	1519	1508.10	0	1	1533	00bac0
8042	RF00177	6GSL	13	2	1520	1508.10	0	1	1533	00bac0
8043	RF00177	6GSL	1G	2	1520	1508.10	0	1	1533	00bac0
8044	RF00177	6NDK	XA	1	1519	1508.10	0	1	1533	00bac0
8045	RF00177	6OM6	2	1	1534	1558.30	0	1	1533	00bac0
8046	RF00177	7RYG	a	3	1539	1575.30	0	1	1533	00bac0
8047	RF00177	9NJF	R3	1	1538	1558.60	0	1	1533	00bac0
8048	RF00177	4V5P	AA	2	1520	1508.10	0	1	1533	00bac0
8049	RF00177	5IQR	2	1	1533	1553.30	0	1	1533	00bac0
8050	RF00177	6NUO	QA	1	1519	1508.10	0	1	1533	00bac0
8051	RF00177	7OIG	2	1	1534	1558.30	0	1	1533	00bac0
8052	RF00177	8CEE	A	2	1551	1639.10	0	1	1533	00bac0
8053	RF00177	8RCL	A2	1	1542	1577.50	0	1	1533	00bac0
8054	RF00177	8UD7	2a	1	1519	1508.10	0	1	1533	00bac0
8055	RF00177	8VOQ	D	1	1542	1577.50	0	1	1533	00bac0
8056	RF00177	9B1X	A	5	1526	1553.80	0	1	1533	00bac0
8057	RF00177	9H9N	A	1	1541	1567.10	0	1	1533	00bac0
8058	RF00177	4V5B	BA	1	1542	1577.50	0	1	1533	00bac0
8059	RF00177	4V5Q	CA	2	1520	1508.10	0	1	1533	00bac0
8060	RF00177	4V75	AA	1	1533	1553.30	0	1	1533	00bac0
8061	RF00177	5U4J	a	1	1533	1553.30	0	1	1533	00bac0
8062	RF00177	5UQ7	a	1	1519	1505.00	0	1	1533	00bac0
8063	RF00177	6V3B	sN1	3	1539	1580.40	0	1	1533	00bac0
8064	RF00177	7OIZ	A	1	1519	1548.30	0	1	1533	00bac0
8065	RF00177	7PAJ	5	2	1517	1446.40	0	1	1533	00bac0
8066	RF00177	7SFR	a	4	1535	1571.20	0	1	1533	00bac0
8067	RF00177	4LF7	A	2	1520	1503.80	0	1	1533	00bac0
8068	RF00177	4V83	AA	5	1506	1477.10	0	9	1524	00bac0
8069	RF00177	4W4G	XA	2	1520	1508.10	0	1	1533	00bac0
8070	RF00177	5HCQ	1a	1	1519	1508.10	0	1	1533	00bac0
8071	RF00177	5KPW	26	1	1539	1564.70	0	1	1533	00bac0
8072	RF00177	6YWY	aa	46	1853	597.10	8.3e-189	1	1533	00bac0
8073	RF00177	8BHP	2	1	1542	1577.50	0	1	1533	00bac0
8074	RF00177	8D8J	a	72	1698	260.20	1.1e-80	1	1533	00bac0
8075	RF00177	8UD8	2a	1	1519	1508.10	0	1	1533	00bac0
8076	RF00177	8URI	D	1	1542	1577.50	0	1	1533	00bac0
8077	RF00177	9FIB	B	1	1083	1040.10	0	1	1533	00bac0
8078	RF00177	9NL6	R3	1	1539	1564.70	0	1	1533	00bac0
8079	RF00177	4V7T	AA	1	1533	1553.30	0	1	1533	00bac0
8080	RF00177	5DOX	1a	1	1519	1508.10	0	1	1533	00bac0
8081	RF00177	5E7K	1G	2	1520	1505.00	0	1	1533	00bac0
8082	RF00177	6WNW	3	1	1539	1564.70	0	1	1533	00bac0
8083	RF00177	7RQB	2a	1	1519	1508.10	0	1	1533	00bac0
8084	RF00177	8QCQ	a	2	1551	1639.10	0	1	1533	00bac0
8085	RF00177	8UVS	2a	1	1519	1508.10	0	1	1533	00bac0
8086	RF00177	8UX8	2	1	1540	1569.70	0	1	1533	00bac0
8087	RF00177	1VY4	AA	1	1519	1508.10	0	1	1533	00bac0
8088	RF00177	3T1Y	A	1	1513	1488.70	0	1	1533	00bac0
8089	RF00177	4L47	QA	2	1520	1508.10	0	1	1533	00bac0
8090	RF00177	4Y4P	2a	1	1519	1508.10	0	1	1533	00bac0
8091	RF00177	5J4C	2a	1	1519	1508.10	0	1	1533	00bac0
8092	RF00177	5ND8	a	1	1547	1611.40	0	1	1533	00bac0
8093	RF00177	6ORE	2	1	1534	1558.30	0	1	1533	00bac0
8094	RF00177	6OSQ	2	1	1534	1558.30	0	1	1533	00bac0
8095	RF00177	8YP6	a	5	1510	1526.80	0	9	1525	00bac0
8096	RF00177	9GUQ	A	1	1541	1572.80	0	1	1533	00bac0
8097	RF00177	4V6O	AA	1	1542	1577.50	0	1	1533	00bac0
8098	RF00177	4V7I	BA	1	1542	1577.50	0	1	1533	00bac0
8099	RF00177	6I7V	AA	1	1533	1553.30	0	1	1533	00bac0
8100	RF00177	6N9F	2a	1	1519	1508.10	0	1	1533	00bac0
8101	RF00177	6O90	a	4	1528	1609.70	0	9	1525	00bac0
8102	RF00177	7NSQ	a	1	1540	1569.70	0	1	1533	00bac0
8103	RF00177	1ZC8	Z	1	91	55.00	4.4e-16	1392	1487	00bac0
8104	RF00177	6ND5	2a	1	1519	1508.10	0	1	1533	00bac0
8105	RF00177	6XQD	2a	1	1519	1508.10	0	1	1533	00bac0
8106	RF00177	8CGI	A	1	1540	1565.80	0	1	1533	00bac0
8107	RF00177	8VOO	D	1	1542	1577.50	0	1	1533	00bac0
8108	RF00177	8Y38	a	1	1548	1617.10	0	1	1533	00bac0
8109	RF00177	9GUS	A	1	1541	1572.80	0	1	1533	00bac0
8110	RF00177	9MTP	2a	1	1519	1508.10	0	1	1533	00bac0
8111	RF00177	4JI6	A	2	1520	1503.80	0	1	1533	00bac0
8112	RF00177	4V9R	AA	2	1520	1508.10	0	1	1533	00bac0
8113	RF00177	4W2E	a	1	1519	1508.10	0	1	1533	00bac0
8114	RF00177	5UYL	A	1	1539	1564.70	0	1	1533	00bac0
8115	RF00177	6ENF	a	1	1539	1564.70	0	1	1533	00bac0
8116	RF00177	6FKR	2a	1	1507	1477.80	0	1	1533	00bac0
8117	RF00177	7ACJ	2	1	1534	1558.30	0	1	1533	00bac0
8118	RF00177	9DFE	2a	1	1519	1508.10	0	1	1533	00bac0
8119	RF00177	9H0L	A	1	1542	1577.50	0	1	1533	00bac0
8120	RF00177	9RTV	a	1	1542	1577.50	0	1	1533	00bac0
8121	RF00177	4K0K	A	1	1515	1495.00	0	1	1533	00bac0
8122	RF00177	4V8J	AA	2	1520	1502.70	0	1	1533	00bac0
8123	RF00177	4WPO	BA	1	1519	1508.10	0	1	1533	00bac0
8124	RF00177	5WIT	2a	1	1519	1508.10	0	1	1533	00bac0
8125	RF00177	6OFX	3	1	1539	1564.70	0	1	1533	00bac0
8126	RF00177	6ORD	QA	2	1520	1508.10	0	1	1533	00bac0
8127	RF00177	6XHW	1a	1	1519	1508.10	0	1	1533	00bac0
8128	RF00177	7JT1	3	1	1539	1560.30	0	1	1533	00bac0
8129	RF00177	7O19	AA	1	1534	1558.30	0	1	1533	00bac0
8130	RF00177	7PNZ	A	4	949	250.90	6e-78	9	1522	00bac0
8131	RF00177	7QI4	AA	3	948	250.90	6.1e-78	9	1522	00bac0
8132	RF00177	8FC6	1a	1	1519	1508.10	0	1	1533	00bac0
8133	RF00177	8G7S	a	1	1542	1577.50	0	1	1533	00bac0
8134	RF00177	8XT2	S1	4	949	250.50	7.9e-78	9	1522	00bac0
8135	RF00177	4V89	AA	1	1533	1553.30	0	1	1533	00bac0
8136	RF00177	5AA0	BA	1	1515	1497.50	0	1	1533	00bac0
8137	RF00177	5MMJ	a	2	1491	1540.20	0	1	1533	00bac0
8138	RF00177	6TBV	16S1	1	1534	1558.30	0	1	1533	00bac0
8139	RF00177	7QV3	a	4	1533	1606.50	0	9	1521	00bac0
8140	RF00177	8QPP	A	4	1533	1606.50	0	9	1521	00bac0
8141	RF00177	8YUO	A	1	1542	1577.50	0	1	1533	00bac0
8142	RF00177	9WNR	A	1	1533	1556.90	0	1	1524	00bac0
8143	RF00177	1I97	A	1	1514	1488.40	0	1	1533	00bac0
8144	RF00177	1VY4	CA	1	1519	1508.10	0	1	1533	00bac0
8145	RF00177	3J2H	N	1	1533	1553.30	0	1	1533	00bac0
8146	RF00177	4V64	CA	1	1542	1577.50	0	1	1533	00bac0
8147	RF00177	4V8I	CA	2	1520	1508.10	0	1	1533	00bac0
8148	RF00177	4W2H	AA	1	1519	1508.10	0	1	1533	00bac0
8149	RF00177	5DOX	2a	1	1519	1508.10	0	1	1533	00bac0
8150	RF00177	7ASP	X	1	1552	1629.70	0	1	1533	00bac0
8151	RF00177	8P7X	5	2	1517	1447.50	0	1	1533	00bac0
8152	RF00177	9H9H	A	1	1542	1577.50	0	1	1533	00bac0
8153	RF00177	9N2B	16	1	1542	1577.50	0	1	1533	00bac0
8154	RF00177	9O3I	2a	1	1519	1508.10	0	1	1533	00bac0
8155	RF00177	4V4Q	CA	1	1542	1577.50	0	1	1533	00bac0
8156	RF00177	4V63	CA	3	1521	1507.80	0	1	1533	00bac0
8157	RF00177	4W29	CA	1	1511	1484.90	0	1	1533	00bac0
8158	RF00177	4WSM	1G	2	1520	1508.10	0	1	1533	00bac0
8159	RF00177	4YPB	QA	2	1520	1508.10	0	1	1533	00bac0
8160	RF00177	5D8B	UC	2	1509	1482.80	0	1	1522	00bac0
8161	RF00177	5H5U	h	1	1534	1558.30	0	1	1533	00bac0
8162	RF00177	6ENU	a	1	1539	1564.70	0	1	1533	00bac0
8163	RF00177	6N9F	1a	1	1519	1508.10	0	1	1533	00bac0
8164	RF00177	7DUL	A	2	1520	1502.70	0	1	1533	00bac0
8165	RF00177	7PH9	5	2	1517	1446.40	0	1	1533	00bac0
8166	RF00177	7PIO	5	2	1517	1446.40	0	1	1533	00bac0
8167	RF00177	9GUP	A	1	1541	1572.80	0	1	1533	00bac0
8168	RF00177	9O3L	2a	1	1519	1508.10	0	1	1533	00bac0
8169	RF00177	3DG5	A	1	1542	1577.50	0	1	1533	00bac0
8170	RF00177	8UU4	a	1	1550	1642.70	0	1	1533	00bac0
8171	RF00177	9GFT	0	1	1542	1577.50	0	1	1533	00bac0
8172	RF00177	1IBM	A	2	1520	1508.10	0	1	1533	00bac0
8173	RF00177	4JI0	A	2	1520	1503.80	0	1	1533	00bac0
8174	RF00177	4X62	A	2	1520	1503.80	0	1	1533	00bac0
8175	RF00177	6BY1	AA	1	1541	1572.20	0	1	1533	00bac0
8176	RF00177	6XHY	1a	1	1519	1508.10	0	1	1533	00bac0
8177	RF00177	7BGD	a	2	1554	1627.70	0	1	1533	00bac0
8178	RF00177	7PNY	A	4	949	250.90	6e-78	9	1522	00bac0
8179	RF00177	7Y7H	A	1	1542	1577.50	0	1	1533	00bac0
8180	RF00177	8BIM	2	1	1542	1577.50	0	1	1533	00bac0
8181	RF00177	4NXM	A	2	1520	1503.80	0	1	1533	00bac0
8182	RF00177	4U24	AA	1	1539	1564.70	0	1	1533	00bac0
8183	RF00177	4V5M	AA	2	1520	1508.10	0	1	1533	00bac0
8184	RF00177	4V7W	CA	2	1520	1508.10	0	1	1533	00bac0
8185	RF00177	6WDM	3	1	1539	1564.70	0	1	1533	00bac0
8186	RF00177	7AF3	1	1	1541	1567.10	0	1	1533	00bac0
8187	RF00177	7RQ8	1a	1	1519	1508.10	0	1	1533	00bac0
8188	RF00177	3DG0	A	1	1542	1577.50	0	1	1533	00bac0
8189	RF00177	4V51	CA	2	1520	1508.10	0	1	1533	00bac0
8190	RF00177	4V5E	CA	2	1520	1508.10	0	1	1533	00bac0
8191	RF00177	4V63	AA	3	1521	1507.80	0	1	1533	00bac0
8192	RF00177	4V6D	AA	1	1533	1553.30	0	1	1533	00bac0
8193	RF00177	4V7M	AA	1	1508	1483.00	0	1	1522	00bac0
8194	RF00177	4V9M	AA	1	1511	1484.90	0	1	1533	00bac0
8195	RF00177	4V9O	HA	1	1542	1577.50	0	1	1533	00bac0
8196	RF00177	4Z8C	2a	1	1519	1508.10	0	1	1533	00bac0
8197	RF00177	6GSK	13	2	1520	1505.00	0	1	1533	00bac0
8198	RF00177	8RCS	A2	1	1542	1577.50	0	1	1533	00bac0
8199	RF00177	9D0I	1a	1	1519	1508.10	0	1	1533	00bac0
8200	RF00177	4V42	AA	2	1520	1508.10	0	1	1533	00bac0
8201	RF00177	4V5C	AA	2	1520	1508.10	0	1	1533	00bac0
8202	RF00177	4V5R	AA	2	1520	1508.10	0	1	1533	00bac0
8203	RF00177	5LMU	A	2	1520	1508.10	0	1	1533	00bac0
8204	RF00177	6WD6	3	1	1539	1564.70	0	1	1533	00bac0
8205	RF00177	7AZS	16SA	3	1512	1487.60	0	1	1533	00bac0
8206	RF00177	7NAU	A	1	1542	1577.50	0	1	1533	00bac0
8207	RF00177	8CDU	A	2	1551	1639.10	0	1	1533	00bac0
8208	RF00177	8QRL	A	4	949	250.90	6e-78	9	1522	00bac0
8209	RF00177	8URM	2	1	1540	1569.70	0	1	1533	00bac0
8210	RF00177	8UU5	a	1	1550	1642.70	0	1	1533	00bac0
8211	RF00177	4V5Y	CA	1	1542	1577.50	0	1	1533	00bac0
8212	RF00177	4WRA	13	2	1520	1508.10	0	1	1533	00bac0
8213	RF00177	6GXN	a	1	1539	1564.70	0	1	1533	00bac0
8214	RF00177	6ND5	1a	1	1519	1508.10	0	1	1533	00bac0
8215	RF00177	7AZO	16SA	3	1512	1487.60	0	1	1533	00bac0
8216	RF00177	8OIN	AA	3	960	259.00	1.5e-80	9	1527	00bac0
8217	RF00177	8VTW	1a	1	1519	1508.10	0	1	1533	00bac0
8218	RF00177	9DUK	A	1	1533	1553.30	0	1	1533	00bac0
8219	RF00177	9DUL	A	1	1533	1551.00	0	1	1533	00bac0
8220	RF00177	4V7L	AA	2	1509	1483.00	0	1	1522	00bac0
8221	RF00177	6BOH	A	1	1507	1477.50	0	1	1533	00bac0
8222	RF00177	7BGE	a	2	1554	1627.70	0	1	1533	00bac0
8223	RF00177	7QH4	W	3	1552	1639.10	0	1	1533	00bac0
8224	RF00177	8B7Y	C	1	1533	1553.30	0	1	1533	00bac0
8225	RF00177	8FZE	a	1	1542	1577.50	0	1	1533	00bac0
8226	RF00177	9B51	AA	1	1539	1564.70	0	1	1533	00bac0
8227	RF00177	4V9A	AA	5	1506	1477.40	0	9	1524	00bac0
8228	RF00177	7N2V	16	1	1534	1558.30	0	1	1533	00bac0
8229	RF00177	7PIA	5	2	1517	1446.40	0	1	1533	00bac0
8230	RF00177	8OM3	r	8	1632	270.70	4.6e-84	1	1533	00bac0
8231	RF00177	1JGO	A	2	1520	1508.10	0	1	1533	00bac0
8232	RF00177	4JI3	A	2	1520	1503.80	0	1	1533	00bac0
8233	RF00177	4LT8	QA	2	1520	1508.10	0	1	1533	00bac0
8234	RF00177	4V4Z	AA	2	1520	1508.10	0	1	1533	00bac0
8235	RF00177	6N1D	A16S	2	1517	1499.40	0	1	1533	00bac0
8236	RF00177	6O8Y	a	4	1528	1609.70	0	9	1525	00bac0
8237	RF00177	6VZ5	D	1	1542	1577.50	0	1	1533	00bac0
8238	RF00177	7NAX	A	1	1542	1577.50	0	1	1533	00bac0
8239	RF00177	8PHJ	A	1	1542	1577.50	0	1	1533	00bac0
8240	RF00177	8URX	D	1	1542	1577.50	0	1	1533	00bac0
8241	RF00177	8VTY	1a	1	1519	1508.10	0	1	1533	00bac0
8242	RF00177	4JI2	A	2	1520	1503.80	0	1	1533	00bac0
8243	RF00177	4V9R	CA	2	1520	1508.10	0	1	1533	00bac0
8244	RF00177	5WFK	a	1	1540	1569.70	0	1	1533	00bac0
8245	RF00177	6NY6	A	2	1520	1505.30	0	1	1533	00bac0
8246	RF00177	6O9J	a	5	1530	1551.30	0	9	1525	00bac0
8247	RF00177	6UO1	2a	1	1519	1508.10	0	1	1533	00bac0
8248	RF00177	6WD1	3	1	1539	1564.70	0	1	1533	00bac0
8249	RF00177	6WD8	3	1	1539	1564.70	0	1	1533	00bac0
8250	RF00177	7M5D	2	1	1534	1558.30	0	1	1533	00bac0
8251	RF00177	7PO3	A	4	949	250.90	6e-78	9	1522	00bac0
8252	RF00177	9H90	a	1	1544	1532.80	0	1	1524	00bac0
8253	RF00177	9MTS	2a	1	1519	1508.10	0	1	1533	00bac0
8254	RF00177	4V5K	AA	2	1520	1508.10	0	1	1533	00bac0
8255	RF00177	4V9Q	BA	5	1504	1474.70	0	9	1522	00bac0
8256	RF00177	5NO3	A	1	1534	1558.30	0	1	1533	00bac0
8257	RF00177	6CFK	2a	1	1519	1508.10	0	1	1533	00bac0
8258	RF00177	7A5G	A6	4	949	250.50	7.9e-78	9	1522	00bac0
8259	RF00177	7NQH	AA	5	962	259.20	1.3e-80	9	1527	00bac0
8260	RF00177	7PJY	a	1	1542	1577.50	0	1	1533	00bac0
8261	RF00177	8CVJ	1a	1	1519	1508.10	0	1	1533	00bac0
8262	RF00177	3DG2	A	1	1542	1577.50	0	1	1533	00bac0
8263	RF00177	3JBV	A	1	1542	1577.50	0	1	1533	00bac0
8264	RF00177	6HRM	1	1	1528	1441.30	0	1	1533	00bac0
8265	RF00177	6V3E	sN1	3	1539	1580.40	0	1	1533	00bac0
8266	RF00177	7NSI	AA	5	962	259.20	1.3e-80	9	1527	00bac0
8267	RF00177	8QRN	A	4	949	250.90	6e-78	9	1522	00bac0
8268	RF00177	4U24	CA	1	1539	1564.70	0	1	1533	00bac0
8269	RF00177	4V7V	AA	1	1533	1553.30	0	1	1533	00bac0
8270	RF00177	7PAR	5	2	1517	1446.40	0	1	1533	00bac0
8271	RF00177	8CST	A	4	949	250.90	6e-78	9	1522	00bac0
8272	RF00177	9B1W	A	1	1511	1526.10	0	1	1533	00bac0
8273	RF00177	4V50	CA	1	1542	1577.50	0	1	1533	00bac0
8274	RF00177	4V5G	CA	2	1520	1508.10	0	1	1533	00bac0
8275	RF00177	4YPB	XA	2	1520	1508.10	0	1	1533	00bac0
8276	RF00177	6Q9A	2	1	1534	1558.30	0	1	1533	00bac0
8277	RF00177	7JSZ	3	1	1539	1560.30	0	1	1533	00bac0
8278	RF00177	8FOM	QA	2	1520	1508.10	0	1	1533	00bac0
8279	RF00177	8PEG	A	1	1542	1577.50	0	1	1533	00bac0
8280	RF00177	4P6F	QA	2	1520	1508.10	0	1	1533	00bac0
8281	RF00177	5EL6	13	2	1520	1508.10	0	1	1533	00bac0
8282	RF00177	5MY1	A	1	1542	1577.50	0	1	1533	00bac0
8283	RF00177	7PJT	a	1	1542	1577.50	0	1	1533	00bac0
8284	RF00177	9D0H	2a	1	1519	1508.10	0	1	1533	00bac0
8285	RF00177	4B3R	A	1	1519	1508.10	0	1	1533	00bac0
8286	RF00177	4V57	CA	1	1542	1577.50	0	1	1533	00bac0
8287	RF00177	6FXC	Ba	6	1539	1601.20	0	9	1523	00bac0
8288	RF00177	8FC2	2a	1	1519	1508.10	0	1	1533	00bac0
8289	RF00177	8K4E	A	1	1542	1577.50	0	1	1533	00bac0
8290	RF00177	8YUR	A	1	1542	1577.50	0	1	1533	00bac0
8291	RF00177	9O3L	1a	1	1519	1508.10	0	1	1533	00bac0
8292	RF00177	1VY7	AA	1	1519	1508.10	0	1	1533	00bac0
8293	RF00177	4V4R	AA	2	1520	1508.10	0	1	1533	00bac0
8294	RF00177	4V64	AA	1	1542	1577.50	0	1	1533	00bac0
8295	RF00177	4V73	AA	1	1533	1553.30	0	1	1533	00bac0
8296	RF00177	4WOI	DA	1	1542	1577.50	0	1	1533	00bac0
8297	RF00177	5E7K	13	2	1520	1505.00	0	1	1533	00bac0
8298	RF00177	6CFK	1a	1	1519	1508.10	0	1	1533	00bac0
8299	RF00177	6OF1	1a	1	1519	1508.10	0	1	1533	00bac0
8300	RF00177	6OSI	XA	1	1519	1508.10	0	1	1533	00bac0
8301	RF00177	6WDC	3	1	1539	1564.70	0	1	1533	00bac0
8302	RF00177	7AC7	2	1	1540	1569.70	0	1	1533	00bac0
8303	RF00177	7NBU	A	1	1539	1560.70	0	1	1533	00bac0
8304	RF00177	7PO0	A	4	949	250.90	6e-78	9	1522	00bac0
8305	RF00177	8R55	A	4	1533	1606.50	0	9	1521	00bac0
8306	RF00177	8WI7	a	5	1526	1553.80	0	1	1533	00bac0
8307	RF00177	9MKK	A	1	1542	1577.50	0	1	1533	00bac0
8308	RF00177	4V4Y	AA	2	1520	1508.10	0	1	1533	00bac0
8309	RF00177	4V7P	AA	5	1504	1474.70	0	9	1522	00bac0
8310	RF00177	5LMO	A	2	1520	1508.10	0	1	1533	00bac0
8311	RF00177	6BZ6	XA	1	1508	1477.70	0	1	1522	00bac0
8312	RF00177	6GZZ	A4	5	1506	1477.40	0	9	1524	00bac0
8313	RF00177	6LKQ	s	1	1532	1551.50	0	1	1533	00bac0
8314	RF00177	6VWL	1	1	1540	1565.50	0	1	1533	00bac0
8315	RF00177	6VWN	1	1	1540	1565.50	0	1	1533	00bac0
8316	RF00177	7NHK	a	2	1555	1615.50	0	8	1533	00bac0
8317	RF00177	7NSO	a	1	1540	1569.70	0	1	1533	00bac0
8318	RF00177	8CED	A	2	1551	1639.10	0	1	1533	00bac0
8319	RF00177	8FZG	a	1	1542	1577.50	0	1	1533	00bac0
8320	RF00177	9D0I	2a	1	1519	1508.10	0	1	1533	00bac0
8321	RF00177	9D7S	2a	1	1519	1508.10	0	1	1533	00bac0
8322	RF00177	1VVJ	XA	2	1520	1508.10	0	1	1533	00bac0
8323	RF00177	4V48	BA	1	1543	1572.50	0	1	1533	00bac0
8324	RF00177	4V50	AA	1	1542	1577.50	0	1	1533	00bac0
8325	RF00177	4V8E	BA	5	1506	1477.40	0	9	1524	00bac0
8326	RF00177	6CAR	A	1	1515	1496.40	0	1	1533	00bac0
8327	RF00177	6OSK	2	1	1534	1558.30	0	1	1533	00bac0
8328	RF00177	6YDW	BA	66	1037	264.40	4.9e-81	1	1533	00bac0
8329	RF00177	9CG5	A	1	1542	1577.50	0	1	1533	00bac0
8330	RF00177	4JI7	A	2	1520	1503.80	0	1	1533	00bac0
8331	RF00177	4U1V	AA	1	1539	1564.70	0	1	1533	00bac0
8332	RF00177	4V84	CA	5	1506	1477.10	0	9	1524	00bac0
8333	RF00177	6XHX	1a	1	1519	1508.10	0	1	1533	00bac0
8334	RF00177	6YST	a	1	1542	1577.50	0	1	1533	00bac0
8335	RF00177	8CGJ	A	1	1540	1565.80	0	1	1533	00bac0
8336	RF00177	4OX9	A	2	1513	1488.50	0	1	1533	00bac0
8337	RF00177	4WF1	CA	1	1539	1564.70	0	1	1533	00bac0
8338	RF00177	4WU1	13	2	1520	1508.10	0	1	1533	00bac0
8339	RF00177	6CFL	1a	1	1519	1508.10	0	1	1533	00bac0
8340	RF00177	6VZ2	D	1	1542	1577.50	0	1	1533	00bac0
8341	RF00177	7PIR	5	2	1517	1446.40	0	1	1533	00bac0
8342	RF00177	8CEP	A	1	1540	1565.80	0	1	1533	00bac0
8343	RF00177	4V52	CA	1	1542	1577.50	0	1	1533	00bac0
8344	RF00177	4V6D	CA	5	1530	1551.30	0	9	1525	00bac0
8345	RF00177	4V6P	AA	1	1542	1577.50	0	1	1533	00bac0
8346	RF00177	4V8A	DA	2	1519	1509.50	0	1	1533	00bac0
8347	RF00177	5E81	13	2	1519	1501.00	0	1	1533	00bac0
8348	RF00177	6CAP	A	2	1520	1507.00	0	1	1533	00bac0
8349	RF00177	6VU3	D	1	1542	1577.50	0	1	1533	00bac0
8350	RF00177	6WDF	3	1	1539	1564.70	0	1	1533	00bac0
8351	RF00177	7KWG	a	2	1554	1627.70	0	1	1533	00bac0
8352	RF00177	8FIZ	AA	1	1534	1558.30	0	1	1533	00bac0
8353	RF00177	1XNR	A	2	1520	1508.10	0	1	1533	00bac0
8354	RF00177	2UU9	A	2	1520	1508.10	0	1	1533	00bac0
8355	RF00177	4U25	AA	1	1539	1564.70	0	1	1533	00bac0
8356	RF00177	4V5R	CA	2	1520	1508.10	0	1	1533	00bac0
8357	RF00177	4V7L	CA	2	1509	1483.00	0	1	1522	00bac0
8358	RF00177	8APN	B3	1	379	126.40	2.2e-38	488	980	00bac0
8359	RF00177	8CSP	A	4	949	250.90	6e-78	9	1522	00bac0
8360	RF00177	4X64	A	2	1520	1503.80	0	1	1533	00bac0
8361	RF00177	5MRE	aa	8	1634	260.20	1.1e-80	1	1533	00bac0
8362	RF00177	6ND6	1a	1	1519	1508.10	0	1	1533	00bac0
8363	RF00177	6OF1	2a	1	1519	1508.10	0	1	1533	00bac0
8364	RF00177	7M4W	a	3	1539	1575.30	0	1	1533	00bac0
8365	RF00177	7N31	16	1	1534	1558.30	0	1	1533	00bac0
8366	RF00177	7PJW	a	1	1542	1577.50	0	1	1533	00bac0
8367	RF00177	8B0X	A	1	1542	1578.90	0	1	1533	00bac0
8368	RF00177	8T8B	1a	1	1519	1508.10	0	1	1533	00bac0
8369	RF00177	8UR0	D	1	1542	1577.50	0	1	1533	00bac0
8370	RF00177	4LNT	XA	2	1520	1508.10	0	1	1533	00bac0
8371	RF00177	5J5B	BA	1	1534	1558.30	0	1	1533	00bac0
8372	RF00177	6BOK	A	1	1507	1477.50	0	1	1533	00bac0
8373	RF00177	6XHX	2a	1	1519	1508.10	0	1	1533	00bac0
8374	RF00177	7PI9	5	2	1517	1446.40	0	1	1533	00bac0
8375	RF00177	8BIL	2	1	1542	1577.50	0	1	1533	00bac0
8376	RF00177	8P8W	5	2	1517	1447.50	0	1	1533	00bac0
8377	RF00177	9B1Y	A	1	1511	1526.10	0	1	1533	00bac0
8378	RF00177	9GYT	2	7	1766	1232.40	0	1	1533	00bac0
8379	RF00177	1I95	A	1	1514	1488.40	0	1	1533	00bac0
8380	RF00177	5NGM	Aa	2	1553	1631.20	0	1	1533	00bac0
8381	RF00177	5X8R	a	2	1491	1540.20	0	1	1533	00bac0
8382	RF00177	6NTA	QA	1	1519	1508.10	0	1	1533	00bac0
8383	RF00177	6Q97	2	1	1534	1558.30	0	1	1533	00bac0
8384	RF00177	6YDP	BA	66	1037	264.40	4.9e-81	1	1533	00bac0
8385	RF00177	7OE0	A	1	1542	1577.50	0	1	1533	00bac0
8386	RF00177	4V77	AA	1	1533	1553.30	0	1	1533	00bac0
8387	RF00177	4W2F	CA	1	1519	1508.10	0	1	1533	00bac0
8388	RF00177	6ORL	2	1	1534	1558.30	0	1	1533	00bac0
8389	RF00177	6WD9	3	1	1539	1564.70	0	1	1533	00bac0
8390	RF00177	7NSJ	AA	5	962	259.20	1.3e-80	9	1527	00bac0
8391	RF00177	8CVL	1a	1	1519	1508.10	0	1	1533	00bac0
8392	RF00177	8EYT	A	1	1408	1392.70	0	1	1533	00bac0
8393	RF00177	8Y39	a	1	1548	1616.50	0	1	1533	00bac0
8394	RF00177	1JGP	A	2	1520	1508.10	0	1	1533	00bac0
8395	RF00177	3IZZ	E	1	100	68.40	2.4e-20	1388	1492	00bac0
8396	RF00177	4V79	AA	1	1533	1553.30	0	1	1533	00bac0
8397	RF00177	6XDQ	D	1	1542	1577.50	0	1	1533	00bac0
8398	RF00177	7PKQ	3	1	393	184.80	4.1e-57	481	982	00bac0
8399	RF00177	7ZTA	16S1	1	1534	1558.30	0	1	1533	00bac0
8400	RF00177	8IFB	A	1	1542	1577.50	0	1	1533	00bac0
8401	RF00177	8Y5M	3	1	1542	1577.50	0	1	1533	00bac0
8402	RF00177	9H9K	1	1	1541	1567.10	0	1	1533	00bac0
8403	RF00177	2F4V	A	1	1511	1487.10	0	1	1533	00bac0
8404	RF00177	4LF9	A	2	1520	1503.80	0	1	1533	00bac0
8405	RF00177	4V55	AA	1	1542	1577.50	0	1	1533	00bac0
8406	RF00177	4WQ1	13	2	1520	1508.10	0	1	1533	00bac0
8407	RF00177	5J4B	1a	1	1519	1508.10	0	1	1533	00bac0
8408	RF00177	5NO2	A	1	1534	1558.30	0	1	1533	00bac0
8409	RF00177	6WD2	3	1	1539	1564.70	0	1	1533	00bac0
8410	RF00177	8P2H	a	2	1553	1631.20	0	1	1533	00bac0
8411	RF00177	9DFE	1a	1	1519	1508.10	0	1	1533	00bac0
8412	RF00177	1X1L	A	1	130	105.00	5.5e-32	1391	1525	00bac0
8413	RF00177	4LF8	A	2	1520	1503.80	0	1	1533	00bac0
8414	RF00177	4U1U	CA	1	1539	1564.70	0	1	1533	00bac0
8415	RF00177	4ZSN	XA	2	1520	1508.10	0	1	1533	00bac0
8416	RF00177	5EL6	1G	2	1520	1508.10	0	1	1533	00bac0
8417	RF00177	5UYK	A	1	1539	1564.70	0	1	1533	00bac0
8418	RF00177	6O97	2a	1	1519	1508.10	0	1	1533	00bac0
8419	RF00177	6YSR	a	1	1542	1577.50	0	1	1533	00bac0
8420	RF00177	7PIP	5	2	1517	1446.40	0	1	1533	00bac0
8421	RF00177	9UWH	AA	3	948	250.90	6.1e-78	9	1522	00bac0
8422	RF00177	6XE0	W	1	1539	1564.70	0	1	1533	00bac0
8423	RF00177	8FC4	1a	1	1519	1508.10	0	1	1533	00bac0
8424	RF00177	9Q87	A	1	1542	1578.90	0	1	1533	00bac0
8425	RF00177	1VY6	CA	1	1519	1508.10	0	1	1533	00bac0
8426	RF00177	4V9B	CA	5	1506	1477.40	0	9	1524	00bac0
8427	RF00177	4V9K	AA	1	1511	1484.90	0	1	1533	00bac0
8428	RF00177	6NTA	XA	1	1519	1508.10	0	1	1533	00bac0
8429	RF00177	7MSZ	a	4	1535	1571.20	0	1	1533	00bac0
8430	RF00177	7O5B	A	4	1533	1606.50	0	9	1521	00bac0
8431	RF00177	7P3K	A	1	1519	1548.30	0	1	1533	00bac0
8432	RF00177	7PO1	A	4	949	250.90	6e-78	9	1522	00bac0
8433	RF00177	7U2H	2a	1	1519	1508.10	0	1	1533	00bac0
8434	RF00177	7V2N	A	2	1520	1508.10	0	1	1533	00bac0
8435	RF00177	8RDV	iN	48	1589	1562.80	0	1	1533	00bac0
8436	RF00177	8Y5O	3	1	1542	1577.50	0	1	1533	00bac0
8437	RF00177	8Y5P	3	1	1542	1577.50	0	1	1533	00bac0
8438	RF00177	9HFN	A	4	949	250.90	6e-78	9	1522	00bac0
8439	RF00177	1XMO	A	2	1520	1508.10	0	1	1533	00bac0
8440	RF00177	3J9M	AA	4	949	250.60	7.6e-78	9	1522	00bac0
8441	RF00177	4P70	XA	2	1520	1508.10	0	1	1533	00bac0
8442	RF00177	4TUA	XA	2	1520	1508.10	0	1	1533	00bac0
8443	RF00177	4U26	AA	1	1539	1564.70	0	1	1533	00bac0
8444	RF00177	5UYP	A	1	1539	1564.70	0	1	1533	00bac0
8445	RF00177	7PAK	5	2	1517	1446.40	0	1	1533	00bac0
8446	RF00177	7QI6	AA	3	948	250.90	6.1e-78	9	1522	00bac0
8447	RF00177	8FR8	a	1	1511	1526.10	0	1	1533	00bac0
8448	RF00177	8FZF	a	1	1542	1577.50	0	1	1533	00bac0
8449	RF00177	9GHC	A	1	1542	1573.60	0	1	1533	00bac0
8450	RF00177	5IMQ	A	2	1520	1508.10	0	1	1533	00bac0
8451	RF00177	6MKN	A	1	1507	1493.10	0	1	1533	00bac0
8452	RF00177	6W6P	a	4	1548	1600.80	0	9	1525	00bac0
8453	RF00177	7BOH	A	1	1542	1577.50	0	1	1533	00bac0
8454	RF00177	7D80	B	1	1539	1564.70	0	1	1533	00bac0
8455	RF00177	7PIS	5	2	1517	1446.40	0	1	1533	00bac0
8456	RF00177	7PJX	a	1	1542	1577.50	0	1	1533	00bac0
8457	RF00177	8FMW	A	3	1529	1515.30	0	1	1524	00bac0
8458	RF00177	4V7Z	CA	2	1520	1508.10	0	1	1533	00bac0
8459	RF00177	4WRA	1G	2	1520	1508.10	0	1	1533	00bac0
8460	RF00177	5NDK	13	2	1520	1505.00	0	1	1533	00bac0
8461	RF00177	6ND6	2a	1	1519	1508.10	0	1	1533	00bac0
8462	RF00177	7DUK	A	2	1520	1502.70	0	1	1533	00bac0
8463	RF00177	8CVL	2a	1	1519	1508.10	0	1	1533	00bac0
8464	RF00177	8OIR	AA	4	949	250.90	6e-78	9	1522	00bac0
8465	RF00177	9G06	B	1	1545	1560.50	0	1	1533	00bac0
8466	RF00177	1IBK	A	2	1520	1508.10	0	1	1533	00bac0
8467	RF00177	4ZSN	QA	2	1520	1508.10	0	1	1533	00bac0
8468	RF00177	5HCP	2a	1	1519	1508.10	0	1	1533	00bac0
8469	RF00177	6ZU1	AA	1	1542	1577.60	0	1	1533	00bac0
8470	RF00177	8JSG	g	1	1540	1567.00	0	1	1533	00bac0
8471	RF00177	8K3O	A	1	1542	1577.50	0	1	1533	00bac0
8472	RF00177	4V4G	AA	5	1526	1478.20	0	9	1525	00bac0
8473	RF00177	4V6Y	AA	1	1533	1553.30	0	1	1533	00bac0
8474	RF00177	6BOH	FB	1	1507	1477.50	0	1	1533	00bac0
8475	RF00177	6DZK	A	1	1511	1526.10	0	1	1533	00bac0
8476	RF00177	7BOI	A	1	1542	1577.50	0	1	1533	00bac0
8477	RF00177	7PAL	5	2	1517	1446.40	0	1	1533	00bac0
8478	RF00177	8OIS	AA	4	949	250.90	6e-78	9	1522	00bac0
8479	RF00177	8T8B	2a	1	1519	1508.10	0	1	1533	00bac0
8480	RF00177	2UUB	A	2	1520	1508.10	0	1	1533	00bac0
8481	RF00177	4P70	QA	2	1520	1508.10	0	1	1533	00bac0
8482	RF00177	4V4H	CA	1	1542	1577.50	0	1	1533	00bac0
8483	RF00177	4V6G	AA	2	1517	1496.60	0	1	1533	00bac0
8484	RF00177	4V7K	Ba	5	1504	1475.00	0	9	1522	00bac0
8485	RF00177	4V95	CA	2	1520	1508.10	0	1	1533	00bac0
8486	RF00177	5AJ4	AA	5	962	259.20	1.3e-80	9	1527	00bac0
8487	RF00177	5LMV	A	2	1520	1508.10	0	1	1533	00bac0
8488	RF00177	6WDH	3	1	1539	1564.70	0	1	1533	00bac0
8489	RF00177	6ZTO	AA	1	1542	1577.60	0	1	1533	00bac0
8490	RF00177	7JT2	3	1	1539	1560.30	0	1	1533	00bac0
8491	RF00177	8RCM	A2	1	1542	1577.50	0	1	1533	00bac0
8492	RF00177	8UPO	D	1	1542	1577.50	0	1	1533	00bac0
8493	RF00177	8VTU	2a	1	1519	1508.10	0	1	1533	00bac0
8494	RF00177	2UUA	A	2	1520	1508.10	0	1	1533	00bac0
8495	RF00177	4L71	XA	2	1520	1508.10	0	1	1533	00bac0
8496	RF00177	4V6Q	AA	1	1542	1577.50	0	1	1533	00bac0
8497	RF00177	5W4K	1a	1	1519	1508.10	0	1	1533	00bac0
8498	RF00177	5WIS	1a	1	1519	1508.10	0	1	1533	00bac0
8499	RF00177	6SPF	a	4	1521	1578.80	0	9	1523	00bac0
8500	RF00177	6VYZ	D	1	1542	1577.50	0	1	1533	00bac0
8501	RF00177	8G2B	2a	1	1519	1508.10	0	1	1533	00bac0
8502	RF00177	4B3T	A	1	1519	1508.10	0	1	1533	00bac0
8503	RF00177	4V7J	Aa	5	1504	1475.00	0	9	1522	00bac0
8504	RF00177	5MYJ	AA	1	1535	1591.70	0	1	1533	00bac0
8505	RF00177	8QOA	A	1	1542	1577.50	0	1	1533	00bac0
8506	RF00177	9AX7	A	1	1542	1577.50	0	1	1533	00bac0
8507	RF00177	4V6L	AA	1	1542	1577.50	0	1	1533	00bac0
8508	RF00177	4V8A	CA	2	1519	1509.50	0	1	1533	00bac0
8509	RF00177	6NDK	QA	1	1519	1508.10	0	1	1533	00bac0
8510	RF00177	6OUO	2	1	1534	1558.30	0	1	1533	00bac0
8511	RF00177	6VYY	D	1	1542	1577.50	0	1	1533	00bac0
8512	RF00177	7A5K	A6	4	949	250.50	7.9e-78	9	1522	00bac0
8513	RF00177	7QGN	0	1	1539	1564.70	0	1	1533	00bac0
8514	RF00177	7UVX	a	3	1539	1575.30	0	1	1533	00bac0
8515	RF00177	8BUU	a	2	1551	1641.00	0	1	1533	00bac0
8516	RF00177	8QRK	A	4	949	250.90	6e-78	9	1522	00bac0
8517	RF00177	4V4S	AA	2	1520	1508.10	0	1	1533	00bac0
8518	RF00177	4V7X	CA	2	1520	1508.10	0	1	1533	00bac0
8519	RF00177	7K54	3	1	1539	1564.70	0	1	1533	00bac0
8520	RF00177	7P7S	a	2	1555	1609.90	0	8	1533	00bac0
8521	RF00177	8Q4F	A	1	1542	1577.50	0	1	1533	00bac0
8522	RF00177	8RCL	A1	1	1542	1577.50	0	1	1533	00bac0
8523	RF00177	9DFD	2a	1	1519	1508.10	0	1	1533	00bac0
8524	RF00177	9MTQ	1a	1	1519	1508.10	0	1	1533	00bac0
8525	RF00177	1FKA	A	2	1516	1497.70	0	1	1533	00bac0
8526	RF00177	4V5N	AA	2	1520	1508.10	0	1	1533	00bac0
8527	RF00177	4V6S	BA	1	1542	1577.50	0	1	1533	00bac0
8528	RF00177	5F8K	2a	1	1519	1508.10	0	1	1533	00bac0
8529	RF00177	5LMR	A	2	1520	1508.10	0	1	1533	00bac0
8530	RF00177	5O5J	A	5	1526	1553.80	0	1	1533	00bac0
8531	RF00177	5VPO	XA	1	1519	1508.10	0	1	1533	00bac0
8532	RF00177	8V9J	a	5	1526	1553.80	0	1	1533	00bac0
8533	RF00177	9B50	AA	1	1539	1564.70	0	1	1533	00bac0
8534	RF00177	9D7T	2a	1	1519	1508.10	0	1	1533	00bac0
8535	RF00177	1N36	A	2	1520	1508.10	0	1	1533	00bac0
8536	RF00177	4V4X	AA	2	1520	1508.10	0	1	1533	00bac0
8537	RF00177	4V5H	AA	5	1530	1551.30	0	9	1525	00bac0
8538	RF00177	4V7U	AA	1	1533	1553.30	0	1	1533	00bac0
8539	RF00177	4W2H	CA	1	1519	1508.10	0	1	1533	00bac0
8540	RF00177	4WQR	1G	2	1520	1508.10	0	1	1533	00bac0
8541	RF00177	5DOY	1a	1	1519	1508.10	0	1	1533	00bac0
8542	RF00177	5EL7	13	2	1520	1505.00	0	1	1533	00bac0
8543	RF00177	6W6K	A	1	1542	1577.50	0	1	1533	00bac0
8544	RF00177	7A5F	A6	4	949	250.50	7.9e-78	9	1522	00bac0
8545	RF00177	4V8E	DA	5	1506	1477.40	0	9	1524	00bac0
8546	RF00177	4WT1	13	2	1520	1505.00	0	1	1533	00bac0
8547	RF00177	5W4K	2a	1	1519	1508.10	0	1	1533	00bac0
8548	RF00177	6ENJ	a	1	1539	1564.70	0	1	1533	00bac0
8549	RF00177	7NHN	a	2	1542	1624.50	0	1	1533	00bac0
8550	RF00177	8BYV	a	1	1547	1611.40	0	1	1533	00bac0
8551	RF00177	8GHU	a	1	1532	1544.40	0	1	1533	00bac0
8552	RF00177	9O3K	1a	1	1519	1508.10	0	1	1533	00bac0
8553	RF00185	8GZQ	S	74	168	54.30	3.8e-10	1	96	00bac0
8554	RF00185	8GZP	S	74	168	54.30	3.8e-10	1	96	00bac0
8555	RF00207	2KUW	A	1	48	70.60	2.5e-17	1	48	00bac0
8556	RF00207	2KUU	A	1	48	76.80	4.2e-19	1	48	00bac0
8557	RF00207	2KE6	A	1	48	80.40	3.8e-20	1	48	00bac0
8558	RF00207	2KUV	A	1	48	78.80	1.1e-19	1	48	00bac0
8559	RF00207	2KUR	A	1	48	78.20	1.7e-19	1	48	00bac0
8560	RF00209	4C4Q	N	1	233	269.40	3.1e-87	22	254	00bac0
8561	RF00210	8HUJ	C	1	108	51.40	2.6e-15	306	415	00bac0
8562	RF00210	2NBX	A	1	108	51.40	2.6e-15	306	415	00bac0
8563	RF00210	8J7R	C	1	108	51.40	2.6e-15	306	415	00bac0
8564	RF00228	6MWN	B	1	92	103.70	1e-31	428	519	00bac0
8565	RF00228	6MWN	A	1	92	103.70	1e-31	428	519	00bac0
8566	RF00233	4P5J	A	1	86	96.30	5.3e-22	1	84	00bac0
8567	RF00233	6MJ0	A	24	104	78.50	1.8e-17	1	84	00bac0
8568	RF00233	6MJ0	B	24	104	78.50	1.8e-17	1	84	00bac0
8569	RF00234	3G96	Q	1	141	88.60	4.5e-22	24	167	00bac0
8570	RF00234	2Z74	B	1	125	77.20	5.1e-19	36	167	00bac0
8571	RF00234	3G9C	Q	1	141	88.60	4.5e-22	24	167	00bac0
8572	RF00234	4MEG	B	1	126	66.40	4.4e-16	35	167	00bac0
8573	RF00234	3G8S	S	1	141	88.60	4.5e-22	24	167	00bac0
8574	RF00234	2HO6	B	1	125	77.20	5.1e-19	36	167	00bac0
8575	RF00234	3G8T	Q	1	141	85.10	4.2e-21	24	167	00bac0
8576	RF00234	3L3C	S	1	141	88.60	4.5e-22	24	167	00bac0
8577	RF00234	2H0Z	B	1	125	77.20	5.1e-19	36	167	00bac0
8578	RF00234	2GCV	B	1	125	77.20	5.1e-19	36	167	00bac0
8579	RF00234	2NZ4	Q	1	141	88.60	4.5e-22	24	167	00bac0
8580	RF00234	3G8T	R	1	141	85.10	4.2e-21	24	167	00bac0
8581	RF00234	3G96	P	1	141	88.60	4.5e-22	24	167	00bac0
8582	RF00234	2H0S	B	1	125	77.20	5.1e-19	36	167	00bac0
8583	RF00234	3G96	R	1	141	88.60	4.5e-22	24	167	00bac0
8584	RF00234	2NZ4	R	1	141	88.60	4.5e-22	24	167	00bac0
8585	RF00234	2NZ4	P	1	141	88.60	4.5e-22	24	167	00bac0
8586	RF00234	2Z75	B	1	125	77.20	5.1e-19	36	167	00bac0
8587	RF00234	2HO7	B	1	125	77.20	5.1e-19	36	167	00bac0
8588	RF00234	2H0X	B	1	125	77.20	5.1e-19	36	167	00bac0
8589	RF00234	3B4A	B	1	125	73.60	4.8e-18	36	167	00bac0
8590	RF00234	3G8T	P	1	141	85.10	4.2e-21	24	167	00bac0
8591	RF00234	3B4C	B	1	125	77.20	5.1e-19	36	167	00bac0
8592	RF00234	3G8T	S	1	141	85.10	4.2e-21	24	167	00bac0
8593	RF00234	3G9C	P	1	141	88.60	4.5e-22	24	167	00bac0
8594	RF00234	3G9C	S	1	141	88.60	4.5e-22	24	167	00bac0
8595	RF00234	3G8S	P	1	141	88.60	4.5e-22	24	167	00bac0
8596	RF00234	2H0W	B	1	125	77.20	5.1e-19	36	167	00bac0
8597	RF00234	3G8S	R	1	141	88.60	4.5e-22	24	167	00bac0
8598	RF00234	2NZ4	S	1	141	88.60	4.5e-22	24	167	00bac0
8599	RF00234	3G9C	R	1	141	88.60	4.5e-22	24	167	00bac0
8600	RF00234	3L3C	Q	1	141	88.60	4.5e-22	24	167	00bac0
8601	RF00234	3L3C	P	1	141	88.60	4.5e-22	24	167	00bac0
8602	RF00234	3G96	S	1	141	88.60	4.5e-22	24	167	00bac0
8603	RF00234	3L3C	R	1	141	88.60	4.5e-22	24	167	00bac0
8604	RF00234	4MEH	B	1	126	66.40	4.4e-16	35	167	00bac0
8605	RF00234	3B4B	B	1	125	73.60	4.8e-18	36	167	00bac0
8606	RF00234	3G8S	Q	1	141	88.60	4.5e-22	24	167	00bac0
8607	RF00234	2GCS	B	1	125	77.20	5.1e-19	36	167	00bac0
8608	RF00240	7AS5	AA	446	515	99.50	7.6e-21	1	70	00bac0
8609	RF00250	9DE8	A	1	57	58.20	1.7e-13	2	58	00bac0
8610	RF00250	6VVJ	A	1	58	61.30	5.1e-14	2	61	00bac0
8611	RF00250	9DE5	E	1	57	67.50	4.1e-16	2	58	00bac0
8612	RF00250	9DE5	B	1	57	67.50	4.1e-16	2	58	00bac0
8613	RF00250	9DE6	A	1	57	67.50	4.1e-16	2	58	00bac0
8614	RF00250	7OKX	P	1	45	59.40	6.2e-14	17	61	00bac0
8615	RF00250	9DE5	D	1	57	67.50	4.1e-16	2	58	00bac0
8616	RF00250	9DE5	C	1	57	67.50	4.1e-16	2	58	00bac0
8617	RF00250	9DE7	A	1	57	58.20	1.7e-13	2	58	00bac0
8618	RF00250	7OL0	P	1	45	59.40	6.2e-14	17	61	00bac0
8619	RF00250	9DE6	B	1	57	67.50	4.1e-16	2	58	00bac0
8620	RF00250	6GML	P	1	45	59.40	6e-14	17	61	00bac0
8621	RF00250	7OKY	P	1	45	59.40	6.2e-14	17	61	00bac0
8622	RF00254	6V5B	D	12	92	96.50	7.5e-25	1	82	00bac0
8623	RF00254	6V5C	D	12	92	96.50	7.5e-25	1	82	00bac0
8624	RF00373	6K0B	X	1	257	155.20	1e-46	1	288	00bac0
8625	RF00373	6K0B	Y	1	257	155.20	1e-46	1	288	00bac0
8626	RF00373	6K0A	X	1	257	155.20	1e-46	1	288	00bac0
8627	RF00373	6K0A	Y	1	257	155.20	1e-46	1	288	00bac0
8628	RF00374	1U6P	B	1	101	107.20	8.2e-20	1	101	00bac0
8629	RF00374	1S9S	A	1	101	107.20	8.2e-20	1	101	00bac0
8630	RF00375	6B19	C	3	101	122.80	2.2e-29	1	99	00bac0
8631	RF00375	7LVA	A	3	101	122.80	2.3e-29	1	99	00bac0
8632	RF00375	6WB2	C	3	101	122.80	2.2e-29	1	99	00bac0
8633	RF00375	6WB0	C	3	101	122.80	2.2e-29	1	99	00bac0
8634	RF00375	6WB1	C	3	101	122.80	2.2e-29	1	99	00bac0
8635	RF00375	6WAZ	C	3	101	122.80	2.2e-29	1	99	00bac0
8636	RF00379	6WTL	A	4	124	89.70	1.1e-22	11	132	00bac0
8637	RF00379	6N5P	A	4	127	87.10	5.9e-22	11	132	00bac0
8638	RF00379	4QKA	A	4	121	88.50	2.3e-22	11	131	00bac0
8639	RF00379	6N5N	A	4	125	86.80	6.9e-22	11	132	00bac0
8640	RF00379	6N5O	A	4	126	86.80	6.8e-22	11	132	00bac0
8641	RF00379	4W92	C	4	116	74.70	1.5e-18	11	119	00bac0
8642	RF00379	4QK8	A	4	121	88.50	2.3e-22	11	131	00bac0
8643	RF00379	6N5S	A	4	123	90.20	7.9e-23	11	131	00bac0
8644	RF00379	6N5K	A	4	125	89.00	1.7e-22	11	132	00bac0
8645	RF00379	4QLM	A	5	124	93.80	8e-24	11	132	00bac0
8646	RF00379	4QK9	A	3	123	98.00	5.4e-25	11	130	00bac0
8647	RF00379	6WTR	A	4	125	89.10	1.5e-22	11	132	00bac0
8648	RF00379	6N5Q	A	4	128	88.10	3.2e-22	11	132	00bac0
8649	RF00379	4QLN	A	5	124	93.80	8e-24	11	132	00bac0
8650	RF00379	6N5T	A	4	126	89.20	1.5e-22	11	132	00bac0
8651	RF00379	4W90	C	4	116	74.70	1.5e-18	11	119	00bac0
8652	RF00380	2QBZ	X	2	159	142.00	5.6e-35	5	165	00bac0
8653	RF00380	3PDR	A	2	159	142.00	5.6e-35	5	165	00bac0
8654	RF00380	3PDR	X	2	159	142.00	5.6e-35	5	165	00bac0
8655	RF00382	5UQ8	x	20	55	42.40	3.5e-09	27	62	00bac0
8656	RF00382	5UQ7	x	20	55	42.40	3.5e-09	27	62	00bac0
8657	RF00386	8SP9	C	30	119	107.00	4e-29	1	90	00bac0
8658	RF00386	8VMA	R	1	88	58.40	1.1e-14	2	87	00bac0
8659	RF00386	8VMA	C	1	88	58.40	1.1e-14	2	87	00bac0
8660	RF00386	8VM9	C	1	85	50.80	2.1e-12	2	87	00bac0
8661	RF00386	8VM9	R	1	85	50.80	2.1e-12	2	87	00bac0
8662	RF00386	8VMB	R	1	85	61.00	1.8e-15	2	87	00bac0
8663	RF00386	8DP3	R	2	90	92.50	5.7e-25	1	90	00bac0
8664	RF00386	8S95	C	32	122	100.50	3.8e-27	1	90	00bac0
8665	RF00386	8VM8	R	2	93	90.50	2.4e-24	1	90	00bac0
8666	RF00386	9D9P	R	2	90	102.70	4.8e-28	1	90	00bac0
8667	RF00386	9DCF	C	2	90	102.70	4.8e-28	1	90	00bac0
8668	RF00390	6MJ0	A	1	23	41.20	2.9e-07	1	23	00bac0
8669	RF00390	6MJ0	B	1	23	41.20	2.9e-07	1	23	00bac0
8670	RF00442	5T83	A	2	95	84.10	1.1e-16	1	107	00bac0
8671	RF00442	6DLT	A	1	99	67.70	5.9e-13	1	107	00bac0
8672	RF00442	6DLS	A	1	99	67.70	5.9e-13	1	107	00bac0
8673	RF00442	7MLW	F	2	127	63.00	7.7e-12	7	105	00bac0
8674	RF00442	6DNR	A	1	99	67.70	5.9e-13	1	107	00bac0
8675	RF00442	6CK5	B	2	102	68.10	5.1e-13	1	107	00bac0
8676	RF00442	5U3G	B	1	85	68.00	4e-13	7	107	00bac0
8677	RF00442	6DLR	A	1	99	67.70	5.9e-13	1	107	00bac0
8678	RF00442	6DLQ	A	1	99	67.70	5.9e-13	1	107	00bac0
8679	RF00442	6CK5	A	2	102	68.10	5.1e-13	1	107	00bac0
8680	RF00455	6LXD	D	13	93	71.50	8.5e-20	1	88	00bac0
8681	RF00458	5IT7	4	1	190	180.00	7.6e-40	3	192	00bac0
8682	RF00458	2IL9	A	2	142	91.90	3e-19	1	142	00bac0
8683	RF00458	4D61	j	1	199	175.80	7.8e-39	3	201	00bac0
8684	RF00458	9G8M	X	1	204	154.80	8.3e-34	3	201	00bac0
8685	RF00458	9G8O	X	1	205	145.30	1.4e-31	3	201	00bac0
8686	RF00458	6D90	4	1	187	177.40	3.1e-39	3	189	00bac0
8687	RF00458	5IT9	i	1	191	177.30	3.4e-39	3	193	00bac0
8688	RF00458	7ZJX	I	1	163	141.70	6.7e-31	3	164	00bac0
8689	RF00458	4XEJ	AIRE	4	193	164.70	3.1e-36	1	189	00bac0
8690	RF00458	4V92	AZ	1	184	162.90	8.3e-36	3	189	00bac0
8691	RF00458	7JQC	i	1	191	177.30	3.4e-39	3	193	00bac0
8692	RF00458	7ZJW	I	1	200	175.80	4.3e-38	2	201	00bac0
8693	RF00458	4D5N	X	1	199	175.80	7.8e-39	3	201	00bac0
8694	RF00458	2IL9	M	2	142	91.90	3e-19	1	142	00bac0
8695	RF00458	4XEJ	BIRE	4	193	164.70	3.1e-36	1	189	00bac0
8696	RF00458	2NOQ	A	1	190	180.70	5.2e-40	3	192	00bac0
8697	RF00458	6D9J	4	1	187	177.40	3.1e-39	3	189	00bac0
8698	RF00480	6VWM	4	49	93	47.40	2.8e-07	1	45	00bac0
8699	RF00480	2L94	A	1	45	59.90	2.9e-10	8	52	00bac0
8700	RF00480	6VWN	4	49	93	47.40	2.8e-07	1	45	00bac0
8701	RF00480	6VWL	4	49	93	47.40	2.8e-07	1	45	00bac0
8702	RF00480	1Z2J	A	1	45	59.90	2.9e-10	8	52	00bac0
8703	RF00488	5ZWN	P	1	568	611.70	7.6e-147	1	567	00bac0
8704	RF00488	6N7R	R	1	568	611.70	7.6e-147	1	567	00bac0
8705	RF00488	7OQE	1	1	568	611.70	7.6e-147	1	567	00bac0
8706	RF00488	6N7P	R	1	568	611.70	7.6e-147	1	567	00bac0
8707	RF00488	6N7X	R	1	568	611.70	7.6e-147	1	567	00bac0
8708	RF00488	6G90	1	1	407	428.90	2.5e-102	1	567	00bac0
8709	RF00488	7OQC	1	1	568	611.70	7.6e-147	1	567	00bac0
8710	RF00488	8W2O	R	1	568	611.70	7.6e-147	1	567	00bac0
8711	RF00500	2KRL	A	57	101	78.10	1e-17	1	45	00bac0
8712	RF00504	3OXE	B	1	88	64.00	4e-14	7	88	00bac0
8713	RF00504	3OXJ	A	1	88	64.00	4e-14	7	88	00bac0
8714	RF00504	3OX0	B	1	88	64.00	4e-14	7	88	00bac0
8715	RF00504	3OXM	A	1	88	64.00	4e-14	7	88	00bac0
8716	RF00504	6WLL	A	9	89	59.60	1.1e-12	1	94	00bac0
8717	RF00504	6WLL	A	93	171	53.30	5e-11	9	86	00bac0
8718	RF00504	3OWZ	B	1	88	64.00	4e-14	7	88	00bac0
8719	RF00504	6WLM	A	9	89	59.60	1.1e-12	1	94	00bac0
8720	RF00504	6WLM	A	93	171	53.30	5e-11	9	86	00bac0
8721	RF00504	3OWW	B	1	88	64.00	4e-14	7	88	00bac0
8722	RF00504	3OWZ	A	1	88	64.00	4e-14	7	88	00bac0
8723	RF00504	3OXM	B	1	88	64.00	4e-14	7	88	00bac0
8724	RF00504	3OXE	A	1	88	64.00	4e-14	7	88	00bac0
8725	RF00504	6WLT	A	138	231	67.00	1.6e-14	1	88	00bac0
8726	RF00504	3OXB	A	1	88	55.70	6.2e-12	7	88	00bac0
8727	RF00504	3OXJ	B	1	88	64.00	4e-14	7	88	00bac0
8728	RF00504	3OXB	B	1	88	55.70	6.2e-12	7	88	00bac0
8729	RF00504	3OWI	A	1	88	64.00	4e-14	7	88	00bac0
8730	RF00504	3OWW	A	1	88	64.00	4e-14	7	88	00bac0
8731	RF00504	3P49	A	83	169	57.20	4.7e-12	1	86	00bac0
8732	RF00504	3OXD	B	1	88	48.60	4.5e-10	7	88	00bac0
8733	RF00504	6WLU	A	138	231	67.00	1.6e-14	1	88	00bac0
8734	RF00504	3OWI	B	1	88	64.00	4e-14	7	88	00bac0
8735	RF00504	3OX0	A	1	88	64.00	4e-14	7	88	00bac0
8736	RF00504	3OXD	A	1	88	48.60	4.5e-10	7	88	00bac0
8737	RF00505	4V2S	Q	1	65	79.00	5.6e-17	2	64	00bac0
8738	RF00507	7O81	AH	144	217	64.60	4.4e-15	1	74	00bac0
8739	RF00507	6XRZ	A	11	88	77.60	3.8e-19	1	78	00bac0
8740	RF00507	7O7Z	AH	144	220	69.90	1.4e-16	1	77	00bac0
8741	RF00507	7O80	AH	144	217	64.60	4.4e-15	1	74	00bac0
8742	RF00507	7O7Y	AH	144	217	64.60	4.4e-15	1	74	00bac0
8743	RF00507	8VCI	A	45	118	62.20	1.1e-14	1	74	00bac0
8744	RF00525	7KGA	B	1	81	41.60	1.1e-08	1	72	00bac0
8745	RF00525	7KGA	A	1	81	41.60	1.1e-08	1	72	00bac0
8746	RF00548	8R7N	A	1	134	137.20	9.3e-29	1	134	00bac0
8747	RF00548	9GCM	A	1	134	137.20	9.3e-29	1	134	00bac0
8748	RF00548	9GC0	Q	1	134	137.20	9.3e-29	1	134	00bac0
8749	RF00548	8Y6O	P	1	134	137.20	9.3e-29	1	134	00bac0
8750	RF00548	9GBW	R	1	134	137.20	9.3e-29	1	134	00bac0
8751	RF00548	9GBZ	R	1	134	137.20	9.3e-29	1	134	00bac0
8752	RF00548	9GCL	A	1	134	124.30	7.7e-26	1	134	00bac0
8753	RF00618	8Y6O	J	3	129	125.50	1.2e-24	1	132	00bac0
8754	RF00619	7DVQ	F	1	124	131.00	4.8e-35	2	126	00bac0
8755	RF00619	8Y6O	K	1	125	139.60	1.8e-37	1	126	00bac0
8756	RF00620	4UJD	BC	387	485	42.50	1.3e-06	1	136	00bac0
8757	RF00620	4UJC	AC	387	485	42.50	1.3e-06	1	136	00bac0
8758	RF00620	5FLX	z	387	485	42.50	1.3e-06	1	136	00bac0
8759	RF00622	7QR3	D	1	69	77.30	9.9e-23	12	78	00bac0
8760	RF00622	7QR4	B	1	69	74.40	8.6e-22	12	78	00bac0
8761	RF00622	7QR3	C	1	69	77.30	9.9e-23	12	78	00bac0
8762	RF00634	6UET	A	1	119	118.40	2.5e-24	1	116	00bac0
8763	RF00634	6WLR	A	1	119	118.40	2.5e-24	1	116	00bac0
8764	RF00634	6UES	A	1	119	118.40	2.5e-24	1	116	00bac0
8765	RF00634	6WLQ	A	1	119	118.40	2.5e-24	1	116	00bac0
8766	RF00661	8FCS	A	1	71	68.00	1.3e-16	5	78	00bac0
8767	RF00957	7MQ9	L0	2037	2126	102.50	6e-20	1	90	00bac0
8768	RF00957	7MQA	L0	2037	2126	102.50	6e-20	1	90	00bac0
8769	RF00957	7MQ8	L0	2037	2126	102.50	6e-20	1	90	00bac0
8770	RF01047	6VAR	A	1	61	92.00	5e-22	1	61	00bac0
8771	RF01051	4YB0	A	3	78	48.30	1.5e-09	1	87	00bac0
8772	RF01051	4YAZ	R	4	79	48.30	1.5e-09	1	87	00bac0
8773	RF01051	3MUV	R	3	90	68.30	2.1e-14	1	87	00bac0
8774	RF01051	4YAZ	A	4	79	48.30	1.5e-09	1	87	00bac0
8775	RF01051	4YB0	R	3	78	48.30	1.5e-09	1	87	00bac0
8776	RF01051	3MUT	R	3	90	68.30	2.1e-14	1	87	00bac0
8777	RF01054	2MIY	A	1	59	56.90	8.6e-11	33	93	00bac0
8778	RF01057	3NPQ	C	1	54	37.40	1e-06	3	72	00bac0
8779	RF01057	3NPQ	B	1	54	37.40	1e-06	3	72	00bac0
8780	RF01057	3NPQ	A	1	54	37.40	1e-06	3	72	00bac0
8781	RF01071	9LCR	B	1	578	535.20	1.7e-156	19	604	00bac0
8782	RF01071	9MCW	A	1	577	515.40	1.3e-150	19	606	00bac0
8783	RF01071	9LCR	A	1	578	535.20	1.7e-156	19	604	00bac0
8784	RF01071	9MCW	B	1	577	515.40	1.3e-150	19	606	00bac0
8785	RF01073	2LC8	A	1	59	74.00	1.8e-17	4	62	00bac0
8786	RF01084	8ZMK	C	37	165	125.90	6.2e-30	1	129	00bac0
8787	RF01084	8ZMJ	C	37	165	125.90	6.2e-30	1	129	00bac0
8788	RF01084	8ZMI	C	37	165	125.90	6.2e-30	1	129	00bac0
8789	RF01084	7SAM	A	39	167	125.90	6.3e-30	1	129	00bac0
8790	RF01084	8ZMH	A	37	165	125.90	6.2e-30	1	129	00bac0
8791	RF01084	7SCQ	C	39	167	125.90	6.3e-30	1	129	00bac0
8792	RF01084	7SC6	C	39	167	125.90	6.3e-30	1	129	00bac0
8793	RF01271	9G28	4	1	609	739.70	3.8e-231	1	612	00bac0
8794	RF01271	9G25	4	1	609	739.70	3.8e-231	1	612	00bac0
8795	RF01317	8FLJ	K	28	55	43.30	4.5e-10	1	28	00bac0
8796	RF01330	7MI9	H	30	66	63.30	1.1e-16	1	37	00bac0
8797	RF01330	7MIB	H	30	64	55.30	3e-14	1	35	00bac0
8798	RF01335	8Q2N	I	7	42	56.90	3.2e-12	1	36	00bac0
8799	RF01344	8HJ4	B	25	64	35.80	1.4e-06	1	36	00bac0
8800	RF01344	6KC7	B	25	64	35.80	1.4e-06	1	36	00bac0
8801	RF01344	6KC8	B	25	64	35.80	1.4e-06	1	36	00bac0
8802	RF01344	6JDQ	B	25	64	35.80	1.4e-06	1	36	00bac0
8803	RF01344	6JDV	B	25	76	46.80	1.3e-09	1	36	00bac0
8804	RF01344	6JE4	P	25	64	35.80	1.4e-06	1	36	00bac0
8805	RF01344	6JE9	B	25	64	35.80	1.4e-06	1	36	00bac0
8806	RF01344	8JA0	B	10	49	35.80	1.2e-06	1	36	00bac0
8807	RF01344	6JE4	L	25	64	35.80	1.4e-06	1	36	00bac0
8808	RF01344	6JE3	B	25	64	35.80	1.4e-06	1	36	00bac0
8809	RF01344	6JE9	D	25	64	35.80	1.4e-06	1	36	00bac0
8810	RF01344	6JE4	B	25	64	35.80	1.4e-06	1	36	00bac0
8811	RF01344	6JE4	F	25	64	35.80	1.4e-06	1	36	00bac0
8812	RF01344	6JFU	B	25	64	35.80	1.4e-06	1	36	00bac0
8813	RF01380	1ESY	A	1	19	36.10	6.5e-08	1	19	00bac0
8814	RF01380	2N1Q	A	92	110	36.10	5.3e-07	1	19	00bac0
8815	RF01380	1F6U	B	1	19	36.10	6.5e-08	1	19	00bac0
8816	RF01381	2N1Q	A	119	141	42.80	9.1e-11	1	23	00bac0
8817	RF01415	4PQV	A	3	68	63.40	2.9e-11	6	75	00bac0
8818	RF01510	3SKT	A	2	65	85.60	1.1e-20	1	63	00bac0
8819	RF01510	3SKL	B	2	65	85.60	1.1e-20	1	63	00bac0
8820	RF01510	3SKR	A	2	65	85.60	1.1e-20	1	63	00bac0
8821	RF01510	3SLM	B	3	66	86.80	5.5e-21	1	63	00bac0
8822	RF01510	3SKW	A	2	65	85.60	1.1e-20	1	63	00bac0
8823	RF01510	3SLQ	A	3	66	86.80	5.5e-21	1	63	00bac0
8824	RF01510	3SLQ	B	3	66	86.80	5.5e-21	1	63	00bac0
8825	RF01510	3SKI	A	3	66	86.80	5.5e-21	1	63	00bac0
8826	RF01510	3SKW	B	2	65	85.60	1.1e-20	1	63	00bac0
8827	RF01510	3SKT	B	2	65	85.60	1.1e-20	1	63	00bac0
8828	RF01510	3SKI	B	3	66	86.80	5.5e-21	1	63	00bac0
8829	RF01510	3SKZ	A	3	66	86.80	5.5e-21	1	63	00bac0
8830	RF01510	3SKL	A	2	65	85.60	1.1e-20	1	63	00bac0
8831	RF01510	3SLM	A	3	66	86.80	5.5e-21	1	63	00bac0
8832	RF01510	3SKR	B	2	65	85.60	1.1e-20	1	63	00bac0
8833	RF01510	3SKZ	B	3	66	86.80	5.5e-21	1	63	00bac0
8834	RF01684	8K2Z	B	1	57	78.80	2.8e-18	1	56	00bac0
8835	RF01684	8K1E	A	1	58	67.20	3.2e-15	1	56	00bac0
8836	RF01684	8K2Z	A	1	57	78.80	2.8e-18	1	56	00bac0
8837	RF01684	8VT5	A	2	59	67.20	3.3e-15	1	56	00bac0
8838	RF01684	8K1E	B	1	58	67.20	3.2e-15	1	56	00bac0
8839	RF01684	8K30	A	1	56	76.30	1.2e-17	1	56	00bac0
8840	RF01684	8V1I	B	1	57	80.00	1.3e-18	1	56	00bac0
8841	RF01684	8K0Y	B	1	56	76.30	1.2e-17	1	56	00bac0
8842	RF01684	8K0Y	A	1	56	76.30	1.2e-17	1	56	00bac0
8843	RF01684	8K30	B	1	56	76.30	1.2e-17	1	56	00bac0
8844	RF01684	8V1H	A	10	66	80.00	1.8e-18	1	56	00bac0
8845	RF01684	8V1I	A	1	57	80.00	1.3e-18	1	56	00bac0
8846	RF01689	9E5R	A	1	75	47.90	1e-11	3	79	00bac0
8847	RF01689	9E5K	B	1	75	47.90	1e-11	3	79	00bac0
8848	RF01689	9E5H	B	1	75	47.90	1e-11	3	79	00bac0
8849	RF01689	9E5H	A	1	75	47.90	1e-11	3	79	00bac0
8850	RF01689	9E5O	B	1	75	47.90	1e-11	3	79	00bac0
8851	RF01689	9E5T	A	1	75	47.90	1e-11	3	79	00bac0
8852	RF01689	9ELR	A	1	75	47.90	1e-11	3	79	00bac0
8853	RF01689	4FRN	B	1	81	83.40	1.4e-22	1	81	00bac0
8854	RF01689	9E5M	A	1	75	47.90	1e-11	3	79	00bac0
8855	RF01689	9E5I	A	1	75	47.90	1e-11	3	79	00bac0
8856	RF01689	9E5S	B	1	75	47.90	1e-11	3	79	00bac0
8857	RF01689	9E5K	A	1	75	47.90	1e-11	3	79	00bac0
8858	RF01689	9E5R	B	1	75	47.90	1e-11	3	79	00bac0
8859	RF01689	9E5L	A	1	75	47.90	1e-11	3	79	00bac0
8860	RF01689	9E5K	D	1	75	47.90	1e-11	3	79	00bac0
8861	RF01689	4FRG	X	1	83	62.80	2.8e-16	1	81	00bac0
8862	RF01689	9E5P	A	1	75	47.90	1e-11	3	79	00bac0
8863	RF01689	4FRN	A	1	81	83.40	1.4e-22	1	81	00bac0
8864	RF01689	9E5K	C	1	75	47.90	1e-11	3	79	00bac0
8865	RF01689	9E5L	B	1	75	47.90	1e-11	3	79	00bac0
8866	RF01689	9E5Q	A	1	75	47.90	1e-11	3	79	00bac0
8867	RF01689	9E5T	B	1	75	47.90	1e-11	3	79	00bac0
8868	RF01689	9E5I	B	1	75	47.90	1e-11	3	79	00bac0
8869	RF01689	9E5M	B	1	75	47.90	1e-11	3	79	00bac0
8870	RF01689	9E5P	B	1	75	47.90	1e-11	3	79	00bac0
8871	RF01689	4FRG	B	1	83	62.80	2.8e-16	1	81	00bac0
8872	RF01689	9ELR	B	1	75	47.90	1e-11	3	79	00bac0
8873	RF01689	9E5J	B	1	75	47.90	1e-11	3	79	00bac0
8874	RF01689	9E5J	A	1	75	47.90	1e-11	3	79	00bac0
8875	RF01689	9E5O	A	1	75	47.90	1e-11	3	79	00bac0
8876	RF01689	9E5Q	B	1	75	47.90	1e-11	3	79	00bac0
8877	RF01689	9E5S	A	1	75	47.90	1e-11	3	79	00bac0
8878	RF01689	9MFH	A	1	75	47.90	1e-11	3	79	00bac0
8879	RF01704	6QN3	A	1	50	37.10	7.2e-09	4	60	00bac0
8880	RF01704	6QN3	B	1	50	37.10	7.2e-09	4	60	00bac0
8881	RF01725	4OQU	A	1	93	41.30	2.1e-06	6	92	00bac0
8882	RF01725	4L81	A	1	96	41.60	1.8e-06	6	95	00bac0
8883	RF01727	6HAG	A	1	43	52.40	5.1e-12	6	49	00bac0
8884	RF01734	4ENB	A	2	52	40.30	1.4e-08	10	60	00bac0
8885	RF01734	4ENC	A	2	52	40.30	1.4e-08	10	60	00bac0
8886	RF01734	4ENA	A	2	52	40.30	1.4e-08	10	60	00bac0
8887	RF01734	3VRS	A	2	52	40.30	1.4e-08	10	60	00bac0
8888	RF01734	4EN5	A	2	52	40.30	1.4e-08	10	60	00bac0
8889	RF01734	5KH8	A	1	47	42.90	2.5e-09	10	58	00bac0
8890	RF01739	5DDP	B	1	61	40.00	1.6e-08	3	51	00bac0
8891	RF01739	5DDP	A	1	61	40.00	1.6e-08	3	51	00bac0
8892	RF01739	5DDQ	B	1	61	40.00	1.6e-08	3	51	00bac0
8893	RF01739	5DDR	B	1	61	40.00	1.6e-08	3	51	00bac0
8894	RF01739	5DDQ	A	1	61	40.00	1.6e-08	3	51	00bac0
8895	RF01739	5DDR	A	1	61	40.00	1.6e-08	3	51	00bac0
8896	RF01750	8VVJ	A	1	64	46.10	1.1e-07	1	81	00bac0
8897	RF01750	8VQV	A	1	64	46.10	1.1e-07	1	81	00bac0
8898	RF01750	6WZR	A	1	75	50.90	1.4e-08	1	80	00bac0
8899	RF01750	9BZC	A	1	89	45.00	2.8e-07	4	79	00bac0
8900	RF01750	6WZS	B	1	75	50.90	1.4e-08	1	80	00bac0
8901	RF01750	6OD9	A	1	75	50.90	1.4e-08	1	80	00bac0
8902	RF01750	4XW7	A	1	64	46.10	1.1e-07	1	81	00bac0
8903	RF01750	5BTP	A	1	75	50.90	1.4e-08	1	80	00bac0
8904	RF01750	5BTP	B	1	75	50.90	1.4e-08	1	80	00bac0
8905	RF01750	4ZNP	B	1	73	53.40	4.1e-09	4	82	00bac0
8906	RF01750	6OD9	B	1	75	50.90	1.4e-08	1	80	00bac0
8907	RF01750	6WZR	B	1	75	50.90	1.4e-08	1	80	00bac0
8908	RF01750	4ZNP	A	1	73	53.40	4.1e-09	4	82	00bac0
8909	RF01750	4XWF	A	1	64	46.10	1.1e-07	1	81	00bac0
8910	RF01750	9BZ1	B	1	89	45.00	2.8e-07	4	79	00bac0
8911	RF01750	6WZS	A	1	75	50.90	1.4e-08	1	80	00bac0
8912	RF01750	9BZ1	A	1	89	45.00	2.8e-07	4	79	00bac0
8913	RF01763	5NZD	B	1	41	51.40	3e-11	23	64	00bac0
8914	RF01763	5NZ3	B	1	41	51.40	3e-11	23	64	00bac0
8915	RF01763	5O69	A	1	41	51.40	3e-11	23	64	00bac0
8916	RF01763	5NZD	A	1	41	51.40	3e-11	23	64	00bac0
8917	RF01763	5NWQ	A	1	41	51.40	3e-11	23	64	00bac0
8918	RF01763	5NZ3	A	1	41	51.40	3e-11	23	64	00bac0
8919	RF01763	5O62	B	1	41	51.40	3e-11	23	64	00bac0
8920	RF01763	5NY8	B	1	41	51.40	3e-11	23	64	00bac0
8921	RF01763	5NWQ	B	1	41	51.40	3e-11	23	64	00bac0
8922	RF01763	5NZ6	A	1	41	53.00	1.2e-11	23	64	00bac0
8923	RF01763	5O62	A	1	41	51.40	3e-11	23	64	00bac0
8924	RF01763	5O69	B	1	41	53.00	1.2e-11	23	64	00bac0
8925	RF01763	5NY8	A	1	41	51.40	3e-11	23	64	00bac0
8926	RF01764	9EC4	M	1	80	61.00	9.1e-13	7	90	00bac0
8927	RF01764	8UTA	R	2	128	60.40	2.1e-12	4	93	00bac0
8928	RF01764	9EC4	A	1	80	61.00	9.1e-13	7	90	00bac0
8929	RF01764	9EBV	M	1	80	61.00	9.1e-13	7	90	00bac0
8930	RF01764	9EBP	M	1	80	61.00	9.1e-13	7	90	00bac0
8931	RF01764	9EBV	A	1	80	61.00	9.1e-13	7	90	00bac0
8932	RF01764	8UTA	N	2	128	60.40	2.1e-12	4	93	00bac0
8933	RF01764	9EBP	A	1	80	61.00	9.1e-13	7	90	00bac0
8934	RF01764	8UIW	R	2	128	60.40	2.1e-12	4	93	00bac0
8935	RF01764	8UIW	N	2	128	60.40	2.1e-12	4	93	00bac0
8936	RF01786	3Q3Z	V	1	74	66.80	5.4e-16	6	79	00bac0
8937	RF01786	3Q3Z	A	1	74	66.80	5.4e-16	6	79	00bac0
8938	RF01807	4P8Z	A	3	186	108.90	1.2e-26	1	201	00bac0
8939	RF01826	6FZ0	A	5	53	59.90	1.3e-10	12	60	00bac0
8940	RF01831	4LVZ	A	1	89	65.80	6.9e-16	2	99	00bac0
8941	RF01831	3SUH	X	2	100	96.30	1.3e-24	1	99	00bac0
8942	RF01831	3SUX	X	2	100	96.30	1.3e-24	1	99	00bac0
8943	RF01831	3SD3	A	1	89	60.70	2.1e-14	2	99	00bac0
8944	RF01831	4LVV	A	1	89	65.80	6.9e-16	2	99	00bac0
8945	RF01831	4LW0	A	1	89	65.80	6.9e-16	2	99	00bac0
8946	RF01831	4LVY	A	1	89	65.80	6.9e-16	2	99	00bac0
8947	RF01831	7KD1	A	1	89	65.80	6.9e-16	2	99	00bac0
8948	RF01831	3SUY	X	2	100	96.30	1.3e-24	1	99	00bac0
8949	RF01831	4LVX	A	1	89	65.80	6.9e-16	2	99	00bac0
8950	RF01831	4LVW	A	1	89	65.80	6.9e-16	2	99	00bac0
8951	RF01831	6Q57	A	1	89	65.80	6.9e-16	2	99	00bac0
8952	RF01846	5WYJ	3A	1	333	215.20	5.8e-59	1	274	00bac0
8953	RF01846	9N6V	L2	1	333	215.20	5.8e-59	1	274	00bac0
8954	RF01846	9N75	L2	2	334	215.20	5.8e-59	1	274	00bac0
8955	RF01846	6LQQ	3A	1	333	215.20	5.8e-59	1	274	00bac0
8956	RF01846	6ZQE	D4	1	333	213.90	1.4e-58	1	274	00bac0
8957	RF01846	6ZQB	D4	1	175	147.50	5.7e-40	1	274	00bac0
8958	RF01846	5OQL	2	1	270	176.10	6.5e-48	1	274	00bac0
8959	RF01846	6ZQD	D4	1	333	213.90	1.4e-58	1	274	00bac0
8960	RF01846	7D5T	3A	1	333	215.20	5.8e-59	1	274	00bac0
8961	RF01846	6ZQC	D4	1	333	213.90	1.4e-58	1	274	00bac0
8962	RF01846	7D4I	3A	1	333	214.80	7.8e-59	1	274	00bac0
8963	RF01846	6RXU	C2	1	230	133.50	7.5e-36	1	274	00bac0
8964	RF01846	6ND4	2	1	146	101.20	7.5e-27	25	274	00bac0
8965	RF01846	9N79	L2	2	334	211.40	7.3e-58	1	274	00bac0
8966	RF01846	9N74	L2	2	334	215.20	5.8e-59	1	274	00bac0
8967	RF01846	6LQU	3A	1	333	215.20	5.8e-59	1	274	00bac0
8968	RF01846	6LQT	3A	1	333	215.20	5.8e-59	1	274	00bac0
8969	RF01846	6RXT	C2	1	230	133.50	7.5e-36	1	274	00bac0
8970	RF01846	6RXV	C2	1	230	133.50	7.5e-36	1	274	00bac0
8971	RF01846	9N6X	L2	1	333	215.20	5.8e-59	1	274	00bac0
8972	RF01846	7D63	3A	1	333	215.20	5.8e-59	1	274	00bac0
8973	RF01846	7AJT	D4	1	333	215.20	5.8e-59	1	274	00bac0
8974	RF01846	9N72	L2	1	333	215.20	5.8e-59	1	274	00bac0
8975	RF01846	7AJU	D4	1	333	215.20	5.8e-59	1	274	00bac0
8976	RF01846	7SUK	L2	1	333	215.20	5.8e-59	1	274	00bac0
8977	RF01846	9G33	D4	1	333	215.20	5.8e-59	1	274	00bac0
8978	RF01846	9N7A	L2	2	334	215.20	5.8e-59	1	274	00bac0
8979	RF01846	6KE6	3A	1	333	215.20	5.8e-59	1	274	00bac0
8980	RF01846	6LQP	3A	1	333	215.20	5.8e-59	1	274	00bac0
8981	RF01846	5WYK	3A	1	333	215.20	5.8e-59	1	274	00bac0
8982	RF01846	6RXZ	C2	1	230	133.50	7.5e-36	1	274	00bac0
8983	RF01846	6LQV	3A	1	333	215.20	5.8e-59	1	274	00bac0
8984	RF01846	9N77	L2	2	334	215.20	5.8e-59	1	274	00bac0
8985	RF01846	9N6Y	L2	1	333	215.20	5.8e-59	1	274	00bac0
8986	RF01846	9N76	L2	2	334	215.20	5.8e-59	1	274	00bac0
8987	RF01846	9N70	L2	1	333	215.20	5.8e-59	1	274	00bac0
8988	RF01846	9N6Z	L2	1	333	215.20	5.8e-59	1	274	00bac0
8989	RF01846	6RXX	C2	1	232	134.50	3.9e-36	1	274	00bac0
8990	RF01846	6RXY	C2	1	230	133.50	7.5e-36	1	274	00bac0
8991	RF01846	6LQR	3A	1	333	215.20	5.8e-59	1	274	00bac0
8992	RF01846	6ZQA	D4	1	175	147.50	5.7e-40	1	274	00bac0
8993	RF01846	9N73	L2	1	333	215.20	5.8e-59	1	274	00bac0
8994	RF01846	9N78	L2	2	334	215.20	5.8e-59	1	274	00bac0
8995	RF01846	7D5S	3A	1	333	215.20	5.8e-59	1	274	00bac0
8996	RF01846	6LQS	3A	1	333	215.20	5.8e-59	1	274	00bac0
8997	RF01846	9N6W	L2	1	333	215.20	5.8e-59	1	274	00bac0
8998	RF01846	5JPQ	3	1	270	176.60	4.9e-48	1	274	00bac0
8999	RF01846	9N7B	L2	2	334	215.20	5.8e-59	1	274	00bac0
9000	RF01846	5WLC	L2	1	333	215.20	5.8e-59	1	274	00bac0
9001	RF01852	5LZB	y	1	91	83.80	5.5e-19	1	91	00bac0
9002	RF01852	3W1K	H	1	91	76.20	5.2e-17	1	91	00bac0
9003	RF01852	3ADD	C	1	88	67.30	1e-14	1	91	00bac0
9004	RF01852	7URM	v	1	86	55.60	1.1e-11	1	91	00bac0
9005	RF01852	7ZJW	F	1	86	81.70	1.9e-18	1	91	00bac0
9006	RF01852	3RG5	A	1	86	79.60	6.1e-18	1	91	00bac0
9007	RF01852	3ADB	C	1	88	67.30	1e-14	1	91	00bac0
9008	RF01852	7UR5	v	1	86	53.70	3.4e-11	1	91	00bac0
9009	RF01852	8G9Z	E	1	86	81.70	1.9e-18	1	91	00bac0
9010	RF01852	5LZF	y	1	91	83.80	5.5e-19	1	91	00bac0
9011	RF01852	7UR5	w	1	86	53.70	3.4e-11	1	91	00bac0
9012	RF01852	5LZE	y	1	91	83.80	5.5e-19	1	91	00bac0
9013	RF01852	3ADB	D	1	88	67.30	1e-14	1	91	00bac0
9014	RF01852	4ZDP	E	1	86	81.70	1.8e-18	1	91	00bac0
9015	RF01852	4RQE	B	1	86	76.20	5e-17	1	91	00bac0
9016	RF01852	5LZC	y	1	91	83.80	5.5e-19	1	91	00bac0
9017	RF01852	3ADC	D	1	88	67.30	1e-14	1	91	00bac0
9018	RF01852	3A3A	A	1	86	81.70	1.9e-18	1	91	00bac0
9019	RF01852	4RQE	D	1	86	76.20	5e-17	1	91	00bac0
9020	RF01852	7UR5	y	1	86	53.70	3.4e-11	1	91	00bac0
9021	RF01852	5LZD	y	1	91	83.80	5.5e-19	1	91	00bac0
9022	RF01852	4ZDO	E	1	86	81.70	1.8e-18	1	91	00bac0
9023	RF01852	3W1K	G	1	91	76.20	5.2e-17	1	91	00bac0
9024	RF01852	3HL2	E	1	86	81.70	1.9e-18	1	91	00bac0
9025	RF01852	3W3S	B	1	95	71.90	7.1e-16	1	91	00bac0
9026	RF01852	7MDL	E	1	86	81.70	1.9e-18	1	91	00bac0
9027	RF01852	3RG5	B	1	86	79.60	6.1e-18	1	91	00bac0
9028	RF01852	3ADD	D	1	88	67.30	1e-14	1	91	00bac0
9029	RF01852	3W1K	I	1	91	76.20	5.2e-17	1	91	00bac0
9030	RF01852	7URI	y	1	86	55.60	1.1e-11	1	91	00bac0
9031	RF01852	3W1K	F	1	91	76.20	5.2e-17	1	91	00bac0
9032	RF01852	3ADC	C	1	88	67.30	1e-14	1	91	00bac0
9033	RF01852	3W1K	J	1	91	76.20	5.2e-17	1	91	00bac0
9034	RF01852	4RQF	C	1	86	76.20	5e-17	1	91	00bac0
9035	RF01854	7O5B	W	2	265	242.70	1.2e-44	1	256	00bac0
9036	RF01854	4UE4	A	2	265	242.70	1.2e-44	1	256	00bac0
9037	RF01854	4WFM	B	3	101	90.00	2.2e-15	1	256	00bac0
9038	RF01854	4WFL	A	3	105	94.30	3.3e-16	1	256	00bac0
9039	RF01854	4WFM	A	3	101	90.00	2.2e-15	1	256	00bac0
9040	RF01857	3NDB	M	1	136	124.20	8.8e-31	119	256	00bac0
9041	RF01959	4V6U	A2	1	1495	1492.80	0	1	1478	00bac0
9042	RF01959	8HKY	A16S	8	1501	1510.50	0	1	1478	00bac0
9043	RF01959	9B0Q	s2	1	1739	581.40	4.9e-171	1	1478	00bac0
9044	RF01959	9FHL	2	2	1497	1473.70	0	1	1478	00bac0
9045	RF01959	9FS6	2	2	1497	1473.70	0	1	1478	00bac0
9046	RF01959	9FRA	2	2	1497	1478.10	0	1	1478	00bac0
9047	RF01959	9FY0	2	2	1497	1473.70	0	1	1478	00bac0
9048	RF01959	6SW9	2	1	1497	1408.00	0	1	1478	00bac0
9049	RF01959	9QF4	A1	1	1497	1373.30	0	1	1478	00bac0
9050	RF01959	9QF6	A1	1	1497	1387.80	0	1	1478	00bac0
9051	RF01959	5JBH	2	13	1508	1495.20	0	1	1478	00bac0
9052	RF01959	8WKP	A16S	8	1499	1499.40	0	1	1478	00bac0
9053	RF01959	8HL2	A16S	8	1501	1510.50	0	1	1478	00bac0
9054	RF01959	9O17	AA	1	1478	1541.00	0	1	1478	00bac0
9055	RF01959	9FRL	2	2	1497	1473.70	0	1	1478	00bac0
9056	RF01959	9B0Q	S2	1	1739	581.40	4.9e-171	1	1478	00bac0
9057	RF01959	6SKF	Aa	1	1489	1463.50	0	1	1478	00bac0
9058	RF01959	6SWD	2	1	1044	949.70	2e-281	1	1478	00bac0
9059	RF01959	9E71	4	1	1498	1426.30	0	1	1478	00bac0
9060	RF01959	6TH6	Aa	1	1489	1521.50	0	1	1478	00bac0
9061	RF01959	9GUT	A	1547	3081	1026.50	0	1	1478	00bac0
9062	RF01959	9B0S	S2	1	1739	581.40	4.9e-171	1	1478	00bac0
9063	RF01959	6SKG	Aa	1	1489	1533.70	0	1	1478	00bac0
9064	RF01959	6TMF	A	1	1485	1529.70	0	1	1478	00bac0
9065	RF01959	8HKX	A16S	8	1499	1499.40	0	1	1478	00bac0
9066	RF01959	9FS8	2	2	1497	1473.70	0	1	1478	00bac0
9067	RF01959	6SWC	2	1	1497	1408.00	0	1	1478	00bac0
9068	RF01959	9FO0	AA	1	1495	1492.80	0	1	1478	00bac0
9069	RF01959	9QF5	A1	1	1497	1361.90	0	1	1478	00bac0
9070	RF01959	6SWE	2	5	468	437.50	1.4e-128	867	1338	00bac0
9071	RF01959	8WQ2	A16S	8	1499	1499.40	0	1	1478	00bac0
9072	RF01959	9B0S	s2	1	1739	581.40	4.9e-171	1	1478	00bac0
9073	RF01959	9FSF	2	2	1497	1473.70	0	1	1478	00bac0
9074	RF01959	4V4N	B2	1	1495	1492.80	0	1	1478	00bac0
9075	RF01959	7ZAI	2	1	1497	1422.00	0	1	1478	00bac0
9076	RF01959	5JB3	2	13	1509	1495.70	0	1	1478	00bac0
9077	RF01959	8HKZ	A16S	8	1501	1510.50	0	1	1478	00bac0
9078	RF01959	9FRK	2	2	1497	1473.70	0	1	1478	00bac0
9079	RF01959	7ZAH	2	1	1497	1422.00	0	1	1478	00bac0
9080	RF01959	9FNY	BA	1	1495	1492.80	0	1	1478	00bac0
9081	RF01959	8HL3	A16S	8	1501	1510.50	0	1	1478	00bac0
9082	RF01959	8HL5	A16S	8	1501	1510.50	0	1	1478	00bac0
9083	RF01959	7ZHG	2	1	1497	1422.00	0	1	1478	00bac0
9084	RF01959	8HL4	A16S	8	1501	1510.50	0	1	1478	00bac0
9085	RF01959	8HL1	A16S	1	1494	1510.50	0	1	1478	00bac0
9086	RF01959	9FNZ	AA	1	1495	1492.80	0	1	1478	00bac0
9087	RF01959	9FNY	AA	1	1495	1492.80	0	1	1478	00bac0
9088	RF01959	9FNZ	BA	1	1495	1492.80	0	1	1478	00bac0
9089	RF01959	8WQ4	A16S	8	1499	1499.40	0	1	1478	00bac0
9090	RF01959	9E7F	4	1	1498	1426.30	0	1	1478	00bac0
9091	RF01959	7ZAG	2	1	1497	1422.00	0	1	1478	00bac0
9092	RF01960	5T2C	AA	1	1869	1685.90	0	1	1831	00bac0
9093	RF01960	6LQU	SA	9	1808	1817.80	0	1	1831	00bac0
9094	RF01960	9V27	sa	1	1947	1385.60	0	1	1831	00bac0
9095	RF01960	7NWI	9	1	1777	1673.40	0	1	1831	00bac0
9096	RF01960	3J0P	h	1	111	66.00	2e-18	1667	1794	00bac0
9097	RF01960	3J16	J	1	233	84.10	1.2e-23	36	1800	00bac0
9098	RF01960	7A09	2	1	1721	1653.30	0	1	1831	00bac0
9099	RF01960	8VVU	ZA	1	1869	1690.50	0	1	1831	00bac0
9100	RF01960	9BDL	A18S	1	1869	1689.70	0	1	1831	00bac0
9101	RF01960	9C8K	1	1	1869	1688.90	0	1	1831	00bac0
9102	RF01960	9N6W	L1	9	1808	1817.80	0	1	1831	00bac0
9103	RF01960	3JAP	2	1	1781	1818.30	0	1	1831	00bac0
9104	RF01960	4U4R	2	1	1800	1817.80	0	1	1831	00bac0
9105	RF01960	8BN3	2	1	1737	1779.10	0	1	1831	00bac0
9106	RF01960	8CCS	c	1	1800	1807.00	0	1	1831	00bac0
9107	RF01960	8JDM	w	1	1869	1675.60	0	1	1831	00bac0
9108	RF01960	8QIE	S1	1	2203	1250.80	0	1	1831	00bac0
9109	RF01960	7QP6	A	1	1869	1687.50	0	1	1831	00bac0
9110	RF01960	8G6J	S2	1	1869	1675.70	0	1	1831	00bac0
9111	RF01960	8ZH3	S2	1	1798	1812.30	0	1	1831	00bac0
9112	RF01960	6RBD	2	1	1799	1809.30	0	1	1831	00bac0
9113	RF01960	7WTN	C2	1	1800	1817.80	0	1	1831	00bac0
9114	RF01960	8BSJ	St	1	1454	782.10	3.7e-236	1	1831	00bac0
9115	RF01960	6GQ1	2	1	1797	1812.50	0	1	1831	00bac0
9116	RF01960	6RXY	C1	588	2323	1727.50	0	1	1831	00bac0
9117	RF01960	9FXO	S1	1	2203	1250.80	0	1	1831	00bac0
9118	RF01960	7AJT	D3	9	1808	1817.80	0	1	1831	00bac0
9119	RF01960	7SYW	2	1	1870	1672.00	0	1	1831	00bac0
9120	RF01960	7WTT	2	1	1869	1690.30	0	1	1831	00bac0
9121	RF01960	4U4Q	2	1	1800	1817.80	0	1	1831	00bac0
9122	RF01960	8VFT	9	1	1869	1680.80	0	1	1831	00bac0
9123	RF01960	5NDG	6	1	1800	1817.80	0	1	1831	00bac0
9124	RF01960	8OH6	CM	1	1787	1828.40	0	1	1831	00bac0
9125	RF01960	9KMV	2	1	1869	1690.30	0	1	1831	00bac0
9126	RF01960	7JQC	A	1	1869	1690.30	0	1	1831	00bac0
9127	RF01960	8XP2	S2	1	1869	1685.90	0	1	1831	00bac0
9128	RF01960	9B0J	S2	1	1740	1669.00	0	1	1831	00bac0
9129	RF01960	4U3N	2	1	1800	1817.80	0	1	1831	00bac0
9130	RF01960	6GSM	2	1	1798	1822.90	0	1	1831	00bac0
9131	RF01960	6OM0	S2	1	1714	1649.10	0	1	1831	00bac0
9132	RF01960	7D63	SA	9	1808	1818.10	0	1	1831	00bac0
9133	RF01960	8S8G	2	1	1798	1820.40	0	1	1831	00bac0
9134	RF01960	7WTV	2	1	1869	1690.30	0	1	1831	00bac0
9135	RF01960	4U4N	2	1	1800	1817.80	0	1	1831	00bac0
9136	RF01960	6ZMO	S2	1	1869	1687.50	0	1	1831	00bac0
9137	RF01960	5JPQ	2	1	1800	1817.80	0	1	1831	00bac0
9138	RF01960	7TOQ	A18S	1	1698	1655.80	0	1	1831	00bac0
9139	RF01960	9G30	A	1	1787	1828.40	0	1	1831	00bac0
9140	RF01960	4U4O	2	1	1800	1817.80	0	1	1831	00bac0
9141	RF01960	5FCJ	2	1	1800	1817.80	0	1	1831	00bac0
9142	RF01960	5JUU	A	1	1798	1812.30	0	1	1831	00bac0
9143	RF01960	7QIZ	S2	1	1808	1780.10	0	1	1831	00bac0
9144	RF01960	8PPK	2	1	1869	1680.00	0	1	1831	00bac0
9145	RF01960	5I4L	2	1	1800	1817.80	0	1	1831	00bac0
9146	RF01960	6GZ3	B1	1	1708	1677.70	0	1	1831	00bac0
9147	RF01960	8P85	A	1	1800	1817.80	0	1	1831	00bac0
9148	RF01960	8CIV	c	1	1800	1812.20	0	1	1831	00bac0
9149	RF01960	8S8E	2	1	1798	1820.40	0	1	1831	00bac0
9150	RF01960	5OBM	6	1	1800	1817.80	0	1	1831	00bac0
9151	RF01960	7SYP	2	1	1870	1672.00	0	1	1831	00bac0
9152	RF01960	5JUT	A	1	1798	1812.30	0	1	1831	00bac0
9153	RF01960	9G1Z	A	1	1787	1828.40	0	1	1831	00bac0
9154	RF01960	4U3M	2	1	1800	1817.80	0	1	1831	00bac0
9155	RF01960	5JUO	A	1	1798	1812.30	0	1	1831	00bac0
9156	RF01960	5WYJ	SA	1	1800	1817.80	0	1	1831	00bac0
9157	RF01960	8T3C	B5	1	1797	1801.70	0	1	1831	00bac0
9158	RF01960	4V5O	BA	1	1753	1591.60	0	1	1831	00bac0
9159	RF01960	6YAL	2	1	1863	1663.50	0	1	1831	00bac0
9160	RF01960	8PJ1	A	1	1869	1684.70	0	1	1831	00bac0
9161	RF01960	8YLD	2	1	1798	1812.30	0	1	1831	00bac0
9162	RF01960	6FEC	A	1	1776	1669.20	0	1	1831	00bac0
9163	RF01960	6T83	2b	1	1800	1817.80	0	1	1831	00bac0
9164	RF01960	8OO0	2	1	1796	1794.50	0	1	1831	00bac0
9165	RF01960	8ZHC	S2	1	1798	1812.30	0	1	1831	00bac0
9166	RF01960	9J9H	j	1	2092	1525.60	0	1	1831	00bac0
9167	RF01960	6KE6	SA	8	1807	1817.80	0	1	1831	00bac0
9168	RF01960	7WTX	2	1	1869	1690.30	0	1	1831	00bac0
9169	RF01960	8IPA	aa	1	1810	1760.10	0	1	1831	00bac0
9170	RF01960	8XSZ	S2	1	1869	1685.90	0	1	1831	00bac0
9171	RF01960	9B0Q	S2	1	1740	1669.00	0	1	1831	00bac0
9172	RF01960	9V1J	sa	1	1947	1385.60	0	1	1831	00bac0
9173	RF01960	5DGE	2	1	1800	1817.80	0	1	1831	00bac0
9174	RF01960	7QVP	S3	1	1869	1688.90	0	1	1831	00bac0
9175	RF01960	8XSY	S2	1	1869	1685.90	0	1	1831	00bac0
9176	RF01960	5ON6	6	1	1800	1817.80	0	1	1831	00bac0
9177	RF01960	8T3B	B5	1	1797	1801.70	0	1	1831	00bac0
9178	RF01960	6G4S	2	1	1869	1690.30	0	1	1831	00bac0
9179	RF01960	6HCJ	A2	1	1869	1692.10	0	1	1831	00bac0
9180	RF01960	7SYR	2	1	1870	1672.00	0	1	1831	00bac0
9181	RF01960	8T4S	2	1	1869	1690.30	0	1	1831	00bac0
9182	RF01960	3J6X	1S	1	1798	1812.30	0	1	1831	00bac0
9183	RF01960	4BTS	CA	1	1753	1591.60	0	1	1831	00bac0
9184	RF01960	7WTZ	2	1	1869	1690.30	0	1	1831	00bac0
9185	RF01960	6Z6M	S2	1	1869	1688.90	0	1	1831	00bac0
9186	RF01960	8C01	2	1	1800	1817.80	0	1	1831	00bac0
9187	RF01960	9N6Z	L1	9	1808	1817.80	0	1	1831	00bac0
9188	RF01960	9N7B	L1	1	1800	1817.80	0	1	1831	00bac0
9189	RF01960	4U4Y	6	1	1800	1817.80	0	1	1831	00bac0
9190	RF01960	6OLZ	B1	1	1708	1677.70	0	1	1831	00bac0
9191	RF01960	8Z70	2	1	1798	1812.30	0	1	1831	00bac0
9192	RF01960	6ZU9	2	1	1800	1817.80	0	1	1831	00bac0
9193	RF01960	3J6Y	1S	1	1798	1812.30	0	1	1831	00bac0
9194	RF01960	4UER	A	1	1781	1802.90	0	1	1831	00bac0
9195	RF01960	5DGV	6	1	1800	1817.80	0	1	1831	00bac0
9196	RF01960	4V88	A2	1	1800	1811.70	0	1	1831	00bac0
9197	RF01960	8BRM	St	1	1454	782.10	3.7e-236	1	1831	00bac0
9198	RF01960	8K2D	C2	1	1800	1817.80	0	1	1831	00bac0
9199	RF01960	8VVR	ZA	1	1869	1690.50	0	1	1831	00bac0
9200	RF01960	4U4N	6	1	1800	1817.80	0	1	1831	00bac0
9201	RF01960	5LZS	9	1	1869	1688.90	0	1	1831	00bac0
9202	RF01960	6ZP4	2	1	1868	1691.10	0	1	1831	00bac0
9203	RF01960	7MPI	B5	1	1781	1798.20	0	1	1831	00bac0
9204	RF01960	8S8K	2	1	1798	1820.40	0	1	1831	00bac0
9205	RF01960	9N79	L1	1	1800	1817.80	0	1	1831	00bac0
9206	RF01960	9QQB	A2	1	1870	1681.30	0	1	1831	00bac0
9207	RF01960	4U3M	6	1	1800	1817.80	0	1	1831	00bac0
9208	RF01960	6ZQC	D3	9	1808	1817.80	0	1	1831	00bac0
9209	RF01960	8OEQ	B	1	1787	1828.40	0	1	1831	00bac0
9210	RF01960	9BH5	B2	2	1754	1531.50	0	1	1831	00bac0
9211	RF01960	9V1K	sa	1	1947	1385.60	0	1	1831	00bac0
9212	RF01960	8C3A	B	1	1787	1828.40	0	1	1831	00bac0
9213	RF01960	8FVY	2	1	1451	788.10	5.4e-238	1	1831	00bac0
9214	RF01960	8OZ0	W	1	1719	1665.20	0	1	1831	00bac0
9215	RF01960	6MTC	9	1	1698	1650.00	0	1	1831	00bac0
9216	RF01960	6Z6L	S2	1	1869	1688.90	0	1	1831	00bac0
9217	RF01960	7SYN	2	1	1870	1672.00	0	1	1831	00bac0
9218	RF01960	8SCB	9	1	1869	1679.40	0	1	1831	00bac0
9219	RF01960	8UJ9	S2	1	1870	1687.50	0	1	1831	00bac0
9220	RF01960	6XU8	B2	1	1936	1688.60	0	1	1831	00bac0
9221	RF01960	7SYV	2	1	1870	1672.00	0	1	1831	00bac0
9222	RF01960	8A3W	S1	1	2203	1261.00	0	1	1831	00bac0
9223	RF01960	8UIK	S2	1	1740	1669.00	0	1	1831	00bac0
9224	RF01960	7SYL	2	1	1870	1672.00	0	1	1831	00bac0
9225	RF01960	8PPL	A2	1	1869	1680.00	0	1	1831	00bac0
9226	RF01960	4CXG	1	1	135	89.70	1.5e-25	1670	1797	00bac0
9227	RF01960	6ZQG	D3	1	1754	1753.00	0	1	1831	00bac0
9228	RF01960	7LS1	m2	1	1870	1684.70	0	1	1831	00bac0
9229	RF01960	8T3F	B5	1	1797	1801.70	0	1	1831	00bac0
9230	RF01960	6QZP	S2	1	1740	1658.70	0	1	1831	00bac0
9231	RF01960	6R7Q	K	1	1698	1660.30	0	1	1831	00bac0
9232	RF01960	7X34	3	1	130	87.40	7e-25	1670	1797	00bac0
9233	RF01960	3JAH	9	1	1719	1657.60	0	1	1831	00bac0
9234	RF01960	6Q8Y	2	1	1797	1807.70	0	1	1831	00bac0
9235	RF01960	6ZQD	D3	1	1800	1814.50	0	1	1831	00bac0
9236	RF01960	7MPJ	B5	1	1781	1798.20	0	1	1831	00bac0
9237	RF01960	7QVP	S2	1	1869	1688.90	0	1	1831	00bac0
9238	RF01960	7OLC	2	1	1796	1794.50	0	1	1831	00bac0
9239	RF01960	8OI5	B	1	1787	1828.40	0	1	1831	00bac0
9240	RF01960	7QIY	2	1	1806	1765.10	0	1	1831	00bac0
9241	RF01960	9AZN	S3	1	1740	1669.00	0	1	1831	00bac0
9242	RF01960	5ON6	A	1	1800	1817.80	0	1	1831	00bac0
9243	RF01960	6P5K	2	1	1869	1688.90	0	1	1831	00bac0
9244	RF01960	7SYH	2	1	1870	1672.00	0	1	1831	00bac0
9245	RF01960	7TOR	A18S	1	1698	1660.30	0	1	1831	00bac0
9246	RF01960	4U4Q	6	1	1800	1817.80	0	1	1831	00bac0
9247	RF01960	8OJ3	CM	1	1787	1828.40	0	1	1831	00bac0
9248	RF01960	9H4N	m2	1	1724	1663.00	0	1	1831	00bac0
9249	RF01960	8S8J	2	1	1798	1820.40	0	1	1831	00bac0
9250	RF01960	7O7Y	A2	1	1870	1681.30	0	1	1831	00bac0
9251	RF01960	8CQ7	CM	1	1787	1828.40	0	1	1831	00bac0
9252	RF01960	9B0R	S2	1	1869	1688.90	0	1	1831	00bac0
9253	RF01960	5DAT	2	1	1800	1817.80	0	1	1831	00bac0
9254	RF01960	5XYI	2	1	1577	1222.30	0	1	1831	00bac0
9255	RF01960	7OYC	22	1	1826	1708.40	0	1	1831	00bac0
9256	RF01960	7Q0F	A	1	1787	1828.40	0	1	1831	00bac0
9257	RF01960	4U4U	2	1	1800	1817.80	0	1	1831	00bac0
9258	RF01960	6HCQ	A2	1	1869	1692.10	0	1	1831	00bac0
9259	RF01960	7ASE	0	2	2319	1276.70	0	1	1831	00bac0
9260	RF01960	9BUT	SA	1	2092	1525.60	0	1	1831	00bac0
9261	RF01960	9V26	sa	1	1947	1385.60	0	1	1831	00bac0
9262	RF01960	5LYB	2	1	1800	1817.80	0	1	1831	00bac0
9263	RF01960	5NDW	2	1	1800	1817.80	0	1	1831	00bac0
9264	RF01960	6W2S	A	1	1697	1657.40	0	1	1831	00bac0
9265	RF01960	8BR8	St	1	1454	782.10	3.7e-236	1	1831	00bac0
9266	RF01960	8P2K	A2	1	1870	1681.30	0	1	1831	00bac0
9267	RF01960	8UT0	2	1	1800	1817.80	0	1	1831	00bac0
9268	RF01960	6RBE	2	1	1800	1817.80	0	1	1831	00bac0
9269	RF01960	4UJE	B1	1	1869	1688.10	0	1	1831	00bac0
9270	RF01960	5FLX	1	1	1869	1688.90	0	1	1831	00bac0
9271	RF01960	6RXX	C1	125	1859	1729.60	0	1	1831	00bac0
9272	RF01960	7OSM	18S	1	1798	1812.30	0	1	1831	00bac0
9273	RF01960	9BUU	SA	1	2092	1525.60	0	1	1831	00bac0
9274	RF01960	4V88	A6	1	1800	1810.90	0	1	1831	00bac0
9275	RF01960	6RXT	C1	588	2352	1727.50	0	1	1831	00bac0
9276	RF01960	6S47	BA	1	1707	1781.60	0	1	1831	00bac0
9277	RF01960	7SYJ	2	1	1870	1672.00	0	1	1831	00bac0
9278	RF01960	8K2C	S2	1	1869	1685.90	0	1	1831	00bac0
9279	RF01960	9B0P	S2	1	1869	1688.90	0	1	1831	00bac0
9280	RF01960	9B0S	S2	1	1740	1669.00	0	1	1831	00bac0
9281	RF01960	9B0W	S2	1	1740	1669.00	0	1	1831	00bac0
9282	RF01960	7A1G	2	1	1770	1806.70	0	1	1831	00bac0
9283	RF01960	7SYO	2	1	1870	1672.00	0	1	1831	00bac0
9284	RF01960	8BSI	St	1	1454	782.10	3.7e-236	1	1831	00bac0
9285	RF01960	9C3H	S2	1	1869	1680.00	0	1	1831	00bac0
9286	RF01960	5JUP	A	1	1798	1812.30	0	1	1831	00bac0
9287	RF01960	6FYX	2	1	1798	1819.80	0	1	1831	00bac0
9288	RF01960	6ZMW	A	1	1869	1687.50	0	1	1831	00bac0
9289	RF01960	5VYC	i6	1	1869	1685.90	0	1	1831	00bac0
9290	RF01960	8G60	S2	1	1869	1675.70	0	1	1831	00bac0
9291	RF01960	8IFD	2m	1	1869	1685.90	0	1	1831	00bac0
9292	RF01960	3J0Q	h	1	111	66.00	2e-18	1667	1794	00bac0
9293	RF01960	5DC3	2	1	1800	1817.80	0	1	1831	00bac0
9294	RF01960	7K5I	2	1	1868	1691.10	0	1	1831	00bac0
9295	RF01960	7NWH	9	1	1779	1687.10	0	1	1831	00bac0
9296	RF01960	7XNY	S2	1	1869	1675.70	0	1	1831	00bac0
9297	RF01960	5JUS	A	1	1798	1812.30	0	1	1831	00bac0
9298	RF01960	7OSA	18S	1	1797	1812.50	0	1	1831	00bac0
9299	RF01960	7SYT	2	1	1870	1672.00	0	1	1831	00bac0
9300	RF01960	4U4O	6	1	1800	1817.80	0	1	1831	00bac0
9301	RF01960	6ZVJ	2	1	1720	1653.30	0	1	1831	00bac0
9302	RF01960	7D5T	SA	9	1808	1817.80	0	1	1831	00bac0
9303	RF01960	8IP8	aa	1	1810	1760.10	0	1	1831	00bac0
9304	RF01960	5TGM	2	1	1783	1812.30	0	1	1831	00bac0
9305	RF01960	6ZQA	D3	9	1379	1373.00	0	1	1831	00bac0
9306	RF01960	6ZVK	K3	1	1869	1688.90	0	1	1831	00bac0
9307	RF01960	7OLD	2	1	1796	1794.50	0	1	1831	00bac0
9308	RF01960	7XNX	S2	1	1869	1675.70	0	1	1831	00bac0
9309	RF01960	8CRE	CM	1	1787	1828.40	0	1	1831	00bac0
9310	RF01960	4U52	6	1	1800	1817.80	0	1	1831	00bac0
9311	RF01960	4V7R	A1	1	1800	1817.80	0	1	1831	00bac0
9312	RF01960	6OKK	A	1	2092	1525.60	0	1	1831	00bac0
9313	RF01960	6UZ7	8	1	1507	1552.30	0	295	1831	00bac0
9314	RF01960	8IPB	aa	1	1810	1760.10	0	1	1831	00bac0
9315	RF01960	5TGM	6	1	1800	1817.80	0	1	1831	00bac0
9316	RF01960	8GLP	S2	1	1869	1675.70	0	1	1831	00bac0
9317	RF01960	4V5Z	AA	1	1563	1506.40	0	1	1831	00bac0
9318	RF01960	5LZT	9	1	1869	1691.10	0	1	1831	00bac0
9319	RF01960	7B7D	2	1	1770	1806.70	0	1	1831	00bac0
9320	RF01960	8Y0W	S2	1	1869	1688.90	0	1	1831	00bac0
9321	RF01960	8YOO	S2	1	1869	1685.90	0	1	1831	00bac0
9322	RF01960	3JAN	S2	1	1742	1666.30	0	1	1831	00bac0
9323	RF01960	4V8M	AA	1	2251	1264.10	0	1	1831	00bac0
9324	RF01960	8BHF	A3	1	1697	1657.40	0	1	1831	00bac0
9325	RF01960	8P03	2	1	1863	1663.50	0	1	1831	00bac0
9326	RF01960	6W2T	a	1	1697	1657.40	0	1	1831	00bac0
9327	RF01960	6ZM7	S2	1	1869	1687.50	0	1	1831	00bac0
9328	RF01960	7SYQ	2	1	1870	1672.00	0	1	1831	00bac0
9329	RF01960	9KMT	2	1	1869	1690.30	0	1	1831	00bac0
9330	RF01960	9KMZ	2	1	1869	1690.30	0	1	1831	00bac0
9331	RF01960	3J7P	S2	1	1742	1666.30	0	1	1831	00bac0
9332	RF01960	4U4R	6	1	1800	1817.80	0	1	1831	00bac0
9333	RF01960	4UJD	C1	1	1869	1688.90	0	1	1831	00bac0
9334	RF01960	4V6W	B2	1	1995	1682.30	0	1	1831	00bac0
9335	RF01960	5LZW	9	1	1869	1691.10	0	1	1831	00bac0
9336	RF01960	6Y7C	2	1	1735	1780.90	0	1	1831	00bac0
9337	RF01960	8P85	sR	1	1800	1817.80	0	1	1831	00bac0
9338	RF01960	8S8F	2	1	1798	1820.40	0	1	1831	00bac0
9339	RF01960	8VVS	ZA	1	1869	1690.50	0	1	1831	00bac0
9340	RF01960	9B0S	s2	1	1740	1669.00	0	1	1831	00bac0
9341	RF01960	6YAM	2	1	1863	1663.50	0	1	1831	00bac0
9342	RF01960	7D4I	SA	9	1808	1817.80	0	1	1831	00bac0
9343	RF01960	5OQL	1	588	2383	1798.20	0	1	1831	00bac0
9344	RF01960	3JAJ	S2	1	1742	1666.30	0	1	1831	00bac0
9345	RF01960	4UG0	S2	1	1869	1685.90	0	1	1831	00bac0
9346	RF01960	6FYY	2	1	1798	1819.80	0	1	1831	00bac0
9347	RF01960	6P5N	2	1	1869	1688.90	0	1	1831	00bac0
9348	RF01960	8EVS	B5	1	1797	1804.20	0	1	1831	00bac0
9349	RF01960	8QHU	S1	1	2203	1251.20	0	1	1831	00bac0
9350	RF01960	9BUQ	SA	1	2092	1525.60	0	1	1831	00bac0
9351	RF01960	9MR4	K	1	1698	1660.30	0	1	1831	00bac0
9352	RF01960	5A2Q	2	1	1868	1691.10	0	1	1831	00bac0
9353	RF01960	6ZME	S2	1	1869	1687.50	0	1	1831	00bac0
9354	RF01960	7Q0P	A	1	1787	1828.40	0	1	1831	00bac0
9355	RF01960	8EWB	B5	1	1797	1801.70	0	1	1831	00bac0
9356	RF01960	7MDZ	9	1	1869	1690.30	0	1	1831	00bac0
9357	RF01960	8C00	2	1	1800	1817.80	0	1	1831	00bac0
9358	RF01960	8P09	2	1	1863	1663.50	0	1	1831	00bac0
9359	RF01960	8UIZ	S2	1	1740	1669.00	0	1	1831	00bac0
9360	RF01960	6AZ1	1	1	2203	1260.40	0	1	1831	00bac0
9361	RF01960	6ZXF	2	1	1869	1690.30	0	1	1831	00bac0
9362	RF01960	8EVP	B5	1	1798	1803.90	0	1	1831	00bac0
9363	RF01960	8UIY	S2	1	1740	1658.70	0	1	1831	00bac0
9364	RF01960	6LQQ	SA	9	1808	1817.80	0	1	1831	00bac0
9365	RF01960	6T83	a	1	1800	1817.80	0	1	1831	00bac0
9366	RF01960	7JQB	A	1	1869	1690.30	0	1	1831	00bac0
9367	RF01960	8QOI	S2	1	1869	1672.00	0	1	1831	00bac0
9368	RF01960	5TGA	2	1	1800	1815.60	0	1	1831	00bac0
9369	RF01960	6UZ7	2	1	1798	1822.30	0	1	1831	00bac0
9370	RF01960	6ZQF	D3	1	1754	1753.00	0	1	1831	00bac0
9371	RF01960	7O81	A2	1	1870	1681.30	0	1	1831	00bac0
9372	RF01960	7Z3N	2	1	1796	1797.10	0	1	1831	00bac0
9373	RF01960	8R57	A	1	1810	1758.40	0	1	1831	00bac0
9374	RF01960	9HL9	S1	1	2203	1250.80	0	1	1831	00bac0
9375	RF01960	7MQA	L1	1	1869	1687.50	0	1	1831	00bac0
9376	RF01960	8BQX	2	1	1797	1812.50	0	1	1831	00bac0
9377	RF01960	9B0Q	s2	1	1740	1669.00	0	1	1831	00bac0
9378	RF01960	5LZZ	9	1	1869	1691.10	0	1	1831	00bac0
9379	RF01960	5MC6	2	1	1800	1817.80	0	1	1831	00bac0
9380	RF01960	6G5H	2	1	1868	1691.10	0	1	1831	00bac0
9381	RF01960	6RXV	C1	588	2352	1727.50	0	1	1831	00bac0
9382	RF01960	7WTU	2	1	1869	1690.30	0	1	1831	00bac0
9383	RF01960	7WTQ	C2	1	1800	1817.80	0	1	1831	00bac0
9384	RF01960	8JIW	Ad	1	1811	1780.30	0	1	1831	00bac0
9385	RF01960	8OVA	AA	29	2282	1256.70	0	1	1831	00bac0
9386	RF01960	9N7A	L1	1	1800	1817.80	0	1	1831	00bac0
9387	RF01960	4U51	6	1	1800	1817.80	0	1	1831	00bac0
9388	RF01960	8P9A	sR	1	1800	1817.80	0	1	1831	00bac0
9389	RF01960	9B0G	S2	1	1869	1688.90	0	1	1831	00bac0
9390	RF01960	3JAM	2	1	1799	1821.20	0	1	1831	00bac0
9391	RF01960	4U3U	6	1	1800	1817.80	0	1	1831	00bac0
9392	RF01960	4U52	2	1	1800	1817.80	0	1	1831	00bac0
9393	RF01960	6TNU	2	1	1797	1812.50	0	1	1831	00bac0
9394	RF01960	6ZCE	A	1	1800	1817.80	0	1	1831	00bac0
9395	RF01960	7R81	A2	1	1796	1782.80	0	1	1831	00bac0
9396	RF01960	8OH6	B	1	1787	1828.40	0	1	1831	00bac0
9397	RF01960	9N76	L1	1	1800	1817.80	0	1	1831	00bac0
9398	RF01960	6ZOL	2	1	1869	1690.30	0	1	1831	00bac0
9399	RF01960	8CEH	c	1	1800	1807.00	0	1	1831	00bac0
9400	RF01960	8JDL	w	1	1869	1675.60	0	1	1831	00bac0
9401	RF01960	6YBS	A	1	1869	1687.50	0	1	1831	00bac0
9402	RF01960	7SYK	2	1	1870	1672.00	0	1	1831	00bac0
9403	RF01960	8PJ3	A	1	1869	1684.70	0	1	1831	00bac0
9404	RF01960	8UJK	S2	1	1740	1669.00	0	1	1831	00bac0
9405	RF01960	9AZN	S2	1	1740	1669.00	0	1	1831	00bac0
9406	RF01960	6SNT	2	1	1800	1817.80	0	1	1831	00bac0
9407	RF01960	3J80	2	1	1799	1821.20	0	1	1831	00bac0
9408	RF01960	6GQV	2	1	1797	1812.50	0	1	1831	00bac0
9409	RF01960	6SGC	A1	1	1869	1690.30	0	1	1831	00bac0
9410	RF01960	7O80	A2	1	1870	1681.30	0	1	1831	00bac0
9411	RF01960	7SYG	2	1	1870	1672.00	0	1	1831	00bac0
9412	RF01960	8CRE	B	1	1787	1828.40	0	1	1831	00bac0
9413	RF01960	8RXH	S1	1	2203	1250.80	0	1	1831	00bac0
9414	RF01960	5DGF	6	1	1800	1817.80	0	1	1831	00bac0
9415	RF01960	7UCJ	9	1	1698	1650.00	0	1	1831	00bac0
9416	RF01960	7WTM	C2	1	1800	1817.80	0	1	1831	00bac0
9417	RF01960	7ZUW	2	1	1800	1817.80	0	1	1831	00bac0
9418	RF01960	9KN0	2	1	1869	1690.30	0	1	1831	00bac0
9419	RF01960	6T7I	C2	1	1800	1817.80	0	1	1831	00bac0
9420	RF01960	7ZJX	S2	1	1870	1684.10	0	1	1831	00bac0
9421	RF01960	8RG0	A	1	1869	1684.70	0	1	1831	00bac0
9422	RF01960	8CBJ	2	1	1800	1817.80	0	1	1831	00bac0
9423	RF01960	8YOP	S2	1	1869	1685.90	0	1	1831	00bac0
9424	RF01960	5NDV	2	1	1800	1817.80	0	1	1831	00bac0
9425	RF01960	9V28	sa	1	1947	1385.60	0	1	1831	00bac0
9426	RF01960	5VYC	i2	1	1869	1685.90	0	1	1831	00bac0
9427	RF01960	6Y57	S2	1	1869	1685.90	0	1	1831	00bac0
9428	RF01960	3J81	2	1	1799	1821.20	0	1	1831	00bac0
9429	RF01960	6ZQE	D3	1	1800	1814.50	0	1	1831	00bac0
9430	RF01960	7ZPQ	2	1	1797	1812.50	0	1	1831	00bac0
9431	RF01960	4U4Z	2	1	1800	1817.80	0	1	1831	00bac0
9432	RF01960	4U6F	2	1	1800	1817.80	0	1	1831	00bac0
9433	RF01960	7OYB	22	1	1939	1603.70	0	1	1831	00bac0
9434	RF01960	7RR5	C2	1	1800	1817.80	0	1	1831	00bac0
9435	RF01960	8CAS	2	1	1800	1817.80	0	1	1831	00bac0
9436	RF01960	8ZGY	S2	1	1798	1812.30	0	1	1831	00bac0
9437	RF01960	9AXV	AA	1	1842	1824.70	0	1	1831	00bac0
9438	RF01960	9F1B	A2	1	1870	1681.30	0	1	1831	00bac0
9439	RF01960	8B2L	h1	1	1808	1780.90	0	1	1831	00bac0
9440	RF01960	8CGN	c	1	1800	1807.00	0	1	1831	00bac0
9441	RF01960	9BDP	A18S	1	1869	1689.70	0	1	1831	00bac0
9442	RF01960	9G8M	S2	1	1869	1685.90	0	1	1831	00bac0
9443	RF01960	5LZV	9	1	1869	1691.10	0	1	1831	00bac0
9444	RF01960	6GQB	2	1	1797	1812.50	0	1	1831	00bac0
9445	RF01960	7WU0	2	1	1869	1690.30	0	1	1831	00bac0
9446	RF01960	8VVP	ZA	1	1869	1690.50	0	1	1831	00bac0
9447	RF01960	9J9I	j	1	2092	1525.60	0	1	1831	00bac0
9448	RF01960	6ZMT	2	1	1868	1691.10	0	1	1831	00bac0
9449	RF01960	7CPU	S2	1	1870	1690.40	0	1	1831	00bac0
9450	RF01960	8EVR	B5	1	1797	1804.20	0	1	1831	00bac0
9451	RF01960	6GZ5	B1	1	1708	1677.70	0	1	1831	00bac0
9452	RF01960	6ZOJ	2	1	1869	1690.30	0	1	1831	00bac0
9453	RF01960	8T30	B5	1	1797	1801.70	0	1	1831	00bac0
9454	RF01960	8XXL	S2	1	1869	1688.90	0	1	1831	00bac0
9455	RF01960	9B0O	S2	1	1740	1669.00	0	1	1831	00bac0
9456	RF01960	9F1D	A2	1	1870	1681.30	0	1	1831	00bac0
9457	RF01960	9KMU	2	1	1869	1690.30	0	1	1831	00bac0
9458	RF01960	6XU7	B2	1	1995	1682.30	0	1	1831	00bac0
9459	RF01960	6ZMI	S2	1	1869	1687.50	0	1	1831	00bac0
9460	RF01960	7SYX	2	1	1870	1672.00	0	1	1831	00bac0
9461	RF01960	5VYC	i3	1	1869	1685.90	0	1	1831	00bac0
9462	RF01960	7LS2	m2	1	1870	1684.70	0	1	1831	00bac0
9463	RF01960	7WTO	C2	1	1800	1817.80	0	1	1831	00bac0
9464	RF01960	8JDJ	w	1	1869	1675.60	0	1	1831	00bac0
9465	RF01960	5DGV	2	1	1800	1817.80	0	1	1831	00bac0
9466	RF01960	5IT9	2	1	1780	1817.70	0	1	1831	00bac0
9467	RF01960	5NDW	6	1	1800	1817.80	0	1	1831	00bac0
9468	RF01960	7NRC	S2	1	1800	1817.80	0	1	1831	00bac0
9469	RF01960	8PJ5	A	1	1869	1684.70	0	1	1831	00bac0
9470	RF01960	8S8H	2	1	1798	1820.40	0	1	1831	00bac0
9471	RF01960	8XSX	S2	1	1869	1688.90	0	1	1831	00bac0
9472	RF01960	6IP8	2m	1	1869	1685.90	0	1	1831	00bac0
9473	RF01960	6ZV6	2	1	1869	1690.30	0	1	1831	00bac0
9474	RF01960	8G61	S2	1	1869	1675.70	0	1	1831	00bac0
9475	RF01960	8IFE	2m	1	1869	1685.90	0	1	1831	00bac0
9476	RF01960	9N77	L1	1	1800	1817.80	0	1	1831	00bac0
9477	RF01960	6LQV	SA	9	1808	1817.80	0	1	1831	00bac0
9478	RF01960	5TBW	sR	1	1800	1817.80	0	1	1831	00bac0
9479	RF01960	8YLR	2	1	1798	1812.30	0	1	1831	00bac0
9480	RF01960	3J78	1S	1	1798	1812.30	0	1	1831	00bac0
9481	RF01960	3JBP	A	1	1608	1469.30	0	1	1831	00bac0
9482	RF01960	4V3P	S1	1	1743	1638.20	0	1	1831	00bac0
9483	RF01960	5XXU	2	1	1791	1767.80	0	1	1831	00bac0
9484	RF01960	6SV4	2	1	1800	1817.80	0	1	1831	00bac0
9485	RF01960	6ZXD	2	1	1869	1690.30	0	1	1831	00bac0
9486	RF01960	4U6F	6	1	1800	1817.80	0	1	1831	00bac0
9487	RF01960	8OGJ	A	1	1787	1828.40	0	1	1831	00bac0
9488	RF01960	8Q7Z	A2	1	1823	1710.40	0	1	1831	00bac0
9489	RF01960	8RW1	2	1	1798	1820.40	0	1	1831	00bac0
9490	RF01960	4BTS	BA	1	1753	1591.60	0	1	1831	00bac0
9491	RF01960	7NRD	S2	1	1800	1817.80	0	1	1831	00bac0
9492	RF01960	8PJ6	A	1	1869	1684.70	0	1	1831	00bac0
9493	RF01960	8Q87	A2	1	1823	1710.40	0	1	1831	00bac0
9494	RF01960	8Y0U	C2	1	1800	1817.80	0	1	1831	00bac0
9495	RF01960	5LKS	S2	1	1869	1685.90	0	1	1831	00bac0
9496	RF01960	6ZXG	2	1	1869	1676.50	0	1	1831	00bac0
9497	RF01960	7CPV	S2	1	1870	1690.40	0	1	1831	00bac0
9498	RF01960	5FCI	2	1	1800	1817.80	0	1	1831	00bac0
9499	RF01960	6HHQ	sR	1	1800	1817.80	0	1	1831	00bac0
9500	RF01960	6ZN5	2	1	1868	1691.10	0	1	1831	00bac0
9501	RF01960	7D5S	SA	9	1808	1817.80	0	1	1831	00bac0
9502	RF01960	9G33	D3	9	1808	1817.80	0	1	1831	00bac0
9503	RF01960	4U3U	2	1	1800	1817.80	0	1	1831	00bac0
9504	RF01960	4V8Z	B2	1	1800	1811.70	0	1	1831	00bac0
9505	RF01960	5LZY	9	1	1869	1691.10	0	1	1831	00bac0
9506	RF01960	6LQR	SA	9	1808	1817.80	0	1	1831	00bac0
9507	RF01960	6Z6J	C2	1	1800	1817.80	0	1	1831	00bac0
9508	RF01960	7QIX	2	1	1807	1758.30	0	1	1831	00bac0
9509	RF01960	8AUV	h	1	1808	1780.90	0	1	1831	00bac0
9510	RF01960	8CMJ	c	1	1800	1807.00	0	1	1831	00bac0
9511	RF01960	8ZDC	2	1	1869	1684.50	0	1	1831	00bac0
9512	RF01960	8ZDD	2	1	1869	1684.50	0	1	1831	00bac0
9513	RF01960	8ZGR	S2	1	1800	1817.80	0	1	1831	00bac0
9514	RF01960	8T3E	B5	1	1797	1801.70	0	1	1831	00bac0
9515	RF01960	9N6V	L1	9	1808	1817.80	0	1	1831	00bac0
9516	RF01960	3J0L	h	1	111	66.00	2e-18	1667	1794	00bac0
9517	RF01960	9CAI	B2	2	1754	1531.50	0	1	1831	00bac0
9518	RF01960	9KMY	2	1	1869	1690.30	0	1	1831	00bac0
9519	RF01960	4UJC	C1	1	1869	1688.90	0	1	1831	00bac0
9520	RF01960	6P5J	2	1	1869	1688.90	0	1	1831	00bac0
9521	RF01960	7WTW	2	1	1869	1690.30	0	1	1831	00bac0
9522	RF01960	8IP9	aa	1	1810	1760.10	0	1	1831	00bac0
9523	RF01960	4U56	2	1	1800	1817.80	0	1	1831	00bac0
9524	RF01960	5AJ0	B1	1	1869	1688.90	0	1	1831	00bac0
9525	RF01960	5IT7	2	1	1798	1822.30	0	1	1831	00bac0
9526	RF01960	9V21	sa	1	1947	1385.60	0	1	1831	00bac0
9527	RF01960	5NDV	6	1	1800	1817.80	0	1	1831	00bac0
9528	RF01960	6RXU	C1	588	2352	1727.50	0	1	1831	00bac0
9529	RF01960	7ZUX	2	1	1800	1817.80	0	1	1831	00bac0
9530	RF01960	7MQ9	L1	1	1869	1690.30	0	1	1831	00bac0
9531	RF01960	7OYD	9	1	1786	1670.70	0	1	1831	00bac0
9532	RF01960	9BDN	A18S	1	1869	1689.70	0	1	1831	00bac0
9533	RF01960	4U50	6	1	1800	1817.80	0	1	1831	00bac0
9534	RF01960	9BKD	A	1	1719	1660.20	0	1	1831	00bac0
9535	RF01960	9N74	L1	1	1800	1814.60	0	1	1831	00bac0
9536	RF01960	5LL6	2	1	1798	1812.30	0	1	1831	00bac0
9537	RF01960	6GZ4	B1	1	1708	1677.70	0	1	1831	00bac0
9538	RF01960	6XA1	S2	1	1590	1581.80	0	1	1831	00bac0
9539	RF01960	7SYI	2	1	1870	1672.00	0	1	1831	00bac0
9540	RF01960	6ZUO	2	1	1869	1690.30	0	1	1831	00bac0
9541	RF01960	6ZVI	h	1	1758	1801.80	0	1	1831	00bac0
9542	RF01960	8XP3	S2	1	1869	1685.90	0	1	1831	00bac0
9543	RF01960	4BTS	DA	1	1753	1591.60	0	1	1831	00bac0
9544	RF01960	8BTD	St	1	1454	782.10	3.7e-236	1	1831	00bac0
9545	RF01960	8UKB	S2	1	1740	1669.00	0	1	1831	00bac0
9546	RF01960	4CXH	1	1	135	89.70	1.5e-25	1670	1797	00bac0
9547	RF01960	4U55	2	1	1800	1817.80	0	1	1831	00bac0
9548	RF01960	4V6X	B2	1	1869	1688.90	0	1	1831	00bac0
9549	RF01960	5A8L	B	1	1869	1688.90	0	1	1831	00bac0
9550	RF01960	5OBM	2	1	1800	1817.80	0	1	1831	00bac0
9551	RF01960	9N6Y	L1	9	1808	1817.80	0	1	1831	00bac0
9552	RF01960	9N75	L1	1	1800	1814.60	0	1	1831	00bac0
9553	RF01960	9NDP	K	1	1698	1660.30	0	1	1831	00bac0
9554	RF01960	9V29	sa	1	1947	1385.60	0	1	1831	00bac0
9555	RF01960	4KZX	i	1	1863	1666.30	0	1	1831	00bac0
9556	RF01960	5FCJ	6	1	1800	1817.80	0	1	1831	00bac0
9557	RF01960	8ZHB	S2	1	1798	1812.30	0	1	1831	00bac0
9558	RF01960	9AZS	S2	1	1740	1669.00	0	1	1831	00bac0
9559	RF01960	4U50	2	1	1800	1817.80	0	1	1831	00bac0
9560	RF01960	6EML	2	1	1800	1817.80	0	1	1831	00bac0
9561	RF01960	7NWG	A2	1	1818	1699.10	0	1	1831	00bac0
9562	RF01960	8T2Y	B5	1	1797	1801.70	0	1	1831	00bac0
9563	RF01960	8XXM	S2	1	1869	1688.90	0	1	1831	00bac0
9564	RF01960	4U4Z	6	1	1800	1817.80	0	1	1831	00bac0
9565	RF01960	5DC3	6	1	1800	1817.80	0	1	1831	00bac0
9566	RF01960	8G5Y	S2	1	1869	1675.70	0	1	1831	00bac0
9567	RF01960	6SV4	2c	1	1800	1817.80	0	1	1831	00bac0
9568	RF01960	7ZJW	S2	1	1870	1684.10	0	1	1831	00bac0
9569	RF01960	8RXX	S1	1	2203	1250.80	0	1	1831	00bac0
9570	RF01960	6IP6	2m	1	1869	1685.90	0	1	1831	00bac0
9571	RF01960	7MQ8	L1	1	1869	1690.30	0	1	1831	00bac0
9572	RF01960	7PWF	2	1	1452	755.30	5.6e-228	1	1831	00bac0
9573	RF01960	5K0Y	A	1	1776	1669.20	0	1	1831	00bac0
9574	RF01960	5MEI	A	1	1800	1817.80	0	1	1831	00bac0
9575	RF01960	8OEQ	CM	1	1787	1828.40	0	1	1831	00bac0
9576	RF01960	3JBO	A	1	1608	1469.30	0	1	1831	00bac0
9577	RF01960	4V7R	C1	1	1800	1817.80	0	1	1831	00bac0
9578	RF01960	5I4L	6	1	1800	1817.80	0	1	1831	00bac0
9579	RF01960	6FAI	2	1	1800	1817.80	0	1	1831	00bac0
9580	RF01960	6OLE	S2	1	1714	1649.10	0	1	1831	00bac0
9581	RF01960	7ZRS	2	1	1797	1812.50	0	1	1831	00bac0
9582	RF01960	8CQ7	B	1	1787	1828.40	0	1	1831	00bac0
9583	RF01960	8OVJ	S1	1	2203	1250.80	0	1	1831	00bac0
9584	RF01960	8PNN	A	1	1800	1817.80	0	1	1831	00bac0
9585	RF01960	4D5L	1	1	1869	1688.10	0	1	1831	00bac0
9586	RF01960	6OLI	S2	1	1714	1649.10	0	1	1831	00bac0
9587	RF01960	8P4V	A	1	1800	1817.80	0	1	1831	00bac0
9588	RF01960	8T2X	B5	1	1797	1801.70	0	1	1831	00bac0
9589	RF01960	8UJB	S2	1	1740	1669.00	0	1	1831	00bac0
9590	RF01960	4U51	2	1	1800	1817.80	0	1	1831	00bac0
9591	RF01960	5VYC	i4	1	1869	1685.90	0	1	1831	00bac0
9592	RF01960	6HHQ	A	1	1797	1812.50	0	1	1831	00bac0
9593	RF01960	6MTD	9	1	1698	1652.90	0	1	1831	00bac0
9594	RF01960	8Q5I	A	1	1787	1828.40	0	1	1831	00bac0
9595	RF01960	8UTI	E	1	1800	1817.80	0	1	1831	00bac0
9596	RF01960	4V8Y	B2	1	1800	1811.70	0	1	1831	00bac0
9597	RF01960	6T4Q	C2	1	1797	1812.50	0	1	1831	00bac0
9598	RF01960	8G5Z	S2	1	1701	1649.50	0	1	1831	00bac0
9599	RF01960	9CPA	2	1	1863	1666.70	0	1	1831	00bac0
9600	RF01960	4V6I	CA	1	1800	1817.80	0	1	1831	00bac0
9601	RF01960	6Y2L	S2	1	1869	1685.90	0	1	1831	00bac0
9602	RF01960	7PWO	2	1	1452	755.30	5.6e-228	1	1831	00bac0
9603	RF01960	7TQL	2	1	1656	1649.10	0	1	1831	00bac0
9604	RF01960	8G4S	2	1	1451	788.10	5.4e-238	1	1831	00bac0
9605	RF01960	8JDK	w	1	1869	1675.60	0	1	1831	00bac0
9606	RF01960	8S8I	2	1	1798	1820.40	0	1	1831	00bac0
9607	RF01960	3J7A	A	1	2092	1525.60	0	1	1831	00bac0
9608	RF01960	7SYU	2	1	1870	1672.00	0	1	1831	00bac0
9609	RF01960	8OI5	CM	1	1787	1828.40	0	1	1831	00bac0
9610	RF01960	9KMW	2	1	1869	1690.30	0	1	1831	00bac0
9611	RF01960	4U53	6	1	1800	1817.80	0	1	1831	00bac0
9612	RF01960	6MTB	9	1	1698	1650.00	0	1	1831	00bac0
9613	RF01960	6OM7	S2	1	1714	1649.10	0	1	1831	00bac0
9614	RF01960	9G6J	A	1	1787	1828.40	0	1	1831	00bac0
9615	RF01960	6ZQB	D3	9	1808	1817.80	0	1	1831	00bac0
9616	RF01960	9AXT	AA	1	1842	1824.70	0	1	1831	00bac0
9617	RF01960	5TBW	A	1	1800	1817.80	0	1	1831	00bac0
9618	RF01960	6G18	2	1	1869	1690.30	0	1	1831	00bac0
9619	RF01960	7SYS	2	1	1870	1672.00	0	1	1831	00bac0
9620	RF01960	7Z3O	2	1	1796	1797.10	0	1	1831	00bac0
9621	RF01960	9B0H	S2	1	1869	1688.90	0	1	1831	00bac0
9622	RF01960	4U3N	6	1	1800	1817.80	0	1	1831	00bac0
9623	RF01960	4U4Y	2	1	1800	1817.80	0	1	1831	00bac0
9624	RF01960	7PZY	A	1	1787	1828.40	0	1	1831	00bac0
9625	RF01960	5OA3	2	1	1868	1689.30	0	1	1831	00bac0
9626	RF01960	6HCF	A1	1	1869	1691.10	0	1	1831	00bac0
9627	RF01960	6MTE	9	1	1698	1650.00	0	1	1831	00bac0
9628	RF01960	8PNN	sR	1	1800	1817.80	0	1	1831	00bac0
9629	RF01960	4KZZ	i	1	1863	1666.30	0	1	1831	00bac0
9630	RF01960	4V7H	AA	1	1761	1672.00	0	1	1831	00bac0
9631	RF01960	5NDG	2	1	1800	1817.80	0	1	1831	00bac0
9632	RF01960	8Y0X	S2	1	1869	1688.90	0	1	1831	00bac0
9633	RF01960	7A01	K3	1	1801	1687.80	0	1	1831	00bac0
9634	RF01960	8I7J	2	1	1799	1821.20	0	1	1831	00bac0
9635	RF01960	9N78	L1	1	1800	1817.80	0	1	1831	00bac0
9636	RF01960	3J0O	h	1	111	66.00	2e-18	1667	1794	00bac0
9637	RF01960	4U56	6	1	1800	1817.80	0	1	1831	00bac0
9638	RF01960	6XIQ	2	1	1800	1817.80	0	1	1831	00bac0
9639	RF01960	9V24	sa	1	1947	1385.60	0	1	1831	00bac0
9640	RF01960	6D9J	2	1	1697	1657.40	0	1	1831	00bac0
9641	RF01960	6OLG	B1	1	1708	1677.70	0	1	1831	00bac0
9642	RF01960	9NPY	i	1	1869	1678.40	0	1	1831	00bac0
9643	RF01960	3JAI	9	1	1719	1657.60	0	1	1831	00bac0
9644	RF01960	6HCM	A1	1	1869	1691.10	0	1	1831	00bac0
9645	RF01960	8VVT	ZA	1	1869	1684.60	0	1	1831	00bac0
9646	RF01960	9B0N	S2	1	1740	1669.00	0	1	1831	00bac0
9647	RF01960	8A98	S1	1	2203	1260.70	0	1	1831	00bac0
9648	RF01960	6R5Q	K	1	1698	1660.30	0	1	1831	00bac0
9649	RF01960	9BLN	A	1	1719	1660.20	0	1	1831	00bac0
9650	RF01960	3J7R	S2	1	1742	1666.30	0	1	1831	00bac0
9651	RF01960	5DAT	6	1	1800	1817.80	0	1	1831	00bac0
9652	RF01960	6LQT	SA	9	1808	1817.80	0	1	1831	00bac0
9653	RF01960	8G4I	2	1	1451	788.10	5.4e-238	1	1831	00bac0
9654	RF01960	9AZC	S2	1	1740	1669.00	0	1	1831	00bac0
9655	RF01960	9G8O	S2	1	1869	1685.90	0	1	1831	00bac0
9656	RF01960	5VYC	i5	1	1869	1685.90	0	1	1831	00bac0
9657	RF01960	7WTL	C2	1	1800	1817.80	0	1	1831	00bac0
9658	RF01960	8T2Z	B5	1	1797	1801.70	0	1	1831	00bac0
9659	RF01960	4KZY	i	1	1863	1666.30	0	1	1831	00bac0
9660	RF01960	7SYM	2	1	1870	1672.00	0	1	1831	00bac0
9661	RF01960	8R6F	A	1	1810	1758.40	0	1	1831	00bac0
9662	RF01960	5WLC	L1	8	1807	1817.80	0	1	1831	00bac0
9663	RF01960	7QGG	S2	1	1872	1682.20	0	1	1831	00bac0
9664	RF01960	7SUK	8	8	1807	1817.80	0	1	1831	00bac0
9665	RF01960	8BQD	2	1	1797	1812.50	0	1	1831	00bac0
9666	RF01960	4V5O	AA	1	1753	1591.60	0	1	1831	00bac0
9667	RF01960	6TB3	2	1	1797	1812.50	0	1	1831	00bac0
9668	RF01960	6Z6N	S2	1	1869	1688.90	0	1	1831	00bac0
9669	RF01960	7O7Z	A2	1	1870	1681.30	0	1	1831	00bac0
9670	RF01960	4BTS	AA	1	1753	1591.60	0	1	1831	00bac0
9671	RF01960	6G4W	2	1	1869	1690.30	0	1	1831	00bac0
9672	RF01960	6G51	2	1	1869	1690.30	0	1	1831	00bac0
9673	RF01960	6YBW	A	1	1869	1687.50	0	1	1831	00bac0
9674	RF01960	6LQS	SA	9	1808	1817.80	0	1	1831	00bac0
9675	RF01960	6R6P	K	1	1698	1655.80	0	1	1831	00bac0
9676	RF01960	7Q08	A	1	1787	1828.40	0	1	1831	00bac0
9677	RF01960	9B11	S2	1	1740	1669.00	0	1	1831	00bac0
9678	RF01960	9ED0	2	1	1869	1678.40	0	1	1831	00bac0
9679	RF01960	6I7O	2	1	1800	1817.80	0	1	1831	00bac0
9680	RF01960	8BTR	St	1	1454	782.10	3.7e-236	1	1831	00bac0
9681	RF01960	8PJ2	A	1	1869	1684.70	0	1	1831	00bac0
9682	RF01960	8T3D	B5	1	1797	1801.70	0	1	1831	00bac0
9683	RF01960	9N6X	L1	9	1808	1817.80	0	1	1831	00bac0
9684	RF01960	5LZU	9	1	1869	1691.10	0	1	1831	00bac0
9685	RF01960	5TZS	1	1	1800	1817.80	0	1	1831	00bac0
9686	RF01960	7AJU	D3	1	1800	1817.80	0	1	1831	00bac0
9687	RF01960	8CKU	c	1	1800	1807.00	0	1	1831	00bac0
9688	RF01960	8EUB	B5	1	1797	1804.20	0	1	1831	00bac0
9689	RF01960	8S8D	2	1	1798	1820.40	0	1	1831	00bac0
9690	RF01960	9G25	3	1	1800	1817.80	0	1	1831	00bac0
9691	RF01960	6ZON	2	1	1868	1691.10	0	1	1831	00bac0
9692	RF01960	6ZXE	2	1	1869	1690.30	0	1	1831	00bac0
9693	RF01960	8CAH	2	1	1800	1817.80	0	1	1831	00bac0
9694	RF01960	8VVV	9	1	1698	1652.90	0	1	1831	00bac0
9695	RF01960	5M1J	22	1	1798	1812.30	0	1	1831	00bac0
9696	RF01960	6IP5	2m	1	1869	1685.90	0	1	1831	00bac0
9697	RF01960	6LQP	SA	9	1808	1817.80	0	1	1831	00bac0
9698	RF01960	8CG8	c	1	1800	1807.00	0	1	1831	00bac0
9699	RF01960	8OJ3	B	1	1787	1828.40	0	1	1831	00bac0
9700	RF01960	4U55	6	1	1800	1817.80	0	1	1831	00bac0
9701	RF01960	5TGA	6	1	1800	1817.80	0	1	1831	00bac0
9702	RF01960	6WOO	2	1	1796	1805.90	0	1	1831	00bac0
9703	RF01960	8CQW	B	1	1787	1828.40	0	1	1831	00bac0
9704	RF01960	8VVQ	ZA	1	1869	1690.50	0	1	1831	00bac0
9705	RF01960	6G53	2	1	1869	1690.30	0	1	1831	00bac0
9706	RF01960	6WDR	2	1	1910	1522.60	0	1	1790	00bac0
9707	RF01960	4U4U	6	1	1800	1817.80	0	1	1831	00bac0
9708	RF01960	5DGF	2	1	1800	1817.80	0	1	1831	00bac0
9709	RF01960	5FCI	6	1	1800	1817.80	0	1	1831	00bac0
9710	RF01960	6T7T	C2	1	1770	1806.70	0	1	1831	00bac0
9711	RF01960	8C3A	CM	1	1787	1828.40	0	1	1831	00bac0
9712	RF01960	6P4H	2	1	1869	1688.90	0	1	1831	00bac0
9713	RF01960	9KMX	2	1	1869	1690.30	0	1	1831	00bac0
9714	RF01960	9N70	L1	9	1808	1817.80	0	1	1831	00bac0
9715	RF01960	9NPX	i	1	1869	1678.40	0	1	1831	00bac0
9716	RF01960	6XIR	2	1	1800	1817.80	0	1	1831	00bac0
9717	RF01960	7R4X	2	1	1868	1677.80	0	1	1831	00bac0
9718	RF01960	3JAG	9	1	1719	1657.60	0	1	1831	00bac0
9719	RF01960	5LZX	9	1	1869	1691.10	0	1	1831	00bac0
9720	RF01960	8UJJ	S2	1	1740	1669.00	0	1	1831	00bac0
9721	RF01960	9BUP	SA	1	2092	1525.60	0	1	1831	00bac0
9722	RF01960	9G28	3	1	1800	1817.80	0	1	1831	00bac0
9723	RF01960	5WYK	SA	1	1800	1817.80	0	1	1831	00bac0
9724	RF01960	9QQA	A2	1	1870	1681.30	0	1	1831	00bac0
9725	RF01960	3JBN	A	1	1608	1469.30	0	1	1831	00bac0
9726	RF01960	6Z6K	C2	1	1800	1817.80	0	1	1831	00bac0
9727	RF01960	6ZXH	2	1	1869	1676.50	0	1	1831	00bac0
9728	RF01960	8XU8	2	1	1798	1812.30	0	1	1831	00bac0
9729	RF01960	9F9S	R1	1	1800	1817.80	0	1	1831	00bac0
9730	RF01960	9N72	L1	9	1808	1817.80	0	1	1831	00bac0
9731	RF01960	5OPT	E	2	2319	1276.70	0	1	1831	00bac0
9732	RF01960	6P4G	2	1	1869	1688.90	0	1	1831	00bac0
9733	RF01960	7QP7	A	1	1869	1687.50	0	1	1831	00bac0
9734	RF01960	7ZW0	2	1	1800	1817.80	0	1	1831	00bac0
9735	RF01960	6ZLW	2	1	1868	1691.10	0	1	1831	00bac0
9736	RF01960	8BTK	A2	1	1870	1681.30	0	1	1831	00bac0
9737	RF01960	8OVE	AA	29	2280	1258.40	0	1	1831	00bac0
9738	RF01960	9F1C	A2	1	1870	1681.30	0	1	1831	00bac0
9739	RF01960	4D61	1	1	1869	1688.10	0	1	1831	00bac0
9740	RF01960	5VYC	i1	1	1869	1685.90	0	1	1831	00bac0
9741	RF01960	6ZJ3	S1	2	2314	1247.50	0	1	1831	00bac0
9742	RF01960	7WTP	C2	1	1800	1817.80	0	1	1831	00bac0
9743	RF01960	8EWC	B5	1	1797	1804.20	0	1	1831	00bac0
9744	RF01960	9B0F	S2	1	1869	1688.90	0	1	1831	00bac0
9745	RF01960	7N8B	B5	1	1783	1803.80	0	1	1831	00bac0
9746	RF01960	7Q0R	A	1	1787	1828.40	0	1	1831	00bac0
9747	RF01960	7WTS	2	1	1869	1690.30	0	1	1831	00bac0
9748	RF01960	5MEI	6	1	1800	1817.80	0	1	1831	00bac0
9749	RF01960	9N73	L1	9	1808	1817.80	0	1	1831	00bac0
9750	RF01960	5LYB	6	1	1800	1817.80	0	1	1831	00bac0
9751	RF01960	5T2A	2	1	2205	1258.00	0	1	1831	00bac0
9752	RF01960	6YAN	2	1	1863	1663.50	0	1	1831	00bac0
9753	RF01960	8Z71	2	1	1798	1812.30	0	1	1831	00bac0
9754	RF01960	9AZM	S2	1	1740	1669.00	0	1	1831	00bac0
9755	RF01960	6R6G	K	1	1698	1660.30	0	1	1831	00bac0
9756	RF01960	6XU6	B2	1	1995	1682.30	0	1	1831	00bac0
9757	RF01960	8CQW	CM	1	1787	1828.40	0	1	1831	00bac0
9758	RF01960	8T3A	B5	1	1797	1801.70	0	1	1831	00bac0
9759	RF01960	4U53	2	1	1800	1817.80	0	1	1831	00bac0
9760	RF01960	4V7E	Ad	1	1810	1760.10	0	1	1831	00bac0
9761	RF01960	5OSG	2	1	2205	1258.00	0	1	1831	00bac0
9762	RF01960	7WTR	C2	1	1800	1817.80	0	1	1831	00bac0
9763	RF01960	4V92	A2	1	1767	1803.80	0	1	1831	00bac0
9764	RF01960	6GSN	2	1	1798	1822.90	0	1	1831	00bac0
9765	RF01960	6ZVH	2	1	1740	1666.20	0	1	1831	00bac0
9766	RF01960	6D90	2	1	1697	1657.40	0	1	1831	00bac0
9767	RF01960	6P5I	2	1	1869	1688.90	0	1	1831	00bac0
9768	RF01960	7OYA	22	1	1939	1603.70	0	1	1831	00bac0
9769	RF01960	8CDR	c	1	1800	1807.00	0	1	1831	00bac0
9770	RF01960	8P9A	A	1	1800	1817.80	0	1	1831	00bac0
9771	RF01960	8TPU	SA	1	2087	1527.40	0	1	1831	00bac0
9772	RF01960	8EVT	B5	1	1797	1804.20	0	1	1831	00bac0
9773	RF01960	8P4V	sR	1	1800	1817.80	0	1	1831	00bac0
9774	RF01960	9F9S	S1	1	1800	1817.80	0	1	1831	00bac0
9775	RF01960	3J77	1S	1	1798	1812.30	0	1	1831	00bac0
9776	RF01960	6G5I	2	1	1869	1690.30	0	1	1831	00bac0
9777	RF01960	6OLF	S2	1	1714	1649.10	0	1	1831	00bac0
9778	RF01960	6Y0G	S2	1	1869	1685.90	0	1	1831	00bac0
9779	RF01960	8XXN	S2	1	1869	1688.90	0	1	1831	00bac0
9780	RF01960	8C83	2	1	1800	1712.90	0	1	1831	00bac0
9781	RF01960	8CDL	c	1	1800	1807.00	0	1	1831	00bac0
9782	RF01960	8PJ4	A	1	1869	1684.70	0	1	1831	00bac0
9783	RF01960	8ZDB	2	1	1869	1688.90	0	1	1831	00bac0
9784	RF01960	6RXZ	C1	588	2323	1727.50	0	1	1831	00bac0
9785	RF01960	8K82	C2	1	1800	1817.80	0	1	1831	00bac0
9786	RF01960	5DGE	6	1	1800	1817.80	0	1	1831	00bac0
9787	RF01960	8CF5	c	1	1800	1807.00	0	1	1831	00bac0
9788	RF01960	9BUS	SA	1	2092	1525.60	0	1	1831	00bac0
9789	RF01960	6ZOK	2	1	1869	1690.30	0	1	1831	00bac0
9790	RF01960	7UCK	9	1	1698	1650.00	0	1	1831	00bac0
9791	RF01960	8EVQ	B5	1	1797	1804.20	0	1	1831	00bac0
9792	RF01998	9G4J	A	261	330	47.10	5.9e-08	1	84	00bac0
9793	RF01998	9G54	A	262	331	47.10	6.4e-08	1	84	00bac0
9794	RF01998	8RUN	A	257	326	47.10	7e-08	1	84	00bac0
9795	RF01998	9G4L	A	261	330	47.10	5.9e-08	1	84	00bac0
9796	RF01998	8RUJ	A	254	323	47.10	6.9e-08	1	84	00bac0
9797	RF01998	4FAU	A	262	331	47.10	7.1e-08	1	84	00bac0
9798	RF01998	8T2T	B	301	379	42.10	1.5e-06	1	84	00bac0
9799	RF01998	8RUI	A	254	323	47.10	6.9e-08	1	84	00bac0
9800	RF01998	8K0R	C	298	381	74.50	7.4e-14	1	84	00bac0
9801	RF01998	8K15	C	292	371	49.20	3.8e-08	1	84	00bac0
9802	RF01998	8OLS	A	257	326	47.10	7e-08	1	84	00bac0
9803	RF01998	6T3R	A	254	323	43.10	5.6e-07	1	84	00bac0
9804	RF01998	8RUM	A	257	326	47.10	7e-08	1	84	00bac0
9805	RF01998	4E8Q	A	257	326	47.10	7e-08	1	84	00bac0
9806	RF01998	8T2R	B	301	379	42.10	1.5e-06	1	84	00bac0
9807	RF01998	4E8V	A	257	326	47.10	7e-08	1	84	00bac0
9808	RF01998	4FAW	A	257	326	47.10	7e-08	1	84	00bac0
9809	RF01998	6T3K	A	254	323	41.80	1.1e-06	1	84	00bac0
9810	RF01998	8OLW	A	259	328	47.10	7e-08	1	84	00bac0
9811	RF01998	3G78	A	254	323	47.10	7.3e-08	1	84	00bac0
9812	RF01998	4E8M	A	257	326	47.10	7e-08	1	84	00bac0
9813	RF01998	7UIM	B	301	379	42.10	1.5e-06	1	84	00bac0
9814	RF01998	5J02	A	253	322	47.10	7.4e-08	1	84	00bac0
9815	RF01998	4E8K	A	257	326	47.10	7e-08	1	84	00bac0
9816	RF01998	4E8R	A	257	326	47.10	7e-08	1	84	00bac0
9817	RF01998	4FAX	A	258	327	47.10	7e-08	1	84	00bac0
9818	RF01998	8OLV	A	257	326	47.10	7e-08	1	84	00bac0
9819	RF01998	8T2S	B	315	393	42.10	1.5e-06	1	84	00bac0
9820	RF01998	8RUK	A	257	326	47.10	7e-08	1	84	00bac0
9821	RF01998	8OM0	A	257	326	47.10	7e-08	1	84	00bac0
9822	RF01998	8K0S	C	302	385	74.50	7.4e-14	1	84	00bac0
9823	RF01998	3EOG	A	254	323	47.10	7.3e-08	1	84	00bac0
9824	RF01998	4FAQ	A	259	328	47.10	7e-08	1	84	00bac0
9825	RF01998	8K0Q	C	298	381	74.50	7.4e-14	1	84	00bac0
9826	RF01998	8K0Q	A	298	381	74.50	7.4e-14	1	84	00bac0
9827	RF01998	7UIN	B	301	379	42.10	1.5e-06	1	84	00bac0
9828	RF01998	5J01	A	253	322	47.10	7.4e-08	1	84	00bac0
9829	RF01998	4FB0	A	257	326	47.10	7e-08	1	84	00bac0
9830	RF01998	8OLY	A	254	323	47.10	6.9e-08	1	84	00bac0
9831	RF01998	3EOH	A	254	323	47.10	7.3e-08	1	84	00bac0
9832	RF01998	4E8N	A	257	326	47.10	7e-08	1	84	00bac0
9833	RF01998	4E8T	A	257	326	47.10	7e-08	1	84	00bac0
9834	RF01998	6T3N	A	262	331	41.80	1.1e-06	1	84	00bac0
9835	RF01998	8RUH	A	254	323	47.10	6.9e-08	1	84	00bac0
9836	RF01998	4FAR	A	254	323	47.10	6.9e-08	1	84	00bac0
9837	RF01998	8RUL	A	257	326	47.10	7e-08	1	84	00bac0
9838	RF01998	8K0R	A	298	381	74.50	7.4e-14	1	84	00bac0
9839	RF01998	8K0P	A	298	381	74.50	7.4e-14	1	84	00bac0
9840	RF01998	3BWP	A	254	323	47.10	7.3e-08	1	84	00bac0
9841	RF01998	9C6I	A	259	328	47.10	7.4e-08	1	84	00bac0
9842	RF01998	3IGI	A	254	323	47.10	7.3e-08	1	84	00bac0
9843	RF01998	8K0S	A	302	385	74.50	7.4e-14	1	84	00bac0
9844	RF01998	4E8P	A	257	326	47.10	7e-08	1	84	00bac0
9845	RF01998	4DS6	A	261	330	47.10	7.5e-08	1	84	00bac0
9846	RF01998	6T3S	A	262	331	43.10	5.7e-07	1	84	00bac0
9847	RF01998	8K0P	C	298	381	74.50	7.4e-14	1	84	00bac0
9848	RF01998	8OLZ	A	254	323	47.10	6.9e-08	1	84	00bac0
9849	RF02001	8OLY	A	84	256	140.00	1.9e-31	1	170	00bac0
9850	RF02001	3EOH	A	84	256	140.00	2.1e-31	1	170	00bac0
9851	RF02001	4E8N	A	87	259	140.00	2e-31	1	170	00bac0
9852	RF02001	4E8T	A	87	259	140.00	2e-31	1	170	00bac0
9853	RF02001	6T3N	A	92	264	140.00	2e-31	1	170	00bac0
9854	RF02001	8RUH	A	84	256	140.00	1.9e-31	1	170	00bac0
9855	RF02001	4FAR	A	84	256	140.00	1.9e-31	1	170	00bac0
9856	RF02001	8RUL	A	87	259	140.00	2e-31	1	170	00bac0
9857	RF02001	8K0R	A	84	256	145.60	1.4e-32	1	170	00bac0
9858	RF02001	8K0P	A	84	256	145.60	1.4e-32	1	170	00bac0
9859	RF02001	3BWP	A	84	256	140.00	2.1e-31	1	170	00bac0
9860	RF02001	9C6K	X	88	260	140.00	2.5e-31	1	170	00bac0
9861	RF02001	9C6I	A	89	261	140.00	2.1e-31	1	170	00bac0
9862	RF02001	3IGI	A	84	256	140.00	2.1e-31	1	170	00bac0
9863	RF02001	8K0S	A	84	260	135.60	3.7e-30	1	170	00bac0
9864	RF02001	4E8P	A	87	259	140.00	2e-31	1	170	00bac0
9865	RF02001	4DS6	A	91	263	140.00	2.1e-31	1	170	00bac0
9866	RF02001	6T3S	A	92	264	140.00	2e-31	1	170	00bac0
9867	RF02001	8K0P	C	84	256	145.60	1.4e-32	1	170	00bac0
9868	RF02001	8OLZ	A	84	256	140.00	1.9e-31	1	170	00bac0
9869	RF02001	4E8M	A	87	259	140.00	2e-31	1	170	00bac0
9870	RF02001	7UIM	B	87	264	130.20	7.6e-29	1	170	00bac0
9871	RF02001	9G4V	A	91	263	140.00	1.5e-31	1	170	00bac0
9872	RF02001	5J02	A	83	255	133.80	6.6e-30	1	170	00bac0
9873	RF02001	9CXF	A	84	256	140.00	3e-31	1	170	00bac0
9874	RF02001	4E8K	A	87	259	140.00	2e-31	1	170	00bac0
9875	RF02001	4E8R	A	87	259	140.00	2e-31	1	170	00bac0
9876	RF02001	4FAX	A	88	260	140.00	2e-31	1	170	00bac0
9877	RF02001	8OLV	A	87	259	140.00	2e-31	1	170	00bac0
9878	RF02001	8T2S	B	101	278	130.20	7.7e-29	1	170	00bac0
9879	RF02001	8RUK	A	87	259	140.00	2e-31	1	170	00bac0
9880	RF02001	4Y1O	A	89	261	136.10	1.2e-30	1	170	00bac0
9881	RF02001	8OM0	A	87	259	140.00	2e-31	1	170	00bac0
9882	RF02001	8K0S	C	84	260	135.60	3.7e-30	1	170	00bac0
9883	RF02001	3EOG	A	84	256	140.00	2.1e-31	1	170	00bac0
9884	RF02001	4FAQ	A	89	261	140.00	2e-31	1	170	00bac0
9885	RF02001	8K0Q	C	84	256	145.60	1.4e-32	1	170	00bac0
9886	RF02001	4Y1N	A	89	261	136.10	1.2e-30	1	170	00bac0
9887	RF02001	9G4J	A	91	263	140.00	1.7e-31	1	170	00bac0
9888	RF02001	9G54	A	92	264	140.00	1.8e-31	1	170	00bac0
9889	RF02001	8RUN	A	87	259	140.00	2e-31	1	170	00bac0
9890	RF02001	9G4L	A	91	263	140.00	1.7e-31	1	170	00bac0
9891	RF02001	8RUJ	A	84	256	140.00	1.9e-31	1	170	00bac0
9892	RF02001	4FAU	A	92	264	140.00	2e-31	1	170	00bac0
9893	RF02001	8T2T	B	87	264	130.20	7.6e-29	1	170	00bac0
9894	RF02001	8RUI	A	84	256	140.00	1.9e-31	1	170	00bac0
9895	RF02001	4Y1O	B	89	261	136.10	1.2e-30	1	170	00bac0
9896	RF02001	4Y1N	B	89	261	136.10	1.2e-30	1	170	00bac0
9897	RF02001	8K0R	C	84	256	145.60	1.4e-32	1	170	00bac0
9898	RF02001	8K15	C	86	256	107.70	2.2e-23	1	170	00bac0
9899	RF02001	8OLS	A	87	259	140.00	2e-31	1	170	00bac0
9900	RF02001	9C6J	A	89	261	140.00	2.5e-31	1	170	00bac0
9901	RF02001	6T3R	A	84	256	140.00	1.9e-31	1	170	00bac0
9902	RF02001	8RUM	A	87	259	140.00	2e-31	1	170	00bac0
9903	RF02001	4E8Q	A	87	259	140.00	2e-31	1	170	00bac0
9904	RF02001	8T2R	B	87	264	130.20	7.6e-29	1	170	00bac0
9905	RF02001	4E8V	A	87	259	140.00	2e-31	1	170	00bac0
9906	RF02001	4FAW	A	87	259	140.00	2e-31	1	170	00bac0
9907	RF02001	6T3K	A	84	256	140.00	1.9e-31	1	170	00bac0
9908	RF02001	8OLW	A	89	261	140.00	2e-31	1	170	00bac0
9909	RF02001	3G78	A	84	256	140.00	2.1e-31	1	170	00bac0
9910	RF02001	8K0Q	A	84	256	145.60	1.4e-32	1	170	00bac0
9911	RF02001	9G4I	A	91	263	140.00	1.5e-31	1	170	00bac0
9912	RF02001	7UIN	B	87	264	130.20	7.6e-29	1	170	00bac0
9913	RF02001	5J01	A	83	255	133.80	6.6e-30	1	170	00bac0
9914	RF02001	4FB0	A	87	259	140.00	2e-31	1	170	00bac0
9915	RF02012	6CHR	A	42	199	58.10	1.1e-11	1	151	00bac0
9916	RF02012	6CIH	A	42	199	58.10	1.1e-11	1	151	00bac0
9917	RF02012	6MEC	A	59	208	127.10	1.2e-28	1	151	00bac0
9918	RF02012	4R0D	A	42	199	58.10	1.1e-11	1	151	00bac0
9919	RF02012	6ME0	A	59	208	127.10	1.2e-28	1	151	00bac0
9920	RF02012	8FLI	A	77	226	127.10	1.2e-28	1	151	00bac0
9921	RF02032	9L0R	K	325	700	258.30	1.2e-74	1	416	00bac0
9922	RF02032	9MEE	C	421	833	318.80	1.1e-92	1	416	00bac0
9923	RF02032	9MEE	K	421	833	318.80	1.1e-92	1	416	00bac0
9924	RF02032	9LHL	H	421	833	318.80	1.1e-92	1	416	00bac0
9925	RF02032	9LHL	L	421	833	318.80	1.1e-92	1	416	00bac0
9926	RF02032	9MEE	B	421	833	318.80	1.1e-92	1	416	00bac0
9927	RF02032	9L0R	F	325	700	258.30	1.2e-74	1	416	00bac0
9928	RF02032	9LEE	E	3	378	258.30	6.4e-75	1	416	00bac0
9929	RF02032	9LEE	A	3	378	258.30	6.4e-75	1	416	00bac0
9930	RF02032	9LEE	B	3	378	258.30	6.4e-75	1	416	00bac0
9931	RF02032	9LEE	C	3	378	258.30	6.4e-75	1	416	00bac0
9932	RF02032	9LHL	K	421	833	318.80	1.1e-92	1	416	00bac0
9933	RF02032	9LMF	G	325	700	258.30	1.2e-74	1	416	00bac0
9934	RF02032	9LMF	I	325	700	258.30	1.2e-74	1	416	00bac0
9935	RF02032	9LEE	D	3	378	258.30	6.4e-75	1	416	00bac0
9936	RF02032	9LEL	J	3	378	258.30	8.1e-75	1	416	00bac0
9937	RF02032	9L0R	C	325	700	258.30	1.2e-74	1	416	00bac0
9938	RF02032	9L0R	E	325	700	258.30	1.2e-74	1	416	00bac0
9939	RF02032	9L0R	L	325	700	258.30	1.2e-74	1	416	00bac0
9940	RF02032	9LMF	F	325	700	258.30	1.2e-74	1	416	00bac0
9941	RF02032	9LEM	I	3	378	258.30	8.1e-75	1	416	00bac0
9942	RF02032	9LEM	E	3	378	258.30	8.1e-75	1	416	00bac0
9943	RF02032	9LHK	G	421	833	318.80	1.1e-92	1	416	00bac0
9944	RF02032	9LHL	J	421	833	318.80	1.1e-92	1	416	00bac0
9945	RF02032	9LMF	H	325	700	258.30	1.2e-74	1	416	00bac0
9946	RF02032	9L0R	D	325	700	258.30	1.2e-74	1	416	00bac0
9947	RF02032	9LEM	A	3	378	258.30	8.1e-75	1	416	00bac0
9948	RF02032	9LMF	E	325	700	258.30	1.2e-74	1	416	00bac0
9949	RF02032	9L0R	B	325	700	258.30	1.2e-74	1	416	00bac0
9950	RF02032	9LEC	J	3	378	258.30	6.4e-75	1	416	00bac0
9951	RF02032	9LEE	F	3	378	258.30	6.4e-75	1	416	00bac0
9952	RF02032	9LHL	A	421	833	318.80	1.1e-92	1	416	00bac0
9953	RF02032	9MEE	D	421	833	318.80	1.1e-92	1	416	00bac0
9954	RF02032	9LMF	D	325	700	258.30	1.2e-74	1	416	00bac0
9955	RF02032	9LHL	C	421	833	318.80	1.1e-92	1	416	00bac0
9956	RF02032	9LEM	B	3	378	258.30	8.1e-75	1	416	00bac0
9957	RF02032	9L0R	I	325	700	258.30	1.2e-74	1	416	00bac0
9958	RF02032	9MEE	E	421	833	318.80	1.1e-92	1	416	00bac0
9959	RF02032	9LHL	G	421	833	318.80	1.1e-92	1	416	00bac0
9960	RF02032	9L0R	H	325	700	258.30	1.2e-74	1	416	00bac0
9961	RF02032	9L0R	A	325	700	258.30	1.2e-74	1	416	00bac0
9962	RF02032	9MEE	I	421	833	318.80	1.1e-92	1	416	00bac0
9963	RF02032	9LEM	H	3	378	258.30	8.1e-75	1	416	00bac0
9964	RF02032	9LEM	G	3	378	258.30	8.1e-75	1	416	00bac0
9965	RF02032	9LHL	M	421	833	318.80	1.1e-92	1	416	00bac0
9966	RF02032	9LEM	D	3	378	258.30	8.1e-75	1	416	00bac0
9967	RF02032	9MEE	L	421	833	318.80	1.1e-92	1	416	00bac0
9968	RF02032	9L0R	G	325	700	258.30	1.2e-74	1	416	00bac0
9969	RF02032	9LEE	I	3	378	258.30	6.4e-75	1	416	00bac0
9970	RF02032	9LEE	J	3	378	258.30	6.4e-75	1	416	00bac0
9971	RF02032	9L0R	J	325	700	258.30	1.2e-74	1	416	00bac0
9972	RF02032	9LEE	G	3	378	258.30	6.4e-75	1	416	00bac0
9973	RF02032	9MEE	M	421	833	318.80	1.1e-92	1	416	00bac0
9974	RF02032	9LEM	C	3	378	258.30	8.1e-75	1	416	00bac0
9975	RF02032	9LEE	H	3	378	258.30	6.4e-75	1	416	00bac0
9976	RF02032	9MEE	F	421	833	318.80	1.1e-92	1	416	00bac0
9977	RF02032	9LEM	F	3	378	258.30	8.1e-75	1	416	00bac0
9978	RF02032	9MEE	A	421	833	318.80	1.1e-92	1	416	00bac0
9979	RF02032	9LHL	B	421	833	318.80	1.1e-92	1	416	00bac0
9980	RF02032	9LHL	N	421	833	318.80	1.1e-92	1	416	00bac0
9981	RF02032	9MEE	J	421	833	318.80	1.1e-92	1	416	00bac0
9982	RF02032	9LHL	F	421	833	318.80	1.1e-92	1	416	00bac0
9983	RF02032	9LHL	I	421	833	318.80	1.1e-92	1	416	00bac0
9984	RF02032	9LHL	E	421	833	318.80	1.1e-92	1	416	00bac0
9985	RF02032	9MEE	N	421	833	318.80	1.1e-92	1	416	00bac0
9986	RF02032	9LMF	C	325	700	258.30	1.2e-74	1	416	00bac0
9987	RF02032	9LMF	J	325	700	258.30	1.2e-74	1	416	00bac0
9988	RF02032	9LHL	D	421	833	318.80	1.1e-92	1	416	00bac0
9989	RF02032	9LMF	B	325	700	258.30	1.2e-74	1	416	00bac0
9990	RF02032	9LEM	J	3	378	258.30	8.1e-75	1	416	00bac0
9991	RF02032	9MEE	G	421	833	318.80	1.1e-92	1	416	00bac0
9992	RF02032	9LMF	A	325	700	258.30	1.2e-74	1	416	00bac0
9993	RF02032	9MEE	H	421	833	318.80	1.1e-92	1	416	00bac0
9994	RF02095	2L3J	B	1	71	96.40	9.9e-24	1	71	00bac0
9995	RF02253	3SN2	B	1	29	32.70	4.3e-06	2	30	00bac0
9996	RF02340	7LYG	A	32	102	62.90	1.3e-13	1	70	00bac0
9997	RF02340	9DTT	B	1	70	76.00	2e-17	1	70	00bac0
9998	RF02340	7UMC	A	3	69	58.70	7.9e-13	1	70	00bac0
9999	RF02340	8GZP	S	2	70	88.30	2.6e-20	1	70	00bac0
10000	RF02340	7LYF	A	31	100	72.90	2.6e-16	1	70	00bac0
10001	RF02340	8GZQ	S	2	70	88.30	2.6e-20	1	70	00bac0
10002	RF02348	8PJ9	C	1	75	75.90	6.7e-14	14	89	00bac0
10003	RF02359	5TC1	R	1729	1764	61.30	1.5e-13	1	36	00bac0
10004	RF02519	4ATO	G	1	34	57.80	3.5e-11	1	34	00bac0
10005	RF02521	8SH5	R	3	87	111.70	1.5e-29	1	85	00bac0
10006	RF02540	1K9M	A	1	2922	2791.00	0	1	2987	00bac0
10007	RF02540	4V4N	A1	1	3049	2908.20	0	1	2987	00bac0
10008	RF02540	1YJN	0	2	2922	2797.30	0	1	2987	00bac0
10009	RF02540	9B0S	l5	1	3506	1176.00	0	130	2987	00bac0
10010	RF02540	3CCR	0	1	2923	2796.70	0	1	2987	00bac0
10011	RF02540	1FFK	0	1	2922	2791.00	0	1	2987	00bac0
10012	RF02540	1YJW	0	2	2922	2797.30	0	1	2987	00bac0
10013	RF02540	3CME	0	1	2923	2800.20	0	1	2987	00bac0
10014	RF02540	1KD1	A	1	2922	2791.00	0	1	2987	00bac0
10015	RF02540	3CC7	0	1	2923	2797.20	0	1	2987	00bac0
10016	RF02540	9B0S	L5	1	3506	1176.00	0	130	2987	00bac0
10017	RF02540	3CCU	0	1	2923	2795.40	0	1	2987	00bac0
10018	RF02540	5DAR	A	1	74	78.90	8.2e-24	1168	1241	00bac0
10019	RF02540	1S72	0	1	2922	2791.00	0	1	2987	00bac0
10020	RF02540	5D6G	0	1	74	78.90	8.2e-24	1168	1241	00bac0
10021	RF02540	3CCV	0	1	2923	2795.50	0	1	2987	00bac0
10022	RF02540	1VQ4	0	1	2922	2791.00	0	1	2987	00bac0
10023	RF02540	3CCS	0	1	2923	2796.40	0	1	2987	00bac0
10024	RF02540	2GO5	9	2	88	65.90	1.4e-19	2885	2973	00bac0
10025	RF02540	8WV1	A	1	2912	1928.10	0	1	2987	00bac0
10026	RF02540	9NRI	BA	1	2896	2920.70	0	1	2987	00bac0
10027	RF02540	1VQ9	0	1	2922	2791.00	0	1	2987	00bac0
10028	RF02540	9B0Q	L5	1	3506	1176.00	0	130	2987	00bac0
10029	RF02540	2OTL	0	1	2922	2791.00	0	1	2987	00bac0
10030	RF02540	9QF5	B1	1	3051	2546.90	0	1	2987	00bac0
10031	RF02540	9QF6	B1	1	3051	2597.70	0	1	2987	00bac0
10032	RF02540	9E6Q	1	1	3022	2701.90	0	1	2987	00bac0
10033	RF02540	1Q81	A	1	2922	2791.00	0	1	2987	00bac0
10034	RF02540	4V4B	B3	12	2999	2698.90	0	16	2975	00bac0
10035	RF02540	1M1K	A	1	2922	2791.00	0	1	2987	00bac0
10036	RF02540	3CCL	0	1	2923	2795.70	0	1	2987	00bac0
10037	RF02540	1VQO	0	1	2922	2791.00	0	1	2987	00bac0
10038	RF02540	1YJ9	0	2	2922	2799.30	0	1	2987	00bac0
10039	RF02540	9OU7	BA	1	2896	2920.70	0	1	2987	00bac0
10040	RF02540	1NJI	A	1	2922	2791.00	0	1	2987	00bac0
10041	RF02540	1Q7Y	A	1	2922	2791.00	0	1	2987	00bac0
10042	RF02540	1VQP	0	1	2922	2791.00	0	1	2987	00bac0
10043	RF02540	3CPW	0	1	2922	2788.50	0	1	2987	00bac0
10044	RF02540	3CMA	0	1	2923	2800.20	0	1	2987	00bac0
10045	RF02540	2QA4	0	1	2922	2791.00	0	1	2987	00bac0
10046	RF02540	8HKU	A23S	6	3016	2887.20	0	16	2974	00bac0
10047	RF02540	8HL1	A23S	6	3016	2887.20	0	16	2974	00bac0
10048	RF02540	3CC4	0	1	2923	2800.20	0	1	2987	00bac0
10049	RF02540	8HL2	A23S	6	3016	2887.20	0	16	2974	00bac0
10050	RF02540	8HL4	A23S	6	3016	2887.20	0	16	2974	00bac0
10051	RF02540	3G6E	0	1	2923	2800.20	0	1	2987	00bac0
10052	RF02540	8HKV	A23S	6	3016	2887.20	0	16	2974	00bac0
10053	RF02540	1M90	A	1	2922	2791.00	0	1	2987	00bac0
10054	RF02540	1VQ7	0	1	2922	2791.00	0	1	2987	00bac0
10055	RF02540	1FG0	A	1	602	626.30	1.3e-197	2125	2724	00bac0
10056	RF02540	1K8A	A	1	2922	2791.00	0	1	2987	00bac0
10057	RF02540	1FFZ	A	1	602	626.30	1.3e-197	2125	2724	00bac0
10058	RF02540	3I55	0	1	2923	2800.20	0	1	2987	00bac0
10059	RF02540	3CCQ	0	1	2923	2798.00	0	1	2987	00bac0
10060	RF02540	4ADX	0	1	2923	2800.20	0	1	2987	00bac0
10061	RF02540	3OW2	0	3	2902	2776.40	0	16	2975	00bac0
10062	RF02540	1YI2	0	2	2922	2797.30	0	1	2987	00bac0
10063	RF02540	1VQ6	0	1	2922	2791.00	0	1	2987	00bac0
10064	RF02540	8HKZ	A23S	6	3016	2887.20	0	16	2974	00bac0
10065	RF02540	2OTJ	0	1	2922	2791.00	0	1	2987	00bac0
10066	RF02540	1QVF	0	1	2922	2791.00	0	1	2987	00bac0
10067	RF02540	1YHQ	0	2	2922	2797.30	0	1	2987	00bac0
10068	RF02540	3CD6	0	1	2923	2795.50	0	1	2987	00bac0
10069	RF02540	1Q86	A	1	2922	2791.00	0	1	2987	00bac0
10070	RF02540	3I56	0	1	2923	2798.20	0	1	2987	00bac0
10071	RF02540	9E7F	1	1	3022	2701.90	0	1	2987	00bac0
10072	RF02540	9B0Q	l5	1	3506	1176.00	0	130	2987	00bac0
10073	RF02540	5D8H	A	1	74	78.90	8.2e-24	1168	1241	00bac0
10074	RF02540	4V9F	0	1	2910	2786.10	0	12	2978	00bac0
10075	RF02540	1YIT	0	2	2922	2799.30	0	1	2987	00bac0
10076	RF02540	3CCJ	0	1	2923	2798.50	0	1	2987	00bac0
10077	RF02540	9E71	1	1	3022	2701.90	0	1	2987	00bac0
10078	RF02540	1VQM	0	1	2922	2791.00	0	1	2987	00bac0
10079	RF02540	4V6U	B1	1	3049	2908.20	0	1	2987	00bac0
10080	RF02540	9O17	BA	1	2896	2920.70	0	1	2987	00bac0
10081	RF02540	1VQK	0	1	2922	2791.00	0	1	2987	00bac0
10082	RF02540	8HL5	A23S	6	3016	2887.20	0	16	2974	00bac0
10083	RF02540	1JJ2	0	1	2922	2791.00	0	1	2987	00bac0
10084	RF02540	1QVG	0	1	2922	2791.00	0	1	2987	00bac0
10085	RF02540	3CCM	0	1	2923	2795.50	0	1	2987	00bac0
10086	RF02540	3G71	0	1	2923	2800.20	0	1	2987	00bac0
10087	RF02540	1W2B	0	1	2922	2791.00	0	1	2987	00bac0
10088	RF02540	1VQ8	0	1	2922	2791.00	0	1	2987	00bac0
10089	RF02540	6SKF	BA	9	3037	2822.70	0	1	2987	00bac0
10090	RF02540	3CCE	0	1	2923	2795.50	0	1	2987	00bac0
10091	RF02540	8HKY	A23S	6	3016	2887.20	0	16	2974	00bac0
10092	RF02540	9NTA	BA	1	2896	2920.70	0	1	2987	00bac0
10093	RF02540	1N8R	A	1	2922	2791.00	0	1	2987	00bac0
10094	RF02540	2QEX	0	1	2772	2624.00	0	1	2987	00bac0
10095	RF02540	8HL3	A23S	6	3016	2887.20	0	16	2974	00bac0
10096	RF02540	1YIJ	0	2	2922	2797.30	0	1	2987	00bac0
10097	RF02540	9QF4	B1	1	3051	2555.90	0	1	2987	00bac0
10098	RF02540	6SKG	BA	9	3037	2961.80	0	1	2987	00bac0
10099	RF02540	5DAR	D	1	74	78.90	8.2e-24	1168	1241	00bac0
10100	RF02540	2J37	Z	1	280	136.70	1.1e-41	1348	1693	00bac0
10101	RF02540	3G4S	0	1	2923	2800.20	0	1	2987	00bac0
10102	RF02540	1Q82	A	1	2922	2791.00	0	1	2987	00bac0
10103	RF02540	1VQ5	0	1	2922	2791.00	0	1	2987	00bac0
10104	RF02540	8WV1	a	1	2912	1928.10	0	1	2987	00bac0
10105	RF02540	3CC2	0	1	2923	2800.20	0	1	2987	00bac0
10106	RF02540	1VQN	0	1	2922	2791.00	0	1	2987	00bac0
10107	RF02540	1K73	A	1	2922	2791.00	0	1	2987	00bac0
10108	RF02540	1KQS	0	1	2922	2791.00	0	1	2987	00bac0
10109	RF02540	9OU7	CA	1	2896	2920.70	0	1	2987	00bac0
10110	RF02540	1KC8	A	1	2922	2791.00	0	1	2987	00bac0
10111	RF02540	6TH6	BA	9	3037	2965.50	0	1	2987	00bac0
10112	RF02540	1VQL	0	1	2922	2791.00	0	1	2987	00bac0
10113	RF02540	3CXC	0	1	2922	2791.00	0	1	2987	00bac0
10114	RF02541	2JQ7	B	1	58	59.40	2.1e-18	1092	1149	00bac0
10115	RF02541	4V5F	BA	1	2913	2721.30	0	1	2925	00bac0
10116	RF02541	4WFB	X	1	2923	2998.90	0	1	2925	00bac0
10117	RF02541	5CZP	YA	1	2912	2711.70	0	1	2925	00bac0
10118	RF02541	5UYK	01	1	2903	2868.70	0	1	2925	00bac0
10119	RF02541	5ZET	A	1	3120	2721.90	0	1	2925	00bac0
10120	RF02541	7A0R	X	1	2877	2752.70	0	1	2925	00bac0
10121	RF02541	7U2H	2A	1	2912	2711.70	0	1	2925	00bac0
10122	RF02541	8VKI	A	1	3120	2721.90	0	1	2925	00bac0
10123	RF02541	9DFC	1A	1	2912	2711.70	0	1	2925	00bac0
10124	RF02541	9H3R	A	1	2903	2865.80	0	1	2925	00bac0
10125	RF02541	5LZE	A	1	2903	2868.60	0	1	2925	00bac0
10126	RF02541	6WNV	4	1	3031	2759.60	0	1	2925	00bac0
10127	RF02541	6XHW	1A	1	2912	2711.70	0	1	2925	00bac0
10128	RF02541	6YSS	A	1	2903	2863.40	0	1	2925	00bac0
10129	RF02541	7CPJ	A	1	2903	2863.40	0	1	2925	00bac0
10130	RF02541	7JQM	1A	1	2912	2711.70	0	1	2925	00bac0
10131	RF02541	7QGR	N	1	2903	2871.00	0	1	2925	00bac0
10132	RF02541	8BH4	0	1	2904	2878.60	0	1	2925	00bac0
10133	RF02541	8FZH	A	1	2904	2876.20	0	1	2925	00bac0
10134	RF02541	8P7X	3	3	2907	2685.90	0	1	2925	00bac0
10135	RF02541	9D89	D	1	2728	2633.30	0	1	2925	00bac0
10136	RF02541	4V6A	DA	1	2912	2711.70	0	1	2925	00bac0
10137	RF02541	5HD1	1A	1	2912	2711.70	0	1	2925	00bac0
10138	RF02541	5JTE	BA	1	2897	2863.10	0	1	2925	00bac0
10139	RF02541	5MRE	A	186	3136	391.70	1e-126	1	2925	00bac0
10140	RF02541	6GSJ	1H	1	2914	2729.80	0	1	2925	00bac0
10141	RF02541	7PIR	3	3	2907	2685.90	0	1	2925	00bac0
10142	RF02541	7Y7D	a	1	2904	2876.20	0	1	2925	00bac0
10143	RF02541	9B0Q	l5	1	3511	965.80	0	159	2925	00bac0
10144	RF02541	9NL5	R1	1	2903	2868.10	0	1	2925	00bac0
10145	RF02541	1MMS	C	1	58	59.40	2.1e-18	1092	1149	00bac0
10146	RF02541	5J4D	B	3	2880	2727.90	0	1	2925	00bac0
10147	RF02541	6OF6	RA	1	2912	2711.70	0	1	2925	00bac0
10148	RF02541	6OM6	1	1	2904	2878.50	0	1	2925	00bac0
10149	RF02541	6OUO	1	1	2903	2868.50	0	1	2925	00bac0
10150	RF02541	6WDC	1	1	2903	2868.70	0	1	2925	00bac0
10151	RF02541	7OI8	A	1	1454	376.90	3.7e-122	426	2925	00bac0
10152	RF02541	7S0S	C	1	3120	2717.00	0	1	2925	00bac0
10153	RF02541	7U2J	2A	1	2912	2711.70	0	1	2925	00bac0
10154	RF02541	8E46	I	1	2904	2876.20	0	1	2925	00bac0
10155	RF02541	4V65	BB	1	2903	2871.00	0	1	2925	00bac0
10156	RF02541	4V9D	DA	1	2903	2871.00	0	1	2925	00bac0
10157	RF02541	6BZ7	YA	1	2912	2711.70	0	1	2925	00bac0
10158	RF02541	7D80	A	1	2903	2871.00	0	1	2925	00bac0
10159	RF02541	8UPR	a	1	2904	2878.50	0	1	2925	00bac0
10160	RF02541	9GFT	N	1	2903	2871.00	0	1	2925	00bac0
10161	RF02541	4V8A	BA	1	2912	2708.70	0	1	2925	00bac0
10162	RF02541	4V8X	BA	3	2848	2596.90	0	1	2925	00bac0
10163	RF02541	7L08	A	1	1454	376.90	3.7e-122	426	2925	00bac0
10164	RF02541	7L20	A	1	1454	376.90	3.7e-122	426	2925	00bac0
10165	RF02541	7UW1	A	8	2900	2882.00	0	1	2925	00bac0
10166	RF02541	8APO	A7	1	534	245.40	4.7e-79	1640	2430	00bac0
10167	RF02541	8K2B	L1	1	1454	376.90	3.7e-122	426	2925	00bac0
10168	RF02541	9GGR	N	1	2903	2871.00	0	1	2925	00bac0
10169	RF02541	2O45	A	1	2878	2759.60	0	1	2925	00bac0
10170	RF02541	6OFX	1	1	2903	2868.70	0	1	2925	00bac0
10171	RF02541	6VYW	a	1	2904	2878.50	0	1	2925	00bac0
10172	RF02541	7UPH	I	1501	4391	2792.80	0	1	2925	00bac0
10173	RF02541	8RCL	71	1	2904	2873.70	0	1	2925	00bac0
10174	RF02541	8YUO	a	1	2904	2876.20	0	1	2925	00bac0
10175	RF02541	5E7K	1H	1	2914	2729.80	0	1	2925	00bac0
10176	RF02541	6O3M	YA	1	2912	2711.70	0	1	2925	00bac0
10177	RF02541	6OGI	1	1	2903	2868.70	0	1	2925	00bac0
10178	RF02541	6QNQ	1H	1	2914	2729.80	0	1	2925	00bac0
10179	RF02541	6SPG	A	1	2888	2895.00	0	1	2925	00bac0
10180	RF02541	7P7U	A	1	2912	2956.40	0	1	2925	00bac0
10181	RF02541	8G2U	B	1	2903	2871.00	0	1	2925	00bac0
10182	RF02541	8YDF	1	1	2904	2876.40	0	1	2925	00bac0
10183	RF02541	9D7R	1A	1	2912	2711.70	0	1	2925	00bac0
10184	RF02541	4V4G	DB	1	2825	2660.20	0	1	2925	00bac0
10185	RF02541	4V6D	DA	1	2903	2871.00	0	1	2925	00bac0
10186	RF02541	4V8X	DA	3	2848	2596.90	0	1	2925	00bac0
10187	RF02541	4V9Q	AA	3	2879	2731.40	0	1	2925	00bac0
10188	RF02541	5FDU	2A	1	2912	2711.70	0	1	2925	00bac0
10189	RF02541	6ERI	AA	1	2810	2437.50	0	1	2818	00bac0
10190	RF02541	6PC6	I	1	2904	2876.20	0	1	2925	00bac0
10191	RF02541	8FC1	1A	1	2912	2711.70	0	1	2925	00bac0
10192	RF02541	9I05	Rc	1	187	57.20	4e-17	2447	2648	00bac0
10193	RF02541	1NWX	0	1	2878	2759.60	0	1	2925	00bac0
10194	RF02541	3U4M	B	1	80	60.30	1.4e-18	2131	2210	00bac0
10195	RF02541	4V74	BA	1	2903	2871.00	0	1	2925	00bac0
10196	RF02541	4V9R	DA	1	2912	2711.70	0	1	2925	00bac0
10197	RF02541	5WIT	1A	1	2912	2711.70	0	1	2925	00bac0
10198	RF02541	6BZ8	RA	1	2912	2711.70	0	1	2925	00bac0
10199	RF02541	6S12	A	1	2905	2967.00	0	1	2925	00bac0
10200	RF02541	6WD6	1	1	2903	2868.70	0	1	2925	00bac0
10201	RF02541	6YWS	A	48	3440	890.80	5.4e-292	1	2925	00bac0
10202	RF02541	7PIC	3	3	2907	2685.90	0	1	2925	00bac0
10203	RF02541	7RQE	1A	1	2912	2711.70	0	1	2925	00bac0
10204	RF02541	8BHL	0	1	2904	2878.60	0	1	2925	00bac0
10205	RF02541	8K2A	L1	1	1454	376.90	3.7e-122	426	2925	00bac0
10206	RF02541	4V6T	BA	1	2903	2871.00	0	1	2925	00bac0
10207	RF02541	4Y4O	1A	1	2912	2711.70	0	1	2925	00bac0
10208	RF02541	5FDU	1A	1	2912	2711.70	0	1	2925	00bac0
10209	RF02541	6GBZ	A	1	2904	2878.60	0	1	2925	00bac0
10210	RF02541	6GZQ	A1	1	2912	2719.00	0	1	2923	00bac0
10211	RF02541	6OST	1	1	2903	2868.50	0	1	2925	00bac0
10212	RF02541	6VWN	2	1	2903	2868.70	0	1	2925	00bac0
10213	RF02541	7NSQ	A	1	2903	2871.00	0	1	2925	00bac0
10214	RF02541	7Y7H	a	1	2904	2876.20	0	1	2925	00bac0
10215	RF02541	7ZTA	23S1	1	2903	2868.60	0	1	2925	00bac0
10216	RF02541	3JCJ	A	1	2904	2878.60	0	1	2925	00bac0
10217	RF02541	4LEL	YA	1	2913	2721.30	0	1	2925	00bac0
10218	RF02541	4W2E	A	1	2912	2711.70	0	1	2925	00bac0
10219	RF02541	4Y4P	1A	1	2912	2711.70	0	1	2925	00bac0
10220	RF02541	6YWY	A	48	3440	890.80	5.4e-292	1	2925	00bac0
10221	RF02541	7ASN	A	1	2742	2734.30	0	1	2925	00bac0
10222	RF02541	7PIQ	3	3	2907	2685.90	0	1	2925	00bac0
10223	RF02541	8OIN	B8	1	1457	363.60	1e-117	126	2925	00bac0
10224	RF02541	8QU1	A	1	1454	376.90	3.7e-122	426	2925	00bac0
10225	RF02541	9AX8	A	1	2903	2787.70	0	1	2925	00bac0
10226	RF02541	9HA7	A	1	2903	2868.10	0	1	2925	00bac0
10227	RF02541	9MTT	2A	1	2912	2711.70	0	1	2925	00bac0
10228	RF02541	9NLQ	R1	1	2903	2868.10	0	1	2925	00bac0
10229	RF02541	1NKW	0	1	2878	2759.60	0	1	2925	00bac0
10230	RF02541	4V69	BB	1	2903	2871.00	0	1	2925	00bac0
10231	RF02541	4WCE	X	1	2923	2998.90	0	1	2925	00bac0
10232	RF02541	5H5U	A	1	2903	2868.20	0	1	2925	00bac0
10233	RF02541	6OG7	1	1	2903	2868.70	0	1	2925	00bac0
10234	RF02541	6SZS	A	1	2903	2871.00	0	1	2925	00bac0
10235	RF02541	7A5J	A	1	1454	376.90	3.7e-122	426	2925	00bac0
10236	RF02541	8CEU	a	1	2904	2876.20	0	1	2925	00bac0
10237	RF02541	8CGJ	a	1	2904	2876.20	0	1	2925	00bac0
10238	RF02541	8RWG	A	1	2890	2902.50	0	1	2925	00bac0
10239	RF02541	9HA1	A	1	2904	2874.50	0	1	2925	00bac0
10240	RF02541	1VY4	BA	1	2912	2711.70	0	1	2925	00bac0
10241	RF02541	4IOA	X	1	2878	2759.60	0	1	2925	00bac0
10242	RF02541	4P70	YA	1	2913	2721.30	0	1	2925	00bac0
10243	RF02541	4V9A	BA	1	2912	2719.00	0	1	2923	00bac0
10244	RF02541	5MYJ	BA	2	2896	2877.70	0	1	2925	00bac0
10245	RF02541	6C4I	A	1	2904	2876.10	0	1	2925	00bac0
10246	RF02541	6CAE	2A	1	2912	2711.70	0	1	2925	00bac0
10247	RF02541	6N9F	1A	1	2912	2711.70	0	1	2925	00bac0
10248	RF02541	6VYZ	a	1	2904	2878.50	0	1	2925	00bac0
10249	RF02541	7NSO	A	1	2903	2871.00	0	1	2925	00bac0
10250	RF02541	1QA6	C	1	58	58.30	4.7e-18	1092	1149	00bac0
10251	RF02541	3J7Z	A	1	2903	2871.00	0	1	2925	00bac0
10252	RF02541	4V8B	BA	1	2912	2719.00	0	1	2923	00bac0
10253	RF02541	4V8Y	CN	1	87	64.10	9e-20	2127	2213	00bac0
10254	RF02541	4WT1	14	1	2914	2729.80	0	1	2925	00bac0
10255	RF02541	6ORD	RA	1	2912	2711.70	0	1	2925	00bac0
10256	RF02541	6XQD	2A	1	2912	2711.70	0	1	2925	00bac0
10257	RF02541	6YDP	AA	1176	2737	407.10	4.1e-131	1	2925	00bac0
10258	RF02541	7OF4	A	1	1454	376.90	3.7e-122	426	2925	00bac0
10259	RF02541	8RPY	A	1	2903	2865.80	0	1	2925	00bac0
10260	RF02541	9D7R	2A	1	2912	2711.70	0	1	2925	00bac0
10261	RF02541	9NL6	R1	1	2903	2868.10	0	1	2925	00bac0
10262	RF02541	4V9I	DA	1	2913	2717.00	0	1	2925	00bac0
10263	RF02541	4WRA	14	1	2916	2722.60	0	1	2925	00bac0
10264	RF02541	5F8K	1A	1	2912	2711.70	0	1	2925	00bac0
10265	RF02541	5JU8	BA	1	2903	2871.00	0	1	2925	00bac0
10266	RF02541	6B4V	B	3	2880	2727.90	0	1	2925	00bac0
10267	RF02541	6SJ6	A	1	2923	3005.50	0	1	2925	00bac0
10268	RF02541	8C9A	A	1	2904	2878.60	0	1	2925	00bac0
10269	RF02541	8G7P	A	1	2904	2876.20	0	1	2925	00bac0
10270	RF02541	8UD6	2A	1	2912	2711.70	0	1	2925	00bac0
10271	RF02541	8VTY	2A	1	2912	2711.70	0	1	2925	00bac0
10272	RF02541	9AX7	a	1	2904	2876.20	0	1	2925	00bac0
10273	RF02541	6ZSE	XA	1	1454	376.90	3.7e-122	426	2925	00bac0
10274	RF02541	7MSH	A	1	3138	2756.00	0	1	2925	00bac0
10275	RF02541	7P3K	a	1	2753	2675.20	0	1	2925	00bac0
10276	RF02541	8C98	A	1	2904	2878.60	0	1	2925	00bac0
10277	RF02541	8URY	a	1	2904	2878.50	0	1	2925	00bac0
10278	RF02541	5JC9	DA	1	2904	2876.20	0	1	2925	00bac0
10279	RF02541	5NRG	X	1	2923	2998.90	0	1	2925	00bac0
10280	RF02541	7ZP8	b	1	2904	2863.70	0	1	2925	00bac0
10281	RF02541	1MVR	D	1	59	53.30	2.2e-16	2474	2532	00bac0
10282	RF02541	2ZJR	X	1	2878	2759.60	0	1	2925	00bac0
10283	RF02541	3PIO	X	1	2878	2759.60	0	1	2925	00bac0
10284	RF02541	4V7Z	DA	1	2784	2582.50	0	1	2925	00bac0
10285	RF02541	4V9N	BA	3	2879	2731.40	0	1	2925	00bac0
10286	RF02541	5IBB	1H	1	2914	2729.80	0	1	2925	00bac0
10287	RF02541	6O97	2A	1	2912	2711.70	0	1	2925	00bac0
10288	RF02541	7JIL	1	1	2862	2754.40	0	1	2911	00bac0
10289	RF02541	7M4Y	A	8	2900	2882.00	0	1	2925	00bac0
10290	RF02541	7RQA	1A	1	2912	2711.70	0	1	2925	00bac0
10291	RF02541	8A22	A7	1	576	229.00	1.4e-73	1640	2430	00bac0
10292	RF02541	4V9C	BA	1	2904	2878.60	0	1	2925	00bac0
10293	RF02541	4WZO	1H	1	2914	2729.80	0	1	2925	00bac0
10294	RF02541	6GSK	14	1	2914	2729.80	0	1	2925	00bac0
10295	RF02541	6OSQ	1	1	2903	2868.50	0	1	2925	00bac0
10296	RF02541	6OXI	YA	1	2912	2711.70	0	1	2925	00bac0
10297	RF02541	6XIJ	a	1	2904	2878.50	0	1	2925	00bac0
10298	RF02541	7MSC	A	1	3138	2756.00	0	1	2925	00bac0
10299	RF02541	7PAR	3	3	2907	2685.90	0	1	2925	00bac0
10300	RF02541	9O3L	1A	1	2912	2711.70	0	1	2925	00bac0
10301	RF02541	4WPO	CA	1	2912	2711.70	0	1	2925	00bac0
10302	RF02541	6BZ7	RA	1	2912	2711.70	0	1	2925	00bac0
10303	RF02541	6VMI	A	1	1454	376.90	3.7e-122	426	2925	00bac0
10304	RF02541	7LV0	1	1	2903	2868.70	0	1	2925	00bac0
10305	RF02541	7PI9	3	3	2907	2685.90	0	1	2925	00bac0
10306	RF02541	1VY6	DA	1	2912	2711.70	0	1	2925	00bac0
10307	RF02541	4P6F	RA	1	2912	2711.70	0	1	2925	00bac0
10308	RF02541	4V7M	DA	1	2912	2711.70	0	1	2925	00bac0
10309	RF02541	4W2I	BA	1	2912	2711.70	0	1	2925	00bac0
10310	RF02541	4WZO	14	1	2914	2729.80	0	1	2925	00bac0
10311	RF02541	4Y4O	2A	1	2912	2711.70	0	1	2925	00bac0
10312	RF02541	5XYM	A	1	3127	2735.30	0	1	2925	00bac0
10313	RF02541	7PIB	3	3	2907	2685.90	0	1	2925	00bac0
10314	RF02541	7U2J	1A	1	2912	2711.70	0	1	2925	00bac0
10315	RF02541	7ZOD	b	1	2904	2863.70	0	1	2925	00bac0
10316	RF02541	1K01	A	1	2878	2759.60	0	1	2925	00bac0
10317	RF02541	4V49	B0	1	2885	2741.80	0	1	2925	00bac0
10318	RF02541	4V83	DA	3	2879	2731.30	0	1	2925	00bac0
10319	RF02541	4V8U	BA	1	2913	2721.30	0	1	2925	00bac0
10320	RF02541	4V90	BA	1	2913	2714.00	0	1	2925	00bac0
10321	RF02541	5UYL	01	1	2903	2868.70	0	1	2925	00bac0
10322	RF02541	6CZR	1A	1	2913	2721.30	0	1	2925	00bac0
10323	RF02541	6QNR	14	1	2914	2729.80	0	1	2925	00bac0
10324	RF02541	6Y69	A	1	2903	2859.70	0	1	2925	00bac0
10325	RF02541	8A63	A	1	2931	2956.30	0	1	2925	00bac0
10326	RF02541	8XT1	L1	1	1454	376.90	3.7e-122	426	2925	00bac0
10327	RF02541	9H3X	A	1	2903	2871.00	0	1	2925	00bac0
10328	RF02541	4U24	BA	1	2903	2871.00	0	1	2925	00bac0
10329	RF02541	4V8A	AA	1	2912	2708.70	0	1	2925	00bac0
10330	RF02541	5DM6	X	2	2879	2759.60	0	1	2925	00bac0
10331	RF02541	5J91	DA	1	2904	2876.20	0	1	2925	00bac0
10332	RF02541	6OGG	1	1	2903	2868.70	0	1	2925	00bac0
10333	RF02541	6S0Z	A	1	2905	2967.00	0	1	2925	00bac0
10334	RF02541	6WDK	1	1	2903	2868.70	0	1	2925	00bac0
10335	RF02541	7QI4	A	1	1451	377.90	1.7e-122	426	2925	00bac0
10336	RF02541	8G29	1A	1	2912	2709.10	0	1	2925	00bac0
10337	RF02541	8R3V	71	1	2904	2873.70	0	1	2925	00bac0
10338	RF02541	4V9K	DA	3	2879	2731.30	0	1	2925	00bac0
10339	RF02541	5CZP	RA	1	2912	2711.70	0	1	2925	00bac0
10340	RF02541	5DM7	X	2	2879	2759.60	0	1	2925	00bac0
10341	RF02541	5FDV	2A	1	2912	2711.70	0	1	2925	00bac0
10342	RF02541	5JVG	X	1	2877	2751.50	0	1	2925	00bac0
10343	RF02541	6GC6	A	1	2904	2878.60	0	1	2925	00bac0
10344	RF02541	6WD4	1	1	2903	2868.70	0	1	2925	00bac0
10345	RF02541	6ZSG	XA	1	1454	376.90	3.7e-122	426	2925	00bac0
10346	RF02541	7PKT	3	1	184	114.50	3.6e-36	702	897	00bac0
10347	RF02541	7QH7	A	1	1256	225.90	3.2e-72	538	2852	00bac0
10348	RF02541	8FZF	A	1	2904	2876.20	0	1	2925	00bac0
10349	RF02541	8V9K	A	1	3127	2735.30	0	1	2925	00bac0
10350	RF02541	9HCD	A	1	1471	373.20	6.6e-121	161	2925	00bac0
10351	RF02541	4V6M	B8	1	2904	2878.60	0	1	2925	00bac0
10352	RF02541	6GC7	A	1	2904	2878.60	0	1	2925	00bac0
10353	RF02541	6PRV	B	1	58	60.10	1.2e-18	1092	1149	00bac0
10354	RF02541	6VYY	a	1	2904	2878.50	0	1	2925	00bac0
10355	RF02541	7JT3	1	1	2903	2868.70	0	1	2925	00bac0
10356	RF02541	7QGH	N	1	2903	2871.00	0	1	2925	00bac0
10357	RF02541	7RQ8	1A	1	2912	2711.70	0	1	2925	00bac0
10358	RF02541	8T5D	B	1	2903	2871.00	0	1	2925	00bac0
10359	RF02541	9D0J	1A	1	2912	2711.70	0	1	2925	00bac0
10360	RF02541	9G6K	lM	1	194	75.20	4e-23	2447	2645	00bac0
10361	RF02541	3JA1	LA	1	2904	2868.70	0	1	2925	00bac0
10362	RF02541	4V5D	DA	1	2819	2633.70	0	1	2925	00bac0
10363	RF02541	4V9P	EA	1	2904	2878.60	0	1	2925	00bac0
10364	RF02541	6WD1	1	1	2903	2868.70	0	1	2925	00bac0
10365	RF02541	6X6T	a	1	2904	2878.50	0	1	2925	00bac0
10366	RF02541	7A5I	A3	1	1454	376.90	3.7e-122	426	2925	00bac0
10367	RF02541	7OIF	1	1	2903	2868.50	0	1	2925	00bac0
10368	RF02541	7TTW	1	1	2923	3006.00	0	1	2925	00bac0
10369	RF02541	8C95	A	1	2904	2878.60	0	1	2925	00bac0
10370	RF02541	8EV6	2A	1	2912	2711.70	0	1	2925	00bac0
10371	RF02541	8FC5	1A	1	2912	2711.70	0	1	2925	00bac0
10372	RF02541	8VTV	1A	1	2912	2711.70	0	1	2925	00bac0
10373	RF02541	4V54	BB	1	2904	2878.60	0	1	2925	00bac0
10374	RF02541	5NDJ	1H	1	2914	2729.80	0	1	2925	00bac0
10375	RF02541	5UQ7	A	1	2912	2711.70	0	1	2925	00bac0
10376	RF02541	6VU3	a	1	2904	2878.50	0	1	2925	00bac0
10377	RF02541	7ASP	Y	1	2923	2998.90	0	1	2925	00bac0
10378	RF02541	7ODR	A	1	1454	376.90	3.8e-122	426	2925	00bac0
10379	RF02541	7OII	1	1	2903	2868.50	0	1	2925	00bac0
10380	RF02541	7PJX	A	1	2903	2863.30	0	1	2925	00bac0
10381	RF02541	8PHJ	a	1	2904	2876.20	0	1	2925	00bac0
10382	RF02541	8VTX	1A	1	2912	2711.70	0	1	2925	00bac0
10383	RF02541	9B1X	Y	1	3120	2721.90	0	1	2925	00bac0
10384	RF02541	9GHA	a	10	2913	2876.20	0	1	2925	00bac0
10385	RF02541	9NLS	R1	1	2903	2868.10	0	1	2925	00bac0
10386	RF02541	9Q87	a	1	2907	2853.10	0	1	2925	00bac0
10387	RF02541	1NJN	0	1	2878	2759.60	0	1	2925	00bac0
10388	RF02541	1Y69	0	1	2878	2759.60	0	1	2925	00bac0
10389	RF02541	4ZSN	RA	1	2913	2721.30	0	1	2925	00bac0
10390	RF02541	6O3M	RA	1	2912	2711.70	0	1	2925	00bac0
10391	RF02541	6WDJ	1	1	2903	2868.70	0	1	2925	00bac0
10392	RF02541	7K50	1	1	2903	2868.70	0	1	2925	00bac0
10393	RF02541	8P7Y	3	3	2907	2685.90	0	1	2925	00bac0
10394	RF02541	8UQM	a	1	2904	2878.50	0	1	2925	00bac0
10395	RF02541	9H1K	C	1	59	63.50	9.6e-20	2539	2597	00bac0
10396	RF02541	3UMY	B	1	80	60.30	1.4e-18	2131	2210	00bac0
10397	RF02541	5J4C	1A	1	2912	2711.70	0	1	2925	00bac0
10398	RF02541	5V93	A	1	3138	2756.00	0	1	2925	00bac0
10399	RF02541	6ZTP	BA	1	2904	2875.60	0	1	2925	00bac0
10400	RF02541	7PJT	A	1	2903	2863.30	0	1	2925	00bac0
10401	RF02541	7SSW	1	1	2903	2868.70	0	1	2925	00bac0
10402	RF02541	8CVL	1A	1	2912	2711.70	0	1	2925	00bac0
10403	RF02541	8UXA	A	186	3136	378.80	1.9e-122	1	2925	00bac0
10404	RF02541	1ZN1	B	1	59	67.90	3.4e-21	1932	1990	00bac0
10405	RF02541	5DOY	1A	1	2912	2711.70	0	1	2925	00bac0
10406	RF02541	5O2R	A	1	2903	2865.80	0	1	2925	00bac0
10407	RF02541	5W4K	2A	1	2912	2711.70	0	1	2925	00bac0
10408	RF02541	6XHX	1A	1	2912	2711.70	0	1	2925	00bac0
10409	RF02541	7P7S	A	1	2912	2956.40	0	1	2925	00bac0
10410	RF02541	8A22	A8	1	350	170.80	1.6e-54	2439	2767	00bac0
10411	RF02541	8VSA	23S	1	2903	2868.70	0	1	2925	00bac0
10412	RF02541	9HA5	A	1	2903	2865.80	0	1	2925	00bac0
10413	RF02541	5W4K	1A	1	2912	2711.70	0	1	2925	00bac0
10414	RF02541	6CFL	1A	1	2912	2711.70	0	1	2925	00bac0
10415	RF02541	6V39	AN1	8	2900	2883.50	0	1	2925	00bac0
10416	RF02541	6VWM	2	1	2903	2868.70	0	1	2925	00bac0
10417	RF02541	7ASO	Y	1	2720	2687.20	0	1	2925	00bac0
10418	RF02541	7LH5	BA	1	2836	2679.40	0	1	2925	00bac0
10419	RF02541	7OF5	A	1	1454	376.90	3.7e-122	426	2925	00bac0
10420	RF02541	9D0G	2A	1	2912	2711.70	0	1	2925	00bac0
10421	RF02541	9GXX	a	1	2904	2876.20	0	1	2925	00bac0
10422	RF02541	9H3O	A	1	2904	2874.50	0	1	2925	00bac0
10423	RF02541	1J5A	A	1	2878	2759.60	0	1	2925	00bac0
10424	RF02541	3JQ4	A	1	2878	2759.60	0	1	2925	00bac0
10425	RF02541	4V87	AA	1	2912	2719.00	0	1	2923	00bac0
10426	RF02541	4V8O	BA	1	2913	2716.00	0	1	2925	00bac0
10427	RF02541	4V8U	DA	1	2913	2721.30	0	1	2925	00bac0
10428	RF02541	5J7L	DA	1	2904	2876.20	0	1	2925	00bac0
10429	RF02541	6WDI	1	1	2903	2868.70	0	1	2925	00bac0
10430	RF02541	6XQE	2A	1	2912	2711.70	0	1	2925	00bac0
10431	RF02541	6YST	A	1	2903	2863.40	0	1	2925	00bac0
10432	RF02541	7O5B	X	1	2887	2998.80	0	1	2925	00bac0
10433	RF02541	7QI6	A	1	1454	376.90	3.7e-122	426	2925	00bac0
10434	RF02541	8FTO	a	1	2937	2866.30	0	1	2925	00bac0
10435	RF02541	8VOP	a	1	2904	2878.50	0	1	2925	00bac0
10436	RF02541	9UWH	A	1	1454	376.90	3.7e-122	426	2925	00bac0
10437	RF02541	4V7L	DA	1	2912	2711.70	0	1	2925	00bac0
10438	RF02541	4V8E	CA	1	2912	2719.00	0	1	2923	00bac0
10439	RF02541	4V9L	BA	3	2879	2731.30	0	1	2925	00bac0
10440	RF02541	6ND6	1A	1	2912	2711.70	0	1	2925	00bac0
10441	RF02541	6X9Q	a	1	2904	2878.50	0	1	2925	00bac0
10442	RF02541	7A5K	8	1	1454	376.90	3.7e-122	426	2925	00bac0
10443	RF02541	7N2C	23	1	2904	2876.20	0	1	2925	00bac0
10444	RF02541	8AKN	a	1	2903	2870.70	0	1	2925	00bac0
10445	RF02541	8EIU	a	1	2904	2870.90	0	1	2925	00bac0
10446	RF02541	8EKC	A	1	2904	2876.20	0	1	2925	00bac0
10447	RF02541	8OIT	B8	1	1454	376.90	3.7e-122	426	2925	00bac0
10448	RF02541	4W2H	DA	1	2912	2711.70	0	1	2925	00bac0
10449	RF02541	4WQR	14	1	2914	2729.80	0	1	2925	00bac0
10450	RF02541	4WSD	14	1	2914	2729.80	0	1	2925	00bac0
10451	RF02541	6PCH	I	1	2904	2876.20	0	1	2925	00bac0
10452	RF02541	7F0D	A	1	3138	2756.00	0	1	2925	00bac0
10453	RF02541	8G2A	2A	1	2912	2709.10	0	1	2925	00bac0
10454	RF02541	8UU8	A	1	2932	2960.80	0	1	2925	00bac0
10455	RF02541	9RTU	A	1	2903	2863.30	0	1	2925	00bac0
10456	RF02541	1QA6	D	1	58	58.30	4.7e-18	1092	1149	00bac0
10457	RF02541	4TUB	YA	1	2912	2711.70	0	1	2925	00bac0
10458	RF02541	4TUE	RA	1	2912	2711.70	0	1	2925	00bac0
10459	RF02541	4WFN	X	1	2878	2759.60	0	1	2925	00bac0
10460	RF02541	6C5L	DA	1	2913	2721.30	0	1	2925	00bac0
10461	RF02541	6S0X	A	1	2905	2967.00	0	1	2925	00bac0
10462	RF02541	6VZ5	a	1	2904	2878.50	0	1	2925	00bac0
10463	RF02541	6XHW	2A	1	2912	2711.70	0	1	2925	00bac0
10464	RF02541	6XZ7	A	1	2897	2860.70	0	1	2925	00bac0
10465	RF02541	7QG8	N	1	2903	2871.00	0	1	2925	00bac0
10466	RF02541	8FIZ	BA	1	2904	2878.60	0	1	2925	00bac0
10467	RF02541	9B24	Y	1	3120	2721.90	0	1	2925	00bac0
10468	RF02541	9MKK	a	1	2904	2878.60	0	1	2925	00bac0
10469	RF02541	4V4G	JB	1	2825	2660.20	0	1	2925	00bac0
10470	RF02541	4V70	BA	1	2903	2871.00	0	1	2925	00bac0
10471	RF02541	4V9N	DA	3	2879	2731.40	0	1	2925	00bac0
10472	RF02541	5J5B	CA	1	2904	2876.20	0	1	2925	00bac0
10473	RF02541	5J8B	A	1	2912	2711.70	0	1	2925	00bac0
10474	RF02541	7PHB	3	3	2907	2685.90	0	1	2925	00bac0
10475	RF02541	8CGU	a	1	2904	2876.20	0	1	2925	00bac0
10476	RF02541	8E33	I	1	2904	2876.20	0	1	2925	00bac0
10477	RF02541	8E43	I	1	2904	2876.20	0	1	2925	00bac0
10478	RF02541	8G7R	A	1	2904	2876.20	0	1	2925	00bac0
10479	RF02541	8YDJ	1	1	2904	2876.40	0	1	2925	00bac0
10480	RF02541	9H3N	A	1	2904	2874.50	0	1	2925	00bac0
10481	RF02541	3J8G	B	1	2903	2871.00	0	1	2925	00bac0
10482	RF02541	6OJ2	RA	1	2912	2711.70	0	1	2925	00bac0
10483	RF02541	6WD8	1	1	2903	2868.70	0	1	2925	00bac0
10484	RF02541	7M4X	A	8	2900	2882.00	0	1	2925	00bac0
10485	RF02541	7MSM	A	1	3138	2756.00	0	1	2925	00bac0
10486	RF02541	8RCS	71	1	2904	2873.70	0	1	2925	00bac0
10487	RF02541	9D0I	2A	1	2912	2711.70	0	1	2925	00bac0
10488	RF02541	9NL7	R1	1	2903	2868.10	0	1	2925	00bac0
10489	RF02541	3DG4	B	1	2904	2878.60	0	1	2925	00bac0
10490	RF02541	4V54	DB	1	2904	2878.60	0	1	2925	00bac0
10491	RF02541	5NJT	U	1	2923	3010.70	0	1	2925	00bac0
10492	RF02541	6CAE	1A	1	2912	2711.70	0	1	2925	00bac0
10493	RF02541	6DZI	A	1	3119	2721.40	0	1	2925	00bac0
10494	RF02541	6ENF	A	1	2903	2859.70	0	1	2925	00bac0
10495	RF02541	6HMA	A	1	2923	3005.50	0	1	2925	00bac0
10496	RF02541	7OT5	1	1	2903	2868.50	0	1	2925	00bac0
10497	RF02541	8E44	I	1	2904	2876.20	0	1	2925	00bac0
10498	RF02541	8VV4	1	1	2903	2860.30	0	1	2925	00bac0
10499	RF02541	9I5X	A	1	2889	2619.10	0	12	2925	00bac0
10500	RF02541	6QUL	A	1	2795	2746.80	0	1	2925	00bac0
10501	RF02541	8R6C	a	1	2903	2869.20	0	1	2925	00bac0
10502	RF02541	8UXB	1	1	2904	2873.40	0	1	2925	00bac0
10503	RF02541	4V7S	DA	1	2903	2871.00	0	1	2925	00bac0
10504	RF02541	4V8F	AA	1	2912	2719.00	0	1	2923	00bac0
10505	RF02541	4V95	DA	1	2912	2711.70	0	1	2925	00bac0
10506	RF02541	4YPB	RA	1	2913	2721.30	0	1	2925	00bac0
10507	RF02541	5AA0	AA	1	2889	2739.50	0	1	2923	00bac0
10508	RF02541	5E81	1H	1	2914	2729.80	0	1	2925	00bac0
10509	RF02541	6UO1	2A	1	2912	2711.70	0	1	2925	00bac0
10510	RF02541	7PAJ	3	3	2907	2685.90	0	1	2925	00bac0
10511	RF02541	7ZQ6	b	1	2904	2863.70	0	1	2925	00bac0
10512	RF02541	8A5I	A	1	2931	2956.30	0	1	2925	00bac0
10513	RF02541	9QEH	A	1	2923	3005.40	0	1	2925	00bac0
10514	RF02541	4YBB	DA	1	2903	2868.60	0	1	2925	00bac0
10515	RF02541	6PCS	I	1	2904	2876.20	0	1	2925	00bac0
10516	RF02541	7JSS	1	1	2903	2868.70	0	1	2925	00bac0
10517	RF02541	7SA4	1	1	2903	2868.50	0	1	2925	00bac0
10518	RF02541	8EMM	a	1	2904	2876.20	0	1	2925	00bac0
10519	RF02541	8RPZ	A	1	2903	2865.80	0	1	2925	00bac0
10520	RF02541	8VKW	A	1	3120	2721.90	0	1	2925	00bac0
10521	RF02541	8ZTV	a	1	2904	2876.20	0	1	2925	00bac0
10522	RF02541	9NLB	R1	1	2903	2868.10	0	1	2925	00bac0
10523	RF02541	9NLH	R1	1	2903	2868.10	0	1	2925	00bac0
10524	RF02541	2AAR	0	1	2878	2759.60	0	1	2925	00bac0
10525	RF02541	4V4A	B0	1	2885	2741.80	0	1	2925	00bac0
10526	RF02541	4V6V	BA	1	2904	2876.20	0	1	2925	00bac0
10527	RF02541	5EL6	1H	1	2912	2719.00	0	1	2923	00bac0
10528	RF02541	5IBB	14	1	2914	2729.80	0	1	2925	00bac0
10529	RF02541	5J30	RA	1	2912	2711.70	0	1	2925	00bac0
10530	RF02541	7OOD	3	3	2907	2685.90	0	1	2925	00bac0
10531	RF02541	7U2H	1A	1	2912	2711.70	0	1	2925	00bac0
10532	RF02541	7XAM	A	1	3120	2721.90	0	1	2925	00bac0
10533	RF02541	8UU9	A	1	2932	2960.80	0	1	2925	00bac0
10534	RF02541	8Y38	A	1	2921	2993.40	0	1	2925	00bac0
10535	RF02541	9BSS	A	1	2927	3020.20	0	1	2925	00bac0
10536	RF02541	4U26	DA	1	2903	2871.00	0	1	2925	00bac0
10537	RF02541	5HL7	X	1	2923	2998.90	0	1	2925	00bac0
10538	RF02541	5VP2	1A	1	2912	2711.70	0	1	2925	00bac0
10539	RF02541	8RCT	71	1	2904	2873.70	0	1	2925	00bac0
10540	RF02541	8UZ3	1	1	2904	2876.40	0	1	2925	00bac0
10541	RF02541	8WV1	a	1	2912	2711.70	0	1	2925	00bac0
10542	RF02541	9MTP	1A	1	2912	2711.70	0	1	2925	00bac0
10543	RF02541	4V68	BA	3	2852	2685.70	0	1	2925	00bac0
10544	RF02541	4V6O	BB	1	2904	2876.20	0	1	2925	00bac0
10545	RF02541	4V6Y	BA	1	2903	2871.00	0	1	2925	00bac0
10546	RF02541	4V8I	BA	1	2912	2711.70	0	1	2925	00bac0
10547	RF02541	4WQY	CA	1	2912	2711.70	0	1	2925	00bac0
10548	RF02541	6OXI	RA	1	2912	2711.70	0	1	2925	00bac0
10549	RF02541	6PPF	A	1	2927	3021.80	0	1	2925	00bac0
10550	RF02541	7ACJ	1	1	2903	2868.50	0	1	2925	00bac0
10551	RF02541	7OIZ	a	1	2753	2675.20	0	1	2925	00bac0
10552	RF02541	7YLA	I	1	2904	2878.60	0	1	2925	00bac0
10553	RF02541	8C90	A	1	2904	2878.60	0	1	2925	00bac0
10554	RF02541	8IFB	a	1	2904	2876.20	0	1	2925	00bac0
10555	RF02541	8VTW	1A	1	2912	2711.70	0	1	2925	00bac0
10556	RF02541	9N2C	23	1	2904	2876.20	0	1	2925	00bac0
10557	RF02541	3DLL	X	1	2878	2759.60	0	1	2925	00bac0
10558	RF02541	4V61	BA	1	2810	2438.00	0	1	2818	00bac0
10559	RF02541	5ND8	A	1	2918	2987.60	0	1	2925	00bac0
10560	RF02541	6NUO	YA	1	2912	2711.70	0	1	2925	00bac0
10561	RF02541	6O8Z	A	1	2909	2943.20	0	1	2925	00bac0
10562	RF02541	6SPB	A	1	2888	2895.00	0	1	2925	00bac0
10563	RF02541	7JT2	1	1	2903	2868.70	0	1	2925	00bac0
10564	RF02541	7ODE	I	1	2904	2876.20	0	1	2925	00bac0
10565	RF02541	7RQ9	1A	1	2912	2711.70	0	1	2925	00bac0
10566	RF02541	8EV7	2A	1	2912	2711.70	0	1	2925	00bac0
10567	RF02541	9GR1	a	1	2908	2860.90	0	1	2925	00bac0
10568	RF02541	9H3K	A	1	2904	2874.50	0	1	2925	00bac0
10569	RF02541	4V7X	DA	1	2784	2582.50	0	1	2925	00bac0
10570	RF02541	5MGP	A	1	2903	2859.70	0	1	2925	00bac0
10571	RF02541	6V3B	AN1	8	2900	2883.50	0	1	2925	00bac0
10572	RF02541	6XHV	2A	1	2912	2711.70	0	1	2925	00bac0
10573	RF02541	7A5H	A	1	1454	376.90	3.7e-122	426	2925	00bac0
10574	RF02541	7NHL	A	1	2923	3003.00	0	1	2925	00bac0
10575	RF02541	7RQB	2A	1	2912	2711.70	0	1	2925	00bac0
10576	RF02541	8R3V	72	1	2904	2873.70	0	1	2925	00bac0
10577	RF02541	8UD7	2A	1	2912	2711.70	0	1	2925	00bac0
10578	RF02541	8VTW	2A	1	2912	2711.70	0	1	2925	00bac0
10579	RF02541	1ML5	a	1	2914	2708.10	0	1	2925	00bac0
10580	RF02541	4V63	BA	1	2891	2757.50	0	1	2925	00bac0
10581	RF02541	5MRF	A	186	3136	391.70	1e-126	1	2925	00bac0
10582	RF02541	6FXC	BA	1	2923	3005.80	0	1	2925	00bac0
10583	RF02541	6O97	1A	1	2912	2711.70	0	1	2925	00bac0
10584	RF02541	7M4Z	A	8	2900	2882.00	0	1	2925	00bac0
10585	RF02541	7P7T	A	1	2912	2956.40	0	1	2925	00bac0
10586	RF02541	8UVS	1A	1	2912	2711.70	0	1	2925	00bac0
10587	RF02541	4IOC	X	1	2878	2759.60	0	1	2925	00bac0
10588	RF02541	4WPO	AA	1	2912	2711.70	0	1	2925	00bac0
10589	RF02541	5E7K	14	1	2914	2729.80	0	1	2925	00bac0
10590	RF02541	5OOM	A	1	1454	376.90	3.7e-122	426	2925	00bac0
10591	RF02541	6BZ8	YA	1	2912	2711.70	0	1	2925	00bac0
10592	RF02541	6YSU	A	1	2903	2863.40	0	1	2925	00bac0
10593	RF02541	7OIA	A	1	1454	376.90	3.7e-122	426	2925	00bac0
10594	RF02541	7PKT	7	1	578	333.40	3.6e-108	1640	2431	00bac0
10595	RF02541	7RQB	1A	1	2912	2711.70	0	1	2925	00bac0
10596	RF02541	7RQD	2A	1	2912	2711.70	0	1	2925	00bac0
10597	RF02541	8FC4	1A	1	2912	2711.70	0	1	2925	00bac0
10598	RF02541	8FR8	A	1	3119	2721.40	0	1	2925	00bac0
10599	RF02541	8QSJ	A	1	1453	375.70	1e-121	426	2925	00bac0
10600	RF02541	8VOS	a	1	2904	2878.50	0	1	2925	00bac0
10601	RF02541	9E9C	A	1	1471	373.20	6.6e-121	161	2925	00bac0
10602	RF02541	4TUB	RA	1	2912	2711.70	0	1	2925	00bac0
10603	RF02541	4V5G	BA	1	2913	2721.30	0	1	2925	00bac0
10604	RF02541	4V6K	AB	1	2904	2876.20	0	1	2925	00bac0
10605	RF02541	4V8I	DA	1	2912	2711.70	0	1	2925	00bac0
10606	RF02541	5U4I	A	1	2904	2878.50	0	1	2925	00bac0
10607	RF02541	5WE6	A	1	2903	2861.90	0	1	2925	00bac0
10608	RF02541	6YWX	A	48	3440	890.80	5.4e-292	1	2925	00bac0
10609	RF02541	7AZS	23SB	1	2911	2716.40	0	1	2925	00bac0
10610	RF02541	7Y7G	a	1	2904	2876.20	0	1	2925	00bac0
10611	RF02541	8E48	I	1	2904	2876.20	0	1	2925	00bac0
10612	RF02541	8HU1	a	1	2904	2876.20	0	1	2925	00bac0
10613	RF02541	8UD8	1A	1	2912	2709.10	0	1	2925	00bac0
10614	RF02541	9NO7	A	1	2912	2711.70	0	1	2925	00bac0
10615	RF02541	4V4R	BA	1	2914	2708.10	0	1	2925	00bac0
10616	RF02541	6H4N	A	1	2903	2859.70	0	1	2925	00bac0
10617	RF02541	7MD7	2A	1	2912	2711.70	0	1	2925	00bac0
10618	RF02541	7OPE	A	1	2926	3017.20	0	1	2923	00bac0
10619	RF02541	4WQ1	14	1	2912	2719.00	0	1	2923	00bac0
10620	RF02541	5MLC	A	1	2811	2437.80	0	1	2819	00bac0
10621	RF02541	8C97	A	1	2904	2878.60	0	1	2925	00bac0
10622	RF02541	9D0G	1A	1	2912	2711.70	0	1	2925	00bac0
10623	RF02541	4V7V	DA	1	2903	2871.00	0	1	2925	00bac0
10624	RF02541	4V7W	BA	1	2784	2582.50	0	1	2925	00bac0
10625	RF02541	4W2G	DA	1	2912	2711.70	0	1	2925	00bac0
10626	RF02541	5DOX	1A	1	2912	2711.70	0	1	2925	00bac0
10627	RF02541	5U9F	01	1	2903	2868.10	0	1	2925	00bac0
10628	RF02541	7QH4	A	1	2928	3028.10	0	1	2925	00bac0
10629	RF02541	8B7Y	I	1	2904	2878.60	0	1	2925	00bac0
10630	RF02541	8Y5P	1	1	2904	2876.40	0	1	2925	00bac0
10631	RF02541	9HCC	A	1	1471	373.20	6.6e-121	161	2925	00bac0
10632	RF02541	9I5T	A	1	2882	2632.00	0	1	2925	00bac0
10633	RF02541	4TUC	YA	1	2912	2711.70	0	1	2925	00bac0
10634	RF02541	4V5P	BA	1	2913	2716.00	0	1	2925	00bac0
10635	RF02541	4V7P	CA	3	2879	2731.30	0	1	2925	00bac0
10636	RF02541	4V9P	GA	1	2904	2878.60	0	1	2925	00bac0
10637	RF02541	5GAF	A	1	2883	2836.90	0	1	2925	00bac0
10638	RF02541	5H1S	A	1	2810	2437.50	0	1	2818	00bac0
10639	RF02541	6HTQ	A	1	2925	3014.50	0	1	2925	00bac0
10640	RF02541	4V4V	B0	1	2740	2546.90	0	16	2925	00bac0
10641	RF02541	6X7K	a	1	2904	2878.50	0	1	2925	00bac0
10642	RF02541	8APO	A8	1	350	170.80	1.6e-54	2439	2767	00bac0
10643	RF02541	8CVK	1A	1	2912	2711.70	0	1	2925	00bac0
10644	RF02541	8FC3	1A	1	2912	2711.70	0	1	2925	00bac0
10645	RF02541	8V03	1	1	2904	2873.50	0	1	2925	00bac0
10646	RF02541	4V55	DB	1	2904	2878.60	0	1	2925	00bac0
10647	RF02541	4V57	DB	1	2904	2878.60	0	1	2925	00bac0
10648	RF02541	7QV1	V	1	2928	3030.50	0	1	2925	00bac0
10649	RF02541	8FC5	2A	1	2912	2711.70	0	1	2925	00bac0
10650	RF02541	9MTR	2A	1	2912	2711.70	0	1	2925	00bac0
10651	RF02541	3JBV	b	1	2904	2878.60	0	1	2925	00bac0
10652	RF02541	4U20	BA	1	2903	2871.00	0	1	2925	00bac0
10653	RF02541	4V4Z	BA	1	2914	2708.10	0	1	2925	00bac0
10654	RF02541	5HAU	1A	1	2912	2711.70	0	1	2925	00bac0
10655	RF02541	5O61	A	1	3120	2721.90	0	1	2925	00bac0
10656	RF02541	6WDG	1	1	2903	2868.70	0	1	2925	00bac0
10657	RF02541	6ZTL	BA	1	2904	2875.60	0	1	2925	00bac0
10658	RF02541	8C94	A	1	2904	2878.60	0	1	2925	00bac0
10659	RF02541	4V48	A0	1	2904	2878.60	0	1	2925	00bac0
10660	RF02541	4V6E	BA	1	2903	2871.00	0	1	2925	00bac0
10661	RF02541	4WQF	CA	1	2912	2711.70	0	1	2925	00bac0
10662	RF02541	4YBB	CA	1	2904	2876.20	0	1	2925	00bac0
10663	RF02541	6GSL	1H	1	2914	2729.80	0	1	2925	00bac0
10664	RF02541	6WD5	1	1	2903	2868.70	0	1	2925	00bac0
10665	RF02541	8P8V	3	3	2907	2685.90	0	1	2925	00bac0
10666	RF02541	9H3V	A	1	2903	2868.10	0	1	2925	00bac0
10667	RF02541	4V8B	DA	1	2912	2719.00	0	1	2923	00bac0
10668	RF02541	4V9J	DA	3	2879	2731.30	0	1	2925	00bac0
10669	RF02541	5HAU	2A	1	2912	2711.70	0	1	2925	00bac0
10670	RF02541	6DDG	1	1	2923	3005.50	0	1	2925	00bac0
10671	RF02541	6NTA	RA	1	2912	2711.70	0	1	2925	00bac0
10672	RF02541	6PPK	A	1	2927	3021.80	0	1	2925	00bac0
10673	RF02541	6VYS	a	1	2904	2878.50	0	1	2925	00bac0
10674	RF02541	8ZTU	a	1	2904	2876.20	0	1	2925	00bac0
10675	RF02541	9G6K	lJ	1	279	79.40	2.3e-24	1783	2119	00bac0
10676	RF02541	1MMS	D	1	58	59.40	2.1e-18	1092	1149	00bac0
10677	RF02541	4WQU	CA	1	2912	2711.70	0	1	2925	00bac0
10678	RF02541	5AKA	B	1	2904	2878.60	0	1	2925	00bac0
10679	RF02541	5LZF	A	1	2903	2868.60	0	1	2925	00bac0
10680	RF02541	7KGB	A	1	3138	2756.00	0	1	2925	00bac0
10681	RF02541	7UVX	A	8	2900	2882.00	0	1	2925	00bac0
10682	RF02541	8W2N	1	1	2904	2867.30	0	1	2925	00bac0
10683	RF02541	3DEG	G	1	70	72.30	1.4e-22	1084	1153	00bac0
10684	RF02541	3DG5	B	1	2904	2878.60	0	1	2925	00bac0
10685	RF02541	5KPX	27	1	2903	2865.80	0	1	2925	00bac0
10686	RF02541	6ZTO	BA	1	2904	2875.60	0	1	2925	00bac0
10687	RF02541	8VOR	a	1	2904	2878.50	0	1	2925	00bac0
10688	RF02541	9MTS	1A	1	2912	2711.70	0	1	2925	00bac0
10689	RF02541	1P9X	0	1	2878	2759.60	0	1	2925	00bac0
10690	RF02541	4IO9	X	1	2878	2759.60	0	1	2925	00bac0
10691	RF02541	6NTA	YA	1	2912	2711.70	0	1	2925	00bac0
10692	RF02541	7PIA	3	3	2907	2685.90	0	1	2925	00bac0
10693	RF02541	8UR0	a	1	2904	2878.50	0	1	2925	00bac0
10694	RF02541	5J3C	RA	1	2912	2711.70	0	1	2925	00bac0
10695	RF02541	6BU8	01	1	2903	2868.70	0	1	2925	00bac0
10696	RF02541	6I7V	DA	1	2903	2868.60	0	1	2925	00bac0
10697	RF02541	6ZM6	A	1	1454	376.90	3.7e-122	426	2925	00bac0
10698	RF02541	6ZS9	XA	1	1454	375.80	8.8e-122	426	2925	00bac0
10699	RF02541	8G2D	1A	1	2912	2711.70	0	1	2925	00bac0
10700	RF02541	8VL1	a	1	2904	2878.50	0	1	2925	00bac0
10701	RF02541	8VRL	A	1	3120	2721.90	0	1	2925	00bac0
10702	RF02541	1NJM	0	1	2878	2759.60	0	1	2925	00bac0
10703	RF02541	5IQR	1	1	2904	2876.10	0	1	2925	00bac0
10704	RF02541	5KPS	28	1	2903	2865.80	0	1	2925	00bac0
10705	RF02541	5NDK	14	1	2914	2729.80	0	1	2925	00bac0
10706	RF02541	5VPO	YA	1	2912	2711.70	0	1	2925	00bac0
10707	RF02541	6WNT	4	1	3031	2759.60	0	1	2925	00bac0
10708	RF02541	7BL6	A	1	2904	2878.60	0	1	2925	00bac0
10709	RF02541	7M4W	A	8	2900	2882.00	0	1	2925	00bac0
10710	RF02541	7Y41	A	1	3120	2721.90	0	1	2925	00bac0
10711	RF02541	8QBT	A	1	2903	2870.00	0	1	2925	00bac0
10712	RF02541	5HCP	1A	1	2912	2711.70	0	1	2925	00bac0
10713	RF02541	5ZLU	V	1	2875	2709.00	0	5	2919	00bac0
10714	RF02541	6CFJ	1A	1	2912	2711.70	0	1	2925	00bac0
10715	RF02541	6HA1	A	1	2928	3029.70	0	1	2925	00bac0
10716	RF02541	6N9E	1A	1	2912	2711.70	0	1	2925	00bac0
10717	RF02541	6ZSC	XA	1	1454	376.50	5.3e-122	426	2925	00bac0
10718	RF02541	7NHM	A	1	2923	3003.00	0	1	2925	00bac0
10719	RF02541	9HA3	A	1	2904	2874.50	0	1	2925	00bac0
10720	RF02541	9HC4	Z2	8	2870	2842.60	0	1	2925	00bac0
10721	RF02541	9O3L	2A	1	2912	2711.70	0	1	2925	00bac0
10722	RF02541	2D3O	0	1	2878	2759.60	0	1	2925	00bac0
10723	RF02541	3J9Y	A	1	2903	2863.40	0	1	2925	00bac0
10724	RF02541	4V9B	DA	1	2912	2719.00	0	1	2923	00bac0
10725	RF02541	7O9M	A	1	1454	376.90	3.7e-122	426	2925	00bac0
10726	RF02541	7PJZ	A	1	2903	2863.30	0	1	2925	00bac0
10727	RF02541	7SSO	1	1	2903	2868.70	0	1	2925	00bac0
10728	RF02541	9B0S	L5	1	3511	965.80	0	159	2925	00bac0
10729	RF02541	9DFD	1A	1	2912	2711.70	0	1	2925	00bac0
10730	RF02541	9HAL	A	1	2904	2874.50	0	1	2925	00bac0
10731	RF02541	4U20	DA	1	2903	2871.00	0	1	2925	00bac0
10732	RF02541	4UY8	A	1	2854	2777.40	0	1	2925	00bac0
10733	RF02541	4V5P	DA	1	2913	2716.00	0	1	2925	00bac0
10734	RF02541	4YZV	RA	1	2913	2721.30	0	1	2925	00bac0
10735	RF02541	6XQE	1A	1	2912	2711.70	0	1	2925	00bac0
10736	RF02541	7JQM	2A	1	2912	2711.70	0	1	2925	00bac0
10737	RF02541	8G7Q	A	1	2904	2876.20	0	1	2925	00bac0
10738	RF02541	8PKL	7	1	2904	2873.70	0	1	2925	00bac0
10739	RF02541	8UD6	1A	1	2912	2711.70	0	1	2925	00bac0
10740	RF02541	4TUD	YA	1	2912	2711.70	0	1	2925	00bac0
10741	RF02541	4WFA	X	1	2923	2998.90	0	1	2925	00bac0
10742	RF02541	6ZU1	BA	1	2904	2875.60	0	1	2925	00bac0
10743	RF02541	7Y7E	a	1	2904	2876.20	0	1	2925	00bac0
10744	RF02541	7ZQ5	b	1	2904	2863.70	0	1	2925	00bac0
10745	RF02541	8T8B	2A	1	2912	2711.70	0	1	2925	00bac0
10746	RF02541	8VK0	A	1	3120	2721.90	0	1	2925	00bac0
10747	RF02541	1JZY	A	1	2878	2759.60	0	1	2925	00bac0
10748	RF02541	3J7Y	A	1	1454	376.90	3.7e-122	426	2925	00bac0
10749	RF02541	4CSU	B	1	2903	2871.00	0	1	2925	00bac0
10750	RF02541	4V7Y	BA	1	2784	2582.50	0	1	2925	00bac0
10751	RF02541	4WQ1	1H	1	2912	2719.00	0	1	2923	00bac0
10752	RF02541	6NSH	YA	1	2912	2711.70	0	1	2925	00bac0
10753	RF02541	6XZA	A2	1	2897	2860.70	0	1	2925	00bac0
10754	RF02541	7JT1	1	1	2903	2868.70	0	1	2925	00bac0
10755	RF02541	7OID	A	1	1454	376.90	3.7e-122	426	2925	00bac0
10756	RF02541	7PO4	A	1	1454	376.90	3.7e-122	426	2925	00bac0
10757	RF02541	7UNV	A	1	2891	2912.30	0	1	2925	00bac0
10758	RF02541	8P6P	3	3	2907	2685.90	0	1	2925	00bac0
10759	RF02541	8Y5L	1	1	2904	2876.40	0	1	2925	00bac0
10760	RF02541	4V7Z	BA	1	2784	2582.50	0	1	2925	00bac0
10761	RF02541	4WT1	1H	1	2914	2729.80	0	1	2925	00bac0
10762	RF02541	6WDA	1	1	2903	2868.70	0	1	2925	00bac0
10763	RF02541	7BL4	A	1	2904	2878.60	0	1	2925	00bac0
10764	RF02541	7O9K	A	1	1454	376.90	3.7e-122	426	2925	00bac0
10765	RF02541	5J30	YA	1	2912	2711.70	0	1	2925	00bac0
10766	RF02541	6O8X	A	1	2903	2946.20	0	1	2925	00bac0
10767	RF02541	8AYE	a	1	2903	2869.60	0	1	2925	00bac0
10768	RF02541	8C93	A	1	2904	2878.60	0	1	2925	00bac0
10769	RF02541	9P38	A	1	2927	3020.20	0	1	2925	00bac0
10770	RF02541	7K52	1	1	2903	2868.70	0	1	2925	00bac0
10771	RF02541	7NSJ	BA	1	1457	363.60	1e-117	126	2925	00bac0
10772	RF02541	7PAL	3	3	2907	2685.90	0	1	2925	00bac0
10773	RF02541	7QGU	A	1	2928	3028.10	0	1	2925	00bac0
10774	RF02541	8E35	I	1	2904	2876.20	0	1	2925	00bac0
10775	RF02541	8E36	I	1	2904	2876.20	0	1	2925	00bac0
10776	RF02541	1HC8	C	1	58	58.30	4.7e-18	1092	1149	00bac0
10777	RF02541	4WSM	1H	1	2914	2729.80	0	1	2925	00bac0
10778	RF02541	5NGM	AA	1	2923	3005.80	0	1	2925	00bac0
10779	RF02541	6O9J	B	1	2841	2759.70	0	1	2925	00bac0
10780	RF02541	7OF2	A	1	1454	376.90	3.7e-122	426	2925	00bac0
10781	RF02541	8ANY	A	1	1454	376.90	3.7e-122	426	2925	00bac0
10782	RF02541	4V6F	AA	1	2909	2715.60	0	1	2923	00bac0
10783	RF02541	4V97	BA	1	2912	2711.70	0	1	2925	00bac0
10784	RF02541	6WRS	1	1	2923	3004.90	0	1	2925	00bac0
10785	RF02541	7BL3	A	8	2911	2878.60	0	1	2925	00bac0
10786	RF02541	8FN2	A	2	2929	2789.50	0	1	2925	00bac0
10787	RF02541	9MTP	2A	1	2912	2711.70	0	1	2925	00bac0
10788	RF02541	5AJ4	BA	1	1456	366.10	1.5e-118	126	2925	00bac0
10789	RF02541	5O60	A	1	3120	2721.90	0	1	2925	00bac0
10790	RF02541	6GXO	A	1	2903	2865.80	0	1	2925	00bac0
10791	RF02541	6V3D	AN1	8	2900	2883.50	0	1	2925	00bac0
10792	RF02541	7JQL	2A	1	2912	2711.70	0	1	2925	00bac0
10793	RF02541	8C91	A	1	2904	2878.60	0	1	2925	00bac0
10794	RF02541	4V53	DB	1	2904	2878.60	0	1	2925	00bac0
10795	RF02541	4WQY	AA	1	2912	2711.70	0	1	2925	00bac0
10796	RF02541	6NU2	A	1	1381	397.10	7.5e-129	426	2925	00bac0
10797	RF02541	6OJ2	YA	1	2912	2711.70	0	1	2925	00bac0
10798	RF02541	7N31	23	1	2904	2876.20	0	1	2925	00bac0
10799	RF02541	8FOM	YA	1	2912	2711.70	0	1	2925	00bac0
10800	RF02541	8RDW	Z2	8	2870	2842.60	0	1	2925	00bac0
10801	RF02541	4Z8C	2A	1	2912	2711.70	0	1	2925	00bac0
10802	RF02541	5JC9	CA	1	2904	2876.20	0	1	2925	00bac0
10803	RF02541	6N1D	B23S	1	2881	2729.60	0	1	2925	00bac0
10804	RF02541	6WDM	1	1	2903	2868.70	0	1	2925	00bac0
10805	RF02541	7N2U	23	1	2904	2876.20	0	1	2925	00bac0
10806	RF02541	8UU5	A	1	2932	2960.80	0	1	2925	00bac0
10807	RF02541	8Y37	A	1	2921	2993.40	0	1	2925	00bac0
10808	RF02541	8Y5S	1	1	2904	2876.40	0	1	2925	00bac0
10809	RF02541	9RTV	A	1	2903	2863.30	0	1	2925	00bac0
10810	RF02541	4V7M	BA	1	2912	2711.70	0	1	2925	00bac0
10811	RF02541	4V84	BA	3	2879	2731.30	0	1	2925	00bac0
10812	RF02541	4V9I	BA	1	2913	2717.00	0	1	2925	00bac0
10813	RF02541	6OTR	RA	1	2912	2711.70	0	1	2925	00bac0
10814	RF02541	4V5D	BA	1	2819	2633.70	0	1	2925	00bac0
10815	RF02541	4V6G	DA	3	2898	2704.60	0	1	2925	00bac0
10816	RF02541	4V8C	AA	1	2912	2719.00	0	1	2923	00bac0
10817	RF02541	5VPO	RA	1	2912	2711.70	0	1	2925	00bac0
10818	RF02541	7OTC	A	1	2903	2869.20	0	1	2925	00bac0
10819	RF02541	7QQ3	I	1	2904	2878.60	0	1	2925	00bac0
10820	RF02541	8FC2	1A	1	2912	2711.70	0	1	2925	00bac0
10821	RF02541	8FZG	A	1	2904	2876.20	0	1	2925	00bac0
10822	RF02541	8WIC	A	1	3119	2721.40	0	1	2925	00bac0
10823	RF02541	1OLN	C	1	58	59.40	2.1e-18	1092	1149	00bac0
10824	RF02541	1SM1	0	1	2878	2759.60	0	1	2925	00bac0
10825	RF02541	2OM7	I	1	58	62.10	2.7e-19	1092	1149	00bac0
10826	RF02541	4V56	BB	1	2904	2878.60	0	1	2925	00bac0
10827	RF02541	4V64	DB	1	2904	2878.60	0	1	2925	00bac0
10828	RF02541	6WD3	1	1	2903	2868.70	0	1	2925	00bac0
10829	RF02541	7PKT	8	1	413	213.60	1.3e-68	2439	2822	00bac0
10830	RF02541	8PK0	A	1	1485	354.90	7.5e-115	426	2925	00bac0
10831	RF02541	9BS0	A	1	2927	3020.20	0	1	2925	00bac0
10832	RF02541	2J28	B	1	2904	2878.60	0	1	2925	00bac0
10833	RF02541	3JBU	b	1	2904	2878.60	0	1	2925	00bac0
10834	RF02541	4V4J	w	1	2889	2743.60	0	1	2923	00bac0
10835	RF02541	5GAG	A	1	2903	2871.00	0	1	2925	00bac0
10836	RF02541	5HCR	2A	1	2912	2711.70	0	1	2925	00bac0
10837	RF02541	5J91	CA	1	2904	2876.20	0	1	2925	00bac0
10838	RF02541	6OSI	RA	7	2905	2695.10	0	1	2925	00bac0
10839	RF02541	6PCT	I	1	2904	2876.20	0	1	2925	00bac0
10840	RF02541	7OIB	A	1	1454	376.90	3.7e-122	426	2925	00bac0
10841	RF02541	8CVK	2A	1	2912	2711.70	0	1	2925	00bac0
10842	RF02541	1JZZ	A	1	2878	2759.60	0	1	2925	00bac0
10843	RF02541	2OM7	J	1	102	71.30	4.3e-22	2120	2221	00bac0
10844	RF02541	4V7X	BA	1	2784	2582.50	0	1	2925	00bac0
10845	RF02541	5V8I	2A	1	2891	2754.40	0	1	2925	00bac0
10846	RF02541	6GWT	A	1	2903	2865.80	0	1	2925	00bac0
10847	RF02541	6PC7	I	1	2904	2876.20	0	1	2925	00bac0
10848	RF02541	6VYX	a	1	2904	2878.50	0	1	2925	00bac0
10849	RF02541	6ZTJ	BA	1	2904	2875.60	0	1	2925	00bac0
10850	RF02541	9DFC	2A	1	2912	2711.70	0	1	2925	00bac0
10851	RF02541	9I5V	A	1	2889	2633.50	0	12	2925	00bac0
10852	RF02541	2O43	A	1	2878	2759.60	0	1	2925	00bac0
10853	RF02541	4U25	BA	1	2903	2871.00	0	1	2925	00bac0
10854	RF02541	4V5B	AB	1	2904	2878.60	0	1	2925	00bac0
10855	RF02541	5GAD	A	1	2903	2871.00	0	1	2925	00bac0
10856	RF02541	6XZB	A2	1	2897	2860.70	0	1	2925	00bac0
10857	RF02541	8CAM	a	1	2904	2878.60	0	1	2925	00bac0
10858	RF02541	4WT8	D1	3	2899	2594.50	0	1	2925	00bac0
10859	RF02541	7RQC	2A	1	2912	2711.70	0	1	2925	00bac0
10860	RF02541	8A22	A3	1	210	83.70	6.7e-26	700	905	00bac0
10861	RF02541	8FMW	AA	2	2929	2789.50	0	1	2925	00bac0
10862	RF02541	8ZEJ	b	1	2904	2878.60	0	1	2925	00bac0
10863	RF02541	4U24	DA	1	2903	2871.00	0	1	2925	00bac0
10864	RF02541	4U67	X	1	2878	2759.60	0	1	2925	00bac0
10865	RF02541	5EL5	1H	1	2912	2719.00	0	1	2923	00bac0
10866	RF02541	6PRV	D	1	58	60.10	1.2e-18	1092	1149	00bac0
10867	RF02541	8FZE	A	1	2904	2876.20	0	1	2925	00bac0
10868	RF02541	8RDV	Z2	8	2870	2840.00	0	1	2925	00bac0
10869	RF02541	1NWY	0	1	2878	2759.60	0	1	2925	00bac0
10870	RF02541	4V5H	BB	1	2903	2871.00	0	1	2925	00bac0
10871	RF02541	4V6D	BA	1	2903	2871.00	0	1	2925	00bac0
10872	RF02541	4V6R	BB	1	2904	2876.20	0	1	2925	00bac0
10873	RF02541	4V76	BA	1	2903	2871.00	0	1	2925	00bac0
10874	RF02541	5MDW	1	1	2904	2876.10	0	1	2925	00bac0
10875	RF02541	5U9G	01	1	2903	2868.10	0	1	2925	00bac0
10876	RF02541	6OPE	YA	1	2912	2711.70	0	1	2925	00bac0
10877	RF02541	7PAO	3	3	2907	2685.90	0	1	2925	00bac0
10878	RF02541	7PIT	3	3	2907	2685.90	0	1	2925	00bac0
10879	RF02541	7PKT	5	1	125	50.70	4.1e-15	1071	1196	00bac0
10880	RF02541	8QOA	a	1	2904	2875.20	0	1	2925	00bac0
10881	RF02541	4TUC	RA	1	2912	2711.70	0	1	2925	00bac0
10882	RF02541	4V85	BA	1	2903	2871.00	0	1	2925	00bac0
10883	RF02541	4V87	DA	1	2912	2719.00	0	1	2923	00bac0
10884	RF02541	5WIS	2A	1	2912	2711.70	0	1	2925	00bac0
10885	RF02541	6YSR	A	1	2903	2863.40	0	1	2925	00bac0
10886	RF02541	7OJ0	a	1	2807	2766.70	0	1	2925	00bac0
10887	RF02541	8G29	2A	1	2912	2709.10	0	1	2925	00bac0
10888	RF02541	4V4I	w	1	2889	2743.60	0	1	2923	00bac0
10889	RF02541	6BUW	RA	1	2912	2711.70	0	1	2925	00bac0
10890	RF02541	7Q4K	BA	1	2903	2868.60	0	1	2925	00bac0
10891	RF02541	8C9B	A	1	2904	2878.60	0	1	2925	00bac0
10892	RF02541	8OIQ	B8	1	1457	363.60	1e-117	126	2925	00bac0
10893	RF02541	8YDE	1	1	2904	2876.40	0	1	2925	00bac0
10894	RF02541	5AFI	A	1	2903	2863.40	0	1	2925	00bac0
10895	RF02541	5DOY	2A	1	2912	2711.70	0	1	2925	00bac0
10896	RF02541	6GZX	A2	1	2912	2719.00	0	1	2923	00bac0
10897	RF02541	6ORL	1	1	2903	2868.50	0	1	2925	00bac0
10898	RF02541	7OG4	XA	1	1454	376.90	3.7e-122	426	2925	00bac0
10899	RF02541	9H3W	A	1	2903	2871.00	0	1	2925	00bac0
10900	RF02541	2O44	A	1	2878	2759.60	0	1	2925	00bac0
10901	RF02541	4V5Y	DB	1	2904	2878.60	0	1	2925	00bac0
10902	RF02541	5UQ8	A	1	2912	2711.70	0	1	2925	00bac0
10903	RF02541	6PC5	I	1	2904	2876.20	0	1	2925	00bac0
10904	RF02541	6ZTM	BA	1	2904	2875.60	0	1	2925	00bac0
10905	RF02541	7A0S	X	1	2878	2754.60	0	1	2925	00bac0
10906	RF02541	7ASA	A	1	2926	3017.20	0	1	2923	00bac0
10907	RF02541	9EVS	1	3	2922	2034.10	0	1	2925	00bac0
10908	RF02541	9MTQ	2A	1	2912	2711.70	0	1	2925	00bac0
10909	RF02541	5DFE	RA	1	2912	2711.70	0	1	2925	00bac0
10910	RF02541	6CFJ	2A	1	2912	2711.70	0	1	2925	00bac0
10911	RF02541	6PRV	C	1	58	60.10	1.2e-18	1092	1149	00bac0
10912	RF02541	7N2V	23	1	2904	2876.20	0	1	2925	00bac0
10913	RF02541	8E47	I	1	2904	2876.20	0	1	2925	00bac0
10914	RF02541	9D0H	2A	1	2912	2711.70	0	1	2925	00bac0
10915	RF02541	9H3S	A	1	2903	2865.80	0	1	2925	00bac0
10916	RF02541	9HA4	A	1	2903	2866.90	0	1	2925	00bac0
10917	RF02541	4V5Q	BA	1	2913	2716.00	0	1	2925	00bac0
10918	RF02541	6OGF	1	1	2903	2868.70	0	1	2925	00bac0
10919	RF02541	6VZ3	a	1	2903	2863.70	0	1	2925	00bac0
10920	RF02541	7JSZ	1	1	2903	2868.70	0	1	2925	00bac0
10921	RF02541	7PHA	3	3	2907	2685.90	0	1	2925	00bac0
10922	RF02541	8E32	I	1	2904	2876.20	0	1	2925	00bac0
10923	RF02541	8Q4F	a	1	2904	2878.60	0	1	2925	00bac0
10924	RF02541	8UVS	2A	1	2912	2711.70	0	1	2925	00bac0
10925	RF02541	4Z3S	2A	1	2912	2711.70	0	1	2925	00bac0
10926	RF02541	7M4V	A	8	2900	2882.00	0	1	2925	00bac0
10927	RF02541	8E41	I	1	2904	2876.20	0	1	2925	00bac0
10928	RF02541	8VTU	2A	1	2912	2711.70	0	1	2925	00bac0
10929	RF02541	9H91	A	1	2721	2615.10	0	1	2923	00bac0
10930	RF02541	4V72	BA	1	2903	2871.00	0	1	2925	00bac0
10931	RF02541	4XEJ	B23S	3	2879	2731.30	0	1	2925	00bac0
10932	RF02541	5NDJ	14	1	2914	2729.80	0	1	2925	00bac0
10933	RF02541	6OXA	YA	1	2912	2711.70	0	1	2925	00bac0
10934	RF02541	6UCQ	1A	1	2912	2711.70	0	1	2925	00bac0
10935	RF02541	8APN	A7	1	534	245.40	4.7e-79	1640	2430	00bac0
10936	RF02541	8FON	YA	1	2912	2711.70	0	1	2925	00bac0
10937	RF02541	8R8M	a	1	2903	2869.20	0	1	2925	00bac0
10938	RF02541	9O3K	2A	1	2912	2711.70	0	1	2925	00bac0
10939	RF02541	4V19	A	1	1456	366.10	1.5e-118	126	2925	00bac0
10940	RF02541	4V52	DB	1	2904	2878.60	0	1	2925	00bac0
10941	RF02541	4ZSN	YA	1	2913	2721.30	0	1	2925	00bac0
10942	RF02541	6O90	A	1	2903	2946.20	0	1	2925	00bac0
10943	RF02541	7OIG	1	1	2903	2868.50	0	1	2925	00bac0
10944	RF02541	8UU6	A	1	2932	2960.80	0	1	2925	00bac0
10945	RF02541	8V9J	A	1	3127	2735.30	0	1	2925	00bac0
10946	RF02541	1R2W	C	1	58	59.40	2.1e-18	1092	1149	00bac0
10947	RF02541	4V5C	BA	1	2819	2633.70	0	1	2925	00bac0
10948	RF02541	4W2H	BA	1	2912	2711.70	0	1	2925	00bac0
10949	RF02541	6OSK	1	1	2903	2868.50	0	1	2925	00bac0
10950	RF02541	7LVK	I	1	2904	2873.80	0	1	2925	00bac0
10951	RF02541	7UNR	A	1	2891	2912.30	0	1	2925	00bac0
10952	RF02541	8C99	A	1	2904	2878.60	0	1	2925	00bac0
10953	RF02541	8WV1	A	1	2912	2711.70	0	1	2925	00bac0
10954	RF02541	9NKL	R1	1	2903	2868.10	0	1	2925	00bac0
10955	RF02541	2ZJQ	X	1	2878	2759.60	0	1	2925	00bac0
10956	RF02541	4WF9	X	1	2923	2998.90	0	1	2925	00bac0
10957	RF02541	5U4J	A	1	2904	2878.50	0	1	2925	00bac0
10958	RF02541	6WDH	1	1	2903	2868.70	0	1	2925	00bac0
10959	RF02541	7ACR	1	1	2903	2868.50	0	1	2925	00bac0
10960	RF02541	7NHN	A	1	2928	2948.10	0	1	2925	00bac0
10961	RF02541	7OF7	A	1	1454	376.90	3.7e-122	426	2925	00bac0
10962	RF02541	7SFR	A	1	3138	2756.00	0	1	2925	00bac0
10963	RF02541	9B0Q	L5	1	3511	965.80	0	159	2925	00bac0
10964	RF02541	1VY7	DA	1	2912	2711.70	0	1	2925	00bac0
10965	RF02541	3J3V	A	1	2927	3020.00	0	1	2925	00bac0
10966	RF02541	4QVI	B	1	80	60.30	1.4e-18	2131	2210	00bac0
10967	RF02541	4V57	BB	1	2904	2878.60	0	1	2925	00bac0
10968	RF02541	5EL5	14	1	2912	2719.00	0	1	2923	00bac0
10969	RF02541	6FXC	AA	1	2923	3005.80	0	1	2925	00bac0
10970	RF02541	7PAM	3	3	2907	2685.90	0	1	2925	00bac0
10971	RF02541	8UPO	a	1	2904	2878.50	0	1	2925	00bac0
10972	RF02541	8UZG	1	1	2904	2876.40	0	1	2925	00bac0
10973	RF02541	8VR8	A	1	3120	2721.90	0	1	2925	00bac0
10974	RF02541	1Z58	2	1	2878	2759.60	0	1	2925	00bac0
10975	RF02541	4V6Z	BA	1	2903	2871.00	0	1	2925	00bac0
10976	RF02541	6CFL	2A	1	2912	2711.70	0	1	2925	00bac0
10977	RF02541	6NWY	RA	1	2912	2711.70	0	1	2925	00bac0
10978	RF02541	6WQN	1	1	2923	3004.90	0	1	2925	00bac0
10979	RF02541	8Y5T	1	1	2904	2876.40	0	1	2925	00bac0
10980	RF02541	6BY1	CA	1	2904	2878.60	0	1	2925	00bac0
10981	RF02541	7PHC	3	3	2907	2685.90	0	1	2925	00bac0
10982	RF02541	8C8Z	A	1	2904	2878.60	0	1	2925	00bac0
10983	RF02541	8P17	1	1	2904	2876.20	0	1	2925	00bac0
10984	RF02541	8T8C	2A	1	2912	2711.70	0	1	2925	00bac0
10985	RF02541	4P6F	YA	1	2912	2711.70	0	1	2925	00bac0
10986	RF02541	5GAH	A	1	2903	2871.00	0	1	2925	00bac0
10987	RF02541	6CFK	2A	1	2912	2711.70	0	1	2925	00bac0
10988	RF02541	6XHY	2A	1	2912	2711.70	0	1	2925	00bac0
10989	RF02541	9FBV	a	1	2903	2869.20	0	1	2925	00bac0
10990	RF02541	4V5A	BA	1	2779	2585.20	0	1	2925	00bac0
10991	RF02541	4V5K	DA	3	2848	2596.90	0	1	2925	00bac0
10992	RF02541	4V89	BA	1	2903	2871.00	0	1	2925	00bac0
10993	RF02541	7NHK	A	1	2912	2956.40	0	1	2925	00bac0
10994	RF02541	8G2C	1A	1	2912	2709.10	0	1	2925	00bac0
10995	RF02541	8R55	X	1	2928	3029.70	0	1	2925	00bac0
10996	RF02541	4LNT	YA	1	2913	2721.30	0	1	2925	00bac0
10997	RF02541	4V4Q	BB	1	2904	2878.60	0	1	2925	00bac0
10998	RF02541	5J88	DA	1	2904	2876.20	0	1	2925	00bac0
10999	RF02541	6VLZ	A	1	1454	376.90	3.7e-122	426	2925	00bac0
11000	RF02541	6XHY	1A	1	2912	2711.70	0	1	2925	00bac0
11001	RF02541	9GGR	AV	1	2903	2871.00	0	1	2925	00bac0
11002	RF02541	9GHC	a	10	2913	2876.20	0	1	2925	00bac0
11003	RF02541	1OND	0	1	2878	2759.60	0	1	2925	00bac0
11004	RF02541	4V4G	BB	1	2825	2660.20	0	1	2925	00bac0
11005	RF02541	4V95	BA	1	2912	2711.70	0	1	2925	00bac0
11006	RF02541	5IT8	CA	1	2904	2876.20	0	1	2925	00bac0
11007	RF02541	6CZR	2A	1	2913	2721.30	0	1	2925	00bac0
11008	RF02541	6Q9A	1	1	2903	2868.50	0	1	2925	00bac0
11009	RF02541	7NSH	BA	1	1457	363.60	1e-117	126	2925	00bac0
11010	RF02541	7UNW	A	1	2891	2912.30	0	1	2925	00bac0
11011	RF02541	9K10	A	1	3127	2738.60	0	1	2925	00bac0
11012	RF02541	4V6L	BB	1	2904	2876.20	0	1	2925	00bac0
11013	RF02541	4V9K	BA	3	2879	2731.30	0	1	2925	00bac0
11014	RF02541	4WQU	AA	1	2912	2711.70	0	1	2925	00bac0
11015	RF02541	6GZZ	A1	1	2912	2719.00	0	1	2923	00bac0
11016	RF02541	8AM9	a	1	2903	2870.70	0	1	2925	00bac0
11017	RF02541	8BHJ	0	1	2904	2878.60	0	1	2925	00bac0
11018	RF02541	8FC2	2A	1	2912	2711.70	0	1	2925	00bac0
11019	RF02541	8RQ0	A	1	2903	2865.80	0	1	2925	00bac0
11020	RF02541	8ZFF	a	1	2904	2876.20	0	1	2925	00bac0
11021	RF02541	9B1Y	4	5	80	54.30	1.5e-16	2133	2208	00bac0
11022	RF02541	4V9O	AA	1	2904	2878.60	0	1	2925	00bac0
11023	RF02541	5EL6	14	1	2912	2719.00	0	1	2923	00bac0
11024	RF02541	6VZ2	a	1	2904	2878.50	0	1	2925	00bac0
11025	RF02541	7QV3	V	1	2928	3030.50	0	1	2925	00bac0
11026	RF02541	7SSL	1	1	2903	2868.70	0	1	2925	00bac0
11027	RF02541	8BGH	0	1	2904	2878.60	0	1	2925	00bac0
11028	RF02541	8G7S	A	1	2904	2876.20	0	1	2925	00bac0
11029	RF02541	8Y5N	1	1	2904	2876.40	0	1	2925	00bac0
11030	RF02541	9O3J	2A	1	2912	2711.70	0	1	2925	00bac0
11031	RF02541	1NJO	0	1	2878	2759.60	0	1	2925	00bac0
11032	RF02541	3FWO	A	1	2878	2759.60	0	1	2925	00bac0
11033	RF02541	5HCQ	2A	1	2912	2711.70	0	1	2925	00bac0
11034	RF02541	5IMR	D	1	2891	2750.30	0	1	2925	00bac0
11035	RF02541	5J5B	DA	1	2904	2876.20	0	1	2925	00bac0
11036	RF02541	5MDV	1	1	2904	2876.10	0	1	2925	00bac0
11037	RF02541	5NPM	B	1	80	60.30	1.4e-18	2131	2210	00bac0
11038	RF02541	7N1P	23	1	2904	2876.70	0	1	2925	00bac0
11039	RF02541	7P7R	A	1	2912	2956.40	0	1	2925	00bac0
11040	RF02541	9NLE	R1	1	2903	2868.10	0	1	2925	00bac0
11041	RF02541	4LSK	RA	1	2913	2721.30	0	1	2925	00bac0
11042	RF02541	4V8D	BA	1	2912	2719.00	0	1	2923	00bac0
11043	RF02541	6BUW	YA	1	2912	2711.70	0	1	2925	00bac0
11044	RF02541	6ENJ	A	1	2903	2860.70	0	1	2925	00bac0
11045	RF02541	6X7F	a	1	2904	2878.50	0	1	2925	00bac0
11046	RF02541	7JSW	1	1	2903	2868.70	0	1	2925	00bac0
11047	RF02541	7RYH	A	8	2900	2882.00	0	1	2925	00bac0
11048	RF02541	8E42	I	1	2904	2876.20	0	1	2925	00bac0
11049	RF02541	8QPP	X	1	2928	3029.70	0	1	2925	00bac0
11050	RF02541	4V5F	DA	1	2913	2721.30	0	1	2925	00bac0
11051	RF02541	4V6A	BA	1	2912	2711.70	0	1	2925	00bac0
11052	RF02541	5LZB	A	1	2903	2868.60	0	1	2925	00bac0
11053	RF02541	5WE4	A	1	2903	2861.90	0	1	2925	00bac0
11054	RF02541	6FKR	1A	3	2901	2700.20	0	1	2925	00bac0
11055	RF02541	6GSJ	14	1	2914	2729.80	0	1	2925	00bac0
11056	RF02541	6XHX	2A	1	2912	2711.70	0	1	2925	00bac0
11057	RF02541	6ZM5	A	1	1454	376.90	3.7e-122	426	2925	00bac0
11058	RF02541	7M5D	1	1	2903	2868.50	0	1	2925	00bac0
11059	RF02541	8S1P	A	1	2928	3029.70	0	1	2925	00bac0
11060	RF02541	3J9Z	LA	1	2904	2874.30	0	1	2925	00bac0
11061	RF02541	4V50	BB	1	2904	2878.60	0	1	2925	00bac0
11062	RF02541	5HCR	1A	1	2912	2711.70	0	1	2925	00bac0
11063	RF02541	5IB8	14	1	2914	2729.80	0	1	2925	00bac0
11064	RF02541	6WDE	1	1	2903	2868.70	0	1	2925	00bac0
11065	RF02541	7NBU	a	1	2904	2874.30	0	1	2925	00bac0
11066	RF02541	7PAS	3	3	2907	2685.90	0	1	2925	00bac0
11067	RF02541	8C96	A	1	2904	2878.60	0	1	2925	00bac0
11068	RF02541	8EV6	1A	1	2912	2711.70	0	1	2925	00bac0
11069	RF02541	8VK7	A	1	3120	2721.90	0	1	2925	00bac0
11070	RF02541	8VTY	1A	1	2912	2711.70	0	1	2925	00bac0
11071	RF02541	5EL7	14	1	2914	2729.80	0	1	2925	00bac0
11072	RF02541	6GC0	A	1	2904	2878.60	0	1	2925	00bac0
11073	RF02541	7PAT	3	3	2907	2685.90	0	1	2925	00bac0
11074	RF02541	8G6Y	a	1	2904	2876.20	0	1	2925	00bac0
11075	RF02541	8VTV	2A	1	2912	2711.70	0	1	2925	00bac0
11076	RF02541	8YUS	a	1	2904	2876.20	0	1	2925	00bac0
11077	RF02541	5KCS	1A	1	2904	2873.30	0	1	2925	00bac0
11078	RF02541	5WDT	A	1	2903	2861.90	0	1	2925	00bac0
11079	RF02541	6GSK	1H	1	2914	2729.80	0	1	2925	00bac0
11080	RF02541	6N1D	A23S	1	2881	2729.60	0	1	2925	00bac0
11081	RF02541	7PJS	A	1	2903	2863.30	0	1	2925	00bac0
11082	RF02541	7RYG	A	8	2900	2882.00	0	1	2925	00bac0
11083	RF02541	9H3U	A	1	2903	2865.80	0	1	2925	00bac0
11084	RF02541	9WNR	b	1	2904	2878.60	0	1	2925	00bac0
11085	RF02541	4L71	RA	1	2913	2721.30	0	1	2925	00bac0
11086	RF02541	5OT7	4	3	2901	2687.80	0	1	2925	00bac0
11087	RF02541	5V8I	1A	1	2891	2754.40	0	1	2925	00bac0
11088	RF02541	4V7L	BA	1	2912	2711.70	0	1	2925	00bac0
11089	RF02541	4WSD	1H	1	2914	2729.80	0	1	2925	00bac0
11090	RF02541	4Z3S	1A	1	2912	2711.70	0	1	2925	00bac0
11091	RF02541	5DFE	YA	1	2912	2711.70	0	1	2925	00bac0
11092	RF02541	5IB7	1H	1	2914	2729.80	0	1	2925	00bac0
11093	RF02541	7MT3	A	1	3138	2756.00	0	1	2925	00bac0
11094	RF02541	8T8B	1A	1	2912	2711.70	0	1	2925	00bac0
11095	RF02541	8VR4	A	1	3120	2721.90	0	1	2925	00bac0
11096	RF02541	9C4G	a	3	3083	2569.30	0	1	2925	00bac0
11097	RF02541	9DFE	2A	1	2912	2711.70	0	1	2925	00bac0
11098	RF02541	3JCD	A	1	2904	2878.60	0	1	2925	00bac0
11099	RF02541	4V7W	DA	1	2784	2582.50	0	1	2925	00bac0
11100	RF02541	6OXA	RA	1	2912	2711.70	0	1	2925	00bac0
11101	RF02541	7K54	1	1	2903	2868.70	0	1	2925	00bac0
11102	RF02541	8RCM	71	1	2904	2873.70	0	1	2925	00bac0
11103	RF02541	8Y5R	1	1	2904	2876.40	0	1	2925	00bac0
11104	RF02541	9GHG	A	1	2923	3003.20	0	1	2925	00bac0
11105	RF02541	3CF5	X	1	2878	2759.60	0	1	2925	00bac0
11106	RF02541	4LFZ	YA	1	2913	2721.30	0	1	2925	00bac0
11107	RF02541	4U26	BA	1	2903	2871.00	0	1	2925	00bac0
11108	RF02541	5L3P	A	1	2903	2863.40	0	1	2925	00bac0
11109	RF02541	6VZJ	a	1	2904	2878.50	0	1	2925	00bac0
11110	RF02541	7K51	1	1	2903	2868.70	0	1	2925	00bac0
11111	RF02541	7TTU	1	1	2923	3006.00	0	1	2925	00bac0
11112	RF02541	8CVJ	2A	1	2912	2711.70	0	1	2925	00bac0
11113	RF02541	8P8B	3	3	2907	2685.90	0	1	2925	00bac0
11114	RF02541	8V9L	A	1	3127	2735.30	0	1	2925	00bac0
11115	RF02541	4V5C	DA	1	2819	2633.70	0	1	2925	00bac0
11116	RF02541	4XEJ	A23S	3	2879	2731.30	0	1	2925	00bac0
11117	RF02541	6I9R	A	1	1452	373.50	5.3e-121	427	2925	00bac0
11118	RF02541	6Q98	1	1	2904	2876.10	0	1	2925	00bac0
11119	RF02541	8FC1	2A	1	2912	2711.70	0	1	2925	00bac0
11120	RF02541	9CG6	a	1	2904	2876.20	0	1	2925	00bac0
11121	RF02541	4V67	BA	1	2891	2757.50	0	1	2925	00bac0
11122	RF02541	4V7T	BA	1	2903	2871.00	0	1	2925	00bac0
11123	RF02541	4V97	DA	1	2912	2711.70	0	1	2925	00bac0
11124	RF02541	1R2X	C	1	58	59.40	2.1e-18	1092	1149	00bac0
11125	RF02541	4V9L	DA	3	2879	2731.30	0	1	2925	00bac0
11126	RF02541	8C8X	A	1	2904	2878.60	0	1	2925	00bac0
11127	RF02541	8KAB	A	1	3120	2721.90	0	1	2925	00bac0
11128	RF02541	9E0P	A	1	3120	2721.90	0	1	2925	00bac0
11129	RF02541	9GHE	a	10	2913	2876.20	0	1	2925	00bac0
11130	RF02541	9H0L	a	1	2904	2876.20	0	1	2925	00bac0
11131	RF02541	4U1U	DA	1	2903	2871.00	0	1	2925	00bac0
11132	RF02541	4V55	BB	1	2904	2878.60	0	1	2925	00bac0
11133	RF02541	4V5R	BA	1	2913	2716.00	0	1	2925	00bac0
11134	RF02541	5UYN	01	1	2903	2868.70	0	1	2925	00bac0
11135	RF02541	5WIT	2A	1	2912	2711.70	0	1	2925	00bac0
11136	RF02541	6OT3	1	1	2903	2868.50	0	1	2925	00bac0
11137	RF02541	4V51	DA	1	2784	2582.50	0	1	2925	00bac0
11138	RF02541	4V6F	DA	1	2912	2719.00	0	1	2923	00bac0
11139	RF02541	4V6Q	BB	1	2904	2876.20	0	1	2925	00bac0
11140	RF02541	4V8N	BA	1	2913	2721.30	0	1	2925	00bac0
11141	RF02541	4V9D	CA	1	2903	2871.00	0	1	2925	00bac0
11142	RF02541	6HA8	A	1	2928	3029.70	0	1	2925	00bac0
11143	RF02541	6N9F	2A	1	2912	2711.70	0	1	2925	00bac0
11144	RF02541	7A5G	A3	1	1454	376.90	3.7e-122	426	2925	00bac0
11145	RF02541	7OF6	A	1	1454	376.90	3.7e-122	426	2925	00bac0
11146	RF02541	7RYF	A	8	2900	2882.00	0	1	2925	00bac0
11147	RF02541	8C8Y	A	1	2904	2878.60	0	1	2925	00bac0
11148	RF02541	8P2H	A	1	2923	3003.20	0	1	2925	00bac0
11149	RF02541	2FTC	R	1	1568	416.80	2.4e-135	366	2827	00bac0
11150	RF02541	3JCE	A	1	2904	2878.60	0	1	2925	00bac0
11151	RF02541	4LNT	RA	1	2913	2721.30	0	1	2925	00bac0
11152	RF02541	5HCP	2A	1	2912	2711.70	0	1	2925	00bac0
11153	RF02541	5LZD	A	1	2903	2868.60	0	1	2925	00bac0
11154	RF02541	6N9E	2A	1	2912	2711.70	0	1	2925	00bac0
11155	RF02541	6V3A	AN1	8	2900	2883.50	0	1	2925	00bac0
11156	RF02541	6WNW	4	1	3031	2759.60	0	1	2925	00bac0
11157	RF02541	7PJV	A	1	2903	2863.30	0	1	2925	00bac0
11158	RF02541	8HTZ	a	1	2904	2876.20	0	1	2925	00bac0
11159	RF02541	1VY4	DA	1	2912	2711.70	0	1	2925	00bac0
11160	RF02541	4W2F	DA	1	2912	2711.70	0	1	2925	00bac0
11161	RF02541	7ASM	A	1	2923	3005.50	0	1	2925	00bac0
11162	RF02541	7NSP	A	1	2903	2871.00	0	1	2925	00bac0
11163	RF02541	7PJW	A	1	2903	2863.30	0	1	2925	00bac0
11164	RF02541	4V4H	DB	1	2904	2878.60	0	1	2925	00bac0
11165	RF02541	4V5A	DA	1	2779	2585.20	0	1	2925	00bac0
11166	RF02541	4V75	BA	1	2903	2871.00	0	1	2925	00bac0
11167	RF02541	6YWE	A	48	3440	890.80	5.4e-292	1	2925	00bac0
11168	RF02541	7PAU	3	3	2907	2685.90	0	1	2925	00bac0
11169	RF02541	7RQD	1A	1	2912	2711.70	0	1	2925	00bac0
11170	RF02541	8Y5M	1	1	2904	2876.40	0	1	2925	00bac0
11171	RF02541	1VY5	DA	1	2912	2711.70	0	1	2925	00bac0
11172	RF02541	5NP6	Y	1	2903	2863.30	0	1	2925	00bac0
11173	RF02541	5WIS	1A	1	2912	2711.70	0	1	2925	00bac0
11174	RF02541	6H58	A	1	2903	2859.70	0	1	2925	00bac0
11175	RF02541	6OF6	YA	1	2912	2711.70	0	1	2925	00bac0
11176	RF02541	6XGF	a	1	2904	2878.50	0	1	2925	00bac0
11177	RF02541	7PIS	3	3	2907	2685.90	0	1	2925	00bac0
11178	RF02541	3BBX	B	1	2904	2878.60	0	1	2925	00bac0
11179	RF02541	4V5R	DA	1	2913	2716.00	0	1	2925	00bac0
11180	RF02541	4WOI	CA	1	2904	2878.60	0	1	2925	00bac0
11181	RF02541	6NU3	A	1	1381	397.10	7.5e-129	426	2925	00bac0
11182	RF02541	8EKB	1A	1	2912	2711.70	0	1	2925	00bac0
11183	RF02541	8P2G	A	1	2923	3003.20	0	1	2925	00bac0
11184	RF02541	9H3P	A	1	2903	2866.90	0	1	2925	00bac0
11185	RF02541	4V4T	BA	1	2914	2708.10	0	1	2925	00bac0
11186	RF02541	4V9H	BA	1	2913	2721.30	0	1	2925	00bac0
11187	RF02541	6TNN	U	3	2930	3027.00	0	1	2925	00bac0
11188	RF02541	6VZ7	a	1	2903	2868.50	0	1	2925	00bac0
11189	RF02541	7AS8	A	1	2926	3017.20	0	1	2923	00bac0
11190	RF02541	7NWW	1	1	2903	2868.50	0	1	2925	00bac0
11191	RF02541	8FOM	RA	1	2912	2711.70	0	1	2925	00bac0
11192	RF02541	9N2B	23	1	2904	2876.20	0	1	2925	00bac0
11193	RF02541	4V9A	DA	1	2912	2719.00	0	1	2923	00bac0
11194	RF02541	4V9O	EA	1	2904	2878.60	0	1	2925	00bac0
11195	RF02541	4WQR	1H	1	2914	2729.80	0	1	2925	00bac0
11196	RF02541	5HD1	2A	1	2912	2711.70	0	1	2925	00bac0
11197	RF02541	6BZ6	YA	1	2912	2711.70	0	1	2925	00bac0
11198	RF02541	7K55	1	1	2903	2868.70	0	1	2925	00bac0
11199	RF02541	8UU7	A	1	2932	2960.80	0	1	2925	00bac0
11200	RF02541	9H3Q	A	1	2903	2868.10	0	1	2925	00bac0
11201	RF02541	4WQF	AA	1	2912	2711.70	0	1	2925	00bac0
11202	RF02541	4WT8	C1	3	2899	2594.50	0	1	2925	00bac0
11203	RF02541	5V7Q	A	1	3138	2756.00	0	1	2925	00bac0
11204	RF02541	7NWT	1	1	2904	2876.10	0	1	2925	00bac0
11205	RF02541	7UVW	A	8	2900	2882.00	0	1	2925	00bac0
11206	RF02541	9H3Y	A	1	2903	2865.80	0	1	2925	00bac0
11207	RF02541	9HA6	A	1	2904	2878.60	0	1	2925	00bac0
11208	RF02541	6GXN	A	1	2903	2865.80	0	1	2925	00bac0
11209	RF02541	7NQH	BA	1	1457	363.60	1e-117	126	2925	00bac0
11210	RF02541	8FZJ	A	1	2904	2876.20	0	1	2925	00bac0
11211	RF02541	8QU5	A	1	1454	376.90	3.7e-122	426	2925	00bac0
11212	RF02541	8VTU	1A	1	2912	2711.70	0	1	2925	00bac0
11213	RF02541	9GHB	a	10	2913	2876.20	0	1	2925	00bac0
11214	RF02541	3J3W	A	1	2927	3020.00	0	1	2925	00bac0
11215	RF02541	3J5S	A	1	360	347.80	3.8e-113	1860	2219	00bac0
11216	RF02541	4W29	DA	3	2879	2731.30	0	1	2925	00bac0
11217	RF02541	6YWV	A	48	3440	890.80	5.4e-292	1	2925	00bac0
11218	RF02541	7UVZ	A	8	2900	2882.00	0	1	2925	00bac0
11219	RF02541	8VIO	A	1	3120	2721.90	0	1	2925	00bac0
11220	RF02541	4TUE	YA	1	2912	2711.70	0	1	2925	00bac0
11221	RF02541	4U1V	BA	1	2903	2871.00	0	1	2925	00bac0
11222	RF02541	4V83	BA	3	2879	2731.30	0	1	2925	00bac0
11223	RF02541	5KCR	1A	1	2904	2875.70	0	1	2925	00bac0
11224	RF02541	6ZSB	XA	1	1454	376.90	3.7e-122	426	2925	00bac0
11225	RF02541	7OIE	A	1	1454	376.90	3.7e-122	426	2925	00bac0
11226	RF02541	7RQ8	2A	1	2912	2711.70	0	1	2925	00bac0
11227	RF02541	7Y7C	a	1	2904	2876.20	0	1	2925	00bac0
11228	RF02541	8CVL	2A	1	2912	2711.70	0	1	2925	00bac0
11229	RF02541	8FC6	2A	1	2912	2711.70	0	1	2925	00bac0
11230	RF02541	9B4Z	BA	1	2903	2871.00	0	1	2925	00bac0
11231	RF02541	9H3T	A	1	2903	2865.80	0	1	2925	00bac0
11232	RF02541	4LSK	YA	1	2913	2721.30	0	1	2925	00bac0
11233	RF02541	4V9J	BA	3	2879	2731.30	0	1	2925	00bac0
11234	RF02541	4WOI	BA	1	2904	2878.60	0	1	2925	00bac0
11235	RF02541	6U48	CA	1	2904	2872.80	0	1	2925	00bac0
11236	RF02541	6VWL	2	1	2903	2868.70	0	1	2925	00bac0
11237	RF02541	6YS3	b	1	2906	2850.40	0	1	2923	00bac0
11238	RF02541	8T5H	B	1	2903	2871.00	0	1	2925	00bac0
11239	RF02541	8VKV	a	1	2904	2878.50	0	1	2925	00bac0
11240	RF02541	9B0S	l5	1	3511	965.80	0	159	2925	00bac0
11241	RF02541	4LFZ	RA	1	2913	2721.30	0	1	2925	00bac0
11242	RF02541	4WRO	1H	1	2914	2729.80	0	1	2925	00bac0
11243	RF02541	5ADY	B	1	2903	2871.00	0	1	2925	00bac0
11244	RF02541	6QDW	b	1	2906	2850.40	0	1	2923	00bac0
11245	RF02541	6SPD	A	1	2888	2896.50	0	1	2925	00bac0
11246	RF02541	7A18	X	1	2699	2524.20	0	1	2925	00bac0
11247	RF02541	7ODT	A	1	1454	376.90	3.7e-122	426	2925	00bac0
11248	RF02541	8B0X	a	1	2908	2860.90	0	1	2925	00bac0
11249	RF02541	8CEP	a	1	2904	2876.20	0	1	2925	00bac0
11250	RF02541	8G34	B	1	2903	2871.00	0	1	2925	00bac0
11251	RF02541	8IFC	a	1	2904	2876.20	0	1	2925	00bac0
11252	RF02541	8VPK	A	1	3120	2721.90	0	1	2925	00bac0
11253	RF02541	9B1W	Y	1	2951	2670.20	0	1	2925	00bac0
11254	RF02541	9IOT	A	1	2904	2876.20	0	1	2925	00bac0
11255	RF02541	4V4X	BA	1	2914	2708.10	0	1	2925	00bac0
11256	RF02541	4WSM	14	1	2914	2729.80	0	1	2925	00bac0
11257	RF02541	6BOH	B	3	2880	2727.90	0	1	2925	00bac0
11258	RF02541	6I7V	CA	1	2904	2878.60	0	1	2925	00bac0
11259	RF02541	6OPE	RA	1	2912	2711.70	0	1	2925	00bac0
11260	RF02541	6PC8	I	1	2904	2876.20	0	1	2925	00bac0
11261	RF02541	6WD0	1	1	2903	2868.70	0	1	2925	00bac0
11262	RF02541	7OI9	A	1	1454	376.90	3.7e-122	426	2925	00bac0
11263	RF02541	7QGN	N	1	2903	2871.00	0	1	2925	00bac0
11264	RF02541	8EV7	1A	1	2912	2711.70	0	1	2925	00bac0
11265	RF02541	8J1Z	a	1	2904	2878.60	0	1	2925	00bac0
11266	RF02541	1Y39	C	1	58	57.10	1.2e-17	1092	1149	00bac0
11267	RF02541	4U27	DA	1	2903	2871.00	0	1	2925	00bac0
11268	RF02541	4V71	BA	1	2903	2871.00	0	1	2925	00bac0
11269	RF02541	4V9O	GA	1	2904	2878.60	0	1	2925	00bac0
11270	RF02541	5NDK	1H	1	2914	2729.80	0	1	2925	00bac0
11271	RF02541	6S13	A	1	2905	2967.00	0	1	2925	00bac0
11272	RF02541	6ZTN	BA	1	2904	2875.60	0	1	2925	00bac0
11273	RF02541	7PAH	3	3	2907	2685.90	0	1	2925	00bac0
11274	RF02541	7PJU	A	1	2903	2863.30	0	1	2925	00bac0
11275	RF02541	8BF7	0	1	2904	2878.60	0	1	2925	00bac0
11276	RF02541	8CGD	a	1	2904	2876.20	0	1	2925	00bac0
11277	RF02541	9NLF	R1	1	2903	2868.10	0	1	2925	00bac0
11278	RF02541	1C2W	B	1	2904	2876.10	0	1	2925	00bac0
11279	RF02541	4V5Y	BB	1	2904	2878.60	0	1	2925	00bac0
11280	RF02541	4V77	BA	1	2903	2871.00	0	1	2925	00bac0
11281	RF02541	4V7U	BA	1	2904	2878.60	0	1	2925	00bac0
11282	RF02541	4V7V	BA	1	2903	2871.00	0	1	2925	00bac0
11283	RF02541	4WR6	14	1	2914	2729.80	0	1	2925	00bac0
11284	RF02541	6DDD	1	1	2923	3005.50	0	1	2925	00bac0
11285	RF02541	6ENU	A	1	2903	2860.70	0	1	2925	00bac0
11286	RF02541	6PCQ	I	1	2904	2876.20	0	1	2925	00bac0
11287	RF02541	7AQD	A	1	2918	2994.60	0	1	2925	00bac0
11288	RF02541	7K53	1	1	2903	2868.70	0	1	2925	00bac0
11289	RF02541	7S1J	I	1	2904	2876.20	0	1	2925	00bac0
11290	RF02541	8VOQ	a	1	2904	2878.50	0	1	2925	00bac0
11291	RF02541	4V7A	BA	1	2903	2871.00	0	1	2925	00bac0
11292	RF02541	6O9K	A	1	2854	2777.40	0	1	2925	00bac0
11293	RF02541	7AS9	A	1	2926	3017.20	0	1	2923	00bac0
11294	RF02541	7OI6	A	1	1454	376.90	3.7e-122	426	2925	00bac0
11295	RF02541	7SS9	1	1	2903	2868.70	0	1	2925	00bac0
11296	RF02541	8APN	A3	1	207	81.00	5.4e-25	700	907	00bac0
11297	RF02541	8XT2	L1	1	1454	376.90	3.7e-122	426	2925	00bac0
11298	RF02541	8XT3	L1	1	1454	376.90	3.7e-122	426	2925	00bac0
11299	RF02541	9MUJ	C	1	59	63.50	9.6e-20	2539	2597	00bac0
11300	RF02541	2OGM	0	1	2878	2759.60	0	1	2925	00bac0
11301	RF02541	4LT8	YA	1	2913	2721.30	0	1	2925	00bac0
11302	RF02541	4V7J	AA	3	2848	2596.90	0	1	2925	00bac0
11303	RF02541	6O8Y	A	1	2903	2946.20	0	1	2925	00bac0
11304	RF02541	6WYV	I	1	2904	2876.20	0	1	2925	00bac0
11305	RF02541	7N30	23	1	2904	2876.20	0	1	2925	00bac0
11306	RF02541	7S9U	A	1	2928	3028.10	0	1	2925	00bac0
11307	RF02541	7TOS	23S	1	2903	2868.70	0	1	2925	00bac0
11308	RF02541	8RCL	72	1	2904	2873.70	0	1	2925	00bac0
11309	RF02541	8UD7	1A	1	2912	2711.70	0	1	2925	00bac0
11310	RF02541	9K0Z	h	1	3127	2738.60	0	1	2925	00bac0
11311	RF02541	4V5M	BA	1	2913	2721.30	0	1	2925	00bac0
11312	RF02541	5J4B	1A	1	2912	2711.70	0	1	2925	00bac0
11313	RF02541	6GZX	A1	1	2912	2719.00	0	1	2923	00bac0
11314	RF02541	6VYU	a	1	2904	2878.50	0	1	2925	00bac0
11315	RF02541	7PI8	3	3	2907	2685.90	0	1	2925	00bac0
11316	RF02541	9H3L	A	1	2904	2874.50	0	1	2925	00bac0
11317	RF02541	9O3I	2A	1	2912	2711.70	0	1	2925	00bac0
11318	RF02541	4LEL	RA	1	2913	2721.30	0	1	2925	00bac0
11319	RF02541	4V78	BA	1	2903	2871.00	0	1	2925	00bac0
11320	RF02541	4WZD	1H	1	2914	2729.80	0	1	2925	00bac0
11321	RF02541	4YPB	YA	1	2913	2721.30	0	1	2925	00bac0
11322	RF02541	5LZC	A	1	2903	2868.60	0	1	2925	00bac0
11323	RF02541	6WRU	1	1	2923	3004.90	0	1	2925	00bac0
11324	RF02541	7SSD	1	1	2903	2868.70	0	1	2925	00bac0
11325	RF02541	7Z20	b	1	2904	2863.70	0	1	2925	00bac0
11326	RF02541	4W2G	BA	1	2912	2711.70	0	1	2925	00bac0
11327	RF02541	4WWW	RA	1	2904	2878.60	0	1	2925	00bac0
11328	RF02541	5JVH	X	1	2878	2759.60	0	1	2925	00bac0
11329	RF02541	6NSH	RA	1	2912	2711.70	0	1	2925	00bac0
11330	RF02541	7NQL	BA	1	1457	363.60	1e-117	126	2925	00bac0
11331	RF02541	8WI8	A	1	3119	2721.40	0	1	2925	00bac0
11332	RF02541	4CE4	A	1	1456	374.20	3.2e-121	252	2925	00bac0
11333	RF02541	4L47	YA	1	2913	2721.30	0	1	2925	00bac0
11334	RF02541	4L71	YA	1	2913	2721.30	0	1	2925	00bac0
11335	RF02541	4V5B	CB	1	2904	2878.60	0	1	2925	00bac0
11336	RF02541	5OOL	A	1	1454	376.90	3.7e-122	426	2925	00bac0
11337	RF02541	7BL5	A	8	2911	2878.60	0	1	2925	00bac0
11338	RF02541	8BUU	A	1	2927	3017.50	0	1	2925	00bac0
11339	RF02541	9B00	2A	1	2912	2711.70	0	1	2925	00bac0
11340	RF02541	9DYG	CA	7	1742	1332.40	0	1	2925	00bac0
11341	RF02541	7RQA	2A	1	2912	2711.70	0	1	2925	00bac0
11342	RF02541	8A3L	a	1	2903	2866.60	0	1	2925	00bac0
11343	RF02541	8UQL	a	1	2904	2878.50	0	1	2925	00bac0
11344	RF02541	8UUA	A	1	2932	2960.80	0	1	2925	00bac0
11345	RF02541	9HCG	A	1	1471	373.20	6.6e-121	161	2925	00bac0
11346	RF02541	4U1V	DA	1	2903	2871.00	0	1	2925	00bac0
11347	RF02541	4V7Y	DA	1	2784	2582.50	0	1	2925	00bac0
11348	RF02541	6LKQ	t	1	2903	2871.00	0	1	2925	00bac0
11349	RF02541	6Q97	1	1	2903	2868.50	0	1	2925	00bac0
11350	RF02541	9GYT	1	3	2922	2034.10	0	1	2925	00bac0
11351	RF02541	4V7P	BA	3	2879	2731.30	0	1	2925	00bac0
11352	RF02541	7AQC	A	1	2820	2896.70	0	1	2925	00bac0
11353	RF02541	7OF3	A	1	1454	376.90	3.7e-122	426	2925	00bac0
11354	RF02541	7QH6	A	1	1454	376.90	3.7e-122	426	2925	00bac0
11355	RF02541	8FC4	2A	1	2912	2711.70	0	1	2925	00bac0
11356	RF02541	8G2C	2A	1	2912	2709.10	0	1	2925	00bac0
11357	RF02541	8RD8	Z2	8	2870	2841.90	0	1	2925	00bac0
11358	RF02541	8WHY	A	1	3119	2721.40	0	1	2925	00bac0
11359	RF02541	8YUR	a	1	2904	2876.20	0	1	2925	00bac0
11360	RF02541	9O3H	2A	1	2912	2711.70	0	1	2925	00bac0
11361	RF02541	1C04	E	1	58	58.30	4.7e-18	1092	1149	00bac0
11362	RF02541	3DG0	B	1	2904	2878.60	0	1	2925	00bac0
11363	RF02541	5NWY	N	1	2903	2871.00	0	1	2925	00bac0
11364	RF02541	6YSI	1	1	2893	2886.30	0	1	2925	00bac0
11365	RF02541	8CRX	a	3	3083	2569.30	0	1	2925	00bac0
11366	RF02541	9GFT	AV	1	2903	2871.00	0	1	2925	00bac0
11367	RF02541	6DZP	A	1	3119	2721.40	0	1	2925	00bac0
11368	RF02541	7ST2	1	1	2903	2868.70	0	1	2925	00bac0
11369	RF02541	8VTX	2A	1	2912	2711.70	0	1	2925	00bac0
11370	RF02541	8VWQ	1	1	2903	2860.70	0	1	2925	00bac0
11371	RF02541	9CG5	a	1	2904	2876.20	0	1	2925	00bac0
11372	RF02541	4V7U	DA	1	2904	2878.60	0	1	2925	00bac0
11373	RF02541	4V8G	BA	1	2912	2711.70	0	1	2925	00bac0
11374	RF02541	4W2I	DA	1	2912	2711.70	0	1	2925	00bac0
11375	RF02541	7ABZ	1	1	2904	2876.10	0	1	2925	00bac0
11376	RF02541	7ODS	A	1	1454	376.90	3.8e-122	426	2925	00bac0
11377	RF02541	8UTJ	1	1	2904	2878.50	0	1	2925	00bac0
11378	RF02541	9MOR	1	1	2903	2868.50	0	1	2925	00bac0
11379	RF02541	9MTT	1A	1	2912	2711.70	0	1	2925	00bac0
11380	RF02541	9WNQ	b	1	2904	2878.60	0	1	2925	00bac0
11381	RF02541	1VVJ	YA	1	2913	2721.30	0	1	2925	00bac0
11382	RF02541	4V4G	FB	1	2825	2660.20	0	1	2925	00bac0
11383	RF02541	4V5K	BA	3	2848	2596.90	0	1	2925	00bac0
11384	RF02541	4V7I	A8	1	2904	2878.60	0	1	2925	00bac0
11385	RF02541	4WU1	1H	1	2914	2729.80	0	1	2925	00bac0
11386	RF02541	6GSL	14	1	2914	2729.80	0	1	2925	00bac0
11387	RF02541	7S1I	I	1	2904	2876.20	0	1	2925	00bac0
11388	RF02541	8WHX	A	1	3119	2721.40	0	1	2925	00bac0
11389	RF02541	9B51	BA	1	2903	2871.00	0	1	2925	00bac0
11390	RF02541	9D7T	1A	1	2912	2711.70	0	1	2925	00bac0
11391	RF02541	4WR6	1H	1	2914	2729.80	0	1	2925	00bac0
11392	RF02541	9DFD	2A	1	2912	2711.70	0	1	2925	00bac0
11393	RF02541	9HA2	A	1	2904	2874.50	0	1	2925	00bac0
11394	RF02541	4V63	DA	1	2891	2757.50	0	1	2925	00bac0
11395	RF02541	5X8T	A	1	2810	2437.50	0	1	2818	00bac0
11396	RF02541	6I0Y	A	1	2903	2871.00	0	1	2925	00bac0
11397	RF02541	7RQE	2A	1	2912	2711.70	0	1	2925	00bac0
11398	RF02541	8CGK	a	1	2904	2876.20	0	1	2925	00bac0
11399	RF02541	8FZI	A	1	2904	2876.20	0	1	2925	00bac0
11400	RF02541	9D7T	2A	1	2912	2711.70	0	1	2925	00bac0
11401	RF02541	9NJF	R1	1	2903	2868.10	0	1	2925	00bac0
11402	RF02541	4P70	RA	1	2913	2721.30	0	1	2925	00bac0
11403	RF02541	6GXP	A	1	2903	2865.80	0	1	2925	00bac0
11404	RF02541	6OF1	1A	1	2912	2711.70	0	1	2925	00bac0
11405	RF02541	6YDW	AA	1176	2737	407.10	4.1e-131	1	2925	00bac0
11406	RF02541	7AZO	23SA	1	2911	2716.40	0	1	2925	00bac0
11407	RF02541	7P6Z	3	3	2907	2685.90	0	1	2925	00bac0
11408	RF02541	8BHN	0	1	2904	2878.60	0	1	2925	00bac0
11409	RF02541	8E3M	I	1	2904	2876.20	0	1	2925	00bac0
11410	RF02541	8G31	B	1	2903	2871.00	0	1	2925	00bac0
11411	RF02541	8ZFI	b	1	2904	2878.60	0	1	2925	00bac0
11412	RF02541	9B1Y	Y	1	3038	2627.60	0	1	2925	00bac0
11413	RF02541	9I05	RX	1	277	72.40	5.1e-22	1783	2120	00bac0
11414	RF02541	1Y39	D	1	58	57.10	1.2e-17	1092	1149	00bac0
11415	RF02541	4TUA	RA	1	2912	2711.70	0	1	2925	00bac0
11416	RF02541	4V47	A0	1	2904	2878.60	0	1	2925	00bac0
11417	RF02541	4V6E	DA	1	2903	2871.00	0	1	2925	00bac0
11418	RF02541	4V7J	BA	3	2848	2596.90	0	1	2925	00bac0
11419	RF02541	4V9Q	CA	3	2879	2731.40	0	1	2925	00bac0
11420	RF02541	5J7L	CA	1	2904	2876.20	0	1	2925	00bac0
11421	RF02541	6GAW	BA	1	1457	363.60	1e-117	126	2925	00bac0
11422	RF02541	6ZSA	XA	1	1454	376.90	3.7e-122	426	2925	00bac0
11423	RF02541	7B5K	A	1	2897	2860.70	0	1	2925	00bac0
11424	RF02541	7ST7	1	1	2903	2868.70	0	1	2925	00bac0
11425	RF02541	8PEG	7	1	2903	2868.60	0	1	2925	00bac0
11426	RF02541	9HAI	A	1	2903	2865.80	0	1	2925	00bac0
11427	RF02541	4V5E	BA	1	2898	2706.80	0	1	2925	00bac0
11428	RF02541	6S0K	A	1	2883	2836.90	0	1	2925	00bac0
11429	RF02541	7SAE	A	1	2928	3028.10	0	1	2925	00bac0
11430	RF02541	8RCS	72	1	2904	2873.70	0	1	2925	00bac0
11431	RF02541	9B50	BA	1	2903	2871.00	0	1	2925	00bac0
11432	RF02541	9P4I	A	1	2927	3020.20	0	1	2925	00bac0
11433	RF02541	1JZX	A	1	2878	2759.60	0	1	2925	00bac0
11434	RF02541	4V5N	BA	1	2913	2721.30	0	1	2925	00bac0
11435	RF02541	5EL4	14	1	2914	2729.80	0	1	2925	00bac0
11436	RF02541	5IT8	DA	1	2903	2868.60	0	1	2925	00bac0
11437	RF02541	8A57	A	1	2931	2956.30	0	1	2925	00bac0
11438	RF02541	8KIE	a	1	2904	2878.50	0	1	2925	00bac0
11439	RF02541	3J46	4	2	109	77.20	5e-24	2118	2225	00bac0
11440	RF02541	4V6C	DA	1	2903	2871.00	0	1	2925	00bac0
11441	RF02541	4V8G	DA	1	2912	2711.70	0	1	2925	00bac0
11442	RF02541	4ZER	1A	1	2912	2711.70	0	1	2925	00bac0
11443	RF02541	5IB8	1H	1	2914	2729.80	0	1	2925	00bac0
11444	RF02541	6BOK	EB	3	2880	2727.90	0	1	2925	00bac0
11445	RF02541	6CFK	1A	1	2912	2711.70	0	1	2925	00bac0
11446	RF02541	7AZO	23SB	1	2911	2716.40	0	1	2925	00bac0
11447	RF02541	7PIO	3	3	2907	2685.90	0	1	2925	00bac0
11448	RF02541	7QI5	A	1	1454	376.90	3.7e-122	426	2925	00bac0
11449	RF02541	1NJP	0	1	2878	2759.60	0	1	2925	00bac0
11450	RF02541	4U25	DA	1	2903	2871.00	0	1	2925	00bac0
11451	RF02541	4V7B	BA	1	2904	2878.60	0	1	2925	00bac0
11452	RF02541	4V8H	DA	1	2910	2708.70	0	1	2925	00bac0
11453	RF02541	5E81	14	1	2914	2729.80	0	1	2925	00bac0
11454	RF02541	8CVM	a	3	3083	2569.30	0	1	2925	00bac0
11455	RF02541	8FC3	2A	1	2912	2711.70	0	1	2925	00bac0
11456	RF02541	8G2B	1A	1	2912	2709.10	0	1	2925	00bac0
11457	RF02541	8G38	B	1	2903	2871.00	0	1	2925	00bac0
11458	RF02541	8UQP	a	1	2904	2878.50	0	1	2925	00bac0
11459	RF02541	4U1U	BA	1	2903	2871.00	0	1	2925	00bac0
11460	RF02541	5J4B	2A	1	2912	2711.70	0	1	2925	00bac0
11461	RF02541	6NDK	YA	1	2912	2711.70	0	1	2925	00bac0
11462	RF02541	6Q95	1	1	2913	2721.30	0	1	2925	00bac0
11463	RF02541	6QNQ	14	1	2914	2729.80	0	1	2925	00bac0
11464	RF02541	6XDR	a	1	2904	2878.50	0	1	2925	00bac0
11465	RF02541	7A5K	A3	1	1454	376.90	3.7e-122	426	2925	00bac0
11466	RF02541	8G2A	1A	1	2912	2709.10	0	1	2925	00bac0
11467	RF02541	8P8W	3	3	2907	2685.90	0	1	2925	00bac0
11468	RF02541	8Y5K	1	1	2904	2876.40	0	1	2925	00bac0
11469	RF02541	9QEG	A	1	2923	3005.40	0	1	2925	00bac0
11470	RF02541	3J45	5	1	108	77.20	5e-24	2118	2225	00bac0
11471	RF02541	4V6G	BA	3	2898	2704.60	0	1	2925	00bac0
11472	RF02541	4V6S	AB	1	2904	2876.20	0	1	2925	00bac0
11473	RF02541	4V8C	BA	1	2912	2719.00	0	1	2923	00bac0
11474	RF02541	4V8Q	AA	1	2913	2713.60	0	1	2925	00bac0
11475	RF02541	4V9P	AA	1	2904	2878.60	0	1	2925	00bac0
11476	RF02541	4ZER	2A	1	2912	2711.70	0	1	2925	00bac0
11477	RF02541	5EL4	1H	1	2914	2729.80	0	1	2925	00bac0
11478	RF02541	7AZS	23SA	1	2911	2716.40	0	1	2925	00bac0
11479	RF02541	7O1C	BA	1	2897	2860.70	0	1	2925	00bac0
11480	RF02541	8BIL	0	1	2904	2878.60	0	1	2925	00bac0
11481	RF02541	9MTR	1A	1	2912	2711.70	0	1	2925	00bac0
11482	RF02541	4WRO	14	1	2914	2729.80	0	1	2925	00bac0
11483	RF02541	4Y4P	2A	1	2912	2711.70	0	1	2925	00bac0
11484	RF02541	6GC4	A	1	2904	2878.60	0	1	2925	00bac0
11485	RF02541	6GZZ	A2	1	2912	2719.00	0	1	2923	00bac0
11486	RF02541	6ORE	1	1	2903	2868.50	0	1	2925	00bac0
11487	RF02541	8RQ2	A	1	2903	2865.80	0	1	2925	00bac0
11488	RF02541	8URM	1	1	2904	2878.50	0	1	2925	00bac0
11489	RF02541	9HCF	A	1	1471	368.10	3.2e-119	161	2925	00bac0
11490	RF02541	4V4Y	BA	1	2914	2708.10	0	1	2925	00bac0
11491	RF02541	5D8B	ZC	1	2890	2744.80	0	1	2925	00bac0
11492	RF02541	7OF0	A	1	1454	376.90	3.7e-122	426	2925	00bac0
11493	RF02541	7PAQ	3	3	2907	2685.90	0	1	2925	00bac0
11494	RF02541	7U2I	2A	1	2912	2711.70	0	1	2925	00bac0
11495	RF02541	4V4W	B0	1	2740	2546.90	0	16	2925	00bac0
11496	RF02541	4V9P	CA	1	2904	2878.60	0	1	2925	00bac0
11497	RF02541	5GAE	A	1	2903	2871.00	0	1	2925	00bac0
11498	RF02541	5KPV	27	1	2903	2865.80	0	1	2925	00bac0
11499	RF02541	6ND5	2A	1	2912	2711.70	0	1	2925	00bac0
11500	RF02541	6PRV	A	1	58	60.10	1.2e-18	1092	1149	00bac0
11501	RF02541	7RQC	1A	1	2912	2711.70	0	1	2925	00bac0
11502	RF02541	8C92	A	1	2904	2878.60	0	1	2925	00bac0
11503	RF02541	8G6X	a	1	2904	2876.20	0	1	2925	00bac0
11504	RF02541	8OIR	B8	1	1454	376.90	3.7e-122	426	2925	00bac0
11505	RF02541	9JMK	A	1	2904	2878.60	0	1	2925	00bac0
11506	RF02541	3J5L	A	1	2904	2878.60	0	1	2925	00bac0
11507	RF02541	4V8D	DA	1	2912	2719.00	0	1	2923	00bac0
11508	RF02541	6BY1	DA	1	2904	2878.60	0	1	2925	00bac0
11509	RF02541	6VYQ	a	1	2904	2878.50	0	1	2925	00bac0
11510	RF02541	7D6Z	A	1	2903	2871.00	0	1	2925	00bac0
11511	RF02541	7Y7F	a	1	2904	2876.20	0	1	2925	00bac0
11512	RF02541	8CGR	a	1	2904	2876.20	0	1	2925	00bac0
11513	RF02541	8E30	I	1	2904	2876.20	0	1	2925	00bac0
11514	RF02541	8G6W	a	1	2904	2876.20	0	1	2925	00bac0
11515	RF02541	8QCQ	A	1	2925	3015.40	0	1	2922	00bac0
11516	RF02541	8URX	a	1	2904	2878.50	0	1	2925	00bac0
11517	RF02541	2OGN	0	1	2878	2759.60	0	1	2925	00bac0
11518	RF02541	4V8F	DA	1	2912	2719.00	0	1	2923	00bac0
11519	RF02541	4W4G	YA	1	2913	2721.30	0	1	2925	00bac0
11520	RF02541	6B4V	FB	3	2880	2727.90	0	1	2925	00bac0
11521	RF02541	7PD3	A	1	1454	377.00	3.5e-122	426	2925	00bac0
11522	RF02541	7SSN	1	1	2903	2868.70	0	1	2925	00bac0
11523	RF02541	1XBP	0	1	2878	2759.60	0	1	2925	00bac0
11524	RF02541	3J9M	A	1	1454	376.90	3.7e-122	426	2925	00bac0
11525	RF02541	4V6P	BB	1	2904	2876.20	0	1	2925	00bac0
11526	RF02541	5WF0	A	1	2903	2861.90	0	1	2925	00bac0
11527	RF02541	6VYR	a	1	2904	2878.50	0	1	2925	00bac0
11528	RF02541	2ZJP	X	1	2878	2759.60	0	1	2925	00bac0
11529	RF02541	4TUD	RA	1	2912	2711.70	0	1	2925	00bac0
11530	RF02541	4V9R	BA	1	2912	2711.70	0	1	2925	00bac0
11531	RF02541	5A9Z	AA	1	2889	2739.50	0	1	2923	00bac0
11532	RF02541	6TBV	23S1	1	2897	2860.70	0	1	2925	00bac0
11533	RF02541	7BV8	A	1	2903	2868.20	0	1	2925	00bac0
11534	RF02541	8BIM	0	1	2904	2878.60	0	1	2925	00bac0
11535	RF02541	8P16	1	1	2904	2876.20	0	1	2925	00bac0
11536	RF02541	8SYL	A	1	2904	2876.20	0	1	2925	00bac0
11537	RF02541	4V8H	BA	1	2910	2708.70	0	1	2925	00bac0
11538	RF02541	5EL7	1H	1	2914	2729.80	0	1	2925	00bac0
11539	RF02541	6BOK	B	3	2880	2727.90	0	1	2925	00bac0
11540	RF02541	8RCT	72	1	2904	2873.70	0	1	2925	00bac0
11541	RF02541	8URI	a	1	2904	2878.50	0	1	2925	00bac0
11542	RF02541	7MT2	A	1	3138	2756.00	0	1	2925	00bac0
11543	RF02541	7PAN	3	3	2907	2685.90	0	1	2925	00bac0
11544	RF02541	8ANA	a	1	2903	2870.70	0	1	2925	00bac0
11545	RF02541	9O3I	1A	1	2912	2711.70	0	1	2925	00bac0
11546	RF02541	4V7K	AA	3	2848	2596.90	0	1	2925	00bac0
11547	RF02541	5F8K	2A	1	2912	2711.70	0	1	2925	00bac0
11548	RF02541	5UYM	01	1	2903	2868.70	0	1	2925	00bac0
11549	RF02541	8YUQ	a	1	2904	2876.20	0	1	2925	00bac0
11550	RF02541	9D0J	2A	1	2912	2711.70	0	1	2925	00bac0
11551	RF02541	9JSR	A	1	2904	2878.60	0	1	2925	00bac0
11552	RF02541	9MTQ	1A	1	2912	2711.70	0	1	2925	00bac0
11553	RF02541	9O3K	1A	1	2912	2711.70	0	1	2925	00bac0
11554	RF02541	6NDK	RA	1	2912	2711.70	0	1	2925	00bac0
11555	RF02541	6TPQ	U	1	2924	3010.90	0	1	2925	00bac0
11556	RF02541	6WD9	1	1	2903	2868.70	0	1	2925	00bac0
11557	RF02541	6WDB	1	1	2903	2868.70	0	1	2925	00bac0
11558	RF02541	8RRI	A	1	1451	377.90	1.7e-122	426	2925	00bac0
11559	RF02541	8VOO	a	1	2904	2878.50	0	1	2925	00bac0
11560	RF02541	9BSL	A	1	2927	3020.20	0	1	2925	00bac0
11561	RF02541	4U27	BA	1	2903	2871.00	0	1	2925	00bac0
11562	RF02541	5LI0	A	1	2918	2987.60	0	1	2925	00bac0
11563	RF02541	5VP2	2A	1	2912	2711.70	0	1	2925	00bac0
11564	RF02541	6NUO	RA	1	2912	2711.70	0	1	2925	00bac0
11565	RF02541	8E3O	I	1	2904	2876.20	0	1	2925	00bac0
11566	RF02541	8YDG	1	1	2904	2876.40	0	1	2925	00bac0
11567	RF02541	9D0H	1A	1	2912	2711.70	0	1	2925	00bac0
11568	RF02541	5J4C	2A	1	2912	2711.70	0	1	2925	00bac0
11569	RF02541	5WFS	A	1	2903	2861.90	0	1	2925	00bac0
11570	RF02541	6GXM	A	1	2903	2865.80	0	1	2925	00bac0
11571	RF02541	6OTR	YA	1	2912	2711.70	0	1	2925	00bac0
11572	RF02541	6PCR	I	1	2904	2876.20	0	1	2925	00bac0
11573	RF02541	6WD2	1	1	2903	2868.70	0	1	2925	00bac0
11574	RF02541	6XDQ	a	1	2904	2878.50	0	1	2925	00bac0
11575	RF02541	7K00	a	1	2904	2876.20	0	1	2925	00bac0
11576	RF02541	8T8C	1A	1	2912	2711.70	0	1	2925	00bac0
11577	RF02541	8Y36	A	1	2921	2993.40	0	1	2925	00bac0
11578	RF02541	9QT5	1	1	3119	2758.50	0	1	2925	00bac0
11579	RF02541	4QG3	B	1	80	60.30	1.4e-18	2131	2210	00bac0
11580	RF02541	4V5L	BA	1	2913	2716.00	0	1	2925	00bac0
11581	RF02541	4V9C	DA	1	2904	2878.60	0	1	2925	00bac0
11582	RF02541	4W29	BA	3	2879	2731.30	0	1	2925	00bac0
11583	RF02541	4W4G	RA	1	2913	2721.30	0	1	2925	00bac0
11584	RF02541	4WF1	BA	1	2903	2871.00	0	1	2925	00bac0
11585	RF02541	5T7V	B	1	2919	2992.10	0	1	2922	00bac0
11586	RF02541	8C9C	A	1	2904	2878.60	0	1	2925	00bac0
11587	RF02541	8FC6	1A	1	2912	2711.70	0	1	2925	00bac0
11588	RF02541	9MQ4	1	1	2903	2868.50	0	1	2925	00bac0
11589	RF02541	4TUA	YA	1	2912	2711.70	0	1	2925	00bac0
11590	RF02541	4V52	BB	1	2904	2878.60	0	1	2925	00bac0
11591	RF02541	4V67	DA	1	2891	2757.50	0	1	2925	00bac0
11592	RF02541	5KPW	27	1	2903	2865.80	0	1	2925	00bac0
11593	RF02541	6PVK	A	1	2927	3021.80	0	1	2925	00bac0
11594	RF02541	6WU9	A	1	2908	2946.70	0	1	2925	00bac0
11595	RF02541	7LH5	DA	1	2836	2679.40	0	1	2925	00bac0
11596	RF02541	8W51	A	1	2904	2878.50	0	1	2925	00bac0
11597	RF02541	8XT0	L1	1	1454	376.90	3.7e-122	426	2925	00bac0
11598	RF02541	9GHH	A	1	2923	3003.20	0	1	2925	00bac0
11599	RF02541	9O3J	1A	1	2912	2711.70	0	1	2925	00bac0
11600	RF02541	2OGO	0	1	2878	2759.60	0	1	2925	00bac0
11601	RF02541	4V51	BA	1	2784	2582.50	0	1	2925	00bac0
11602	RF02541	4V9O	CA	1	2904	2878.60	0	1	2925	00bac0
11603	RF02541	5DOX	2A	1	2912	2711.70	0	1	2925	00bac0
11604	RF02541	6TC3	23S1	1	2897	2860.70	0	1	2925	00bac0
11605	RF02541	6WQQ	1	1	2923	3004.90	0	1	2925	00bac0
11606	RF02541	8G2D	2A	1	2912	2711.70	0	1	2925	00bac0
11607	RF02541	8ZFG	a	1	2904	2869.20	0	1	2925	00bac0
11608	RF02541	9H3Z	A	1	2904	2878.60	0	1	2925	00bac0
11609	RF02541	9HAM	A	1	2904	2874.50	0	1	2925	00bac0
11610	RF02541	5MDY	1	1	2904	2876.10	0	1	2925	00bac0
11611	RF02541	5ZEP	A	1	3120	2721.90	0	1	2925	00bac0
11612	RF02541	7UNU	A	1	2891	2912.30	0	1	2925	00bac0
11613	RF02541	8BGE	0	1	2904	2878.60	0	1	2925	00bac0
11614	RF02541	8HSP	a	1	2904	2876.20	0	1	2925	00bac0
11615	RF02541	8Y5O	1	1	2904	2876.40	0	1	2925	00bac0
11616	RF02541	9D7S	1A	1	2912	2711.70	0	1	2925	00bac0
11617	RF02541	9DFE	1A	1	2912	2711.70	0	1	2925	00bac0
11618	RF02541	4V7S	BA	1	2903	2871.00	0	1	2925	00bac0
11619	RF02541	4WZD	14	1	2914	2729.80	0	1	2925	00bac0
11620	RF02541	5J3C	YA	1	2912	2711.70	0	1	2925	00bac0
11621	RF02541	6ORD	YA	1	2912	2711.70	0	1	2925	00bac0
11622	RF02541	6OSI	YA	7	2905	2695.10	0	1	2925	00bac0
11623	RF02541	7A5F	A3	1	1454	376.90	3.7e-122	426	2925	00bac0
11624	RF02541	7O1A	BA	1	2897	2860.70	0	1	2925	00bac0
11625	RF02541	8P2F	A	1	2923	3003.20	0	1	2925	00bac0
11626	RF02541	8XZ3	A	1	3119	2721.40	0	1	2925	00bac0
11627	RF02541	9JNS	A	1	2904	2878.60	0	1	2925	00bac0
11628	RF02541	3J6B	A	186	3136	392.10	7.4e-127	1	2925	00bac0
11629	RF02541	4V42	BA	1	2914	2708.10	0	1	2925	00bac0
11630	RF02541	4V53	BB	1	2904	2878.60	0	1	2925	00bac0
11631	RF02541	4V6C	BA	1	2903	2871.00	0	1	2925	00bac0
11632	RF02541	5D8B	VC	1	2890	2744.80	0	1	2925	00bac0
11633	RF02541	6WD7	1	1	2903	2868.70	0	1	2925	00bac0
11634	RF02541	6XYW	1	1	2842	2019.00	0	1	2925	00bac0
11635	RF02541	7MT7	A	1	3138	2756.00	0	1	2925	00bac0
11636	RF02541	8UX8	1	1	2904	2878.50	0	1	2925	00bac0
11637	RF02541	4V4P	AA	1	2913	2712.90	0	1	2925	00bac0
11638	RF02541	4V5S	DA	1	2913	2716.00	0	1	2925	00bac0
11639	RF02541	4V9S	BA	1	2912	2711.70	0	1	2925	00bac0
11640	RF02541	4WWW	YA	1	2904	2878.60	0	1	2925	00bac0
11641	RF02541	5IMQ	D	1	2891	2750.30	0	1	2925	00bac0
11642	RF02541	5TCU	B	1	2923	2998.90	0	1	2925	00bac0
11643	RF02541	7JQL	1A	1	2912	2711.70	0	1	2925	00bac0
11644	RF02541	7MD7	1A	1	2912	2711.70	0	1	2925	00bac0
11645	RF02541	8WI7	A	1	3119	2721.40	0	1	2925	00bac0
11646	RF02541	9CL9	CA	1	2904	2876.40	0	1	2925	00bac0
11647	RF02541	3PIP	X	1	2878	2759.60	0	1	2925	00bac0
11648	RF02541	4LT8	RA	1	2913	2721.30	0	1	2925	00bac0
11649	RF02541	4V5J	BA	1	2913	2721.30	0	1	2925	00bac0
11650	RF02541	4YZV	YA	1	2913	2721.30	0	1	2925	00bac0
11651	RF02541	6NWY	YA	1	2912	2711.70	0	1	2925	00bac0
11652	RF02541	6YEF	A	1	2923	3005.50	0	1	2925	00bac0
11653	RF02541	7P48	A	1	2921	2988.60	0	1	2925	00bac0
11654	RF02541	7UVV	A	8	2900	2882.00	0	1	2925	00bac0
11655	RF02541	9E0N	A	1	3120	2721.90	0	1	2925	00bac0
11656	RF02541	3J0D	A	1	50	50.30	1.9e-15	1096	1145	00bac0
11657	RF02541	5WFK	A	1	2903	2861.90	0	1	2925	00bac0
11658	RF02541	6GB2	BA	1	1457	363.60	1e-117	126	2925	00bac0
11659	RF02541	7O19	BA	1	2897	2860.70	0	1	2925	00bac0
11660	RF02541	8APO	A3	1	207	81.00	5.4e-25	700	907	00bac0
11661	RF02541	9HCE	A	1	1471	373.20	6.6e-121	161	2925	00bac0
11662	RF02541	1EG0	L	1	56	57.60	8.2e-18	1093	1148	00bac0
11663	RF02541	1HC8	D	1	58	58.30	4.7e-18	1092	1149	00bac0
11664	RF02541	1VVJ	RA	1	2913	2721.30	0	1	2925	00bac0
11665	RF02541	6SPF	A	1	2888	2895.00	0	1	2925	00bac0
11666	RF02541	7QV2	V	1	2928	3029.70	0	1	2925	00bac0
11667	RF02541	8EKB	2A	1	2912	2711.70	0	1	2925	00bac0
11668	RF02541	8UVR	2A	1	2912	2711.70	0	1	2925	00bac0
11669	RF02541	9D0I	1A	1	2912	2711.70	0	1	2925	00bac0
11670	RF02541	4V66	BB	1	2903	2871.00	0	1	2925	00bac0
11671	RF02541	6HRM	1	1507	4403	2804.50	0	1	2925	00bac0
11672	RF02541	6OF1	2A	1	2912	2711.70	0	1	2925	00bac0
11673	RF02541	6UCQ	2A	1	2912	2711.70	0	1	2925	00bac0
11674	RF02541	7S1H	I	1	2904	2876.20	0	1	2925	00bac0
11675	RF02541	7UG7	23	1	2904	2876.20	0	1	2925	00bac0
11676	RF02541	8APN	A8	1	350	170.80	1.6e-54	2439	2767	00bac0
11677	RF02541	8Y5Q	1	1	2904	2876.40	0	1	2925	00bac0
11678	RF02541	9B00	1A	1	2912	2711.70	0	1	2925	00bac0
11679	RF02541	9B24	4	5	80	54.30	1.5e-16	2133	2208	00bac0
11680	RF02541	9MTS	2A	1	2912	2711.70	0	1	2925	00bac0
11681	RF02541	9O3H	1A	1	2912	2711.70	0	1	2925	00bac0
11682	RF02541	1VY6	BA	1	2912	2711.70	0	1	2925	00bac0
11683	RF02541	3J9W	BA	1	2928	3028.10	0	1	2925	00bac0
11684	RF02541	4V4Q	DB	1	2904	2878.60	0	1	2925	00bac0
11685	RF02541	4V64	BB	1	2904	2878.60	0	1	2925	00bac0
11686	RF02541	6PJ6	I	1	2904	2876.20	0	1	2925	00bac0
11687	RF02541	7AC7	1	1	2903	2868.50	0	1	2925	00bac0
11688	RF02541	7BL2	A	8	2911	2878.60	0	1	2925	00bac0
11689	RF02541	7OI7	A	1	1454	376.90	3.7e-122	426	2925	00bac0
11690	RF02541	8UVR	1A	1	2912	2711.70	0	1	2925	00bac0
11691	RF02541	9J1M	A	1	3138	2756.00	0	1	2925	00bac0
11692	RF02541	3JCN	A	1	2904	2878.60	0	1	2925	00bac0
11693	RF02541	4V79	BA	1	2903	2871.00	0	1	2925	00bac0
11694	RF02541	5J4D	GB	3	2880	2727.90	0	1	2925	00bac0
11695	RF02541	6C4H	A	1	2904	2876.10	0	1	2925	00bac0
11696	RF02541	6DNC	B	1	2903	2865.80	0	1	2925	00bac0
11697	RF02541	6XII	a	1	2904	2878.50	0	1	2925	00bac0
11698	RF02541	7RQ9	2A	1	2912	2711.70	0	1	2925	00bac0
11699	RF02541	7S1K	I	1	2904	2873.80	0	1	2925	00bac0
11700	RF02541	9GHF	a	10	2913	2876.20	0	1	2925	00bac0
11701	RF02541	2RDO	B	1	2904	2878.60	0	1	2925	00bac0
11702	RF02541	4V7C	BA	1	2903	2871.00	0	1	2925	00bac0
11703	RF02541	4V7K	BA	3	2848	2596.90	0	1	2925	00bac0
11704	RF02541	5IB7	14	1	2914	2729.80	0	1	2925	00bac0
11705	RF02541	5J8A	CA	1	2904	2876.20	0	1	2925	00bac0
11706	RF02541	6GC8	A	1	2904	2878.60	0	1	2925	00bac0
11707	RF02541	8FON	RA	1	2912	2711.70	0	1	2925	00bac0
11708	RF02541	8URH	a	1	2904	2878.50	0	1	2925	00bac0
11709	RF02541	8Y39	A	1	2921	2993.40	0	1	2925	00bac0
11710	RF02541	8YDH	1	1	2904	2876.40	0	1	2925	00bac0
11711	RF02541	9D7S	2A	1	2912	2711.70	0	1	2925	00bac0
11712	RF02541	9HCH	A	1	1471	373.20	6.6e-121	161	2925	00bac0
11713	RF02541	4V56	DB	1	2904	2878.60	0	1	2925	00bac0
11714	RF02541	4V7D	AA	1	2903	2871.00	0	1	2925	00bac0
11715	RF02541	4WF1	DA	1	2903	2871.00	0	1	2925	00bac0
11716	RF02541	5FDV	1A	1	2912	2711.70	0	1	2925	00bac0
11717	RF02541	5LZA	A	1	2903	2868.60	0	1	2925	00bac0
11718	RF02541	6BOH	GB	3	2880	2727.90	0	1	2925	00bac0
11719	RF02541	7NSI	BA	1	1457	363.60	1e-117	126	2925	00bac0
11720	RF02541	7UVY	A	8	2900	2882.00	0	1	2925	00bac0
11721	RF02541	8CVJ	1A	1	2912	2711.70	0	1	2925	00bac0
11722	RF02541	8PVA	a	1	2904	2876.20	0	1	2925	00bac0
11723	RF02541	9NLJ	R1	1	2903	2868.10	0	1	2925	00bac0
11724	RF02541	4V4G	HB	1	2825	2660.20	0	1	2925	00bac0
11725	RF02541	4V9M	DA	3	2879	2731.30	0	1	2925	00bac0
11726	RF02541	5J8A	DA	1	2904	2876.20	0	1	2925	00bac0
11727	RF02541	6VYT	a	1	2904	2878.50	0	1	2925	00bac0
11728	RF02541	6WDF	1	1	2903	2868.70	0	1	2925	00bac0
11729	RF02541	8P18	1	1	2904	2876.20	0	1	2925	00bac0
11730	RF02541	8QK7	1	1	2904	2876.20	0	1	2925	00bac0
11731	RF02541	8RCM	72	1	2904	2873.70	0	1	2925	00bac0
11732	RF02541	9CN3	A	1	1454	376.90	3.7e-122	426	2925	00bac0
11733	RF02541	4V9B	BA	1	2912	2719.00	0	1	2923	00bac0
11734	RF02541	5VPP	YA	1	2912	2711.70	0	1	2925	00bac0
11735	RF02541	5ZZM	N	1	2903	2871.00	0	1	2925	00bac0
11736	RF02541	6O8W	A	1	2903	2946.20	0	1	2925	00bac0
11737	RF02541	6XQD	1A	1	2912	2711.70	0	1	2925	00bac0
11738	RF02541	8UU4	A	1	2932	2960.80	0	1	2925	00bac0
11739	RF02541	8YDI	1	1	2904	2876.40	0	1	2925	00bac0
11740	RF02541	9NJV	R1	1	2903	2868.10	0	1	2925	00bac0
11741	RF02541	4V5G	DA	1	2913	2721.30	0	1	2925	00bac0
11742	RF02541	4V5Q	DA	1	2913	2716.00	0	1	2925	00bac0
11743	RF02541	5HCQ	1A	1	2912	2711.70	0	1	2925	00bac0
11744	RF02541	5HKV	X	1	2923	2998.90	0	1	2925	00bac0
11745	RF02541	5ND9	A	1	2923	3003.00	0	1	2925	00bac0
11746	RF02541	6BZ6	RA	1	2912	2711.70	0	1	2925	00bac0
11747	RF02541	6YDW	BA	1176	2737	407.10	4.1e-131	1	2925	00bac0
11748	RF02541	8CD1	A	1	2888	2895.00	0	1	2925	00bac0
11749	RF02541	8E49	I	1	2904	2876.20	0	1	2925	00bac0
11750	RF02541	8FZD	A	1	2904	2876.20	0	1	2925	00bac0
11751	RF02541	8VS9	23S	1	2903	2868.70	0	1	2925	00bac0
11752	RF02541	4V6N	AB	1	2904	2876.20	0	1	2925	00bac0
11753	RF02541	4V84	DA	3	2879	2731.30	0	1	2925	00bac0
11754	RF02541	4W2F	BA	1	2912	2711.70	0	1	2925	00bac0
11755	RF02541	5MDZ	1	1	2904	2876.10	0	1	2925	00bac0
11756	RF02541	6C5L	BA	1	2913	2721.30	0	1	2925	00bac0
11757	RF02541	6ND5	1A	1	2912	2711.70	0	1	2925	00bac0
11758	RF02541	6XHV	1A	1	2912	2711.70	0	1	2925	00bac0
11759	RF02541	7MSZ	A	1	3138	2756.00	0	1	2925	00bac0
11760	RF02541	7PH9	3	3	2907	2685.90	0	1	2925	00bac0
11761	RF02541	7PJY	A	1	2903	2863.30	0	1	2925	00bac0
11762	RF02541	8E45	I	1	2904	2876.20	0	1	2925	00bac0
11763	RF02541	8WIB	A	1	3119	2721.40	0	1	2925	00bac0
11764	RF02541	1VY7	BA	1	2912	2711.70	0	1	2925	00bac0
11765	RF02541	4V4H	BB	1	2904	2878.60	0	1	2925	00bac0
11766	RF02541	4V4S	BA	1	2914	2708.10	0	1	2925	00bac0
11767	RF02541	4V9M	BA	3	2879	2731.30	0	1	2925	00bac0
11768	RF02541	4Z8C	1A	1	2912	2711.70	0	1	2925	00bac0
11769	RF02541	5UYP	01	1	2903	2868.70	0	1	2925	00bac0
11770	RF02541	5X8P	A	1	2810	2437.50	0	1	2818	00bac0
11771	RF02541	6FKR	2A	3	2901	2700.20	0	1	2925	00bac0
11772	RF02541	6UO1	1A	1	2912	2711.70	0	1	2925	00bac0
11773	RF02541	6Z1P	Ab	1	2232	1046.10	0	410	2925	00bac0
11774	RF02541	7PAI	3	3	2907	2685.90	0	1	2925	00bac0
11775	RF02541	8UD8	2A	1	2912	2709.10	0	1	2925	00bac0
11776	RF02541	1VY5	BA	1	2912	2711.70	0	1	2925	00bac0
11777	RF02541	3DG2	B	1	2904	2878.60	0	1	2925	00bac0
11778	RF02541	4V73	BA	1	2903	2871.00	0	1	2925	00bac0
11779	RF02541	5NCO	A	1	2903	2871.00	0	1	2925	00bac0
11780	RF02541	7PAK	3	3	2907	2685.90	0	1	2925	00bac0
11781	RF02541	8S1U	A	1	2928	3029.70	0	1	2925	00bac0
11782	RF02541	8VUP	1	1	2903	2868.70	0	1	2925	00bac0
11783	RF02541	9H3M	A	1	2904	2874.50	0	1	2925	00bac0
11784	RF02541	4V8J	BA	1	2913	2721.30	0	1	2925	00bac0
11785	RF02541	4V8N	DA	1	2913	2721.30	0	1	2925	00bac0
11786	RF02541	6QNR	1H	1	2914	2729.80	0	1	2925	00bac0
11787	RF02541	7P7Q	A	1	2910	2950.00	0	1	2922	00bac0
11788	RF02541	7S1G	I	1	2904	2876.20	0	1	2925	00bac0
11789	RF02541	9CG7	a	1	2904	2876.20	0	1	2925	00bac0
11790	RF02541	4V50	DB	1	2904	2878.60	0	1	2925	00bac0
11791	RF02541	4V5J	DA	1	2913	2721.30	0	1	2925	00bac0
11792	RF02541	4V8J	DA	1	2913	2721.30	0	1	2925	00bac0
11793	RF02541	6WDD	1	1	2903	2868.70	0	1	2925	00bac0
11794	RF02541	7OIC	A	1	1454	376.70	4.4e-122	426	2925	00bac0
11795	RF02541	7PIP	3	3	2907	2685.90	0	1	2925	00bac0
11796	RF02541	8E3L	I	1	2904	2876.20	0	1	2925	00bac0
11797	RF02541	9GHD	a	10	2913	2876.20	0	1	2925	00bac0
11798	RF02541	4V5E	DA	1	2898	2706.80	0	1	2925	00bac0
11799	RF02541	4V5S	BA	1	2913	2716.00	0	1	2925	00bac0
11800	RF02541	4V7T	DA	1	2904	2878.60	0	1	2925	00bac0
11801	RF02541	4V9S	DA	1	2912	2711.70	0	1	2925	00bac0
11802	RF02541	5J88	CA	1	2904	2876.20	0	1	2925	00bac0
11803	RF02541	5MMI	A	1	2810	2437.50	0	1	2818	00bac0
11804	RF02541	6W6P	A	1	2908	2946.70	0	1	2925	00bac0
11805	RF02541	3MOJ	A	1	73	77.00	4e-24	2534	2606	00bac0
11806	RF02541	3U56	B	1	80	60.30	1.4e-18	2131	2210	00bac0
11807	RF02541	4L47	RA	1	2913	2721.30	0	1	2925	00bac0
11808	RF02541	4WRA	1H	1	2916	2722.60	0	1	2925	00bac0
11809	RF02541	4WU1	14	1	2914	2729.80	0	1	2925	00bac0
11810	RF02541	5UYQ	01	1	2903	2868.70	0	1	2925	00bac0
11811	RF02541	5ZEB	A	1	3120	2721.90	0	1	2925	00bac0
11812	RF02541	6WDL	1	1	2903	2868.70	0	1	2925	00bac0
11813	RF02541	6YDP	BA	1176	2737	407.10	4.1e-131	1	2925	00bac0
11814	RF02541	7U2I	1A	1	2912	2711.70	0	1	2925	00bac0
11815	RF02541	8BHP	0	1	2904	2878.60	0	1	2925	00bac0
11816	RF02541	8CGV	a	1	2904	2876.20	0	1	2925	00bac0
11817	RF02541	8G2B	2A	1	2912	2709.10	0	1	2925	00bac0
11818	RF02541	4V8E	AA	1	2912	2719.00	0	1	2923	00bac0
11819	RF02541	5MMM	A	1	2810	2437.50	0	1	2818	00bac0
11820	RF02541	5MRC	A	186	3136	391.70	1e-126	1	2925	00bac0
11821	RF02541	5VPP	RA	1	2912	2711.70	0	1	2925	00bac0
11822	RF02541	6ND6	2A	1	2912	2711.70	0	1	2925	00bac0
11823	RF02541	6YHS	1	1	2893	2886.30	0	1	2925	00bac0
11824	RF02541	6ZSD	XA	1	1454	376.90	3.7e-122	426	2925	00bac0
11825	RF02541	7ST6	1	1	2903	2868.70	0	1	2925	00bac0
11826	RF02541	8AP4	a	1	2904	2876.20	0	1	2925	00bac0
11827	RF02541	8YUP	a	1	2904	2876.20	0	1	2925	00bac0
11828	RF02542	7PNT	A	155	956	118.40	3.2e-34	1	1311	00bac0
11829	RF02542	9B0Q	s2	1	1740	822.00	1e-252	1	1311	00bac0
11830	RF02542	7PNW	A	155	956	118.40	3.2e-34	1	1311	00bac0
11831	RF02542	8P60	S60	2	1360	1179.10	0	1	1311	00bac0
11832	RF02542	9B0Q	S2	1	1740	822.00	1e-252	1	1311	00bac0
11833	RF02542	6RM3	S60	2	1244	1045.10	0	1	1311	00bac0
11834	RF02542	9B0S	S2	1	1740	822.00	1e-252	1	1311	00bac0
11835	RF02542	9B0S	s2	1	1740	822.00	1e-252	1	1311	00bac0
11836	RF02542	6ZU5	S60	1	1400	1053.10	0	1	1311	00bac0
11837	RF02542	7PNV	A	155	956	118.40	3.2e-34	1	1311	00bac0
11838	RF02542	7QEP	3	1	1299	1114.80	0	1	1311	00bac0
11839	RF02542	8P60	R60	2	1360	1179.10	0	1	1311	00bac0
11840	RF02542	7QCA	S60	2	1360	1179.10	0	1	1311	00bac0
11841	RF02542	7PNU	A	155	956	118.40	3.2e-34	1	1311	00bac0
11842	RF02542	8P5D	S60	2	1360	1179.10	0	1	1311	00bac0
11843	RF02543	7O80	B5	3	4808	2513.90	0	1	3401	00bac0
11844	RF02543	8IFE	1A	3	5069	2379.50	0	1	3401	00bac0
11845	RF02543	9FXO	L4	25	184	105.00	7.7e-27	3007	3165	00bac0
11846	RF02543	4V6I	DA	4	3396	3401.60	0	1	3401	00bac0
11847	RF02543	6OIG	5	2	3394	3401.60	0	1	3401	00bac0
11848	RF02543	8IR1	2	3	5053	2385.50	0	1	3401	00bac0
11849	RF02543	9DOU	T	1	211	263.90	1.3e-70	2170	2379	00bac0
11850	RF02543	5TGM	5	2	3150	3266.80	0	1	3401	00bac0
11851	RF02543	8CQ7	AS	1	3359	3380.60	0	1	3401	00bac0
11852	RF02543	8IPA	RB	4	3386	3203.20	0	1	3401	00bac0
11853	RF02543	8IPB	RB	4	3386	3203.20	0	1	3401	00bac0
11854	RF02543	8PVL	C1	5	3339	3387.90	0	1	3401	00bac0
11855	RF02543	4V8Y	B5	4	3396	3401.60	0	1	3401	00bac0
11856	RF02543	9AZC	L5	3	3740	2816.80	0	1	3401	00bac0
11857	RF02543	4U4R	5	4	3396	3401.60	0	1	3401	00bac0
11858	RF02543	6Z6K	C1	4	3396	3401.60	0	1	3401	00bac0
11859	RF02543	8A3D	A	3	5069	2380.50	0	1	3401	00bac0
11860	RF02543	8GH6	T	1	70	77.70	1e-19	2233	2302	00bac0
11861	RF02543	7QVP	L5	160	5226	2379.30	0	1	3401	00bac0
11862	RF02543	5T2C	A	3	5069	2377.90	0	1	3401	00bac0
11863	RF02543	6HD7	1	4	3396	3401.60	0	1	3401	00bac0
11864	RF02543	7BHP	L5	3	5069	2379.50	0	1	3401	00bac0
11865	RF02543	8JIV	Aa	2	3391	3266.40	0	1	3401	00bac0
11866	RF02543	6D9J	5	3	3594	2852.80	0	1	3401	00bac0
11867	RF02543	6OLG	A2	3	3611	2842.60	0	1	3401	00bac0
11868	RF02543	6SXO	L5	3	5069	2379.30	0	1	3401	00bac0
11869	RF02543	4U55	1	4	3396	3401.60	0	1	3401	00bac0
11870	RF02543	8RXH	L4	25	184	105.00	7.7e-27	3007	3165	00bac0
11871	RF02543	6EM5	1	4	3396	3401.60	0	1	3401	00bac0
11872	RF02543	8BQD	BQ	4	3395	3401.90	0	1	3401	00bac0
11873	RF02543	8OVE	BB	1	1461	1021.50	8.2e-279	1829	3401	00bac0
11874	RF02543	9B0S	l5	3	3740	2816.80	0	1	3401	00bac0
11875	RF02543	4U4N	1	4	3396	3401.60	0	1	3401	00bac0
11876	RF02543	6GZ4	A2	3	3611	2842.60	0	1	3401	00bac0
11877	RF02543	3JBP	AA	3	3193	2483.30	0	1	3401	00bac0
11878	RF02543	6ZM7	L5	3	5065	2382.70	0	1	3401	00bac0
11879	RF02543	8ETI	1	4	3497	3328.70	0	1	3401	00bac0
11880	RF02543	8FL9	L3	3	5069	2379.30	0	1	3401	00bac0
11881	RF02543	8OVA	BB	1	1461	1021.50	8.2e-279	1829	3401	00bac0
11882	RF02543	8T2X	A1	2	3395	3402.30	0	1	3401	00bac0
11883	RF02543	4UJD	A2	3	5024	2378.40	0	1	3401	00bac0
11884	RF02543	6D90	5	3	3594	2852.80	0	1	3401	00bac0
11885	RF02543	6MTC	5	3	3597	2849.00	0	1	3401	00bac0
11886	RF02543	7OBR	5	3	3493	2660.40	0	1	3401	00bac0
11887	RF02543	7QIW	2	2	3391	3364.10	0	1	3401	00bac0
11888	RF02543	6AZ3	1	1	1778	920.40	7.4e-251	1	1639	00bac0
11889	RF02543	8IR3	2	3	5053	2385.50	0	1	3401	00bac0
11890	RF02543	8OEQ	AS	1	3359	3380.60	0	1	3401	00bac0
11891	RF02543	5AJ0	A2	3	5028	2390.40	0	1	3401	00bac0
11892	RF02543	6R86	1	2	3260	3365.70	0	1	3401	00bac0
11893	RF02543	7ZW0	LA	4	3396	3401.60	0	1	3401	00bac0
11894	RF02543	6T59	54	3	3543	2779.40	0	1	3401	00bac0
11895	RF02543	7OYD	5	3	3740	2800.30	0	1	3401	00bac0
11896	RF02543	8T2Z	A1	2	3395	3402.30	0	1	3401	00bac0
11897	RF02543	5APN	5	4	3396	3334.20	0	1	3401	00bac0
11898	RF02543	8EUG	1	4	3498	3338.00	0	1	3401	00bac0
11899	RF02543	8T3C	A1	2	3360	3395.80	0	1	3401	00bac0
11900	RF02543	8Y0U	C1	4	3396	3401.60	0	1	3401	00bac0
11901	RF02543	8FL7	L3	3	5069	2379.30	0	1	3401	00bac0
11902	RF02543	8I9R	C1	4	3338	3387.90	0	1	3401	00bac0
11903	RF02543	6Z6N	L5	3	5069	2379.30	0	1	3401	00bac0
11904	RF02543	7OYB	51	3	4269	2641.00	0	1	3401	00bac0
11905	RF02543	9B0S	L5	3	3740	2816.80	0	1	3401	00bac0
11906	RF02543	3J0Q	2	1	112	149.10	3.1e-39	2200	2311	00bac0
11907	RF02543	3J77	2S	4	3395	3401.90	0	1	3401	00bac0
11908	RF02543	5DGV	5	4	3396	3401.60	0	1	3401	00bac0
11909	RF02543	8FLA	L3	3	5069	2379.30	0	1	3401	00bac0
11910	RF02543	5TGM	1	2	3149	3266.90	0	1	3401	00bac0
11911	RF02543	6QT0	A	4	3396	3401.60	0	1	3401	00bac0
11912	RF02543	8AGV	f	4	3395	3374.50	0	1	3401	00bac0
11913	RF02543	8G6J	L5	3	5069	2376.60	0	1	3401	00bac0
11914	RF02543	8OVE	BA	6	1920	904.00	2.7e-246	1	1656	00bac0
11915	RF02543	5ANC	N	2	3741	2720.40	0	1	3401	00bac0
11916	RF02543	7ZS5	1	4	3396	3401.60	0	1	3401	00bac0
11917	RF02543	8AZW	A	2	3390	3351.20	0	1	3401	00bac0
11918	RF02543	8FKU	L3	3	5069	2379.30	0	1	3401	00bac0
11919	RF02543	4D5Y	2	3	5024	2378.40	0	1	3401	00bac0
11920	RF02543	5T62	A	4	3396	3401.60	0	1	3401	00bac0
11921	RF02543	6I7O	YQ	4	3396	3401.60	0	1	3401	00bac0
11922	RF02543	8P8U	A	4	3396	3401.60	0	1	3401	00bac0
11923	RF02543	6Y57	L5	3	5069	2379.50	0	1	3401	00bac0
11924	RF02543	8I9W	C1	4	3338	3387.90	0	1	3401	00bac0
11925	RF02543	8I9Z	C1	4	3338	3387.90	0	1	3401	00bac0
11926	RF02543	8RXH	L2	1	1438	1022.40	4.4e-279	1829	3401	00bac0
11927	RF02543	3J0L	2	1	112	149.10	3.1e-39	2200	2311	00bac0
11928	RF02543	4V7R	D1	4	3396	3401.60	0	1	3401	00bac0
11929	RF02543	5OBM	1	4	3396	3401.60	0	1	3401	00bac0
11930	RF02543	8B6Z	B	3	5069	2379.30	0	1	3401	00bac0
11931	RF02543	8PVK	C1	5	3339	3387.90	0	1	3401	00bac0
11932	RF02543	4U3N	5	4	3396	3401.60	0	1	3401	00bac0
11933	RF02543	6R84	1	2	3316	3377.80	0	1	3401	00bac0
11934	RF02543	8FKZ	L3	3	5069	2379.30	0	1	3401	00bac0
11935	RF02543	8XU8	A	2	3394	3401.60	0	1	3401	00bac0
11936	RF02543	8EWC	A1	2	3360	3395.80	0	1	3401	00bac0
11937	RF02543	7QEP	1	89	2458	1398.40	0	1	3401	00bac0
11938	RF02543	7QGG	t	3	4803	2532.40	0	1	3401	00bac0
11939	RF02543	8I9X	C1	4	3338	3387.90	0	1	3401	00bac0
11940	RF02543	4V8M	BB	1	1382	1016.50	1.8e-277	1829	3401	00bac0
11941	RF02543	6EM3	1	4	3396	3401.60	0	1	3401	00bac0
11942	RF02543	4U6F	1	4	3396	3401.60	0	1	3401	00bac0
11943	RF02543	6XIQ	1	4	3395	3401.90	0	1	3401	00bac0
11944	RF02543	7OSM	25S	4	3396	3403.50	0	1	3401	00bac0
11945	RF02543	8FL4	L3	3	5069	2379.30	0	1	3401	00bac0
11946	RF02543	8VVR	WA	3	3584	2780.90	0	1	3401	00bac0
11947	RF02543	6ZJ3	LE	1	698	262.50	1e-69	591	1105	00bac0
11948	RF02543	7MDZ	5	3	3603	2857.20	0	1	3401	00bac0
11949	RF02543	9NL3	T	1	70	77.70	1e-19	2233	2302	00bac0
11950	RF02543	4V8T	5	4	3396	3401.60	0	1	3401	00bac0
11951	RF02543	6M62	1	4	3396	3401.60	0	1	3401	00bac0
11952	RF02543	6Z6L	L5	3	5069	2379.30	0	1	3401	00bac0
11953	RF02543	8K82	C1	4	3396	3401.60	0	1	3401	00bac0
11954	RF02543	8P60	L50	96	2613	1664.00	0	1	3401	00bac0
11955	RF02543	6HCF	52	3	3634	2852.00	0	1	3401	00bac0
11956	RF02543	7N8B	A1	2	3156	3221.80	0	1	3401	00bac0
11957	RF02543	7UG6	1	4	3396	3401.60	0	1	3401	00bac0
11958	RF02543	8OVJ	4	25	180	104.90	7.9e-27	3007	3161	00bac0
11959	RF02543	6EM4	1	4	3396	3401.60	0	1	3401	00bac0
11960	RF02543	6FRK	5	3	3658	2740.40	0	1	3401	00bac0
11961	RF02543	8A98	2	1	1438	1023.20	2.8e-279	1829	3401	00bac0
11962	RF02543	9B0N	L5	3	3740	2816.80	0	1	3401	00bac0
11963	RF02543	9FXO	L1	2	1782	925.80	2.4e-252	1	1647	00bac0
11964	RF02543	4U52	5	4	3396	3401.60	0	1	3401	00bac0
11965	RF02543	8OJ5	5	3	5069	2381.80	0	1	3401	00bac0
11966	RF02543	5I4L	1	4	3396	3401.60	0	1	3401	00bac0
11967	RF02543	6N8J	1	4	3396	3401.60	0	1	3401	00bac0
11968	RF02543	8FL2	L3	3	5069	2379.30	0	1	3401	00bac0
11969	RF02543	8G5Y	L5	3	5069	2376.60	0	1	3401	00bac0
11970	RF02543	4V8P	D1	2	3352	3119.30	0	1	3401	00bac0
11971	RF02543	6CB1	1	4	3396	3385.90	0	1	3401	00bac0
11972	RF02543	8BSJ	Lt	25	2564	1336.20	0	23	3401	00bac0
11973	RF02543	8ETH	1	4	3497	3334.30	0	1	3401	00bac0
11974	RF02543	8OO0	1	5	3337	3383.20	0	1	3401	00bac0
11975	RF02543	5DGF	1	4	3396	3401.60	0	1	3401	00bac0
11976	RF02543	8IE3	2	3	5053	2385.50	0	1	3401	00bac0
11977	RF02543	6LQM	2	3	5069	2379.50	0	1	3401	00bac0
11978	RF02543	6Q8Y	BQ	4	3396	3401.60	0	1	3401	00bac0
11979	RF02543	6YLG	1	4	3396	3401.60	0	1	3401	00bac0
11980	RF02543	7Q0F	1	1	3359	3380.60	0	1	3401	00bac0
11981	RF02543	8IPX	2	3	5053	2385.50	0	1	3401	00bac0
11982	RF02543	4V8M	BA	1	1847	915.00	2.4e-249	1	1639	00bac0
11983	RF02543	5XY3	1	2	2756	2065.30	0	1	3401	00bac0
11984	RF02543	7LS1	A2	3	4717	2580.90	0	1	3401	00bac0
11985	RF02543	7Q08	1	1	3359	3380.60	0	1	3401	00bac0
11986	RF02543	8HFR	1e	4	3396	3401.60	0	1	3401	00bac0
11987	RF02543	6HHQ	1	4	3396	3401.60	0	1	3401	00bac0
11988	RF02543	6P5I	5	3	3594	2862.80	0	1	3401	00bac0
11989	RF02543	8UJD	L5	3	5069	2379.30	0	1	3401	00bac0
11990	RF02543	9V1L	lA	1	3503	2043.10	0	1	3379	00bac0
11991	RF02543	7PWO	1	25	2566	1311.70	0	23	3401	00bac0
11992	RF02543	8IPY	2	3	5053	2385.50	0	1	3401	00bac0
11993	RF02543	5MEI	AR	4	3396	3401.60	0	1	3401	00bac0
11994	RF02543	6XU6	A5	8	3974	2814.40	0	1	3401	00bac0
11995	RF02543	7TOO	A25S	4	3396	3401.60	0	1	3401	00bac0
11996	RF02543	8OGJ	1	1	3359	3380.60	0	1	3401	00bac0
11997	RF02543	7NWH	5	3	3705	2769.30	0	1	3401	00bac0
11998	RF02543	8Q7Z	B5	3	4440	2536.70	0	1	3401	00bac0
11999	RF02543	8RXX	L4	25	184	105.00	7.7e-27	3007	3165	00bac0
12000	RF02543	8WV1	A	148	2901	1152.10	0	1	3401	00bac0
12001	RF02543	9B0Q	L5	3	3740	2816.80	0	1	3401	00bac0
12002	RF02543	5DAT	5	4	3396	3401.60	0	1	3401	00bac0
12003	RF02543	7XNY	L1	3	5069	2376.60	0	1	3401	00bac0
12004	RF02543	3J7P	5	3	3664	2755.60	0	1	3401	00bac0
12005	RF02543	4U4Q	1	4	3396	3401.60	0	1	3401	00bac0
12006	RF02543	5I4L	5	4	3396	3401.60	0	1	3401	00bac0
12007	RF02543	5JUP	B	4	3396	3401.60	0	1	3401	00bac0
12008	RF02543	6ZJ3	LH	1	744	453.90	1.6e-122	1784	2485	00bac0
12009	RF02543	8FLB	L3	3	5069	2379.30	0	1	3401	00bac0
12010	RF02543	4V8P	F1	2	3352	3119.30	0	1	3401	00bac0
12011	RF02543	8CF5	AA	4	3396	3401.60	0	1	3401	00bac0
12012	RF02543	8Y0X	L5	3	5069	2379.30	0	1	3401	00bac0
12013	RF02543	3JAG	5	3	3662	2746.40	0	1	3401	00bac0
12014	RF02543	5LYB	1	2	3394	3401.60	0	1	3401	00bac0
12015	RF02543	9QQA	B5	3	4808	2513.90	0	1	3401	00bac0
12016	RF02543	4U4R	1	4	3396	3401.60	0	1	3401	00bac0
12017	RF02543	6FT6	1	4	3396	3401.60	0	1	3401	00bac0
12018	RF02543	7TOQ	A25S	3	3649	2859.20	0	1	3401	00bac0
12019	RF02543	5LZT	5	3	3543	2779.40	0	1	3401	00bac0
12020	RF02543	8QYX	A2	3	5069	2374.00	0	1	3401	00bac0
12021	RF02543	9B0J	L5	3	3740	2816.80	0	1	3401	00bac0
12022	RF02543	7OHS	1	4	3396	3401.60	0	1	3401	00bac0
12023	RF02543	8ETJ	1	4	3497	3330.00	0	1	3401	00bac0
12024	RF02543	8EV3	1	4	3497	3334.30	0	1	3401	00bac0
12025	RF02543	8JDJ	D	3	5069	2376.70	0	1	3401	00bac0
12026	RF02543	6N8K	1	4	3396	3401.60	0	1	3401	00bac0
12027	RF02543	6SNT	1	4	3396	3401.60	0	1	3401	00bac0
12028	RF02543	8ZGY	LA	2	3393	3401.90	0	1	3401	00bac0
12029	RF02543	9AZN	L5	3	3740	2816.80	0	1	3401	00bac0
12030	RF02543	9GMO	A	3	5064	2381.30	0	1	3401	00bac0
12031	RF02543	4UJC	A2	3	5024	2378.40	0	1	3401	00bac0
12032	RF02543	5AN9	N	2	3741	2720.40	0	1	3401	00bac0
12033	RF02543	7LS2	A2	3	4717	2582.60	0	1	3401	00bac0
12034	RF02543	3J6X	2S	4	3395	3401.90	0	1	3401	00bac0
12035	RF02543	5ANB	N	2	3741	2720.40	0	1	3401	00bac0
12036	RF02543	5M1J	14	4	3396	3401.60	0	1	3401	00bac0
12037	RF02543	8IBW	A	1	60	70.40	8.8e-18	2237	2296	00bac0
12038	RF02543	8V87	1	4	3396	3401.60	0	1	3401	00bac0
12039	RF02543	8CDL	AA	4	3396	3401.60	0	1	3401	00bac0
12040	RF02543	8Z71	A	2	3394	3401.60	0	1	3401	00bac0
12041	RF02543	3JBN	AA	3	3193	2483.30	0	1	3401	00bac0
12042	RF02543	5NDG	5	4	3396	3401.60	0	1	3401	00bac0
12043	RF02543	7ZPQ	5	4	3396	3401.60	0	1	3401	00bac0
12044	RF02543	8B2L	A3	2	3390	3351.20	0	1	3401	00bac0
12045	RF02543	8VVU	WA	3	3584	2780.90	0	1	3401	00bac0
12046	RF02543	3J7R	5	3	3722	2831.70	0	1	3401	00bac0
12047	RF02543	4U3M	5	4	3396	3401.60	0	1	3401	00bac0
12048	RF02543	7Q0P	1	1	3359	3380.60	0	1	3401	00bac0
12049	RF02543	8V84	1	4	3396	3401.60	0	1	3401	00bac0
12050	RF02543	5DC3	5	4	3396	3401.60	0	1	3401	00bac0
12051	RF02543	7A01	e2	3	3825	2762.40	0	1	3401	00bac0
12052	RF02543	7MPI	A1	2	3137	3218.50	0	1	3401	00bac0
12053	RF02543	8BTR	Lt	25	2564	1336.20	0	23	3401	00bac0
12054	RF02543	8CCS	AA	4	3396	3401.60	0	1	3401	00bac0
12055	RF02543	8CIV	AA	4	3396	3401.60	0	1	3401	00bac0
12056	RF02543	8EVT	A1	2	3360	3395.80	0	1	3401	00bac0
12057	RF02543	9BUS	AA	4	3788	2655.90	0	1	3401	00bac0
12058	RF02543	8VFT	5	3	3543	2779.30	0	1	3401	00bac0
12059	RF02543	4U55	5	4	3396	3401.60	0	1	3401	00bac0
12060	RF02543	6UZ7	8	2140	2825	524.30	2.3e-141	1	729	00bac0
12061	RF02543	9BUT	AA	4	3788	2655.90	0	1	3401	00bac0
12062	RF02543	9G8M	L5	3	5065	2370.20	0	1	3401	00bac0
12063	RF02543	8C3A	AS	1	3359	3380.60	0	1	3401	00bac0
12064	RF02543	5DAT	1	4	3396	3401.60	0	1	3401	00bac0
12065	RF02543	6S47	AA	2	3149	3266.90	0	1	3401	00bac0
12066	RF02543	6TB3	BQ	2	3223	3349.80	0	1	3401	00bac0
12067	RF02543	6ZJ3	LB	1	133	67.40	1.3e-16	1	136	00bac0
12068	RF02543	8FL3	L3	3	5069	2379.30	0	1	3401	00bac0
12069	RF02543	8YOO	L5	3	5069	2379.50	0	1	3401	00bac0
12070	RF02543	9MR4	5	3	3543	2779.40	0	1	3401	00bac0
12071	RF02543	7R81	A1	4	3338	3378.40	0	1	3401	00bac0
12072	RF02543	8FRU	1	24	2562	1340.80	0	23	3401	00bac0
12073	RF02543	8AGZ	f	4	3395	3374.50	0	1	3401	00bac0
12074	RF02543	8BSI	Lt	25	2564	1336.20	0	23	3401	00bac0
12075	RF02543	3JCS	4	25	180	104.90	7.9e-27	3007	3161	00bac0
12076	RF02543	9J9I	A	4	3789	2655.70	0	1	3401	00bac0
12077	RF02543	9QQB	B5	3	4808	2513.90	0	1	3401	00bac0
12078	RF02543	3J0P	2	1	112	149.10	3.1e-39	2200	2311	00bac0
12079	RF02543	6Z6M	L5	3	5069	2379.50	0	1	3401	00bac0
12080	RF02543	6ZJ3	LF	1	527	258.40	1e-68	1106	1585	00bac0
12081	RF02543	6S05	A	4	3396	3401.60	0	1	3401	00bac0
12082	RF02543	8EUI	1	4	3498	3338.00	0	1	3401	00bac0
12083	RF02543	8FKT	L3	3	5069	2379.30	0	1	3401	00bac0
12084	RF02543	6FTG	u	3	3662	2746.40	0	1	3401	00bac0
12085	RF02543	7OHQ	1	4	3396	3401.60	0	1	3401	00bac0
12086	RF02543	8FLC	L3	3	5069	2379.30	0	1	3401	00bac0
12087	RF02543	9CAI	A5	3	3510	3013.80	0	1	3401	00bac0
12088	RF02543	4U53	5	4	3396	3401.60	0	1	3401	00bac0
12089	RF02543	5GAK	1	4	3396	3401.60	0	1	3401	00bac0
12090	RF02543	6HCJ	51	3	3635	2851.80	0	1	3401	00bac0
12091	RF02543	8A3W	1	2	1782	927.70	7.4e-253	1	1647	00bac0
12092	RF02543	3J92	5	3	3664	2755.60	0	1	3401	00bac0
12093	RF02543	5NDW	1	4	3396	3401.60	0	1	3401	00bac0
12094	RF02543	7OHR	1	4	3396	3401.60	0	1	3401	00bac0
12095	RF02543	8INE	2	3	5053	2385.50	0	1	3401	00bac0
12096	RF02543	9V26	lA	1	3503	2043.10	0	1	3379	00bac0
12097	RF02543	8JDK	D	3	5069	2376.70	0	1	3401	00bac0
12098	RF02543	8PV4	C1	5	3339	3387.90	0	1	3401	00bac0
12099	RF02543	3J0P	7	1	50	51.30	1.4e-12	2833	2882	00bac0
12100	RF02543	6QKL	N	2	3741	2720.40	0	1	3401	00bac0
12101	RF02543	7ZRS	5	4	3396	3401.60	0	1	3401	00bac0
12102	RF02543	8FKQ	L3	3	5069	2379.30	0	1	3401	00bac0
12103	RF02543	8OJ8	5	3	5069	2381.80	0	1	3401	00bac0
12104	RF02543	9F9S	M1	4	3396	3401.60	0	1	3401	00bac0
12105	RF02543	6ZME	L5	3	5065	2382.70	0	1	3401	00bac0
12106	RF02543	8IFD	1A	3	5069	2379.50	0	1	3401	00bac0
12107	RF02543	8UJB	L5	3	3740	2816.80	0	1	3401	00bac0
12108	RF02543	9B11	L5	3	3740	2816.80	0	1	3401	00bac0
12109	RF02543	5TBW	1	2	3149	3266.90	0	1	3401	00bac0
12110	RF02543	8FKS	L3	3	5069	2379.30	0	1	3401	00bac0
12111	RF02543	8ZHB	LA	2	3393	3401.90	0	1	3401	00bac0
12112	RF02543	6GQV	1	4	3396	3401.60	0	1	3401	00bac0
12113	RF02543	6XIR	1	4	3395	3401.90	0	1	3401	00bac0
12114	RF02543	7QWR	5	3	4754	2512.50	0	1	3401	00bac0
12115	RF02543	8OJ0	5	3	5069	2381.80	0	1	3401	00bac0
12116	RF02543	8PV2	C1	5	3337	3383.20	0	1	3401	00bac0
12117	RF02543	8SCB	5	3	3543	2779.30	0	1	3401	00bac0
12118	RF02543	3JCT	1	4	3396	3401.60	0	1	3401	00bac0
12119	RF02543	4CXG	2	1	50	54.50	1.8e-13	2831	2880	00bac0
12120	RF02543	4U4Q	5	4	3396	3401.60	0	1	3401	00bac0
12121	RF02543	4V3P	L1	4	3352	3129.20	0	1	3401	00bac0
12122	RF02543	4V91	1	4	3397	3378.30	0	1	3401	00bac0
12123	RF02543	7TUT	K	3	3543	2779.40	0	1	3401	00bac0
12124	RF02543	7Z3N	1	5	3337	3383.20	0	1	3401	00bac0
12125	RF02543	8P9A	1	2	3149	3266.90	0	1	3401	00bac0
12126	RF02543	8T3A	A1	2	3394	3402.00	0	1	3401	00bac0
12127	RF02543	5NDV	5	4	3396	3401.60	0	1	3401	00bac0
12128	RF02543	8OJ3	1	1	3359	3380.60	0	1	3401	00bac0
12129	RF02543	9F1B	B5	3	4808	2513.90	0	1	3401	00bac0
12130	RF02543	7RR5	C1	4	3396	3401.60	0	1	3401	00bac0
12131	RF02543	7UQB	1	4	3396	3401.60	0	1	3401	00bac0
12132	RF02543	8UJ9	L5	3	5069	2379.30	0	1	3401	00bac0
12133	RF02543	8FKX	L3	3	5069	2379.30	0	1	3401	00bac0
12134	RF02543	5TGA	5	2	3394	3401.60	0	1	3401	00bac0
12135	RF02543	6W6L	t	3	3578	2645.70	0	1	3401	00bac0
12136	RF02543	6ZJ3	LJ	16	143	67.40	1.7e-16	3020	3146	00bac0
12137	RF02543	7BTB	1	4	3396	3401.60	0	1	3401	00bac0
12138	RF02543	9AZS	L5	3	3740	2816.80	0	1	3401	00bac0
12139	RF02543	4U4Y	1	4	3396	3401.60	0	1	3401	00bac0
12140	RF02543	9BDP	A28S	3	3601	2855.60	0	1	3401	00bac0
12141	RF02543	7O7Y	B5	3	4808	2513.90	0	1	3401	00bac0
12142	RF02543	9B0P	L5	3	5069	2379.30	0	1	3401	00bac0
12143	RF02543	5LZS	5	3	3543	2779.40	0	1	3401	00bac0
12144	RF02543	5NDG	1	4	3396	3401.60	0	1	3401	00bac0
12145	RF02543	6LSS	2	3	5069	2379.50	0	1	3401	00bac0
12146	RF02543	6Z6J	C1	4	3396	3401.60	0	1	3401	00bac0
12147	RF02543	7Z3O	1	5	3337	3383.20	0	1	3401	00bac0
12148	RF02543	4U51	1	4	3396	3401.60	0	1	3401	00bac0
12149	RF02543	6C0F	1	4	3395	3382.90	0	1	3401	00bac0
12150	RF02543	6T7T	C1	2	3184	3284.50	0	1	3401	00bac0
12151	RF02543	7NWI	5	3	3788	2744.60	0	1	3401	00bac0
12152	RF02543	9NL2	T	1	70	77.70	1e-19	2233	2302	00bac0
12153	RF02543	7CPU	L5	3	4717	2583.40	0	1	3401	00bac0
12154	RF02543	8EWB	A1	2	3360	3395.80	0	1	3401	00bac0
12155	RF02543	8UIZ	L5	3	5069	2379.30	0	1	3401	00bac0
12156	RF02543	3JBO	AA	3	3192	2482.90	0	1	3401	00bac0
12157	RF02543	5T6R	A	4	3396	3401.60	0	1	3401	00bac0
12158	RF02543	8K2D	C1	4	3396	3401.60	0	1	3401	00bac0
12159	RF02543	8T3F	A1	2	3393	3401.90	0	1	3401	00bac0
12160	RF02543	5LZV	5	3	3543	2779.40	0	1	3401	00bac0
12161	RF02543	6UZ7	5	4	3364	3393.10	0	1	3401	00bac0
12162	RF02543	5LKS	L5	3	5069	2377.90	0	1	3401	00bac0
12163	RF02543	8OI5	1	1	3359	3380.60	0	1	3401	00bac0
12164	RF02543	8QHU	1	2	1782	925.80	2.4e-252	1	1647	00bac0
12165	RF02543	8UKB	L5	3	3740	2816.80	0	1	3401	00bac0
12166	RF02543	5APO	5	4	3396	3334.40	0	1	3401	00bac0
12167	RF02543	6OLI	t	3	3606	2746.10	0	1	3401	00bac0
12168	RF02543	8OVE	BG	25	180	105.00	7.6e-27	3007	3161	00bac0
12169	RF02543	7B7D	LA	2	3223	3349.80	0	1	3401	00bac0
12170	RF02543	8EVQ	A1	2	3360	3395.80	0	1	3401	00bac0
12171	RF02543	8UIK	L5	3	3649	2774.80	0	1	3401	00bac0
12172	RF02543	7OYC	51	3	4114	2695.20	0	1	3401	00bac0
12173	RF02543	8A98	1	2	1782	919.90	1e-250	1	1647	00bac0
12174	RF02543	8P4V	AR	4	3396	3401.60	0	1	3401	00bac0
12175	RF02543	9V24	lA	1	3503	2043.10	0	1	3379	00bac0
12176	RF02543	4U51	5	4	3396	3401.60	0	1	3401	00bac0
12177	RF02543	8OI5	AS	1	3359	3380.60	0	1	3401	00bac0
12178	RF02543	9NDP	5	3	3534	2781.60	0	1	3401	00bac0
12179	RF02543	5LZZ	5	3	3543	2779.40	0	1	3401	00bac0
12180	RF02543	6WOO	5	4	3271	3348.30	0	1	3401	00bac0
12181	RF02543	6YLX	1	4	3396	3401.60	0	1	3401	00bac0
12182	RF02543	8PV5	C1	5	3339	3387.90	0	1	3401	00bac0
12183	RF02543	9FXO	L2	1	1438	1022.40	4.4e-279	1829	3401	00bac0
12184	RF02543	9N9J	L5	3	5065	2382.70	0	1	3401	00bac0
12185	RF02543	7PWG	1	25	2566	1311.70	0	23	3401	00bac0
12186	RF02543	8P2K	B5	3	4808	2513.90	0	1	3401	00bac0
12187	RF02543	4U4U	5	4	3396	3401.60	0	1	3401	00bac0
12188	RF02543	6XU8	A5	8	3703	2843.70	0	1	3401	00bac0
12189	RF02543	7CPV	L5	3	4717	2583.40	0	1	3401	00bac0
12190	RF02543	8I9V	C1	4	3338	3387.90	0	1	3401	00bac0
12191	RF02543	8PV6	C1	5	3339	3387.90	0	1	3401	00bac0
12192	RF02543	9HL9	L1	2	1782	925.80	2.4e-252	1	1647	00bac0
12193	RF02543	3J79	A	4	3788	2656.60	0	1	3401	00bac0
12194	RF02543	5FCI	5	4	3396	3401.60	0	1	3401	00bac0
12195	RF02543	6MTE	5	3	3597	2849.00	0	1	3401	00bac0
12196	RF02543	8BR8	Lt	25	2564	1336.20	0	23	3401	00bac0
12197	RF02543	8I9T	C1	4	3338	3387.90	0	1	3401	00bac0
12198	RF02543	9H4N	A2	3	3609	2723.10	0	1	3401	00bac0
12199	RF02543	4U4Y	5	4	3396	3401.60	0	1	3401	00bac0
12200	RF02543	4V7H	B5	4	3170	3033.80	0	1	3401	00bac0
12201	RF02543	6MTB	5	3	3597	2849.00	0	1	3401	00bac0
12202	RF02543	6N8O	A	4	3396	3401.60	0	1	3401	00bac0
12203	RF02543	8A3W	4	25	180	104.90	7.9e-27	3007	3161	00bac0
12204	RF02543	8AGX	f	4	3395	3374.50	0	1	3401	00bac0
12205	RF02543	9FQ0	1	3	5069	2379.30	0	1	3401	00bac0
12206	RF02543	4U56	5	4	3396	3401.60	0	1	3401	00bac0
12207	RF02543	4V88	A5	4	3396	3401.60	0	1	3401	00bac0
12208	RF02543	6R5Q	5	3	3543	2779.40	0	1	3401	00bac0
12209	RF02543	6R6P	5	3	3662	2746.40	0	1	3401	00bac0
12210	RF02543	7AZY	E	4	3396	3399.40	0	1	3401	00bac0
12211	RF02543	8RXX	L2	1	1438	1022.40	4.4e-279	1829	3401	00bac0
12212	RF02543	5TGA	1	2	3394	3401.60	0	1	3401	00bac0
12213	RF02543	7TOR	A28S	3	3552	2858.80	0	1	3401	00bac0
12214	RF02543	9G6J	1	1	3359	3380.60	0	1	3401	00bac0
12215	RF02543	6P5K	5	3	3594	2862.80	0	1	3401	00bac0
12216	RF02543	7OHP	1	4	3396	3401.60	0	1	3401	00bac0
12217	RF02543	7OW7	A	3	5069	2380.10	0	1	3401	00bac0
12218	RF02543	7R72	1	1	641	403.20	1.4e-108	1373	2192	00bac0
12219	RF02543	9F1D	B5	3	4808	2513.90	0	1	3401	00bac0
12220	RF02543	4U53	1	4	3396	3401.60	0	1	3401	00bac0
12221	RF02543	5LZX	5	3	3543	2779.40	0	1	3401	00bac0
12222	RF02543	5T2A	B	1	1382	1035.50	1.1e-282	1829	3401	00bac0
12223	RF02543	8CRE	AS	1	3359	3380.60	0	1	3401	00bac0
12224	RF02543	8FKV	L3	3	5069	2379.30	0	1	3401	00bac0
12225	RF02543	4U4O	5	4	3396	3401.60	0	1	3401	00bac0
12226	RF02543	8CG8	AA	4	3396	3401.60	0	1	3401	00bac0
12227	RF02543	9F58	a	4	3396	3401.60	0	1	3401	00bac0
12228	RF02543	6HHQ	AR	4	3396	3401.60	0	1	3401	00bac0
12229	RF02543	8OEQ	1	1	3359	3380.60	0	1	3401	00bac0
12230	RF02543	9BUU	AA	4	3788	2655.90	0	1	3401	00bac0
12231	RF02543	6LSR	2	3	5069	2379.50	0	1	3401	00bac0
12232	RF02543	6T4Q	C1	2	3184	3284.50	0	1	3401	00bac0
12233	RF02543	8Q87	B5	3	4440	2536.70	0	1	3401	00bac0
12234	RF02543	8RJC	K	3	3543	2779.40	0	1	3401	00bac0
12235	RF02543	8TPU	AA	4	3788	2656.60	0	1	3401	00bac0
12236	RF02543	6OM7	t	3	3606	2746.10	0	1	3401	00bac0
12237	RF02543	8BTK	B5	3	4808	2513.90	0	1	3401	00bac0
12238	RF02543	8VVQ	WA	3	3584	2780.90	0	1	3401	00bac0
12239	RF02543	5DGE	5	4	3396	3401.60	0	1	3401	00bac0
12240	RF02543	8ONZ	1	5	3337	3383.20	0	1	3401	00bac0
12241	RF02543	4U4O	1	4	3396	3401.60	0	1	3401	00bac0
12242	RF02543	5JUO	B	4	3396	3401.60	0	1	3401	00bac0
12243	RF02543	6AZ3	2	1	1438	1022.00	5.9e-279	1830	3401	00bac0
12244	RF02543	6ZVK	e2	3	3920	2749.60	0	1	3401	00bac0
12245	RF02543	7NAC	1	4	3396	3383.30	0	1	3401	00bac0
12246	RF02543	7NAD	1	1	697	481.60	3.4e-130	1373	2403	00bac0
12247	RF02543	8PV3	C1	5	3339	3387.90	0	1	3401	00bac0
12248	RF02543	9HL9	L2	1	1438	1022.40	4.4e-279	1829	3401	00bac0
12249	RF02543	9HL9	L4	25	184	105.00	7.7e-27	3007	3165	00bac0
12250	RF02543	5FCJ	5	4	3396	3401.60	0	1	3401	00bac0
12251	RF02543	3J7O	5	3	3664	2755.60	0	1	3401	00bac0
12252	RF02543	4U3U	1	4	3396	3401.60	0	1	3401	00bac0
12253	RF02543	8CQW	1	1	3359	3380.60	0	1	3401	00bac0
12254	RF02543	8ETC	1	4	3497	3334.20	0	1	3401	00bac0
12255	RF02543	8P85	AR	4	3396	3401.60	0	1	3401	00bac0
12256	RF02543	8PV7	C1	5	3339	3387.90	0	1	3401	00bac0
12257	RF02543	8QHU	4	25	184	105.00	7.7e-27	3007	3165	00bac0
12258	RF02543	8VVV	5	3	3635	2852.50	0	1	3401	00bac0
12259	RF02543	9NL4	T	1	70	77.70	1e-19	2233	2302	00bac0
12260	RF02543	4V8Z	B5	4	3396	3401.60	0	1	3401	00bac0
12261	RF02543	6N8M	A	4	3396	3401.60	0	1	3401	00bac0
12262	RF02543	6SGC	54	3	3603	2857.20	0	1	3401	00bac0
12263	RF02543	8ETG	1	4	3497	3332.70	0	1	3401	00bac0
12264	RF02543	9G1Z	1	1	3359	3380.60	0	1	3401	00bac0
12265	RF02543	9OFV	f	4	3395	3374.50	0	1	3401	00bac0
12266	RF02543	3J0Q	7	1	50	51.30	1.4e-12	2833	2882	00bac0
12267	RF02543	5LZY	5	3	3543	2779.40	0	1	3401	00bac0
12268	RF02543	6GZ5	A2	3	3611	2842.60	0	1	3401	00bac0
12269	RF02543	7NFX	5	3	3493	2660.40	0	1	3401	00bac0
12270	RF02543	8BPO	A1	3	4380	2639.80	0	1	3401	00bac0
12271	RF02543	6ELZ	1	4	3396	3401.60	0	1	3401	00bac0
12272	RF02543	6YLY	1	4	3396	3401.60	0	1	3401	00bac0
12273	RF02543	7R7C	1	44	226	102.60	4.5e-26	2410	2588	00bac0
12274	RF02543	7ZFW	L5	3	3774	2801.10	0	1	3401	00bac0
12275	RF02543	8Q5I	1	1	3359	3380.60	0	1	3401	00bac0
12276	RF02543	5NDV	1	4	3396	3401.60	0	1	3401	00bac0
12277	RF02543	6N8L	1	4	3396	3401.60	0	1	3401	00bac0
12278	RF02543	6RZZ	A	4	3396	3401.60	0	1	3401	00bac0
12279	RF02543	8CQ7	1	1	3359	3380.60	0	1	3401	00bac0
12280	RF02543	7U0H	1	4	3396	3401.60	0	1	3401	00bac0
12281	RF02543	9B0O	L5	3	3740	2816.80	0	1	3401	00bac0
12282	RF02543	4U3M	1	4	3396	3401.60	0	1	3401	00bac0
12283	RF02543	6Y0G	L5	3	5069	2379.50	0	1	3401	00bac0
12284	RF02543	8CQW	AS	1	3359	3380.60	0	1	3401	00bac0
12285	RF02543	8ESQ	1	4	3497	3334.20	0	1	3401	00bac0
12286	RF02543	7R6Q	1	141	293	56.20	3.7e-13	1536	1844	00bac0
12287	RF02543	7UCJ	5	3	3499	2699.50	0	1	3401	00bac0
12288	RF02543	7UCK	5	3	3546	2786.20	0	1	3401	00bac0
12289	RF02543	8BN3	1	2	3162	3279.20	0	1	3401	00bac0
12290	RF02543	9BUQ	AA	4	3788	2655.90	0	1	3401	00bac0
12291	RF02543	3J16	K	1	64	67.60	1.3e-16	1241	1304	00bac0
12292	RF02543	4U4N	5	4	3396	3401.60	0	1	3401	00bac0
12293	RF02543	6GQB	1	4	3396	3401.60	0	1	3401	00bac0
12294	RF02543	7NRD	LA	2	3394	3401.60	0	1	3401	00bac0
12295	RF02543	8EUB	A1	2	3360	3395.80	0	1	3401	00bac0
12296	RF02543	3J0L	7	1	50	51.30	1.4e-12	2833	2882	00bac0
12297	RF02543	5LZW	5	3	3543	2779.40	0	1	3401	00bac0
12298	RF02543	6OM0	t	3	3606	2746.10	0	1	3401	00bac0
12299	RF02543	8VVP	WA	3	3584	2780.90	0	1	3401	00bac0
12300	RF02543	9B0F	L5	3	5069	2379.30	0	1	3401	00bac0
12301	RF02543	6R87	1	2	3316	3377.80	0	1	3401	00bac0
12302	RF02543	8P9A	AR	2	3149	3266.90	0	1	3401	00bac0
12303	RF02543	4U50	1	4	3396	3401.60	0	1	3401	00bac0
12304	RF02543	5DGE	1	4	3396	3401.60	0	1	3401	00bac0
12305	RF02543	8B6C	5	3	4808	2475.80	0	1	3401	00bac0
12306	RF02543	8CEH	AA	4	3396	3401.60	0	1	3401	00bac0
12307	RF02543	8P8N	A	4	3396	3401.60	0	1	3401	00bac0
12308	RF02543	5JCS	x	4	3396	3401.60	0	1	3401	00bac0
12309	RF02543	8FKY	L3	3	5069	2378.80	0	1	3401	00bac0
12310	RF02543	8G61	L5	3	5069	2376.60	0	1	3401	00bac0
12311	RF02543	8P5D	L50	96	2613	1664.00	0	1	3401	00bac0
12312	RF02543	6SV4	ZQ	4	3396	3401.60	0	1	3401	00bac0
12313	RF02543	7MPJ	A1	2	3137	3217.60	0	1	3401	00bac0
12314	RF02543	9FPZ	1	3	5069	2379.30	0	1	3401	00bac0
12315	RF02543	6RM3	L50	83	2417	1339.00	0	1	3401	00bac0
12316	RF02543	6ZU5	L50	97	2638	1494.80	0	1	3401	00bac0
12317	RF02543	8AGT	f	4	3395	3401.90	0	1	3401	00bac0
12318	RF02543	6R7Q	5	3	3544	2778.80	0	1	3401	00bac0
12319	RF02543	8UTI	A	2	3394	3400.80	0	1	3401	00bac0
12320	RF02543	9B0W	L5	3	3740	2816.80	0	1	3401	00bac0
12321	RF02543	9BH5	A5	3	3510	3013.80	0	1	3401	00bac0
12322	RF02543	3JCS	2	1	1439	1022.20	5.1e-279	1829	3401	00bac0
12323	RF02543	8OHD	5	3	5069	2381.80	0	1	3401	00bac0
12324	RF02543	5FCJ	1	4	3396	3401.60	0	1	3401	00bac0
12325	RF02543	5ON6	1	4	3396	3401.60	0	1	3401	00bac0
12326	RF02543	8OH6	1	1	3359	3380.60	0	1	3401	00bac0
12327	RF02543	8P4V	1	4	3396	3401.60	0	1	3401	00bac0
12328	RF02543	9B0Q	l5	3	3740	2816.80	0	1	3401	00bac0
12329	RF02543	9GUL	L5	3	5069	2372.20	0	1	3401	00bac0
12330	RF02543	3JAJ	5	3	3658	2740.40	0	1	3401	00bac0
12331	RF02543	6GQ1	1	4	3396	3401.60	0	1	3401	00bac0
12332	RF02543	6TNU	BQ	2	3184	3284.50	0	1	3401	00bac0
12333	RF02543	7OSA	25S	4	3396	3403.50	0	1	3401	00bac0
12334	RF02543	7ZJW	L5	3	4808	2516.60	0	1	3401	00bac0
12335	RF02543	9F1C	B5	3	4808	2513.90	0	1	3401	00bac0
12336	RF02543	9J9H	A	4	3788	2656.60	0	1	3401	00bac0
12337	RF02543	8BHF	A2	3	5051	2398.30	0	1	3401	00bac0
12338	RF02543	8P60	K50	96	2613	1664.00	0	1	3401	00bac0
12339	RF02543	8RJB	K	3	3543	2779.40	0	1	3401	00bac0
12340	RF02543	8UJC	L5	3	5069	2379.30	0	1	3401	00bac0
12341	RF02543	4U52	1	4	3396	3401.60	0	1	3401	00bac0
12342	RF02543	6T83	1b	4	3396	3401.60	0	1	3401	00bac0
12343	RF02543	8PNN	1	4	3396	3401.60	0	1	3401	00bac0
12344	RF02543	8VVT	WA	3	3635	2851.10	0	1	3401	00bac0
12345	RF02543	8ZGR	LA	2	3393	3401.90	0	1	3401	00bac0
12346	RF02543	4CXH	2	1	50	54.50	1.8e-13	2831	2880	00bac0
12347	RF02543	4D67	2	3	5024	2378.40	0	1	3401	00bac0
12348	RF02543	8IBX	A	1	60	70.40	8.8e-18	2237	2296	00bac0
12349	RF02543	8QFD	5	3	5069	2381.70	0	1	3401	00bac0
12350	RF02543	4U6F	5	4	3396	3401.60	0	1	3401	00bac0
12351	RF02543	8FL6	L3	3	5069	2379.30	0	1	3401	00bac0
12352	RF02543	8XSX	L5	3	5069	2379.50	0	1	3401	00bac0
12353	RF02543	5OBM	5	4	3396	3401.60	0	1	3401	00bac0
12354	RF02543	6EM1	1	4	3396	3401.60	0	1	3401	00bac0
12355	RF02543	6XA1	L5	3	3510	2765.80	0	1	3401	00bac0
12356	RF02543	8OVJ	2	1	1438	1022.50	4.4e-279	1829	3401	00bac0
12357	RF02543	8QOI	L5	3	5068	2381.40	0	1	3401	00bac0
12358	RF02543	8V83	1	4	3396	3401.60	0	1	3401	00bac0
12359	RF02543	3JAI	5	3	3662	2746.40	0	1	3401	00bac0
12360	RF02543	8BF9	5	3	3662	2746.40	0	1	3401	00bac0
12361	RF02543	9B0R	L5	3	5069	2379.30	0	1	3401	00bac0
12362	RF02543	9QIW	L5	3	5069	2379.30	0	1	3401	00bac0
12363	RF02543	4V7F	1	4	3396	3401.60	0	1	3401	00bac0
12364	RF02543	6MTD	5	3	3597	2849.00	0	1	3401	00bac0
12365	RF02543	6QTZ	A	4	3396	3401.60	0	1	3401	00bac0
12366	RF02543	8IPD	2	3	5053	2385.50	0	1	3401	00bac0
12367	RF02543	8QIE	1	2	1782	925.80	2.4e-252	1	1647	00bac0
12368	RF02543	8T3D	A1	2	3360	3395.80	0	1	3401	00bac0
12369	RF02543	9B0H	L5	3	5069	2379.30	0	1	3401	00bac0
12370	RF02543	3JAH	5	3	3662	2746.40	0	1	3401	00bac0
12371	RF02543	8FLD	L3	3	5069	2379.30	0	1	3401	00bac0
12372	RF02543	8K2C	L5	3	5069	2379.50	0	1	3401	00bac0
12373	RF02543	6FTI	u	3	3662	2746.40	0	1	3401	00bac0
12374	RF02543	6N8N	A	4	3396	3401.60	0	1	3401	00bac0
12375	RF02543	8A98	4	25	180	104.90	7.9e-27	3007	3161	00bac0
12376	RF02543	8RXX	L1	2	1782	925.80	2.4e-252	1	1647	00bac0
12377	RF02543	6SWA	q	3	3611	2834.00	0	1	3401	00bac0
12378	RF02543	6ZMO	L5	3	5065	2382.70	0	1	3401	00bac0
12379	RF02543	8AGU	f	4	3395	3374.50	0	1	3401	00bac0
12380	RF02543	8OH6	AS	1	3359	3380.60	0	1	3401	00bac0
12381	RF02543	8UJJ	L5	3	5069	2379.30	0	1	3401	00bac0
12382	RF02543	3J6Y	2S	4	3395	3401.90	0	1	3401	00bac0
12383	RF02543	5TBW	AR	2	3149	3266.90	0	1	3401	00bac0
12384	RF02543	6AZ3	4	25	180	104.90	7.9e-27	3007	3161	00bac0
12385	RF02543	6YLH	1	4	3396	3401.60	0	1	3401	00bac0
12386	RF02543	8OVA	BG	25	180	105.00	7.6e-27	3007	3161	00bac0
12387	RF02543	8VVS	WA	3	3584	2780.90	0	1	3401	00bac0
12388	RF02543	3J78	2S	4	3395	3401.90	0	1	3401	00bac0
12389	RF02543	4U4Z	1	4	3396	3401.60	0	1	3401	00bac0
12390	RF02543	5T5H	A	1	1278	712.40	1.3e-193	1	1635	00bac0
12391	RF02543	7OHU	1	4	3396	3401.60	0	1	3401	00bac0
12392	RF02543	8BQX	BQ	2	3301	3328.30	0	1	3401	00bac0
12393	RF02543	8CKU	AA	4	3396	3401.60	0	1	3401	00bac0
12394	RF02543	5H4P	1	4	3396	3401.60	0	1	3401	00bac0
12395	RF02543	6IP5	1A	3	5069	2379.50	0	1	3401	00bac0
12396	RF02543	7OH3	1	4	3396	3401.60	0	1	3401	00bac0
12397	RF02543	7R7A	1	4	3396	3383.30	0	1	3401	00bac0
12398	RF02543	8BJQ	1	4	3395	3401.90	0	1	3401	00bac0
12399	RF02543	8CDR	AA	4	3396	3401.60	0	1	3401	00bac0
12400	RF02543	8CGN	AA	4	3396	3401.60	0	1	3401	00bac0
12401	RF02543	6OLE	t	3	3606	2746.10	0	1	3401	00bac0
12402	RF02543	9G30	1	1	3359	3380.60	0	1	3401	00bac0
12403	RF02543	6SV4	BQ	4	3396	3401.60	0	1	3401	00bac0
12404	RF02543	7O81	B5	3	4808	2513.90	0	1	3401	00bac0
12405	RF02543	8IDY	2	3	5053	2385.50	0	1	3401	00bac0
12406	RF02543	8PV1	C1	5	3339	3387.90	0	1	3401	00bac0
12407	RF02543	3J7Q	5	3	3722	2831.70	0	1	3401	00bac0
12408	RF02543	6ZMI	L5	3	5065	2382.70	0	1	3401	00bac0
12409	RF02543	7OHX	1	4	3396	3401.60	0	1	3401	00bac0
12410	RF02543	8C3A	1	1	3359	3380.60	0	1	3401	00bac0
12411	RF02543	8JDL	D	3	5069	2376.70	0	1	3401	00bac0
12412	RF02543	3JAN	5	3	3658	2740.40	0	1	3401	00bac0
12413	RF02543	4U4Z	5	4	3396	3401.60	0	1	3401	00bac0
12414	RF02543	5XXB	1	4	3477	3284.80	0	1	3401	00bac0
12415	RF02543	6FTJ	u	3	3662	2746.40	0	1	3401	00bac0
12416	RF02543	8CRE	1	1	3359	3380.60	0	1	3401	00bac0
12417	RF02543	8EVS	A1	2	3199	3323.80	0	1	3401	00bac0
12418	RF02543	8P85	1	4	3396	3401.60	0	1	3401	00bac0
12419	RF02543	5LYB	5	2	3394	3401.60	0	1	3401	00bac0
12420	RF02543	6LU8	2	3	5069	2379.50	0	1	3401	00bac0
12421	RF02543	8PV8	C1	5	3339	3387.90	0	1	3401	00bac0
12422	RF02543	9BDL	A28S	3	3601	2855.60	0	1	3401	00bac0
12423	RF02543	7Q0R	1	1	3359	3380.60	0	1	3401	00bac0
12424	RF02543	7V08	1	4	3396	3401.60	0	1	3401	00bac0
12425	RF02543	8FKW	L3	3	5069	2379.30	0	1	3401	00bac0
12426	RF02543	9V25	lA	1	3503	2043.10	0	1	3379	00bac0
12427	RF02543	6ZJ3	LI	1	610	404.00	8.3e-109	2475	2999	00bac0
12428	RF02543	7NWG	51	3	3788	2838.80	0	1	3401	00bac0
12429	RF02543	8YOP	L5	3	5069	2379.50	0	1	3401	00bac0
12430	RF02543	4V8P	H1	2	3352	3119.30	0	1	3401	00bac0
12431	RF02543	5MEI	1	4	3396	3401.60	0	1	3401	00bac0
12432	RF02543	8PFR	A	4	3396	3401.60	0	1	3401	00bac0
12433	RF02543	8T3B	A1	2	3360	3395.80	0	1	3401	00bac0
12434	RF02543	4V88	A1	4	3396	3401.60	0	1	3401	00bac0
12435	RF02543	7TM3	K	3	3543	2779.40	0	1	3401	00bac0
12436	RF02543	7XNX	L1	3	5069	2376.60	0	1	3401	00bac0
12437	RF02543	7Z34	1	4	3396	3401.60	0	1	3401	00bac0
12438	RF02543	8BIP	1	4	3395	3401.90	0	1	3401	00bac0
12439	RF02543	8CMJ	AA	4	3396	3401.60	0	1	3401	00bac0
12440	RF02543	8IA0	C1	4	3338	3387.90	0	1	3401	00bac0
12441	RF02543	6XU7	A5	8	3974	2814.40	0	1	3401	00bac0
12442	RF02543	7QVP	L6	160	5226	2379.30	0	1	3401	00bac0
12443	RF02543	8UJK	L5	3	5069	2379.30	0	1	3401	00bac0
12444	RF02543	4V6W	A5	8	3970	2809.20	0	1	3401	00bac0
12445	RF02543	4V7R	B1	4	3396	3401.60	0	1	3401	00bac0
12446	RF02543	6ZJ3	LC	1	350	97.70	1.5e-24	113	440	00bac0
12447	RF02543	8EUP	1	4	3497	3334.30	0	1	3401	00bac0
12448	RF02543	9AXT	B2	4	3498	3341.30	0	1	3401	00bac0
12449	RF02543	9AXU	2	4	3498	3341.30	0	1	3401	00bac0
12450	RF02543	9V21	lA	1	3503	2043.10	0	1	3379	00bac0
12451	RF02543	7NAF	1	1	378	65.30	1.4e-15	1772	3151	00bac0
12452	RF02543	7TOP	A25S	4	3396	3401.60	0	1	3401	00bac0
12453	RF02543	8IDT	2	3	5053	2385.50	0	1	3401	00bac0
12454	RF02543	8P8M	A	4	3396	3399.10	0	1	3401	00bac0
12455	RF02543	8RL2	L5	3	5069	2379.30	0	1	3401	00bac0
12456	RF02543	8RXH	L1	2	1782	925.80	2.4e-252	1	1647	00bac0
12457	RF02543	9C3H	L5	3	5069	2377.80	0	1	3401	00bac0
12458	RF02543	5Z3G	A	4	3396	3401.60	0	1	3401	00bac0
12459	RF02543	6Y2L	L5	3	5069	2379.50	0	1	3401	00bac0
12460	RF02543	8BTD	Lt	25	2564	1336.20	0	23	3401	00bac0
12461	RF02543	8OJ3	AS	1	3359	3380.60	0	1	3401	00bac0
12462	RF02543	8UIY	L5	3	3655	2768.70	0	1	3401	00bac0
12463	RF02543	4UG0	L5	3	5069	2377.90	0	1	3401	00bac0
12464	RF02543	9AXV	B2	4	3498	3341.30	0	1	3401	00bac0
12465	RF02543	7ZJX	L5	3	4808	2516.60	0	1	3401	00bac0
12466	RF02543	7ZUX	5	4	3396	3401.60	0	1	3401	00bac0
12467	RF02543	8FLF	L3	3	5069	2379.30	0	1	3401	00bac0
12468	RF02543	8QHU	2	1	1438	1022.50	4.4e-279	1829	3401	00bac0
12469	RF02543	8T30	A1	2	3395	3402.30	0	1	3401	00bac0
12470	RF02543	5IT7	5	2	3270	3359.60	0	1	3401	00bac0
12471	RF02543	5JUU	B	4	3396	3401.60	0	1	3401	00bac0
12472	RF02543	6HCQ	51	3	3635	2851.80	0	1	3401	00bac0
12473	RF02543	7OLD	1	5	3337	3383.20	0	1	3401	00bac0
12474	RF02543	8E5T	1	4	3396	3401.60	0	1	3401	00bac0
12475	RF02543	8I9Y	C1	4	3338	3387.90	0	1	3401	00bac0
12476	RF02543	5DGV	1	4	3396	3401.60	0	1	3401	00bac0
12477	RF02543	6IP6	1A	3	5069	2379.50	0	1	3401	00bac0
12478	RF02543	6P5J	5	3	3594	2862.80	0	1	3401	00bac0
12479	RF02543	8A3W	2	1	1438	1022.50	4.4e-279	1829	3401	00bac0
12480	RF02543	8G60	L5	3	5069	2376.60	0	1	3401	00bac0
12481	RF02543	4V5Z	B0	1	2902	2722.70	0	13	3401	00bac0
12482	RF02543	5DGF	5	4	3396	3401.60	0	1	3401	00bac0
12483	RF02543	7OHW	1	4	3396	3401.60	0	1	3401	00bac0
12484	RF02543	8ESR	1	4	3497	3334.20	0	1	3401	00bac0
12485	RF02543	8QIE	4	25	184	105.00	7.7e-27	3007	3165	00bac0
12486	RF02543	8T3E	A1	2	3394	3402.00	0	1	3401	00bac0
12487	RF02543	4U50	5	4	3396	3401.60	0	1	3401	00bac0
12488	RF02543	7OHV	1	4	3396	3401.60	0	1	3401	00bac0
12489	RF02543	7OHY	1	4	3396	3401.60	0	1	3401	00bac0
12490	RF02543	7OYA	51	3	4269	2641.00	0	1	3401	00bac0
12491	RF02543	9BDN	A28S	3	3601	2855.60	0	1	3401	00bac0
12492	RF02543	6SV4	YQ	4	3396	3401.60	0	1	3401	00bac0
12493	RF02543	6Y6X	L5	3	5069	2379.50	0	1	3401	00bac0
12494	RF02543	7QWQ	5	3	4754	2512.50	0	1	3401	00bac0
12495	RF02543	8AAF	f	4	3395	3374.50	0	1	3401	00bac0
12496	RF02543	8EVR	A1	2	3360	3395.80	0	1	3401	00bac0
12497	RF02543	8RJD	K	3	3543	2779.40	0	1	3401	00bac0
12498	RF02543	8Z70	A	2	3394	3401.60	0	1	3401	00bac0
12499	RF02543	4U3U	5	4	3396	3401.60	0	1	3401	00bac0
12500	RF02543	5DC3	1	4	3396	3401.60	0	1	3401	00bac0
12501	RF02543	6IP8	1A	3	5069	2379.50	0	1	3401	00bac0
12502	RF02543	7OF1	1	4	3396	3401.60	0	1	3401	00bac0
12503	RF02543	7PZY	1	1	3359	3380.60	0	1	3401	00bac0
12504	RF02543	8FLE	L3	3	5069	2379.30	0	1	3401	00bac0
12505	RF02543	4V8M	BG	25	180	105.00	7.6e-27	3007	3161	00bac0
12506	RF02543	6OLF	t	3	3606	2746.10	0	1	3401	00bac0
12507	RF02543	6T7I	C1	4	3396	3401.60	0	1	3401	00bac0
12508	RF02543	8AGW	f	4	3395	3374.50	0	1	3401	00bac0
12509	RF02543	8B5L	5	3	4808	2475.80	0	1	3401	00bac0
12510	RF02543	8EVP	A1	2	3360	3395.80	0	1	3401	00bac0
12511	RF02543	8OVA	BA	6	1920	904.00	2.7e-246	1	1656	00bac0
12512	RF02543	4V7E	Aa	4	3391	3184.20	0	1	3401	00bac0
12513	RF02543	7NRC	LA	2	3394	3401.60	0	1	3401	00bac0
12514	RF02543	9F9S	L1	4	3396	3401.60	0	1	3401	00bac0
12515	RF02543	6I7O	BQ	4	3396	3401.60	0	1	3401	00bac0
12516	RF02543	6QIK	A	4	3396	3401.60	0	1	3401	00bac0
12517	RF02543	6R6G	5	3	3544	2779.10	0	1	3401	00bac0
12518	RF02543	6RI5	A	4	3396	3401.60	0	1	3401	00bac0
12519	RF02543	8BRM	Lt	25	2564	1336.20	0	23	3401	00bac0
12520	RF02543	8IP8	RB	4	3386	3203.20	0	1	3401	00bac0
12521	RF02543	8WV1	a	148	2901	1152.10	0	1	3401	00bac0
12522	RF02543	8XSY	L5	3	5069	2379.50	0	1	3401	00bac0
12523	RF02543	8YLR	A	2	3394	3401.60	0	1	3401	00bac0
12524	RF02543	8I9P	C1	4	3338	3387.90	0	1	3401	00bac0
12525	RF02543	8Y0W	L5	3	5069	2379.30	0	1	3401	00bac0
12526	RF02543	9BUP	AA	4	3788	2655.90	0	1	3401	00bac0
12527	RF02543	8FL0	L3	3	5069	2379.30	0	1	3401	00bac0
12528	RF02543	8INK	2	3	5053	2385.50	0	1	3401	00bac0
12529	RF02543	8XSZ	L5	3	5069	2379.50	0	1	3401	00bac0
12530	RF02543	5UMD	A	4	3788	2656.60	0	1	3401	00bac0
12531	RF02543	6P5N	5	3	3594	2862.80	0	1	3401	00bac0
12532	RF02543	7OHT	1	4	3396	3401.60	0	1	3401	00bac0
12533	RF02543	7OLC	1	5	3337	3383.20	0	1	3401	00bac0
12534	RF02543	8OVJ	1	2	1782	926.40	1.7e-252	1	1647	00bac0
12535	RF02543	8PNN	AR	4	3396	3401.60	0	1	3401	00bac0
12536	RF02543	9GY4	5	3	5069	2381.80	0	1	3401	00bac0
12537	RF02543	9V1I	lA	1	3503	2043.10	0	1	3379	00bac0
12538	RF02543	4V6X	A5	3	5069	2379.30	0	1	3401	00bac0
12539	RF02543	4V8P	A1	2	3352	3119.30	0	1	3401	00bac0
12540	RF02543	5LZU	5	3	3543	2779.40	0	1	3401	00bac0
12541	RF02543	5MC6	BQ	4	3396	3401.60	0	1	3401	00bac0
12542	RF02543	6OLZ	A2	3	3642	2806.30	0	1	3401	00bac0
12543	RF02543	7BT6	1	4	3396	3401.60	0	1	3401	00bac0
12544	RF02543	7QCA	L50	96	2613	1664.00	0	1	3401	00bac0
12545	RF02543	4UJE	A2	3	5024	2378.40	0	1	3401	00bac0
12546	RF02543	6T83	Aa	4	3396	3401.60	0	1	3401	00bac0
12547	RF02543	7O7Z	B5	3	4808	2513.90	0	1	3401	00bac0
12548	RF02543	7UQZ	1	4	3396	3401.60	0	1	3401	00bac0
12549	RF02543	7ZUW	5	4	3396	3401.60	0	1	3401	00bac0
12550	RF02543	8FKP	L3	3	5069	2379.30	0	1	3401	00bac0
12551	RF02543	8T2Y	A1	2	3395	3402.30	0	1	3401	00bac0
12552	RF02543	9I78	L1	5	3337	3383.20	0	1	3401	00bac0
12553	RF02543	3J0O	7	1	50	51.30	1.4e-12	2833	2882	00bac0
12554	RF02543	4U3N	1	4	3396	3401.60	0	1	3401	00bac0
12555	RF02543	4U4U	1	4	3396	3401.60	0	1	3401	00bac0
12556	RF02543	5A8L	A	3	5024	2373.70	0	1	3401	00bac0
12557	RF02543	5JUS	B	4	3396	3401.60	0	1	3401	00bac0
12558	RF02543	6GZ3	A2	3	3611	2842.60	0	1	3401	00bac0
12559	RF02543	8EUY	1	4	3497	3332.70	0	1	3401	00bac0
12560	RF02543	8G5Z	L5	3	3687	2841.80	0	1	3401	00bac0
12561	RF02543	5NDW	5	4	3396	3401.60	0	1	3401	00bac0
12562	RF02543	6QZP	L5	3	3773	2801.70	0	1	3401	00bac0
12563	RF02543	5T2A	A	2	1781	927.90	6.6e-253	1	1639	00bac0
12564	RF02543	3JCS	1	2	1782	927.50	8.4e-253	1	1639	00bac0
12565	RF02543	4U56	1	4	3396	3401.60	0	1	3401	00bac0
12566	RF02543	5JUT	B	4	3396	3401.60	0	1	3401	00bac0
12567	RF02543	5T2A	G	25	180	102.90	2.9e-26	3007	3161	00bac0
12568	RF02543	6HCM	52	3	3634	2852.00	0	1	3401	00bac0
12569	RF02543	7UOO	1	4	3396	3401.60	0	1	3401	00bac0
12570	RF02543	8GLP	L5	3	5069	2376.60	0	1	3401	00bac0
12571	RF02543	8ONY	5	3	5069	2379.30	0	1	3401	00bac0
12572	RF02543	8UT0	A	2	3394	3401.60	0	1	3401	00bac0
12573	RF02543	8YLD	A	2	3394	3401.60	0	1	3401	00bac0
12574	RF02543	9B0G	L5	3	5069	2379.30	0	1	3401	00bac0
12575	RF02543	5FCI	1	4	3396	3401.60	0	1	3401	00bac0
12576	RF02543	5ON6	AR	4	3396	3401.60	0	1	3401	00bac0
12577	RF02543	8FKR	L3	3	5069	2379.30	0	1	3401	00bac0
12578	RF02543	8INF	2	3	5053	2385.50	0	1	3401	00bac0
12579	RF02543	8JDM	D	3	5069	2376.70	0	1	3401	00bac0
12580	RF02543	7QWS	5	3	4754	2512.50	0	1	3401	00bac0
12581	RF02543	5T5H	B	1	941	771.20	5.7e-210	1834	3074	00bac0
12582	RF02543	7QIZ	2	2	3391	3364.10	0	1	3401	00bac0
12583	RF02543	3J0O	2	1	112	149.10	3.1e-39	2200	2311	00bac0
12584	RF02543	7F5S	L5	3	5069	2376.60	0	1	3401	00bac0
12585	RF02543	8QIE	2	1	1438	1022.40	4.4e-279	1829	3401	00bac0
12586	RF02543	8ZH3	LA	2	3393	3401.90	0	1	3401	00bac0
12587	RF02543	8ZHC	LA	2	3393	3401.90	0	1	3401	00bac0
12588	RF02545	6SGB	CA	4	617	472.10	4.5e-118	1	623	00bac0
12589	RF02545	7AIH	1	2984	3610	524.30	2.6e-130	1	623	00bac0
12590	RF02545	6HIV	CA	4	621	473.10	2.4e-118	1	623	00bac0
12591	RF02545	6SG9	CA	4	611	391.40	2.7e-97	1	623	00bac0
12592	RF02545	7ANE	1	2489	3115	516.80	4.1e-128	1	623	00bac0
12593	RF02545	6HIY	CA	4	621	474.10	1.3e-118	1	623	00bac0
12594	RF02545	6HIZ	CA	4	611	468.90	3e-117	1	623	00bac0
12595	RF02545	7AOR	2	2589	3210	485.10	2.7e-120	1	623	00bac0
12596	RF02545	9HNY	CA	4	617	472.10	4.5e-118	1	623	00bac0
12597	RF02545	7AM2	1	2491	3117	521.50	2.6e-129	1	623	00bac0
12598	RF02545	7ANE	2	2489	3115	516.80	4.1e-128	1	623	00bac0
12599	RF02545	6HIW	CA	4	621	473.10	2.4e-118	1	623	00bac0
12600	RF02545	6SGA	CA	4	471	301.30	2.1e-74	1	623	00bac0
12601	RF02545	7PUA	CA	4	621	475.40	6.5e-119	1	623	00bac0
12602	RF02545	7AOR	A	2589	3210	485.10	2.7e-120	1	623	00bac0
12603	RF02545	7PUB	CA	4	621	475.40	6.5e-119	1	623	00bac0
12604	RF02545	3IY8	A	1	540	326.30	9.4e-81	1	623	00bac0
12605	RF02546	6YXY	AA	609	1168	518.20	1.6e-130	1	561	00bac0
12606	RF02546	7AM2	1	1904	2470	554.90	7.9e-139	1	561	00bac0
12607	RF02546	7ANE	2	1904	2468	565.00	2e-141	1	561	00bac0
12608	RF02546	7AOR	A	2020	2579	550.40	5.8e-138	1	561	00bac0
12609	RF02546	3IY9	A	498	1027	497.20	3.7e-125	1	561	00bac0
12610	RF02546	6YXX	AA	609	1168	518.20	1.6e-130	1	561	00bac0
12611	RF02546	7ANE	1	1904	2468	565.00	2e-141	1	561	00bac0
12612	RF02546	6HIV	AA	609	1169	521.90	1.8e-131	1	561	00bac0
12613	RF02546	7AIH	1	2400	2963	558.40	5.6e-140	1	561	00bac0
12614	RF02546	7AOI	AA	452	750	245.30	2.1e-60	183	561	00bac0
12615	RF02546	7AOR	2	2020	2579	550.40	5.8e-138	1	561	00bac0
12616	RF02546	6HIX	AA	609	1168	516.10	5.7e-130	1	561	00bac0
12617	RF02678	6JQ5	A	1	81	83.20	6.1e-19	5	133	00bac0
12618	RF02678	6JQ5	B	1	81	83.20	6.1e-19	5	133	00bac0
12619	RF02678	6JQ6	U	1	81	83.70	4.5e-19	5	133	00bac0
12620	RF02679	5KTJ	C	1	50	37.80	9.5e-07	1	49	00bac0
12621	RF02679	5K7E	A	1	47	34.80	4.3e-06	1	46	00bac0
12622	RF02679	6UFJ	A	1	51	40.60	2.2e-07	1	50	00bac0
12623	RF02679	5K7D	A	1	47	34.80	4.3e-06	1	46	00bac0
12624	RF02679	6UFK	C	1	51	40.60	2.2e-07	1	50	00bac0
12625	RF02679	5KTJ	A	1	50	37.80	9.5e-07	1	49	00bac0
12626	RF02679	6UFK	A	1	51	40.60	2.2e-07	1	50	00bac0
12627	RF02679	5K7C	A	1	47	34.80	4.3e-06	1	46	00bac0
12628	RF02679	6UEY	C	1	50	40.90	1.8e-07	1	49	00bac0
12629	RF02679	6UFJ	C	1	51	40.60	2.2e-07	1	50	00bac0
12630	RF02679	6UEY	A	1	50	40.90	1.8e-07	1	49	00bac0
12631	RF02679	6UF1	C	1	50	40.90	1.8e-07	1	49	00bac0
12632	RF02679	6UF1	A	1	50	40.90	1.8e-07	1	49	00bac0
12633	RF02680	8VPV	A	1	100	111.30	6.6e-25	1	102	00bac0
12634	RF02680	8TOZ	A	1	101	112.70	3e-25	1	102	00bac0
12635	RF02680	6XKN	A	1	101	115.40	6.7e-26	1	102	00bac0
12636	RF02680	4RZD	A	1	101	117.90	1.6e-26	1	102	00bac0
12637	RF02680	6XKO	A	1	101	115.70	5.9e-26	1	102	00bac0
12638	RF02681	5Y85	D	1	50	36.90	7e-08	25	76	00bac0
12639	RF02681	5T5A	A	2	61	47.40	8.5e-11	4	76	00bac0
12640	RF02681	5Y87	B	1	50	36.90	7e-08	25	76	00bac0
12641	RF02681	5Y87	D	1	50	36.90	7e-08	25	76	00bac0
12642	RF02681	5Y85	B	1	50	36.90	7e-08	25	76	00bac0
12643	RF02683	4RUM	A	4	89	69.30	4.2e-17	9	96	00bac0
12644	RF02796	3HJW	D	1	57	66.90	8.8e-13	1	68	00bac0
12645	RF02796	3LWV	D	1	57	66.90	8.8e-13	1	68	00bac0
12646	RF02796	3LWR	D	1	57	66.90	8.8e-13	1	68	00bac0
12647	RF02796	3LWQ	D	1	57	66.90	8.8e-13	1	68	00bac0
12648	RF02796	3LWO	D	1	57	66.90	8.8e-13	1	68	00bac0
12649	RF02796	3LWP	D	1	57	66.90	8.8e-13	1	68	00bac0
12650	RF02926	9G4R	A	1	47	65.90	9.2e-17	2	48	00bac0
12651	RF02933	9KPH	A	1	255	231.00	7.4e-62	1	256	00bac0
12652	RF02933	9KPO	B	1	255	231.00	7.4e-62	1	256	00bac0
12653	RF02933	9KPO	A	1	255	231.00	7.4e-62	1	256	00bac0
12654	RF02933	9KPH	B	1	255	231.00	7.4e-62	1	256	00bac0
12655	RF02977	7WIE	V	9	45	50.90	9.4e-11	1	39	00bac0
12656	RF02977	8XZQ	A	10	48	60.30	3.7e-13	1	39	00bac0
12657	RF02977	7WIF	V	9	45	50.90	9.4e-11	1	39	00bac0
12658	RF02977	7WIA	V	9	45	43.30	8.3e-09	1	39	00bac0
12659	RF02977	8XZR	A	10	48	60.30	3.7e-13	1	39	00bac0
12660	RF02977	7WI9	V	9	45	50.90	9.4e-11	1	39	00bac0
12661	RF02977	8XZW	A	10	48	60.30	3.7e-13	1	39	00bac0
12662	RF02977	7WIB	V	9	45	50.90	9.4e-11	1	39	00bac0
12663	RF02977	8XZE	A	10	48	60.30	3.7e-13	1	39	00bac0
12664	RF02977	8XZK	A	10	48	60.30	3.7e-13	1	39	00bac0
12665	RF02977	8XZN	A	10	48	60.30	3.7e-13	1	39	00bac0
12666	RF02977	8XZL	A	10	48	60.30	3.7e-13	1	39	00bac0
12667	RF02977	8XZO	A	10	48	60.30	3.7e-13	1	39	00bac0
12668	RF02977	7WII	V	9	45	50.90	9.4e-11	1	39	00bac0
12669	RF02977	8XZP	A	10	48	60.30	3.7e-13	1	39	00bac0
12670	RF02977	8XZM	A	10	48	60.30	3.7e-13	1	39	00bac0
12671	RF03013	7D7W	A	1	51	48.60	1.1e-11	2	62	00bac0
12672	RF03013	6TFF	A	1	52	57.90	2e-14	1	62	00bac0
12673	RF03013	6TFE	A	1	52	57.90	2e-14	1	62	00bac0
12674	RF03013	7D7Y	A	1	51	48.60	1.1e-11	2	62	00bac0
12675	RF03013	7D7V	A	1	56	44.70	1.7e-10	1	62	00bac0
12676	RF03013	6TFH	A	1	52	57.90	2e-14	1	62	00bac0
12677	RF03013	6TF2	A	1	52	57.90	2e-14	1	62	00bac0
12678	RF03013	7D7Z	A	1	51	48.60	1.1e-11	2	62	00bac0
12679	RF03013	7D81	A	1	50	55.10	1.3e-13	1	62	00bac0
12680	RF03013	7D82	A	1	50	55.10	1.3e-13	1	62	00bac0
12681	RF03013	7D7X	A	1	51	48.60	1.1e-11	2	62	00bac0
12682	RF03013	6TB7	A	1	52	57.90	2e-14	1	62	00bac0
12683	RF03013	6TF0	A	1	52	57.90	2e-14	1	62	00bac0
12684	RF03013	6TF3	A	1	52	57.90	2e-14	1	62	00bac0
12685	RF03013	6TF1	A	1	52	57.90	2e-14	1	62	00bac0
12686	RF03013	6TFG	A	1	52	57.90	2e-14	1	62	00bac0
12687	RF03016	9C0I	R	148	282	88.20	2.3e-16	1	117	00bac0
12688	RF03016	9C0J	R	148	282	88.20	2.3e-16	1	117	00bac0
12689	RF03022	8UBC	I	5	137	98.80	6.2e-21	1	127	00bac0
12690	RF03022	8UBD	I	5	137	98.80	6.2e-21	1	127	00bac0
12691	RF03022	8UBE	I	5	137	98.80	6.2e-21	1	127	00bac0
12692	RF03022	8UB8	I	5	137	98.80	6.2e-21	1	127	00bac0
12693	RF03022	8UB9	I	5	137	98.80	6.2e-21	1	127	00bac0
12694	RF03022	8UBF	I	5	137	98.80	6.2e-21	1	127	00bac0
12695	RF03022	8UBB	I	5	137	98.80	6.2e-21	1	127	00bac0
12696	RF03022	8UB7	I	5	137	98.80	6.2e-21	1	127	00bac0
12697	RF03022	8UBA	I	5	137	98.80	6.2e-21	1	127	00bac0
12698	RF03030	9G4Q	A	1	52	64.70	3.3e-15	2	53	00bac0
12699	RF03030	9G4Q	B	1	52	64.70	3.3e-15	2	53	00bac0
12700	RF03054	7ELQ	A	1	44	44.40	5.1e-10	6	51	00bac0
12701	RF03054	7ELP	A	1	44	44.40	5.1e-10	6	51	00bac0
12702	RF03054	7ELS	B	1	44	44.40	5.1e-10	6	51	00bac0
12703	RF03054	7ELS	A	1	44	44.40	5.1e-10	6	51	00bac0
12704	RF03054	7ELP	B	1	44	44.40	5.1e-10	6	51	00bac0
12705	RF03054	7ELQ	B	1	44	44.40	5.1e-10	6	51	00bac0
12706	RF03054	7ELR	A	1	44	44.40	5.1e-10	6	51	00bac0
12707	RF03054	7ELR	B	1	44	44.40	5.1e-10	6	51	00bac0
12708	RF03054	8Q6N	A	1	46	45.20	3.1e-10	5	52	00bac0
12709	RF03064	8IAZ	E	51	123	72.20	2.5e-15	1	71	00bac0
12710	RF03072	9CXF	A	314	517	202.80	1.6e-54	1	209	00bac0
12711	RF03072	9E75	A	3	165	133.40	1.5e-35	1	209	00bac0
12712	RF03072	9ELY	A	3	205	193.70	1.9e-52	1	208	00bac0
12713	RF03072	9E74	A	3	255	147.60	2.3e-39	1	209	00bac0
12714	RF03072	9G7C	A	1	224	191.60	8.6e-52	1	209	00bac0
12715	RF03072	9E73	A	1	204	202.80	5.5e-55	1	209	00bac0
12716	RF03085	8VZ6	R	8	44	58.50	8.6e-12	1	37	00bac0
12717	RF03085	8VZ6	S	8	44	58.50	8.6e-12	1	37	00bac0
12718	RF03087	9LE3	D	3	518	114.60	3.4e-25	16	562	00bac0
12719	RF03087	9MDS	B	2	650	182.00	1.6e-41	1	574	00bac0
12720	RF03087	9M78	C	3	518	114.60	3.4e-25	16	562	00bac0
12721	RF03087	9J3T	B	1	579	263.10	2.6e-61	1	574	00bac0
12722	RF03087	9J6Y	B	1	549	135.00	3.8e-30	1	574	00bac0
12723	RF03087	9MDS	E	2	650	182.00	1.6e-41	1	574	00bac0
12724	RF03087	9MM6	U	1	579	263.10	2.6e-61	1	574	00bac0
12725	RF03087	9MDS	H	2	650	182.00	1.6e-41	1	574	00bac0
12726	RF03087	9MME	w	1	580	369.60	2.9e-87	1	574	00bac0
12727	RF03087	9LE5	A	3	518	114.60	3.4e-25	16	562	00bac0
12728	RF03087	9MME	k	1	580	369.60	2.9e-87	1	574	00bac0
12729	RF03087	9MME	c	1	580	369.60	2.9e-87	1	574	00bac0
12730	RF03087	9LE6	B	3	518	114.60	3.4e-25	16	562	00bac0
12731	RF03087	9LE6	A	3	518	114.60	3.4e-25	16	562	00bac0
12732	RF03087	9MME	s	1	580	369.60	2.9e-87	1	574	00bac0
12733	RF03087	9MM6	I	1	579	263.10	2.6e-61	1	574	00bac0
12734	RF03087	9J6Y	D	1	549	135.00	3.8e-30	1	574	00bac0
12735	RF03087	9MDS	A	2	650	182.00	1.6e-41	1	574	00bac0
12736	RF03087	9J3R	D	1	579	263.10	2.6e-61	1	574	00bac0
12737	RF03087	9MM6	Q	1	579	263.10	2.6e-61	1	574	00bac0
12738	RF03087	9J6Y	C	1	549	135.00	3.8e-30	1	574	00bac0
12739	RF03087	9MDS	G	2	650	182.00	1.6e-41	1	574	00bac0
12740	RF03087	9M78	D	3	518	114.60	3.4e-25	16	562	00bac0
12741	RF03087	9ISV	A	1	579	263.10	2.6e-61	1	574	00bac0
12742	RF03087	9MM6	M	1	579	263.10	2.6e-61	1	574	00bac0
12743	RF03087	9J6Y	A	1	549	135.00	3.8e-30	1	574	00bac0
12744	RF03087	9M78	F	3	518	114.60	3.4e-25	16	562	00bac0
12745	RF03087	9J3R	A	1	579	263.10	2.6e-61	1	574	00bac0
12746	RF03087	9MM6	E	1	579	263.10	2.6e-61	1	574	00bac0
12747	RF03087	9MDS	F	2	650	182.00	1.6e-41	1	574	00bac0
12748	RF03087	9M79	A	3	518	114.60	3.4e-25	16	562	00bac0
12749	RF03087	9LE6	F	3	518	114.60	3.4e-25	16	562	00bac0
12750	RF03087	9J3T	G	1	579	263.10	2.6e-61	1	574	00bac0
12751	RF03087	9LE6	D	3	518	114.60	3.4e-25	16	562	00bac0
12752	RF03087	9MM6	Y	1	579	263.10	2.6e-61	1	574	00bac0
12753	RF03087	9J3T	C	1	579	263.10	2.6e-61	1	574	00bac0
12754	RF03087	9J3T	F	1	579	263.10	2.6e-61	1	574	00bac0
12755	RF03087	9MM6	c	1	579	263.10	2.6e-61	1	574	00bac0
12756	RF03087	9MME	o	1	580	369.60	2.9e-87	1	574	00bac0
12757	RF03087	9LE6	E	3	518	114.60	3.4e-25	16	562	00bac0
12758	RF03087	9J3T	D	1	579	263.10	2.6e-61	1	574	00bac0
12759	RF03087	9MME	U	1	580	369.60	2.9e-87	1	574	00bac0
12760	RF03087	9LE3	A	3	518	114.60	3.4e-25	16	562	00bac0
12761	RF03087	9LE3	B	3	518	114.60	3.4e-25	16	562	00bac0
12762	RF03087	9LE3	E	3	518	114.60	3.4e-25	16	562	00bac0
12763	RF03087	9MDS	D	2	650	182.00	1.6e-41	1	574	00bac0
12764	RF03087	9J3R	C	1	579	263.10	2.6e-61	1	574	00bac0
12765	RF03087	9LE3	C	3	518	114.60	3.4e-25	16	562	00bac0
12766	RF03087	9J6Y	F	1	549	135.00	3.8e-30	1	574	00bac0
12767	RF03087	9J6Y	E	1	549	135.00	3.8e-30	1	574	00bac0
12768	RF03087	9M78	B	3	518	114.60	3.4e-25	16	562	00bac0
12769	RF03087	9M78	A	3	518	114.60	3.4e-25	16	562	00bac0
12770	RF03087	9MME	Y	1	580	369.60	2.9e-87	1	574	00bac0
12771	RF03087	9MDS	C	2	650	182.00	1.6e-41	1	574	00bac0
12772	RF03087	9MME	g	1	580	369.60	2.9e-87	1	574	00bac0
12773	RF03087	9M78	E	3	518	114.60	3.4e-25	16	562	00bac0
12774	RF03087	9J3T	H	1	579	263.10	2.6e-61	1	574	00bac0
12775	RF03087	9LE3	F	3	518	114.60	3.4e-25	16	562	00bac0
12776	RF03087	9LE6	C	3	518	114.60	3.4e-25	16	562	00bac0
12777	RF03087	9J3T	E	1	579	263.10	2.6e-61	1	574	00bac0
12778	RF03087	9MMG	c	1	579	263.10	2.6e-61	1	574	00bac0
12779	RF03087	9MM6	A	1	579	263.10	2.6e-61	1	574	00bac0
12780	RF03087	9J3R	B	1	579	263.10	2.6e-61	1	574	00bac0
12781	RF03087	9J3T	A	1	579	263.10	2.6e-61	1	574	00bac0
12782	RF03120	8QO5	A	1	145	173.80	3.4e-53	149	293	00bac0
12783	RF03120	8UYP	A	1	143	172.30	1e-52	150	292	00bac0
12784	RF03167	3MUR	R	4	91	63.10	1.1e-15	1	80	00bac0
12785	RF03167	3IRW	R	4	91	69.50	1.6e-17	1	80	00bac0
12786	RF03167	3UCU	R	4	91	69.50	1.6e-17	1	80	00bac0
12787	RF03167	3UCZ	R	4	91	69.50	1.6e-17	1	80	00bac0
12788	RF03167	3UD3	R	4	91	63.10	1.1e-15	1	80	00bac0
12789	RF03167	3MUM	R	4	91	62.80	1.3e-15	1	80	00bac0
12790	RF03167	4YB1	R	4	91	62.80	1.3e-15	1	80	00bac0
12791	RF03167	3IWN	B	1	92	68.20	3.7e-17	1	80	00bac0
12792	RF03167	3MXH	R	4	91	69.50	1.6e-17	1	80	00bac0
12793	RF03167	3UD4	R	4	91	63.10	1.1e-15	1	80	00bac0
12794	RF03167	3IWN	A	1	92	68.20	3.7e-17	1	80	00bac0
12795	RF04076	9HGJ	C	1	69	75.10	3.2e-16	2	72	00bac0
12796	RF04076	9HGJ	D	12	79	70.80	4e-15	1	72	00bac0
12797	RF04190	1M5K	E	1	68	42.40	4.9e-07	31	90	00bac0
12798	RF04190	1M5V	B	1	68	42.40	4.9e-07	31	90	00bac0
12799	RF04190	1M5P	E	1	68	42.40	4.9e-07	31	90	00bac0
12800	RF04190	1M5O	E	1	68	42.40	4.9e-07	31	90	00bac0
12801	RF04190	1M5V	E	1	68	42.40	4.9e-07	31	90	00bac0
12802	RF04190	1M5O	B	1	68	42.40	4.9e-07	31	90	00bac0
12803	RF04190	1M5K	B	1	68	42.40	4.9e-07	31	90	00bac0
12804	RF04190	1M5P	B	1	68	42.40	4.9e-07	31	90	00bac0
12805	RF04222	7JJU	A	2	51	44.90	3.5e-08	3	52	00bac0
12806	RF04222	7JJU	B	2	51	44.90	3.5e-08	3	52	00bac0
