source_id	url	local_path	retrieved_utc	http_status	last_modified	etag	content_length_header	bytes	sha256	release	purpose	status	note
rfam/15.1/Rfam.seed.gz	https://ftp.ebi.ac.uk/pub/databases/Rfam/15.1/Rfam.seed.gz	inputs/rfam/15.1/Rfam.seed.gz	2026-10-09T03:10:33+00:00	200	Sat, 03 Jan 2026 01:34:05 GMT	"""5a75f0-64771d24ef3cb"""	5928432	5928432	41f014f4ab5628620935f089b1bb77987ebc162fda7c72bff368a32c9cccabac	15.1	Rfam 15.1 (explicit versioned URL) Rfam.seed.gz	ok	
rfam/15.1/Rfam.pdb.gz	https://ftp.ebi.ac.uk/pub/databases/Rfam/15.1/Rfam.pdb.gz	inputs/rfam/15.1/Rfam.pdb.gz	2026-10-09T03:10:34+00:00	200	Sat, 03 Jan 2026 01:46:47 GMT	"""154fa-64771ffc06c91"""	87290	87290	4eac9865f671325b0d09e50b7db49a0608e82a0f7de33ad7ee220bbb38290155	15.1	Rfam 15.1 (explicit versioned URL) Rfam.pdb.gz	ok	
rfam/15.1/README	https://ftp.ebi.ac.uk/pub/databases/Rfam/15.1/README	inputs/rfam/15.1/README	2026-10-09T03:10:35+00:00	200	Sun, 04 Jan 2026 23:58:56 GMT	"""443e-64798b9b26084"""	17470	17470	3644c076ee3420a6b37bd8f7b8759dff408eea64067e4973ac5e0d54ec72a807	15.1	Rfam 15.1 (explicit versioned URL) README	ok	
pdb/pdb_seqres.txt.gz	https://files.wwpdb.org/pub/pdb/derived_data/pdb_seqres.txt.gz	inputs/pdb/pdb_seqres.txt.gz	2026-10-09T03:11:31+00:00	200	Sat, 03 Oct 2026 09:36:31 GMT	"""c4e9ff6128f89137d17cb0a10395e0db-9"""	67519946	67519946	1d488a9ee8fa5ec280f50254d953f9a54af54ecb44f886ed990099e35028c2a4	retrieved 2026-10-09	wwPDB SEQRES for all entries: candidate chain sequences for seed-row membership screening	ok	
rfam/web/RF00162_web_stockholm.sto	https://rfam.org/family/RF00162/alignment/stockholm	inputs/rfam/web/RF00162_web_stockholm.sto	2026-10-09T02:40:39+00:00	200			167766	167766	5e11139e9d0befb1b4529a9d113fc9fedff8fc85eb93145c5059c73799f21535		Real interleaved Stockholm record for the parser gate ONLY (rfam.org export); never an alignment reference	ok	reused V1 download (retrieved 2026-10-09T02:40:39+00:00); sha256 re-verified 2026-10-09T03:12:43+00:00
structures/mmcif/2N7M.cif.gz	https://files.rcsb.org/download/2N7M.cif.gz	inputs/structures/mmcif/2N7M.cif.gz	2026-10-09T02:44:31+00:00	200	Mon, 22 Sep 2025 00:20:26 GMT	"""787d5f751b70c56ac1600535dbf37ff3-gz"""	571187	571187	3700db8621f80a1294b4eb3e12ee00b4aeb4f016aa108772d8af41256e4ae88d		RCSB mmCIF for 2N7M (source coordinates/metadata)	ok	reused V1 download (retrieved 2026-10-09T02:44:31+00:00); sha256 re-verified 2026-10-09T03:14:22+00:00
rnacentral/URS00008FED30.json	https://rnacentral.org/api/v1/rna/URS00008FED30.json	inputs/rnacentral/URS00008FED30.json	2026-10-09T02:44:33+00:00	200			578	578	5eeb2a6d89dc153c1c9e43611e98e7eb0166e31aa4dab412944c1e51c08862d1		RNAcentral record for URS00008FED30 (row origin)	ok	reused V1 download (retrieved 2026-10-09T02:44:33+00:00); sha256 re-verified 2026-10-09T03:14:22+00:00
structures/mmcif/3JCM.cif.gz	https://files.rcsb.org/download/3JCM.cif.gz	inputs/structures/mmcif/3JCM.cif.gz	2026-10-09T02:44:37+00:00	200	Mon, 22 Sep 2025 00:09:58 GMT	"""6d37529dc7672798a8475c1400a7ffdd-gz"""	1694218	1694218	435a010b7e4ca96a8c01cee986ece1cdd2a481fa655b035c9893795da312c5d3		RCSB mmCIF for 3JCM (source coordinates/metadata)	ok	reused V1 download (retrieved 2026-10-09T02:44:37+00:00); sha256 re-verified 2026-10-09T03:14:22+00:00
rnacentral/URS00001143F5.json	https://rnacentral.org/api/v1/rna/URS00001143F5.json	inputs/rnacentral/URS00001143F5.json	2026-10-09T02:44:38+00:00	200			1136	1136	7a24e3287a0616aeaf922f3eef78ed83191f74ac1ec01ea99b102920b997165f		RNAcentral record for URS00001143F5 (row origin)	ok	reused V1 download (retrieved 2026-10-09T02:44:38+00:00); sha256 re-verified 2026-10-09T03:14:22+00:00
structures/mmcif/3JCR.cif.gz	https://files.rcsb.org/download/3JCR.cif.gz	inputs/structures/mmcif/3JCR.cif.gz	2026-10-09T03:14:23+00:00	200	Mon, 22 Sep 2025 00:09:58 GMT	"""129f638b2baa43a4809b2bff5846c4d4-gz"""	402042	402042	c33237d9819302d2b608ddc0799b8bd48ad6e6b985e657895d8a71907f622874		RCSB mmCIF for 3JCR (source coordinates/metadata)	ok	
structures/mmcif/5GAN.cif.gz	https://files.rcsb.org/download/5GAN.cif.gz	inputs/structures/mmcif/5GAN.cif.gz	2026-10-09T02:44:43+00:00	200	Mon, 22 Sep 2025 00:01:17 GMT	"""8df727008a6efd0fbc9ba55faec046bd-gz"""	1937178	1937178	6938f6dc6f933caaa77b774c16a7f0d6020d87582600cd50a5f1544ebe5a6ed6		RCSB mmCIF for 5GAN (source coordinates/metadata)	ok	reused V1 download (retrieved 2026-10-09T02:44:43+00:00); sha256 re-verified 2026-10-09T03:14:23+00:00
structures/mmcif/5GAP.cif.gz	https://files.rcsb.org/download/5GAP.cif.gz	inputs/structures/mmcif/5GAP.cif.gz	2026-10-09T02:44:44+00:00	200	Mon, 22 Sep 2025 00:01:17 GMT	"""9f3189d1a9f1abb90ee11d97d0ec237a-gz"""	899761	899761	76cb3dbf4e71d8687b8fbf72024f968080752c9cb8bd3dba8248f8650ae44d19		RCSB mmCIF for 5GAP (source coordinates/metadata)	ok	reused V1 download (retrieved 2026-10-09T02:44:44+00:00); sha256 re-verified 2026-10-09T03:14:23+00:00
rnacentral/URS00008FED2F.json	https://rnacentral.org/api/v1/rna/URS00008FED2F.json	inputs/rnacentral/URS00008FED2F.json	2026-10-09T02:44:45+00:00	200			547	547	76653327d506dca07f2461828363dbbd244b84f4b2f11457c661573bece1da58		RNAcentral record for URS00008FED2F (row origin)	ok	reused V1 download (retrieved 2026-10-09T02:44:45+00:00); sha256 re-verified 2026-10-09T03:14:23+00:00
structures/mmcif/5NRL.cif.gz	https://files.rcsb.org/download/5NRL.cif.gz	inputs/structures/mmcif/5NRL.cif.gz	2026-10-09T02:44:48+00:00	200	Mon, 22 Sep 2025 00:21:53 GMT	"""31a4450fc79c984485e7df1afef30acf-gz"""	3039779	3039779	aeb390dc90f01722674b09aadd1c295ddaf92803167dee3cca8ca9093714a726		RCSB mmCIF for 5NRL (source coordinates/metadata)	ok	reused V1 download (retrieved 2026-10-09T02:44:48+00:00); sha256 re-verified 2026-10-09T03:14:23+00:00
structures/mmcif/5O9Z.cif.gz	https://files.rcsb.org/download/5O9Z.cif.gz	inputs/structures/mmcif/5O9Z.cif.gz	2026-10-09T02:44:49+00:00	200	Mon, 22 Sep 2025 00:23:11 GMT	"""86759811ce1eeb5e664343085e69ed32-gz"""	1752373	1752373	5f761874a40c45ff3912ce41af6bab93f1aa45d499a35657e6f4f51fd73c324c		RCSB mmCIF for 5O9Z (source coordinates/metadata)	ok	reused V1 download (retrieved 2026-10-09T02:44:49+00:00); sha256 re-verified 2026-10-09T03:14:24+00:00
rnacentral/URS0000200C70.json	https://rnacentral.org/api/v1/rna/URS0000200C70.json	inputs/rnacentral/URS0000200C70.json	2026-10-09T02:44:50+00:00	200			632	632	28f7d404d91bce4b379cc463a992f5a622badbe86497fdd62f6e7fa16a69c056		RNAcentral record for URS0000200C70 (row origin)	ok	reused V1 download (retrieved 2026-10-09T02:44:50+00:00); sha256 re-verified 2026-10-09T03:14:24+00:00
structures/mmcif/5ZWM.cif.gz	https://files.rcsb.org/download/5ZWM.cif.gz	inputs/structures/mmcif/5ZWM.cif.gz	2026-10-09T02:44:55+00:00	200	Mon, 22 Sep 2025 00:52:39 GMT	"""d36e55b8463413540df893f8bbad776a-gz"""	2972445	2972445	6d3168506a2528cdbbd4c1748cc6e098bd62f092b86d65dbc6f08df1c2a2796e		RCSB mmCIF for 5ZWM (source coordinates/metadata)	ok	reused V1 download (retrieved 2026-10-09T02:44:55+00:00); sha256 re-verified 2026-10-09T03:14:24+00:00
structures/mmcif/5ZWO.cif.gz	https://files.rcsb.org/download/5ZWO.cif.gz	inputs/structures/mmcif/5ZWO.cif.gz	2026-10-09T02:44:56+00:00	200	Mon, 22 Sep 2025 00:52:39 GMT	"""132cab08a63f57c14237f793f6dad094-gz"""	2699468	2699468	4d515c9c8a30abcb96bf602f3153faf95547b4d9fa181670a8751e40c7682e0d		RCSB mmCIF for 5ZWO (source coordinates/metadata)	ok	reused V1 download (retrieved 2026-10-09T02:44:56+00:00); sha256 re-verified 2026-10-09T03:14:24+00:00
rnacentral/URS0000D77922.json	https://rnacentral.org/api/v1/rna/URS0000D77922.json	inputs/rnacentral/URS0000D77922.json	2026-10-09T02:44:57+00:00	200			649	649	97a12afa8d7fde3154eeb29443639fed8ca51765725437287aa900897f95ff73		RNAcentral record for URS0000D77922 (row origin)	ok	reused V1 download (retrieved 2026-10-09T02:44:57+00:00); sha256 re-verified 2026-10-09T03:14:24+00:00
structures/mmcif/6AH0.cif.gz	https://files.rcsb.org/download/6AH0.cif.gz	inputs/structures/mmcif/6AH0.cif.gz	2026-10-09T02:45:00+00:00	200	Sun, 21 Sep 2025 23:45:06 GMT	"""03336b319e7cfe563a6025696c751a5e-gz"""	2253381	2253381	619ab76cf7eae5020995420123852e5cc90dc613d4c828934a85a20dcb9a4e64		RCSB mmCIF for 6AH0 (source coordinates/metadata)	ok	reused V1 download (retrieved 2026-10-09T02:45:00+00:00); sha256 re-verified 2026-10-09T03:14:24+00:00
rnacentral/URS00003F07BD.json	https://rnacentral.org/api/v1/rna/URS00003F07BD.json	inputs/rnacentral/URS00003F07BD.json	2026-10-09T02:45:01+00:00	200			640	640	71cbc140a7e230fbbad8f81e7cfe2a2d37ebdc09554927f0a759c4ba8b0e7ba0		RNAcentral record for URS00003F07BD (row origin)	ok	reused V1 download (retrieved 2026-10-09T02:45:01+00:00); sha256 re-verified 2026-10-09T03:14:25+00:00
structures/mmcif/6AHD.cif.gz	https://files.rcsb.org/download/6AHD.cif.gz	inputs/structures/mmcif/6AHD.cif.gz	2026-10-09T02:45:04+00:00	200	Sun, 21 Sep 2025 23:45:07 GMT	"""0da0e08f109d5a297dba9ca76d4162b7-gz"""	2575991	2575991	6940359f6a94be94ed8ad64316344bbd2c3a16acfb77845aa2ce44c8e335291c		RCSB mmCIF for 6AHD (source coordinates/metadata)	ok	reused V1 download (retrieved 2026-10-09T02:45:04+00:00); sha256 re-verified 2026-10-09T03:14:25+00:00
structures/mmcif/6QW6.cif.gz	https://files.rcsb.org/download/6QW6.cif.gz	inputs/structures/mmcif/6QW6.cif.gz	2026-10-09T02:45:06+00:00	200	Mon, 22 Sep 2025 00:30:40 GMT	"""177d7d9e41436a085b13ef932c4f8ab5-gz"""	2115404	2115404	f1d51dee20a53bc5e51abde4b23b7e130d68f6d36360300f65751dbee8ba29b5		RCSB mmCIF for 6QW6 (source coordinates/metadata)	ok	reused V1 download (retrieved 2026-10-09T02:45:06+00:00); sha256 re-verified 2026-10-09T03:14:25+00:00
rnacentral/URS0000E60BB1.json	https://rnacentral.org/api/v1/rna/URS0000E60BB1.json	inputs/rnacentral/URS0000E60BB1.json	2026-10-09T02:45:07+00:00	200			620	620	560dc92ceecd1c47a44fd1bbade8aaff6634d46336eee26d1096b28b1dee1bfa		RNAcentral record for URS0000E60BB1 (row origin)	ok	reused V1 download (retrieved 2026-10-09T02:45:07+00:00); sha256 re-verified 2026-10-09T03:14:25+00:00
structures/mmcif/6QX9.cif.gz	https://files.rcsb.org/download/6QX9.cif.gz	inputs/structures/mmcif/6QX9.cif.gz	2026-10-09T02:45:12+00:00	200	Mon, 22 Sep 2025 00:30:45 GMT	"""169c8eb205c814bdbc7682ca20654f42-gz"""	3324099	3324099	1acd788a2ebb59f84c77beabe79f8fe4deb3442a91a9c00cc4ad25a219310f99		RCSB mmCIF for 6QX9 (source coordinates/metadata)	ok	reused V1 download (retrieved 2026-10-09T02:45:12+00:00); sha256 re-verified 2026-10-09T03:14:25+00:00
structures/mmcif/8H6E.cif.gz	https://files.rcsb.org/download/8H6E.cif.gz	inputs/structures/mmcif/8H6E.cif.gz	2026-10-09T03:14:26+00:00	200	Mon, 22 Sep 2025 00:03:57 GMT	"""bb77b157ecaa22ddcfba6c9e88602b35-gz"""	2726571	2726571	6c67592d0f7ad4fe424f3208abe94af6a7757b62879985ab458217a1e34e356c		RCSB mmCIF for 8H6E (source coordinates/metadata)	ok	
structures/mmcif/8H6J.cif.gz	https://files.rcsb.org/download/8H6J.cif.gz	inputs/structures/mmcif/8H6J.cif.gz	2026-10-09T03:14:28+00:00	200	Mon, 22 Sep 2025 00:03:57 GMT	"""9d0ff99d0e25050d1fd05884e0aa4874-gz"""	2747995	2747995	5dc9d0a3b465e7f9378339977b30f243497fef845fb002233d08664c219bccca		RCSB mmCIF for 8H6J (source coordinates/metadata)	ok	
structures/mmcif/8H6K.cif.gz	https://files.rcsb.org/download/8H6K.cif.gz	inputs/structures/mmcif/8H6K.cif.gz	2026-10-09T03:14:29+00:00	200	Mon, 22 Sep 2025 00:03:57 GMT	"""ee8bc4eb320d4bd4ba47f4cec9df6c37-gz"""	2844843	2844843	a54ae95e66d82b6d180e88bdfc976baacc1123af55ce1d30286c7e60cb4a5d47		RCSB mmCIF for 8H6K (source coordinates/metadata)	ok	
structures/mmcif/8H6L.cif.gz	https://files.rcsb.org/download/8H6L.cif.gz	inputs/structures/mmcif/8H6L.cif.gz	2026-10-09T03:14:30+00:00	200	Mon, 22 Sep 2025 00:03:58 GMT	"""4f50b852260bfa43c6eefe16022e57ea-gz"""	2733320	2733320	8e7ad658ceb7420aa4d4f9ae852b10a1459e1b632ed253a8cece6e50da20d662		RCSB mmCIF for 8H6L (source coordinates/metadata)	ok	
structures/mmcif/8Q7N.cif.gz	https://files.rcsb.org/download/8Q7N.cif.gz	inputs/structures/mmcif/8Q7N.cif.gz	2026-10-09T03:14:31+00:00	200	Mon, 22 Sep 2025 00:28:45 GMT	"""490cfc0541f1067b94c110bbe384cb5c-gz"""	1531722	1531722	88bf0cace269ac95c8da595d72cad698d8bdeacfe79447dc99315d415fa59b41		RCSB mmCIF for 8Q7N (source coordinates/metadata)	ok	
structures/mmcif/8QO9.cif.gz	https://files.rcsb.org/download/8QO9.cif.gz	inputs/structures/mmcif/8QO9.cif.gz	2026-10-09T03:14:32+00:00	200	Mon, 22 Sep 2025 00:30:04 GMT	"""03695a297c79d363d2189ab737bf991c-gz"""	2860201	2860201	7cee38c56568bb0c64cd78444c69032075ebd82c870ba30509a65a66cc45403e		RCSB mmCIF for 8QO9 (source coordinates/metadata)	ok	
structures/mmcif/8QOZ.cif.gz	https://files.rcsb.org/download/8QOZ.cif.gz	inputs/structures/mmcif/8QOZ.cif.gz	2026-10-09T03:14:33+00:00	200	Mon, 22 Sep 2025 00:30:05 GMT	"""ded1533737094e499bf12215d2ea950d-gz"""	1101142	1101142	5777d490e39adf91412e32dfe52cc68b77658305b17cc37ce6b44e92b196f2a0		RCSB mmCIF for 8QOZ (source coordinates/metadata)	ok	
structures/mmcif/8QP8.cif.gz	https://files.rcsb.org/download/8QP8.cif.gz	inputs/structures/mmcif/8QP8.cif.gz	2026-10-09T03:14:34+00:00	200	Mon, 22 Sep 2025 00:30:09 GMT	"""7a34b00fa1e35cb305b79ad0ad18e6a9-gz"""	912989	912989	5a0e105e5a45a78bc9fdd10196135ed3696f4b98027c31f21903df3e0ef181e1		RCSB mmCIF for 8QP8 (source coordinates/metadata)	ok	
structures/mmcif/8QP9.cif.gz	https://files.rcsb.org/download/8QP9.cif.gz	inputs/structures/mmcif/8QP9.cif.gz	2026-10-09T03:14:35+00:00	200	Mon, 22 Sep 2025 00:30:09 GMT	"""e7dab80feea69e1ad11f14191c57c64e-gz"""	846569	846569	6114d75f4cac2d76174bbd65a40d38f0ec61c05a983c5eb7c39fb73eac388d92		RCSB mmCIF for 8QP9 (source coordinates/metadata)	ok	
structures/mmcif/8QPA.cif.gz	https://files.rcsb.org/download/8QPA.cif.gz	inputs/structures/mmcif/8QPA.cif.gz	2026-10-09T03:14:36+00:00	200	Mon, 22 Sep 2025 00:30:09 GMT	"""ac565a09d84135c5d729c0d1ad0c508f-gz"""	1127643	1127643	c210043279b421856598328e4b015a09e3da0182e4c023df0db72ddf816e3342		RCSB mmCIF for 8QPA (source coordinates/metadata)	ok	
structures/mmcif/8QPB.cif.gz	https://files.rcsb.org/download/8QPB.cif.gz	inputs/structures/mmcif/8QPB.cif.gz	2026-10-09T03:14:36+00:00	200	Mon, 22 Sep 2025 00:30:09 GMT	"""5ecfdee900f2a2a2f581efcba37050aa-gz"""	1129597	1129597	47ef687d2b3500d7c768abe7eb49c76fd3b89c11de20dae61e7da86b132e416c		RCSB mmCIF for 8QPB (source coordinates/metadata)	ok	
structures/mmcif/8QPE.cif.gz	https://files.rcsb.org/download/8QPE.cif.gz	inputs/structures/mmcif/8QPE.cif.gz	2026-10-09T03:14:38+00:00	200	Mon, 22 Sep 2025 00:30:09 GMT	"""e285ca5542cfcf9a0d4bc08cd9939fcc-gz"""	1318918	1318918	099e360583a8c912674dfb00c1c52a5f2336f7921f452008f21c53ec9f14b7f9		RCSB mmCIF for 8QPE (source coordinates/metadata)	ok	
structures/mmcif/8QPK.cif.gz	https://files.rcsb.org/download/8QPK.cif.gz	inputs/structures/mmcif/8QPK.cif.gz	2026-10-09T03:14:39+00:00	200	Mon, 22 Sep 2025 00:30:09 GMT	"""eeb18ad4df6993a067227be3fb6a85cf-gz"""	893083	893083	3317a0de52f6e7474a927dd3b1dda63109bbe96e303f45157c6a1f4b2fd1cf60		RCSB mmCIF for 8QPK (source coordinates/metadata)	ok	
structures/mmcif/8QXD.cif.gz	https://files.rcsb.org/download/8QXD.cif.gz	inputs/structures/mmcif/8QXD.cif.gz	2026-10-09T03:14:40+00:00	200	Mon, 22 Sep 2025 00:30:46 GMT	"""fa548832be7da6c403252437ef1cdb08-gz"""	2412170	2412170	b4c1126fd25fc987d119a838cc7a244a9fdd42da44208f7045f40e04edebdafa		RCSB mmCIF for 8QXD (source coordinates/metadata)	ok	
structures/mmcif/8QZS.cif.gz	https://files.rcsb.org/download/8QZS.cif.gz	inputs/structures/mmcif/8QZS.cif.gz	2026-10-09T03:14:41+00:00	200	Mon, 22 Sep 2025 00:30:56 GMT	"""a77e30926359f0cd2bffd4ce0598a651-gz"""	2535903	2535903	baaaf328590876059e160275a9f88ed31751d5f6e32d34f39efb3996227c8162		RCSB mmCIF for 8QZS (source coordinates/metadata)	ok	
structures/mmcif/8R08.cif.gz	https://files.rcsb.org/download/8R08.cif.gz	inputs/structures/mmcif/8R08.cif.gz	2026-10-09T03:14:42+00:00	200	Mon, 22 Sep 2025 00:31:01 GMT	"""ceed8ea944627029d2281830da902536-gz"""	2619230	2619230	0fed337d857f9b61afd02958498fa4fed2e76c20d64994befdecd0b41320ca92		RCSB mmCIF for 8R08 (source coordinates/metadata)	ok	
structures/mmcif/8R09.cif.gz	https://files.rcsb.org/download/8R09.cif.gz	inputs/structures/mmcif/8R09.cif.gz	2026-10-09T03:14:43+00:00	200	Mon, 22 Sep 2025 00:31:01 GMT	"""8114b74c9097ba0bd1d2d2b647253b54-gz"""	2417997	2417997	b270da7a916531fbce3564a8aea5e62f736023b3a634859b82f787fe4e942a8f		RCSB mmCIF for 8R09 (source coordinates/metadata)	ok	
structures/mmcif/8R0A.cif.gz	https://files.rcsb.org/download/8R0A.cif.gz	inputs/structures/mmcif/8R0A.cif.gz	2026-10-09T03:14:44+00:00	200	Mon, 22 Sep 2025 00:31:01 GMT	"""857101319491bb15a94a3dff6f355826-gz"""	2440668	2440668	4aa05cac63533ae7b743f609052b12b6f49e112749b64180bb99f9ce8e78b4da		RCSB mmCIF for 8R0A (source coordinates/metadata)	ok	
structures/mmcif/8R0B.cif.gz	https://files.rcsb.org/download/8R0B.cif.gz	inputs/structures/mmcif/8R0B.cif.gz	2026-10-09T03:14:45+00:00	200	Mon, 22 Sep 2025 00:31:01 GMT	"""be7abc9fcde3d0f07a816b43f2d197a4-gz"""	2345612	2345612	7246dd9cdc74658b2645754f1377b6b13ef4c8353f49cb3fec8b12c39d29f546		RCSB mmCIF for 8R0B (source coordinates/metadata)	ok	
structures/mmcif/8RM5.cif.gz	https://files.rcsb.org/download/8RM5.cif.gz	inputs/structures/mmcif/8RM5.cif.gz	2026-10-09T03:14:46+00:00	200	Mon, 22 Sep 2025 00:32:43 GMT	"""d74e4e2bb4447469341aa6ef4945302d-gz"""	2401260	2401260	fe5fbd44c6046e5beee026210c940501ddc81708dc863cb57023e6e6a4a3fd86		RCSB mmCIF for 8RM5 (source coordinates/metadata)	ok	
structures/mmcif/1JU7.cif.gz	https://files.rcsb.org/download/1JU7.cif.gz	inputs/structures/mmcif/1JU7.cif.gz	2026-10-09T02:45:13+00:00	200	Mon, 22 Sep 2025 00:11:21 GMT	"""43ab1f0bdc966384537f8247c268d3f8-gz"""	106665	106665	cfd13f1b66f2863da9724e517359a4df10e29603fc95459ea1ef3a67345f2ff7		RCSB mmCIF for 1JU7 (source coordinates/metadata)	ok	reused V1 download (retrieved 2026-10-09T02:45:13+00:00); sha256 re-verified 2026-10-09T03:14:46+00:00
rnacentral/URS000080E1CD.json	https://rnacentral.org/api/v1/rna/URS000080E1CD.json	inputs/rnacentral/URS000080E1CD.json	2026-10-09T02:45:15+00:00	200			508	508	02eb4897fc9174de824a8f5a3b1aa7504f3e4c08e14e4e3f1b24fef6bb377639		RNAcentral record for URS000080E1CD (row origin)	ok	reused V1 download (retrieved 2026-10-09T02:45:15+00:00); sha256 re-verified 2026-10-09T03:14:46+00:00
structures/mmcif/1JWC.cif.gz	https://files.rcsb.org/download/1JWC.cif.gz	inputs/structures/mmcif/1JWC.cif.gz	2026-10-09T02:45:19+00:00	200	Mon, 22 Sep 2025 00:11:31 GMT	"""7141961b4ba695cb234af124ed2cf4d7-gz"""	20130	20130	315bbbe8f5de4d04194d51769ed5042783b04e9d676f257ed10ff8a569125723		RCSB mmCIF for 1JWC (source coordinates/metadata)	ok	reused V1 download (retrieved 2026-10-09T02:45:19+00:00); sha256 re-verified 2026-10-09T03:14:46+00:00
structures/mmcif/4L8R.cif.gz	https://files.rcsb.org/download/4L8R.cif.gz	inputs/structures/mmcif/4L8R.cif.gz	2026-10-09T02:45:19+00:00	200	Mon, 22 Sep 2025 00:15:19 GMT	"""ad758a6c62b911fd00f7e4d26bf374b9-gz"""	171632	171632	002626040ee0bbe672b74df2d09472afe849ff5e13321e472aa981dae9b7939d		RCSB mmCIF for 4L8R (source coordinates/metadata)	ok	reused V1 download (retrieved 2026-10-09T02:45:19+00:00); sha256 re-verified 2026-10-09T03:14:46+00:00
rnacentral/URS000233597C.json	https://rnacentral.org/api/v1/rna/URS000233597C.json	inputs/rnacentral/URS000233597C.json	2026-10-09T02:45:22+00:00	200			505	505	085263f489125c51e622f08088fdf2c99e78693c1f7c63598b27e036100f9c92		RNAcentral record for URS000233597C (row origin)	ok	reused V1 download (retrieved 2026-10-09T02:45:22+00:00); sha256 re-verified 2026-10-09T03:14:46+00:00
structures/mmcif/4QOZ.cif.gz	https://files.rcsb.org/download/4QOZ.cif.gz	inputs/structures/mmcif/4QOZ.cif.gz	2026-10-09T02:45:26+00:00	200	Mon, 22 Sep 2025 00:30:02 GMT	"""b6954b43234de085f2f0aa0ccc22d4fb-gz"""	176681	176681	cdd28a647b2ccdafeae5166f932b33caa8a16e40507c3c26b2d3f44b1f090098		RCSB mmCIF for 4QOZ (source coordinates/metadata)	ok	reused V1 download (retrieved 2026-10-09T02:45:26+00:00); sha256 re-verified 2026-10-09T03:14:46+00:00
structures/mmcif/4TUW.cif.gz	https://files.rcsb.org/download/4TUW.cif.gz	inputs/structures/mmcif/4TUW.cif.gz	2026-10-09T02:45:26+00:00	200	Mon, 22 Sep 2025 00:37:47 GMT	"""8c38f7c75c4c4768da7d57be39c32329-gz"""	73605	73605	27d2e99c6bc96e55f86d81240523232009e5827f4e0365f14c9b40440260e589		RCSB mmCIF for 4TUW (source coordinates/metadata)	ok	reused V1 download (retrieved 2026-10-09T02:45:26+00:00); sha256 re-verified 2026-10-09T03:14:46+00:00
rnacentral/URS0002335968.json	https://rnacentral.org/api/v1/rna/URS0002335968.json	inputs/rnacentral/URS0002335968.json	2026-10-09T02:45:28+00:00	200			509	509	b6f21ec918150a0b34e40de18cad8c17ba18cf140d1d494ba97326476fbf669e		RNAcentral record for URS0002335968 (row origin)	ok	reused V1 download (retrieved 2026-10-09T02:45:28+00:00); sha256 re-verified 2026-10-09T03:14:46+00:00
rnacentral/URS000080E236.json	https://rnacentral.org/api/v1/rna/URS000080E236.json	inputs/rnacentral/URS000080E236.json	2026-10-09T02:45:31+00:00	200			506	506	9256e724b68787ede838473e7d84a4916179069f65e9d085dfd75b83ec5444aa		RNAcentral record for URS000080E236 (row origin)	ok	reused V1 download (retrieved 2026-10-09T02:45:31+00:00); sha256 re-verified 2026-10-09T03:14:46+00:00
structures/mmcif/4TUX.cif.gz	https://files.rcsb.org/download/4TUX.cif.gz	inputs/structures/mmcif/4TUX.cif.gz	2026-10-09T02:45:34+00:00	200	Mon, 22 Sep 2025 00:37:47 GMT	"""2bbc502f48526e923daacd6ea8ab161c-gz"""	72991	72991	ced29c0285b9023757de962cee154d765496004349ebf5822ef77786c14af2ef		RCSB mmCIF for 4TUX (source coordinates/metadata)	ok	reused V1 download (retrieved 2026-10-09T02:45:34+00:00); sha256 re-verified 2026-10-09T03:14:46+00:00
structures/mmcif/4TV0.cif.gz	https://files.rcsb.org/download/4TV0.cif.gz	inputs/structures/mmcif/4TV0.cif.gz	2026-10-09T02:45:34+00:00	200	Mon, 22 Sep 2025 00:37:51 GMT	"""10a99e76334a9bd0f883a3a7449b6412-gz"""	40952	40952	ad1d3cd5e91edd86b3abca188a94953b5ecbf6b4c079c139889b8569b7e516e8		RCSB mmCIF for 4TV0 (source coordinates/metadata)	ok	reused V1 download (retrieved 2026-10-09T02:45:34+00:00); sha256 re-verified 2026-10-09T03:14:46+00:00
structures/mmcif/6V4X.cif.gz	https://files.rcsb.org/download/6V4X.cif.gz	inputs/structures/mmcif/6V4X.cif.gz	2026-10-09T03:14:47+00:00	200	Mon, 22 Sep 2025 00:41:03 GMT	"""d602f7e0f6527fe1701327a05a1bc841-gz"""	422693	422693	142e4cbeeb080d6ad09eb66ff774e1222525ae2fe2a03af80ca1a601c2fbbdb6		RCSB mmCIF for 6V4X (source coordinates/metadata)	ok	
structures/mmcif/2CKY.cif.gz	https://files.rcsb.org/download/2CKY.cif.gz	inputs/structures/mmcif/2CKY.cif.gz	2026-10-09T02:45:35+00:00	200	Sun, 21 Sep 2025 23:50:53 GMT	"""db56b140729122148e99cc9baec3f0c8-gz"""	100594	100594	3b05f952f5c104ca71c562cd3b45019d3894ff7880df152cb3bac7362cde67f2		RCSB mmCIF for 2CKY (source coordinates/metadata)	ok	reused V1 download (retrieved 2026-10-09T02:45:35+00:00); sha256 re-verified 2026-10-09T03:14:48+00:00
rnacentral/URS000080DE9F.json	https://rnacentral.org/api/v1/rna/URS000080DE9F.json	inputs/rnacentral/URS000080DE9F.json	2026-10-09T02:45:37+00:00	200			576	576	fc1815ccbdc02f8c61859ba201f3d85deffadb4bd28eb4f16b05dc586349515a		RNAcentral record for URS000080DE9F (row origin)	ok	reused V1 download (retrieved 2026-10-09T02:45:37+00:00); sha256 re-verified 2026-10-09T03:14:48+00:00
structures/mmcif/2GDI.cif.gz	https://files.rcsb.org/download/2GDI.cif.gz	inputs/structures/mmcif/2GDI.cif.gz	2026-10-09T02:45:41+00:00	200	Mon, 22 Sep 2025 00:01:30 GMT	"""a2e9ed7e0c1a7a31265637bfd6aecc7d-gz"""	114078	114078	28debe1741bd4801dbfe0f299452c08fe8e73ae3461c26373781342c20cc2470		RCSB mmCIF for 2GDI (source coordinates/metadata)	ok	reused V1 download (retrieved 2026-10-09T02:45:41+00:00); sha256 re-verified 2026-10-09T03:14:48+00:00
rnacentral/URS000080DDEB.json	https://rnacentral.org/api/v1/rna/URS000080DDEB.json	inputs/rnacentral/URS000080DDEB.json	2026-10-09T02:45:43+00:00	200			584	584	79b1a39b1d7bf55ef5869548ba21f2706cde01feee1f8c8e441e1e84aec75ae3		RNAcentral record for URS000080DDEB (row origin)	ok	reused V1 download (retrieved 2026-10-09T02:45:43+00:00); sha256 re-verified 2026-10-09T03:14:48+00:00
structures/mmcif/2HOJ.cif.gz	https://files.rcsb.org/download/2HOJ.cif.gz	inputs/structures/mmcif/2HOJ.cif.gz	2026-10-09T02:45:46+00:00	200	Mon, 22 Sep 2025 00:05:22 GMT	"""23dbd7226781c872e4cfdb63c6c58d93-gz"""	57278	57278	97d71a2aaf1c44ef9655e7c13d4242b16a419f08a16e67735b14b3432f892047		RCSB mmCIF for 2HOJ (source coordinates/metadata)	ok	reused V1 download (retrieved 2026-10-09T02:45:46+00:00); sha256 re-verified 2026-10-09T03:14:48+00:00
rnacentral/URS000080E068.json	https://rnacentral.org/api/v1/rna/URS000080E068.json	inputs/rnacentral/URS000080E068.json	2026-10-09T02:45:47+00:00	200			587	587	a5865cf81baa0737f61e44deeadde10b0fe88e641020dfd9d0acea26c1e285bc		RNAcentral record for URS000080E068 (row origin)	ok	reused V1 download (retrieved 2026-10-09T02:45:47+00:00); sha256 re-verified 2026-10-09T03:14:48+00:00
structures/mmcif/2HOK.cif.gz	https://files.rcsb.org/download/2HOK.cif.gz	inputs/structures/mmcif/2HOK.cif.gz	2026-10-09T02:45:51+00:00	200	Mon, 22 Sep 2025 00:05:22 GMT	"""95e768bb709169d104e1bb96fe4b1807-gz"""	54776	54776	b731f8d6d76c27368eab00396cd5431af355b4607f0d00b4e6c39fe5e291f8cb		RCSB mmCIF for 2HOK (source coordinates/metadata)	ok	reused V1 download (retrieved 2026-10-09T02:45:51+00:00); sha256 re-verified 2026-10-09T03:14:48+00:00
structures/mmcif/2HOL.cif.gz	https://files.rcsb.org/download/2HOL.cif.gz	inputs/structures/mmcif/2HOL.cif.gz	2026-10-09T02:45:52+00:00	200	Mon, 22 Sep 2025 00:05:22 GMT	"""5832ac758a072d238c4c335fccb6660c-gz"""	56683	56683	03a43d868bb474351713aa102f15ce84bbe57aaba8e0fe20823dcce0922d7f75		RCSB mmCIF for 2HOL (source coordinates/metadata)	ok	reused V1 download (retrieved 2026-10-09T02:45:52+00:00); sha256 re-verified 2026-10-09T03:14:48+00:00
structures/mmcif/2HOM.cif.gz	https://files.rcsb.org/download/2HOM.cif.gz	inputs/structures/mmcif/2HOM.cif.gz	2026-10-09T02:45:52+00:00	200	Mon, 22 Sep 2025 00:05:22 GMT	"""9cd848fda90b93dfecc144b44373e532-gz"""	55689	55689	edde2babf1189ecf6b66a6f693c165efd4804fc80619f7d5a8b440f525259060		RCSB mmCIF for 2HOM (source coordinates/metadata)	ok	reused V1 download (retrieved 2026-10-09T02:45:52+00:00); sha256 re-verified 2026-10-09T03:14:48+00:00
structures/mmcif/2HOO.cif.gz	https://files.rcsb.org/download/2HOO.cif.gz	inputs/structures/mmcif/2HOO.cif.gz	2026-10-09T02:45:53+00:00	200	Mon, 22 Sep 2025 00:05:22 GMT	"""c35d82152656458bc94e09ab4565e3b4-gz"""	57416	57416	f8b41f3e1c795fe2c91018d11e997624a7a38f159e3375cf1029321fab8cf0b4		RCSB mmCIF for 2HOO (source coordinates/metadata)	ok	reused V1 download (retrieved 2026-10-09T02:45:53+00:00); sha256 re-verified 2026-10-09T03:14:48+00:00
structures/mmcif/2HOP.cif.gz	https://files.rcsb.org/download/2HOP.cif.gz	inputs/structures/mmcif/2HOP.cif.gz	2026-10-09T02:45:53+00:00	200	Mon, 22 Sep 2025 00:05:22 GMT	"""dead85bdc808a1bd6166309876cdf342-gz"""	51169	51169	0006d0d4b4fcc7d9df7524d57a5ec6f4be9b463da1c474c91ad499791ffc9534		RCSB mmCIF for 2HOP (source coordinates/metadata)	ok	reused V1 download (retrieved 2026-10-09T02:45:53+00:00); sha256 re-verified 2026-10-09T03:14:48+00:00
structures/mmcif/3D2G.cif.gz	https://files.rcsb.org/download/3D2G.cif.gz	inputs/structures/mmcif/3D2G.cif.gz	2026-10-09T02:45:54+00:00	200	Sun, 21 Sep 2025 23:52:17 GMT	"""0c1535becc0fb9d25a452d8d65cd14fa-gz"""	107987	107987	7bd4d78f8506bea34f073df176c7ea003285693c8bd8d0545e8ae6f4e9191d06		RCSB mmCIF for 3D2G (source coordinates/metadata)	ok	reused V1 download (retrieved 2026-10-09T02:45:54+00:00); sha256 re-verified 2026-10-09T03:14:48+00:00
structures/mmcif/3D2V.cif.gz	https://files.rcsb.org/download/3D2V.cif.gz	inputs/structures/mmcif/3D2V.cif.gz	2026-10-09T02:45:54+00:00	200	Sun, 21 Sep 2025 23:52:17 GMT	"""500dec6867cb2d048886628ebdbfb318-gz"""	114102	114102	b95609cfb679c9a04db50217cfce12f0f1e84a93eae06a8667cb34a3457f9989		RCSB mmCIF for 3D2V (source coordinates/metadata)	ok	reused V1 download (retrieved 2026-10-09T02:45:54+00:00); sha256 re-verified 2026-10-09T03:14:48+00:00
structures/mmcif/3D2X.cif.gz	https://files.rcsb.org/download/3D2X.cif.gz	inputs/structures/mmcif/3D2X.cif.gz	2026-10-09T02:45:55+00:00	200	Sun, 21 Sep 2025 23:52:17 GMT	"""b86cdfd058a8f990493879ca05a1659e-gz"""	101699	101699	32f8e05fb43e2f27c41fd1df230a42bc67a837f9675815fd81ebc169144817fa		RCSB mmCIF for 3D2X (source coordinates/metadata)	ok	reused V1 download (retrieved 2026-10-09T02:45:55+00:00); sha256 re-verified 2026-10-09T03:14:48+00:00
structures/mmcif/3K0J.cif.gz	https://files.rcsb.org/download/3K0J.cif.gz	inputs/structures/mmcif/3K0J.cif.gz	2026-10-09T02:45:56+00:00	200	Mon, 22 Sep 2025 00:11:52 GMT	"""ecd809282dcf0f2903114b7954e96561-gz"""	183863	183863	49ece49ba174251dd980c1ba4adf4d1d6316292586d38041f69e92922008140d		RCSB mmCIF for 3K0J (source coordinates/metadata)	ok	reused V1 download (retrieved 2026-10-09T02:45:56+00:00); sha256 re-verified 2026-10-09T03:14:48+00:00
rnacentral/URS000080E23F.json	https://rnacentral.org/api/v1/rna/URS000080E23F.json	inputs/rnacentral/URS000080E23F.json	2026-10-09T02:45:57+00:00	200			585	585	a8e205916827f3b369a9e43974181b3ee4b58a0b8e51fff41b5f9428cf2d04a5		RNAcentral record for URS000080E23F (row origin)	ok	reused V1 download (retrieved 2026-10-09T02:45:57+00:00); sha256 re-verified 2026-10-09T03:14:48+00:00
structures/mmcif/4NYA.cif.gz	https://files.rcsb.org/download/4NYA.cif.gz	inputs/structures/mmcif/4NYA.cif.gz	2026-10-09T02:46:00+00:00	200	Mon, 22 Sep 2025 00:22:23 GMT	"""e9f02beb8a563b764322f17406c3be0a-gz"""	102514	102514	bacbe415b057d934c4bd470a6bf1cd24c93d2e04a8131840de759c714f9ae426		RCSB mmCIF for 4NYA (source coordinates/metadata)	ok	reused V1 download (retrieved 2026-10-09T02:46:00+00:00); sha256 re-verified 2026-10-09T03:14:48+00:00
structures/mmcif/4NYB.cif.gz	https://files.rcsb.org/download/4NYB.cif.gz	inputs/structures/mmcif/4NYB.cif.gz	2026-10-09T02:46:03+00:00	200	Mon, 22 Sep 2025 00:22:23 GMT	"""84448544e01f76cd51fbd421e53786d9-gz"""	58453	58453	956c73bb2a820198d63364b0e99c0f69a16494d6cf256c5e58aa1155d2e5976c		RCSB mmCIF for 4NYB (source coordinates/metadata)	ok	reused V1 download (retrieved 2026-10-09T02:46:03+00:00); sha256 re-verified 2026-10-09T03:14:48+00:00
structures/mmcif/4NYC.cif.gz	https://files.rcsb.org/download/4NYC.cif.gz	inputs/structures/mmcif/4NYC.cif.gz	2026-10-09T02:46:04+00:00	200	Mon, 22 Sep 2025 00:22:23 GMT	"""23b1c25668721bc5079595dbf3dc8ebc-gz"""	57062	57062	2d92ea3da00640dfb63ccfde3d6070b8c3dc3632f8642f5d5866efdd440a08a7		RCSB mmCIF for 4NYC (source coordinates/metadata)	ok	reused V1 download (retrieved 2026-10-09T02:46:04+00:00); sha256 re-verified 2026-10-09T03:14:48+00:00
structures/mmcif/4NYD.cif.gz	https://files.rcsb.org/download/4NYD.cif.gz	inputs/structures/mmcif/4NYD.cif.gz	2026-10-09T02:46:04+00:00	200	Mon, 22 Sep 2025 00:22:23 GMT	"""036387faf47156a7d8006975ea99e5c0-gz"""	57103	57103	ccc6895eed2f7c2431d7109fafb86b697e55f4a186e01965fe1ae92728c61183		RCSB mmCIF for 4NYD (source coordinates/metadata)	ok	reused V1 download (retrieved 2026-10-09T02:46:04+00:00); sha256 re-verified 2026-10-09T03:14:48+00:00
structures/mmcif/4NYG.cif.gz	https://files.rcsb.org/download/4NYG.cif.gz	inputs/structures/mmcif/4NYG.cif.gz	2026-10-09T02:46:05+00:00	200	Mon, 22 Sep 2025 00:22:23 GMT	"""31745f944898321a820f3836e681cfc5-gz"""	54525	54525	576132d21bb03a50215752585dcc0eb2e2915a701793508905300abb57d8bb0a		RCSB mmCIF for 4NYG (source coordinates/metadata)	ok	reused V1 download (retrieved 2026-10-09T02:46:05+00:00); sha256 re-verified 2026-10-09T03:14:48+00:00
structures/mmcif/7TD7.cif.gz	https://files.rcsb.org/download/7TD7.cif.gz	inputs/structures/mmcif/7TD7.cif.gz	2026-10-09T02:46:05+00:00	200	Mon, 22 Sep 2025 00:36:42 GMT	"""6a0513d560be7a1865f21f1f9c2a8d2e-gz"""	115559	115559	5b664a6c6f977f61efef146a929a311c196531815320729499bcb5dd505ab228		RCSB mmCIF for 7TD7 (source coordinates/metadata)	ok	reused V1 download (retrieved 2026-10-09T02:46:05+00:00); sha256 re-verified 2026-10-09T03:14:48+00:00
structures/mmcif/7TDA.cif.gz	https://files.rcsb.org/download/7TDA.cif.gz	inputs/structures/mmcif/7TDA.cif.gz	2026-10-09T02:46:09+00:00	200	Mon, 22 Sep 2025 00:36:42 GMT	"""3e93a6555dab9cd08755fa693da1350b-gz"""	61639	61639	0b263ad9d378fb2e6cfcfdb2f54e0232f3f627a7d803cd35becf8f7661434ed8		RCSB mmCIF for 7TDA (source coordinates/metadata)	ok	reused V1 download (retrieved 2026-10-09T02:46:09+00:00); sha256 re-verified 2026-10-09T03:14:48+00:00
structures/mmcif/7TDB.cif.gz	https://files.rcsb.org/download/7TDB.cif.gz	inputs/structures/mmcif/7TDB.cif.gz	2026-10-09T02:46:10+00:00	200	Mon, 22 Sep 2025 00:36:42 GMT	"""a3f576dff325681245bcd3cfae85261c-gz"""	61464	61464	685fc6cd6114c9b9ba585b1f67719c2945f3ef87da721359da0badc3e0f00527		RCSB mmCIF for 7TDB (source coordinates/metadata)	ok	reused V1 download (retrieved 2026-10-09T02:46:10+00:00); sha256 re-verified 2026-10-09T03:14:48+00:00
structures/mmcif/7TDC.cif.gz	https://files.rcsb.org/download/7TDC.cif.gz	inputs/structures/mmcif/7TDC.cif.gz	2026-10-09T02:46:10+00:00	200	Mon, 22 Sep 2025 00:36:42 GMT	"""432af0128733f956e9eeaf91f0dab719-gz"""	61712	61712	654f32a6f1a7a1b6ce862ca91c9f1afec6634d705580caa9e961fb9885e1fc5c		RCSB mmCIF for 7TDC (source coordinates/metadata)	ok	reused V1 download (retrieved 2026-10-09T02:46:10+00:00); sha256 re-verified 2026-10-09T03:14:48+00:00
structures/mmcif/7TZR.cif.gz	https://files.rcsb.org/download/7TZR.cif.gz	inputs/structures/mmcif/7TZR.cif.gz	2026-10-09T02:46:11+00:00	200	Mon, 22 Sep 2025 00:38:10 GMT	"""212ca7c2e380f4b3fa984c6697038402-gz"""	105708	105708	dc4049b5134275c0b155e9f0989cf93718ea9a258e84d3906cfedab8aeada1f0		RCSB mmCIF for 7TZR (source coordinates/metadata)	ok	reused V1 download (retrieved 2026-10-09T02:46:11+00:00); sha256 re-verified 2026-10-09T03:14:48+00:00
structures/mmcif/7TZS.cif.gz	https://files.rcsb.org/download/7TZS.cif.gz	inputs/structures/mmcif/7TZS.cif.gz	2026-10-09T02:46:12+00:00	200	Mon, 22 Sep 2025 00:38:10 GMT	"""7f8cda3298f6156c1ba3592e342ea2ed-gz"""	202232	202232	933062dad546d5ce0edbadfb5c1c1d2c665d54c58202003d1ba014b492241977		RCSB mmCIF for 7TZS (source coordinates/metadata)	ok	reused V1 download (retrieved 2026-10-09T02:46:12+00:00); sha256 re-verified 2026-10-09T03:14:48+00:00
structures/mmcif/7TZT.cif.gz	https://files.rcsb.org/download/7TZT.cif.gz	inputs/structures/mmcif/7TZT.cif.gz	2026-10-09T02:46:12+00:00	200	Mon, 22 Sep 2025 00:38:10 GMT	"""0d67203b4c4d78e9050ccaeb81c5594f-gz"""	104816	104816	a238e2c16b0a31f06c47993479ad5dedbb4960b3ee756fda6dc5981a52884cdc		RCSB mmCIF for 7TZT (source coordinates/metadata)	ok	reused V1 download (retrieved 2026-10-09T02:46:12+00:00); sha256 re-verified 2026-10-09T03:14:48+00:00
structures/mmcif/7TZU.cif.gz	https://files.rcsb.org/download/7TZU.cif.gz	inputs/structures/mmcif/7TZU.cif.gz	2026-10-09T02:46:12+00:00	200	Mon, 22 Sep 2025 00:38:10 GMT	"""8e512be6f4dde65f336bb9fb547180df-gz"""	108690	108690	c61ac0cdb4895dbd5dc96d3d472fb4ecf4e9308c427941ad12d2e7fb63a57ac7		RCSB mmCIF for 7TZU (source coordinates/metadata)	ok	reused V1 download (retrieved 2026-10-09T02:46:12+00:00); sha256 re-verified 2026-10-09T03:14:48+00:00
structures/mmcif/8F4O.cif.gz	https://files.rcsb.org/download/8F4O.cif.gz	inputs/structures/mmcif/8F4O.cif.gz	2026-10-09T03:14:48+00:00	200	Sun, 09 Aug 2026 00:42:43 GMT	"""36bcaa1b5731b75f0065587146870696-gz"""	271840	271840	8c6b0d5b06829b2962b5e3a342e79eeba69ead1db09d7947a695330a7664b758		RCSB mmCIF for 8F4O (source coordinates/metadata)	ok	
structures/mmcif/2GIS.cif.gz	https://files.rcsb.org/download/2GIS.cif.gz	inputs/structures/mmcif/2GIS.cif.gz	2026-10-09T02:46:13+00:00	200	Sun, 09 Aug 2026 00:42:54 GMT	"""f5b514fd683c500a4070c7a4bcb86ac1-gz"""	67475	67475	00dd7434a17c1c3b2e5be078afa7a3bad358e67baa3c4d0143e99f0d50734aa6		RCSB mmCIF for 2GIS (source coordinates/metadata)	ok	reused V1 download (retrieved 2026-10-09T02:46:13+00:00); sha256 re-verified 2026-10-09T03:14:48+00:00
rnacentral/URS000080DF35.json	https://rnacentral.org/api/v1/rna/URS000080DF35.json	inputs/rnacentral/URS000080DF35.json	2026-10-09T02:46:14+00:00	200			601	601	e6b45c0de3f8abda64adac2acabf522cc6c9a0a00ee69d72f93b79602c546cd8		RNAcentral record for URS000080DF35 (row origin)	ok	reused V1 download (retrieved 2026-10-09T02:46:14+00:00); sha256 re-verified 2026-10-09T03:14:48+00:00
structures/mmcif/2YDH.cif.gz	https://files.rcsb.org/download/2YDH.cif.gz	inputs/structures/mmcif/2YDH.cif.gz	2026-10-09T02:46:18+00:00	200	Mon, 22 Sep 2025 00:49:05 GMT	"""2c8b5070e1d1ffcc9ea0d241dea589d8-gz"""	65169	65169	fa16cf2f48f094267abf9dc0383f14eace443f4e08f86b9a7c3d9454b7262ed8		RCSB mmCIF for 2YDH (source coordinates/metadata)	ok	reused V1 download (retrieved 2026-10-09T02:46:18+00:00); sha256 re-verified 2026-10-09T03:14:48+00:00
rnacentral/URS000080E1B3.json	https://rnacentral.org/api/v1/rna/URS000080E1B3.json	inputs/rnacentral/URS000080E1B3.json	2026-10-09T02:46:19+00:00	200			602	602	27f38991ae1a43846289235e0752e80483ccecac1cc89ba8a7dd8b226724c453		RNAcentral record for URS000080E1B3 (row origin)	ok	reused V1 download (retrieved 2026-10-09T02:46:19+00:00); sha256 re-verified 2026-10-09T03:14:48+00:00
structures/mmcif/2YGH.cif.gz	https://files.rcsb.org/download/2YGH.cif.gz	inputs/structures/mmcif/2YGH.cif.gz	2026-10-09T02:46:22+00:00	200	Mon, 22 Sep 2025 00:49:17 GMT	"""83d67a41dd9ff580aac1849e15f0f00b-gz"""	65799	65799	3556caa61b60788a9131d04652ec9bb5d7502d255e845e86e6d52edd86471123		RCSB mmCIF for 2YGH (source coordinates/metadata)	ok	reused V1 download (retrieved 2026-10-09T02:46:22+00:00); sha256 re-verified 2026-10-09T03:14:48+00:00
rnacentral/URS0000BC4670.json	https://rnacentral.org/api/v1/rna/URS0000BC4670.json	inputs/rnacentral/URS0000BC4670.json	2026-10-09T02:46:23+00:00	200			603	603	8f4f13d85e14acd3ae829727bc8bf7ebc22b34108c86ac323836ee814e06d7cc		RNAcentral record for URS0000BC4670 (row origin)	ok	reused V1 download (retrieved 2026-10-09T02:46:23+00:00); sha256 re-verified 2026-10-09T03:14:48+00:00
structures/mmcif/3GX2.cif.gz	https://files.rcsb.org/download/3GX2.cif.gz	inputs/structures/mmcif/3GX2.cif.gz	2026-10-09T02:46:28+00:00	200	Mon, 22 Sep 2025 00:03:10 GMT	"""76d9f5c6c530096703162eb580f0807e-gz"""	118952	118952	94beb46f42de6f46fd7bd40287bbdf51bb2be0d3f85a8d989f9c259443f7a2fb		RCSB mmCIF for 3GX2 (source coordinates/metadata)	ok	reused V1 download (retrieved 2026-10-09T02:46:28+00:00); sha256 re-verified 2026-10-09T03:14:48+00:00
rnacentral/URS000080E047.json	https://rnacentral.org/api/v1/rna/URS000080E047.json	inputs/rnacentral/URS000080E047.json	2026-10-09T02:46:30+00:00	200			601	601	e2477ea3744f5a39d4554d3031dc556a9e4b28bfe68a323da5ee3549cd6c3f08		RNAcentral record for URS000080E047 (row origin)	ok	reused V1 download (retrieved 2026-10-09T02:46:30+00:00); sha256 re-verified 2026-10-09T03:14:48+00:00
structures/mmcif/3GX3.cif.gz	https://files.rcsb.org/download/3GX3.cif.gz	inputs/structures/mmcif/3GX3.cif.gz	2026-10-09T02:46:33+00:00	200	Mon, 22 Sep 2025 00:03:10 GMT	"""1bd38c11456b2218fb7702c7e1fc0ff7-gz"""	65228	65228	3bf37dedd02f8c1fcbddd44d3b1e31da4a7abfd02534b8d8cb42fd743625f21c		RCSB mmCIF for 3GX3 (source coordinates/metadata)	ok	reused V1 download (retrieved 2026-10-09T02:46:33+00:00); sha256 re-verified 2026-10-09T03:14:48+00:00
structures/mmcif/3GX5.cif.gz	https://files.rcsb.org/download/3GX5.cif.gz	inputs/structures/mmcif/3GX5.cif.gz	2026-10-09T02:46:34+00:00	200	Mon, 22 Sep 2025 00:03:10 GMT	"""58638e32466970e3984eb42ac951230b-gz"""	125018	125018	28df2dcd4c54437dce9ddebd81cedd750ba9215b07cc043adf7f5194218874a3		RCSB mmCIF for 3GX5 (source coordinates/metadata)	ok	reused V1 download (retrieved 2026-10-09T02:46:34+00:00); sha256 re-verified 2026-10-09T03:14:48+00:00
structures/mmcif/3GX6.cif.gz	https://files.rcsb.org/download/3GX6.cif.gz	inputs/structures/mmcif/3GX6.cif.gz	2026-10-09T02:46:35+00:00	200	Mon, 22 Sep 2025 00:03:10 GMT	"""d2f3370604825e3f6384a1336d8c5337-gz"""	63442	63442	64d48e6283b85a6891d5abc91356b5ad6ff99c833daf3326c34584ca4ea8dfca		RCSB mmCIF for 3GX6 (source coordinates/metadata)	ok	reused V1 download (retrieved 2026-10-09T02:46:35+00:00); sha256 re-verified 2026-10-09T03:14:48+00:00
structures/mmcif/3GX7.cif.gz	https://files.rcsb.org/download/3GX7.cif.gz	inputs/structures/mmcif/3GX7.cif.gz	2026-10-09T02:46:35+00:00	200	Mon, 22 Sep 2025 00:03:10 GMT	"""be02ebfca1be77c51db037829a4ece0e-gz"""	118952	118952	88b28ca16090882f7867fe2acd565309d0d99d96e99a58c86f087f0b3c781192		RCSB mmCIF for 3GX7 (source coordinates/metadata)	ok	reused V1 download (retrieved 2026-10-09T02:46:35+00:00); sha256 re-verified 2026-10-09T03:14:48+00:00
rnacentral/URS000080E094.json	https://rnacentral.org/api/v1/rna/URS000080E094.json	inputs/rnacentral/URS000080E094.json	2026-10-09T02:46:37+00:00	200			601	601	605fead336ae772c5e014459fe655c3b3e1b4176e278f0a3d704f49e388ed691		RNAcentral record for URS000080E094 (row origin)	ok	reused V1 download (retrieved 2026-10-09T02:46:37+00:00); sha256 re-verified 2026-10-09T03:14:48+00:00
structures/mmcif/3IQN.cif.gz	https://files.rcsb.org/download/3IQN.cif.gz	inputs/structures/mmcif/3IQN.cif.gz	2026-10-09T02:46:40+00:00	200	Mon, 22 Sep 2025 00:08:17 GMT	"""a6d9bea4efbeb1a19f1fb60d0f3cdd7d-gz"""	64563	64563	d03ec62f14965d9115d430e6ca31176d8900bc746751eca097b9788a50ccb5ec		RCSB mmCIF for 3IQN (source coordinates/metadata)	ok	reused V1 download (retrieved 2026-10-09T02:46:40+00:00); sha256 re-verified 2026-10-09T03:14:48+00:00
rnacentral/URS000080E279.json	https://rnacentral.org/api/v1/rna/URS000080E279.json	inputs/rnacentral/URS000080E279.json	2026-10-09T02:46:41+00:00	200			594	594	f5f3aec018ee1ab6deb7c48da97b66b92d68acf58c434e722b96b6f0f44e859b		RNAcentral record for URS000080E279 (row origin)	ok	reused V1 download (retrieved 2026-10-09T02:46:41+00:00); sha256 re-verified 2026-10-09T03:14:48+00:00
structures/mmcif/3IQP.cif.gz	https://files.rcsb.org/download/3IQP.cif.gz	inputs/structures/mmcif/3IQP.cif.gz	2026-10-09T02:46:44+00:00	200	Mon, 22 Sep 2025 00:08:17 GMT	"""f4e41f1968c09cca7fcac9f8de743d8e-gz"""	66674	66674	d6f11793752b174cef9e955925588a4cc623915af488fec4c472ef499defb90f		RCSB mmCIF for 3IQP (source coordinates/metadata)	ok	reused V1 download (retrieved 2026-10-09T02:46:44+00:00); sha256 re-verified 2026-10-09T03:14:48+00:00
rnacentral/URS000080DF1C.json	https://rnacentral.org/api/v1/rna/URS000080DF1C.json	inputs/rnacentral/URS000080DF1C.json	2026-10-09T02:46:45+00:00	200			601	601	25ae44f9cdad558acf84af60c052199795e6c8fe478adb8c92e0a609478413e6		RNAcentral record for URS000080DF1C (row origin)	ok	reused V1 download (retrieved 2026-10-09T02:46:45+00:00); sha256 re-verified 2026-10-09T03:14:48+00:00
structures/mmcif/3IQR.cif.gz	https://files.rcsb.org/download/3IQR.cif.gz	inputs/structures/mmcif/3IQR.cif.gz	2026-10-09T02:46:49+00:00	200	Mon, 22 Sep 2025 00:08:17 GMT	"""165f97898cd2375da2e5c6871eed18f6-gz"""	65907	65907	1c25041d1e39523f24daafc489b9204b96fe475803c1bf88e702f85bac42b585		RCSB mmCIF for 3IQR (source coordinates/metadata)	ok	reused V1 download (retrieved 2026-10-09T02:46:49+00:00); sha256 re-verified 2026-10-09T03:14:48+00:00
structures/mmcif/3V7E.cif.gz	https://files.rcsb.org/download/3V7E.cif.gz	inputs/structures/mmcif/3V7E.cif.gz	2026-10-09T02:46:50+00:00	200	Sun, 09 Aug 2026 00:44:38 GMT	"""3050da205d2b6ce3783d659da579931b-gz"""	192866	192866	196a23eebfd675253654cd35f368bf205dc99fe2b2fce74c82891de2d6781544		RCSB mmCIF for 3V7E (source coordinates/metadata)	ok	reused V1 download (retrieved 2026-10-09T02:46:50+00:00); sha256 re-verified 2026-10-09T03:14:48+00:00
rnacentral/URS000080E09F.json	https://rnacentral.org/api/v1/rna/URS000080E09F.json	inputs/rnacentral/URS000080E09F.json	2026-10-09T02:46:51+00:00	200			635	635	ff06950aad0eea82e04a4cf3fc935c81aeddd2ed673469102d75239855631f4d		RNAcentral record for URS000080E09F (row origin)	ok	reused V1 download (retrieved 2026-10-09T02:46:51+00:00); sha256 re-verified 2026-10-09T03:14:48+00:00
structures/mmcif/4AOB.cif.gz	https://files.rcsb.org/download/4AOB.cif.gz	inputs/structures/mmcif/4AOB.cif.gz	2026-10-09T02:46:55+00:00	200	Sun, 21 Sep 2025 23:45:34 GMT	"""ece705732bbff3eadf0446d1121b4997-gz"""	119606	119606	ea0eb605f034cd6069223fce62996ab50cbb887e916a323d088a0e0e23545cd6		RCSB mmCIF for 4AOB (source coordinates/metadata)	ok	reused V1 download (retrieved 2026-10-09T02:46:55+00:00); sha256 re-verified 2026-10-09T03:14:48+00:00
rnacentral/URS000080DF6B.json	https://rnacentral.org/api/v1/rna/URS000080DF6B.json	inputs/rnacentral/URS000080DF6B.json	2026-10-09T02:46:57+00:00	200			602	602	c4ec4fe4ef73507741518e9d1d5fca8d0997fbd038d593c3d8e115908065af6a		RNAcentral record for URS000080DF6B (row origin)	ok	reused V1 download (retrieved 2026-10-09T02:46:57+00:00); sha256 re-verified 2026-10-09T03:14:48+00:00
structures/mmcif/4B5R.cif.gz	https://files.rcsb.org/download/4B5R.cif.gz	inputs/structures/mmcif/4B5R.cif.gz	2026-10-09T02:47:00+00:00	200	Sun, 21 Sep 2025 23:46:55 GMT	"""1b7794efc825c18a32a4300a3f64e63c-gz"""	114018	114018	7ef6acb687beb2cb3edf509050cc9e9780f886f5d8126abf49910e7a9c8154e9		RCSB mmCIF for 4B5R (source coordinates/metadata)	ok	reused V1 download (retrieved 2026-10-09T02:47:00+00:00); sha256 re-verified 2026-10-09T03:14:48+00:00
rnacentral/URS000080DFE5.json	https://rnacentral.org/api/v1/rna/URS000080DFE5.json	inputs/rnacentral/URS000080DFE5.json	2026-10-09T02:47:01+00:00	200			602	602	ea439fff3339313ac1cae8c1525bd5ca2fcf2623b6f88ba0fc6d18ef9bfccdac		RNAcentral record for URS000080DFE5 (row origin)	ok	reused V1 download (retrieved 2026-10-09T02:47:01+00:00); sha256 re-verified 2026-10-09T03:14:48+00:00
structures/mmcif/4KQY.cif.gz	https://files.rcsb.org/download/4KQY.cif.gz	inputs/structures/mmcif/4KQY.cif.gz	2026-10-09T02:47:05+00:00	200	Mon, 22 Sep 2025 00:13:59 GMT	"""ca3c9d7f078fdbc6cd8d8e057a915d02-gz"""	77598	77598	f6e75780f39f866177cd77bd8544b6460e9f05202195da3838c1318db4971584		RCSB mmCIF for 4KQY (source coordinates/metadata)	ok	reused V1 download (retrieved 2026-10-09T02:47:05+00:00); sha256 re-verified 2026-10-09T03:14:48+00:00
rnacentral/URS000080DDBE.json	https://rnacentral.org/api/v1/rna/URS000080DDBE.json	inputs/rnacentral/URS000080DDBE.json	2026-10-09T02:47:06+00:00	200			627	627	6d943c76c94b5ae80cbf17bb6d8d374a2531b15ab6593b0384a7648ddb554d19		RNAcentral record for URS000080DDBE (row origin)	ok	reused V1 download (retrieved 2026-10-09T02:47:06+00:00); sha256 re-verified 2026-10-09T03:14:48+00:00
structures/mmcif/5FJC.cif.gz	https://files.rcsb.org/download/5FJC.cif.gz	inputs/structures/mmcif/5FJC.cif.gz	2026-10-09T02:47:11+00:00	200	Sun, 21 Sep 2025 23:59:05 GMT	"""5b32b07679754d0cc9b2dc3921f61c8f-gz"""	135709	135709	39eaa660ffb5eb68d6c135265de980c6397fc610bf73e6d7344bb18f149183c9		RCSB mmCIF for 5FJC (source coordinates/metadata)	ok	reused V1 download (retrieved 2026-10-09T02:47:11+00:00); sha256 re-verified 2026-10-09T03:14:48+00:00
rnacentral/URS0000A7634F.json	https://rnacentral.org/api/v1/rna/URS0000A7634F.json	inputs/rnacentral/URS0000A7634F.json	2026-10-09T02:47:12+00:00	200			602	602	0f0f9697ddf31b04469308f90cfddef97d1040b4092b014bf2c6e342e00fd748		RNAcentral record for URS0000A7634F (row origin)	ok	reused V1 download (retrieved 2026-10-09T02:47:12+00:00); sha256 re-verified 2026-10-09T03:14:48+00:00
structures/mmcif/5FK1.cif.gz	https://files.rcsb.org/download/5FK1.cif.gz	inputs/structures/mmcif/5FK1.cif.gz	2026-10-09T02:47:15+00:00	200	Sun, 21 Sep 2025 23:59:10 GMT	"""b89cac313c1502e07b6a407e30e5f7d8-gz"""	122801	122801	08135374cdd2defa173ffb17e0e1ba606e8a90fd6a5a53bb3c5f4c5fe11f9d9e		RCSB mmCIF for 5FK1 (source coordinates/metadata)	ok	reused V1 download (retrieved 2026-10-09T02:47:15+00:00); sha256 re-verified 2026-10-09T03:14:48+00:00
rnacentral/URS0000A76377.json	https://rnacentral.org/api/v1/rna/URS0000A76377.json	inputs/rnacentral/URS0000A76377.json	2026-10-09T02:47:17+00:00	200			602	602	366a8320d2a262e7d7b189907898bcd7fe6489f72ed1df38e7a8c1ac36cd4f22		RNAcentral record for URS0000A76377 (row origin)	ok	reused V1 download (retrieved 2026-10-09T02:47:17+00:00); sha256 re-verified 2026-10-09T03:14:48+00:00
structures/mmcif/5FK2.cif.gz	https://files.rcsb.org/download/5FK2.cif.gz	inputs/structures/mmcif/5FK2.cif.gz	2026-10-09T02:47:21+00:00	200	Sun, 21 Sep 2025 23:59:10 GMT	"""4dc5a3f7c5a8de25cd1031edf379cfc2-gz"""	122514	122514	2a29019c1e2ca7e4558f42a5b7f97c7b0e0f9aa87839642f6e175b4194523d07		RCSB mmCIF for 5FK2 (source coordinates/metadata)	ok	reused V1 download (retrieved 2026-10-09T02:47:21+00:00); sha256 re-verified 2026-10-09T03:14:48+00:00
rnacentral/URS0000A76363.json	https://rnacentral.org/api/v1/rna/URS0000A76363.json	inputs/rnacentral/URS0000A76363.json	2026-10-09T02:47:22+00:00	200			602	602	60f3ffc04b769e2928a7741ce373f5d7acd9f2252594a7033ac480c809f9e0a6		RNAcentral record for URS0000A76363 (row origin)	ok	reused V1 download (retrieved 2026-10-09T02:47:22+00:00); sha256 re-verified 2026-10-09T03:14:48+00:00
structures/mmcif/5FK3.cif.gz	https://files.rcsb.org/download/5FK3.cif.gz	inputs/structures/mmcif/5FK3.cif.gz	2026-10-09T02:47:26+00:00	200	Sun, 21 Sep 2025 23:59:10 GMT	"""809946c45c661303ce39bf211bcee409-gz"""	122912	122912	4a9cedbe24ddcfdb758d0de7cf98b628077dbe89ac6d1add941276450d823f73		RCSB mmCIF for 5FK3 (source coordinates/metadata)	ok	reused V1 download (retrieved 2026-10-09T02:47:26+00:00); sha256 re-verified 2026-10-09T03:14:48+00:00
rnacentral/URS0000A76386.json	https://rnacentral.org/api/v1/rna/URS0000A76386.json	inputs/rnacentral/URS0000A76386.json	2026-10-09T02:47:27+00:00	200			602	602	82a4c59bf53d263563eb2f74610e8424b5861b6840999fb8295f6b85549d3967		RNAcentral record for URS0000A76386 (row origin)	ok	reused V1 download (retrieved 2026-10-09T02:47:27+00:00); sha256 re-verified 2026-10-09T03:14:48+00:00
structures/mmcif/5FK4.cif.gz	https://files.rcsb.org/download/5FK4.cif.gz	inputs/structures/mmcif/5FK4.cif.gz	2026-10-09T02:47:30+00:00	200	Sun, 21 Sep 2025 23:59:10 GMT	"""20b64dc51b7062a9232f909ff5f104f3-gz"""	121696	121696	9890825254cf95558310b0ce315b39a1a7cd2c800b6d51461305c7567fa15aff		RCSB mmCIF for 5FK4 (source coordinates/metadata)	ok	reused V1 download (retrieved 2026-10-09T02:47:30+00:00); sha256 re-verified 2026-10-09T03:14:48+00:00
rnacentral/URS0000A7631C.json	https://rnacentral.org/api/v1/rna/URS0000A7631C.json	inputs/rnacentral/URS0000A7631C.json	2026-10-09T02:47:31+00:00	200			601	601	5fe1786daf0174d4e620b84039b8117cc903ef5e610977617d44df24ebbfa1a9		RNAcentral record for URS0000A7631C (row origin)	ok	reused V1 download (retrieved 2026-10-09T02:47:31+00:00); sha256 re-verified 2026-10-09T03:14:48+00:00
structures/mmcif/5FK5.cif.gz	https://files.rcsb.org/download/5FK5.cif.gz	inputs/structures/mmcif/5FK5.cif.gz	2026-10-09T02:47:36+00:00	200	Sun, 21 Sep 2025 23:59:10 GMT	"""39c27e450349829d16d7ae34ba7ead89-gz"""	120966	120966	918305de8817b2968e6d4e64082f3c083eaaf088eb9ddeaa7eefdbec07610a94		RCSB mmCIF for 5FK5 (source coordinates/metadata)	ok	reused V1 download (retrieved 2026-10-09T02:47:36+00:00); sha256 re-verified 2026-10-09T03:14:48+00:00
rnacentral/URS0000A76359.json	https://rnacentral.org/api/v1/rna/URS0000A76359.json	inputs/rnacentral/URS0000A76359.json	2026-10-09T02:47:37+00:00	200			602	602	a1a240efe753971c9bf3e297f8481a4d8ec34e90df186ac05aa4803e7a62c9cf		RNAcentral record for URS0000A76359 (row origin)	ok	reused V1 download (retrieved 2026-10-09T02:47:37+00:00); sha256 re-verified 2026-10-09T03:14:48+00:00
structures/mmcif/5FK6.cif.gz	https://files.rcsb.org/download/5FK6.cif.gz	inputs/structures/mmcif/5FK6.cif.gz	2026-10-09T02:47:42+00:00	200	Sun, 21 Sep 2025 23:59:10 GMT	"""28a9002e9fd58319164c4ae61bd9b5c2-gz"""	122389	122389	85abbc83cec8d28e028b34d841a1ffad51b78a59c8bdc676ce695a62005f31d1		RCSB mmCIF for 5FK6 (source coordinates/metadata)	ok	reused V1 download (retrieved 2026-10-09T02:47:42+00:00); sha256 re-verified 2026-10-09T03:14:48+00:00
rnacentral/URS0000A7635A.json	https://rnacentral.org/api/v1/rna/URS0000A7635A.json	inputs/rnacentral/URS0000A7635A.json	2026-10-09T02:47:44+00:00	200			602	602	17f9a6e29bf4c05a467f1e55f066ef2e2392b86e6309f6fb33362ff0094e6737		RNAcentral record for URS0000A7635A (row origin)	ok	reused V1 download (retrieved 2026-10-09T02:47:44+00:00); sha256 re-verified 2026-10-09T03:14:48+00:00
structures/mmcif/5FKD.cif.gz	https://files.rcsb.org/download/5FKD.cif.gz	inputs/structures/mmcif/5FKD.cif.gz	2026-10-09T02:47:48+00:00	200	Sun, 21 Sep 2025 23:59:10 GMT	"""d9246a90809c30c4725ed4ff70983e20-gz"""	121018	121018	3bb2add470d8eb722e7aeb2380971f130e7c510b7797f30ee5a41f432845f3c3		RCSB mmCIF for 5FKD (source coordinates/metadata)	ok	reused V1 download (retrieved 2026-10-09T02:47:48+00:00); sha256 re-verified 2026-10-09T03:14:48+00:00
rnacentral/URS0000A7635B.json	https://rnacentral.org/api/v1/rna/URS0000A7635B.json	inputs/rnacentral/URS0000A7635B.json	2026-10-09T02:47:50+00:00	200			602	602	bca6a7110841dfbd4a85ef922993851b518f1a7563537cc26a1b713db9ea2e2f		RNAcentral record for URS0000A7635B (row origin)	ok	reused V1 download (retrieved 2026-10-09T02:47:50+00:00); sha256 re-verified 2026-10-09T03:14:48+00:00
structures/mmcif/5FKE.cif.gz	https://files.rcsb.org/download/5FKE.cif.gz	inputs/structures/mmcif/5FKE.cif.gz	2026-10-09T02:47:53+00:00	200	Sun, 21 Sep 2025 23:59:10 GMT	"""0b3089ec4a8bf38b7e16b492ddaefbee-gz"""	123780	123780	da543d7d23e26d06a23cac9891e2bcbfb43078c542589e30e4fd92f26c2d063b		RCSB mmCIF for 5FKE (source coordinates/metadata)	ok	reused V1 download (retrieved 2026-10-09T02:47:53+00:00); sha256 re-verified 2026-10-09T03:14:48+00:00
rnacentral/URS0000A7638A.json	https://rnacentral.org/api/v1/rna/URS0000A7638A.json	inputs/rnacentral/URS0000A7638A.json	2026-10-09T02:47:54+00:00	200			602	602	3d5a4c0ffea0bdac0c60f7669021b923ce836c7b005c73aafb70781be7aa759a		RNAcentral record for URS0000A7638A (row origin)	ok	reused V1 download (retrieved 2026-10-09T02:47:54+00:00); sha256 re-verified 2026-10-09T03:14:48+00:00
structures/mmcif/5FKF.cif.gz	https://files.rcsb.org/download/5FKF.cif.gz	inputs/structures/mmcif/5FKF.cif.gz	2026-10-09T02:47:58+00:00	200	Sun, 21 Sep 2025 23:59:10 GMT	"""557c12a737506d591205a01271304294-gz"""	119831	119831	7f27fb5d560bfdb8f1dd5895316708913fc0a8ca11b3e45681cec474e613820c		RCSB mmCIF for 5FKF (source coordinates/metadata)	ok	reused V1 download (retrieved 2026-10-09T02:47:58+00:00); sha256 re-verified 2026-10-09T03:14:48+00:00
rnacentral/URS0000A76399.json	https://rnacentral.org/api/v1/rna/URS0000A76399.json	inputs/rnacentral/URS0000A76399.json	2026-10-09T02:47:59+00:00	200			602	602	3eb4e93568ffbf3b7252fdc803df9ca484a8575c5e7b095a8809b39496212ba4		RNAcentral record for URS0000A76399 (row origin)	ok	reused V1 download (retrieved 2026-10-09T02:47:59+00:00); sha256 re-verified 2026-10-09T03:14:48+00:00
structures/mmcif/5FKG.cif.gz	https://files.rcsb.org/download/5FKG.cif.gz	inputs/structures/mmcif/5FKG.cif.gz	2026-10-09T02:48:02+00:00	200	Sun, 21 Sep 2025 23:59:10 GMT	"""42d97678748eb781ad8d0a64a182167e-gz"""	122432	122432	4ffe149db42d39a8ae60eff9c3cc64c51c34c1ec9042225eb1ef8ddf51088eee		RCSB mmCIF for 5FKG (source coordinates/metadata)	ok	reused V1 download (retrieved 2026-10-09T02:48:02+00:00); sha256 re-verified 2026-10-09T03:14:48+00:00
rnacentral/URS0000A76343.json	https://rnacentral.org/api/v1/rna/URS0000A76343.json	inputs/rnacentral/URS0000A76343.json	2026-10-09T02:48:04+00:00	200			602	602	b8b768b81f61c331ad428a3e8583693e83d3d120344f4f402773a0aa43bfe5cc		RNAcentral record for URS0000A76343 (row origin)	ok	reused V1 download (retrieved 2026-10-09T02:48:04+00:00); sha256 re-verified 2026-10-09T03:14:48+00:00
structures/mmcif/5FKH.cif.gz	https://files.rcsb.org/download/5FKH.cif.gz	inputs/structures/mmcif/5FKH.cif.gz	2026-10-09T02:48:07+00:00	200	Sun, 21 Sep 2025 23:59:10 GMT	"""339658e14c5b74b6e70d944f1c8e7ac8-gz"""	123125	123125	4f4844f6ba9923243c67373bb68b59a63db21d74849964649d11a318659b06fc		RCSB mmCIF for 5FKH (source coordinates/metadata)	ok	reused V1 download (retrieved 2026-10-09T02:48:07+00:00); sha256 re-verified 2026-10-09T03:14:48+00:00
rnacentral/URS0000A76344.json	https://rnacentral.org/api/v1/rna/URS0000A76344.json	inputs/rnacentral/URS0000A76344.json	2026-10-09T02:48:08+00:00	200			602	602	12893362b95376477fcf6b95597ba50af4b1bde11254369a15153765084e9add		RNAcentral record for URS0000A76344 (row origin)	ok	reused V1 download (retrieved 2026-10-09T02:48:08+00:00); sha256 re-verified 2026-10-09T03:14:48+00:00
structures/mmcif/7EAF.cif.gz	https://files.rcsb.org/download/7EAF.cif.gz	inputs/structures/mmcif/7EAF.cif.gz	2026-10-09T02:48:12+00:00	200	Sun, 21 Sep 2025 23:55:37 GMT	"""291b6fd036b56d4453415c38b134e42b-gz"""	141190	141190	d7a1754640cbc97fbf40775ad6332fafe999e8e2f900dfcadb5be6176acaaabd		RCSB mmCIF for 7EAF (source coordinates/metadata)	ok	reused V1 download (retrieved 2026-10-09T02:48:12+00:00); sha256 re-verified 2026-10-09T03:14:48+00:00
rnacentral/URS0002311979.json	https://rnacentral.org/api/v1/rna/URS0002311979.json	inputs/rnacentral/URS0002311979.json	2026-10-09T02:48:13+00:00	200			595	595	76a689b60d250ea72bf0e5511a70d2ca0a05b6217bbb051301e4c393ad52d76c		RNAcentral record for URS0002311979 (row origin)	ok	reused V1 download (retrieved 2026-10-09T02:48:13+00:00); sha256 re-verified 2026-10-09T03:14:48+00:00
structures/mmcif/4GMA.cif.gz	https://files.rcsb.org/download/4GMA.cif.gz	inputs/structures/mmcif/4GMA.cif.gz	2026-10-09T02:48:17+00:00	200	Sun, 09 Aug 2026 00:42:55 GMT	"""51ac187e97fe4d13513e49a609a49f5c-gz"""	233964	233964	c52b7d25f8ca3b366f0dff1c2f74878c944c133348ba26661c7cc476fb366681		RCSB mmCIF for 4GMA (source coordinates/metadata)	ok	reused V1 download (retrieved 2026-10-09T02:48:17+00:00); sha256 re-verified 2026-10-09T03:14:48+00:00
rnacentral/URS000080E34D.json	https://rnacentral.org/api/v1/rna/URS000080E34D.json	inputs/rnacentral/URS000080E34D.json	2026-10-09T02:48:19+00:00	200			700	700	f200d5cb94c66a17e69d191816540535160e04ec5fd9f2cfdb4ac5467d45bf77		RNAcentral record for URS000080E34D (row origin)	ok	reused V1 download (retrieved 2026-10-09T02:48:19+00:00); sha256 re-verified 2026-10-09T03:14:48+00:00
structures/mmcif/4GXY.cif.gz	https://files.rcsb.org/download/4GXY.cif.gz	inputs/structures/mmcif/4GXY.cif.gz	2026-10-09T02:48:23+00:00	200	Sun, 09 Aug 2026 00:42:57 GMT	"""8aae1d027c4edd87421f05cd93434f46-gz"""	109572	109572	a9c7c3d7d55db211014da8540b67c2c22bace9d661c1f883ff239171f6e13246		RCSB mmCIF for 4GXY (source coordinates/metadata)	ok	reused V1 download (retrieved 2026-10-09T02:48:23+00:00); sha256 re-verified 2026-10-09T03:14:48+00:00
rnacentral/URS000080DFBC.json	https://rnacentral.org/api/v1/rna/URS000080DFBC.json	inputs/rnacentral/URS000080DFBC.json	2026-10-09T02:48:25+00:00	200			672	672	9e7dc7794a9fcfce86a13ac1b2ddf01a0aa3679ade8b9dbf970e3f7e18025fed		RNAcentral record for URS000080DFBC (row origin)	ok	reused V1 download (retrieved 2026-10-09T02:48:25+00:00); sha256 re-verified 2026-10-09T03:14:49+00:00
structures/mmcif/6VMY.cif.gz	https://files.rcsb.org/download/6VMY.cif.gz	inputs/structures/mmcif/6VMY.cif.gz	2026-10-09T02:48:29+00:00	200	Sun, 09 Aug 2026 00:44:42 GMT	"""29116ebe2795e5f5949e1cec934a27f5-gz"""	106955	106955	5ae4f6ff367cc68e472557059044afceedf2aa87fb773d8e838b95fa439306c3		RCSB mmCIF for 6VMY (source coordinates/metadata)	ok	reused V1 download (retrieved 2026-10-09T02:48:29+00:00); sha256 re-verified 2026-10-09T03:14:49+00:00
rnacentral/URS0001A24B44.json	https://rnacentral.org/api/v1/rna/URS0001A24B44.json	inputs/rnacentral/URS0001A24B44.json	2026-10-09T02:48:30+00:00	200			622	622	76120baaae64333509a6c1401d732c15e88d4fb65c082da9f1a264b1b018c656		RNAcentral record for URS0001A24B44 (row origin)	ok	reused V1 download (retrieved 2026-10-09T02:48:30+00:00); sha256 re-verified 2026-10-09T03:14:49+00:00
structures/mmcif/8FW4.cif.gz	https://files.rcsb.org/download/8FW4.cif.gz	inputs/structures/mmcif/8FW4.cif.gz	2026-10-09T02:48:34+00:00	200	Mon, 22 Sep 2025 00:00:09 GMT	"""8b23547dad4f42d19dbd9809b8996c3a-gz"""	309825	309825	1cfeed0a45d840cfa6de585f00092ba1bff8aa552da8ba32ad7ce1184056e8cf		RCSB mmCIF for 8FW4 (source coordinates/metadata)	ok	reused V1 download (retrieved 2026-10-09T02:48:34+00:00); sha256 re-verified 2026-10-09T03:14:49+00:00
structures/mmcif/8SA2.cif.gz	https://files.rcsb.org/download/8SA2.cif.gz	inputs/structures/mmcif/8SA2.cif.gz	2026-10-09T02:48:37+00:00	200	Sun, 09 Aug 2026 00:44:19 GMT	"""bace367f7ad61116735cf92e90552517-gz"""	219676	219676	9c9e50bb318de73549e60867974f4da77cfda0b09ea3bf6e89025f7fb6ec0cd6		RCSB mmCIF for 8SA2 (source coordinates/metadata)	ok	reused V1 download (retrieved 2026-10-09T02:48:37+00:00); sha256 re-verified 2026-10-09T03:14:49+00:00
structures/mmcif/8SA3.cif.gz	https://files.rcsb.org/download/8SA3.cif.gz	inputs/structures/mmcif/8SA3.cif.gz	2026-10-09T02:48:37+00:00	200	Sun, 09 Aug 2026 00:44:19 GMT	"""e703b73d10d8aeebce21aa7db6f225e3-gz"""	218858	218858	2a72e7b17e8b14614f27c1a2f7f2f72e1db3bf83aaa5ccde924afa67b30941e9		RCSB mmCIF for 8SA3 (source coordinates/metadata)	ok	reused V1 download (retrieved 2026-10-09T02:48:37+00:00); sha256 re-verified 2026-10-09T03:14:49+00:00
structures/mmcif/8SA4.cif.gz	https://files.rcsb.org/download/8SA4.cif.gz	inputs/structures/mmcif/8SA4.cif.gz	2026-10-09T02:48:38+00:00	200	Sun, 09 Aug 2026 00:44:19 GMT	"""8157c64b3f340b4c1abc9350273c357a-gz"""	131665	131665	4df33938f011f20f97721e6faa9b9b6e518d2de3dfd126391bccf698ca650e46		RCSB mmCIF for 8SA4 (source coordinates/metadata)	ok	reused V1 download (retrieved 2026-10-09T02:48:38+00:00); sha256 re-verified 2026-10-09T03:14:49+00:00
structures/mmcif/8SA5.cif.gz	https://files.rcsb.org/download/8SA5.cif.gz	inputs/structures/mmcif/8SA5.cif.gz	2026-10-09T02:48:38+00:00	200	Sun, 09 Aug 2026 00:44:19 GMT	"""246a5a489efe5f1df739c21199bbe9ea-gz"""	185203	185203	09ae3e43ef6e1da56f0b73bb9ac59f85ff4f2738765a2474218c33acceff2918		RCSB mmCIF for 8SA5 (source coordinates/metadata)	ok	reused V1 download (retrieved 2026-10-09T02:48:38+00:00); sha256 re-verified 2026-10-09T03:14:49+00:00
structures/mmcif/8SA6.cif.gz	https://files.rcsb.org/download/8SA6.cif.gz	inputs/structures/mmcif/8SA6.cif.gz	2026-10-09T02:48:39+00:00	200	Mon, 22 Sep 2025 00:34:20 GMT	"""da216c1b2e4720ffeeb8e9fa5e9c5f90-gz"""	181558	181558	1ec87d7b1828ee47f626b5f052c5f52997def874b7a501df9dd8308b495eebf8		RCSB mmCIF for 8SA6 (source coordinates/metadata)	ok	reused V1 download (retrieved 2026-10-09T02:48:39+00:00); sha256 re-verified 2026-10-09T03:14:49+00:00
structures/mmcif/5T83.cif.gz	https://files.rcsb.org/download/5T83.cif.gz	inputs/structures/mmcif/5T83.cif.gz	2026-10-09T02:48:39+00:00	200	Sun, 09 Aug 2026 00:44:24 GMT	"""79f3b30d08fef8939a0590ff2314302d-gz"""	66666	66666	3b2a89a714c58ba8cdc6674b59403e214445111aa6b8f258254f5ffd20b587d8		RCSB mmCIF for 5T83 (source coordinates/metadata)	ok	reused V1 download (retrieved 2026-10-09T02:48:39+00:00); sha256 re-verified 2026-10-09T03:14:49+00:00
rnacentral/URS0000B21DF2.json	https://rnacentral.org/api/v1/rna/URS0000B21DF2.json	inputs/rnacentral/URS0000B21DF2.json	2026-10-09T02:48:41+00:00	200			594	594	f1955e98cdfd502258cfdd753f3cfc24e3c9921b9e869a4279bf1b549219f246		RNAcentral record for URS0000B21DF2 (row origin)	ok	reused V1 download (retrieved 2026-10-09T02:48:41+00:00); sha256 re-verified 2026-10-09T03:14:49+00:00
structures/mmcif/5U3G.cif.gz	https://files.rcsb.org/download/5U3G.cif.gz	inputs/structures/mmcif/5U3G.cif.gz	2026-10-09T02:48:45+00:00	200	Mon, 22 Sep 2025 00:38:25 GMT	"""34fb1f99b637a093d1fbbfbd8531898c-gz"""	83885	83885	8dead5640b483c5e01aa367da7447f28338080ffd48d6805cded150acb86e2ca		RCSB mmCIF for 5U3G (source coordinates/metadata)	ok	reused V1 download (retrieved 2026-10-09T02:48:45+00:00); sha256 re-verified 2026-10-09T03:14:49+00:00
rnacentral/URS0000B21DF0.json	https://rnacentral.org/api/v1/rna/URS0000B21DF0.json	inputs/rnacentral/URS0000B21DF0.json	2026-10-09T02:48:46+00:00	200			584	584	28ad1ce9dbb96d789a85361f61967b0bbf6f1ab8e85064d2396e3a0f5626acd3		RNAcentral record for URS0000B21DF0 (row origin)	ok	reused V1 download (retrieved 2026-10-09T02:48:46+00:00); sha256 re-verified 2026-10-09T03:14:49+00:00
structures/mmcif/7MLW.cif.gz	https://files.rcsb.org/download/7MLW.cif.gz	inputs/structures/mmcif/7MLW.cif.gz	2026-10-09T02:48:50+00:00	200	Mon, 22 Sep 2025 00:18:50 GMT	"""fd9f0c340ff56d38ee6191e67314c81e-gz"""	186496	186496	52b677a3763973a44dbfe64a3d09457ec7cb849e3d5705279ad4bc8b07f0f9e3		RCSB mmCIF for 7MLW (source coordinates/metadata)	ok	reused V1 download (retrieved 2026-10-09T02:48:50+00:00); sha256 re-verified 2026-10-09T03:14:49+00:00
rnacentral/URS00023119BD.json	https://rnacentral.org/api/v1/rna/URS00023119BD.json	inputs/rnacentral/URS00023119BD.json	2026-10-09T02:48:52+00:00	200			628	628	4026ca11e810c4cd4389473a9a1bc5b0c1800d72b0efaa4122ace3c7442f2d27		RNAcentral record for URS00023119BD (row origin)	ok	reused V1 download (retrieved 2026-10-09T02:48:52+00:00); sha256 re-verified 2026-10-09T03:14:49+00:00
structures/mmcif/2IL9.cif.gz	https://files.rcsb.org/download/2IL9.cif.gz	inputs/structures/mmcif/2IL9.cif.gz	2026-10-09T03:14:49+00:00	200	Mon, 22 Sep 2025 00:07:55 GMT	"""728b45f907868a12c20cfa2c2efebe6c-gz"""	149598	149598	2f9176dcab9322a1e810b3c19cb3e2a5d3ec38015b56ee629142e373efc596c8		RCSB mmCIF for 2IL9 (source coordinates/metadata)	ok	
rnacentral/URS000080DDA6.json	https://rnacentral.org/api/v1/rna/URS000080DDA6.json	inputs/rnacentral/URS000080DDA6.json	2026-10-09T03:14:50+00:00	200			623	623	c2c93826b13cf3f1ebfb00774a4f898d05282fa52094b37cbcc4cebb2e367e46		RNAcentral record for URS000080DDA6 (row origin)	ok	
structures/mmcif/2NOQ.cif.gz	https://files.rcsb.org/download/2NOQ.cif.gz	inputs/structures/mmcif/2NOQ.cif.gz	2026-10-09T03:14:51+00:00	200	Mon, 22 Sep 2025 00:21:38 GMT	"""9977d178519c11c661f1ab34201a4126-gz"""	274429	274429	5fd6e2f7972cd76b2432eb99479626e88a8d5db53e4fea5720903379c4a0c85a		RCSB mmCIF for 2NOQ (source coordinates/metadata)	ok	
rnacentral/URS000080E076.json	https://rnacentral.org/api/v1/rna/URS000080E076.json	inputs/rnacentral/URS000080E076.json	2026-10-09T03:14:52+00:00	200			672	672	469c88b9d61fe363c6bc742adc908f797daa9131dae98076a45031cc07c752c0		RNAcentral record for URS000080E076 (row origin)	ok	
structures/mmcif/4D5N.cif.gz	https://files.rcsb.org/download/4D5N.cif.gz	inputs/structures/mmcif/4D5N.cif.gz	2026-10-09T03:14:52+00:00	200	Sun, 21 Sep 2025 23:52:31 GMT	"""2174ae5c511360c6ecfd44658a939ab4-gz"""	235544	235544	70041f5c3215150c18ddfb39f7cf72d3554d44f2000176d3ef98eaa1b1761b42		RCSB mmCIF for 4D5N (source coordinates/metadata)	ok	
rnacentral/URS000080E194.json	https://rnacentral.org/api/v1/rna/URS000080E194.json	inputs/rnacentral/URS000080E194.json	2026-10-09T03:14:54+00:00	200			676	676	6f27cd00406cdece1cb89086fd0bc517d3b9ae3c49b4f9a92ceec228a6c1f97d		RNAcentral record for URS000080E194 (row origin)	ok	
structures/mmcif/4D61.cif.gz	https://files.rcsb.org/download/4D61.cif.gz	inputs/structures/mmcif/4D61.cif.gz	2026-10-09T03:14:54+00:00	200	Sun, 21 Sep 2025 23:52:35 GMT	"""faa0e629d97b628b50b77f1f6901af91-gz"""	1966167	1966167	c2d7fe141735e97a9e59575f36b21d4aa01646014b37629453812002b5b2ede6		RCSB mmCIF for 4D61 (source coordinates/metadata)	ok	
structures/mmcif/4V92.cif.gz	https://files.rcsb.org/download/4V92.cif.gz	inputs/structures/mmcif/4V92.cif.gz	2026-10-09T03:14:55+00:00	200	Mon, 22 Sep 2025 00:41:28 GMT	"""410882d54d2d8eb6b197c106067f42f4-gz"""	2158790	2158790	b79d60bcf52d0e86bf85dc3b2dc4490d3d3f3c922db8f6c8cd9aca207cd2bdb8		RCSB mmCIF for 4V92 (source coordinates/metadata)	ok	
rnacentral/URS000080DD48.json	https://rnacentral.org/api/v1/rna/URS000080DD48.json	inputs/rnacentral/URS000080DD48.json	2026-10-09T03:14:57+00:00	200			672	672	7f08ba8abcdbfe326ce50cf90895da0e1c638c023ee9146b43b6db2e7b4f5459		RNAcentral record for URS000080DD48 (row origin)	ok	
structures/mmcif/4XEJ.cif.gz	https://files.rcsb.org/download/4XEJ.cif.gz	inputs/structures/mmcif/4XEJ.cif.gz	2026-10-09T03:14:58+00:00	200	Mon, 22 Sep 2025 00:46:50 GMT	"""8c2a1925777d22b1839400275167ded8-2-gz"""	14967962	14967962	03d3267d60aee20df0c962ce2177c6db831bdb61edeffe03ffab06abb5ec407a		RCSB mmCIF for 4XEJ (source coordinates/metadata)	ok	
rnacentral/URS00008116AA.json	https://rnacentral.org/api/v1/rna/URS00008116AA.json	inputs/rnacentral/URS00008116AA.json	2026-10-09T03:15:00+00:00	200			671	671	8434d8dc7287113c3914fa50bee01cece084c69a279c1a4719d09cd3eaddc98d		RNAcentral record for URS00008116AA (row origin)	ok	
structures/mmcif/5IT7.cif.gz	https://files.rcsb.org/download/5IT7.cif.gz	inputs/structures/mmcif/5IT7.cif.gz	2026-10-09T03:15:01+00:00	200	Sat, 04 Oct 2025 06:01:38 GMT	"""fe47032d654304c3bacc4fb38ba54b43-gz"""	5563218	5563218	fa873aaf9a99e107c65e82392e0b22ef762b1d2ba53735ebe3ec3820a05ee3b7		RCSB mmCIF for 5IT7 (source coordinates/metadata)	ok	
rnacentral/URS0000A7638F.json	https://rnacentral.org/api/v1/rna/URS0000A7638F.json	inputs/rnacentral/URS0000A7638F.json	2026-10-09T03:15:03+00:00	200			672	672	e473495e3dce244ed912b2341307454cdd0c3d7c73f9315e505e695b079a20dd		RNAcentral record for URS0000A7638F (row origin)	ok	
structures/mmcif/5IT9.cif.gz	https://files.rcsb.org/download/5IT9.cif.gz	inputs/structures/mmcif/5IT9.cif.gz	2026-10-09T03:15:04+00:00	200	Mon, 22 Sep 2025 00:08:32 GMT	"""bb47d2f60aa3d83e465a63221d948e16-gz"""	2047416	2047416	25217af068496440aab928cd26c4cfec8efce0d464452ca40c6c462cdab8dd25		RCSB mmCIF for 5IT9 (source coordinates/metadata)	ok	
rnacentral/URS0000A7632F.json	https://rnacentral.org/api/v1/rna/URS0000A7632F.json	inputs/rnacentral/URS0000A7632F.json	2026-10-09T03:15:06+00:00	200			674	674	ecd871be7f93be9ed02d51cb0ba7d603e6910afa456784fa2227219a5016e486		RNAcentral record for URS0000A7632F (row origin)	ok	
structures/mmcif/6D90.cif.gz	https://files.rcsb.org/download/6D90.cif.gz	inputs/structures/mmcif/6D90.cif.gz	2026-10-09T03:15:06+00:00	200	Sun, 21 Sep 2025 23:52:50 GMT	"""84a22ebd8b61688c2c12e7e1b4921ff8-gz"""	5831066	5831066	6f6d1000e9dfa6ad76fdb65fd8026fba7dbf63c86b72ccf0034606a6293b3467		RCSB mmCIF for 6D90 (source coordinates/metadata)	ok	
rnacentral/URS0000D56C4A.json	https://rnacentral.org/api/v1/rna/URS0000D56C4A.json	inputs/rnacentral/URS0000D56C4A.json	2026-10-09T03:15:08+00:00	200			676	676	9c171b8b78d4b7a6bfc62691ea1c6e129837657d983edc2a4262b9656fbd6f84		RNAcentral record for URS0000D56C4A (row origin)	ok	
structures/mmcif/6D9J.cif.gz	https://files.rcsb.org/download/6D9J.cif.gz	inputs/structures/mmcif/6D9J.cif.gz	2026-10-09T03:15:09+00:00	200	Sun, 21 Sep 2025 23:52:50 GMT	"""f5657abb418053bc2cd02f120db509ba-gz"""	5240707	5240707	2b804b098decec6e672959c647f040d8dd7cf7d8a85470e592b64535591c7b98		RCSB mmCIF for 6D9J (source coordinates/metadata)	ok	
rnacentral/URS0000D56C35.json	https://rnacentral.org/api/v1/rna/URS0000D56C35.json	inputs/rnacentral/URS0000D56C35.json	2026-10-09T03:15:11+00:00	200			672	672	924adc4e5e373f085d21e008b0dd5833dd147142b42f53ba9c8474d264a46589		RNAcentral record for URS0000D56C35 (row origin)	ok	
structures/mmcif/7JQC.cif.gz	https://files.rcsb.org/download/7JQC.cif.gz	inputs/structures/mmcif/7JQC.cif.gz	2026-10-09T03:15:12+00:00	200	Mon, 22 Sep 2025 00:11:04 GMT	"""37b6a42571ff2c309f735a9dbf5fd065-gz"""	1841515	1841515	fb5770864614e6372dcf362e5b1789b2ac04cc1d5c5207a28803e0bb5752e054		RCSB mmCIF for 7JQC (source coordinates/metadata)	ok	
structures/mmcif/7ZJW.cif.gz	https://files.rcsb.org/download/7ZJW.cif.gz	inputs/structures/mmcif/7ZJW.cif.gz	2026-10-09T03:15:14+00:00	200	Sat, 27 Jun 2026 10:51:02 GMT	"""59aeba66e48d4967cd0b10da5d30c5ef-gz"""	5362781	5362781	f672876b38b911c718e1bbdcc6f156fe92602b0aeae0e9e490dbbac9d75b5e4d		RCSB mmCIF for 7ZJW (source coordinates/metadata)	ok	
rnacentral/URS0002617726.json	https://rnacentral.org/api/v1/rna/URS0002617726.json	inputs/rnacentral/URS0002617726.json	2026-10-09T03:15:16+00:00	200			1548	1548	7dd8446b709ab15482ff058e889b76eae10c390327fb85b4058cc028ab42a5fa		RNAcentral record for URS0002617726 (row origin)	ok	
structures/mmcif/7ZJX.cif.gz	https://files.rcsb.org/download/7ZJX.cif.gz	inputs/structures/mmcif/7ZJX.cif.gz	2026-10-09T03:15:17+00:00	200	Sat, 27 Jun 2026 10:51:02 GMT	"""a59a0875237e0c9dfe2bb292ab216991-gz"""	5140653	5140653	88660c2de6c3c89bb127f1a6f854e2dae478eb01721024be0c14c34d447c0882		RCSB mmCIF for 7ZJX (source coordinates/metadata)	ok	
rnacentral/URS0002616B80.json	https://rnacentral.org/api/v1/rna/URS0002616B80.json	inputs/rnacentral/URS0002616B80.json	2026-10-09T03:15:19+00:00	200			645	645	55f05fcf19c6c86e1bcfdd5ab6ad13cecd65205c87a9c1c0c349c08c9359b81c		RNAcentral record for URS0002616B80 (row origin)	ok	
structures/mmcif/2L1V.cif.gz	https://files.rcsb.org/download/2L1V.cif.gz	inputs/structures/mmcif/2L1V.cif.gz	2026-10-09T02:48:56+00:00	200	Mon, 22 Sep 2025 00:14:47 GMT	"""300e537d15b5f9f0f19708b2899b8a5a-gz"""	463942	463942	a50c1dc5bb3b4abf87eb5197354cd5b486a9afb57ce095544bd955502220ff51		RCSB mmCIF for 2L1V (source coordinates/metadata)	ok	reused V1 download (retrieved 2026-10-09T02:48:56+00:00); sha256 re-verified 2026-10-09T03:15:19+00:00
rnacentral/URS000080E08D.json	https://rnacentral.org/api/v1/rna/URS000080E08D.json	inputs/rnacentral/URS000080E08D.json	2026-10-09T02:48:57+00:00	200			536	536	639b1f8320817a72e7d8c53cbaacfd2c9b4abf37710cb8b49703ed38e4b0e0df		RNAcentral record for URS000080E08D (row origin)	ok	reused V1 download (retrieved 2026-10-09T02:48:57+00:00); sha256 re-verified 2026-10-09T03:15:19+00:00
structures/mmcif/3FU2.cif.gz	https://files.rcsb.org/download/3FU2.cif.gz	inputs/structures/mmcif/3FU2.cif.gz	2026-10-09T02:49:01+00:00	200	Sun, 21 Sep 2025 23:59:57 GMT	"""940803f0b5eed762db50142c1e49d649-gz"""	63428	63428	22ac1941787618775616c8f09d2cb332194a7f0bc3cc30eac3ff9d0adb772826		RCSB mmCIF for 3FU2 (source coordinates/metadata)	ok	reused V1 download (retrieved 2026-10-09T02:49:01+00:00); sha256 re-verified 2026-10-09T03:15:19+00:00
rnacentral/URS000080E020.json	https://rnacentral.org/api/v1/rna/URS000080E020.json	inputs/rnacentral/URS000080E020.json	2026-10-09T02:49:03+00:00	200			521	521	090bbb520bfbb4d07b70b4a91cd76defaa77463f3c9837be302e95b8c40107ac		RNAcentral record for URS000080E020 (row origin)	ok	reused V1 download (retrieved 2026-10-09T02:49:03+00:00); sha256 re-verified 2026-10-09T03:15:19+00:00
structures/mmcif/3GCA.cif.gz	https://files.rcsb.org/download/3GCA.cif.gz	inputs/structures/mmcif/3GCA.cif.gz	2026-10-09T02:49:07+00:00	200	Mon, 22 Sep 2025 00:01:25 GMT	"""f04b2c9c2265fc80a8ebdb8b79e6373d-gz"""	28390	28390	b63380363b49b58ce9a115d981ca04be66f1f410b897136467f0e2350178efc0		RCSB mmCIF for 3GCA (source coordinates/metadata)	ok	reused V1 download (retrieved 2026-10-09T02:49:07+00:00); sha256 re-verified 2026-10-09T03:15:19+00:00
rnacentral/URS000080E32E.json	https://rnacentral.org/api/v1/rna/URS000080E32E.json	inputs/rnacentral/URS000080E32E.json	2026-10-09T02:49:08+00:00	200			527	527	88b6db49881b9d05bf6d9eed83df0db55250862bb4cae72f84f9e18e0691678f		RNAcentral record for URS000080E32E (row origin)	ok	reused V1 download (retrieved 2026-10-09T02:49:08+00:00); sha256 re-verified 2026-10-09T03:15:19+00:00
structures/mmcif/3K1V.cif.gz	https://files.rcsb.org/download/3K1V.cif.gz	inputs/structures/mmcif/3K1V.cif.gz	2026-10-09T02:49:13+00:00	200	Mon, 22 Sep 2025 00:11:57 GMT	"""fece68b58f590f44967f37f5c3af505d-gz"""	29381	29381	a382c03bd8aed097a1726fe4288d574176a57b4cbce67f286294b812abc8a0e4		RCSB mmCIF for 3K1V (source coordinates/metadata)	ok	reused V1 download (retrieved 2026-10-09T02:49:13+00:00); sha256 re-verified 2026-10-09T03:15:19+00:00
rnacentral/URS000080E037.json	https://rnacentral.org/api/v1/rna/URS000080E037.json	inputs/rnacentral/URS000080E037.json	2026-10-09T02:49:15+00:00	200			521	521	c399d3cb64617d94958269890c495e81f49b902bb000000389402268b9880764		RNAcentral record for URS000080E037 (row origin)	ok	reused V1 download (retrieved 2026-10-09T02:49:15+00:00); sha256 re-verified 2026-10-09T03:15:19+00:00
structures/mmcif/3Q50.cif.gz	https://files.rcsb.org/download/3Q50.cif.gz	inputs/structures/mmcif/3Q50.cif.gz	2026-10-09T02:49:19+00:00	200	Mon, 22 Sep 2025 00:28:33 GMT	"""5453a56473956501a983366ef07a7292-gz"""	29734	29734	37f05b504b24e7ad66c1102016ff0e4154ae2cd30cb83247cb31e91449042306		RCSB mmCIF for 3Q50 (source coordinates/metadata)	ok	reused V1 download (retrieved 2026-10-09T02:49:19+00:00); sha256 re-verified 2026-10-09T03:15:19+00:00
structures/mmcif/6E1S.cif.gz	https://files.rcsb.org/download/6E1S.cif.gz	inputs/structures/mmcif/6E1S.cif.gz	2026-10-09T02:49:19+00:00	200	Sun, 21 Sep 2025 23:54:56 GMT	"""18a9407a085bf36751bd23fd2230d87c-gz"""	50166	50166	07c7ac24f2ac425d4ed99fcb362c63e8be89e5eda73a853a1399c74b416071f7		RCSB mmCIF for 6E1S (source coordinates/metadata)	ok	reused V1 download (retrieved 2026-10-09T02:49:19+00:00); sha256 re-verified 2026-10-09T03:15:19+00:00
rnacentral/URS0000E60BA5.json	https://rnacentral.org/api/v1/rna/URS0000E60BA5.json	inputs/rnacentral/URS0000E60BA5.json	2026-10-09T02:49:21+00:00	200			521	521	0756493f06a4b9e1ab36e6060d27ebe0ce0d3e9c69fbb56d44ac85d58d8cc29d		RNAcentral record for URS0000E60BA5 (row origin)	ok	reused V1 download (retrieved 2026-10-09T02:49:21+00:00); sha256 re-verified 2026-10-09T03:15:19+00:00
structures/mmcif/6E1T.cif.gz	https://files.rcsb.org/download/6E1T.cif.gz	inputs/structures/mmcif/6E1T.cif.gz	2026-10-09T02:49:23+00:00	200	Sun, 21 Sep 2025 23:54:56 GMT	"""fee16519ea925180716bc2ebe94b34d2-gz"""	52492	52492	eb0d729e4abf8b5601f5797c8007af9281adbbba9655184fafbb52ef49fdd370		RCSB mmCIF for 6E1T (source coordinates/metadata)	ok	reused V1 download (retrieved 2026-10-09T02:49:23+00:00); sha256 re-verified 2026-10-09T03:15:19+00:00
rnacentral/URS0000E60B99.json	https://rnacentral.org/api/v1/rna/URS0000E60B99.json	inputs/rnacentral/URS0000E60B99.json	2026-10-09T02:49:25+00:00	200			521	521	d044cc71abed59b63846b0c58a2d395b9fcc4ea75831c112b7f9b9befc2cf697		RNAcentral record for URS0000E60B99 (row origin)	ok	reused V1 download (retrieved 2026-10-09T02:49:25+00:00); sha256 re-verified 2026-10-09T03:15:19+00:00
structures/mmcif/6E1U.cif.gz	https://files.rcsb.org/download/6E1U.cif.gz	inputs/structures/mmcif/6E1U.cif.gz	2026-10-09T02:49:28+00:00	200	Sun, 21 Sep 2025 23:54:56 GMT	"""7f764b3b3f7350f0ef7aec90dc880a20-gz"""	50607	50607	2b85450a60d0e452280538f04b3d3c2b34db29b69e0e6df58d2ff40bdd0f3dd8		RCSB mmCIF for 6E1U (source coordinates/metadata)	ok	reused V1 download (retrieved 2026-10-09T02:49:28+00:00); sha256 re-verified 2026-10-09T03:15:19+00:00
structures/mmcif/6E1V.cif.gz	https://files.rcsb.org/download/6E1V.cif.gz	inputs/structures/mmcif/6E1V.cif.gz	2026-10-09T02:49:29+00:00	200	Sun, 21 Sep 2025 23:54:56 GMT	"""d9b743d0489a820c31d61e4fc63af4b8-gz"""	48197	48197	c45f30759e439afc3491d2cdbde4c4e78bd36cd93a00384edd6940a6a263a1c8		RCSB mmCIF for 6E1V (source coordinates/metadata)	ok	reused V1 download (retrieved 2026-10-09T02:49:29+00:00); sha256 re-verified 2026-10-09T03:15:19+00:00
structures/mmcif/6E1W.cif.gz	https://files.rcsb.org/download/6E1W.cif.gz	inputs/structures/mmcif/6E1W.cif.gz	2026-10-09T02:49:29+00:00	200	Sun, 21 Sep 2025 23:54:56 GMT	"""29056611df7af9d984a62e0d75511d4a-gz"""	50496	50496	9be043a8ddbfca81b69b4f90897c0c18cdaad73e17b4d8ab85f08c96d7e2e5c6		RCSB mmCIF for 6E1W (source coordinates/metadata)	ok	reused V1 download (retrieved 2026-10-09T02:49:29+00:00); sha256 re-verified 2026-10-09T03:15:19+00:00
structures/mmcif/6VUH.cif.gz	https://files.rcsb.org/download/6VUH.cif.gz	inputs/structures/mmcif/6VUH.cif.gz	2026-10-09T02:49:30+00:00	200	Mon, 22 Sep 2025 00:42:52 GMT	"""64ca2549116854d336e27a9f0a39655b-gz"""	60155	60155	24f351c3f217b9eaa41a7000e77816fe49967e37a14c86913af81b9e9cf13737		RCSB mmCIF for 6VUH (source coordinates/metadata)	ok	reused V1 download (retrieved 2026-10-09T02:49:30+00:00); sha256 re-verified 2026-10-09T03:15:19+00:00
structures/mmcif/6VUI.cif.gz	https://files.rcsb.org/download/6VUI.cif.gz	inputs/structures/mmcif/6VUI.cif.gz	2026-10-09T02:49:33+00:00	200	Mon, 22 Sep 2025 00:42:52 GMT	"""bc7358292420e182b497bd3b1e813f69-gz"""	60627	60627	b40f8e61db25e5479cca64169fa6bbd0c29341866a1265e57e06410bc32d48d8		RCSB mmCIF for 6VUI (source coordinates/metadata)	ok	reused V1 download (retrieved 2026-10-09T02:49:33+00:00); sha256 re-verified 2026-10-09T03:15:19+00:00
structures/mmcif/7E9E.cif.gz	https://files.rcsb.org/download/7E9E.cif.gz	inputs/structures/mmcif/7E9E.cif.gz	2026-10-09T02:49:33+00:00	200	Sun, 21 Sep 2025 23:55:33 GMT	"""728aa8425cc0f99e43b513239daaa406-gz"""	53926	53926	c6e952174df034541f903a36746608ce547e5ecca4456970d48cf69f953f3fa4		RCSB mmCIF for 7E9E (source coordinates/metadata)	ok	reused V1 download (retrieved 2026-10-09T02:49:33+00:00); sha256 re-verified 2026-10-09T03:15:19+00:00
structures/mmcif/7E9I.cif.gz	https://files.rcsb.org/download/7E9I.cif.gz	inputs/structures/mmcif/7E9I.cif.gz	2026-10-09T02:49:34+00:00	200	Sun, 21 Sep 2025 23:55:33 GMT	"""d26821df08200167a608438f043105fd-gz"""	48406	48406	7bf7248db03632b3785992fc8a632ad7b9708ea86789ceb80c654353168f54ae		RCSB mmCIF for 7E9I (source coordinates/metadata)	ok	reused V1 download (retrieved 2026-10-09T02:49:34+00:00); sha256 re-verified 2026-10-09T03:15:19+00:00
structures/mmcif/7REX.cif.gz	https://files.rcsb.org/download/7REX.cif.gz	inputs/structures/mmcif/7REX.cif.gz	2026-10-09T02:49:35+00:00	200	Mon, 22 Sep 2025 00:32:06 GMT	"""1e1be1e124cbaadeb5735fa2d272170f-gz"""	148122	148122	5c2fa2517f8f319520f0d174a3adfb33a341860f01ffba77b8407b2f89fdd3d5		RCSB mmCIF for 7REX (source coordinates/metadata)	ok	reused V1 download (retrieved 2026-10-09T02:49:35+00:00); sha256 re-verified 2026-10-09T03:15:19+00:00
rnacentral/URS00023119CB.json	https://rnacentral.org/api/v1/rna/URS00023119CB.json	inputs/rnacentral/URS00023119CB.json	2026-10-09T02:49:36+00:00	200			517	517	e181f2aac7df375431ded2b40b69ca662803386cd3226d1559f427fdcf019116		RNAcentral record for URS00023119CB (row origin)	ok	reused V1 download (retrieved 2026-10-09T02:49:36+00:00); sha256 re-verified 2026-10-09T03:15:19+00:00
structures/mmcif/8FB3.cif.gz	https://files.rcsb.org/download/8FB3.cif.gz	inputs/structures/mmcif/8FB3.cif.gz	2026-10-09T02:49:40+00:00	200	Sun, 21 Sep 2025 23:58:29 GMT	"""f9d99773e41a0e6bf0716ae0920e774c-gz"""	118664	118664	1ca6ce36c34bcca9727214503c89cd443c961d604a746e79bb60f490743f8700		RCSB mmCIF for 8FB3 (source coordinates/metadata)	ok	reused V1 download (retrieved 2026-10-09T02:49:40+00:00); sha256 re-verified 2026-10-09T03:15:19+00:00
structures/mmcif/7LYF.cif.gz	https://files.rcsb.org/download/7LYF.cif.gz	inputs/structures/mmcif/7LYF.cif.gz	2026-10-09T02:50:04+00:00	200	Mon, 22 Sep 2025 00:17:10 GMT	"""1e4d9f85cc564d4cb9450f2efb612b03-gz"""	91081	91081	68945e16d10fbd99fb77d60643225d9fee5c2c503b2921dff6fd7d457c608d74		RCSB mmCIF for 7LYF (source coordinates/metadata)	ok	reused V1 download (retrieved 2026-10-09T02:50:04+00:00); sha256 re-verified 2026-10-09T03:15:19+00:00
rnacentral/URS0002311981.json	https://rnacentral.org/api/v1/rna/URS0002311981.json	inputs/rnacentral/URS0002311981.json	2026-10-09T02:50:06+00:00	200			612	612	67bbca76daa8cb1bd1aad973aa9bdba8e6c1072fdb4223b358db0809e592abe5		RNAcentral record for URS0002311981 (row origin)	ok	reused V1 download (retrieved 2026-10-09T02:50:06+00:00); sha256 re-verified 2026-10-09T03:15:19+00:00
structures/mmcif/7LYG.cif.gz	https://files.rcsb.org/download/7LYG.cif.gz	inputs/structures/mmcif/7LYG.cif.gz	2026-10-09T02:50:08+00:00	200	Mon, 22 Sep 2025 00:17:10 GMT	"""4ff75f5b547f88cba114eb18f8e11281-gz"""	169880	169880	faeacff97f8c12492509e928898e811d976f2da89a148ebcce297c3da01d04d9		RCSB mmCIF for 7LYG (source coordinates/metadata)	ok	reused V1 download (retrieved 2026-10-09T02:50:08+00:00); sha256 re-verified 2026-10-09T03:15:19+00:00
rnacentral/URS0002311A29.json	https://rnacentral.org/api/v1/rna/URS0002311A29.json	inputs/rnacentral/URS0002311A29.json	2026-10-09T02:50:10+00:00	200			615	615	849dceec3d175d58221471d4f3097c2a3cf332c547e6e6b80fef38b92498a304		RNAcentral record for URS0002311A29 (row origin)	ok	reused V1 download (retrieved 2026-10-09T02:50:10+00:00); sha256 re-verified 2026-10-09T03:15:19+00:00
structures/mmcif/7UMC.cif.gz	https://files.rcsb.org/download/7UMC.cif.gz	inputs/structures/mmcif/7UMC.cif.gz	2026-10-09T02:50:14+00:00	200	Mon, 22 Sep 2025 00:39:44 GMT	"""2b66830b328f28a6dea8b3f8d4905ddc-gz"""	440058	440058	53ae285fe4e33bc4ef336fa2e52efeb0dbd50d171da9a67d9505805d42c6fb6d		RCSB mmCIF for 7UMC (source coordinates/metadata)	ok	reused V1 download (retrieved 2026-10-09T02:50:14+00:00); sha256 re-verified 2026-10-09T03:15:19+00:00
rnacentral/URS00023359CE.json	https://rnacentral.org/api/v1/rna/URS00023359CE.json	inputs/rnacentral/URS00023359CE.json	2026-10-09T02:50:15+00:00	200			544	544	b499f1943644e6bf0a724752cfe48b568299b0d664ac163a60355c459562a450		RNAcentral record for URS00023359CE (row origin)	ok	reused V1 download (retrieved 2026-10-09T02:50:15+00:00); sha256 re-verified 2026-10-09T03:15:19+00:00
structures/mmcif/8GZP.cif.gz	https://files.rcsb.org/download/8GZP.cif.gz	inputs/structures/mmcif/8GZP.cif.gz	2026-10-09T02:50:19+00:00	200	Mon, 22 Sep 2025 00:03:23 GMT	"""83a28c4041c9001f72a72793a184594b-gz"""	207890	207890	b3f40bf87b0c10405c9c9efccbcc047101ac60d733b304f1a6ee857ac47ef24f		RCSB mmCIF for 8GZP (source coordinates/metadata)	ok	reused V1 download (retrieved 2026-10-09T02:50:19+00:00); sha256 re-verified 2026-10-09T03:15:19+00:00
rnacentral/URS0002681453.json	https://rnacentral.org/api/v1/rna/URS0002681453.json	inputs/rnacentral/URS0002681453.json	2026-10-09T02:50:21+00:00	200			649	649	1bd5a0bcf45dc058a05d8c94a1a5a6559bd6308ad2f243a6d53f1ab631bde68a		RNAcentral record for URS0002681453 (row origin)	ok	reused V1 download (retrieved 2026-10-09T02:50:21+00:00); sha256 re-verified 2026-10-09T03:15:19+00:00
structures/mmcif/8GZQ.cif.gz	https://files.rcsb.org/download/8GZQ.cif.gz	inputs/structures/mmcif/8GZQ.cif.gz	2026-10-09T02:50:25+00:00	200	Mon, 22 Sep 2025 00:03:23 GMT	"""18c042146f940bc0f45932c2afbf9fcc-gz"""	276393	276393	281e56e19b8405403bc52a734285b511535e5adcfd8b862c47a860f5d927e2b8		RCSB mmCIF for 8GZQ (source coordinates/metadata)	ok	reused V1 download (retrieved 2026-10-09T02:50:25+00:00); sha256 re-verified 2026-10-09T03:15:19+00:00
structures/mmcif/6TB7.cif.gz	https://files.rcsb.org/download/6TB7.cif.gz	inputs/structures/mmcif/6TB7.cif.gz	2026-10-09T02:50:26+00:00	200	Mon, 22 Sep 2025 00:36:33 GMT	"""56eb80a3be45fa0e3d952e896fa2d927-gz"""	76296	76296	899af0803f755540cf0891f212ac843b54ab984d4c75f78282a2bfd089442734		RCSB mmCIF for 6TB7 (source coordinates/metadata)	ok	reused V1 download (retrieved 2026-10-09T02:50:26+00:00); sha256 re-verified 2026-10-09T03:15:19+00:00
rnacentral/URS00021ED92A.json	https://rnacentral.org/api/v1/rna/URS00021ED92A.json	inputs/rnacentral/URS00021ED92A.json	2026-10-09T02:50:27+00:00	200			534	534	9efdfb021914dadddc175e62e394e61e045cc79a1696644ad8f924c1279daecb		RNAcentral record for URS00021ED92A (row origin)	ok	reused V1 download (retrieved 2026-10-09T02:50:27+00:00); sha256 re-verified 2026-10-09T03:15:19+00:00
structures/mmcif/6TF0.cif.gz	https://files.rcsb.org/download/6TF0.cif.gz	inputs/structures/mmcif/6TF0.cif.gz	2026-10-09T02:50:31+00:00	200	Sat, 25 Jul 2026 05:06:17 GMT	"""10fac4ee1094fcf7bef400d754c4a134-gz"""	89158	89158	51c9e5ea5731a1318729e2d1ab68c6568c156550465f8872da02718994fa843a		RCSB mmCIF for 6TF0 (source coordinates/metadata)	ok	reused V1 download (retrieved 2026-10-09T02:50:31+00:00); sha256 re-verified 2026-10-09T03:15:19+00:00
structures/mmcif/6TF1.cif.gz	https://files.rcsb.org/download/6TF1.cif.gz	inputs/structures/mmcif/6TF1.cif.gz	2026-10-09T02:50:32+00:00	200	Mon, 22 Sep 2025 00:36:48 GMT	"""6996e80121f81bbdea920b01c9caa52e-gz"""	75934	75934	30ff0ce6617ab7a7a2d17923d70aed4286de679ad3ab728a05ec3b9b39a3efdf		RCSB mmCIF for 6TF1 (source coordinates/metadata)	ok	reused V1 download (retrieved 2026-10-09T02:50:32+00:00); sha256 re-verified 2026-10-09T03:15:19+00:00
structures/mmcif/6TF2.cif.gz	https://files.rcsb.org/download/6TF2.cif.gz	inputs/structures/mmcif/6TF2.cif.gz	2026-10-09T02:50:33+00:00	200	Mon, 22 Sep 2025 00:36:48 GMT	"""99a24bd64a13101096faa203c590b745-gz"""	76945	76945	0d65bbd79094b14d2b7fe9044b5d128b6a98098a28a67fcfe9ac4361f36da027		RCSB mmCIF for 6TF2 (source coordinates/metadata)	ok	reused V1 download (retrieved 2026-10-09T02:50:33+00:00); sha256 re-verified 2026-10-09T03:15:19+00:00
structures/mmcif/6TF3.cif.gz	https://files.rcsb.org/download/6TF3.cif.gz	inputs/structures/mmcif/6TF3.cif.gz	2026-10-09T02:50:33+00:00	200	Mon, 22 Sep 2025 00:36:48 GMT	"""18b5da328b063b74971962ab8a0ea730-gz"""	74277	74277	a7a5e7b02350a68a641fda5442f523854456363ed7d923f18da365b9fcef99cb		RCSB mmCIF for 6TF3 (source coordinates/metadata)	ok	reused V1 download (retrieved 2026-10-09T02:50:33+00:00); sha256 re-verified 2026-10-09T03:15:19+00:00
structures/mmcif/6TFE.cif.gz	https://files.rcsb.org/download/6TFE.cif.gz	inputs/structures/mmcif/6TFE.cif.gz	2026-10-09T02:50:34+00:00	200	Mon, 22 Sep 2025 00:36:48 GMT	"""97e372051921fde8f11a666f1024c0b0-gz"""	91857	91857	f63a3d3f4a0b5178c7ed724342c55031ba5c05ee61ce45f79ce5284c933d6c43		RCSB mmCIF for 6TFE (source coordinates/metadata)	ok	reused V1 download (retrieved 2026-10-09T02:50:34+00:00); sha256 re-verified 2026-10-09T03:15:19+00:00
structures/mmcif/6TFF.cif.gz	https://files.rcsb.org/download/6TFF.cif.gz	inputs/structures/mmcif/6TFF.cif.gz	2026-10-09T02:50:34+00:00	200	Mon, 22 Sep 2025 00:36:49 GMT	"""cb1b3ab7ab03608a941e1783bbe6cb76-gz"""	75452	75452	4730ad138dff30cdd56bcfa1efa63fba020282e189850ce0cdc8d09b404acb2d		RCSB mmCIF for 6TFF (source coordinates/metadata)	ok	reused V1 download (retrieved 2026-10-09T02:50:34+00:00); sha256 re-verified 2026-10-09T03:15:19+00:00
structures/mmcif/6TFG.cif.gz	https://files.rcsb.org/download/6TFG.cif.gz	inputs/structures/mmcif/6TFG.cif.gz	2026-10-09T02:50:35+00:00	200	Mon, 22 Sep 2025 00:36:49 GMT	"""969ab9f7524b5717fa06ecba90796d1c-gz"""	76251	76251	49a3719a5e54ba599d51c2507b9e8a46cbd5bcf187263c8d06041df70d4d7a1d		RCSB mmCIF for 6TFG (source coordinates/metadata)	ok	reused V1 download (retrieved 2026-10-09T02:50:35+00:00); sha256 re-verified 2026-10-09T03:15:19+00:00
structures/mmcif/6TFH.cif.gz	https://files.rcsb.org/download/6TFH.cif.gz	inputs/structures/mmcif/6TFH.cif.gz	2026-10-09T02:50:36+00:00	200	Sat, 25 Jul 2026 05:06:18 GMT	"""b567ea659cf99c0f023c99d87c08a21b-gz"""	80275	80275	39e0c1cf0b14f1eed3c791cd646b6344f8e8a1b8521ca57683176ff3a33aeb5c		RCSB mmCIF for 6TFH (source coordinates/metadata)	ok	reused V1 download (retrieved 2026-10-09T02:50:36+00:00); sha256 re-verified 2026-10-09T03:15:19+00:00
structures/mmcif/7D7V.cif.gz	https://files.rcsb.org/download/7D7V.cif.gz	inputs/structures/mmcif/7D7V.cif.gz	2026-10-09T02:50:36+00:00	200	Sun, 21 Sep 2025 23:52:41 GMT	"""1011615ec27a2c7500d4bd1962a3d1f6-gz"""	73594	73594	f651d97d68672183c463f1068e8fb817069b328862df75ac4395b1d41bad079f		RCSB mmCIF for 7D7V (source coordinates/metadata)	ok	reused V1 download (retrieved 2026-10-09T02:50:36+00:00); sha256 re-verified 2026-10-09T03:15:19+00:00
rnacentral/URS00021ED9BF.json	https://rnacentral.org/api/v1/rna/URS00021ED9BF.json	inputs/rnacentral/URS00021ED9BF.json	2026-10-09T02:50:37+00:00	200			539	539	9f614480893efa6f63088f8147a8c910df9af45b3c359d6e9744f5f81b84d426		RNAcentral record for URS00021ED9BF (row origin)	ok	reused V1 download (retrieved 2026-10-09T02:50:37+00:00); sha256 re-verified 2026-10-09T03:15:19+00:00
structures/mmcif/7D7W.cif.gz	https://files.rcsb.org/download/7D7W.cif.gz	inputs/structures/mmcif/7D7W.cif.gz	2026-10-09T02:50:41+00:00	200	Sun, 21 Sep 2025 23:52:41 GMT	"""7adfcb6aa02fd1c99cc5d5002a1b359d-gz"""	47919	47919	680a4eb397306a74fae0c0bc217f4eda86cd08716fb22ffe575bfd7162275df2		RCSB mmCIF for 7D7W (source coordinates/metadata)	ok	reused V1 download (retrieved 2026-10-09T02:50:41+00:00); sha256 re-verified 2026-10-09T03:15:19+00:00
rnacentral/URS00021ED902.json	https://rnacentral.org/api/v1/rna/URS00021ED902.json	inputs/rnacentral/URS00021ED902.json	2026-10-09T02:50:42+00:00	200			532	532	600fe19901802bd132f2a1c425e50fe5bde67843f41d8cf263024aaed524f888		RNAcentral record for URS00021ED902 (row origin)	ok	reused V1 download (retrieved 2026-10-09T02:50:42+00:00); sha256 re-verified 2026-10-09T03:15:19+00:00
structures/mmcif/7D7X.cif.gz	https://files.rcsb.org/download/7D7X.cif.gz	inputs/structures/mmcif/7D7X.cif.gz	2026-10-09T02:50:47+00:00	200	Sun, 21 Sep 2025 23:52:41 GMT	"""e8ccdf93c412ece8a9f55a92ed034ff2-gz"""	46065	46065	ffd7c7a70f4786bd66650cba36c87e5a1c6eb8bba18c424e771f32618e027769		RCSB mmCIF for 7D7X (source coordinates/metadata)	ok	reused V1 download (retrieved 2026-10-09T02:50:47+00:00); sha256 re-verified 2026-10-09T03:15:19+00:00
structures/mmcif/7D7Y.cif.gz	https://files.rcsb.org/download/7D7Y.cif.gz	inputs/structures/mmcif/7D7Y.cif.gz	2026-10-09T02:50:48+00:00	200	Sun, 21 Sep 2025 23:52:41 GMT	"""7e8e434e008e4cd2b0f97926eb077105-gz"""	46438	46438	37c43ef5cf421a380d5886b8bac669dc12334e40ea18ab803620f3f3455a9c39		RCSB mmCIF for 7D7Y (source coordinates/metadata)	ok	reused V1 download (retrieved 2026-10-09T02:50:48+00:00); sha256 re-verified 2026-10-09T03:15:19+00:00
structures/mmcif/7D7Z.cif.gz	https://files.rcsb.org/download/7D7Z.cif.gz	inputs/structures/mmcif/7D7Z.cif.gz	2026-10-09T02:50:48+00:00	200	Sun, 21 Sep 2025 23:52:41 GMT	"""ebe9059e859a2f804bd1ac43815e9ab2-gz"""	51991	51991	521073e4ed2b4e653ebef93add5a6da6fac73310407239f5f9b895e7c9603be6		RCSB mmCIF for 7D7Z (source coordinates/metadata)	ok	reused V1 download (retrieved 2026-10-09T02:50:48+00:00); sha256 re-verified 2026-10-09T03:15:19+00:00
structures/mmcif/7D81.cif.gz	https://files.rcsb.org/download/7D81.cif.gz	inputs/structures/mmcif/7D81.cif.gz	2026-10-09T02:50:49+00:00	200	Sun, 21 Sep 2025 23:52:46 GMT	"""634c42a7cbe633d163baff57eb0e817c-gz"""	43434	43434	6a69adb936483dab9a245bfee323a06f3e78f693abc53f6f273f5cbe0c7d739e		RCSB mmCIF for 7D81 (source coordinates/metadata)	ok	reused V1 download (retrieved 2026-10-09T02:50:49+00:00); sha256 re-verified 2026-10-09T03:15:20+00:00
rnacentral/URS00021ED956.json	https://rnacentral.org/api/v1/rna/URS00021ED956.json	inputs/rnacentral/URS00021ED956.json	2026-10-09T02:50:50+00:00	200			533	533	b3c9cad952e76bd50754824c0c06ef1eac62e8a3bd3320e4c96a49fea8dcf47c		RNAcentral record for URS00021ED956 (row origin)	ok	reused V1 download (retrieved 2026-10-09T02:50:50+00:00); sha256 re-verified 2026-10-09T03:15:20+00:00
structures/mmcif/7D82.cif.gz	https://files.rcsb.org/download/7D82.cif.gz	inputs/structures/mmcif/7D82.cif.gz	2026-10-09T02:50:55+00:00	200	Sun, 21 Sep 2025 23:52:46 GMT	"""70986935085d705a0cddc795ed711cae-gz"""	45516	45516	808b7898eee3b7d91bfe0b6d366a74421cdf80168f2d64c140a2db4128a02f76		RCSB mmCIF for 7D82 (source coordinates/metadata)	ok	reused V1 download (retrieved 2026-10-09T02:50:55+00:00); sha256 re-verified 2026-10-09T03:15:20+00:00
literature/2GIS_epmc.json	https://www.ebi.ac.uk/europepmc/webservices/rest/search?format=json&resultType=core&query=EXT_ID%3A16810258%20AND%20SRC%3AMED	inputs/literature/2GIS_epmc.json	2026-10-09T02:55:26+00:00	200				6531	aa1affda4c4d70d16a57f0873079cd0c1ec17753acf368f43451e8ab168e489d		Europe PMC metadata for EXT_ID:16810258 AND SRC:MED	ok	reused V1 download (retrieved 2026-10-09T02:55:26+00:00); sha256 re-verified 2026-10-09T03:16:39+00:00
literature/7EAF_epmc.json	https://www.ebi.ac.uk/europepmc/webservices/rest/search?format=json&resultType=core&query=EXT_ID%3A33978763%20AND%20SRC%3AMED	inputs/literature/7EAF_epmc.json	2026-10-09T02:55:27+00:00	200				8583	5ef4892bb46cca5e845b47b9d0f99b48f037070527754d4d9b1eaef1b9085e17		Europe PMC metadata for EXT_ID:33978763 AND SRC:MED	ok	reused V1 download (retrieved 2026-10-09T02:55:27+00:00); sha256 re-verified 2026-10-09T03:16:39+00:00
literature/7EAF_PMC8191799.xml	https://www.ebi.ac.uk/europepmc/webservices/rest/PMC8191799/fullTextXML	inputs/literature/7EAF_PMC8191799.xml	2026-10-09T02:55:34+00:00	200				97295	2f78681a1887f67d71d2921f5ddd42d5c98923d8b693d59d4d71d182e9451a7a		Europe PMC full text PMC8191799 (7EAF)	ok	reused V1 download (retrieved 2026-10-09T02:55:34+00:00); sha256 re-verified 2026-10-09T03:16:39+00:00
literature/2YGH_epmc.json	https://www.ebi.ac.uk/europepmc/webservices/rest/search?format=json&resultType=core&query=EXT_ID%3A21893284%20AND%20SRC%3AMED	inputs/literature/2YGH_epmc.json	2026-10-09T02:55:35+00:00	200				5379	27c973e68d43e637d192a8621a2ba1357a98c10a748d75ec9a38d7bc47cfe3b7		Europe PMC metadata for EXT_ID:21893284 AND SRC:MED	ok	reused V1 download (retrieved 2026-10-09T02:55:35+00:00); sha256 re-verified 2026-10-09T03:16:39+00:00
literature/2YGH_PMC3651934.xml	https://www.ebi.ac.uk/europepmc/webservices/rest/PMC3651934/fullTextXML	inputs/literature/2YGH_PMC3651934.xml	2026-10-09T02:55:41+00:00	200				87400	e1f1e615b9c42cbe7277f5ee451216e9d93658da056bb16b4ceeab5b134663b4		Europe PMC full text PMC3651934 (2YGH)	ok	reused V1 download (retrieved 2026-10-09T02:55:41+00:00); sha256 re-verified 2026-10-09T03:16:39+00:00
literature/4KQY_epmc.json	https://www.ebi.ac.uk/europepmc/webservices/rest/search?format=json&resultType=core&query=EXT_ID%3A20951706%20AND%20SRC%3AMED	inputs/literature/4KQY_epmc.json	2026-10-09T02:55:41+00:00	200				7781	f416bdd3ab763265ef38d7030a2e93776bf8d445370270f50fcd959d2b0c31df		Europe PMC metadata for EXT_ID:20951706 AND SRC:MED	ok	reused V1 download (retrieved 2026-10-09T02:55:41+00:00); sha256 re-verified 2026-10-09T03:16:39+00:00
literature/3D2G_epmc.json	https://www.ebi.ac.uk/europepmc/webservices/rest/search?format=json&resultType=core&query=EXT_ID%3A18533652%20AND%20SRC%3AMED	inputs/literature/3D2G_epmc.json	2026-10-09T02:55:58+00:00	200				4929	39e31f8d13faddc171da819b62291c83fdbbe13aa8cfbaf9372f26c4d2df265c		Europe PMC metadata for EXT_ID:18533652 AND SRC:MED	ok	reused V1 download (retrieved 2026-10-09T02:55:58+00:00); sha256 re-verified 2026-10-09T03:16:39+00:00
literature/2CKY_epmc.json	https://www.ebi.ac.uk/europepmc/webservices/rest/search?format=json&resultType=core&query=EXT_ID%3A16675665%20AND%20SRC%3AMED	inputs/literature/2CKY_epmc.json	2026-10-09T02:55:59+00:00	200				5574	76cdc8a90e5479743caaea6e987445cab5fa2d21b9c71f8ac05fea80ebcf3c23		Europe PMC metadata for EXT_ID:16675665 AND SRC:MED	ok	reused V1 download (retrieved 2026-10-09T02:55:59+00:00); sha256 re-verified 2026-10-09T03:16:39+00:00
literature/2GDI_epmc.json	https://www.ebi.ac.uk/europepmc/webservices/rest/search?format=json&resultType=core&query=EXT_ID%3A16728979%20AND%20SRC%3AMED	inputs/literature/2GDI_epmc.json	2026-10-09T02:56:00+00:00	200				8363	eeebb8660dfad9db43e0578677db769491fea2a215692893e46c77a8e4d5fb52		Europe PMC metadata for EXT_ID:16728979 AND SRC:MED	ok	reused V1 download (retrieved 2026-10-09T02:56:00+00:00); sha256 re-verified 2026-10-09T03:16:39+00:00
literature/2HOJ_epmc.json	https://www.ebi.ac.uk/europepmc/webservices/rest/search?format=json&resultType=core&query=EXT_ID%3A16962976%20AND%20SRC%3AMED	inputs/literature/2HOJ_epmc.json	2026-10-09T02:56:17+00:00	200				5172	579326a941354d491acaf29d691abc77e54eedea7490ce58bba5cbc016f881c7		Europe PMC metadata for EXT_ID:16962976 AND SRC:MED	ok	reused V1 download (retrieved 2026-10-09T02:56:17+00:00); sha256 re-verified 2026-10-09T03:16:39+00:00
literature/3SD3_epmc.json	https://www.ebi.ac.uk/europepmc/webservices/rest/search?format=json&resultType=core&query=EXT_ID%3A21906956%20AND%20SRC%3AMED	inputs/literature/3SD3_epmc.json	2026-10-09T02:56:18+00:00	200				8892	2911ffe6f7293e0a55e073b10145f3e00e881635c5ec9f17fb759c6278e88c14		Europe PMC metadata for EXT_ID:21906956 AND SRC:MED	ok	reused V1 download (retrieved 2026-10-09T02:56:18+00:00); sha256 re-verified 2026-10-09T03:16:39+00:00
literature/4LVV_epmc.json	https://www.ebi.ac.uk/europepmc/webservices/rest/search?format=json&resultType=core&query=EXT_ID%3A24388757%20AND%20SRC%3AMED	inputs/literature/4LVV_epmc.json	2026-10-09T02:56:33+00:00	200				7337	3c4d8beb2e243e1854fedb19232cee4f788ede1fa12638e9410669b1231b6ed5		Europe PMC metadata for EXT_ID:24388757 AND SRC:MED	ok	reused V1 download (retrieved 2026-10-09T02:56:33+00:00); sha256 re-verified 2026-10-09T03:16:39+00:00
literature/3SUH_epmc.json	https://www.ebi.ac.uk/europepmc/webservices/rest/search?format=json&resultType=core&query=EXT_ID%3A21873197%20AND%20SRC%3AMED	inputs/literature/3SUH_epmc.json	2026-10-09T02:56:56+00:00	200				6680	828e0c5b8b9c05bf74776d76a359431a99e917181881e4312b1d32405706eff5		Europe PMC metadata for EXT_ID:21873197 AND SRC:MED	ok	reused V1 download (retrieved 2026-10-09T02:56:56+00:00); sha256 re-verified 2026-10-09T03:16:39+00:00
literature/7KD1_epmc.json	https://www.ebi.ac.uk/europepmc/webservices/rest/search?format=json&resultType=core&query=EXT_ID%3A33571639%20AND%20SRC%3AMED	inputs/literature/7KD1_epmc.json	2026-10-09T02:57:12+00:00	200				7233	71c87f08545aa0e48d54596e64e402f73b738846f602e8e891a05cb424beecdf		Europe PMC metadata for EXT_ID:33571639 AND SRC:MED	ok	reused V1 download (retrieved 2026-10-09T02:57:12+00:00); sha256 re-verified 2026-10-09T03:16:39+00:00
literature/3Q50_epmc.json	https://www.ebi.ac.uk/europepmc/webservices/rest/search?format=json&resultType=core&query=EXT_ID%3A21592962%20AND%20SRC%3AMED	inputs/literature/3Q50_epmc.json	2026-10-09T02:57:32+00:00	200				7932	d2ac2563cd3650374137ca4a1384b01fa6c9c648ce7b34470f24d9c3b84d59aa		Europe PMC metadata for EXT_ID:21592962 AND SRC:MED	ok	reused V1 download (retrieved 2026-10-09T02:57:32+00:00); sha256 re-verified 2026-10-09T03:16:39+00:00
literature/6VUI_epmc.json	https://www.ebi.ac.uk/europepmc/webservices/rest/search?format=json&resultType=core&query=EXT_ID%3A32597951%20AND%20SRC%3AMED	inputs/literature/6VUI_epmc.json	2026-10-09T02:57:48+00:00	200				10160	578c50e1ab1cb41e719049cbd79348cc595c656ec8bc6079333b05caba007497		Europe PMC metadata for EXT_ID:32597951 AND SRC:MED	ok	reused V1 download (retrieved 2026-10-09T02:57:48+00:00); sha256 re-verified 2026-10-09T03:16:39+00:00
literature/6VUI_PMC7641330.xml	https://www.ebi.ac.uk/europepmc/webservices/rest/PMC7641330/fullTextXML	inputs/literature/6VUI_PMC7641330.xml	2026-10-09T02:57:50+00:00	200				231308	f154a210a0373e7dcb5555b5c5e5508bb898d2192f9fe66b4a68f1eb6e279f73		Europe PMC full text PMC7641330 (6VUI)	ok	reused V1 download (retrieved 2026-10-09T02:57:50+00:00); sha256 re-verified 2026-10-09T03:16:39+00:00
literature/3GCA_epmc.json	https://www.ebi.ac.uk/europepmc/webservices/rest/search?format=json&resultType=core&query=EXT_ID%3A19261617%20AND%20SRC%3AMED	inputs/literature/3GCA_epmc.json	2026-10-09T02:57:51+00:00	200				7502	67d35d011ccc9b3571abd16aa00d43244df59da375d923dd4cd2e4b208c4193e		Europe PMC metadata for EXT_ID:19261617 AND SRC:MED	ok	reused V1 download (retrieved 2026-10-09T02:57:51+00:00); sha256 re-verified 2026-10-09T03:16:39+00:00
literature/3FU2_epmc.json	https://www.ebi.ac.uk/europepmc/webservices/rest/search?format=json&resultType=core&query=EXT_ID%3A19234468%20AND%20SRC%3AMED	inputs/literature/3FU2_epmc.json	2026-10-09T02:58:11+00:00	200				5686	4e9ffffaad7ea7919209562164c217507d1597c82211bcc4b8765650c5a03223		Europe PMC metadata for EXT_ID:19234468 AND SRC:MED	ok	reused V1 download (retrieved 2026-10-09T02:58:11+00:00); sha256 re-verified 2026-10-09T03:16:39+00:00
literature/3K1V_epmc.json	https://www.ebi.ac.uk/europepmc/webservices/rest/search?format=json&resultType=core&query=EXT_ID%3A19234468%20AND%20SRC%3AMED	inputs/literature/3K1V_epmc.json	2026-10-09T02:58:11+00:00	200				5686	4e9ffffaad7ea7919209562164c217507d1597c82211bcc4b8765650c5a03223		Europe PMC metadata for EXT_ID:19234468 AND SRC:MED	ok	reused V1 download (retrieved 2026-10-09T02:58:11+00:00); sha256 re-verified 2026-10-09T03:16:39+00:00
literature/2L1V_epmc.json	https://www.ebi.ac.uk/europepmc/webservices/rest/search?format=json&resultType=core&query=EXT_ID%3A19285444%20AND%20SRC%3AMED	inputs/literature/2L1V_epmc.json	2026-10-09T02:58:45+00:00	200				6415	28095e1b7ec03de806689af539210a7e91383e6a68ced48616bcfb62d24b93ca		Europe PMC metadata for EXT_ID:19285444 AND SRC:MED	ok	reused V1 download (retrieved 2026-10-09T02:58:45+00:00); sha256 re-verified 2026-10-09T03:16:39+00:00
literature/7REX_epmc.json	https://www.ebi.ac.uk/europepmc/webservices/rest/search?format=json&resultType=core&query=DOI%3A%2210.1038/s41467-021-27790-8%22	inputs/literature/7REX_epmc.json	2026-10-09T02:58:45+00:00	200				11540	d323c896e32f086d01d6cfa317ed2b472f415e9b8530b869e5a08dc83712ef58		"Europe PMC metadata for DOI:""10.1038/s41467-021-27790-8"""	ok	reused V1 download (retrieved 2026-10-09T02:58:45+00:00); sha256 re-verified 2026-10-09T03:16:39+00:00
literature/7REX_PMC8752633.xml	https://www.ebi.ac.uk/europepmc/webservices/rest/PMC8752633/fullTextXML	inputs/literature/7REX_PMC8752633.xml	2026-10-09T02:58:47+00:00	200				170594	8cef45b00b9c185762f14e2e9cd55daba3725e22224bccceb65e4b09af28f653		Europe PMC full text PMC8752633 (7REX)	ok	reused V1 download (retrieved 2026-10-09T02:58:47+00:00); sha256 re-verified 2026-10-09T03:16:39+00:00
literature/4GXY_epmc.json	https://www.ebi.ac.uk/europepmc/webservices/rest/search?format=json&resultType=core&query=EXT_ID%3A23064646%20AND%20SRC%3AMED	inputs/literature/4GXY_epmc.json	2026-10-09T02:58:48+00:00	200				4892	b3910b1d9cb2e7985eef2a138674d240c063c29500a7ee489a38b5aa04615e67		Europe PMC metadata for EXT_ID:23064646 AND SRC:MED	ok	reused V1 download (retrieved 2026-10-09T02:58:48+00:00); sha256 re-verified 2026-10-09T03:16:39+00:00
literature/8SA2_epmc.json	https://www.ebi.ac.uk/europepmc/webservices/rest/search?format=json&resultType=core&query=EXT_ID%3A37534568%20AND%20SRC%3AMED	inputs/literature/8SA2_epmc.json	2026-10-09T02:58:48+00:00	200				7565	004914b198f17092be6fdac2714a69b4ba0a914d0c6a0dd6c3ed3fd1c9ff5645		Europe PMC metadata for EXT_ID:37534568 AND SRC:MED	ok	reused V1 download (retrieved 2026-10-09T02:58:48+00:00); sha256 re-verified 2026-10-09T03:16:39+00:00
literature/6VMY_epmc.json	https://www.ebi.ac.uk/europepmc/webservices/rest/search?format=json&resultType=core&query=EXT_ID%3A32544228%20AND%20SRC%3AMED	inputs/literature/6VMY_epmc.json	2026-10-09T02:59:11+00:00	200				6912	179264e0e3b4322be120c5c6c08870465dd05380feeaf5db027eafb265d17eb0		Europe PMC metadata for EXT_ID:32544228 AND SRC:MED	ok	reused V1 download (retrieved 2026-10-09T02:59:11+00:00); sha256 re-verified 2026-10-09T03:16:39+00:00
literature/6VMY_PMC7367189.xml	https://www.ebi.ac.uk/europepmc/webservices/rest/PMC7367189/fullTextXML	inputs/literature/6VMY_PMC7367189.xml	2026-10-09T02:59:18+00:00	200				145166	a0cb9072a445e59488b192d09a6c3c56a6bbf4f67c2535636b689a2c040bee9e		Europe PMC full text PMC7367189 (6VMY)	ok	reused V1 download (retrieved 2026-10-09T02:59:18+00:00); sha256 re-verified 2026-10-09T03:16:39+00:00
literature/4GMA_epmc.json	https://www.ebi.ac.uk/europepmc/webservices/rest/search?format=json&resultType=core&query=EXT_ID%3A23064232%20AND%20SRC%3AMED	inputs/literature/4GMA_epmc.json	2026-10-09T02:59:19+00:00	200				8023	026c3ed6e85df04fc993baee0642f43c3a57ce936583df9a5a116d13ae2d5fd0		Europe PMC metadata for EXT_ID:23064232 AND SRC:MED	ok	reused V1 download (retrieved 2026-10-09T02:59:19+00:00); sha256 re-verified 2026-10-09T03:16:39+00:00
literature/5T83_epmc.json	https://www.ebi.ac.uk/europepmc/webservices/rest/search?format=json&resultType=core&query=EXT_ID%3A28017522%20AND%20SRC%3AMED	inputs/literature/5T83_epmc.json	2026-10-09T02:59:33+00:00	200				6831	7e3daf7b2130fb81dd59b763f46508cc48696a652b0527c8569e90ed51fbe461		Europe PMC metadata for EXT_ID:28017522 AND SRC:MED	ok	reused V1 download (retrieved 2026-10-09T02:59:33+00:00); sha256 re-verified 2026-10-09T03:16:39+00:00
literature/5U3G_epmc.json	https://www.ebi.ac.uk/europepmc/webservices/rest/search?format=json&resultType=core&query=EXT_ID%3A28096518%20AND%20SRC%3AMED	inputs/literature/5U3G_epmc.json	2026-10-09T02:59:58+00:00	200				7032	ea25112dd37d5ffe91eb7b904907d49587af430693c6d0342a8f2e6733ce3fa0		Europe PMC metadata for EXT_ID:28096518 AND SRC:MED	ok	reused V1 download (retrieved 2026-10-09T02:59:58+00:00); sha256 re-verified 2026-10-09T03:16:39+00:00
literature/5U3G_PMC5340920.xml	https://www.ebi.ac.uk/europepmc/webservices/rest/PMC5340920/fullTextXML	inputs/literature/5U3G_PMC5340920.xml	2026-10-09T02:59:59+00:00	200				77853	88fdee5a69e5082bc14d8b41cbcf22a2b08f12ec711db910a1a25f333dfb84e2		Europe PMC full text PMC5340920 (5U3G)	ok	reused V1 download (retrieved 2026-10-09T02:59:59+00:00); sha256 re-verified 2026-10-09T03:16:39+00:00
literature/7MLW_epmc.json	https://www.ebi.ac.uk/europepmc/webservices/rest/search?format=json&resultType=core&query=EXT_ID%3A34257148%20AND%20SRC%3AMED	inputs/literature/7MLW_epmc.json	2026-10-09T03:00:00+00:00	200				8928	7a9fbaac3f3ff0da28d3ce6b2490eff37c24c7306b269b3b5237985a4a1aafee		Europe PMC metadata for EXT_ID:34257148 AND SRC:MED	ok	reused V1 download (retrieved 2026-10-09T03:00:00+00:00); sha256 re-verified 2026-10-09T03:16:39+00:00
literature/7MLW_PMC8457001.xml	https://www.ebi.ac.uk/europepmc/webservices/rest/PMC8457001/fullTextXML	inputs/literature/7MLW_PMC8457001.xml	2026-10-09T03:00:01+00:00	200				90678	9ef448f85305f17b5f484abbf79df187aa8be647025bcfc80b8157616315ab8d		Europe PMC full text PMC8457001 (7MLW)	ok	reused V1 download (retrieved 2026-10-09T03:00:01+00:00); sha256 re-verified 2026-10-09T03:16:39+00:00
literature/4KQY_PMC3222078.html	https://pmc.ncbi.nlm.nih.gov/articles/PMC3222078/	inputs/literature/4KQY_PMC3222078.html	2026-10-09T03:01:19+00:00	200			225626	225626	1a15acf323f451ab1db6577dd9d95e347aa3fe0333b84975e10eef4a8607d40b		PMC article HTML PMC3222078 (4KQY); read for construct review only	ok	reused V1 download (retrieved 2026-10-09T03:01:19+00:00); sha256 re-verified 2026-10-09T03:16:39+00:00
literature/2GDI_PMC4689313.html	https://pmc.ncbi.nlm.nih.gov/articles/PMC4689313/	inputs/literature/2GDI_PMC4689313.html	2026-10-09T03:01:38+00:00	200			153093	153093	e4ab475a7a46f298992148ef943f670aeeca576c72509d447e32920caa56a04b		PMC article HTML PMC4689313 (2GDI); read for construct review only	ok	reused V1 download (retrieved 2026-10-09T03:01:38+00:00); sha256 re-verified 2026-10-09T03:16:39+00:00
literature/3SD3_PMC3196276.html	https://pmc.ncbi.nlm.nih.gov/articles/PMC3196276/	inputs/literature/3SD3_PMC3196276.html	2026-10-09T03:01:57+00:00	200			227434	227434	f77eed365ecfb78aa7138c8da6206e033028345b53b40d402cb5c8a8795cfa17		PMC article HTML PMC3196276 (3SD3); read for construct review only	ok	reused V1 download (retrieved 2026-10-09T03:01:57+00:00); sha256 re-verified 2026-10-09T03:16:39+00:00
literature/3SUH_PMC3169164.html	https://pmc.ncbi.nlm.nih.gov/articles/PMC3169164/	inputs/literature/3SUH_PMC3169164.html	2026-10-09T03:02:36+00:00	200			173670	173670	bb26ac135c10c34f58b70192c09411f2d29ad3c70e5b9b696ba9f21d1e42588a		PMC article HTML PMC3169164 (3SUH); read for construct review only	ok	reused V1 download (retrieved 2026-10-09T03:02:36+00:00); sha256 re-verified 2026-10-09T03:16:39+00:00
literature/3Q50_PMC3137038.html	https://pmc.ncbi.nlm.nih.gov/articles/PMC3137038/	inputs/literature/3Q50_PMC3137038.html	2026-10-09T03:03:09+00:00	200			253452	253452	e0359252f9027b6259a158d7beff92fb086281110180ec6076f5a9b6ed04d759		PMC article HTML PMC3137038 (3Q50); read for construct review only	ok	reused V1 download (retrieved 2026-10-09T03:03:09+00:00); sha256 re-verified 2026-10-09T03:16:39+00:00
literature/3GCA_PMC2670106.html	https://pmc.ncbi.nlm.nih.gov/articles/PMC2670106/	inputs/literature/3GCA_PMC2670106.html	2026-10-09T03:03:24+00:00	200			166639	166639	d504b2aa5be45521d63b570884cd9c38c4a0e7ff605230db9d315f8dad6097d2		PMC article HTML PMC2670106 (3GCA); read for construct review only	ok	reused V1 download (retrieved 2026-10-09T03:03:24+00:00); sha256 re-verified 2026-10-09T03:16:39+00:00
literature/3FU2_PMC2657927.html	https://pmc.ncbi.nlm.nih.gov/articles/PMC2657927/	inputs/literature/3FU2_PMC2657927.html	2026-10-09T03:03:43+00:00	200			119408	119408	aba80ddc30df763bc8269a80009863bd9881a6d1ec807f48fe6817b34c7377ec		PMC article HTML PMC2657927 (3FU2); read for construct review only	ok	reused V1 download (retrieved 2026-10-09T03:03:43+00:00); sha256 re-verified 2026-10-09T03:16:39+00:00
literature/8SA2_PMC10570017.html	https://pmc.ncbi.nlm.nih.gov/articles/PMC10570017/	inputs/literature/8SA2_PMC10570017.html	2026-10-09T03:04:25+00:00	200			196641	196641	2a1e2858ed40d9a820c677709255d5e022688c90f6ed5eccf4a7235001fd605c		PMC article HTML PMC10570017 (8SA2); read for construct review only	ok	reused V1 download (retrieved 2026-10-09T03:04:25+00:00); sha256 re-verified 2026-10-09T03:16:39+00:00
literature/4GMA_PMC3518761.html	https://pmc.ncbi.nlm.nih.gov/articles/PMC3518761/	inputs/literature/4GMA_PMC3518761.html	2026-10-09T03:04:48+00:00	200			170412	170412	777d65f3673129b4e0ebb10276c66e5792cfded557f0a16b8c4172629a7cf5a2		PMC article HTML PMC3518761 (4GMA); read for construct review only	ok	reused V1 download (retrieved 2026-10-09T03:04:48+00:00); sha256 re-verified 2026-10-09T03:16:39+00:00
literature/5T83_PMC5317007.html	https://pmc.ncbi.nlm.nih.gov/articles/PMC5317007/	inputs/literature/5T83_PMC5317007.html	2026-10-09T03:05:02+00:00	200			169406	169406	9e064b01f8f47600603ab403a12cf650411e43e47def23d2b933de1d4dea8ca2		PMC article HTML PMC5317007 (5T83); read for construct review only	ok	reused V1 download (retrieved 2026-10-09T03:05:02+00:00); sha256 re-verified 2026-10-09T03:16:39+00:00
blast/2GIS_A_blastn_nt.xml	https://blast.ncbi.nlm.nih.gov/Blast.cgi?CMD=Get&FORMAT_TYPE=XML&RID=CGPK1EWP016	inputs/blast/2GIS_A_blastn_nt.xml	2026-10-09T03:07:31+00:00	200				24795	75e1f8d8bf4720e9e69aa4e2b9f3110ef8bd416e9ef190e67e3ce988078a55c2		NCBI blastn vs nt for 2GIS_A deposited sequence (natural-source check); RID CGPK1EWP016; submitted 2026-10-09T03:07:29.994855+00:00	ok	reused V1 download (retrieved 2026-10-09T03:07:31+00:00); sha256 re-verified 2026-10-09T03:16:39+00:00
blast/4KQY_A_blastn_nt.xml	https://blast.ncbi.nlm.nih.gov/Blast.cgi?CMD=Get&FORMAT_TYPE=XML&RID=CGPKXDSB016	inputs/blast/4KQY_A_blastn_nt.xml	2026-10-09T03:07:58+00:00	200				46840	bb2329965aefb4596159b5766ad410d3b442fbbdc70675816b31da4fc2b7610e		NCBI blastn vs nt for 4KQY_A deposited sequence (natural-source check); RID CGPKXDSB016; submitted 2026-10-09T03:07:57.685949+00:00	ok	reused V1 download (retrieved 2026-10-09T03:07:58+00:00); sha256 re-verified 2026-10-09T03:16:39+00:00
blast/2GDI_X_blastn_nt.xml	https://blast.ncbi.nlm.nih.gov/Blast.cgi?CMD=Get&FORMAT_TYPE=XML&RID=CGPMTFKK014	inputs/blast/2GDI_X_blastn_nt.xml	2026-10-09T03:08:25+00:00	200				26925	5c31a4ab7db61182ef6ba1c1150686b561dd56077d804107fd3da4abcbf5d376		NCBI blastn vs nt for 2GDI_X deposited sequence (natural-source check); RID CGPMTFKK014; submitted 2026-10-09T03:08:24.963745+00:00	ok	reused V1 download (retrieved 2026-10-09T03:08:25+00:00); sha256 re-verified 2026-10-09T03:16:39+00:00
blast/2CKY_A_blastn_nt.xml	https://blast.ncbi.nlm.nih.gov/Blast.cgi?CMD=Get&FORMAT_TYPE=XML&RID=CGPNMT32014	inputs/blast/2CKY_A_blastn_nt.xml	2026-10-09T03:08:53+00:00	200				25068	1406fb7092ee298a68241e2800bdee6bcc1f5cfba8d05ada360c9d0220225ff7		NCBI blastn vs nt for 2CKY_A deposited sequence (natural-source check); RID CGPNMT32014; submitted 2026-10-09T03:08:52.333944+00:00	ok	reused V1 download (retrieved 2026-10-09T03:08:53+00:00); sha256 re-verified 2026-10-09T03:16:39+00:00
blast/6VUI_A_blastn_nt.xml	https://blast.ncbi.nlm.nih.gov/Blast.cgi?CMD=Get&FORMAT_TYPE=XML&RID=CGPPFMP3016	inputs/blast/6VUI_A_blastn_nt.xml	2026-10-09T03:09:20+00:00	200				17398	c5ac1cd93fcc27f03c9310041835cbc3be1f296e556588bd0eb009f9bd75c61f		NCBI blastn vs nt for 6VUI_A deposited sequence (natural-source check); RID CGPPFMP3016; submitted 2026-10-09T03:09:19.757724+00:00	ok	reused V1 download (retrieved 2026-10-09T03:09:20+00:00); sha256 re-verified 2026-10-09T03:16:39+00:00
blast/3FU2_A_blastn_nt.xml	https://blast.ncbi.nlm.nih.gov/Blast.cgi?CMD=Get&FORMAT_TYPE=XML&RID=CGPRBU96016	inputs/blast/3FU2_A_blastn_nt.xml	2026-10-09T03:09:48+00:00	200				22254	a78db3d94be3e593e03f0762999957076c04c24b9a899089a3097a5cbd46f299		NCBI blastn vs nt for 3FU2_A deposited sequence (natural-source check); RID CGPRBU96016; submitted 2026-10-09T03:09:47.889286+00:00	ok	reused V1 download (retrieved 2026-10-09T03:09:48+00:00); sha256 re-verified 2026-10-09T03:16:39+00:00
blast/7REX_A_blastn_nt.xml	https://blast.ncbi.nlm.nih.gov/Blast.cgi?CMD=Get&FORMAT_TYPE=XML&RID=CGPS7P0G014	inputs/blast/7REX_A_blastn_nt.xml	2026-10-09T03:10:15+00:00	200				22623	327aff39eaccb94735b33f71722240bc40bc86682ce7c8611c2b3f8d4f2f6793		NCBI blastn vs nt for 7REX_A deposited sequence (natural-source check); RID CGPS7P0G014; submitted 2026-10-09T03:10:15.010683+00:00	ok	reused V1 download (retrieved 2026-10-09T03:10:15+00:00); sha256 re-verified 2026-10-09T03:16:39+00:00
blast/4GMA_Z_blastn_nt.xml	https://blast.ncbi.nlm.nih.gov/Blast.cgi?CMD=Get&FORMAT_TYPE=XML&RID=CGPT2M65014	inputs/blast/4GMA_Z_blastn_nt.xml	2026-10-09T03:10:58+00:00	200				41142	24b1a64b105124cbcfac0d4490f2f55bc0e0819a65f1defb540cff9e57be408b		NCBI blastn vs nt for 4GMA_Z deposited sequence (natural-source check); RID CGPT2M65014; submitted 2026-10-09T03:10:57.582600+00:00	ok	reused V1 download (retrieved 2026-10-09T03:10:58+00:00); sha256 re-verified 2026-10-09T03:16:39+00:00
blast/6VMY_A_blastn_nt.xml	https://blast.ncbi.nlm.nih.gov/Blast.cgi?CMD=Get&FORMAT_TYPE=XML&RID=CGPUD110014	inputs/blast/6VMY_A_blastn_nt.xml	2026-10-09T03:11:27+00:00	200				29229	da90e39571cdd9c21286ccddbd77af5786ba40afa2c5a66cfed89d251cf8e592		NCBI blastn vs nt for 6VMY_A deposited sequence (natural-source check); RID CGPUD110014; submitted 2026-10-09T03:11:25.269332+00:00	ok	reused V1 download (retrieved 2026-10-09T03:11:27+00:00); sha256 re-verified 2026-10-09T03:16:39+00:00
blast/4GXY_A_blastn_nt.xml	https://blast.ncbi.nlm.nih.gov/Blast.cgi?CMD=Get&FORMAT_TYPE=XML&RID=CGPV9RSG014	inputs/blast/4GXY_A_blastn_nt.xml	2026-10-09T03:12:25+00:00	200				32402	89fc3c24963fde5e062679e07c9c53e6b054be267b4637f532e83f130035800a		NCBI blastn vs nt for 4GXY_A deposited sequence (natural-source check); RID CGPV9RSG014; submitted 2026-10-09T03:12:24.136425+00:00	ok	reused V1 download (retrieved 2026-10-09T03:12:25+00:00); sha256 re-verified 2026-10-09T03:16:39+00:00
blast/5U3G_B_blastn_nt.xml	https://blast.ncbi.nlm.nih.gov/Blast.cgi?CMD=Get&FORMAT_TYPE=XML&RID=CGPX33YS014	inputs/blast/5U3G_B_blastn_nt.xml	2026-10-09T03:12:53+00:00	200				25402	dd5cbdf0804bfb45bbcd3d2a8aebaa46f4e93318b69ba9797bae16575e2b8aef		NCBI blastn vs nt for 5U3G_B deposited sequence (natural-source check); RID CGPX33YS014; submitted 2026-10-09T03:12:52.235748+00:00	ok	reused V1 download (retrieved 2026-10-09T03:12:53+00:00); sha256 re-verified 2026-10-09T03:16:39+00:00
blast/7MLW_F_blastn_nt.xml	https://blast.ncbi.nlm.nih.gov/Blast.cgi?CMD=Get&FORMAT_TYPE=XML&RID=CGPXZE4Z016	inputs/blast/7MLW_F_blastn_nt.xml	2026-10-09T03:13:20+00:00	200				28159	170490f3e4b8ed519a7bb09c78cf1a2c79723a21009898650080139c46ff7ced		NCBI blastn vs nt for 7MLW_F deposited sequence (natural-source check); RID CGPXZE4Z016; submitted 2026-10-09T03:13:19.641287+00:00	ok	reused V1 download (retrieved 2026-10-09T03:13:20+00:00); sha256 re-verified 2026-10-09T03:16:39+00:00
blast/5T83_A_blastn_nt.xml	https://blast.ncbi.nlm.nih.gov/Blast.cgi?CMD=Get&FORMAT_TYPE=XML&RID=CGPYVUAE014	inputs/blast/5T83_A_blastn_nt.xml	2026-10-09T03:13:48+00:00	200				25750	4681df5a8506d9f017bc08df60eb5fb5d375e3cede648dd6f9cfb4e20a117f69		NCBI blastn vs nt for 5T83_A deposited sequence (natural-source check); RID CGPYVUAE014; submitted 2026-10-09T03:13:47.077576+00:00	ok	reused V1 download (retrieved 2026-10-09T03:13:48+00:00); sha256 re-verified 2026-10-09T03:16:39+00:00
blast/3SUH_X_blastn_nt.xml	https://blast.ncbi.nlm.nih.gov/Blast.cgi?CMD=Get&FORMAT_TYPE=XML&RID=CGPZPVF2014	inputs/blast/3SUH_X_blastn_nt.xml	2026-10-09T03:14:15+00:00	200				26148	6726e8b292322ee593650017541b60a3b0cbf0dbf23cc7ccf6f0444e43d16201		NCBI blastn vs nt for 3SUH_X deposited sequence (natural-source check); RID CGPZPVF2014; submitted 2026-10-09T03:14:14.680452+00:00	ok	reused V1 download (retrieved 2026-10-09T03:14:15+00:00); sha256 re-verified 2026-10-09T03:16:39+00:00
blast/4LVV_A_blastn_nt.xml	https://blast.ncbi.nlm.nih.gov/Blast.cgi?CMD=Get&FORMAT_TYPE=XML&RID=CGR0JED0016	inputs/blast/4LVV_A_blastn_nt.xml	2026-10-09T03:16:15+00:00	200				25661	0aebf092f50687451f3b507602fb7187beaa5d6f7ce0ebe0ba6880d7c17f5190		NCBI blastn vs nt for 4LVV_A deposited sequence (natural-source check); RID CGR0JED0016; submitted 2026-10-09T03:16:14.375263+00:00	ok	reused V1 download (retrieved 2026-10-09T03:16:15+00:00); sha256 re-verified 2026-10-09T03:16:39+00:00
literature/6TB7_epmc.json	https://www.ebi.ac.uk/europepmc/webservices/rest/search?format=json&resultType=core&query=EXT_ID%3A32295864%20AND%20SRC%3AMED	inputs/literature/6TB7_epmc.json	2026-10-09T03:17:50+00:00	200				7539	2374c3887ac9b72f630b3dc925c8db75b6f5c34067f75b26e08ff431e7a8f176		Europe PMC metadata for EXT_ID:32295864 AND SRC:MED	ok	
literature/6TB7_PMC7297122.xml	https://www.ebi.ac.uk/europepmc/webservices/rest/PMC7297122/fullTextXML	inputs/literature/6TB7_PMC7297122.xml	2026-10-09T03:17:51+00:00	200				85516	ad912f0bc6694697f74f8ed51736a1479446909d314f4613b199304c6795a633		Europe PMC full text PMC7297122 (6TB7)	ok	
literature/7D81_epmc.json	https://www.ebi.ac.uk/europepmc/webservices/rest/search?format=json&resultType=core&query=EXT_ID%3A33170270%20AND%20SRC%3AMED	inputs/literature/7D81_epmc.json	2026-10-09T03:17:52+00:00	200				11379	9f6dd14db99536e3193ba9a7a02a36aea5bc297047df342b9e7e4a8be2df2f78		Europe PMC metadata for EXT_ID:33170270 AND SRC:MED	ok	
literature/7D81_PMC7708056.xml	https://www.ebi.ac.uk/europepmc/webservices/rest/PMC7708056/fullTextXML	inputs/literature/7D81_PMC7708056.xml	2026-10-09T03:17:54+00:00	200				112931	3b5ee453a83dce3153b0cf09900fbded8cc973f3b0b7201301bfd7014b758028		Europe PMC full text PMC7708056 (7D81)	ok	
literature/7D7V_epmc.json	https://www.ebi.ac.uk/europepmc/webservices/rest/search?format=json&resultType=core&query=EXT_ID%3A33170270%20AND%20SRC%3AMED	inputs/literature/7D7V_epmc.json	2026-10-09T03:17:54+00:00	200				11379	9118fb8ea5375c2830356af9429886d13d3e33033b49f425eb94e6ef5b17aabd		Europe PMC metadata for EXT_ID:33170270 AND SRC:MED	ok	
literature/7D7V_PMC7708056.xml	https://www.ebi.ac.uk/europepmc/webservices/rest/PMC7708056/fullTextXML	inputs/literature/7D7V_PMC7708056.xml	2026-10-09T03:17:57+00:00	200				112931	3b5ee453a83dce3153b0cf09900fbded8cc973f3b0b7201301bfd7014b758028		Europe PMC full text PMC7708056 (7D7V)	ok	
literature/7LYF_epmc.json	https://www.ebi.ac.uk/europepmc/webservices/rest/search?format=json&resultType=core&query=EXT_ID%3A33953197%20AND%20SRC%3AMED	inputs/literature/7LYF_epmc.json	2026-10-09T03:17:58+00:00	200				8700	d98837f9899e4b6cab5733b3b4b37be4f1974f5c1752e313d25bb4ccc4f01ed7		Europe PMC metadata for EXT_ID:33953197 AND SRC:MED	ok	
literature/7LYF_PMC8100141.xml	https://www.ebi.ac.uk/europepmc/webservices/rest/PMC8100141/fullTextXML	inputs/literature/7LYF_PMC8100141.xml	2026-10-09T03:18:01+00:00	200				152737	78fca1044dcaa7abf6b3c9f9b529aa9bc82933f329d970c18f3c28bff9a1030e		Europe PMC full text PMC8100141 (7LYF)	ok	
literature/7LYG_epmc.json	https://www.ebi.ac.uk/europepmc/webservices/rest/search?format=json&resultType=core&query=EXT_ID%3A33953197%20AND%20SRC%3AMED	inputs/literature/7LYG_epmc.json	2026-10-09T03:18:02+00:00	200				8700	d98837f9899e4b6cab5733b3b4b37be4f1974f5c1752e313d25bb4ccc4f01ed7		Europe PMC metadata for EXT_ID:33953197 AND SRC:MED	ok	
literature/7LYG_PMC8100141.xml	https://www.ebi.ac.uk/europepmc/webservices/rest/PMC8100141/fullTextXML	inputs/literature/7LYG_PMC8100141.xml	2026-10-09T03:18:06+00:00	200				152737	78fca1044dcaa7abf6b3c9f9b529aa9bc82933f329d970c18f3c28bff9a1030e		Europe PMC full text PMC8100141 (7LYG)	ok	
literature/2IL9_epmc.json	https://www.ebi.ac.uk/europepmc/webservices/rest/search?format=json&resultType=core&query=EXT_ID%3A17124290%20AND%20SRC%3AMED	inputs/literature/2IL9_epmc.json	2026-10-09T03:18:07+00:00	200				6101	2146f0c7f87c8bfe7b226031ef7f4876c2c5781c0425b2c0a17054b95cc01af0		Europe PMC metadata for EXT_ID:17124290 AND SRC:MED	ok	
blast/2GIS_A_blastn_nt_txid119072.xml	https://blast.ncbi.nlm.nih.gov/Blast.cgi?CMD=Get&FORMAT_TYPE=XML&RID=CGR5P4EG016	inputs/blast/2GIS_A_blastn_nt_txid119072.xml	2026-10-09T03:18:13+00:00	200				25417	e8743ba6cdcc3e58951e564f9419113ee095930341f4fb5ae178d8e88ced4837		NCBI blastn vs nt for 2GIS_A deposited sequence (natural-source check); RID CGR5P4EG016; organism filter txid119072[Organism:exp]; submitted 2026-10-09T03:18:12.806387+00:00	ok	
literature/2IL9_PMC2669756.xml	https://www.ebi.ac.uk/europepmc/webservices/rest/PMC2669756/fullTextXML	inputs/literature/2IL9_PMC2669756.xml	2026-10-09T03:18:21+00:00								Europe PMC full text PMC2669756 (2IL9)	failed	HTTP Error 500: 
literature/2IL9_PMC2669756.html	https://pmc.ncbi.nlm.nih.gov/articles/PMC2669756/	inputs/literature/2IL9_PMC2669756.html	2026-10-09T03:18:21+00:00	200			140978	140978	05efc20edf05156aef68dd71157cdcfed8714d5f4ecfcace11995d924a377824		PMC article HTML PMC2669756 (2IL9); read for construct review only	ok	
software/STAR3D_v1.2.tar.gz	http://genome.ucf.edu/STAR3D/STAR3D_v1.2.tar.gz	inputs/software/STAR3D_v1.2.tar.gz	2026-10-09T02:54:57+00:00	200	Mon, 17 Oct 2016 18:17:03 GMT	"""560675-53f13952ac5b7"""	5637749	5637749	c9da44059d9cfc40828e798ebd4f6194c55415e17aaae7d90ac0f849ec2ed946	v1.2	ORIGINAL STAR3D v1.2 distribution (authors' site)	ok	reused V1 download (retrieved 2026-10-09T02:54:57+00:00); sha256 re-verified 2026-10-09T03:24:04+00:00
blast/4GMA_Z_blastn_nt_txid119072.xml	https://blast.ncbi.nlm.nih.gov/Blast.cgi?CMD=Get&FORMAT_TYPE=XML&RID=CGS4PYZY016	inputs/blast/4GMA_Z_blastn_nt_txid119072.xml	2026-10-09T03:33:58+00:00	200				9498	819e5f3833ee4e0b71bed6ff67d89fcd834a637e2dc986fe23fcac3b84d79911		NCBI blastn vs nt for 4GMA_Z deposited sequence (natural-source check); RID CGS4PYZY016; organism filter txid119072[Organism:exp]; submitted 2026-10-09T03:33:58.193843+00:00	ok	
blast/2CKY_A_blastn_nt_txid3702.xml	https://blast.ncbi.nlm.nih.gov/Blast.cgi?CMD=Get&FORMAT_TYPE=XML&RID=CGS5HXEF016	inputs/blast/2CKY_A_blastn_nt_txid3702.xml	2026-10-09T03:34:56+00:00	200				7734	5ee336c85fe61ddae920e56e70c96bc277b819e635573acfd232d1d31deb6550		NCBI blastn vs nt for 2CKY_A deposited sequence (natural-source check); RID CGS5HXEF016; organism filter txid3702[Organism:exp]; submitted 2026-10-09T03:34:56.102279+00:00	ok	
ncbi/NM_128517_2320-2440.fasta	https://eutils.ncbi.nlm.nih.gov/entrez/eutils/efetch.fcgi?db=nuccore&id=NM_128517&rettype=fasta&seq_start=2320&seq_stop=2440	inputs/ncbi/NM_128517_2320-2440.fasta	2026-10-09T03:35:09+00:00	200				190	9f374520cc8d20a60262b6bd240ff4ea30bfa085aa9ab466028cc8a401cddad2		A. thaliana THIC mRNA segment around TPP riboswitch (native sequence for 3D2G/2CKY construct comparison)	ok	
blast/5U3G_B_blastn_nt_txid204038.xml	https://blast.ncbi.nlm.nih.gov/Blast.cgi?CMD=Get&FORMAT_TYPE=XML&RID=CGS7BRSY016	inputs/blast/5U3G_B_blastn_nt_txid204038.xml	2026-10-09T03:35:24+00:00	200				10116	271a4657a4007b7eac6090354f97febf6d2d38669a24435aed4aa6b3b2d007f8		NCBI blastn vs nt for 5U3G_B deposited sequence (natural-source check); RID CGS7BRSY016; organism filter txid204038[Organism:exp]; submitted 2026-10-09T03:35:23.256609+00:00	ok	
blast/7MLW_F_blastn_nt_txid987057.xml	https://blast.ncbi.nlm.nih.gov/Blast.cgi?CMD=Get&FORMAT_TYPE=XML&RID=CGS8682Y014	inputs/blast/7MLW_F_blastn_nt_txid987057.xml	2026-10-09T03:35:51+00:00	200				3231	79907b849223d2541c4c62067155f6e1f698d7ceaba841c186357d8ceacde81d		NCBI blastn vs nt for 7MLW_F deposited sequence (natural-source check); RID CGS8682Y014; organism filter txid987057[Organism:exp]; submitted 2026-10-09T03:35:50.573469+00:00	ok	
ncbi/genomes/AE008691.1.fasta	https://eutils.ncbi.nlm.nih.gov/entrez/eutils/efetch.fcgi?db=nuccore&id=AE008691.1&rettype=fasta&retmode=text	inputs/ncbi/genomes/AE008691.1.fasta	2026-10-09T04:29:01+00:00	200				2727933	4ffb424a44bf2088699266b829ee62714b922c8c61545de2f61759f780d12637		reference genome AE008691.1 for exact-source sequence check	ok	
ncbi/genomes/AL009126.3.fasta	https://eutils.ncbi.nlm.nih.gov/entrez/eutils/efetch.fcgi?db=nuccore&id=AL009126.3&rettype=fasta&retmode=text	inputs/ncbi/genomes/AL009126.3.fasta	2026-10-09T04:29:05+00:00	200				4275916	0f70af8cac2b92b097ca1a0a052f41e564cebcc3b9e42aaa93ff6b76220a5f8c		reference genome AL009126.3 for exact-source sequence check	ok	
ncbi/genomes/CP010796.fasta	https://eutils.ncbi.nlm.nih.gov/entrez/eutils/efetch.fcgi?db=nuccore&id=CP010796&rettype=fasta&retmode=text	inputs/ncbi/genomes/CP010796.fasta	2026-10-09T04:29:06+00:00	200				2642808	6fe9e6966f1e6a0bbf6a6559c3c11308950cb917fa7ccf739ae62e81cee99618		reference genome CP010796 for exact-source sequence check	ok	
ncbi/genomes/AP006840.1.fasta	https://eutils.ncbi.nlm.nih.gov/entrez/eutils/efetch.fcgi?db=nuccore&id=AP006840.1&rettype=fasta&retmode=text	inputs/ncbi/genomes/AP006840.1.fasta	2026-10-09T04:31:30+00:00	200				3617153	ff75993251d2ccdb9ae48faf93ac443662e4a7540873d20acc0e42bfd45bf25c		reference genome AP006840.1 for exact-source sequence check	ok	
ncbi/genomes/U00096.3.fasta	https://eutils.ncbi.nlm.nih.gov/entrez/eutils/efetch.fcgi?db=nuccore&id=U00096.3&rettype=fasta&retmode=text	inputs/ncbi/genomes/U00096.3.fasta	2026-10-09T04:31:31+00:00	200				4708032	28a7167d8bab60570cd6e3ddacdde75d5c51db60e1009fb8c241f1da446b6152		reference genome U00096.3 for exact-source sequence check	ok	
ncbi/genomes/CP002038.1.fasta	https://eutils.ncbi.nlm.nih.gov/entrez/eutils/efetch.fcgi?db=nuccore&id=CP002038.1&rettype=fasta&retmode=text	inputs/ncbi/genomes/CP002038.1.fasta	2026-10-09T04:31:32+00:00	200				4993180	466f01765b2552a94f328a3ccda75f6f14e10addabd70fb40de09fe7f3002ae9		reference genome CP002038.1 for exact-source sequence check	ok	
