family	row	ungapped_identical	aligned_identical	gr_features_ordinary	gr_features_curated
RF00003	AJ243001.2/347-509	True	True	NA	NA
RF00003	AY198211.1/1-163	True	True	NA	NA
RF00003	AY198212.1/1-163	True	True	NA	NA
RF00003	AY198213.1/1-163	True	True	NA	NA
RF00003	AY198214.1/1-163	True	True	NA	NA
RF00003	AY222070.1/1-157	True	True	NA	NA
RF00003	DQ058356.1/1-168	True	True	NA	NA
RF00003	DQ058357.1/1-164	True	True	NA	NA
RF00003	DQ092354.1/1778-1949	True	True	NA	NA
RF00003	J00318.1/433-596	True	True	NA	NA
RF00003	J00645.1/51-213	True	True	NA	NA
RF00003	J00914.1/146-309	True	True	NA	NA
RF00003	J01156.1/9-172	True	True	NA	NA
RF00003	K00529.1/225-388	True	True	NA	NA
RF00003	K00787.1/2-165	True	True	NA	NA
RF00003	K00788.1/2-165	True	True	NA	NA
RF00003	K02430.1/690-853	True	True	NA	NA
RF00003	K03128.1/241-77	True	True	NA	NA
RF00003	L22246.1/2071-2235	True	True	NA	NA
RF00003	L22246.1/3195-3356	True	True	NA	NA
RF00003	L22246.1/4551-4714	True	True	NA	NA
RF00003	L22246.1/5535-5699	True	True	NA	NA
RF00003	L25914.1/1-159	True	True	NA	NA
RF00003	L25915.1/1-159	True	True	NA	NA
RF00003	L25916.1/1-159	True	True	NA	NA
RF00003	L25917.1/1-158	True	True	NA	NA
RF00003	L25919.1/1-159	True	True	NA	NA
RF00003	L25921.1/1-159	True	True	NA	NA
RF00003	M14385.1/106-268	True	True	NA	NA
RF00003	M14386.1/106-268	True	True	NA	NA
RF00003	M14387.1/399-562	True	True	NA	NA
RF00003	M14585.1/106-268	True	True	NA	NA
RF00003	M14586.1/106-268	True	True	NA	NA
RF00003	M14587.1/106-268	True	True	NA	NA
RF00003	M27880.1/1-161	True	True	NA	NA
RF00003	M28012.1/108-271	True	True	NA	NA
RF00003	M28013.1/108-271	True	True	NA	NA
RF00003	M29062.1/238-387	True	True	NA	NA
RF00003	M32270.1/371-535	True	True	NA	NA
RF00003	M32271.1/288-452	True	True	NA	NA
RF00003	M38483.1/1-164	True	True	NA	NA
RF00003	M59827.1/771-934	True	True	NA	NA
RF00003	M73768.1/361-517	True	True	NA	NA
RF00003	S72336.1/2-161	True	True	NA	NA
RF00003	URS000032B6B6_9606/1-164	True	True	6QX9_1_SS	6QX9_1_SS
RF00003	V00444.1/1-162	True	True	NA	NA
RF00003	V00590.1/1-162	True	True	NA	NA
RF00003	V00591.1/394-557	True	True	NA	NA
RF00003	V01266.1/1-168	True	True	NA	NA
RF00003	X00549.1/150-313	True	True	NA	NA
RF00003	X01091.1/442-605	True	True	NA	NA
RF00003	X01092.1/374-537	True	True	NA	NA
RF00003	X01093.1/329-492	True	True	NA	NA
RF00003	X01725.1/69-233	True	True	NA	NA
RF00003	X01749.1/448-609	True	True	NA	NA
RF00003	X02585.1/1513-1676	True	True	NA	NA
RF00003	X02585.1/923-1086	True	True	NA	NA
RF00003	X04257.1/1-164	True	True	NA	NA
RF00003	X04993.1/647-808	True	True	NA	NA
RF00003	X04994.1/620-781	True	True	NA	NA
RF00003	X06809.1/232-392	True	True	NA	NA
RF00003	X06810.1/261-421	True	True	NA	NA
RF00003	X06880.1/1-162	True	True	NA	NA
RF00003	X12936.1/575-738	True	True	NA	NA
RF00003	X13841.1/396-551	True	True	NA	NA
RF00003	X13842.1/1-150	True	True	NA	NA
RF00003	X14414.1/152-312	True	True	NA	NA
RF00003	X14415.1/175-335	True	True	NA	NA
RF00003	X14416.1/171-331	True	True	NA	NA
RF00003	X14417.1/177-340	True	True	NA	NA
RF00003	X14419.1/178-338	True	True	NA	NA
RF00003	X15926.1/1-161	True	True	NA	NA
RF00003	X15927.1/1-160	True	True	NA	NA
RF00003	X15928.1/1-160	True	True	NA	NA
RF00003	X51371.1/181-345	True	True	NA	NA
RF00003	X53541.1/1195-1359	True	True	NA	NA
RF00003	X53542.1/2592-2756	True	True	NA	NA
RF00003	X53543.1/383-547	True	True	NA	NA
RF00003	X53544.1/117-281	True	True	NA	NA
RF00003	X53544.1/1653-1817	True	True	NA	NA
RF00003	X56629.1/421-582	True	True	NA	NA
RF00003	X58845.1/1-161	True	True	NA	NA
RF00003	X63783.1/1394-1556	True	True	NA	NA
RF00003	X63783.1/2024-2186	True	True	NA	NA
RF00003	X63783.1/596-756	True	True	NA	NA
RF00003	X69328.1/1-158	True	True	NA	NA
RF00003	X69329.1/1-160	True	True	NA	NA
RF00003	X69333.1/1-157	True	True	NA	NA
RF00003	X69334.1/1-160	True	True	NA	NA
RF00003	X70869.1/1-161	True	True	NA	NA
RF00003	X75936.1/1034-1195	True	True	NA	NA
RF00003	Y00131.1/944-1108	True	True	NA	NA
RF00003	Z11881.1/1515-1675	True	True	NA	NA
RF00003	Z11881.1/2581-2742	True	True	NA	NA
RF00003	Z11881.1/315-475	True	True	NA	NA
RF00003	Z11882.1/353-512	True	True	NA	NA
RF00003	Z11883.1/1496-1656	True	True	NA	NA
RF00003	Z11883.1/2839-2998	True	True	NA	NA
RF00003	Z11883.1/3441-3603	True	True	NA	NA
RF00003	Z11883.1/361-521	True	True	NA	NA
RF00008	AF170499.1/56-3	True	True	NA	NA
RF00008	AF170503.1/280-333	True	True	NA	NA
RF00008	AF170503.1/55-3	True	True	NA	NA
RF00008	AF170504.1/284-337	True	True	NA	NA
RF00008	AF170509.1/56-3	True	True	NA	NA
RF00008	AF170516.1/283-335	True	True	NA	NA
RF00008	AF170519.1/55-3	True	True	NA	NA
RF00008	AF170520.1/282-335	True	True	NA	NA
RF00008	AF170523.1/55-3	True	True	NA	NA
RF00008	AF339739.1/56-3	True	True	NA	NA
RF00008	AF339740.1/56-3	True	True	NA	NA
RF00008	AJ005294.1/282-334	True	True	NA	NA
RF00008	AJ005298.1/56-3	True	True	NA	NA
RF00008	AJ005299.1/282-335	True	True	NA	NA
RF00008	AJ005300.1/282-335	True	True	NA	NA
RF00008	AJ005302.1/281-334	True	True	NA	NA
RF00008	AJ005303.1/56-3	True	True	NA	NA
RF00008	AJ005305.1/56-3	True	True	NA	NA
RF00008	AJ005310.1/56-3	True	True	NA	NA
RF00008	AJ005312.1/282-335	True	True	NA	NA
RF00008	AJ005312.1/56-3	True	True	NA	NA
RF00008	AJ005314.1/281-334	True	True	NA	NA
RF00008	AJ005318.1/56-3	True	True	NA	NA
RF00008	AJ005319.1/56-3	True	True	NA	NA
RF00008	AJ005320.1/281-333	True	True	NA	NA
RF00008	AJ005321.1/281-333	True	True	NA	NA
RF00008	AJ005322.1/281-334	True	True	NA	NA
RF00008	AJ005322.1/56-3	True	True	NA	NA
RF00008	AJ241819.1/56-3	True	True	NA	NA
RF00008	AJ241823.1/282-335	True	True	NA	NA
RF00008	AJ241828.1/56-3	True	True	NA	NA
RF00008	AJ241830.1/282-334	True	True	NA	NA
RF00008	AJ241831.1/281-334	True	True	NA	NA
RF00008	AJ241831.1/56-3	True	True	NA	NA
RF00008	AJ241833.1/282-334	True	True	NA	NA
RF00008	AJ241838.1/56-3	True	True	NA	NA
RF00008	AJ241839.1/282-334	True	True	NA	NA
RF00008	AJ241840.1/56-3	True	True	NA	NA
RF00008	AJ241841.1/57-3	True	True	NA	NA
RF00008	AJ241843.1/56-3	True	True	NA	NA
RF00008	AJ241845.1/282-335	True	True	NA	NA
RF00008	AJ241847.1/281-334	True	True	NA	NA
RF00008	AJ241850.1/282-334	True	True	NA	NA
RF00008	AJ247113.1/134-53	True	True	NA	NA
RF00008	AJ247116.1/133-53	True	True	NA	NA
RF00008	AJ247121.1/133-53	True	True	NA	NA
RF00008	AJ247122.1/132-52	True	True	NA	NA
RF00008	AJ247123.1/132-52	True	True	NA	NA
RF00008	AJ536612.1/206-152	True	True	NA	NA
RF00008	AJ536614.1/206-152	True	True	NA	NA
RF00008	AJ536615.1/1-44	True	True	NA	NA
RF00008	AJ536617.1/1-40	True	True	NA	NA
RF00008	AJ536619.1/206-152	True	True	NA	NA
RF00008	AJ536620.1/1-40	True	True	NA	NA
RF00008	AJ536620.1/206-152	True	True	NA	NA
RF00008	AJ550898.1/282-335	True	True	NA	NA
RF00008	AJ550899.1/56-3	True	True	NA	NA
RF00008	AJ550900.1/56-3	True	True	NA	NA
RF00008	AJ550901.1/282-334	True	True	NA	NA
RF00008	AJ550903.1/281-333	True	True	NA	NA
RF00008	AJ550906.1/282-334	True	True	NA	NA
RF00008	AJ550906.1/56-3	True	True	NA	NA
RF00008	AJ550907.1/281-333	True	True	NA	NA
RF00008	AJ550907.1/56-3	True	True	NA	NA
RF00008	AJ550908.1/281-334	True	True	NA	NA
RF00008	AJ550909.1/282-333	True	True	NA	NA
RF00008	AJ550909.1/56-3	True	True	NA	NA
RF00008	AJ550910.1/282-336	True	True	NA	NA
RF00008	AJ550911.1/282-335	True	True	NA	NA
RF00008	AJ550911.1/56-3	True	True	NA	NA
RF00008	AJ550912.1/56-3	True	True	NA	NA
RF00008	D00685.1/1-46	True	True	NA	NA
RF00008	J02386.1/42-95	True	True	NA	NA
RF00008	J02439.1/42-95	True	True	NA	NA
RF00008	M17439.1/1-48	True	True	NA	NA
RF00008	M33000.1/55-110	True	True	NA	NA
RF00008	M33001.1/56-111	True	True	NA	NA
RF00008	M63666.1/246-192	True	True	NA	NA
RF00008	M83545.1/282-335	True	True	NA	NA
RF00008	M83545.1/56-3	True	True	NA	NA
RF00008	URS000080DE02_32630/5-60	True	True	2QUS_A_SS;2QUS_B_SS	2QUS_A_SS;2QUS_B_SS
RF00008	URS000080DFDA_32630/1-48	True	True	2QUW_B_SS;2QUW_D_SS	2QUW_B_SS;2QUW_D_SS
RF00008	URS0000868531_32630/1-48	True	True	5DI2_A_SS;5DI4_A_SS;5DQK_A_SS;5EAO_A_SS;5EAQ_A_SS	5DI2_A_SS;5DI4_A_SS;5DQK_A_SS;5EAO_A_SS;5EAQ_A_SS
RF00008	Y12833.1/339-285	True	True	NA	NA
RF00008	Y14700.1/133-53	True	True	NA	NA
RF00013	AAAM03000019.1/57691-57877	True	True	NA	NA
RF00013	AAAP01001314.1/649-805	True	True	NA	NA
RF00013	AACK01000017.1/27996-27815	True	True	NA	NA
RF00013	AACV01012376.1/1014-1199	True	True	NA	NA
RF00013	AACY023937400.1/581-403	True	True	NA	NA
RF00013	AADV02000115.1/4181-4364	True	True	NA	NA
RF00013	AAGD02002558.1/1673-1492	True	True	NA	NA
RF00013	AAKK02000137.1/3410-3226	True	True	NA	NA
RF00013	AAMY01000003.1/191244-191085	True	True	NA	NA
RF00013	AANO01000007.1/70904-70723	True	True	NA	NA
RF00013	AANP01000003.1/193518-193701	True	True	NA	NA
RF00013	AAOH01000006.1/92254-92072	True	True	NA	NA
RF00013	AAOK01000003.1/289953-289770	True	True	NA	NA
RF00013	AAOU01000016.1/1661-1842	True	True	NA	NA
RF00013	AAOX01000042.1/20660-20846	True	True	NA	NA
RF00013	AAPJ01000002.1/435351-435507	True	True	NA	NA
RF00013	AASA01000055.1/2997-3188	True	True	NA	NA
RF00013	AATN01002095.1/1924-2110	True	True	NA	NA
RF00013	AATP01000004.1/128564-128407	True	True	NA	NA
RF00013	AAUA01000002.1/251304-251487	True	True	NA	NA
RF00013	AAUW01000002.1/210754-210600	True	True	NA	NA
RF00013	AAVW01000041.1/27531-27348	True	True	NA	NA
RF00013	AAWF01000047.1/25976-26166	True	True	NA	NA
RF00013	AAWL01000035.1/260-442	True	True	NA	NA
RF00013	AAXV01000007.1/159165-159357	True	True	NA	NA
RF00013	AAZW01000077.1/13609-13792	True	True	NA	NA
RF00013	AB036820.1/118-302	True	True	NA	NA
RF00013	ABCF01000001.1/315152-315339	True	True	NA	NA
RF00013	AE004439.1/1932211-1932030	True	True	NA	NA
RF00013	AE005176.1/34739-34931	True	True	NA	NA
RF00013	AE007870.2/814010-813852	True	True	NA	NA
RF00013	AE008691.1/1234385-1234567	True	True	NA	NA
RF00013	AE008691.1/1726945-1726768	True	True	NA	NA
RF00013	AE008917.1/324738-324896	True	True	NA	NA
RF00013	AE008923.1/4015282-4015465	True	True	NA	NA
RF00013	AE013598.1/1156001-1155818	True	True	NA	NA
RF00013	AE016827.1/441283-441084	True	True	NA	NA
RF00013	AE017126.1/924642-924462	True	True	NA	NA
RF00013	AE017143.1/796107-795926	True	True	NA	NA
RF00013	AE017197.1/941600-941442	True	True	NA	NA
RF00013	AE017334.2/1507514-1507697	True	True	NA	NA
RF00013	AE017340.1/2235806-2235990	True	True	NA	NA
RF00013	AE017355.1/1531497-1531679	True	True	NA	NA
RF00013	AE017355.1/1531701-1531884	True	True	NA	NA
RF00013	AF029321.1/2323-2482	True	True	NA	NA
RF00013	AF269334.1/1264-1454	True	True	NA	NA
RF00013	AF316874.1/3084-3280	True	True	NA	NA
RF00013	AJ235273.1/69980-69822	True	True	NA	NA
RF00013	AL009126.3/2096113-2095927	True	True	NA	NA
RF00013	AL009126.3/2814682-2814490	True	True	NA	NA
RF00013	AL591979.1/136531-136336	True	True	NA	NA
RF00013	AL596168.1/332986-332791	True	True	NA	NA
RF00013	AM167904.1/3157669-3157484	True	True	NA	NA
RF00013	AM236080.1/4231502-4231344	True	True	NA	NA
RF00013	AM286415.1/3711867-3712050	True	True	NA	NA
RF00013	AM939562.1/1-159	True	True	NA	NA
RF00013	AP006716.1/1327404-1327594	True	True	NA	NA
RF00013	AP008232.1/3464584-3464767	True	True	NA	NA
RF00013	AP008934.1/1179168-1179359	True	True	NA	NA
RF00013	AP009389.1/1081845-1082030	True	True	NA	NA
RF00013	AP010655.1/1905876-1906069	True	True	NA	NA
RF00013	AY345075.1/252-94	True	True	NA	NA
RF00013	BA000004.3/1350679-1350867	True	True	NA	NA
RF00013	BA000012.4/3164455-3164300	True	True	NA	NA
RF00013	BA000022.2/1886880-1887065	True	True	NA	NA
RF00013	BA000028.3/1102945-1103130	True	True	NA	NA
RF00013	BA000031.2/2733820-2734004	True	True	NA	NA
RF00013	BA000034.2/1725130-1725326	True	True	NA	NA
RF00013	BA000039.2/659756-659570	True	True	NA	NA
RF00013	BA000040.2/1665066-1665226	True	True	NA	NA
RF00013	BA000043.1/2585765-2585579	True	True	NA	NA
RF00013	BX548174.1/652620-652804	True	True	NA	NA
RF00013	BX548175.1/727040-727223	True	True	NA	NA
RF00013	BX569692.1/257432-257250	True	True	NA	NA
RF00013	BX571857.1/1685846-1685657	True	True	NA	NA
RF00013	BX571871.1/85682-85868	True	True	NA	NA
RF00013	BX572607.1/143813-143653	True	True	NA	NA
RF00013	BX640420.1/116264-116080	True	True	NA	NA
RF00013	BX640434.1/259466-259282	True	True	NA	NA
RF00013	BX842646.1/183093-182914	True	True	NA	NA
RF00013	BX897699.1/1644926-1645087	True	True	NA	NA
RF00013	BX897700.1/1339934-1340092	True	True	NA	NA
RF00013	BX936398.1/3749921-3750103	True	True	NA	NA
RF00013	BX950851.1/526655-526839	True	True	NA	NA
RF00013	CP000002.3/2770276-2770080	True	True	NA	NA
RF00013	CP000020.2/2339101-2339281	True	True	NA	NA
RF00013	CP000050.1/1085473-1085290	True	True	NA	NA
RF00013	CP000057.2/971464-971661	True	True	NA	NA
RF00013	CP000075.1/336144-335966	True	True	NA	NA
RF00013	CP000097.1/1017959-1018142	True	True	NA	NA
RF00013	CP000110.1/1358428-1358245	True	True	NA	NA
RF00013	CP000111.1/646219-646403	True	True	NA	NA
RF00013	CP000115.1/2966805-2966646	True	True	NA	NA
RF00013	CP000117.1/5398416-5398599	True	True	NA	NA
RF00013	CP000133.1/3679725-3679567	True	True	NA	NA
RF00013	CP000148.1/31807-31627	True	True	NA	NA
RF00013	CP000232.1/1712162-1711978	True	True	NA	NA
RF00013	CP000283.1/4650246-4650087	True	True	NA	NA
RF00013	CP000302.1/950450-950269	True	True	NA	NA
RF00013	CP000319.1/3880876-3880716	True	True	NA	NA
RF00013	CP000390.1/3466517-3466361	True	True	NA	NA
RF00013	CP000407.1/2019501-2019694	True	True	NA	NA
RF00013	CP000419.1/1793770-1793575	True	True	NA	NA
RF00013	CP000435.1/1304306-1304119	True	True	NA	NA
RF00013	CP000436.1/730391-730576	True	True	NA	NA
RF00013	CP000448.1/929295-929469	True	True	NA	NA
RF00013	CP000463.1/5354265-5354106	True	True	NA	NA
RF00013	CP000482.1/2822559-2822381	True	True	NA	NA
RF00013	CP000507.1/3260662-3260842	True	True	NA	NA
RF00013	CP000521.1/1200632-1200448	True	True	NA	NA
RF00013	CP000524.1/206871-206710	True	True	NA	NA
RF00013	CP000552.1/686863-687046	True	True	NA	NA
RF00013	CP000553.1/685817-685998	True	True	NA	NA
RF00013	CP000557.1/2605605-2605418	True	True	NA	NA
RF00013	CP000563.1/698015-697835	True	True	NA	NA
RF00013	CP000576.1/657516-657700	True	True	NA	NA
RF00013	CP000606.1/3644460-3644640	True	True	NA	NA
RF00013	CP000612.1/811548-811737	True	True	NA	NA
RF00013	CP000644.1/2821324-2821506	True	True	NA	NA
RF00013	CP000698.1/4969602-4969428	True	True	NA	NA
RF00013	CP000738.1/2752042-2751884	True	True	NA	NA
RF00013	CP000746.1/718947-718765	True	True	NA	NA
RF00013	CP000764.1/1419388-1419571	True	True	NA	NA
RF00013	CP000774.1/2293600-2293756	True	True	NA	NA
RF00013	CP000781.1/3399714-3399867	True	True	NA	NA
RF00013	CP000821.1/4485692-4485873	True	True	NA	NA
RF00013	CP000826.1/4345485-4345667	True	True	NA	NA
RF00013	CP000851.1/4051647-4051828	True	True	NA	NA
RF00013	CP000878.1/704395-704578	True	True	NA	NA
RF00013	CP000903.1/1546247-1546430	True	True	NA	NA
RF00013	CP000923.1/1508100-1508282	True	True	NA	NA
RF00013	CP000924.1/1101622-1101804	True	True	NA	NA
RF00013	CP000943.1/3397496-3397653	True	True	NA	NA
RF00013	CP001037.1/5114015-5113832	True	True	NA	NA
RF00013	CP001124.1/290243-290062	True	True	NA	NA
RF00013	CP001233.1/2595247-2595430	True	True	NA	NA
RF00013	CP001390.1/479177-479352	True	True	NA	NA
RF00013	CP002222.1/2091393-2091580	True	True	NA	NA
RF00013	CP002469.1/514264-514080	True	True	NA	NA
RF00013	CP003056.1/2576832-2577026	True	True	NA	NA
RF00013	CR378673.1/72541-72721	True	True	NA	NA
RF00013	CR522870.1/3243294-3243122	True	True	NA	NA
RF00013	CR543861.1/1111804-1111620	True	True	NA	NA
RF00013	CT978603.1/1256376-1256194	True	True	NA	NA
RF00013	CU234118.1/1211196-1211357	True	True	NA	NA
RF00013	DQ163568.1/634-454	True	True	NA	NA
RF00013	M12965.1/109-292	True	True	NA	NA
RF00013	U62615.1/1314-1495	True	True	NA	NA
RF00013	URS0000CBFF5C_562/1-144	True	True	5VT0_R_SS	5VT0_R_SS
RF00013	X01238.1/1-184	True	True	NA	NA
RF00015	AAAA02007064.1/44912-44768	True	True	NA	NA
RF00015	AAAB01008933.1/1598961-1598821	True	True	NA	NA
RF00015	AABL01000640.1/15189-15058	True	True	NA	NA
RF00015	AABS01000042.1/351938-351798	True	True	NA	NA
RF00015	AABY01000063.1/21244-21029	True	True	NA	NA
RF00015	AABZ01000001.1/29367-29202	True	True	NA	NA
RF00015	AACA01000783.1/223-362	True	True	NA	NA
RF00015	AACD01000007.1/178412-178544	True	True	NA	NA
RF00015	AACE03000002.2/368765-368919	True	True	NA	NA
RF00015	AACF01000119.1/10356-10566	True	True	NA	NA
RF00015	AACG02000302.1/224-363	True	True	NA	NA
RF00015	AACI02000576.1/2356-2546	True	True	NA	NA
RF00015	AACM02000196.1/54942-55125	True	True	NA	NA
RF00015	AACN010181221.1/232-92	True	True	NA	NA
RF00015	AACO02000129.1/36387-36520	True	True	NA	NA
RF00015	AACP01000036.1/91007-91135	True	True	NA	NA
RF00015	AACQ01000084.1/105435-105615	True	True	NA	NA
RF00015	AACS02000001.1/566465-566333	True	True	NA	NA
RF00015	AACT01063233.1/31971-31831	True	True	NA	NA
RF00015	AACU03000146.1/753634-753781	True	True	NA	NA
RF00015	AACW02000210.1/206231-206366	True	True	NA	NA
RF00015	AACY020397167.1/942-809	True	True	NA	NA
RF00015	AADD01128634.1/1009-869	True	True	NA	NA
RF00015	AADK01043685.1/1410-1272	True	True	NA	NA
RF00015	AADM01000245.1/23026-22856	True	True	NA	NA
RF00015	AADS01000270.1/32451-32584	True	True	NA	NA
RF00015	AAEC03000003.1/2600987-2601123	True	True	NA	NA
RF00015	AAEE01000007.1/708153-708014	True	True	NA	NA
RF00015	AAEG01000006.1/103924-103694	True	True	NA	NA
RF00015	AAEL01000435.1/3438-3299	True	True	NA	NA
RF00015	AAEU02000313.1/218060-217921	True	True	NA	NA
RF00015	AAEY01000066.1/357595-357726	True	True	NA	NA
RF00015	AAFC03029538.1/15458-15318	True	True	NA	NA
RF00015	AAFM01000021.1/757822-757672	True	True	NA	NA
RF00015	AAFO01000045.1/228200-228380	True	True	NA	NA
RF00015	AAFP01000576.1/27349-27217	True	True	NA	NA
RF00015	AAFR03070450.1/4019-4159	True	True	NA	NA
RF00015	AAFS01000180.1/63195-63056	True	True	NA	NA
RF00015	AAFT01000065.1/55802-55646	True	True	NA	NA
RF00015	AAFU01001086.1/4264-4401	True	True	NA	NA
RF00015	AAGD02002631.1/646-784	True	True	NA	NA
RF00015	AAGE02020535.1/44175-44035	True	True	NA	NA
RF00015	AAGF03001264.1/335958-336087	True	True	NA	NA
RF00015	AAGI01000165.1/170050-170233	True	True	NA	NA
RF00015	AAGJ04107959.1/2135-2275	True	True	NA	NA
RF00015	AAGK01000002.1/935734-935865	True	True	NA	NA
RF00015	AAGT01000338.1/12653-12519	True	True	NA	NA
RF00015	AAHF01000007.1/1275121-1274962	True	True	NA	NA
RF00015	AAHY01048392.1/24763-24623	True	True	NA	NA
RF00015	AAID01000631.1/14812-14946	True	True	NA	NA
RF00015	AAIH02000036.1/105327-105472	True	True	NA	NA
RF00015	AAIL02000028.1/1015369-1015502	True	True	NA	NA
RF00015	AAIM02000062.1/67925-68097	True	True	NA	NA
RF00015	AAIW01000278.1/37304-37168	True	True	NA	NA
RF00015	AAIY01144063.1/2359-2499	True	True	NA	NA
RF00015	AAIZ01004033.1/4883-4744	True	True	NA	NA
RF00015	AAJI01000076.1/250-381	True	True	NA	NA
RF00015	AAJJ01000336.1/45867-45727	True	True	NA	NA
RF00015	AAJN01000077.1/141935-142086	True	True	NA	NA
RF00015	AAKD03000006.1/347523-347653	True	True	NA	NA
RF00015	AAKE03000003.1/920249-920379	True	True	NA	NA
RF00015	AAKM01000017.1/282531-282664	True	True	NA	NA
RF00015	AAKN02007150.1/17728-17588	True	True	NA	NA
RF00015	AAKO01002834.1/25643-25504	True	True	NA	NA
RF00015	AALT01138445.1/833-693	True	True	NA	NA
RF00015	AANG01100342.1/1096-956	True	True	NA	NA
RF00015	AANH01001405.1/82396-82256	True	True	NA	NA
RF00015	AANI01016129.1/182015-181878	True	True	NA	NA
RF00015	AANN01193588.1/6106-6246	True	True	NA	NA
RF00015	AANS01000355.1/46407-46542	True	True	NA	NA
RF00015	AANU01246434.1/3940-4080	True	True	NA	NA
RF00015	AANV02000065.1/936-807	True	True	NA	NA
RF00015	AANW02001764.1/480-354	True	True	NA	NA
RF00015	AAPE02005503.1/37803-37943	True	True	NA	NA
RF00015	AAPN01043183.1/815-675	True	True	NA	NA
RF00015	AAPO01000090.1/100324-100179	True	True	NA	NA
RF00015	AAPP01015712.1/40466-40605	True	True	NA	NA
RF00015	AAPQ01007039.1/986580-986441	True	True	NA	NA
RF00015	AAPT01020986.1/3963-4102	True	True	NA	NA
RF00015	AAPU01010717.1/67287-67148	True	True	NA	NA
RF00015	AAPY01772888.1/1357-1497	True	True	NA	NA
RF00015	AAQA01000004.1/379392-379252	True	True	NA	NA
RF00015	AAQB01006409.1/413450-413312	True	True	NA	NA
RF00015	AAQQ01631221.1/1703-1837	True	True	NA	NA
RF00015	AAQX01001192.1/50846-50711	True	True	NA	NA
RF00015	AAQY02000456.1/44132-43994	True	True	NA	NA
RF00015	AARE01001618.1/3212-3345	True	True	NA	NA
RF00015	AARH01003623.1/42069-42219	True	True	NA	NA
RF00015	AASC02060889.1/1492-1632	True	True	NA	NA
RF00015	AASG02000802.1/49546-49696	True	True	NA	NA
RF00015	AASO01000240.1/58-194	True	True	NA	NA
RF00015	AASS01015485.1/140-1	True	True	NA	NA
RF00015	AATM01000105.1/197284-197424	True	True	NA	NA
RF00015	AATT01000006.1/24344-24478	True	True	NA	NA
RF00015	AATU01001408.1/348748-348878	True	True	NA	NA
RF00015	AATX01000107.1/49292-49428	True	True	NA	NA
RF00015	AAVQ01000002.1/194294-194149	True	True	NA	NA
RF00015	AAVX01087583.1/989-849	True	True	NA	NA
RF00015	AAWC01000056.1/46279-46148	True	True	NA	NA
RF00015	AAWR02035467.1/41938-42078	True	True	NA	NA
RF00015	AAWT01050999.1/11219-11362	True	True	NA	NA
RF00015	AAWU01039949.1/7621-7481	True	True	NA	NA
RF00015	AAWZ02025418.1/39904-40044	True	True	NA	NA
RF00015	AAXI01000285.1/23727-23857	True	True	NA	NA
RF00015	AAXJ01014857.1/1040-1174	True	True	NA	NA
RF00015	AAXT01000001.1/1022888-1022758	True	True	NA	NA
RF00015	AAYL01000045.1/85592-85722	True	True	NA	NA
RF00015	AAYZ01170597.1/2807-2947	True	True	NA	NA
RF00015	AAZN01000370.1/73687-73536	True	True	NA	NA
RF00015	AAZO01005801.1/5213-5353	True	True	NA	NA
RF00015	AAZX01000257.1/602-462	True	True	NA	NA
RF00015	AAZY02000012.1/107951-108083	True	True	NA	NA
RF00015	AB168678.1/1-141	True	True	NA	NA
RF00015	AB189720.1/1-134	True	True	NA	NA
RF00015	ABAR01000001.1/643558-643722	True	True	NA	NA
RF00015	ABAS01000010.1/147598-147449	True	True	NA	NA
RF00015	ABAV01003454.1/17582-17444	True	True	NA	NA
RF00015	ABBB01000091.1/60646-60782	True	True	NA	NA
RF00015	ABBC01001255.1/19365-19501	True	True	NA	NA
RF00015	ABCN01001426.1/26711-26844	True	True	NA	NA
RF00015	ABDB01000004.1/78964-78804	True	True	NA	NA
RF00015	ABDC01319198.1/612-472	True	True	NA	NA
RF00015	ABEG02000949.1/11902-11764	True	True	NA	NA
RF00015	ABIT01000802.1/5235-5099	True	True	NA	NA
RF00015	ABRQ01104616.1/4922-4782	True	True	NA	NA
RF00015	AC084591.1/18183-18321	True	True	NA	NA
RF00015	AC149882.2/166659-166543	True	True	NA	NA
RF00015	AC189493.2/83218-83068	True	True	NA	NA
RF00015	AC190402.1/26804-26930	True	True	NA	NA
RF00015	AC192395.1/10098-9958	True	True	NA	NA
RF00015	AC193264.3/174224-174084	True	True	NA	NA
RF00015	AC198144.2/107120-106981	True	True	NA	NA
RF00015	ADTU01005844.1/39857-39997	True	True	NA	NA
RF00015	AE016817.6/721964-721809	True	True	NA	NA
RF00015	AE017356.1/390372-390503	True	True	NA	NA
RF00015	AF270843.1/940-1107	True	True	NA	NA
RF00015	AFQF01001265.1/35199-35370	True	True	NA	NA
RF00015	AL590450.1/23479-23642	True	True	NA	NA
RF00015	AL844502.1/365248-365383	True	True	NA	NA
RF00015	AM055942.3/1615661-1615791	True	True	NA	NA
RF00015	AM269959.1/11788-11936	True	True	NA	NA
RF00015	AM479189.1/4511-4661	True	True	NA	NA
RF00015	AP004858.3/49137-48993	True	True	NA	NA
RF00015	AP006099.1/69439-69589	True	True	NA	NA
RF00015	AP007155.1/2359336-2359191	True	True	NA	NA
RF00015	BAAE01269333.1/2018-1878	True	True	NA	NA
RF00015	BC124577.1/1-141	True	True	NA	NA
RF00015	BX842620.1/46696-46842	True	True	NA	NA
RF00015	CAAI01006665.1/11117-11248	True	True	NA	NA
RF00015	CAAJ01010632.1/7788-7919	True	True	NA	NA
RF00015	CAAL01000681.1/399056-398923	True	True	NA	NA
RF00015	CP000582.1/123212-123076	True	True	NA	NA
RF00015	CR382124.1/1170861-1171036	True	True	NA	NA
RF00015	CR382130.1/2966271-2966119	True	True	NA	NA
RF00015	CR382136.2/1404151-1404006	True	True	NA	NA
RF00015	CU302335.1/69797-69946	True	True	NA	NA
RF00015	CU329671.1/467615-467481	True	True	NA	NA
RF00015	D63682.1/100-232	True	True	NA	NA
RF00015	DQ451048.1/205-341	True	True	NA	NA
RF00015	K00476.1/2-142	True	True	NA	NA
RF00015	K03095.1/1-139	True	True	NA	NA
RF00015	L22250.1/171-310	True	True	NA	NA
RF00015	M15957.1/271-411	True	True	NA	NA
RF00015	U18778.1/15676-15446	True	True	NA	NA
RF00015	URS00001143F5_4932/1-160	True	True	3JCM_E_SS;5GAN_V_SS;5NRL_4_SS;5ZWM_I_SS	3JCM_E_SS;5GAN_V_SS;5NRL_4_SS;5ZWM_I_SS
RF00015	URS0000200C70_9606/1-145	True	True	5O9Z_4_SS	5O9Z_4_SS
RF00015	URS00003F07BD_9606/1-144	True	True	6AH0_I_SS;6AHD_I_SS	6AH0_I_SS;6AHD_I_SS
RF00015	URS00008FED2F_4932/1-67	True	True	5GAP_V_SS	5GAP_V_SS
RF00015	URS00008FED30_32630/1-92	True	True	2N7M_X_SS	2N7M_X_SS
RF00015	URS0000D77922_4932/1-161	True	True	5ZWO_I_SS	5ZWO_I_SS
RF00015	URS0000E60BB1_9606/2-146	True	True	6QW6_4_SS;6QX9_4_SS	6QW6_4_SS;6QX9_4_SS
RF00015	X07113.1/1-150	True	True	NA	NA
RF00015	X13840.1/1-118	True	True	NA	NA
RF00015	X15933.1/1-149	True	True	NA	NA
RF00015	X58844.1/1-130	True	True	NA	NA
RF00015	X67145.1/194-344	True	True	NA	NA
RF00015	Z74042.2/30433-30295	True	True	NA	NA
RF00025	AF399707.1/2181-2345	True	True	NA	NA
RF00025	AF417609.1/192-355	True	True	NA	NA
RF00025	AF417610.1/218-380	True	True	NA	NA
RF00025	AF417611.1/281-444	True	True	NA	NA
RF00025	AF417612.1/228-392	True	True	NA	NA
RF00025	AJ132318.1/1-175	True	True	NA	NA
RF00025	M33461.1/140-346	True	True	NA	NA
RF00025	U10565.1/50-238	True	True	NA	NA
RF00025	U10566.1/72-260	True	True	NA	NA
RF00025	U10567.1/1-190	True	True	NA	NA
RF00025	U10568.1/27-212	True	True	NA	NA
RF00025	U10569.1/29-216	True	True	NA	NA
RF00025	U10570.1/72-259	True	True	NA	NA
RF00025	U22349.1/199-360	True	True	NA	NA
RF00025	U22350.1/52-211	True	True	NA	NA
RF00025	U22351.1/80-240	True	True	NA	NA
RF00025	U22352.1/508-657	True	True	NA	NA
RF00025	U22353.1/53-206	True	True	NA	NA
RF00025	U22354.1/216-379	True	True	NA	NA
RF00025	U45437.1/191-400	True	True	NA	NA
RF00025	URS0000402983_5911/1-159	True	True	6D6V_B_SS;7LMA_B_SS;7LMB_B_SS	6D6V_B_SS;7LMA_B_SS;7LMB_B_SS
RF00027	AABR05153093.1/1773-1848	True	True	NA	NA
RF00027	AABS01000138.1/96907-96982	True	True	NA	NA
RF00027	AABU01002759.1/2931025-2930956	True	True	NA	NA
RF00027	AACT01004141.1/13602-13519	True	True	NA	NA
RF00027	AAFR03057393.1/4201-4115	True	True	NA	NA
RF00027	AAFS01000369.1/71461-71393	True	True	NA	NA
RF00027	AAGD02006482.1/22892-22821	True	True	NA	NA
RF00027	AAGW02075197.1/23048-23132	True	True	NA	NA
RF00027	AAIY01003579.1/1841-1762	True	True	NA	NA
RF00027	AAJJ01000960.1/12168-12093	True	True	NA	NA
RF00027	AAKN02054092.1/95811-95899	True	True	NA	NA
RF00027	AALT01443655.1/3068-3143	True	True	NA	NA
RF00027	AANG01619101.1/1216-1136	True	True	NA	NA
RF00027	AANH01007764.1/36699-36614	True	True	NA	NA
RF00027	AANI01016295.1/2335-2404	True	True	NA	NA
RF00027	AANN01347783.1/1229-1152	True	True	NA	NA
RF00027	AANU01169061.1/33054-33138	True	True	NA	NA
RF00027	AAPN01341034.1/3404-3318	True	True	NA	NA
RF00027	AAPP01015675.1/360249-360318	True	True	NA	NA
RF00027	AAPT01004257.1/151-220	True	True	NA	NA
RF00027	AAPU01010514.1/89793-89724	True	True	NA	NA
RF00027	AAPY01378069.1/2181-2093	True	True	NA	NA
RF00027	AAQA01000457.1/25368-25290	True	True	NA	NA
RF00027	AAQB01006449.1/358437-358507	True	True	NA	NA
RF00027	AAVX01008163.1/128-212	True	True	NA	NA
RF00027	AAYZ01324012.1/2457-2541	True	True	NA	NA
RF00027	AAZO01005184.1/23361-23435	True	True	NA	NA
RF00027	AAZX01015868.1/1070-988	True	True	NA	NA
RF00027	AC018755.3/119936-120011	True	True	NA	NA
RF00027	AC094021.2/47340-47253	True	True	NA	NA
RF00027	AC231658.3/113295-113375	True	True	NA	NA
RF00027	ACBE01248169.1/7760-7844	True	True	NA	NA
RF00027	AF210771.1/1883-1955	True	True	NA	NA
RF00027	AF274345.1/1758-1830	True	True	NA	NA
RF00027	AF480570.1/1-79	True	True	NA	NA
RF00027	AL049853.1/18009-17931	True	True	NA	NA
RF00027	AL158152.18/37901-37981	True	True	NA	NA
RF00027	AL158152.18/38291-38377	True	True	NA	NA
RF00027	AL158152.18/40779-40863	True	True	NA	NA
RF00027	AP000962.2/118093-118168	True	True	NA	NA
RF00027	AP001359.4/114553-114478	True	True	NA	NA
RF00027	AY866017.1/450-525	True	True	NA	NA
RF00027	AY866019.1/258-334	True	True	NA	NA
RF00027	AY866020.1/478-553	True	True	NA	NA
RF00027	AY866046.1/496-584	True	True	NA	NA
RF00027	AY866050.1/490-568	True	True	NA	NA
RF00027	AY866051.1/437-516	True	True	NA	NA
RF00027	AY866150.1/447-522	True	True	NA	NA
RF00027	AY866290.1/298-385	True	True	NA	NA
RF00027	AY866352.1/767-853	True	True	NA	NA
RF00027	AY866355.1/408-489	True	True	NA	NA
RF00027	AY866357.1/820-906	True	True	NA	NA
RF00027	BAAE01218263.1/598-683	True	True	NA	NA
RF00027	BX005154.6/63678-63599	True	True	NA	NA
RF00027	CAAE01013731.1/39581-39496	True	True	NA	NA
RF00027	CAAE01014991.1/464883-464800	True	True	NA	NA
RF00027	EU624487.1/1401-1470	True	True	NA	NA
RF00027	HM625839.1/1002-1087	True	True	NA	NA
RF00027	HM625839.1/191-271	True	True	NA	NA
RF00027	URS0000052456_9606/1-87	True	True	NA	NA
RF00027	URS00007078D8_10090/1-85	True	True	NA	NA
RF00027	URS000070A416_10090/2-79	True	True	NA	NA
RF00027	URS0000D56C46_9606/1-73	True	True	5ZAL_C_SS;5ZAM_C_SS	5ZAL_C_SS;5ZAM_C_SS
RF00027	Z70203.2/12451-12379	True	True	NA	NA
RF00032	AAAB01008948.1/3301455-3301500	True	True	NA	NA
RF00032	AAAB01044800.1/486-531	True	True	NA	NA
RF00032	AABL01000137.1/776-821	True	True	NA	NA
RF00032	AABS01000176.1/158056-158011	True	True	NA	NA
RF00032	AAEE01000003.1/1110682-1110637	True	True	NA	NA
RF00032	AAEE01000004.1/565730-565685	True	True	NA	NA
RF00032	AAEL01000015.1/38686-38731	True	True	NA	NA
RF00032	AAEL01000068.1/8576-8621	True	True	NA	NA
RF00032	AAFD02000019.1/418583-418538	True	True	NA	NA
RF00032	AAFD02000019.1/419847-419892	True	True	NA	NA
RF00032	AAFI02000005.1/2443043-2442999	True	True	NA	NA
RF00032	AAGE02005905.1/11272-11317	True	True	NA	NA
RF00032	AAGE02005905.1/5861-5816	True	True	NA	NA
RF00032	AAGJ04044602.1/134-89	True	True	NA	NA
RF00032	AAGK01000004.1/1341571-1341616	True	True	NA	NA
RF00032	AAGK01000004.1/1343635-1343680	True	True	NA	NA
RF00032	AAHC01037550.1/201-246	True	True	NA	NA
RF00032	ABAV01048734.1/586-541	True	True	NA	NA
RF00032	ABAV01054220.1/1227-1272	True	True	NA	NA
RF00032	ABCN01000686.1/16677-16632	True	True	NA	NA
RF00032	ABEP02004286.1/1361-1316	True	True	NA	NA
RF00032	ABEP02040002.1/589-545	True	True	NA	NA
RF00032	ABPA01000184.1/11471-11515	True	True	NA	NA
RF00032	AC084502.1/4081-4126	True	True	NA	NA
RF00032	AC084589.1/5032-4987	True	True	NA	NA
RF00032	AE014134.5/21406015-21406060	True	True	NA	NA
RF00032	AE014134.5/21504391-21504346	True	True	NA	NA
RF00032	AF361948.1/1198-1243	True	True	NA	NA
RF00032	AL009179.1/138662-138707	True	True	NA	NA
RF00032	AL589879.21/31985-31940	True	True	NA	NA
RF00032	AL662809.14/46720-46765	True	True	NA	NA
RF00032	AL844505.1/445330-445375	True	True	NA	NA
RF00032	AY128653.1/651-696	True	True	NA	NA
RF00032	CAAB02006192.1/1863-1818	True	True	NA	NA
RF00032	CAAB02016978.1/7350-7306	True	True	NA	NA
RF00032	CAAE01014536.1/93243-93288	True	True	NA	NA
RF00032	CAAE01014565.1/1508968-1508923	True	True	NA	NA
RF00032	CAAI01002844.1/301-346	True	True	NA	NA
RF00032	CR354435.20/79242-79197	True	True	NA	NA
RF00032	CR354435.20/94861-94817	True	True	NA	NA
RF00032	CR855729.2/461-505	True	True	NA	NA
RF00032	M61155.1/597-642	True	True	NA	NA
RF00032	M74534.1/508-553	True	True	NA	NA
RF00032	URS000080E1CD_10090/1-28	True	True	1JU7_A_SS;1JWC_A_SS	1JU7_A_SS;1JWC_A_SS
RF00032	URS000080E236_32630/1-26	True	True	4TUW_D_SS;4TUX_C_SS;4TUX_D_SS;4TV0_B_SS	4TUW_D_SS;4TUX_C_SS;4TUX_D_SS;4TV0_B_SS
RF00032	URS0002335968_32630/1-28	True	True	4TUW_C_SS	4TUW_C_SS
RF00032	URS000233597C_9606/1-26	True	True	4L8R_A_SS;4L8R_D_SS;4QOZ_A_SS;4QOZ_D_SS	4L8R_A_SS;4L8R_D_SS;4QOZ_A_SS;4QOZ_D_SS
RF00032	V01355.1/567-612	True	True	NA	NA
RF00032	Z81128.2/25556-25511	True	True	NA	NA
RF00032	Z83245.4/30945-30900	True	True	NA	NA
RF00037	AAFR03019774.1/239510-239545	True	True	NA	NA
RF00037	AAGE02004546.1/6487-6454	True	True	NA	NA
RF00037	AAGU03011944.1/23235-23201	True	True	NA	NA
RF00037	AAGV020889339.1/949-914	True	True	NA	NA
RF00037	AAGW02057904.1/76866-76900	True	True	NA	NA
RF00037	AAHX01094585.1/10740-10774	True	True	NA	NA
RF00037	AAHY01029141.1/15302-15336	True	True	NA	NA
RF00037	AAIY01636926.1/362-328	True	True	NA	NA
RF00037	AALT01281908.1/825-859	True	True	NA	NA
RF00037	AANG01554495.1/4632-4598	True	True	NA	NA
RF00037	AANH01004160.1/35803-35838	True	True	NA	NA
RF00037	AANN01127411.1/370-404	True	True	NA	NA
RF00037	AANU01126896.1/12416-12450	True	True	NA	NA
RF00037	AAPE02030929.1/24760-24794	True	True	NA	NA
RF00037	AAPN01199084.1/201-236	True	True	NA	NA
RF00037	AAPY01271888.1/1826-1792	True	True	NA	NA
RF00037	AAQQ01605438.1/3746-3780	True	True	NA	NA
RF00037	AAQR03095747.1/6073-6108	True	True	NA	NA
RF00037	AAVX01381105.1/393-360	True	True	NA	NA
RF00037	AAWR02009010.1/38752-38718	True	True	NA	NA
RF00037	AAWZ02023447.1/15493-15528	True	True	NA	NA
RF00037	AAYZ01376712.1/735-701	True	True	NA	NA
RF00037	AB073371.1/2-37	True	True	NA	NA
RF00037	AB099065.2/27-62	True	True	NA	NA
RF00037	AB371410.1/64-99	True	True	NA	NA
RF00037	ABAV01011851.1/25472-25507	True	True	NA	NA
RF00037	ABDC01086142.1/996-1030	True	True	NA	NA
RF00037	ABGA01194773.1/10307-10273	True	True	NA	NA
RF00037	ABQF01062964.1/539-575	True	True	NA	NA
RF00037	ABQO010588503.1/1800-1767	True	True	NA	NA
RF00037	ABRN01304445.1/359-393	True	True	NA	NA
RF00037	ABRO01415732.1/1669-1703	True	True	NA	NA
RF00037	ABRP01011077.1/2966-3000	True	True	NA	NA
RF00037	ABRQ01098844.1/1724-1759	True	True	NA	NA
RF00037	ABRR01372656.1/429-395	True	True	NA	NA
RF00037	ABRT010002577.1/1339-1305	True	True	NA	NA
RF00037	ABVD01450449.1/988-1023	True	True	NA	NA
RF00037	AF068225.2/1-36	True	True	NA	NA
RF00037	AF266195.1/11-46	True	True	NA	NA
RF00037	AF285177.1/2-35	True	True	NA	NA
RF00037	AJ276505.2/120813-120779	True	True	NA	NA
RF00037	AL592437.7/34848-34882	True	True	NA	NA
RF00037	AY032659.1/108-140	True	True	NA	NA
RF00037	AY260753.1/1-34	True	True	NA	NA
RF00037	AY277900.1/12-47	True	True	NA	NA
RF00037	AY550979.1/1-34	True	True	NA	NA
RF00037	BAAE01241509.1/2881-2846	True	True	NA	NA
RF00037	BC063337.1/26-62	True	True	NA	NA
RF00037	BC152596.1/22-57	True	True	NA	NA
RF00037	BT047622.1/7-41	True	True	NA	NA
RF00037	BT073905.1/31-66	True	True	NA	NA
RF00037	BT075303.1/10-45	True	True	NA	NA
RF00037	BT081799.1/21-57	True	True	NA	NA
RF00037	BX934496.1/23-58	True	True	NA	NA
RF00037	D15071.1/10-45	True	True	NA	NA
RF00037	DQ437112.1/26-59	True	True	NA	NA
RF00037	DQ659631.1/11-46	True	True	NA	NA
RF00037	EF628371.1/43-77	True	True	NA	NA
RF00037	M14211.1/193-227	True	True	NA	NA
RF00037	M55010.1/4-39	True	True	NA	NA
RF00037	URS000080E11E_8355/1-30	True	True	3SNP_C_SS;3SNP_D_SS	3SNP_C_SS;3SNP_D_SS
RF00037	Y09188.1/1-35	True	True	NA	NA
RF00044	M11813.1/4883-5000	True	True	NA	NA
RF00044	URS000080E166_10756/1-120	True	True	1FOQ_A_SS;1FOQ_B_SS;1FOQ_C_SS;1FOQ_D_SS;1FOQ_E_SS;6QYZ_A_SS;6QYZ_B_SS;6QYZ_C_SS;6QYZ_D_SS;6QYZ_E_SS	1FOQ_A_SS;1FOQ_B_SS;1FOQ_C_SS;1FOQ_D_SS;1FOQ_E_SS;6QYZ_A_SS;6QYZ_B_SS;6QYZ_C_SS;6QYZ_D_SS;6QYZ_E_SS
RF00044	URS00023119C3_10756/1-117	True	True	7JQQ_K_SS;7JQQ_L_SS;7JQQ_M_SS;7JQQ_N_SS;7JQQ_O_SS	7JQQ_K_SS;7JQQ_L_SS;7JQQ_M_SS;7JQQ_N_SS;7JQQ_O_SS
RF00044	V01121.1/318-201	True	True	NA	NA
RF00044	V01155.1/318-201	True	True	NA	NA
RF00050	AACY022395047.1/599-750	True	True	NA	NA
RF00050	AAEK01000025.1/41573-41430	True	True	NA	NA
RF00050	AAER01000019.1/1243-1104	True	True	NA	NA
RF00050	AAEW02000005.1/32930-33076	True	True	NA	NA
RF00050	AAKK02000001.1/258130-258269	True	True	NA	NA
RF00050	AAML04000003.1/43960-44077	True	True	NA	NA
RF00050	AAMR01000023.1/75758-75608	True	True	NA	NA
RF00050	AANE01000019.1/87182-87037	True	True	NA	NA
RF00050	AAOJ01000002.1/922614-922474	True	True	NA	NA
RF00050	AAOU01000004.1/94074-94215	True	True	NA	NA
RF00050	AAOX01000016.1/69993-70130	True	True	NA	NA
RF00050	AAPG01000027.1/38942-39095	True	True	NA	NA
RF00050	AAQL01001388.1/1132-1015	True	True	NA	NA
RF00050	AASA01000089.1/10476-10358	True	True	NA	NA
RF00050	AASE01000003.1/858-707	True	True	NA	NA
RF00050	AATE01006899.1/660-546	True	True	NA	NA
RF00050	AAVO02000007.1/6177-6291	True	True	NA	NA
RF00050	AAWP01000010.1/3949-3809	True	True	NA	NA
RF00050	AAXB02000021.1/33038-32924	True	True	NA	NA
RF00050	AAXV01000008.1/126859-126734	True	True	NA	NA
RF00050	AAYC01000017.1/60436-60586	True	True	NA	NA
RF00050	AAZD01000001.1/551093-550916	True	True	NA	NA
RF00050	AAZF01000001.1/50869-51046	True	True	NA	NA
RF00050	ABAH01000018.1/164932-164783	True	True	NA	NA
RF00050	ABAX03000010.1/110704-110590	True	True	NA	NA
RF00050	ABCA03000041.1/6063-5943	True	True	NA	NA
RF00050	ABCB02000018.1/8466-8595	True	True	NA	NA
RF00050	ABCC02000026.1/45214-45328	True	True	NA	NA
RF00050	ABCF01000046.1/1602-1738	True	True	NA	NA
RF00050	ABCH01000022.1/43466-43613	True	True	NA	NA
RF00050	ABCR01000011.1/7978-7832	True	True	NA	NA
RF00050	ABDE02000001.1/586343-586474	True	True	NA	NA
RF00050	ABDQ01000002.1/179883-180005	True	True	NA	NA
RF00050	ABDX01000009.1/107577-107694	True	True	NA	NA
RF00050	ABED02000028.1/57463-57577	True	True	NA	NA
RF00050	ACOM01000004.1/361838-361724	True	True	NA	NA
RF00050	AE000512.1/1804292-1804171	True	True	NA	NA
RF00050	AE001437.1/2971922-2971806	True	True	NA	NA
RF00050	AE004439.1/1582210-1582055	True	True	NA	NA
RF00050	AE005176.1/1021729-1021845	True	True	NA	NA
RF00050	AE005176.1/1307881-1307745	True	True	NA	NA
RF00050	AE007869.2/1872198-1872348	True	True	NA	NA
RF00050	AE008691.1/541539-541640	True	True	NA	NA
RF00050	AE008922.1/837066-837234	True	True	NA	NA
RF00050	AE009951.2/10346-10461	True	True	NA	NA
RF00050	AE015927.1/318413-318527	True	True	NA	NA
RF00050	AE016796.2/1572120-1571980	True	True	NA	NA
RF00050	AE016825.1/4551002-4551150	True	True	NA	NA
RF00050	AE016827.1/145278-145429	True	True	NA	NA
RF00050	AE016828.2/594013-594149	True	True	NA	NA
RF00050	AE017143.1/943036-943169	True	True	NA	NA
RF00050	AE017221.1/684544-684423	True	True	NA	NA
RF00050	AE017263.1/670666-670782	True	True	NA	NA
RF00050	AE017333.1/2382202-2382069	True	True	NA	NA
RF00050	AF269345.1/3001-2863	True	True	NA	NA
RF00050	AF269712.1/1300-1435	True	True	NA	NA
RF00050	AJ009832.1/4549-4670	True	True	NA	NA
RF00050	AJ010128.1/362-218	True	True	NA	NA
RF00050	AL591688.1/2398173-2398337	True	True	NA	NA
RF00050	AL591981.1/267609-267487	True	True	NA	NA
RF00050	AL596170.1/284996-284874	True	True	NA	NA
RF00050	AL766847.1/1-103	True	True	NA	NA
RF00050	AL766851.1/11027-10882	True	True	NA	NA
RF00050	AL939108.1/337004-336876	True	True	NA	NA
RF00050	AM180355.1/1973352-1973231	True	True	NA	NA
RF00050	AM236080.1/2884220-2884370	True	True	NA	NA
RF00050	AM263198.1/2000161-2000041	True	True	NA	NA
RF00050	AP006627.1/1930361-1930511	True	True	NA	NA
RF00050	AP006716.1/1452644-1452770	True	True	NA	NA
RF00050	AP008230.1/4208512-4208661	True	True	NA	NA
RF00050	AP008232.1/481423-481583	True	True	NA	NA
RF00050	AP008934.1/1304561-1304696	True	True	NA	NA
RF00050	AY246427.1/2402-2556	True	True	NA	NA
RF00050	BA000004.3/1634615-1634762	True	True	NA	NA
RF00050	BA000012.4/6017355-6017207	True	True	NA	NA
RF00050	BA000016.3/704095-704210	True	True	NA	NA
RF00050	BA000028.3/3348439-3348301	True	True	NA	NA
RF00050	BA000043.1/1793427-1793295	True	True	NA	NA
RF00050	BX640436.1/209532-209685	True	True	NA	NA
RF00050	BX950851.1/1001970-1002170	True	True	NA	NA
RF00050	CP000009.1/1075963-1076120	True	True	NA	NA
RF00050	CP000023.1/268469-268591	True	True	NA	NA
RF00050	CP000046.1/1565491-1565357	True	True	NA	NA
RF00050	CP000114.1/817263-817377	True	True	NA	NA
RF00050	CP000133.1/2799767-2799909	True	True	NA	NA
RF00050	CP000141.1/1316951-1316827	True	True	NA	NA
RF00050	CP000152.1/1720041-1720197	True	True	NA	NA
RF00050	CP000155.1/1396507-1396361	True	True	NA	NA
RF00050	CP000230.1/2551172-2551329	True	True	NA	NA
RF00050	CP000232.1/950178-950293	True	True	NA	NA
RF00050	CP000261.1/324694-324818	True	True	NA	NA
RF00050	CP000262.1/317676-317799	True	True	NA	NA
RF00050	CP000362.1/544510-544358	True	True	NA	NA
RF00050	CP000376.1/319904-319773	True	True	NA	NA
RF00050	CP000382.1/2191386-2191265	True	True	NA	NA
RF00050	CP000387.1/1760462-1760315	True	True	NA	NA
RF00050	CP000411.1/1598055-1598186	True	True	NA	NA
RF00050	CP000414.1/807573-807710	True	True	NA	NA
RF00050	CP000416.1/1625123-1624989	True	True	NA	NA
RF00050	CP000422.1/1801122-1800990	True	True	NA	NA
RF00050	CP000423.1/1361659-1361777	True	True	NA	NA
RF00050	CP000491.1/171669-171797	True	True	NA	NA
RF00050	CP000521.1/970595-970445	True	True	NA	NA
RF00050	CP000557.1/2349127-2348995	True	True	NA	NA
RF00050	CP000612.1/832798-832653	True	True	NA	NA
RF00050	CP000626.1/213449-213587	True	True	NA	NA
RF00050	CP000647.1/3779064-3778913	True	True	NA	NA
RF00050	CP000653.1/3761427-3761277	True	True	NA	NA
RF00050	CP000673.1/3663447-3663329	True	True	NA	NA
RF00050	CP000679.1/895035-894907	True	True	NA	NA
RF00050	CP000703.1/1951702-1951567	True	True	NA	NA
RF00050	CP000705.1/931807-931947	True	True	NA	NA
RF00050	CP000716.1/48959-48841	True	True	NA	NA
RF00050	CP000721.1/562620-562737	True	True	NA	NA
RF00050	CP000724.1/1065003-1065119	True	True	NA	NA
RF00050	CP000728.1/3149843-3149956	True	True	NA	NA
RF00050	CP000746.1/533105-533234	True	True	NA	NA
RF00050	CP000749.1/1531976-1531815	True	True	NA	NA
RF00050	CP000759.1/1217787-1217947	True	True	NA	NA
RF00050	CP000764.1/1319447-1319591	True	True	NA	NA
RF00050	CP000771.1/1532327-1532468	True	True	NA	NA
RF00050	CP000826.1/4751561-4751400	True	True	NA	NA
RF00050	CP000853.1/2675114-2674995	True	True	NA	NA
RF00050	CP000873.1/673354-673517	True	True	NA	NA
RF00050	CP000903.1/3971775-3971918	True	True	NA	NA
RF00050	CP000909.1/2997673-2997805	True	True	NA	NA
RF00050	CP000919.1/179511-179397	True	True	NA	NA
RF00050	CP000923.1/23974-24088	True	True	NA	NA
RF00050	CP001022.1/2287514-2287654	True	True	NA	NA
RF00050	CP001098.1/1089819-1089940	True	True	NA	NA
RF00050	CP001111.1/691560-691705	True	True	NA	NA
RF00050	CP001336.1/3015833-3015947	True	True	NA	NA
RF00050	CP001348.1/3959917-3960045	True	True	NA	NA
RF00050	CP001581.1/209561-209677	True	True	NA	NA
RF00050	CP001645.1/912076-912231	True	True	NA	NA
RF00050	CP003056.1/1405866-1406005	True	True	NA	NA
RF00050	CT573326.1/621066-620925	True	True	NA	NA
RF00050	DQ645592.1/49-179	True	True	NA	NA
RF00050	L09228.1/7992-8136	True	True	NA	NA
RF00050	L47648.1/1826-1960	True	True	NA	NA
RF00050	M64472.1/901-1048	True	True	NA	NA
RF00050	U27202.1/210-335	True	True	NA	NA
RF00050	URS000080DE72_32630/1-112	True	True	3F2Q_X_SS;3F2T_X_SS;3F2W_X_SS;3F2X_X_SS;3F2Y_X_SS;3F30_X_SS	3F2Q_X_SS;3F2T_X_SS;3F2W_X_SS;3F2X_X_SS;3F2Y_X_SS;3F30_X_SS
RF00050	URS000080DE72_851/1-112	True	True	6WJR_X_SS;6WJS_X_SS	6WJR_X_SS;6WJS_X_SS
RF00050	X51510.1/938-1082	True	True	NA	NA
RF00050	X95955.1/376-523	True	True	NA	NA
RF00059	AACY022101973.1/389-487	True	True	NA	NA
RF00059	AAEK01000033.1/47712-47817	True	True	NA	NA
RF00059	AALV01000001.1/1015631-1015532	True	True	NA	NA
RF00059	AALZ01000004.1/372786-372686	True	True	NA	NA
RF00059	AAMD01000032.1/31845-31737	True	True	NA	NA
RF00059	AARF01000324.1/6363-6261	True	True	NA	NA
RF00059	AB033416.1/2076-2219	True	True	NA	NA
RF00059	AB042239.3/9807-9660	True	True	NA	NA
RF00059	AB087258.1/15478-15568	True	True	NA	NA
RF00059	AB118748.1/319-422	True	True	NA	NA
RF00059	ABCF01000004.1/41916-42024	True	True	NA	NA
RF00059	AC005496.3/78625-78498	True	True	NA	NA
RF00059	AC084406.7/91434-91300	True	True	NA	NA
RF00059	AD000014.1/41361-41472	True	True	NA	NA
RF00059	AE004439.1/1459568-1459465	True	True	NA	NA
RF00059	AE004439.1/444121-444213	True	True	NA	NA
RF00059	AE007317.1/646024-645926	True	True	NA	NA
RF00059	AE007869.2/2541937-2541826	True	True	NA	NA
RF00059	AE007870.2/312774-312876	True	True	NA	NA
RF00059	AE008691.1/1524796-1524694	True	True	NA	NA
RF00059	AE008691.1/1681524-1681422	True	True	NA	NA
RF00059	AE008691.1/2140374-2140272	True	True	NA	NA
RF00059	AE008691.1/2399659-2399556	True	True	NA	NA
RF00059	AE014074.1/464992-464896	True	True	NA	NA
RF00059	AE015929.1/2101479-2101588	True	True	NA	NA
RF00059	AE017180.1/640928-640827	True	True	NA	NA
RF00059	AE017221.1/302202-302311	True	True	NA	NA
RF00059	AF004408.1/427-558	True	True	NA	NA
RF00059	AF070520.1/2088-2190	True	True	NA	NA
RF00059	AF104225.1/570-680	True	True	NA	NA
RF00059	AF109218.1/4405-4502	True	True	NA	NA
RF00059	AF159589.1/4059-4150	True	True	NA	NA
RF00059	AF217503.1/595-688	True	True	NA	NA
RF00059	AF264021.1/2226-2360	True	True	NA	NA
RF00059	AF264948.1/14680-14561	True	True	NA	NA
RF00059	AF269570.1/1830-1729	True	True	NA	NA
RF00059	AF269819.1/1816-1718	True	True	NA	NA
RF00059	AJ002571.1/43977-43865	True	True	NA	NA
RF00059	AK068703.1/2083-2217	True	True	NA	NA
RF00059	AK119882.1/1-98	True	True	NA	NA
RF00059	AK120238.1/2075-2184	True	True	NA	NA
RF00059	AL009126.3/1242262-1242370	True	True	NA	NA
RF00059	AL009126.3/1607367-1607468	True	True	NA	NA
RF00059	AL009126.3/3179105-3179206	True	True	NA	NA
RF00059	AL445064.1/126097-125991	True	True	NA	NA
RF00059	AL445066.1/239884-239777	True	True	NA	NA
RF00059	AL583918.1/33385-33496	True	True	NA	NA
RF00059	AL583918.1/38806-38668	True	True	NA	NA
RF00059	AL591688.1/3532865-3532978	True	True	NA	NA
RF00059	AL596164.1/123476-123581	True	True	NA	NA
RF00059	AL596168.1/251336-251226	True	True	NA	NA
RF00059	AL627265.1/128216-128117	True	True	NA	NA
RF00059	AL672115.1/15647-15763	True	True	NA	NA
RF00059	AL766847.1/75304-75206	True	True	NA	NA
RF00059	AL766847.1/94269-94358	True	True	NA	NA
RF00059	AL935263.2/202700-202607	True	True	NA	NA
RF00059	AL935263.2/99249-99354	True	True	NA	NA
RF00059	AL939111.1/162719-162830	True	True	NA	NA
RF00059	AL939124.1/163164-163269	True	True	NA	NA
RF00059	AM039952.1/4100743-4100646	True	True	NA	NA
RF00059	AP006627.1/829775-829676	True	True	NA	NA
RF00059	AP006716.1/943397-943499	True	True	NA	NA
RF00059	AP008934.1/816596-816694	True	True	NA	NA
RF00059	AY102616.1/4667-4777	True	True	NA	NA
RF00059	AY123045.1/16666-16547	True	True	NA	NA
RF00059	AY316746.1/2276-2378	True	True	NA	NA
RF00059	BA000043.1/643262-643369	True	True	NA	NA
RF00059	BX248354.1/27456-27566	True	True	NA	NA
RF00059	BX248356.1/232868-232999	True	True	NA	NA
RF00059	BX248356.1/234808-234920	True	True	NA	NA
RF00059	BX548174.1/1543261-1543163	True	True	NA	NA
RF00059	BX548175.1/178356-178459	True	True	NA	NA
RF00059	BX569689.1/134905-135013	True	True	NA	NA
RF00059	BX571860.1/177712-177587	True	True	NA	NA
RF00059	BX571861.1/7126-7022	True	True	NA	NA
RF00059	BX572604.1/199848-199986	True	True	NA	NA
RF00059	BX640423.1/313922-313811	True	True	NA	NA
RF00059	BX842573.1/159140-159250	True	True	NA	NA
RF00059	BX842573.1/168419-168309	True	True	NA	NA
RF00059	BX842649.1/277414-277318	True	True	NA	NA
RF00059	BX927152.1/148798-148691	True	True	NA	NA
RF00059	CP000002.3/1271349-1271457	True	True	NA	NA
RF00059	CP000050.1/1019813-1019911	True	True	NA	NA
RF00059	CP000058.1/628566-628670	True	True	NA	NA
RF00059	CP000076.1/627657-627761	True	True	NA	NA
RF00059	CP000114.1/913402-913491	True	True	NA	NA
RF00059	CP000141.1/198028-198135	True	True	NA	NA
RF00059	CP000425.1/327513-327414	True	True	NA	NA
RF00059	CP000489.1/34903-34800	True	True	NA	NA
RF00059	CP000510.1/2895423-2895324	True	True	NA	NA
RF00059	CP000557.1/594796-594903	True	True	NA	NA
RF00059	CP000568.1/733772-733877	True	True	NA	NA
RF00059	CP000716.1/1578877-1578987	True	True	NA	NA
RF00059	CP000764.1/2008349-2008244	True	True	NA	NA
RF00059	CP000771.1/338574-338685	True	True	NA	NA
RF00059	CP000830.1/937748-937645	True	True	NA	NA
RF00059	CP000918.1/2145369-2145290	True	True	NA	NA
RF00059	CP000919.1/639572-639660	True	True	NA	NA
RF00059	CP000936.1/749906-749994	True	True	NA	NA
RF00059	CP001488.1/228163-228057	True	True	NA	NA
RF00059	CP003056.1/3348160-3348049	True	True	NA	NA
RF00059	CT573326.1/5282526-5282420	True	True	NA	NA
RF00059	M16495.1/2120-2233	True	True	NA	NA
RF00059	M33642.1/428-524	True	True	NA	NA
RF00059	M73546.1/221-329	True	True	NA	NA
RF00059	U64312.1/2271-2374	True	True	NA	NA
RF00059	U81371.1/247-152	True	True	NA	NA
RF00059	URS000080DDEB_32630/1-80	True	True	2GDI_X_SS;2GDI_Y_SS	2GDI_X_SS;2GDI_Y_SS
RF00059	URS000080DDEB_562/1-80	True	True	4NYA_A_SS;4NYA_B_SS;4NYB_A_SS;4NYC_A_SS;4NYD_A_SS;4NYG_A_SS;7TZR_X_SS;7TZR_Y_SS;7TZS_X_SS;7TZS_Y_SS	4NYA_A_SS;4NYA_B_SS;4NYB_A_SS;4NYC_A_SS;4NYD_A_SS;4NYG_A_SS;7TZR_X_SS;7TZR_Y_SS;7TZS_X_SS;7TZS_Y_SS
RF00059	URS000080DE9F_3702/1-77	True	True	2CKY_A_SS;2CKY_B_SS;3D2G_A_SS;3D2G_B_SS;3D2V_A_SS;3D2V_B_SS;3D2X_A_SS;3D2X_B_SS	2CKY_A_SS;2CKY_B_SS;3D2G_A_SS;3D2G_B_SS;3D2V_A_SS;3D2V_B_SS;3D2X_A_SS;3D2X_B_SS
RF00059	URS000080E068_32630/1-83	True	True	2HOJ_A_SS;2HOK_A_SS;2HOL_A_SS;2HOM_A_SS;2HOO_A_SS;2HOP_A_SS	2HOJ_A_SS;2HOK_A_SS;2HOL_A_SS;2HOM_A_SS;2HOO_A_SS;2HOP_A_SS
RF00059	URS000080E068_562/1-83	True	True	7TD7_A_SS;7TDA_A_SS;7TDB_A_SS;7TDC_A_SS;7TZT_A_SS;7TZU_A_SS	7TD7_A_SS;7TDA_A_SS;7TDB_A_SS;7TDC_A_SS;7TZT_A_SS;7TZU_A_SS
RF00059	URS000080E23F_32630/1-87	True	True	3K0J_E_SS;3K0J_F_SS	3K0J_E_SS;3K0J_F_SS
RF00059	X54035.1/52-153	True	True	NA	NA
RF00059	Z82044.1/19193-19300	True	True	NA	NA
RF00083	AALC02000029.1/13844-13630	True	True	NA	NA
RF00083	AALD02000050.1/26165-26384	True	True	NA	NA
RF00083	AALE02000016.1/52978-53200	True	True	NA	NA
RF00083	AALF02000074.1/688-908	True	True	NA	NA
RF00083	AAMJ02000024.1/58014-57808	True	True	NA	NA
RF00083	ABAT01000008.1/60360-60582	True	True	NA	NA
RF00083	AM286415.1/218914-219136	True	True	NA	NA
RF00083	BX571874.1/204902-204687	True	True	NA	NA
RF00083	BX950851.1/4684949-4684740	True	True	NA	NA
RF00083	CP000034.1/3676029-3675823	True	True	NA	NA
RF00083	CP000038.1/4195535-4195740	True	True	NA	NA
RF00083	CP000647.1/4707421-4707632	True	True	NA	NA
RF00083	CP000653.1/4326971-4326771	True	True	NA	NA
RF00083	CP000720.1/222226-222448	True	True	NA	NA
RF00083	CP000826.1/198017-198236	True	True	NA	NA
RF00083	CP001120.1/4151577-4151784	True	True	NA	NA
RF00083	CP001138.1/4061393-4061600	True	True	NA	NA
RF00083	CP001144.1/4170255-4170462	True	True	NA	NA
RF00083	CU928164.2/3094769-3094563	True	True	NA	NA
RF00083	M90498.1/3570-3743	True	True	NA	NA
RF00083	U00096.2/3984455-3984661	True	True	NA	NA
RF00083	URS0002617725_83333/1-207	True	True	8B0J_K_SS;8B0I_K_SS	8B0J_K_SS;8B0I_K_SS
RF00102	AF108105.1/10236-10396	True	True	NA	NA
RF00102	AF394196.1/10420-10579	True	True	NA	NA
RF00102	AF394196.1/10641-10799	True	True	NA	NA
RF00102	AF534906.1/10629-10785	True	True	NA	NA
RF00102	AY163756.1/10432-10590	True	True	NA	NA
RF00102	AY339865.1/10621-10777	True	True	NA	NA
RF00102	AY339865.1/10876-11033	True	True	NA	NA
RF00102	AY487947.1/10357-10516	True	True	NA	NA
RF00102	AY487947.1/10575-10742	True	True	NA	NA
RF00102	AY530876.1/10428-10594	True	True	NA	NA
RF00102	AY530878.1/10419-10580	True	True	NA	NA
RF00102	AY530878.1/10641-10813	True	True	NA	NA
RF00102	J01917.1/10866-11023	True	True	NA	NA
RF00102	L05511.1/76-247	True	True	NA	NA
RF00102	L06496.1/76-247	True	True	NA	NA
RF00102	M10281.1/2-159	True	True	NA	NA
RF00102	M14082.1/179-349	True	True	NA	NA
RF00102	M14785.1/5430-5577	True	True	NA	NA
RF00102	M35961.1/2-156	True	True	NA	NA
RF00102	M86665.1/672-843	True	True	NA	NA
RF00102	U03007.1/36-206	True	True	NA	NA
RF00102	U03015.1/24-172	True	True	NA	NA
RF00102	U10674.1/256-426	True	True	NA	NA
RF00102	U10676.1/26-173	True	True	NA	NA
RF00102	U10680.1/24-195	True	True	NA	NA
RF00102	U10680.1/268-440	True	True	NA	NA
RF00102	U10681.1/21-180	True	True	NA	NA
RF00102	U10683.1/23-181	True	True	NA	NA
RF00102	U10683.1/239-388	True	True	NA	NA
RF00102	U10684.1/21-181	True	True	NA	NA
RF00102	U52533.1/117-273	True	True	NA	NA
RF00102	U52533.1/372-529	True	True	NA	NA
RF00102	U52534.1/362-535	True	True	NA	NA
RF00102	U52536.1/115-274	True	True	NA	NA
RF00102	U52537.1/115-274	True	True	NA	NA
RF00102	U52537.1/333-482	True	True	NA	NA
RF00102	U52540.1/115-274	True	True	NA	NA
RF00102	U52541.1/115-274	True	True	NA	NA
RF00102	U52542.1/333-482	True	True	NA	NA
RF00102	U52543.1/115-274	True	True	NA	NA
RF00102	U52544.1/333-482	True	True	NA	NA
RF00102	U52545.1/333-482	True	True	NA	NA
RF00102	U52553.1/333-482	True	True	NA	NA
RF00102	U52558.1/333-482	True	True	NA	NA
RF00102	U52564.1/354-525	True	True	NA	NA
RF00102	U52565.1/119-278	True	True	NA	NA
RF00102	U52565.1/354-525	True	True	NA	NA
RF00102	U52566.1/115-274	True	True	NA	NA
RF00102	U52567.1/117-264	True	True	NA	NA
RF00102	U52570.1/118-276	True	True	NA	NA
RF00102	U52573.1/114-286	True	True	NA	NA
RF00102	U52574.1/118-289	True	True	NA	NA
RF00102	U52574.1/363-537	True	True	NA	NA
RF00102	URS0000EEACE9_10515/1-112	True	True	6OL3_C_SS	6OL3_C_SS
RF00102	X03000.1/10423-10594	True	True	NA	NA
RF00162	AACY020322622.1/575-479	True	True	NA	NA
RF00162	AAEW02000009.1/42224-42117	True	True	NA	NA
RF00162	AAFX01122557.1/25-152	True	True	NA	NA
RF00162	AAJM01000461.1/236-129	True	True	NA	NA
RF00162	AAML04000010.1/122381-122487	True	True	NA	NA
RF00162	AANA01000001.1/1389418-1389294	True	True	NA	NA
RF00162	AANC01000003.1/237429-237533	True	True	NA	NA
RF00162	AAOG01000001.1/142958-142849	True	True	NA	NA
RF00162	AAOX01000002.1/320062-320165	True	True	NA	NA
RF00162	AAOX01000002.1/320243-320340	True	True	NA	NA
RF00162	AAOX01000002.1/340881-340984	True	True	NA	NA
RF00162	AAOX01000005.1/171326-171162	True	True	NA	NA
RF00162	AAOX01000006.1/30687-30791	True	True	NA	NA
RF00162	AAOX01000006.1/96737-96624	True	True	NA	NA
RF00162	AAOX01000014.1/12064-12163	True	True	NA	NA
RF00162	AAOX01000018.1/27020-26864	True	True	NA	NA
RF00162	AAOX01000038.1/20734-20635	True	True	NA	NA
RF00162	AAOX01000055.1/439-545	True	True	NA	NA
RF00162	AAPD01000001.1/936074-936181	True	True	NA	NA
RF00162	AAPR01000022.1/22928-22828	True	True	NA	NA
RF00162	AARG01000011.1/103271-103357	True	True	NA	NA
RF00162	AARI02000249.1/265-361	True	True	NA	NA
RF00162	AARL02000014.1/678-559	True	True	NA	NA
RF00162	AARM02000086.1/6918-7038	True	True	NA	NA
RF00162	AASE01000018.1/36798-36683	True	True	NA	NA
RF00162	AAVL02000036.1/100921-100817	True	True	NA	NA
RF00162	AAVO02000010.1/47842-47944	True	True	NA	NA
RF00162	AAVP02000024.1/12932-13029	True	True	NA	NA
RF00162	AAWL01000001.1/327573-327687	True	True	NA	NA
RF00162	AAWL01000002.1/146610-146509	True	True	NA	NA
RF00162	AAWL01000026.1/22109-22215	True	True	NA	NA
RF00162	AAWS01000061.1/3106-3001	True	True	NA	NA
RF00162	AAXA02000011.1/106110-106208	True	True	NA	NA
RF00162	AAXG02000006.1/101826-101729	True	True	NA	NA
RF00162	AAXU02000001.1/3185191-3185093	True	True	NA	NA
RF00162	AAXV01000005.1/126573-126679	True	True	NA	NA
RF00162	AAXV01000007.1/124740-124627	True	True	NA	NA
RF00162	AAXV01000007.1/42365-42470	True	True	NA	NA
RF00162	AAXV01000010.1/2942-2843	True	True	NA	NA
RF00162	AAXV01000011.1/30443-30546	True	True	NA	NA
RF00162	AAXV01000019.1/61222-61331	True	True	NA	NA
RF00162	AAXV01000033.1/3690-3784	True	True	NA	NA
RF00162	AAXX01000001.1/747308-747200	True	True	NA	NA
RF00162	AAYG02000021.1/57727-57823	True	True	NA	NA
RF00162	AB090330.1/380-279	True	True	NA	NA
RF00162	ABCB02000018.1/9340-9436	True	True	NA	NA
RF00162	ABCF01000005.1/97205-97306	True	True	NA	NA
RF00162	ABCF01000016.1/2236-2349	True	True	NA	NA
RF00162	ABCM01000001.1/92975-92873	True	True	NA	NA
RF00162	ABDA02000002.1/27359-27468	True	True	NA	NA
RF00162	ABDP01000004.1/161395-161294	True	True	NA	NA
RF00162	ABDQ01000003.1/211832-211918	True	True	NA	NA
RF00162	ABDT01000031.2/132-23	True	True	NA	NA
RF00162	ABDT01000037.2/9251-9359	True	True	NA	NA
RF00162	ABDT01000114.2/68234-68332	True	True	NA	NA
RF00162	ABDU01000083.2/79240-79352	True	True	NA	NA
RF00162	ABED02000029.1/620487-620585	True	True	NA	NA
RF00162	ABEZ02000013.1/193212-193110	True	True	NA	NA
RF00162	ABFD02000009.1/97533-97428	True	True	NA	NA
RF00162	ABFU01000060.1/128844-128955	True	True	NA	NA
RF00162	ABGD02000008.1/40601-40696	True	True	NA	NA
RF00162	ABIB01000001.1/287097-286995	True	True	NA	NA
RF00162	ABIL02000006.1/144101-144004	True	True	NA	NA
RF00162	ABJF01000395.1/4781-4624	True	True	NA	NA
RF00162	ABJG02000470.1/2764-2919	True	True	NA	NA
RF00162	ABJH01000081.1/1215-1362	True	True	NA	NA
RF00162	ABJI02000433.1/3689-3816	True	True	NA	NA
RF00162	ABJJ02000300.1/30118-29960	True	True	NA	NA
RF00162	ABKL02000024.1/81090-81192	True	True	NA	NA
RF00162	ABKW02000003.1/317079-316978	True	True	NA	NA
RF00162	ABLU01106369.1/97-6	True	True	NA	NA
RF00162	ABMW01084009.1/100-6	True	True	NA	NA
RF00162	ABOU02000055.1/96522-96420	True	True	NA	NA
RF00162	ABOX02000046.1/18955-19074	True	True	NA	NA
RF00162	ABRU01000018.1/11937-11821	True	True	NA	NA
RF00162	ABRX01000004.1/223227-223118	True	True	NA	NA
RF00162	ABSQ01002824.1/631-738	True	True	NA	NA
RF00162	ABTR02000001.1/1201751-1201854	True	True	NA	NA
RF00162	ABVH01000010.1/37660-37766	True	True	NA	NA
RF00162	ABVK02000003.1/176687-176823	True	True	NA	NA
RF00162	ABVR01000040.1/301449-301548	True	True	NA	NA
RF00162	ABVW01000002.1/44661-44766	True	True	NA	NA
RF00162	ABWK02000020.1/271385-271488	True	True	NA	NA
RF00162	ABWN01000022.1/104834-104735	True	True	NA	NA
RF00162	ABWO01000038.1/8212-8308	True	True	NA	NA
RF00162	ABWP01000002.1/3034-3135	True	True	NA	NA
RF00162	ABXP01000190.1/1560-1672	True	True	NA	NA
RF00162	ABYA01000312.1/4381-4534	True	True	NA	NA
RF00162	ABYC01000290.1/27042-27199	True	True	NA	NA
RF00162	ABYU02000037.1/4945-4847	True	True	NA	NA
RF00162	ABYX01000149.1/176896-177023	True	True	NA	NA
RF00162	ACBY02000020.1/258141-258043	True	True	NA	NA
RF00162	ACBZ01000203.1/8528-8629	True	True	NA	NA
RF00162	ACCL02000003.1/136176-136276	True	True	NA	NA
RF00162	ACCR02000003.1/83189-83082	True	True	NA	NA
RF00162	ACDB02000007.1/188296-188209	True	True	NA	NA
RF00162	ACDD01000058.1/73-160	True	True	NA	NA
RF00162	ACDG02000015.1/15379-15466	True	True	NA	NA
RF00162	ACDH01000015.1/29225-29312	True	True	NA	NA
RF00162	ACDK01000006.1/20557-20663	True	True	NA	NA
RF00162	ACDZ02000006.1/93274-93376	True	True	NA	NA
RF00162	ACEC01000115.1/2240-2146	True	True	NA	NA
RF00162	ACES01000173.1/1604-1473	True	True	NA	NA
RF00162	ACET01000016.1/116829-116743	True	True	NA	NA
RF00162	ACEU01000265.1/7365-7210	True	True	NA	NA
RF00162	ACEV01000067.1/336881-337014	True	True	NA	NA
RF00162	ACEW01000347.1/17844-17982	True	True	NA	NA
RF00162	ACEX01000437.1/2744-2885	True	True	NA	NA
RF00162	ACEZ01000126.1/65345-65190	True	True	NA	NA
RF00162	ACFR01000002.1/115417-115315	True	True	NA	NA
RF00162	ACGB01000028.1/29135-29031	True	True	NA	NA
RF00162	ACHA02000006.1/124772-124667	True	True	NA	NA
RF00162	ACHB01000100.1/57340-57454	True	True	NA	NA
RF00162	ACIE02000025.1/96603-96517	True	True	NA	NA
RF00162	ACIH01000230.1/3738-3609	True	True	NA	NA
RF00162	ACII01000156.1/15700-15599	True	True	NA	NA
RF00162	ACIK02000010.1/282585-282485	True	True	NA	NA
RF00162	ACIN02000013.1/199862-199965	True	True	NA	NA
RF00162	ACIP02000004.1/237213-237114	True	True	NA	NA
RF00162	ACIQ02000024.1/9596-9700	True	True	NA	NA
RF00162	ACJB01000070.1/16733-16623	True	True	NA	NA
RF00162	ACJM01000005.1/12852-12955	True	True	NA	NA
RF00162	ACJX02000007.1/318260-318153	True	True	NA	NA
RF00162	ACKQ02000002.1/742513-742620	True	True	NA	NA
RF00162	ACKT01000016.1/194512-194407	True	True	NA	NA
RF00162	ACLA01000020.1/206857-206751	True	True	NA	NA
RF00162	ACLF03000006.1/44662-44769	True	True	NA	NA
RF00162	ACLP01000020.1/71764-71658	True	True	NA	NA
RF00162	ACLT01000057.1/24072-24187	True	True	NA	NA
RF00162	ACLW01000047.1/255928-256033	True	True	NA	NA
RF00162	ACLX01000083.1/11419-11532	True	True	NA	NA
RF00162	ACLY01000071.1/41239-41095	True	True	NA	NA
RF00162	ACMD01000102.1/19238-19132	True	True	NA	NA
RF00162	ACME01000005.1/38827-38723	True	True	NA	NA
RF00162	ACMJ01000013.1/79549-79437	True	True	NA	NA
RF00162	ACML01000054.1/24739-24633	True	True	NA	NA
RF00162	ACMM01000043.1/11026-11131	True	True	NA	NA
RF00162	ACMP01000006.1/18282-18169	True	True	NA	NA
RF00162	ACMR01000082.1/17402-17507	True	True	NA	NA
RF00162	ACMS01000020.1/866-971	True	True	NA	NA
RF00162	ACMT01000176.1/7164-7023	True	True	NA	NA
RF00162	ACMU01000050.1/34307-34422	True	True	NA	NA
RF00162	ACMV01000059.1/168768-168876	True	True	NA	NA
RF00162	ACMW01000090.1/86610-86722	True	True	NA	NA
RF00162	ACMX01000011.1/17693-17806	True	True	NA	NA
RF00162	ACMZ01000099.1/4914-5019	True	True	NA	NA
RF00162	ACND01000092.1/77021-76920	True	True	NA	NA
RF00162	ACNG01000055.1/75164-75269	True	True	NA	NA
RF00162	ACNI01000057.1/7157-7272	True	True	NA	NA
RF00162	ACNK01000182.1/46147-46039	True	True	NA	NA
RF00162	ACOK01000109.1/19481-19381	True	True	NA	NA
RF00162	ACOM01000005.1/822103-822219	True	True	NA	NA
RF00162	ADJS01002320.1/1580-1477	True	True	NA	NA
RF00162	AE001437.1/1073888-1073785	True	True	NA	NA
RF00162	AE001437.1/1976371-1976471	True	True	NA	NA
RF00162	AE001437.1/2914841-2914733	True	True	NA	NA
RF00162	AE001437.1/453563-453665	True	True	NA	NA
RF00162	AE006470.1/606189-606295	True	True	NA	NA
RF00162	AE008691.1/1750369-1750270	True	True	NA	NA
RF00162	AE008691.1/2076682-2076573	True	True	NA	NA
RF00162	AE008691.1/500243-500352	True	True	NA	NA
RF00162	AE009951.2/1317653-1317567	True	True	NA	NA
RF00162	AE015927.1/1226200-1226097	True	True	NA	NA
RF00162	AE015927.1/1456770-1456662	True	True	NA	NA
RF00162	AE015927.1/2676955-2676853	True	True	NA	NA
RF00162	AE015927.1/303338-303443	True	True	NA	NA
RF00162	AE017180.1/1014096-1014202	True	True	NA	NA
RF00162	AE017180.1/2700118-2700220	True	True	NA	NA
RF00162	AE017194.1/1084280-1084386	True	True	NA	NA
RF00162	AE017194.1/3299167-3299061	True	True	NA	NA
RF00162	AE017225.1/1375419-1375524	True	True	NA	NA
RF00162	AE017225.1/177275-177161	True	True	NA	NA
RF00162	AE017225.1/3092372-3092274	True	True	NA	NA
RF00162	AE017225.1/320618-320724	True	True	NA	NA
RF00162	AE017225.1/4074580-4074471	True	True	NA	NA
RF00162	AE017225.1/4554904-4554783	True	True	NA	NA
RF00162	AE017333.1/1207733-1207622	True	True	NA	NA
RF00162	AE017333.1/1292148-1292264	True	True	NA	NA
RF00162	AE017333.1/1487506-1487363	True	True	NA	NA
RF00162	AE017333.1/1489705-1489804	True	True	NA	NA
RF00162	AE017333.1/1735574-1735680	True	True	NA	NA
RF00162	AE017333.1/3063716-3063609	True	True	NA	NA
RF00162	AE017333.1/3080753-3080616	True	True	NA	NA
RF00162	AE017333.1/3302616-3302509	True	True	NA	NA
RF00162	AE017333.1/4014357-4014466	True	True	NA	NA
RF00162	AE017333.1/969726-969839	True	True	NA	NA
RF00162	AE017334.2/197187-197081	True	True	NA	NA
RF00162	AE017334.2/2953356-2953255	True	True	NA	NA
RF00162	AE017334.2/4074410-4074519	True	True	NA	NA
RF00162	AE017355.1/1384699-1384807	True	True	NA	NA
RF00162	AE017355.1/1833727-1833836	True	True	NA	NA
RF00162	AE017355.1/2515876-2515991	True	True	NA	NA
RF00162	AE017355.1/3872413-3872520	True	True	NA	NA
RF00162	AE017355.1/388363-388251	True	True	NA	NA
RF00162	AE017355.1/4749676-4749569	True	True	NA	NA
RF00162	AE017355.1/768972-768867	True	True	NA	NA
RF00162	AF027868.1/5245-5154	True	True	NA	NA
RF00162	AF269983.1/571-671	True	True	NA	NA
RF00162	AF270301.1/145-36	True	True	NA	NA
RF00162	AJ000974.1/281-386	True	True	NA	NA
RF00162	AJ002571.1/38016-37861	True	True	NA	NA
RF00162	AL009126.3/1258304-1258424	True	True	NA	NA
RF00162	AL009126.3/1424683-1424527	True	True	NA	NA
RF00162	AL009126.3/1426876-1426976	True	True	NA	NA
RF00162	AL009126.3/3129333-3129195	True	True	NA	NA
RF00162	AL009126.3/3364503-3364397	True	True	NA	NA
RF00162	AL009126.3/3997775-3997881	True	True	NA	NA
RF00162	AL009126.3/3999166-3999272	True	True	NA	NA
RF00162	AL591973.1/137133-137235	True	True	NA	NA
RF00162	AL591974.1/109385-109266	True	True	NA	NA
RF00162	AL591976.1/242770-242867	True	True	NA	NA
RF00162	AL591980.1/66651-66543	True	True	NA	NA
RF00162	AL591980.1/89597-89491	True	True	NA	NA
RF00162	AL591983.1/96176-96058	True	True	NA	NA
RF00162	AL596163.1/172398-172500	True	True	NA	NA
RF00162	AL596164.1/95936-95817	True	True	NA	NA
RF00162	AL596165.1/180914-180814	True	True	NA	NA
RF00162	AL596166.1/166748-166844	True	True	NA	NA
RF00162	AL596169.1/221462-221354	True	True	NA	NA
RF00162	AL596170.1/192-86	True	True	NA	NA
RF00162	AL596172.1/176254-176136	True	True	NA	NA
RF00162	AL939119.1/177986-178133	True	True	NA	NA
RF00162	AM180355.1/1724139-1724245	True	True	NA	NA
RF00162	AM180355.1/174147-174250	True	True	NA	NA
RF00162	AM263198.1/870267-870363	True	True	NA	NA
RF00162	AM295250.1/465274-465380	True	True	NA	NA
RF00162	AM412317.1/1193313-1193415	True	True	NA	NA
RF00162	AM420293.1/1589093-1588966	True	True	NA	NA
RF00162	AP006627.1/1563582-1563686	True	True	NA	NA
RF00162	AP006627.1/1701649-1701759	True	True	NA	NA
RF00162	AP006627.1/1705479-1705377	True	True	NA	NA
RF00162	AP006627.1/1983212-1983311	True	True	NA	NA
RF00162	AP006627.1/3008449-3008342	True	True	NA	NA
RF00162	AP006627.1/3104693-3104588	True	True	NA	NA
RF00162	AP006627.1/604071-603968	True	True	NA	NA
RF00162	AP006627.1/951406-951512	True	True	NA	NA
RF00162	AP006716.1/14213-14314	True	True	NA	NA
RF00162	AP006716.1/2100177-2100072	True	True	NA	NA
RF00162	AP006716.1/417999-418100	True	True	NA	NA
RF00162	AP006716.1/475254-475360	True	True	NA	NA
RF00162	AP006716.1/507636-507743	True	True	NA	NA
RF00162	AP006840.1/138157-138265	True	True	NA	NA
RF00162	AP006840.1/1830606-1830721	True	True	NA	NA
RF00162	AP006840.1/2688754-2688649	True	True	NA	NA
RF00162	AP006840.1/278272-278389	True	True	NA	NA
RF00162	AP008226.1/728125-727989	True	True	NA	NA
RF00162	AP008230.1/4549598-4549497	True	True	NA	NA
RF00162	AP008230.1/4551167-4551265	True	True	NA	NA
RF00162	AP008230.1/5317569-5317463	True	True	NA	NA
RF00162	AP008934.1/1011112-1011223	True	True	NA	NA
RF00162	AP008934.1/131883-131770	True	True	NA	NA
RF00162	AP008934.1/15667-15765	True	True	NA	NA
RF00162	AP008934.1/1948647-1948540	True	True	NA	NA
RF00162	AP008934.1/276954-277060	True	True	NA	NA
RF00162	AP008934.1/318535-318643	True	True	NA	NA
RF00162	AP008934.1/616628-616728	True	True	NA	NA
RF00162	AP008955.1/3935954-3935848	True	True	NA	NA
RF00162	AP008957.1/5227167-5227072	True	True	NA	NA
RF00162	AP008971.1/1262692-1262597	True	True	NA	NA
RF00162	AP009049.1/1342262-1342152	True	True	NA	NA
RF00162	AP009389.1/1533734-1533850	True	True	NA	NA
RF00162	AP009389.1/251789-251896	True	True	NA	NA
RF00162	AP009484.1/63878-63783	True	True	NA	NA
RF00162	BA000004.3/1348816-1348929	True	True	NA	NA
RF00162	BA000004.3/1699957-1700066	True	True	NA	NA
RF00162	BA000004.3/3427467-3427355	True	True	NA	NA
RF00162	BA000004.3/3590821-3590709	True	True	NA	NA
RF00162	BA000004.3/910192-910088	True	True	NA	NA
RF00162	BA000016.3/2500083-2499978	True	True	NA	NA
RF00162	BA000028.3/1098099-1097993	True	True	NA	NA
RF00162	BA000028.3/1319041-1319141	True	True	NA	NA
RF00162	BA000028.3/2134366-2134264	True	True	NA	NA
RF00162	BA000028.3/2365513-2365403	True	True	NA	NA
RF00162	BA000028.3/2437307-2437208	True	True	NA	NA
RF00162	BA000028.3/2708645-2708539	True	True	NA	NA
RF00162	BA000028.3/2856865-2856757	True	True	NA	NA
RF00162	BA000028.3/3162073-3162182	True	True	NA	NA
RF00162	BA000028.3/3200638-3200530	True	True	NA	NA
RF00162	BA000028.3/3200764-3200871	True	True	NA	NA
RF00162	BA000028.3/3466520-3466401	True	True	NA	NA
RF00162	BA000028.3/727026-727131	True	True	NA	NA
RF00162	BA000030.3/4858626-4858480	True	True	NA	NA
RF00162	BA000043.1/2876470-2876356	True	True	NA	NA
RF00162	BA000043.1/3025512-3025403	True	True	NA	NA
RF00162	BA000043.1/745485-745383	True	True	NA	NA
RF00162	BA000043.1/883132-883242	True	True	NA	NA
RF00162	BA000043.1/972359-972191	True	True	NA	NA
RF00162	BA000043.1/974636-974744	True	True	NA	NA
RF00162	BA000045.2/2730826-2730714	True	True	NA	NA
RF00162	BAAZ01010499.1/873-972	True	True	NA	NA
RF00162	BX571856.1/15939-16037	True	True	NA	NA
RF00162	CP000001.1/185418-185523	True	True	NA	NA
RF00162	CP000001.1/334370-334474	True	True	NA	NA
RF00162	CP000001.1/3927237-3927096	True	True	NA	NA
RF00162	CP000001.1/5213243-5213138	True	True	NA	NA
RF00162	CP000029.1/1935501-1935405	True	True	NA	NA
RF00162	CP000029.1/480767-480869	True	True	NA	NA
RF00162	CP000046.1/2381002-2380907	True	True	NA	NA
RF00162	CP000046.1/900604-900707	True	True	NA	NA
RF00162	CP000088.1/254824-254964	True	True	NA	NA
RF00162	CP000096.1/692601-692748	True	True	NA	NA
RF00162	CP000108.1/1604667-1604787	True	True	NA	NA
RF00162	CP000112.1/2490976-2491083	True	True	NA	NA
RF00162	CP000141.1/2169978-2169874	True	True	NA	NA
RF00162	CP000142.2/516461-516352	True	True	NA	NA
RF00162	CP000148.1/765280-765385	True	True	NA	NA
RF00162	CP000159.1/648790-648906	True	True	NA	NA
RF00162	CP000232.1/1204935-1204832	True	True	NA	NA
RF00162	CP000232.1/1354284-1354167	True	True	NA	NA
RF00162	CP000232.1/2070462-2070570	True	True	NA	NA
RF00162	CP000239.1/1201745-1201635	True	True	NA	NA
RF00162	CP000249.1/5255171-5255287	True	True	NA	NA
RF00162	CP000382.1/316300-316411	True	True	NA	NA
RF00162	CP000383.1/165474-165365	True	True	NA	NA
RF00162	CP000386.1/1121068-1121189	True	True	NA	NA
RF00162	CP000448.1/1653165-1653067	True	True	NA	NA
RF00162	CP000482.1/3869976-3869870	True	True	NA	NA
RF00162	CP000492.1/2010009-2009901	True	True	NA	NA
RF00162	CP000557.1/1285675-1285779	True	True	NA	NA
RF00162	CP000560.1/1082099-1081978	True	True	NA	NA
RF00162	CP000568.1/2679822-2679717	True	True	NA	NA
RF00162	CP000607.1/1332223-1332114	True	True	NA	NA
RF00162	CP000612.1/107660-107768	True	True	NA	NA
RF00162	CP000612.1/2418052-2417945	True	True	NA	NA
RF00162	CP000612.1/2872894-2873007	True	True	NA	NA
RF00162	CP000612.1/3367128-3367031	True	True	NA	NA
RF00162	CP000673.1/1716322-1716209	True	True	NA	NA
RF00162	CP000673.1/1915422-1915314	True	True	NA	NA
RF00162	CP000673.1/1916685-1916789	True	True	NA	NA
RF00162	CP000673.1/2974771-2974666	True	True	NA	NA
RF00162	CP000673.1/3104226-3104112	True	True	NA	NA
RF00162	CP000673.1/3384182-3384086	True	True	NA	NA
RF00162	CP000673.1/503077-503184	True	True	NA	NA
RF00162	CP000673.1/818867-818971	True	True	NA	NA
RF00162	CP000679.1/1731346-1731467	True	True	NA	NA
RF00162	CP000685.1/4776282-4776182	True	True	NA	NA
RF00162	CP000698.1/4591678-4591570	True	True	NA	NA
RF00162	CP000721.1/1647224-1647332	True	True	NA	NA
RF00162	CP000724.1/4004549-4004448	True	True	NA	NA
RF00162	CP000724.1/763663-763763	True	True	NA	NA
RF00162	CP000724.1/968949-968838	True	True	NA	NA
RF00162	CP000726.1/3620086-3619976	True	True	NA	NA
RF00162	CP000727.1/1728869-1728972	True	True	NA	NA
RF00162	CP000728.1/2062169-2062064	True	True	NA	NA
RF00162	CP000764.1/3033666-3033778	True	True	NA	NA
RF00162	CP000813.1/1116941-1116823	True	True	NA	NA
RF00162	CP000817.1/560536-560639	True	True	NA	NA
RF00162	CP000820.1/215210-215091	True	True	NA	NA
RF00162	CP000853.1/102837-102950	True	True	NA	NA
RF00162	CP000860.1/973047-972931	True	True	NA	NA
RF00162	CP000875.1/1061086-1061193	True	True	NA	NA
RF00162	CP000875.1/2997482-2997580	True	True	NA	NA
RF00162	CP000879.1/1211576-1211465	True	True	NA	NA
RF00162	CP000885.1/4762158-4762063	True	True	NA	NA
RF00162	CP000909.1/4069333-4069227	True	True	NA	NA
RF00162	CP000922.1/2445298-2445193	True	True	NA	NA
RF00162	CP000923.1/995529-995640	True	True	NA	NA
RF00162	CP000924.1/750630-750734	True	True	NA	NA
RF00162	CP000930.2/1734610-1734715	True	True	NA	NA
RF00162	CP000975.1/1171211-1171325	True	True	NA	NA
RF00162	CP001022.1/2309368-2309263	True	True	NA	NA
RF00162	CP001022.1/2505940-2506043	True	True	NA	NA
RF00162	CP001022.1/2707752-2707649	True	True	NA	NA
RF00162	CP001022.1/2804795-2804898	True	True	NA	NA
RF00162	CP001022.1/2949654-2949549	True	True	NA	NA
RF00162	CP001022.1/2977132-2977031	True	True	NA	NA
RF00162	CP001022.1/449125-449227	True	True	NA	NA
RF00162	CP001034.1/2889251-2889136	True	True	NA	NA
RF00162	CP001056.1/749334-749442	True	True	NA	NA
RF00162	CP001078.1/2736261-2736158	True	True	NA	NA
RF00162	CP001089.1/3288078-3288187	True	True	NA	NA
RF00162	CP001089.1/3739157-3739264	True	True	NA	NA
RF00162	CP001097.1/2001878-2001771	True	True	NA	NA
RF00162	CP001098.1/2431377-2431263	True	True	NA	NA
RF00162	CP001099.1/664814-664922	True	True	NA	NA
RF00162	CP001100.1/1493806-1493922	True	True	NA	NA
RF00162	CP001101.1/884104-884209	True	True	NA	NA
RF00162	CP001108.1/778657-778762	True	True	NA	NA
RF00162	CP001110.1/965443-965552	True	True	NA	NA
RF00162	CP001124.1/432444-432343	True	True	NA	NA
RF00162	CP001145.1/871363-871477	True	True	NA	NA
RF00162	CP001275.1/371734-371625	True	True	NA	NA
RF00162	CP001336.1/1583758-1583658	True	True	NA	NA
RF00162	CP001337.1/4323854-4323960	True	True	NA	NA
RF00162	CP001348.1/101863-101963	True	True	NA	NA
RF00162	CP001364.1/4661646-4661757	True	True	NA	NA
RF00162	CP001390.1/1543852-1543744	True	True	NA	NA
RF00162	CP001393.1/1215384-1215507	True	True	NA	NA
RF00162	CP001472.1/3934139-3934250	True	True	NA	NA
RF00162	CP001615.1/763985-763879	True	True	NA	NA
RF00162	CP001619.1/3294664-3294557	True	True	NA	NA
RF00162	CP001630.1/1349393-1349277	True	True	NA	NA
RF00162	CP001631.1/1935400-1935293	True	True	NA	NA
RF00162	CP001638.1/2955292-2955189	True	True	NA	NA
RF00162	CP001649.1/963759-963659	True	True	NA	NA
RF00162	CP001656.1/5519557-5519455	True	True	NA	NA
RF00162	CP001661.1/2331226-2331122	True	True	NA	NA
RF00162	CP001681.1/4562963-4563072	True	True	NA	NA
RF00162	CP001685.1/832315-832217	True	True	NA	NA
RF00162	CP001699.1/4958750-4958860	True	True	NA	NA
RF00162	CP001700.1/9422701-9422569	True	True	NA	NA
RF00162	CP001720.1/3787367-3787476	True	True	NA	NA
RF00162	CP001736.1/1289540-1289681	True	True	NA	NA
RF00162	CP001738.1/890419-890560	True	True	NA	NA
RF00162	CP001739.1/1846920-1847007	True	True	NA	NA
RF00162	CP001743.1/842385-842265	True	True	NA	NA
RF00162	CP001769.1/5132553-5132446	True	True	NA	NA
RF00162	CP001778.1/452900-453004	True	True	NA	NA
RF00162	CP001791.1/1324400-1324509	True	True	NA	NA
RF00162	CP001793.1/5775580-5775452	True	True	NA	NA
RF00162	CP001794.1/1767716-1767554	True	True	NA	NA
RF00162	CP001814.1/9846218-9846077	True	True	NA	NA
RF00162	CP001818.1/1579334-1579230	True	True	NA	NA
RF00162	CP001823.1/1231295-1231405	True	True	NA	NA
RF00162	CP001825.1/900813-900915	True	True	NA	NA
RF00162	CP001867.1/829496-829625	True	True	NA	NA
RF00162	CP001968.1/2913390-2913281	True	True	NA	NA
RF00162	CP002040.1/5022556-5022415	True	True	NA	NA
RF00162	CP002043.1/113014-112896	True	True	NA	NA
RF00162	CP002157.1/228642-228537	True	True	NA	NA
RF00162	CP002637.1/1789046-1788942	True	True	NA	NA
RF00162	CP003029.1/2215558-2215432	True	True	NA	NA
RF00162	CP003056.1/1844232-1844126	True	True	NA	NA
RF00162	CP003056.1/3328132-3328032	True	True	NA	NA
RF00162	CP003056.1/732327-732208	True	True	NA	NA
RF00162	CP003056.1/960835-960734	True	True	NA	NA
RF00162	CT573074.1/54619-54740	True	True	NA	NA
RF00162	CT573213.2/7305357-7305472	True	True	NA	NA
RF00162	CU207366.1/381646-381752	True	True	NA	NA
RF00162	L42943.1/254-144	True	True	NA	NA
RF00162	U36379.1/1-106	True	True	NA	NA
RF00162	U52812.1/691-829	True	True	NA	NA
RF00162	URS000080DDBE_1423/1-119	True	True	4KQY_A_SS	4KQY_A_SS
RF00162	URS000080DF1C_32630/1-94	True	True	3IQP_A_SS;3IQR_A_SS	3IQP_A_SS;3IQR_A_SS
RF00162	URS000080DF35_32630/1-94	True	True	2GIS_A_SS	2GIS_A_SS
RF00162	URS000080DF6B_911092/1-94	True	True	4AOB_A_SS	4AOB_A_SS
RF00162	URS000080DFE5_911092/1-94	True	True	4B5R_A_SS	4B5R_A_SS
RF00162	URS000080E047_32630/1-94	True	True	3GX2_A_SS;3GX3_A_SS;3GX5_A_SS;3GX6_A_SS	3GX2_A_SS;3GX3_A_SS;3GX5_A_SS;3GX6_A_SS
RF00162	URS000080E094_32630/1-94	True	True	3GX7_A_SS	3GX7_A_SS
RF00162	URS000080E09F_911092/1-126	True	True	3V7E_C_SS	3V7E_C_SS
RF00162	URS000080E1B3_911092/1-94	True	True	2YDH_A_SS	2YDH_A_SS
RF00162	URS000080E279_32630/1-94	True	True	3IQN_A_SS	3IQN_A_SS
RF00162	URS0000A7631C_911092/1-93	True	True	5FK4_A_SS	5FK4_A_SS
RF00162	URS0000A76343_911092/1-94	True	True	5FKG_A_SS	5FKG_A_SS
RF00162	URS0000A76344_911092/1-94	True	True	5FKH_A_SS	5FKH_A_SS
RF00162	URS0000A7634F_911092/1-94	True	True	5FJC_A_SS	5FJC_A_SS
RF00162	URS0000A76359_911092/1-94	True	True	5FK5_A_SS	5FK5_A_SS
RF00162	URS0000A7635A_911092/1-94	True	True	5FK6_A_SS	5FK6_A_SS
RF00162	URS0000A7635B_911092/1-94	True	True	5FKD_A_SS	5FKD_A_SS
RF00162	URS0000A76363_911092/1-94	True	True	5FK2_A_SS	5FK2_A_SS
RF00162	URS0000A76377_911092/1-94	True	True	5FK1_A_SS	5FK1_A_SS
RF00162	URS0000A76386_911092/1-94	True	True	5FK3_A_SS	5FK3_A_SS
RF00162	URS0000A7638A_911092/1-94	True	True	5FKE_A_SS	5FKE_A_SS
RF00162	URS0000A76399_911092/1-94	True	True	5FKF_A_SS	5FKF_A_SS
RF00162	URS0000BC4670_911092/1-95	True	True	2YGH_A_SS	2YGH_A_SS
RF00162	URS0002311979_119072/1-94	True	True	7EAF_A_SS	7EAF_A_SS
RF00162	Y09476.1/38002-37885	True	True	NA	NA
RF00164	AB033998.1/6702-6744	True	True	NA	NA
RF00164	AB037273.1/2393-2435	True	True	NA	NA
RF00164	AB046864.1/2311-2353	True	True	NA	NA
RF00164	AF056197.1/2428-2470	True	True	NA	NA
RF00164	AF111995.1/1596-1638	True	True	NA	NA
RF00164	AF111997.1/1443-1485	True	True	NA	NA
RF00164	AF257226.1/425-467	True	True	NA	NA
RF00164	AF361253.1/8721-8763	True	True	NA	NA
RF00164	AJ278335.1/370-412	True	True	NA	NA
RF00164	AJ619580.1/109-151	True	True	NA	NA
RF00164	AJ619582.1/83-125	True	True	NA	NA
RF00164	AJ619583.1/83-125	True	True	NA	NA
RF00164	AJ619584.1/73-115	True	True	NA	NA
RF00164	AJ619592.1/83-125	True	True	NA	NA
RF00164	AJ619594.1/83-125	True	True	NA	NA
RF00164	AY179509.1/6505-6548	True	True	NA	NA
RF00164	AY188187.1/197-239	True	True	NA	NA
RF00164	AY188190.1/197-239	True	True	NA	NA
RF00164	AY188191.1/197-239	True	True	NA	NA
RF00164	AY188195.1/190-232	True	True	NA	NA
RF00164	AY188199.1/190-232	True	True	NA	NA
RF00164	AY304452.1/197-239	True	True	NA	NA
RF00164	AY304457.1/197-239	True	True	NA	NA
RF00164	AY304462.1/197-239	True	True	NA	NA
RF00164	AY304470.1/197-239	True	True	NA	NA
RF00164	AY338174.1/29515-29557	True	True	NA	NA
RF00164	AY536760.3/1545-1587	True	True	NA	NA
RF00164	AY641576.1/27283-27325	True	True	NA	NA
RF00164	L06252.1/368-410	True	True	NA	NA
RF00164	L06253.1/392-434	True	True	NA	NA
RF00164	S68561.1/2636-2678	True	True	NA	NA
RF00164	U15136.1/2344-2382	True	True	NA	NA
RF00164	U52595.1/1520-1562	True	True	NA	NA
RF00164	U52600.1/1419-1461	True	True	NA	NA
RF00164	URS000080DEE1_32630/2-47	True	True	1XJR_A_SS	1XJR_A_SS
RF00164	Y15936.2/6871-6913	True	True	NA	NA
RF00164	Y15937.2/6358-6400	True	True	NA	NA
RF00164	Y15938.2/2354-2396	True	True	NA	NA
RF00164	Z66541.1/2326-2368	True	True	NA	NA
RF00166	AACY021828384.1/217-351	True	True	NA	NA
RF00166	AACY023002312.1/182-314	True	True	NA	NA
RF00166	AB039965.1/3562-3429	True	True	NA	NA
RF00166	AB054812.1/583-450	True	True	NA	NA
RF00166	AE004091.2/4057660-4057541	True	True	NA	NA
RF00166	AE015451.1/1822025-1822158	True	True	NA	NA
RF00166	AE016853.1/1728435-1728566	True	True	NA	NA
RF00166	AF170100.1/568-449	True	True	NA	NA
RF00166	AF178851.1/1737-1855	True	True	NA	NA
RF00166	AF208000.1/1460-1590	True	True	NA	NA
RF00166	AF245440.2/2236-2364	True	True	NA	NA
RF00166	AJ556798.1/345-475	True	True	NA	NA
RF00166	AY355347.1/1922-2054	True	True	NA	NA
RF00166	CP000058.1/4360893-4360761	True	True	NA	NA
RF00166	CP000075.1/1558056-1558186	True	True	NA	NA
RF00166	CP000076.1/1382689-1382817	True	True	NA	NA
RF00166	CP000094.2/1309713-1309843	True	True	NA	NA
RF00166	CP000304.1/1688217-1688349	True	True	NA	NA
RF00166	CP000438.1/1500350-1500469	True	True	NA	NA
RF00166	CP000680.1/3344431-3344299	True	True	NA	NA
RF00166	CP000712.1/4650676-4650543	True	True	NA	NA
RF00166	CP000744.1/1543125-1543244	True	True	NA	NA
RF00166	CP000949.1/4473080-4472949	True	True	NA	NA
RF00166	CP001157.1/116864-117005	True	True	NA	NA
RF00166	CP001157.1/1671953-1672091	True	True	NA	NA
RF00166	CT573326.1/4468854-4468722	True	True	NA	NA
RF00166	D26134.1/2614-2729	True	True	NA	NA
RF00166	EF026091.1/2504-2636	True	True	NA	NA
RF00166	EF424630.1/123-1	True	True	NA	NA
RF00166	EF424631.1/123-1	True	True	NA	NA
RF00166	EF424632.1/124-1	True	True	NA	NA
RF00166	EF424637.1/124-1	True	True	NA	NA
RF00166	EF424638.1/123-1	True	True	NA	NA
RF00166	EF424640.1/124-1	True	True	NA	NA
RF00166	EF587266.1/3410-3543	True	True	NA	NA
RF00166	EU491520.1/114-1	True	True	NA	NA
RF00166	URS000080DEDE_294/1-72	True	True	2MF1_G_SS;2MF0_G_SS	2MF1_G_SS;2MF0_G_SS
RF00166	URS0002681400_287/1-118	True	True	7YR6_A_SS;7YR7_A_SS	7YR6_A_SS;7YR7_A_SS
RF00166	Y19122.1/2240-2373	True	True	NA	NA
RF00174	AAAP01002012.1/63-264	True	True	NA	NA
RF00174	AAAP01002228.1/195-393	True	True	NA	NA
RF00174	AAAP01003109.1/772-975	True	True	NA	NA
RF00174	AAAP01003421.1/1751-1552	True	True	NA	NA
RF00174	AAAP01003520.1/1076-876	True	True	NA	NA
RF00174	AAAP01003877.1/22278-22052	True	True	NA	NA
RF00174	AAEW02000019.1/41610-41804	True	True	NA	NA
RF00174	AAEW02000025.1/17075-16894	True	True	NA	NA
RF00174	AAKL01000016.1/79085-78907	True	True	NA	NA
RF00174	AAKV01000038.1/3066-2876	True	True	NA	NA
RF00174	AAKX01000098.1/49369-49177	True	True	NA	NA
RF00174	AALC02000021.1/24189-24005	True	True	NA	NA
RF00174	AALD02000002.1/89872-89689	True	True	NA	NA
RF00174	AALE02000017.1/13768-13946	True	True	NA	NA
RF00174	AALF02000008.1/20807-20993	True	True	NA	NA
RF00174	AALV01000001.1/473478-473695	True	True	NA	NA
RF00174	AALV01000001.1/486810-487025	True	True	NA	NA
RF00174	AALV01000003.1/110855-110657	True	True	NA	NA
RF00174	AALY01000001.1/1587847-1587654	True	True	NA	NA
RF00174	AALY01000002.1/134769-134967	True	True	NA	NA
RF00174	AALY01000002.1/281935-282137	True	True	NA	NA
RF00174	AALZ01000005.1/160175-160352	True	True	NA	NA
RF00174	AAMD01000003.1/111144-110936	True	True	NA	NA
RF00174	AAMD01000003.1/140975-140766	True	True	NA	NA
RF00174	AAMD01000084.1/10237-10454	True	True	NA	NA
RF00174	AAMO01000002.1/489939-490149	True	True	NA	NA
RF00174	AAMQ01000002.1/102723-102923	True	True	NA	NA
RF00174	AAMS01000001.1/256679-256897	True	True	NA	NA
RF00174	AAMT01000006.1/185943-186160	True	True	NA	NA
RF00174	AAMV01000013.1/62699-62922	True	True	NA	NA
RF00174	AAMV01000014.1/59909-60127	True	True	NA	NA
RF00174	AAMY01000005.1/65948-65728	True	True	NA	NA
RF00174	AAMY01000011.1/25797-25601	True	True	NA	NA
RF00174	AANB01000001.1/641586-641369	True	True	NA	NA
RF00174	AANB01000001.1/655385-655159	True	True	NA	NA
RF00174	AAOE01000043.1/7099-6916	True	True	NA	NA
RF00174	AAOT01000001.1/134844-135059	True	True	NA	NA
RF00174	AAOX01000008.1/103201-103006	True	True	NA	NA
RF00174	AAQF01000040.1/17254-17070	True	True	NA	NA
RF00174	AAQF01000153.1/10735-10924	True	True	NA	NA
RF00174	AAQG01000005.1/141632-141817	True	True	NA	NA
RF00174	AAQG01000024.1/17748-17527	True	True	NA	NA
RF00174	AAQW01000001.1/1951627-1951834	True	True	NA	NA
RF00174	AAQW01000001.1/3968828-3969032	True	True	NA	NA
RF00174	AARF01000099.1/15166-14990	True	True	NA	NA
RF00174	AARF01000375.1/31-229	True	True	NA	NA
RF00174	AARL02000087.1/606-794	True	True	NA	NA
RF00174	AASF01001990.1/2185-2410	True	True	NA	NA
RF00174	AATQ01000007.1/84467-84280	True	True	NA	NA
RF00174	AATQ01000008.1/108753-108537	True	True	NA	NA
RF00174	AATQ01000008.1/90798-91009	True	True	NA	NA
RF00174	AATQ01000040.1/37497-37305	True	True	NA	NA
RF00174	AATR01000002.1/37098-37315	True	True	NA	NA
RF00174	AAUW01000003.1/68358-68149	True	True	NA	NA
RF00174	AAUW01000004.1/197975-198191	True	True	NA	NA
RF00174	AAUW01000028.1/66358-66146	True	True	NA	NA
RF00174	AAVM02000005.1/21577-21371	True	True	NA	NA
RF00174	AAVM02000011.1/57485-57689	True	True	NA	NA
RF00174	AAWL01000006.1/21090-20916	True	True	NA	NA
RF00174	AAXE02000001.1/18090-18296	True	True	NA	NA
RF00174	AAXE02000001.1/9613-9818	True	True	NA	NA
RF00174	AAXE02000101.1/25986-25780	True	True	NA	NA
RF00174	AAXE02000103.1/317216-317416	True	True	NA	NA
RF00174	AAXE02000112.1/379532-379336	True	True	NA	NA
RF00174	AAXF02000043.1/123852-123649	True	True	NA	NA
RF00174	AAXF02000050.1/365024-364814	True	True	NA	NA
RF00174	AAXF02000053.1/97071-97270	True	True	NA	NA
RF00174	AAXV01000016.1/49194-49375	True	True	NA	NA
RF00174	AAYA01000006.1/294690-294474	True	True	NA	NA
RF00174	AAYA01000006.1/51136-50946	True	True	NA	NA
RF00174	AAYA01000008.1/50513-50732	True	True	NA	NA
RF00174	AAYA01000018.1/10947-10743	True	True	NA	NA
RF00174	AAYB01000001.1/493900-494118	True	True	NA	NA
RF00174	AAYC01000002.1/248003-247820	True	True	NA	NA
RF00174	AAYC01000003.1/114698-114500	True	True	NA	NA
RF00174	AAYC01000003.1/148871-149084	True	True	NA	NA
RF00174	AAYC01000003.1/275906-275695	True	True	NA	NA
RF00174	AAYC01000005.1/102065-102275	True	True	NA	NA
RF00174	AAYC01000005.1/205052-205265	True	True	NA	NA
RF00174	AAYC01000008.1/31758-31986	True	True	NA	NA
RF00174	AAYH02000040.1/99907-100107	True	True	NA	NA
RF00174	AAYH02000045.1/230200-229996	True	True	NA	NA
RF00174	AAYH02000045.1/230243-230450	True	True	NA	NA
RF00174	AAYH02000049.1/356589-356391	True	True	NA	NA
RF00174	ABBE01000883.1/365-555	True	True	NA	NA
RF00174	ABBP01000344.1/210-415	True	True	NA	NA
RF00174	ABCF01000001.1/214794-214981	True	True	NA	NA
RF00174	ABCF01000035.1/16750-16937	True	True	NA	NA
RF00174	ABCL01000001.1/663982-664207	True	True	NA	NA
RF00174	ABCL01000003.1/119153-118954	True	True	NA	NA
RF00174	ABCS01000001.1/110390-110180	True	True	NA	NA
RF00174	ABCS01000025.1/79736-79535	True	True	NA	NA
RF00174	ABDO02000001.1/974410-974590	True	True	NA	NA
RF00174	ABDP01000007.1/7251-7431	True	True	NA	NA
RF00174	ABDX01000004.1/114276-114454	True	True	NA	NA
RF00174	ABKL02000008.1/4023-4214	True	True	NA	NA
RF00174	AE005673.1/1924997-1925185	True	True	NA	NA
RF00174	AE005673.1/502948-503175	True	True	NA	NA
RF00174	AE007869.2/1640673-1640491	True	True	NA	NA
RF00174	AE007869.2/2810186-2809970	True	True	NA	NA
RF00174	AE007869.2/70421-70644	True	True	NA	NA
RF00174	AE007869.2/877627-877854	True	True	NA	NA
RF00174	AE007870.2/441359-441125	True	True	NA	NA
RF00174	AE007870.2/921705-921913	True	True	NA	NA
RF00174	AE008691.1/395133-395372	True	True	NA	NA
RF00174	AE008691.1/396055-396294	True	True	NA	NA
RF00174	AE008922.1/3631190-3630968	True	True	NA	NA
RF00174	AE013598.1/1368227-1368451	True	True	NA	NA
RF00174	AE014291.4/1309296-1309069	True	True	NA	NA
RF00174	AE015451.1/1866934-1867154	True	True	NA	NA
RF00174	AE015451.1/3857543-3857765	True	True	NA	NA
RF00174	AE015927.1/2416636-2416460	True	True	NA	NA
RF00174	AE015927.1/745345-745528	True	True	NA	NA
RF00174	AE015927.1/769982-770163	True	True	NA	NA
RF00174	AE015927.1/793388-793201	True	True	NA	NA
RF00174	AE015927.1/793516-793696	True	True	NA	NA
RF00174	AE015927.1/823404-823585	True	True	NA	NA
RF00174	AE015928.1/1832233-1832437	True	True	NA	NA
RF00174	AE015928.1/1836296-1836501	True	True	NA	NA
RF00174	AE015928.1/2403656-2403861	True	True	NA	NA
RF00174	AE016825.1/1690702-1690518	True	True	NA	NA
RF00174	AE016853.1/1878136-1878349	True	True	NA	NA
RF00174	AE016853.1/3679925-3680122	True	True	NA	NA
RF00174	AE016958.1/2995864-2996104	True	True	NA	NA
RF00174	AE017224.1/478516-478747	True	True	NA	NA
RF00174	AE017283.1/2294565-2294764	True	True	NA	NA
RF00174	AF010496.1/105318-105540	True	True	NA	NA
RF00174	AF010496.1/116971-117193	True	True	NA	NA
RF00174	AF010496.1/39869-39653	True	True	NA	NA
RF00174	AF193754.1/24966-24789	True	True	NA	NA
RF00174	AF193754.1/4343-4143	True	True	NA	NA
RF00174	AF263012.1/9229-9016	True	True	NA	NA
RF00174	AF306632.1/382-182	True	True	NA	NA
RF00174	AJ000758.1/1191-1369	True	True	NA	NA
RF00174	AJ000758.1/1489-1667	True	True	NA	NA
RF00174	AJ278144.1/22351-22164	True	True	NA	NA
RF00174	AL583923.1/215513-215334	True	True	NA	NA
RF00174	AL591688.1/1999767-1999555	True	True	NA	NA
RF00174	AL591688.1/954760-954962	True	True	NA	NA
RF00174	AL591978.1/19809-19998	True	True	NA	NA
RF00174	AL591978.1/56481-56657	True	True	NA	NA
RF00174	AL591985.1/580383-580597	True	True	NA	NA
RF00174	AL591985.1/66246-66475	True	True	NA	NA
RF00174	AL596167.1/167425-167615	True	True	NA	NA
RF00174	AL596167.1/202425-202601	True	True	NA	NA
RF00174	AL627279.1/139350-139158	True	True	NA	NA
RF00174	AL646053.1/765144-764966	True	True	NA	NA
RF00174	AL672113.1/43141-43340	True	True	NA	NA
RF00174	AL939107.1/133849-134072	True	True	NA	NA
RF00174	AL939107.1/140625-140437	True	True	NA	NA
RF00174	AL939107.1/141879-142125	True	True	NA	NA
RF00174	AL939107.1/147400-147582	True	True	NA	NA
RF00174	AL939125.1/243385-243172	True	True	NA	NA
RF00174	AL954747.1/696804-696578	True	True	NA	NA
RF00174	AM039952.1/3802147-3801924	True	True	NA	NA
RF00174	AM236080.1/2836182-2835995	True	True	NA	NA
RF00174	AM236080.1/4518994-4518769	True	True	NA	NA
RF00174	AM263198.1/1122851-1123039	True	True	NA	NA
RF00174	AM263198.1/1157829-1158017	True	True	NA	NA
RF00174	AM286415.1/2962117-2961937	True	True	NA	NA
RF00174	AM406670.1/2635166-2635364	True	True	NA	NA
RF00174	AM406670.1/3903431-3903208	True	True	NA	NA
RF00174	AM420293.1/1414592-1414389	True	True	NA	NA
RF00174	AM420293.1/5303093-5303316	True	True	NA	NA
RF00174	AM420293.1/6681388-6681575	True	True	NA	NA
RF00174	AM420293.1/6688888-6688699	True	True	NA	NA
RF00174	AM420293.1/6698575-6698394	True	True	NA	NA
RF00174	AP006840.1/2074430-2074238	True	True	NA	NA
RF00174	AP006840.1/2078690-2078499	True	True	NA	NA
RF00174	AP006840.1/361924-361721	True	True	NA	NA
RF00174	AP006841.1/2882136-2881926	True	True	NA	NA
RF00174	AP006841.1/3073837-3073631	True	True	NA	NA
RF00174	AP006841.1/4035424-4035642	True	True	NA	NA
RF00174	AP007255.1/306940-307164	True	True	NA	NA
RF00174	AP008230.1/3094247-3094066	True	True	NA	NA
RF00174	AP008230.1/4379378-4379200	True	True	NA	NA
RF00174	AP009385.1/1806044-1805856	True	True	NA	NA
RF00174	AP009386.1/1277939-1278132	True	True	NA	NA
RF00174	AY033236.1/563-354	True	True	NA	NA
RF00174	AY043208.1/560-781	True	True	NA	NA
RF00174	BA000012.4/1101095-1100898	True	True	NA	NA
RF00174	BA000012.4/1149122-1149326	True	True	NA	NA
RF00174	BA000012.4/4044596-4044396	True	True	NA	NA
RF00174	BA000012.4/6170874-6170695	True	True	NA	NA
RF00174	BA000012.4/6749128-6749333	True	True	NA	NA
RF00174	BA000030.3/2496008-2496225	True	True	NA	NA
RF00174	BA000040.2/3617290-3617509	True	True	NA	NA
RF00174	BA000040.2/3634102-3634303	True	True	NA	NA
RF00174	BA000040.2/5279689-5279476	True	True	NA	NA
RF00174	BA000043.1/2300644-2300446	True	True	NA	NA
RF00174	BA000043.1/935017-935211	True	True	NA	NA
RF00174	BX248334.1/308192-308011	True	True	NA	NA
RF00174	BX248337.1/276050-275851	True	True	NA	NA
RF00174	BX248356.1/172244-172443	True	True	NA	NA
RF00174	BX248357.1/28572-28771	True	True	NA	NA
RF00174	BX294140.1/211185-211418	True	True	NA	NA
RF00174	BX294144.1/76053-76291	True	True	NA	NA
RF00174	BX569694.1/273573-273791	True	True	NA	NA
RF00174	BX571869.1/30799-30633	True	True	NA	NA
RF00174	BX572594.1/100625-100430	True	True	NA	NA
RF00174	BX572595.1/100553-100339	True	True	NA	NA
RF00174	BX572595.1/86162-86359	True	True	NA	NA
RF00174	BX572596.1/50556-50755	True	True	NA	NA
RF00174	BX572599.1/247113-247313	True	True	NA	NA
RF00174	BX572599.1/256535-256332	True	True	NA	NA
RF00174	BX572599.1/259196-259406	True	True	NA	NA
RF00174	BX572600.1/273933-274128	True	True	NA	NA
RF00174	BX572608.1/190529-190731	True	True	NA	NA
RF00174	BX842572.1/309867-309686	True	True	NA	NA
RF00174	CP000031.1/3058882-3059104	True	True	NA	NA
RF00174	CP000031.1/3073055-3073266	True	True	NA	NA
RF00174	CP000031.1/3757898-3758109	True	True	NA	NA
RF00174	CP000036.1/1206778-1206952	True	True	NA	NA
RF00174	CP000038.1/2154731-2154557	True	True	NA	NA
RF00174	CP000058.1/2582044-2581831	True	True	NA	NA
RF00174	CP000058.1/3489261-3489460	True	True	NA	NA
RF00174	CP000075.1/3709306-3709504	True	True	NA	NA
RF00174	CP000075.1/4368222-4368009	True	True	NA	NA
RF00174	CP000076.1/2504928-2504725	True	True	NA	NA
RF00174	CP000076.1/4227691-4227480	True	True	NA	NA
RF00174	CP000076.1/5141454-5141222	True	True	NA	NA
RF00174	CP000089.1/155783-155588	True	True	NA	NA
RF00174	CP000094.2/3552647-3552438	True	True	NA	NA
RF00174	CP000113.1/8100727-8100516	True	True	NA	NA
RF00174	CP000115.1/2411796-2412009	True	True	NA	NA
RF00174	CP000115.1/3122671-3122450	True	True	NA	NA
RF00174	CP000115.1/3123579-3123784	True	True	NA	NA
RF00174	CP000133.1/2475759-2475574	True	True	NA	NA
RF00174	CP000133.1/3940621-3940396	True	True	NA	NA
RF00174	CP000139.1/3919800-3919588	True	True	NA	NA
RF00174	CP000139.1/3926628-3926423	True	True	NA	NA
RF00174	CP000139.1/5040129-5040331	True	True	NA	NA
RF00174	CP000140.1/1176516-1176714	True	True	NA	NA
RF00174	CP000140.1/2695629-2695427	True	True	NA	NA
RF00174	CP000140.1/4143906-4143710	True	True	NA	NA
RF00174	CP000143.1/2531295-2531501	True	True	NA	NA
RF00174	CP000144.1/239679-239467	True	True	NA	NA
RF00174	CP000151.1/1842062-1841872	True	True	NA	NA
RF00174	CP000152.1/1678463-1678271	True	True	NA	NA
RF00174	CP000157.1/1649862-1649677	True	True	NA	NA
RF00174	CP000158.1/1153196-1153385	True	True	NA	NA
RF00174	CP000158.1/1548021-1548209	True	True	NA	NA
RF00174	CP000230.1/1340533-1340748	True	True	NA	NA
RF00174	CP000230.1/1501900-1501676	True	True	NA	NA
RF00174	CP000230.1/1707586-1707781	True	True	NA	NA
RF00174	CP000230.1/2009119-2009339	True	True	NA	NA
RF00174	CP000232.1/1116483-1116659	True	True	NA	NA
RF00174	CP000248.1/1228186-1228383	True	True	NA	NA
RF00174	CP000250.1/112481-112284	True	True	NA	NA
RF00174	CP000250.1/3635632-3635842	True	True	NA	NA
RF00174	CP000250.1/3754381-3754175	True	True	NA	NA
RF00174	CP000250.1/3754538-3754746	True	True	NA	NA
RF00174	CP000250.1/5294881-5295083	True	True	NA	NA
RF00174	CP000250.1/820695-820903	True	True	NA	NA
RF00174	CP000250.1/834289-834070	True	True	NA	NA
RF00174	CP000264.1/2259475-2259262	True	True	NA	NA
RF00174	CP000264.1/2958160-2957973	True	True	NA	NA
RF00174	CP000271.1/1989295-1989474	True	True	NA	NA
RF00174	CP000283.1/2565817-2565610	True	True	NA	NA
RF00174	CP000283.1/2591234-2591020	True	True	NA	NA
RF00174	CP000283.1/2593935-2594142	True	True	NA	NA
RF00174	CP000283.1/3256000-3255794	True	True	NA	NA
RF00174	CP000283.1/3256310-3256517	True	True	NA	NA
RF00174	CP000283.1/3260113-3259916	True	True	NA	NA
RF00174	CP000283.1/4855579-4855782	True	True	NA	NA
RF00174	CP000283.1/714109-714316	True	True	NA	NA
RF00174	CP000283.1/727646-727426	True	True	NA	NA
RF00174	CP000283.1/785607-785804	True	True	NA	NA
RF00174	CP000301.1/2063662-2063446	True	True	NA	NA
RF00174	CP000301.1/3897402-3897188	True	True	NA	NA
RF00174	CP000301.1/3909916-3909717	True	True	NA	NA
RF00174	CP000301.1/3914520-3914313	True	True	NA	NA
RF00174	CP000301.1/4173480-4173289	True	True	NA	NA
RF00174	CP000301.1/4737279-4737475	True	True	NA	NA
RF00174	CP000301.1/4742649-4742448	True	True	NA	NA
RF00174	CP000301.1/96643-96431	True	True	NA	NA
RF00174	CP000304.1/1397689-1397908	True	True	NA	NA
RF00174	CP000319.1/2878648-2878844	True	True	NA	NA
RF00174	CP000319.1/4032968-4032765	True	True	NA	NA
RF00174	CP000319.1/4033871-4034092	True	True	NA	NA
RF00174	CP000319.1/4110955-4110751	True	True	NA	NA
RF00174	CP000325.1/140970-141189	True	True	NA	NA
RF00174	CP000325.1/2461077-2460868	True	True	NA	NA
RF00174	CP000362.1/3352019-3351800	True	True	NA	NA
RF00174	CP000362.1/3701518-3701323	True	True	NA	NA
RF00174	CP000376.1/216700-216498	True	True	NA	NA
RF00174	CP000377.1/185492-185259	True	True	NA	NA
RF00174	CP000377.1/2318941-2319179	True	True	NA	NA
RF00174	CP000377.1/2333297-2333510	True	True	NA	NA
RF00174	CP000377.1/3101368-3101582	True	True	NA	NA
RF00174	CP000377.1/548354-548162	True	True	NA	NA
RF00174	CP000379.1/1074555-1074363	True	True	NA	NA
RF00174	CP000382.1/1272358-1272534	True	True	NA	NA
RF00174	CP000382.1/2263667-2263492	True	True	NA	NA
RF00174	CP000383.1/1884029-1884216	True	True	NA	NA
RF00174	CP000386.1/663892-664073	True	True	NA	NA
RF00174	CP000390.1/2942047-2941845	True	True	NA	NA
RF00174	CP000390.1/3801882-3802093	True	True	NA	NA
RF00174	CP000394.1/902076-901863	True	True	NA	NA
RF00174	CP000440.1/1742843-1742652	True	True	NA	NA
RF00174	CP000441.1/778547-778739	True	True	NA	NA
RF00174	CP000449.1/2738434-2738240	True	True	NA	NA
RF00174	CP000450.1/2027042-2027264	True	True	NA	NA
RF00174	CP000463.1/2461809-2461609	True	True	NA	NA
RF00174	CP000463.1/2468338-2468529	True	True	NA	NA
RF00174	CP000463.1/3487850-3487646	True	True	NA	NA
RF00174	CP000463.1/3487953-3488156	True	True	NA	NA
RF00174	CP000463.1/3491563-3491366	True	True	NA	NA
RF00174	CP000463.1/3532969-3532759	True	True	NA	NA
RF00174	CP000463.1/3539927-3539728	True	True	NA	NA
RF00174	CP000463.1/4804452-4804232	True	True	NA	NA
RF00174	CP000463.1/575538-575327	True	True	NA	NA
RF00174	CP000479.1/1283346-1283178	True	True	NA	NA
RF00174	CP000480.1/6690166-6689960	True	True	NA	NA
RF00174	CP000480.1/6704143-6703958	True	True	NA	NA
RF00174	CP000481.1/1939207-1939425	True	True	NA	NA
RF00174	CP000481.1/1942077-1942286	True	True	NA	NA
RF00174	CP000482.1/1280913-1280738	True	True	NA	NA
RF00174	CP000482.1/1298216-1298028	True	True	NA	NA
RF00174	CP000482.1/1300492-1300304	True	True	NA	NA
RF00174	CP000482.1/1312853-1313046	True	True	NA	NA
RF00174	CP000482.1/1351280-1351089	True	True	NA	NA
RF00174	CP000489.1/1319736-1319935	True	True	NA	NA
RF00174	CP000489.1/1328400-1328205	True	True	NA	NA
RF00174	CP000489.1/1337566-1337357	True	True	NA	NA
RF00174	CP000489.1/2539767-2539971	True	True	NA	NA
RF00174	CP000489.1/2543185-2543385	True	True	NA	NA
RF00174	CP000490.1/155234-155428	True	True	NA	NA
RF00174	CP000490.1/1566394-1566585	True	True	NA	NA
RF00174	CP000490.1/1574718-1574932	True	True	NA	NA
RF00174	CP000490.1/163550-163338	True	True	NA	NA
RF00174	CP000491.1/325972-326167	True	True	NA	NA
RF00174	CP000494.1/3290341-3290533	True	True	NA	NA
RF00174	CP000494.1/6303139-6303356	True	True	NA	NA
RF00174	CP000494.1/6305642-6305855	True	True	NA	NA
RF00174	CP000521.1/3325202-3325407	True	True	NA	NA
RF00174	CP000539.1/3361819-3361628	True	True	NA	NA
RF00174	CP000557.1/1789202-1789011	True	True	NA	NA
RF00174	CP000557.1/2323587-2323389	True	True	NA	NA
RF00174	CP000557.1/868974-869169	True	True	NA	NA
RF00174	CP000577.1/1097204-1097403	True	True	NA	NA
RF00174	CP000577.1/1528291-1528484	True	True	NA	NA
RF00174	CP000578.1/1093642-1093820	True	True	NA	NA
RF00174	CP000578.1/48121-47922	True	True	NA	NA
RF00174	CP000578.1/651773-651961	True	True	NA	NA
RF00174	CP000578.1/656987-656781	True	True	NA	NA
RF00174	CP000614.1/1755111-1754923	True	True	NA	NA
RF00174	CP000615.1/1891336-1891528	True	True	NA	NA
RF00174	CP000647.1/3513278-3513101	True	True	NA	NA
RF00174	CP000647.1/4660061-4660247	True	True	NA	NA
RF00174	CP000653.1/4368932-4368757	True	True	NA	NA
RF00174	CP000656.1/4145754-4145932	True	True	NA	NA
RF00174	CP000661.1/1410118-1410315	True	True	NA	NA
RF00174	CP000661.1/1554899-1555093	True	True	NA	NA
RF00174	CP000661.1/387171-386965	True	True	NA	NA
RF00174	CP000662.1/267567-267381	True	True	NA	NA
RF00174	CP000662.1/314827-314628	True	True	NA	NA
RF00174	CP000662.1/326137-325951	True	True	NA	NA
RF00174	CP000662.1/326212-326416	True	True	NA	NA
RF00174	CP000662.1/491640-491463	True	True	NA	NA
RF00174	CP000664.1/92637-92430	True	True	NA	NA
RF00174	CP000667.1/4966842-4966624	True	True	NA	NA
RF00174	CP000680.1/1925111-1925321	True	True	NA	NA
RF00174	CP000680.1/4136427-4136224	True	True	NA	NA
RF00174	CP000680.1/5037130-5036936	True	True	NA	NA
RF00174	CP000698.1/4850452-4850265	True	True	NA	NA
RF00174	CP000698.1/931897-931706	True	True	NA	NA
RF00174	CP000699.1/3500758-3500555	True	True	NA	NA
RF00174	CP000699.1/5269738-5269504	True	True	NA	NA
RF00174	CP000702.1/858840-859023	True	True	NA	NA
RF00174	CP000712.1/3685877-3686074	True	True	NA	NA
RF00174	CP000716.1/1854993-1855171	True	True	NA	NA
RF00174	CP000716.1/734867-735048	True	True	NA	NA
RF00174	CP000716.1/891454-891622	True	True	NA	NA
RF00174	CP000724.1/1570726-1570904	True	True	NA	NA
RF00174	CP000724.1/3721369-3721187	True	True	NA	NA
RF00174	CP000724.1/79239-79420	True	True	NA	NA
RF00174	CP000724.1/86468-86649	True	True	NA	NA
RF00174	CP000738.1/1657203-1656989	True	True	NA	NA
RF00174	CP000738.1/523907-524110	True	True	NA	NA
RF00174	CP000739.1/543105-542877	True	True	NA	NA
RF00174	CP000758.1/1918958-1919181	True	True	NA	NA
RF00174	CP000759.1/1328776-1328543	True	True	NA	NA
RF00174	CP000759.1/250860-251073	True	True	NA	NA
RF00174	CP000771.1/1485865-1486046	True	True	NA	NA
RF00174	CP000771.1/268818-268647	True	True	NA	NA
RF00174	CP000774.1/549380-549580	True	True	NA	NA
RF00174	CP000774.1/668593-668794	True	True	NA	NA
RF00174	CP000781.1/3651336-3651133	True	True	NA	NA
RF00174	CP000781.1/4182310-4182508	True	True	NA	NA
RF00174	CP000830.1/164274-164053	True	True	NA	NA
RF00174	CP000830.1/546421-546637	True	True	NA	NA
RF00174	CP000850.1/3174011-3173840	True	True	NA	NA
RF00174	CP000853.1/1037045-1037221	True	True	NA	NA
RF00174	CP000853.1/1112785-1112961	True	True	NA	NA
RF00174	CP000853.1/2361990-2361812	True	True	NA	NA
RF00174	CP000853.1/373263-373441	True	True	NA	NA
RF00174	CP000873.1/297626-297838	True	True	NA	NA
RF00174	CP000880.1/3464662-3464470	True	True	NA	NA
RF00174	CP000908.1/1328850-1328642	True	True	NA	NA
RF00174	CP000908.1/1617572-1617373	True	True	NA	NA
RF00174	CP000908.1/2947467-2947268	True	True	NA	NA
RF00174	CP000924.1/1954621-1954430	True	True	NA	NA
RF00174	CP000927.1/2970294-2970493	True	True	NA	NA
RF00174	CP000943.1/2696265-2696460	True	True	NA	NA
RF00174	CP000943.1/944045-944238	True	True	NA	NA
RF00174	CP000949.1/2158518-2158321	True	True	NA	NA
RF00174	CP000958.1/1840255-1840065	True	True	NA	NA
RF00174	CP001025.1/1786797-1786606	True	True	NA	NA
RF00174	CP001063.1/4163721-4163910	True	True	NA	NA
RF00174	CP001090.1/1002-823	True	True	NA	NA
RF00174	CP001090.1/13752-13559	True	True	NA	NA
RF00174	CP001090.1/30663-30472	True	True	NA	NA
RF00174	CP001111.1/542487-542265	True	True	NA	NA
RF00174	CP001157.1/3390006-3389786	True	True	NA	NA
RF00174	CP001175.1/1515606-1515418	True	True	NA	NA
RF00174	CP002156.1/2306524-2306338	True	True	NA	NA
RF00174	CP003056.1/1126059-1125864	True	True	NA	NA
RF00174	CR555306.1/2373817-2374001	True	True	NA	NA
RF00174	CR626927.1/1843997-1843790	True	True	NA	NA
RF00174	CT573326.1/1440491-1440710	True	True	NA	NA
RF00174	CT573326.1/2524145-2524343	True	True	NA	NA
RF00174	CU234118.1/5111792-5111600	True	True	NA	NA
RF00174	L12006.1/1016-1190	True	True	NA	NA
RF00174	M10112.1/56-246	True	True	NA	NA
RF00174	M34485.1/360-151	True	True	NA	NA
RF00174	M57569.1/218-27	True	True	NA	NA
RF00174	M89481.1/311-503	True	True	NA	NA
RF00174	U45329.1/408-195	True	True	NA	NA
RF00174	URS000080DFBC_32630/1-172	True	True	4GXY_A_SS	4GXY_A_SS
RF00174	URS000080E34D_119072/1-210	True	True	8FW4_Z_SS;8SA2_A_SS;8SA2_B_SS;8SA3_A_SS;8SA3_B_SS;8SA4_A_SS;8SA5_A_SS;8SA5_B_SS;8SA6_A_SS;8SA6_B_SS	8FW4_Z_SS;8SA2_A_SS;8SA2_B_SS;8SA3_A_SS;8SA3_B_SS;8SA4_A_SS;8SA5_A_SS;8SA5_B_SS;8SA6_A_SS;8SA6_B_SS
RF00174	URS000080E34D_408172/1-187	True	True	4GMA_Z_SS	4GMA_Z_SS
RF00174	URS0001A24B44_1423/1-130	True	True	6VMY_A_SS	6VMY_A_SS
RF00174	Z94723.1/23034-23245	True	True	NA	NA
RF00207	AABU01002762.1/8483055-8483012	True	True	NA	NA
RF00207	AC104142.6/1963-2006	True	True	NA	NA
RF00207	AC104149.6/78129-78172	True	True	NA	NA
RF00207	AY060415.1/2224-2267	True	True	NA	NA
RF00207	U36587.1/52-95	True	True	NA	NA
RF00207	URS000080DE75_7227/1-48	True	True	2KUV_A_SS	2KUV_A_SS
RF00207	URS000080DEE0_7227/1-48	True	True	2KE6_A_SS	2KE6_A_SS
RF00207	URS000080E155_7227/1-48	True	True	2KUU_A_SS	2KUU_A_SS
RF00207	URS000080E2A2_7227/1-48	True	True	2KUW_A_SS	2KUW_A_SS
RF00207	URS000080E344_7227/1-48	True	True	2KUR_A_SS	2KUR_A_SS
RF00233	AF035198.1/571-654	True	True	NA	NA
RF00233	AF035199.1/569-652	True	True	NA	NA
RF00233	AF035200.1/578-659	True	True	NA	NA
RF00233	AF035201.1/605-688	True	True	NA	NA
RF00233	AF035202.1/598-681	True	True	NA	NA
RF00233	AF035633.1/1296-1379	True	True	NA	NA
RF00233	AF035636.1/614-699	True	True	NA	NA
RF00233	AJ277556.1/2880-2963	True	True	NA	NA
RF00233	D00637.1/6279-6362	True	True	NA	NA
RF00233	J04374.1/6247-6330	True	True	NA	NA
RF00233	J04375.1/6130-6211	True	True	NA	NA
RF00233	M15284.1/14-96	True	True	NA	NA
RF00233	M24797.1/93-169	True	True	NA	NA
RF00233	M24799.1/120-196	True	True	NA	NA
RF00233	M24801.1/102-178	True	True	NA	NA
RF00233	M24802.1/87-163	True	True	NA	NA
RF00233	M54918.1/75-159	True	True	NA	NA
RF00233	M58310.1/2-84	True	True	NA	NA
RF00233	M58311.1/2-83	True	True	NA	NA
RF00233	M58313.1/1-81	True	True	NA	NA
RF00233	M58314.1/2-79	True	True	NA	NA
RF00233	U88847.1/591-676	True	True	NA	NA
RF00233	U91413.1/613-696	True	True	NA	NA
RF00233	URS0000E60B65_12154/1-104	True	True	6MJ0_A_SS;6MJ0_B_SS	6MJ0_A_SS;6MJ0_B_SS
RF00233	URS0002335935_12154/1-86	True	True	4P5J_A_SS	4P5J_A_SS
RF00233	V01418.1/610-695	True	True	NA	NA
RF00233	X54354.1/598-681	True	True	NA	NA
RF00233	Y16104.1/6590-6672	True	True	NA	NA
RF00233	Z66493.2/2920-3005	True	True	NA	NA
RF00254	AC119847.12/19552-19632	True	True	NA	NA
RF00254	AC154660.2/77731-77651	True	True	NA	NA
RF00254	AF480551.1/1-81	True	True	NA	NA
RF00254	AF480552.1/1-81	True	True	NA	NA
RF00254	AL606727.3/61372-61292	True	True	NA	NA
RF00254	AL669869.10/100495-100571	True	True	NA	NA
RF00254	AY865833.1/553-633	True	True	NA	NA
RF00254	AY865835.1/569-649	True	True	NA	NA
RF00254	AY865836.1/531-611	True	True	NA	NA
RF00254	AY865955.1/411-487	True	True	NA	NA
RF00254	AY866308.1/534-614	True	True	NA	NA
RF00254	CR478286.10/109802-109722	True	True	NA	NA
RF00254	URS0001A16A6B_9606/1-105	True	True	6V5B_D_SS;6V5C_D_SS	6V5B_D_SS;6V5C_D_SS
RF00254	URS0001A16A8F_9606/6-102	True	True	6LXD_D_SS	6LXD_D_SS
RF00374	AF019230.1/276-376	True	True	NA	NA
RF00374	AF033811.1/12-112	True	True	NA	NA
RF00374	AF169256.1/297-396	True	True	NA	NA
RF00374	AF411814.1/275-375	True	True	NA	NA
RF00374	AF462057.1/276-376	True	True	NA	NA
RF00374	AJ583798.1/721-821	True	True	NA	NA
RF00374	J02266.1/718-818	True	True	NA	NA
RF00374	K02712.2/736-835	True	True	NA	NA
RF00374	K02729.1/786-886	True	True	NA	NA
RF00374	K03363.1/295-394	True	True	NA	NA
RF00374	M12275.1/344-445	True	True	NA	NA
RF00374	M26526.1/655-755	True	True	NA	NA
RF00374	M64095.1/673-772	True	True	NA	NA
RF00374	M93134.1/274-374	True	True	NA	NA
RF00374	M96854.1/729-829	True	True	NA	NA
RF00374	S80082.1/697-796	True	True	NA	NA
RF00374	U00220.1/894-994	True	True	NA	NA
RF00374	U13766.1/293-392	True	True	NA	NA
RF00374	U94692.1/274-374	True	True	NA	NA
RF00374	URS000080DD56_11801/1-65	True	True	2L1F_A_SS	2L1F_A_SS
RF00374	URS000080DE60_11801/1-66	True	True	2L1F_B_SS	2L1F_B_SS
RF00374	URS000080E0D7_11801/1-101	True	True	1S9S_A_SS;1U6P_B_SS	1S9S_A_SS;1U6P_B_SS
RF00374	V01185.1/721-821	True	True	NA	NA
RF00374	X14576.1/670-769	True	True	NA	NA
RF00374	Z11128.1/274-374	True	True	NA	NA
RF00375	AF003887.1/579-677	True	True	NA	NA
RF00375	AF004394.1/579-677	True	True	NA	NA
RF00375	AF042106.1/381-479	True	True	NA	NA
RF00375	AF075719.1/581-679	True	True	NA	NA
RF00375	AF086817.1/578-676	True	True	NA	NA
RF00375	AF096639.1/552-650	True	True	NA	NA
RF00375	AF096644.1/518-615	True	True	NA	NA
RF00375	AF096645.1/525-623	True	True	NA	NA
RF00375	AF096646.1/517-615	True	True	NA	NA
RF00375	AF096648.1/517-615	True	True	NA	NA
RF00375	AF110965.1/68-166	True	True	NA	NA
RF00375	AF110973.1/69-167	True	True	NA	NA
RF00375	AF133821.1/905-1003	True	True	NA	NA
RF00375	AF196711.1/597-695	True	True	NA	NA
RF00375	AF196713.1/612-710	True	True	NA	NA
RF00375	AF196717.1/578-676	True	True	NA	NA
RF00375	AF196719.1/577-675	True	True	NA	NA
RF00375	AF196722.1/580-678	True	True	NA	NA
RF00375	AF196724.1/579-677	True	True	NA	NA
RF00375	AF196727.1/580-678	True	True	NA	NA
RF00375	AF196728.1/602-700	True	True	NA	NA
RF00375	AF196731.1/579-677	True	True	NA	NA
RF00375	AF196732.1/580-678	True	True	NA	NA
RF00375	AF196737.1/563-661	True	True	NA	NA
RF00375	AF196741.1/577-675	True	True	NA	NA
RF00375	AF196751.1/580-678	True	True	NA	NA
RF00375	AF196752.1/594-692	True	True	NA	NA
RF00375	AF196767.1/578-676	True	True	NA	NA
RF00375	AF239627.1/518-616	True	True	NA	NA
RF00375	AF239638.1/518-616	True	True	NA	NA
RF00375	AF239640.1/518-616	True	True	NA	NA
RF00375	AF239643.1/539-637	True	True	NA	NA
RF00375	AF239644.1/517-615	True	True	NA	NA
RF00375	AF239648.1/539-637	True	True	NA	NA
RF00375	AF239651.1/517-615	True	True	NA	NA
RF00375	AF239655.1/541-639	True	True	NA	NA
RF00375	AF254676.1/517-615	True	True	NA	NA
RF00375	AF254678.1/508-606	True	True	NA	NA
RF00375	AF254681.1/513-611	True	True	NA	NA
RF00375	AF254698.1/516-614	True	True	NA	NA
RF00375	AF254700.1/513-611	True	True	NA	NA
RF00375	AF254702.1/533-631	True	True	NA	NA
RF00375	AF254707.1/516-614	True	True	NA	NA
RF00375	AF254708.1/507-605	True	True	NA	NA
RF00375	AF254709.1/516-614	True	True	NA	NA
RF00375	AF254710.1/518-616	True	True	NA	NA
RF00375	AF254712.1/538-636	True	True	NA	NA
RF00375	AF254716.1/529-627	True	True	NA	NA
RF00375	AF254718.1/545-643	True	True	NA	NA
RF00375	AF254725.1/519-617	True	True	NA	NA
RF00375	AF254727.1/518-616	True	True	NA	NA
RF00375	AF254734.1/517-615	True	True	NA	NA
RF00375	AF254737.1/526-624	True	True	NA	NA
RF00375	AF256206.1/579-677	True	True	NA	NA
RF00375	AF286236.1/77-175	True	True	NA	NA
RF00375	AF385934.1/620-718	True	True	NA	NA
RF00375	AF405202.1/210-308	True	True	NA	NA
RF00375	AF408626.1/3-101	True	True	NA	NA
RF00375	AF408632.1/146-244	True	True	NA	NA
RF00375	AF465242.1/652-750	True	True	NA	NA
RF00375	AF538302.1/601-699	True	True	NA	NA
RF00375	AF538303.1/599-697	True	True	NA	NA
RF00375	AF538305.1/579-677	True	True	NA	NA
RF00375	AJ271445.1/577-675	True	True	NA	NA
RF00375	AY118157.1/126-224	True	True	NA	NA
RF00375	AY162224.1/589-687	True	True	NA	NA
RF00375	AY167123.1/95-193	True	True	NA	NA
RF00375	AY352275.1/580-677	True	True	NA	NA
RF00375	AY423382.1/202-300	True	True	NA	NA
RF00375	AY463218.1/1-99	True	True	NA	NA
RF00375	AY463220.1/28-126	True	True	NA	NA
RF00375	AY463223.1/28-126	True	True	NA	NA
RF00375	AY463227.1/28-126	True	True	NA	NA
RF00375	AY463236.1/28-126	True	True	NA	NA
RF00375	AY463237.1/28-126	True	True	NA	NA
RF00375	AY517299.1/14-112	True	True	NA	NA
RF00375	DQ373063.1/124-224	True	True	NA	NA
RF00375	K03458.1/5030-5128	True	True	NA	NA
RF00375	L02317.1/126-224	True	True	NA	NA
RF00375	L28841.1/453-551	True	True	NA	NA
RF00375	L28843.1/453-551	True	True	NA	NA
RF00375	L28845.1/453-551	True	True	NA	NA
RF00375	L28846.1/453-551	True	True	NA	NA
RF00375	L28850.1/453-551	True	True	NA	NA
RF00375	L28851.1/453-551	True	True	NA	NA
RF00375	L28853.1/451-549	True	True	NA	NA
RF00375	L28855.1/453-551	True	True	NA	NA
RF00375	L28858.1/453-551	True	True	NA	NA
RF00375	L28860.1/453-551	True	True	NA	NA
RF00375	L28862.1/453-551	True	True	NA	NA
RF00375	L28866.1/453-551	True	True	NA	NA
RF00375	L28867.1/453-551	True	True	NA	NA
RF00375	L28876.1/483-581	True	True	NA	NA
RF00375	L28880.1/453-551	True	True	NA	NA
RF00375	L28887.1/483-581	True	True	NA	NA
RF00375	L28889.1/483-581	True	True	NA	NA
RF00375	L28905.1/463-561	True	True	NA	NA
RF00375	L28914.1/463-561	True	True	NA	NA
RF00375	L28915.1/462-560	True	True	NA	NA
RF00375	M17449.1/578-676	True	True	NA	NA
RF00375	M26727.1/125-223	True	True	NA	NA
RF00375	M27323.1/123-221	True	True	NA	NA
RF00375	U21135.1/579-677	True	True	NA	NA
RF00375	U24479.1/452-550	True	True	NA	NA
RF00375	U34604.1/580-678	True	True	NA	NA
RF00375	U39362.2/578-676	True	True	NA	NA
RF00375	U43141.1/49-147	True	True	NA	NA
RF00375	U51291.1/488-586	True	True	NA	NA
RF00375	U69589.1/125-223	True	True	NA	NA
RF00375	U73092.1/235-333	True	True	NA	NA
RF00375	U73100.1/465-563	True	True	NA	NA
RF00375	U80508.1/412-510	True	True	NA	NA
RF00375	U80509.1/411-509	True	True	NA	NA
RF00375	U80512.1/438-536	True	True	NA	NA
RF00375	U80513.1/411-509	True	True	NA	NA
RF00375	U80517.1/412-510	True	True	NA	NA
RF00375	U80528.1/410-508	True	True	NA	NA
RF00375	U80529.1/412-510	True	True	NA	NA
RF00375	U80531.1/410-508	True	True	NA	NA
RF00375	U80536.1/411-509	True	True	NA	NA
RF00375	U80538.1/412-510	True	True	NA	NA
RF00375	U81458.1/412-510	True	True	NA	NA
RF00375	U81459.1/412-510	True	True	NA	NA
RF00375	U81463.1/412-510	True	True	NA	NA
RF00375	U81465.1/411-509	True	True	NA	NA
RF00375	U81466.1/410-508	True	True	NA	NA
RF00375	U81467.1/412-510	True	True	NA	NA
RF00375	U81478.1/411-509	True	True	NA	NA
RF00375	U88822.1/93-191	True	True	NA	NA
RF00375	U89858.1/452-550	True	True	NA	NA
RF00375	URS0000D56C30_11676/1-101	True	True	6WB0_C_SS;6WB1_C_SS;6WB2_C_SS	6WB0_C_SS;6WB1_C_SS;6WB2_C_SS
RF00375	URS00021ED92D_11676/1-103	True	True	7LVA_A_SS	7LVA_A_SS
RF00380	AAAK03000021.1/12650-12476	True	True	NA	NA
RF00380	AACY022501423.1/463-646	True	True	NA	NA
RF00380	AAFX01011285.1/689-521	True	True	NA	NA
RF00380	AAJM01000138.1/1999-1823	True	True	NA	NA
RF00380	AAJM01000138.1/2313-2480	True	True	NA	NA
RF00380	AARF01000169.1/465-629	True	True	NA	NA
RF00380	AARF01000550.1/280-107	True	True	NA	NA
RF00380	AASN01000027.1/80343-80511	True	True	NA	NA
RF00380	AAVL02000037.1/263157-262991	True	True	NA	NA
RF00380	AAWL01000016.1/43438-43265	True	True	NA	NA
RF00380	AAXV01000059.1/1758-1594	True	True	NA	NA
RF00380	AB089921.1/2048-2202	True	True	NA	NA
RF00380	AB271060.1/1350-1503	True	True	NA	NA
RF00380	AB385841.1/13217-13047	True	True	NA	NA
RF00380	ABDP01000004.1/121407-121244	True	True	NA	NA
RF00380	ABDQ01000001.1/467807-467647	True	True	NA	NA
RF00380	ABDV01000005.1/84537-84695	True	True	NA	NA
RF00380	ABFX02000002.1/189276-189122	True	True	NA	NA
RF00380	ABIN01000151.1/583-766	True	True	NA	NA
RF00380	ABJD02000101.1/1953821-1953650	True	True	NA	NA
RF00380	ABOU02000050.1/75054-74870	True	True	NA	NA
RF00380	ABQP01000004.1/146576-146420	True	True	NA	NA
RF00380	ABVP01000024.1/147149-146978	True	True	NA	NA
RF00380	ABWG02000004.1/102839-102676	True	True	NA	NA
RF00380	ABWM02000004.1/570492-570323	True	True	NA	NA
RF00380	ABWO01000186.1/16693-16863	True	True	NA	NA
RF00380	ABXV02000030.1/100107-99935	True	True	NA	NA
RF00380	ABYT01000060.1/16817-16983	True	True	NA	NA
RF00380	ABYU02000030.1/155655-155490	True	True	NA	NA
RF00380	ACAJ01000014.1/157903-157714	True	True	NA	NA
RF00380	ACAO01000024.1/41200-41025	True	True	NA	NA
RF00380	ACBV01000002.1/67696-67865	True	True	NA	NA
RF00380	ACCD01000002.1/42362-42531	True	True	NA	NA
RF00380	ACCI02000061.1/145679-145508	True	True	NA	NA
RF00380	ACDB02000044.1/535177-535016	True	True	NA	NA
RF00380	ACDH01000013.1/27326-27487	True	True	NA	NA
RF00380	ACDK01000064.1/73825-73664	True	True	NA	NA
RF00380	ACEC01000025.1/21421-21256	True	True	NA	NA
RF00380	ACFX02000041.1/21421-21266	True	True	NA	NA
RF00380	ACGH01000107.1/2043-1878	True	True	NA	NA
RF00380	ACGO02000002.1/246026-245855	True	True	NA	NA
RF00380	ACGU01000110.1/97211-97378	True	True	NA	NA
RF00380	ACIL02000005.1/103424-103269	True	True	NA	NA
RF00380	ACKR01000005.1/5717-5880	True	True	NA	NA
RF00380	ACKZ01000007.1/32791-32946	True	True	NA	NA
RF00380	ACLM01000103.1/132-299	True	True	NA	NA
RF00380	ACLN01000004.1/169541-169717	True	True	NA	NA
RF00380	ACLX01000114.1/2858-3034	True	True	NA	NA
RF00380	ACMP01000214.1/1800-1624	True	True	NA	NA
RF00380	ACMS01000077.1/22055-22218	True	True	NA	NA
RF00380	ACMV01000122.1/63091-63256	True	True	NA	NA
RF00380	ACNB01000463.1/4534-4369	True	True	NA	NA
RF00380	ACND01000068.1/9860-9684	True	True	NA	NA
RF00380	ACNO01000010.1/64597-64770	True	True	NA	NA
RF00380	ACOM01000001.1/624108-624271	True	True	NA	NA
RF00380	AE001437.1/3501846-3501683	True	True	NA	NA
RF00380	AE001437.1/789407-789580	True	True	NA	NA
RF00380	AE005176.1/1288920-1288763	True	True	NA	NA
RF00380	AE005176.1/907250-907410	True	True	NA	NA
RF00380	AE008691.1/2398115-2397950	True	True	NA	NA
RF00380	AE016822.1/2178766-2178596	True	True	NA	NA
RF00380	AE016825.1/3525127-3525291	True	True	NA	NA
RF00380	AE016830.1/1024864-1024697	True	True	NA	NA
RF00380	AE016830.1/1027779-1027612	True	True	NA	NA
RF00380	AE016830.1/1268265-1268435	True	True	NA	NA
RF00380	AE016830.1/1323290-1323457	True	True	NA	NA
RF00380	AE016830.1/3116366-3116533	True	True	NA	NA
RF00380	AE016958.1/1663674-1663849	True	True	NA	NA
RF00380	AE016958.1/3916507-3916677	True	True	NA	NA
RF00380	AE017194.1/1660591-1660756	True	True	NA	NA
RF00380	AE017198.1/1073421-1073588	True	True	NA	NA
RF00380	AE017198.1/231904-232076	True	True	NA	NA
RF00380	AE017333.1/1420164-1420328	True	True	NA	NA
RF00380	AF031552.1/1396-1226	True	True	NA	NA
RF00380	AF117609.1/346-514	True	True	NA	NA
RF00380	AJ002571.1/47742-47907	True	True	NA	NA
RF00380	AJ250603.1/195-363	True	True	NA	NA
RF00380	AL035300.1/11215-11044	True	True	NA	NA
RF00380	AL583922.1/170727-170556	True	True	NA	NA
RF00380	AL591984.1/47104-46938	True	True	NA	NA
RF00380	AL596173.1/245334-245167	True	True	NA	NA
RF00380	AL935263.2/1874649-1874486	True	True	NA	NA
RF00380	AP006627.1/810916-810751	True	True	NA	NA
RF00380	AP008232.1/1074084-1073916	True	True	NA	NA
RF00380	AP009389.1/428061-428228	True	True	NA	NA
RF00380	AY129558.1/14501-14670	True	True	NA	NA
RF00380	BA000004.3/2041941-2042105	True	True	NA	NA
RF00380	BA000004.3/3340549-3340386	True	True	NA	NA
RF00380	BA000004.3/3341002-3340838	True	True	NA	NA
RF00380	BABE01005974.1/721-547	True	True	NA	NA
RF00380	BX571871.1/238808-238637	True	True	NA	NA
RF00380	BX842577.1/4252-4421	True	True	NA	NA
RF00380	CP000033.3/206473-206636	True	True	NA	NA
RF00380	CP000141.1/329676-329842	True	True	NA	NA
RF00380	CP000232.1/409831-409996	True	True	NA	NA
RF00380	CP000325.1/3411572-3411396	True	True	NA	NA
RF00380	CP000325.1/5326076-5325906	True	True	NA	NA
RF00380	CP000412.1/281461-281624	True	True	NA	NA
RF00380	CP000413.1/234944-235115	True	True	NA	NA
RF00380	CP000413.1/962812-962978	True	True	NA	NA
RF00380	CP000416.1/2122885-2122722	True	True	NA	NA
RF00380	CP000416.1/93409-93243	True	True	NA	NA
RF00380	CP000423.1/1285762-1285925	True	True	NA	NA
RF00380	CP000478.1/2034435-2034257	True	True	NA	NA
RF00380	CP000478.1/2956592-2956762	True	True	NA	NA
RF00380	CP000479.1/3338383-3338199	True	True	NA	NA
RF00380	CP000480.1/5735476-5735649	True	True	NA	NA
RF00380	CP000482.1/1208117-1207951	True	True	NA	NA
RF00380	CP000517.1/232404-232566	True	True	NA	NA
RF00380	CP000544.1/1425650-1425831	True	True	NA	NA
RF00380	CP000560.1/1275022-1275187	True	True	NA	NA
RF00380	CP000568.1/2645160-2644994	True	True	NA	NA
RF00380	CP000612.1/2523319-2523491	True	True	NA	NA
RF00380	CP000647.1/4212343-4212524	True	True	NA	NA
RF00380	CP000673.1/3641499-3641330	True	True	NA	NA
RF00380	CP000679.1/1386114-1386270	True	True	NA	NA
RF00380	CP000686.1/5712317-5712483	True	True	NA	NA
RF00380	CP000698.1/2388949-2388777	True	True	NA	NA
RF00380	CP000717.1/2055847-2056021	True	True	NA	NA
RF00380	CP000721.1/3911114-3911286	True	True	NA	NA
RF00380	CP000724.1/3301490-3301319	True	True	NA	NA
RF00380	CP000728.1/236297-236462	True	True	NA	NA
RF00380	CP000764.1/1422391-1422554	True	True	NA	NA
RF00380	CP000804.1/127786-127952	True	True	NA	NA
RF00380	CP000813.1/1287638-1287801	True	True	NA	NA
RF00380	CP000822.1/4527413-4527596	True	True	NA	NA
RF00380	CP000826.1/2785644-2785471	True	True	NA	NA
RF00380	CP000885.1/3684636-3684463	True	True	NA	NA
RF00380	CP000910.1/746842-747026	True	True	NA	NA
RF00380	CP000924.1/241045-241209	True	True	NA	NA
RF00380	CP000962.1/3124853-3124692	True	True	NA	NA
RF00380	CP001034.1/3063723-3063914	True	True	NA	NA
RF00380	CP001056.1/1473093-1473254	True	True	NA	NA
RF00380	CP001078.1/1435636-1435795	True	True	NA	NA
RF00380	CP001095.1/485733-485576	True	True	NA	NA
RF00380	CP001124.1/3732610-3732441	True	True	NA	NA
RF00380	CP001124.1/511763-511594	True	True	NA	NA
RF00380	CP001175.1/2843327-2843491	True	True	NA	NA
RF00380	CP001176.1/2412253-2412418	True	True	NA	NA
RF00380	CP001186.1/4113904-4114071	True	True	NA	NA
RF00380	CP001348.1/2365884-2365715	True	True	NA	NA
RF00380	CP001364.1/587050-586882	True	True	NA	NA
RF00380	CP001390.1/3327040-3327209	True	True	NA	NA
RF00380	CP001393.1/739372-739528	True	True	NA	NA
RF00380	CP001700.1/1972480-1972312	True	True	NA	NA
RF00380	CP001706.1/2088420-2088246	True	True	NA	NA
RF00380	CP001720.1/1833967-1834136	True	True	NA	NA
RF00380	CP001727.1/2253817-2253654	True	True	NA	NA
RF00380	CP001739.1/2726594-2726752	True	True	NA	NA
RF00380	CP001791.1/527842-527676	True	True	NA	NA
RF00380	CP001834.1/1924075-1923906	True	True	NA	NA
RF00380	CP001966.1/2592315-2592145	True	True	NA	NA
RF00380	CP002104.1/1491224-1491064	True	True	NA	NA
RF00380	CP002743.1/503463-503307	True	True	NA	NA
RF00380	CR936503.1/1082354-1082189	True	True	NA	NA
RF00380	CU458896.1/4831187-4831017	True	True	NA	NA
RF00380	URS000080E29A_1423/1-161	True	True	3PDR_X_SS;3PDR_A_SS	3PDR_X_SS;3PDR_A_SS
RF00380	URS000080E29A_32630/1-161	True	True	2QBZ_X_SS	2QBZ_X_SS
RF00380	X90691.1/1632-1461	True	True	NA	NA
RF00390	AF035635.1/619-641	True	True	NA	NA
RF00390	J04373.1/6212-6234	True	True	NA	NA
RF00390	M24801.1/79-101	True	True	NA	NA
RF00390	M24803.1/1-23	True	True	NA	NA
RF00390	M24804.1/82-104	True	True	NA	NA
RF00390	M24805.1/67-89	True	True	NA	NA
RF00390	URS0000E60B65_12154/1-26	True	True	6MJ0_B_SS;6MJ0_A_SS	6MJ0_B_SS;6MJ0_A_SS
RF00442	AACY020487820.1/810-909	True	True	NA	NA
RF00442	AACY020561157.1/192016-191883	True	True	NA	NA
RF00442	AACY020561157.1/192449-192570	True	True	NA	NA
RF00442	AACY020631184.1/852-757	True	True	NA	NA
RF00442	AACY020686856.1/831-737	True	True	NA	NA
RF00442	AACY020944359.1/616-715	True	True	NA	NA
RF00442	AACY021185329.1/257-381	True	True	NA	NA
RF00442	AACY022304416.1/191-289	True	True	NA	NA
RF00442	AACY022488354.1/229-332	True	True	NA	NA
RF00442	AACY022570280.1/322-224	True	True	NA	NA
RF00442	AACY022815670.1/204-110	True	True	NA	NA
RF00442	AACY022971551.1/806-690	True	True	NA	NA
RF00442	AACY023003357.1/203-105	True	True	NA	NA
RF00442	AACY023278747.1/300-199	True	True	NA	NA
RF00442	AAFX01006062.1/502-399	True	True	NA	NA
RF00442	AAFY01000234.1/1647-1549	True	True	NA	NA
RF00442	AAFY01010653.1/807-706	True	True	NA	NA
RF00442	AAFY01015288.1/310-411	True	True	NA	NA
RF00442	AAKY01000210.1/24279-24412	True	True	NA	NA
RF00442	AAMT01000009.1/114932-114823	True	True	NA	NA
RF00442	AANE01000002.1/189556-189666	True	True	NA	NA
RF00442	AANO01000003.1/316950-317071	True	True	NA	NA
RF00442	AAXV01000003.1/157177-157083	True	True	NA	NA
RF00442	AAYA01000003.1/309765-309872	True	True	NA	NA
RF00442	AB016894.1/3319-3421	True	True	NA	NA
RF00442	ABDT01000102.2/4407-4311	True	True	NA	NA
RF00442	ABDW01000004.1/105268-105170	True	True	NA	NA
RF00442	ABDX01000001.1/159014-159112	True	True	NA	NA
RF00442	AE017333.1/1406463-1406565	True	True	NA	NA
RF00442	AE017333.1/3988916-3988810	True	True	NA	NA
RF00442	AF116356.1/182-293	True	True	NA	NA
RF00442	AL009126.3/3988942-3988840	True	True	NA	NA
RF00442	AL954747.1/2634203-2634101	True	True	NA	NA
RF00442	AL954747.1/2634421-2634524	True	True	NA	NA
RF00442	AM180355.1/2762349-2762255	True	True	NA	NA
RF00442	AM236083.1/312516-312624	True	True	NA	NA
RF00442	AP006627.1/4004674-4004578	True	True	NA	NA
RF00442	AP006840.1/808978-808865	True	True	NA	NA
RF00442	AP008230.1/4836847-4836749	True	True	NA	NA
RF00442	AP008934.1/2424072-2423973	True	True	NA	NA
RF00442	AY316747.1/71407-71301	True	True	NA	NA
RF00442	BA000004.3/741978-741875	True	True	NA	NA
RF00442	BA000022.2/801401-801280	True	True	NA	NA
RF00442	BA000028.3/3401735-3401639	True	True	NA	NA
RF00442	BA000043.1/632114-632216	True	True	NA	NA
RF00442	BA000045.2/1020511-1020399	True	True	NA	NA
RF00442	BX569692.1/338223-338321	True	True	NA	NA
RF00442	BX571660.1/22706-22807	True	True	NA	NA
RF00442	BX572597.1/165163-165059	True	True	NA	NA
RF00442	BX950851.1/2166770-2166871	True	True	NA	NA
RF00442	CP000075.1/4719777-4719879	True	True	NA	NA
RF00442	CP000089.1/86805-86928	True	True	NA	NA
RF00442	CP000091.1/1611056-1610941	True	True	NA	NA
RF00442	CP000091.1/18427-18312	True	True	NA	NA
RF00442	CP000094.2/1520387-1520287	True	True	NA	NA
RF00442	CP000103.1/1087459-1087562	True	True	NA	NA
RF00442	CP000110.1/1021660-1021560	True	True	NA	NA
RF00442	CP000271.1/1848426-1848294	True	True	NA	NA
RF00442	CP000282.1/1455387-1455513	True	True	NA	NA
RF00442	CP000283.1/2437685-2437791	True	True	NA	NA
RF00442	CP000301.1/5067771-5067660	True	True	NA	NA
RF00442	CP000304.1/2174098-2173996	True	True	NA	NA
RF00442	CP000304.1/2184496-2184399	True	True	NA	NA
RF00442	CP000394.1/1970354-1970241	True	True	NA	NA
RF00442	CP000414.1/1882072-1882171	True	True	NA	NA
RF00442	CP000450.1/2598249-2598146	True	True	NA	NA
RF00442	CP000450.1/2598462-2598562	True	True	NA	NA
RF00442	CP000460.1/60769-60638	True	True	NA	NA
RF00442	CP000460.1/61202-61326	True	True	NA	NA
RF00442	CP000463.1/1370978-1371085	True	True	NA	NA
RF00442	CP000511.1/851507-851616	True	True	NA	NA
RF00442	CP000521.1/1496368-1496463	True	True	NA	NA
RF00442	CP000529.1/42882-42765	True	True	NA	NA
RF00442	CP000542.1/4178508-4178625	True	True	NA	NA
RF00442	CP000544.1/2583259-2583363	True	True	NA	NA
RF00442	CP000616.1/127215-127094	True	True	NA	NA
RF00442	CP000616.1/127702-127837	True	True	NA	NA
RF00442	CP000656.1/84923-84804	True	True	NA	NA
RF00442	CP000673.1/2546156-2546053	True	True	NA	NA
RF00442	CP000680.1/1531681-1531564	True	True	NA	NA
RF00442	CP000697.1/2994092-2993982	True	True	NA	NA
RF00442	CP000721.1/3993909-3993812	True	True	NA	NA
RF00442	CP000774.1/2046573-2046691	True	True	NA	NA
RF00442	CP000781.1/1413287-1413177	True	True	NA	NA
RF00442	CP000853.1/1397256-1397351	True	True	NA	NA
RF00442	CP000908.1/4131856-4131747	True	True	NA	NA
RF00442	CP000960.1/472628-472749	True	True	NA	NA
RF00442	CP001053.1/1408226-1408092	True	True	NA	NA
RF00442	CP001083.1/2486240-2486145	True	True	NA	NA
RF00442	CP001348.1/2951117-2951220	True	True	NA	NA
RF00442	CP002620.1/1522002-1521902	True	True	NA	NA
RF00442	CP003056.1/927033-926937	True	True	NA	NA
RF00442	CP003056.1/927248-927350	True	True	NA	NA
RF00442	CR543861.1/1073618-1073719	True	True	NA	NA
RF00442	CU234118.1/7058767-7058665	True	True	NA	NA
RF00442	D78189.1/4535-4646	True	True	NA	NA
RF00442	FN668941.1/529411-529517	True	True	NA	NA
RF00442	URS0000B21DF0_204038/1-85	True	True	5U3G_B_SS	5U3G_B_SS
RF00442	URS0000B21DF2_53633/1-95	True	True	5T83_A_SS	5T83_A_SS
RF00442	URS00023119BD_987057/1-128	True	True	7MLW_F_SS	7MLW_F_SS
RF00458	AB006531.1/6003-6199	True	True	NA	NA
RF00458	AB017037.1/6286-6479	True	True	NA	NA
RF00458	AF014388.1/6078-6273	True	True	NA	NA
RF00458	AF022937.1/6935-7116	True	True	NA	NA
RF00458	AF178440.1/5925-6118	True	True	NA	NA
RF00458	AF183905.1/5647-5843	True	True	NA	NA
RF00458	AF218039.1/6028-6223	True	True	NA	NA
RF00458	URS000080DD48_12136/1-190	True	True	4V92_AZ_SS	4V92_AZ_SS
RF00458	URS000080DDA6_64698/2-142	True	True	2IL9_A_SS;2IL9_M_SS	2IL9_A_SS;2IL9_M_SS
RF00458	URS000080E076_12136/1-190	True	True	2NOQ_A_SS	2NOQ_A_SS
RF00458	URS000080E194_12136/1-194	True	True	4D5N_X_SS;4D61_j_SS	4D5N_X_SS;4D61_j_SS
RF00458	URS00008116AA_64698/6-196	True	True	4XEJ_AIRE_SS;4XEJ_BIRE_SS	4XEJ_AIRE_SS;4XEJ_BIRE_SS
RF00458	URS0000A7632F_12136/1-192	True	True	5IT9_i_SS;7JQC_i_SS	5IT9_i_SS;7JQC_i_SS
RF00458	URS0000A7638F_12136/1-190	True	True	5IT7_4_SS	5IT7_4_SS
RF00458	URS0000D56C35_12136/1-190	True	True	6D9J_4_SS	6D9J_4_SS
RF00458	URS0000D56C4A_12136/1-194	True	True	6D90_4_SS	6D90_4_SS
RF00458	URS0002616B80_12136/1-163	True	True	7ZJX_I_SS	7ZJX_I_SS
RF00458	URS0002617726_12136/1-195	True	True	7ZJW_I_SS	7ZJW_I_SS
RF00480	AB074055.1/1347-1398	True	True	NA	NA
RF00480	AB074070.1/1350-1401	True	True	NA	NA
RF00480	AB074075.1/1326-1377	True	True	NA	NA
RF00480	AB074076.1/1320-1371	True	True	NA	NA
RF00480	AB078707.1/1299-1350	True	True	NA	NA
RF00480	AB078714.1/1275-1326	True	True	NA	NA
RF00480	AB097866.1/1400-1451	True	True	NA	NA
RF00480	AB097867.1/1478-1529	True	True	NA	NA
RF00480	AF005494.1/1413-1464	True	True	NA	NA
RF00480	AF024053.1/108-159	True	True	NA	NA
RF00480	AF024243.1/90-141	True	True	NA	NA
RF00480	AF024385.1/93-144	True	True	NA	NA
RF00480	AF024423.1/123-174	True	True	NA	NA
RF00480	AF042105.1/1440-1491	True	True	NA	NA
RF00480	AF067154.1/1449-1500	True	True	NA	NA
RF00480	AF076998.1/1440-1491	True	True	NA	NA
RF00480	AF119819.1/2102-2153	True	True	NA	NA
RF00480	AF119820.1/2110-2161	True	True	NA	NA
RF00480	AF156820.1/43-94	True	True	NA	NA
RF00480	AF156840.1/71-122	True	True	NA	NA
RF00480	AF247519.1/1233-1284	True	True	NA	NA
RF00480	AF282967.1/1-52	True	True	NA	NA
RF00480	AF286239.1/1448-1499	True	True	NA	NA
RF00480	AF286240.1/914-965	True	True	NA	NA
RF00480	AF293420.1/1-52	True	True	NA	NA
RF00480	AF323226.1/65-116	True	True	NA	NA
RF00480	AF349363.1/33-84	True	True	NA	NA
RF00480	AF408626.1/1506-1557	True	True	NA	NA
RF00480	AF408627.1/1519-1570	True	True	NA	NA
RF00480	AF411964.1/2087-2138	True	True	NA	NA
RF00480	AF442567.1/1455-1506	True	True	NA	NA
RF00480	AF442568.1/1448-1499	True	True	NA	NA
RF00480	AF442570.1/1448-1499	True	True	NA	NA
RF00480	AF442571.1/584-635	True	True	NA	NA
RF00480	AF443109.1/1467-1518	True	True	NA	NA
RF00480	AF443114.1/1446-1497	True	True	NA	NA
RF00480	AF457051.1/1293-1344	True	True	NA	NA
RF00480	AF457057.1/1284-1335	True	True	NA	NA
RF00480	AF457059.1/1287-1338	True	True	NA	NA
RF00480	AF457071.1/1281-1332	True	True	NA	NA
RF00480	AF457088.1/1278-1329	True	True	NA	NA
RF00480	AF484483.1/1292-1343	True	True	NA	NA
RF00480	AF484485.1/1293-1344	True	True	NA	NA
RF00480	AF484493.1/1290-1341	True	True	NA	NA
RF00480	AF484496.1/1275-1326	True	True	NA	NA
RF00480	AF484510.1/1293-1344	True	True	NA	NA
RF00480	AF484519.1/1293-1344	True	True	NA	NA
RF00480	AJ006022.1/1658-1709	True	True	NA	NA
RF00480	AJ249235.1/1281-1332	True	True	NA	NA
RF00480	AJ249236.1/1281-1332	True	True	NA	NA
RF00480	AJ286137.1/52-103	True	True	NA	NA
RF00480	AJ291719.1/2082-2133	True	True	NA	NA
RF00480	AJ313391.1/51-102	True	True	NA	NA
RF00480	AJ313415.1/51-102	True	True	NA	NA
RF00480	AJ313421.1/50-101	True	True	NA	NA
RF00480	AJ405961.1/1-52	True	True	NA	NA
RF00480	AJ437033.1/1299-1350	True	True	NA	NA
RF00480	AJ488926.1/1306-1357	True	True	NA	NA
RF00480	AJ535032.1/23-74	True	True	NA	NA
RF00480	AJ583741.1/51-102	True	True	NA	NA
RF00480	AY037266.1/1278-1329	True	True	NA	NA
RF00480	AY037269.1/1290-1341	True	True	NA	NA
RF00480	AY037273.1/1284-1335	True	True	NA	NA
RF00480	AY090761.1/678-729	True	True	NA	NA
RF00480	AY093603.1/1290-1341	True	True	NA	NA
RF00480	AY140131.1/1170-1221	True	True	NA	NA
RF00480	AY140134.1/1158-1206	True	True	NA	NA
RF00480	AY140137.1/1034-1085	True	True	NA	NA
RF00480	AY140149.1/1173-1221	True	True	NA	NA
RF00480	AY140164.1/1155-1204	True	True	NA	NA
RF00480	AY140557.1/891-942	True	True	NA	NA
RF00480	AY140558.1/888-939	True	True	NA	NA
RF00480	AY165197.1/238-289	True	True	NA	NA
RF00480	AY165211.1/236-287	True	True	NA	NA
RF00480	AY165215.1/142-193	True	True	NA	NA
RF00480	AY165229.1/242-293	True	True	NA	NA
RF00480	AY165261.1/239-290	True	True	NA	NA
RF00480	AY165283.1/224-275	True	True	NA	NA
RF00480	AY181067.1/27-78	True	True	NA	NA
RF00480	AY181075.1/46-97	True	True	NA	NA
RF00480	AY181081.1/46-97	True	True	NA	NA
RF00480	AY206647.1/1296-1347	True	True	NA	NA
RF00480	AY206650.1/1302-1353	True	True	NA	NA
RF00480	AY253307.1/1299-1350	True	True	NA	NA
RF00480	AY253315.1/1287-1338	True	True	NA	NA
RF00480	AY255816.1/1280-1331	True	True	NA	NA
RF00480	AY255828.1/1281-1332	True	True	NA	NA
RF00480	AY304893.1/1283-1334	True	True	NA	NA
RF00480	AY304963.1/1283-1334	True	True	NA	NA
RF00480	AY322189.1/1554-1605	True	True	NA	NA
RF00480	AY322191.1/1547-1598	True	True	NA	NA
RF00480	AY331287.1/1296-1347	True	True	NA	NA
RF00480	AY358053.1/1284-1335	True	True	NA	NA
RF00480	AY358055.1/1284-1335	True	True	NA	NA
RF00480	AY358059.1/1284-1335	True	True	NA	NA
RF00480	AY358063.1/1284-1335	True	True	NA	NA
RF00480	AY371144.1/1284-1335	True	True	NA	NA
RF00480	AY371154.1/1293-1344	True	True	NA	NA
RF00480	AY371167.1/1284-1335	True	True	NA	NA
RF00480	AY441922.1/80-131	True	True	NA	NA
RF00480	AY455779.1/1536-1587	True	True	NA	NA
RF00480	AY455784.1/1548-1599	True	True	NA	NA
RF00480	AY484777.1/1-50	True	True	NA	NA
RF00480	AY484781.1/1-50	True	True	NA	NA
RF00480	AY484783.1/10-61	True	True	NA	NA
RF00480	AY484784.1/1-48	True	True	NA	NA
RF00480	AY492772.1/840-891	True	True	NA	NA
RF00480	AY492778.1/819-870	True	True	NA	NA
RF00480	AY492785.1/846-897	True	True	NA	NA
RF00480	AY492788.1/854-904	True	True	NA	NA
RF00480	AY518943.1/46-97	True	True	NA	NA
RF00480	AY518946.1/46-97	True	True	NA	NA
RF00480	AY518966.1/46-97	True	True	NA	NA
RF00480	AY518978.1/46-97	True	True	NA	NA
RF00480	AY518998.1/46-97	True	True	NA	NA
RF00480	AY519015.1/46-97	True	True	NA	NA
RF00480	AY519017.1/46-97	True	True	NA	NA
RF00480	AY519076.1/46-97	True	True	NA	NA
RF00480	AY519079.1/46-97	True	True	NA	NA
RF00480	AY519082.1/46-97	True	True	NA	NA
RF00480	AY519093.1/46-97	True	True	NA	NA
RF00480	AY519101.1/46-97	True	True	NA	NA
RF00480	AY519118.1/46-97	True	True	NA	NA
RF00480	AY535669.1/171-222	True	True	NA	NA
RF00480	AY535670.1/171-222	True	True	NA	NA
RF00480	AY535690.1/171-222	True	True	NA	NA
RF00480	AY535721.1/171-222	True	True	NA	NA
RF00480	AY535742.1/171-222	True	True	NA	NA
RF00480	AY536235.1/1541-1592	True	True	NA	NA
RF00480	AY561238.1/1290-1341	True	True	NA	NA
RF00480	AY561241.1/1290-1341	True	True	NA	NA
RF00480	AY561244.1/1200-1251	True	True	NA	NA
RF00480	AY563170.1/1281-1332	True	True	NA	NA
RF00480	AY682547.1/1576-1627	True	True	NA	NA
RF00480	L11756.1/1299-1350	True	True	NA	NA
RF00480	L11771.1/1296-1347	True	True	NA	NA
RF00480	L11789.1/1281-1332	True	True	NA	NA
RF00480	L11798.1/1290-1341	True	True	NA	NA
RF00480	U21135.1/2084-2135	True	True	NA	NA
RF00480	U26546.1/1464-1515	True	True	NA	NA
RF00480	U29404.1/1299-1350	True	True	NA	NA
RF00480	U29410.1/1299-1350	True	True	NA	NA
RF00480	U53654.1/165-216	True	True	NA	NA
RF00480	U53656.1/165-216	True	True	NA	NA
RF00480	URS000080E22A_11676/1-45	True	True	1Z2J_A_SS;2L94_A_SS	1Z2J_A_SS;2L94_A_SS
RF00480	URS0002335978_11676/49-93	True	True	6VWL_4_SS;6VWM_4_SS;6VWN_4_SS	6VWL_4_SS;6VWM_4_SS;6VWN_4_SS
RF00480	X52154.1/2152-2203	True	True	NA	NA
RF00505	AL627270.1/77020-76955	True	True	NA	NA
RF00505	CP000038.1/1826318-1826381	True	True	NA	NA
RF00505	CP001113.1/1726026-1726091	True	True	NA	NA
RF00505	CU928161.2/1508420-1508357	True	True	NA	NA
RF00505	U00096.2/1489530-1489467	True	True	NA	NA
RF00505	URS00008FED35_90371/1-65	True	True	4V2S_Q_SS	4V2S_Q_SS
RF00507	NC_002306.3/12410-12484	True	True	NA	NA
RF00507	NC_002645.1/12521-12595	True	True	NA	NA
RF00507	NC_003045.1/13342-13422	True	True	NA	NA
RF00507	NC_003436.1/12621-12695	True	True	NA	NA
RF00507	NC_004718.3/13399-13476	True	True	NA	NA
RF00507	NC_005831.2/12440-12514	True	True	NA	NA
RF00507	NC_006213.1/13341-13421	True	True	NA	NA
RF00507	NC_006577.2/13601-13681	True	True	NA	NA
RF00507	NC_009019.1/13551-13631	True	True	NA	NA
RF00507	NC_009020.1/13686-13766	True	True	NA	NA
RF00507	NC_009021.1/12952-13032	True	True	NA	NA
RF00507	NC_009657.1/12651-12725	True	True	NA	NA
RF00507	NC_009988.1/12447-12521	True	True	NA	NA
RF00507	NC_010437.1/13049-13123	True	True	NA	NA
RF00507	NC_010438.1/12936-13010	True	True	NA	NA
RF00507	NC_010646.1/12389-12466	True	True	NA	NA
RF00507	NC_011547.1/11353-11430	True	True	NA	NA
RF00507	NC_011549.1/11404-11481	True	True	NA	NA
RF00507	NC_011550.1/11593-11670	True	True	NA	NA
RF00507	NC_014470.1/13298-13375	True	True	NA	NA
RF00507	NC_016991.1/11350-11427	True	True	NA	NA
RF00507	NC_016992.1/11425-11502	True	True	NA	NA
RF00507	NC_016993.1/11435-11512	True	True	NA	NA
RF00507	NC_016994.1/11312-11389	True	True	NA	NA
RF00507	NC_016995.1/10923-11000	True	True	NA	NA
RF00507	NC_016996.1/11062-11139	True	True	NA	NA
RF00507	NC_017083.1/13520-13600	True	True	NA	NA
RF00507	NC_018871.1/12618-12692	True	True	NA	NA
RF00507	NC_019843.3/13434-13514	True	True	NA	NA
RF00507	NC_022103.1/12533-12607	True	True	NA	NA
RF00507	NC_023760.1/12300-12374	True	True	NA	NA
RF00507	NC_025217.1/13932-14009	True	True	NA	NA
RF00507	NC_026011.1/13485-13565	True	True	NA	NA
RF00507	NC_028752.1/12536-12610	True	True	NA	NA
RF00507	NC_028806.1/12325-12399	True	True	NA	NA
RF00507	NC_028811.1/12239-12313	True	True	NA	NA
RF00507	NC_028814.1/12204-12278	True	True	NA	NA
RF00507	NC_028824.1/12252-12326	True	True	NA	NA
RF00507	NC_028833.1/11986-12060	True	True	NA	NA
RF00507	NC_030292.1/12123-12197	True	True	NA	NA
RF00507	NC_030886.1/13084-13164	True	True	NA	NA
RF00507	NC_032107.1/12473-12547	True	True	NA	NA
RF00507	NC_032730.1/12539-12604	True	True	NA	NA
RF00507	NC_034440.1/13207-13287	True	True	NA	NA
RF00507	NC_034972.1/12332-12397	True	True	NA	NA
RF00507	NC_038294.1/13433-13513	True	True	NA	NA
RF00507	NC_038861.1/12339-12413	True	True	NA	NA
RF00507	NC_039207.1/13585-13665	True	True	NA	NA
RF00507	NC_039208.1/11408-11485	True	True	NA	NA
RF00507	URS00021ED9B3_2697049/11-88	True	True	6XRZ_A_SS	6XRZ_A_SS
RF00507	URS0002617719_2697049/144-220	True	True	7O7Z_AH_SS	7O7Z_AH_SS
RF00522	AAAK03000099.1/1629-1673	True	True	NA	NA
RF00522	AAOX01000006.1/21305-21347	True	True	NA	NA
RF00522	AARF01000079.1/5363-5319	True	True	NA	NA
RF00522	AARM02000383.1/1741-1694	True	True	NA	NA
RF00522	AASA01000045.1/1296-1252	True	True	NA	NA
RF00522	AAVO02000002.1/275638-275594	True	True	NA	NA
RF00522	AAXB02000001.1/142227-142271	True	True	NA	NA
RF00522	AAXV01000007.1/14855-14899	True	True	NA	NA
RF00522	AAYG02000018.1/120313-120357	True	True	NA	NA
RF00522	ABCF01000001.1/139145-139189	True	True	NA	NA
RF00522	ABDX01000003.1/184506-184550	True	True	NA	NA
RF00522	AE002098.2/329220-329176	True	True	NA	NA
RF00522	AE004439.1/209165-209100	True	True	NA	NA
RF00522	AE016827.1/1848390-1848434	True	True	NA	NA
RF00522	AE017333.1/1501710-1501754	True	True	NA	NA
RF00522	AE017355.1/1321429-1321472	True	True	NA	NA
RF00522	AE017355.1/1568663-1568707	True	True	NA	NA
RF00522	AL009126.3/1439274-1439318	True	True	NA	NA
RF00522	AL596166.1/191853-191900	True	True	NA	NA
RF00522	AL766846.1/39196-39152	True	True	NA	NA
RF00522	AL935263.2/2519559-2519515	True	True	NA	NA
RF00522	AM421808.1/1884627-1884671	True	True	NA	NA
RF00522	AP006627.1/2249570-2249527	True	True	NA	NA
RF00522	AP006716.1/2221258-2221304	True	True	NA	NA
RF00522	AP008934.1/2076124-2076170	True	True	NA	NA
RF00522	BA000004.3/2373342-2373299	True	True	NA	NA
RF00522	BA000028.3/467676-467632	True	True	NA	NA
RF00522	CP000029.1/370924-370878	True	True	NA	NA
RF00522	CP000233.1/1599957-1600001	True	True	NA	NA
RF00522	CP000414.1/1235047-1235002	True	True	NA	NA
RF00522	CP000513.1/859945-859989	True	True	NA	NA
RF00522	CP000746.1/2223340-2223384	True	True	NA	NA
RF00522	CP000764.1/1180651-1180694	True	True	NA	NA
RF00522	CR936503.1/1598027-1597983	True	True	NA	NA
RF00522	URS000080E020_32630/1-34	True	True	3FU2_A_SS	3FU2_A_SS
RF00522	URS000080E037_32630/1-34	True	True	3K1V_A_SS	3K1V_A_SS
RF00522	URS000080E08D_32630/1-36	True	True	2L1V_A_SS	2L1V_A_SS
RF00522	URS000080E32E_119072/1-33	True	True	6VUI_A_SS;6VUH_A_SS;7E9I_A_SS;7E9E_A_SS	6VUI_A_SS;6VUH_A_SS;7E9I_A_SS;7E9E_A_SS
RF00522	URS000080E32E_32630/1-33	True	True	3GCA_A_SS;3Q50_A_SS	3GCA_A_SS;3Q50_A_SS
RF00522	URS0000E60B99_119072/1-33	True	True	6E1T_A_SS;6E1V_A_SS	6E1T_A_SS;6E1V_A_SS
RF00522	URS0000E60BA5_119072/1-33	True	True	6E1S_A_SS;6E1U_A_SS;6E1W_A_SS	6E1S_A_SS;6E1U_A_SS;6E1W_A_SS
RF00522	URS00023119CB_2126436/1-34	True	True	7REX_A_SS;8FB3_A_SS	7REX_A_SS;8FB3_A_SS
RF00522	X99978.2/10136-10181	True	True	NA	NA
RF00525	AB051292.1/10773-10845	True	True	NA	NA
RF00525	AB074761.1/10468-10539	True	True	NA	NA
RF00525	AB074761.1/10552-10623	True	True	NA	NA
RF00525	AB122020.1/10540-10612	True	True	NA	NA
RF00525	AB178040.1/10468-10539	True	True	NA	NA
RF00525	AF017254.2/1225-1298	True	True	NA	NA
RF00525	AF017254.2/1303-1372	True	True	NA	NA
RF00525	AF022439.1/10540-10612	True	True	NA	NA
RF00525	AF075723.1/10704-10779	True	True	NA	NA
RF00525	AF080251.1/10705-10780	True	True	NA	NA
RF00525	AF080251.1/10786-10858	True	True	NA	NA
RF00525	AF098735.1/10704-10779	True	True	NA	NA
RF00525	AF098735.1/10785-10857	True	True	NA	NA
RF00525	AF100145.1/268-340	True	True	NA	NA
RF00525	AF100146.1/269-341	True	True	NA	NA
RF00525	AF100148.1/172-243	True	True	NA	NA
RF00525	AF100149.1/258-330	True	True	NA	NA
RF00525	AF100151.1/258-330	True	True	NA	NA
RF00525	AF100458.1/258-330	True	True	NA	NA
RF00525	AF100464.1/10530-10602	True	True	NA	NA
RF00525	AF100467.1/10432-10503	True	True	NA	NA
RF00525	AF100467.1/10518-10590	True	True	NA	NA
RF00525	AF100469.1/10433-10504	True	True	NA	NA
RF00525	AF100469.1/10519-10591	True	True	NA	NA
RF00525	AF119661.1/10454-10525	True	True	NA	NA
RF00525	AF119661.1/10540-10612	True	True	NA	NA
RF00525	AF169679.1/10540-10612	True	True	NA	NA
RF00525	AF169680.1/10540-10612	True	True	NA	NA
RF00525	AF169684.1/10454-10525	True	True	NA	NA
RF00525	AF169684.1/10540-10612	True	True	NA	NA
RF00525	AF180817.1/10552-10623	True	True	NA	NA
RF00525	AF208017.1/800-873	True	True	NA	NA
RF00525	AF217620.1/10692-10767	True	True	NA	NA
RF00525	AF217620.1/10773-10845	True	True	NA	NA
RF00525	AF226686.1/10468-10539	True	True	NA	NA
RF00525	AF226686.1/10552-10623	True	True	NA	NA
RF00525	AF254452.1/10705-10780	True	True	NA	NA
RF00525	AF289029.1/10391-10462	True	True	NA	NA
RF00525	AF298808.1/10538-10609	True	True	NA	NA
RF00525	AF306514.1/299-374	True	True	NA	NA
RF00525	AF306514.1/380-449	True	True	NA	NA
RF00525	AF306516.1/385-457	True	True	NA	NA
RF00525	AF309641.1/10454-10525	True	True	NA	NA
RF00525	AF309951.1/271-343	True	True	NA	NA
RF00525	AF309953.1/185-256	True	True	NA	NA
RF00525	AF309953.1/271-343	True	True	NA	NA
RF00525	AF309954.1/185-257	True	True	NA	NA
RF00525	AF309955.1/184-255	True	True	NA	NA
RF00525	AF309955.1/269-341	True	True	NA	NA
RF00525	AF309956.1/184-255	True	True	NA	NA
RF00525	AF309956.1/269-341	True	True	NA	NA
RF00525	AF309959.1/171-242	True	True	NA	NA
RF00525	AF309959.1/257-329	True	True	NA	NA
RF00525	AF309961.1/182-253	True	True	NA	NA
RF00525	AF309961.1/267-339	True	True	NA	NA
RF00525	AF310146.1/198-269	True	True	NA	NA
RF00525	AF310146.1/282-353	True	True	NA	NA
RF00525	AF310147.1/198-269	True	True	NA	NA
RF00525	AF310147.1/282-353	True	True	NA	NA
RF00525	AF310149.1/179-250	True	True	NA	NA
RF00525	AF310150.1/133-204	True	True	NA	NA
RF00525	AF311958.1/10552-10623	True	True	NA	NA
RF00525	AF359579.1/10454-10525	True	True	NA	NA
RF00525	AF359579.1/10540-10612	True	True	NA	NA
RF00525	AF404756.1/10759-10832	True	True	NA	NA
RF00525	AF514883.2/10552-10623	True	True	NA	NA
RF00525	AJ242984.1/10359-10430	True	True	NA	NA
RF00525	AY037116.1/10540-10612	True	True	NA	NA
RF00525	AY099345.1/2241-2312	True	True	NA	NA
RF00525	AY099345.1/2325-2397	True	True	NA	NA
RF00525	AY145121.1/10552-10623	True	True	NA	NA
RF00525	AY152083.1/245-316	True	True	NA	NA
RF00525	AY152199.1/334-407	True	True	NA	NA
RF00525	AY152231.1/245-316	True	True	NA	NA
RF00525	AY152231.1/334-407	True	True	NA	NA
RF00525	AY152247.1/245-316	True	True	NA	NA
RF00525	AY152287.1/245-316	True	True	NA	NA
RF00525	AY152355.1/245-316	True	True	NA	NA
RF00525	AY184212.1/10705-10780	True	True	NA	NA
RF00525	AY184212.1/10786-10858	True	True	NA	NA
RF00525	AY277665.1/10552-10623	True	True	NA	NA
RF00525	AY278441.1/10759-10832	True	True	NA	NA
RF00525	AY278442.1/10759-10832	True	True	NA	NA
RF00525	AY289214.1/10759-10832	True	True	NA	NA
RF00525	AY316157.1/10690-10765	True	True	NA	NA
RF00525	AY316157.1/10771-10840	True	True	NA	NA
RF00525	AY326407.1/282-342	True	True	NA	NA
RF00525	AY326409.1/179-238	True	True	NA	NA
RF00525	AY326412.1/250-314	True	True	NA	NA
RF00525	AY490240.2/10837-10906	True	True	NA	NA
RF00525	AY590190.1/236-309	True	True	NA	NA
RF00525	AY590190.1/314-383	True	True	NA	NA
RF00525	AY590206.1/236-309	True	True	NA	NA
RF00525	AY590207.1/314-383	True	True	NA	NA
RF00525	AY648961.1/10525-10597	True	True	NA	NA
RF00525	AY688948.1/10790-10863	True	True	NA	NA
RF00525	AY688948.1/10867-10936	True	True	NA	NA
RF00525	EF629368.1/10525-10597	True	True	NA	NA
RF00525	L24512.1/357-430	True	True	NA	NA
RF00525	L24512.1/435-504	True	True	NA	NA
RF00525	M12294.2/10694-10767	True	True	NA	NA
RF00525	M12294.2/10772-10841	True	True	NA	NA
RF00525	M29095.1/10540-10612	True	True	NA	NA
RF00525	M35172.1/447-517	True	True	NA	NA
RF00525	M87512.1/10534-10605	True	True	NA	NA
RF00525	M93130.1/10430-10501	True	True	NA	NA
RF00525	S73076.1/496-553	True	True	NA	NA
RF00525	U47032.1/10704-10779	True	True	NA	NA
RF00525	U47032.1/10785-10857	True	True	NA	NA
RF00525	U88535.1/10468-10539	True	True	NA	NA
RF00525	U88535.1/10552-10623	True	True	NA	NA
RF00525	URS00023119B4_985683/1-90	True	True	7KGA_A_SS;7KGA_B_SS	7KGA_A_SS;7KGA_B_SS
RF00622	AAEX03015410.1/35073-34998	True	True	NA	NA
RF00622	AAFC03085012.1/105656-105579	True	True	NA	NA
RF00622	AAFR03024585.1/20274-20351	True	True	NA	NA
RF00622	AAGJ04021094.1/6040-5967	True	True	NA	NA
RF00622	AAGJ04154883.1/9182-9255	True	True	NA	NA
RF00622	AAGV020425402.1/596-519	True	True	NA	NA
RF00622	AAIY01234049.1/2-76	True	True	NA	NA
RF00622	AAPY01211722.1/3878-3801	True	True	NA	NA
RF00622	AC096310.9/197397-197321	True	True	NA	NA
RF00622	AC113124.9/161461-161384	True	True	NA	NA
RF00622	AC190203.1/105322-105245	True	True	NA	NA
RF00622	AL158040.14/122218-122141	True	True	NA	NA
RF00622	URS0002617729_9606/1-69	True	True	7QR4_B_SS	7QR4_B_SS
RF00622	URS0002617738_9598/1-69	True	True	7QR3_C_SS;7QR3_D_SS	7QR3_C_SS;7QR3_D_SS
RF00661	URS0000001EB3_9544/1-71	True	True	NA	NA
RF00661	URS0000001EB3_9545/1-71	True	True	NA	NA
RF00661	URS0000001EB3_9593/1-71	True	True	NA	NA
RF00661	URS0000001EB3_9597/1-71	True	True	NA	NA
RF00661	URS0000001EB3_9598/1-71	True	True	NA	NA
RF00661	URS0000001EB3_9600/1-71	True	True	NA	NA
RF00661	URS0000001EB3_9606/1-71	True	True	8FCS_A_SS	8FCS_A_SS
RF00661	URS000002615F_7245/3-125	True	True	NA	NA
RF00661	URS000003E405_7245/4-89	True	True	NA	NA
RF00661	URS00000443CF_7217/1-95	True	True	NA	NA
RF00661	URS0000070CA3_7220/4-89	True	True	NA	NA
RF00661	URS0000174800_7237/1-86	True	True	NA	NA
RF00661	URS00001F723F_7222/4-88	True	True	NA	NA
RF00661	URS0000239B59_7217/4-89	True	True	NA	NA
RF00661	URS000024A808_7230/4-88	True	True	NA	NA
RF00661	URS000024E35C_7227/3-125	True	True	NA	NA
RF00661	URS00002DD45B_7234/1-77	True	True	NA	NA
RF00661	URS00002E05E6_7234/4-89	True	True	NA	NA
RF00661	URS00002E05E6_7237/4-89	True	True	NA	NA
RF00661	URS000035D1DA_7220/3-125	True	True	NA	NA
RF00661	URS000039DAA7_7260/1-136	True	True	NA	NA
RF00661	URS00003E4D10_7238/3-125	True	True	NA	NA
RF00661	URS00003E4D10_7240/3-125	True	True	NA	NA
RF00661	URS000043BD52_7230/3-125	True	True	NA	NA
RF00661	URS0000465605_7227/4-89	True	True	NA	NA
RF00661	URS0000465605_7238/4-89	True	True	NA	NA
RF00661	URS0000465605_7240/4-89	True	True	NA	NA
RF00661	URS00004B5F9F_7244/4-89	True	True	NA	NA
RF00661	URS00005932E8_7244/3-124	True	True	NA	NA
RF00661	URS00006001B8_7260/4-85	True	True	NA	NA
RF00661	URS000060BC79_7222/3-124	True	True	NA	NA
RF00661	URS000075A941_9796/1-67	True	True	NA	NA
RF00661	URS000075AFF7_7091/9-89	True	True	NA	NA
RF00661	URS000075B810_10116/18-97	True	True	NA	NA
RF00661	URS000075BBB7_9913/14-93	True	True	NA	NA
RF00661	URS000075BF2D_10090/17-96	True	True	NA	NA
RF00661	URS000075BF80_13616/1-80	True	True	NA	NA
RF00661	URS000075C1F0_7668/8-91	True	True	NA	NA
RF00661	URS000075C779_7460/16-97	True	True	NA	NA
RF00661	URS000075C7F6_7425/16-96	True	True	NA	NA
RF00661	URS000075CAF1_9258/6-85	True	True	NA	NA
RF00661	URS000075D3CC_59729/14-93	True	True	NA	NA
RF00661	URS000075D643_7955/1-72	True	True	NA	NA
RF00661	URS000075D927_9031/14-93	True	True	NA	NA
RF00661	URS000075D93C_10116/17-96	True	True	NA	NA
RF00661	URS000075D9CE_10029/1-77	True	True	NA	NA
RF00661	URS000075DB9D_7719/5-82	True	True	NA	NA
RF00661	URS000075E09C_8090/16-96	True	True	NA	NA
RF00661	URS000075E0BF_7070/1-77	True	True	NA	NA
RF00661	URS000075E797_8364/6-85	True	True	NA	NA
RF00661	URS000075EDB7_10224/10-90	True	True	NA	NA
RF00661	URS00007930C1_283909/10-91	True	True	NA	NA
RF00661	URS00007E4108_28377/7-83	True	True	NA	NA
RF00661	URS00007E495B_9823/1-78	True	True	NA	NA
RF00661	URS00007E4AE8_9615/1-59	True	True	NA	NA
RF00661	URS0000A7CC58_51511/5-80	True	True	NA	NA
RF00661	URS0000D4EF58_7739/8-89	True	True	NA	NA
RF00661	URS0000D4F9CB_7159/40-118	True	True	NA	NA
RF00661	URS0000D4FCE5_6669/10-92	True	True	NA	NA
RF00661	URS0000D4FF10_7426/1-72	True	True	NA	NA
RF00661	URS0000D4FF10_7427/1-72	True	True	NA	NA
RF00661	URS0000D504A4_7654/8-92	True	True	NA	NA
RF00661	URS0000D508E9_79327/3-84	True	True	NA	NA
RF00661	URS0000D515CD_225164/10-90	True	True	NA	NA
RF00661	URS0000D5171C_46514/1-84	True	True	NA	NA
RF00661	URS0000D51E44_7741/8-90	True	True	NA	NA
RF00661	URS0000D525E0_7998/1-61	True	True	NA	NA
RF00661	URS0000D52E6A_8665/1-79	True	True	NA	NA
RF00661	URS0000D53309_29078/1-80	True	True	NA	NA
RF00661	URS0000D53774_7176/1-79	True	True	NA	NA
RF00661	URS0000D543A0_7130/11-91	True	True	NA	NA
RF00661	URS0000D54516_7757/1-78	True	True	NA	NA
RF00661	URS0000D56204_79327/1-64	True	True	NA	NA
RF00661	URS0000D564F9_46514/1-78	True	True	NA	NA
RF00661	URS0000D567C8_46514/1-81	True	True	NA	NA
RF01047	AB014381.1/1847-1907	True	True	NA	NA
RF01047	AB032431.1/1847-1907	True	True	NA	NA
RF01047	AB033554.1/1847-1907	True	True	NA	NA
RF01047	AB033556.1/1847-1907	True	True	NA	NA
RF01047	AB036910.1/1847-1907	True	True	NA	NA
RF01047	AB048704.1/1847-1907	True	True	NA	NA
RF01047	AB064310.1/1847-1907	True	True	NA	NA
RF01047	AB073858.1/1847-1907	True	True	NA	NA
RF01047	AF090842.1/474-534	True	True	NA	NA
RF01047	AF100309.1/1849-1909	True	True	NA	NA
RF01047	AF160501.1/1847-1907	True	True	NA	NA
RF01047	AF223965.1/1847-1907	True	True	NA	NA
RF01047	AF297621.1/1847-1907	True	True	NA	NA
RF01047	AF405706.1/1847-1907	True	True	NA	NA
RF01047	AM282986.1/1847-1907	True	True	NA	NA
RF01047	AY090454.1/1850-1910	True	True	NA	NA
RF01047	AY090457.1/1850-1910	True	True	NA	NA
RF01047	AY090460.1/1850-1910	True	True	NA	NA
RF01047	AY123041.1/1721-1781	True	True	NA	NA
RF01047	D00329.1/1847-1907	True	True	NA	NA
RF01047	D00330.1/1847-1907	True	True	NA	NA
RF01047	M32138.1/1849-1909	True	True	NA	NA
RF01047	URS00021ED8EA_10407/1-61	True	True	6VAR_A_SS	6VAR_A_SS
RF01047	V01460.1/1338-1278	True	True	NA	NA
RF01047	X02496.1/1849-1909	True	True	NA	NA
RF01047	X02763.1/35-95	True	True	NA	NA
RF01047	X04615.1/1847-1907	True	True	NA	NA
RF01047	X51970.1/1847-1907	True	True	NA	NA
RF01047	X65259.1/1849-1909	True	True	NA	NA
RF01047	X69798.1/1847-1907	True	True	NA	NA
RF01047	X75657.1/1847-1907	True	True	NA	NA
RF01047	X75658.1/1847-1907	True	True	NA	NA
RF01047	X85254.1/1849-1909	True	True	NA	NA
RF01054	AAJR01000052.1/12937-13050	True	True	NA	NA
RF01054	ABAC01000009.1/939-843	True	True	NA	NA
RF01054	AE014133.2/1474191-1474095	True	True	NA	NA
RF01054	AM406671.1/1746216-1746111	True	True	NA	NA
RF01054	CP000003.1/587341-587456	True	True	NA	NA
RF01054	CP000114.1/925396-925509	True	True	NA	NA
RF01054	CP000260.1/602445-602560	True	True	NA	NA
RF01054	CP000387.1/1493003-1492897	True	True	NA	NA
RF01054	CP000407.1/1534158-1534056	True	True	NA	NA
RF01054	CP000423.1/2043279-2043181	True	True	NA	NA
RF01054	CP000425.1/786495-786601	True	True	NA	NA
RF01054	CP001033.1/966317-966413	True	True	NA	NA
RF01054	FQ312029.1/941296-941392	True	True	NA	NA
RF01054	FQ312042.1/2132413-2132509	True	True	NA	NA
RF01054	URS000080E2D6_32630/1-59	True	True	2MIY_A_SS	2MIY_A_SS
RF01073	AF053745.1/2288-2348	True	True	NA	NA
RF01073	AF411814.1/2228-2289	True	True	NA	NA
RF01073	AY099324.1/2582-2643	True	True	NA	NA
RF01073	J02034.1/2580-2641	True	True	NA	NA
RF01073	M18247.1/2424-2485	True	True	NA	NA
RF01073	M26927.1/2191-2251	True	True	NA	NA
RF01073	M77193.1/3206-3267	True	True	NA	NA
RF01073	URS0000A7636D_11801/1-63	True	True	2LC8_A_SS	2LC8_A_SS
RF01084	AB183261.1/1984-2112	True	True	NA	NA
RF01084	AB194808.1/1958-2087	True	True	NA	NA
RF01084	AF127976.1/2067-2194	True	True	NA	NA
RF01084	AF325738.1/2039-2167	True	True	NA	NA
RF01084	AJ276479.1/3234-3353	True	True	NA	NA
RF01084	AM183114.1/3233-3357	True	True	NA	NA
RF01084	AM183117.1/3235-3356	True	True	NA	NA
RF01084	D10044.1/3265-3405	True	True	NA	NA
RF01084	URS00023119EC_12302/1-171	True	True	7SAM_A_SS;7SC6_C_SS;7SCQ_C_SS	7SAM_A_SS;7SC6_C_SS;7SCQ_C_SS
RF01415	AB051292.1/10601-10671	True	True	NA	NA
RF01415	AF075723.1/10614-10684	True	True	NA	NA
RF01415	AF196535.1/535-609	True	True	NA	NA
RF01415	AF196537.1/523-594	True	True	NA	NA
RF01415	AF208017.1/702-776	True	True	NA	NA
RF01415	AF221499.1/10614-10683	True	True	NA	NA
RF01415	AF297847.1/505-579	True	True	NA	NA
RF01415	AF297857.1/485-559	True	True	NA	NA
RF01415	AF297858.1/519-593	True	True	NA	NA
RF01415	AF306514.1/209-279	True	True	NA	NA
RF01415	AY303794.1/10614-10684	True	True	NA	NA
RF01415	AY453412.1/10700-10767	True	True	NA	NA
RF01415	AY765264.1/10602-10676	True	True	NA	NA
RF01415	AY898809.1/10594-10661	True	True	NA	NA
RF01415	DQ176636.2/10595-10669	True	True	NA	NA
RF01415	DQ411032.1/10638-10712	True	True	NA	NA
RF01415	L24512.1/259-333	True	True	NA	NA
RF01415	L48977.1/458-531	True	True	NA	NA
RF01415	L48980.1/463-537	True	True	NA	NA
RF01415	L49311.1/478-551	True	True	NA	NA
RF01415	URS000080DDC1_11079/1-68	True	True	4PQV_A_SS	4PQV_A_SS
RF01510	AE017263.1/29965-30028	True	True	NA	NA
RF01510	AE017263.1/31976-32038	True	True	NA	NA
RF01510	AE017263.1/668937-668875	True	True	NA	NA
RF01510	URS000080DE91_2151/1-68	True	True	3SKI_A_SS;3SKI_B_SS;3SKZ_A_SS;3SKZ_B_SS;3SLM_A_SS;3SLM_B_SS;3SLQ_A_SS;3SLQ_B_SS	3SKI_A_SS;3SKI_B_SS;3SKZ_A_SS;3SKZ_B_SS;3SLM_A_SS;3SLM_B_SS;3SLQ_A_SS;3SLQ_B_SS
RF01684	AAEX03011638.1/19026-18969	True	True	NA	NA
RF01684	AAEX03011638.1/69024-68967	True	True	NA	NA
RF01684	AAFC03127117.1/16809-16752	True	True	NA	NA
RF01684	AAGV020417859.1/1926-1870	True	True	NA	NA
RF01684	AAGW02079994.1/2665-2609	True	True	NA	NA
RF01684	AAHX01009290.1/8975-8919	True	True	NA	NA
RF01684	AAHX01009291.1/23050-22998	True	True	NA	NA
RF01684	AAKN02038533.1/52991-53047	True	True	NA	NA
RF01684	AAKN02038533.1/93476-93532	True	True	NA	NA
RF01684	AALT01088474.1/420-477	True	True	NA	NA
RF01684	AALT01463641.1/1777-1833	True	True	NA	NA
RF01684	AANG01068091.1/251-307	True	True	NA	NA
RF01684	AANH01006626.1/48422-48365	True	True	NA	NA
RF01684	AANN01095771.1/1642-1585	True	True	NA	NA
RF01684	AANU01213847.1/880-824	True	True	NA	NA
RF01684	AANU01213855.1/9774-9717	True	True	NA	NA
RF01684	AAPE02043328.1/32649-32705	True	True	NA	NA
RF01684	AAPN01356548.1/4743-4799	True	True	NA	NA
RF01684	AAPY01121102.1/562-506	True	True	NA	NA
RF01684	AAPY01608506.1/875-818	True	True	NA	NA
RF01684	AAQQ01417558.1/2448-2506	True	True	NA	NA
RF01684	AAVX01392965.1/352-296	True	True	NA	NA
RF01684	AAWR02037820.1/24718-24775	True	True	NA	NA
RF01684	AAWR02037822.1/6847-6903	True	True	NA	NA
RF01684	AAWZ02003190.1/48926-48870	True	True	NA	NA
RF01684	AAWZ02012849.1/20624-20568	True	True	NA	NA
RF01684	AAWZ02023558.1/2948-3004	True	True	NA	NA
RF01684	AAWZ02033013.1/100428-100484	True	True	NA	NA
RF01684	AAYZ01096777.1/140-195	True	True	NA	NA
RF01684	AAYZ01386528.1/546-602	True	True	NA	NA
RF01684	ABDC01368197.1/3766-3823	True	True	NA	NA
RF01684	ABQO010154554.1/12820-12764	True	True	NA	NA
RF01684	ABQO010835126.1/468-519	True	True	NA	NA
RF01684	ABRN01286761.1/4358-4301	True	True	NA	NA
RF01684	ABRO01149254.1/16633-16689	True	True	NA	NA
RF01684	ABRO01149261.1/3153-3209	True	True	NA	NA
RF01684	ABRP01112166.1/967-912	True	True	NA	NA
RF01684	ABRP01112170.1/2219-2162	True	True	NA	NA
RF01684	ABRP01358695.1/1145-1202	True	True	NA	NA
RF01684	ABRQ01073700.1/1033-977	True	True	NA	NA
RF01684	ABRQ01073706.1/2005-1948	True	True	NA	NA
RF01684	ABRR01392295.1/3256-3200	True	True	NA	NA
RF01684	ABRR01601793.1/466-523	True	True	NA	NA
RF01684	AC142098.2/109996-109941	True	True	NA	NA
RF01684	AP000769.5/11415-11472	True	True	NA	NA
RF01684	AP000944.4/186375-186432	True	True	NA	NA
RF01684	BAAF04021703.1/269-212	True	True	NA	NA
RF01684	BK001411.1/7277-7333	True	True	NA	NA
RF01684	CAAB02008122.1/13078-13135	True	True	NA	NA
RF01684	CAAE01015008.1/734729-734672	True	True	NA	NA
RF01684	CR383676.21/53723-53778	True	True	NA	NA
RF01684	FJ209302.1/1-57	True	True	8v1i_A_SS	8v1i_A_SS
RF01684	FJ209303.1/1-57	True	True	NA	NA
RF01689	AACY020016467.1/57-145	True	True	NA	NA
RF01689	AACY020039769.1/524-604	True	True	NA	NA
RF01689	AACY020078306.1/1134-1057	True	True	NA	NA
RF01689	AACY020087320.1/391-471	True	True	NA	NA
RF01689	AACY020087471.1/1019-939	True	True	NA	NA
RF01689	AACY020090121.1/1319-1239	True	True	NA	NA
RF01689	AACY020100715.1/159-240	True	True	NA	NA
RF01689	AACY020119405.1/1959-1868	True	True	NA	NA
RF01689	AACY020138480.1/1015-934	True	True	NA	NA
RF01689	AACY020159469.1/640-720	True	True	NA	NA
RF01689	AACY020191282.1/590-512	True	True	NA	NA
RF01689	AACY020260549.1/553-475	True	True	NA	NA
RF01689	AACY020275596.1/242-322	True	True	NA	NA
RF01689	AACY020285976.1/1664-1574	True	True	NA	NA
RF01689	AACY020286512.1/969-1047	True	True	NA	NA
RF01689	AACY020346148.1/1942-2022	True	True	NA	NA
RF01689	AACY020394384.1/899-821	True	True	NA	NA
RF01689	AACY020423335.1/2472-2553	True	True	NA	NA
RF01689	AACY020426083.1/234-314	True	True	NA	NA
RF01689	AACY020440875.1/1972-1889	True	True	NA	NA
RF01689	AACY020462061.1/2935-3013	True	True	NA	NA
RF01689	AACY020473610.1/1198-1279	True	True	NA	NA
RF01689	AACY020496120.1/188-108	True	True	NA	NA
RF01689	AACY020511190.1/642-722	True	True	NA	NA
RF01689	AACY020560274.1/1248-1174	True	True	NA	NA
RF01689	AACY020572665.1/147-69	True	True	NA	NA
RF01689	AACY020602073.1/269-188	True	True	NA	NA
RF01689	AACY020619257.1/605-680	True	True	NA	NA
RF01689	AACY020633803.1/429-509	True	True	NA	NA
RF01689	AACY020649872.1/608-528	True	True	NA	NA
RF01689	AACY020700152.1/351-429	True	True	NA	NA
RF01689	AACY020707565.1/520-440	True	True	NA	NA
RF01689	AACY020778735.1/570-491	True	True	NA	NA
RF01689	AACY020861911.1/106-185	True	True	NA	NA
RF01689	AACY020888198.1/394-307	True	True	NA	NA
RF01689	AACY020893691.1/240-317	True	True	NA	NA
RF01689	AACY020898569.1/233-311	True	True	NA	NA
RF01689	AACY020928737.1/777-697	True	True	NA	NA
RF01689	AACY020983335.1/747-828	True	True	NA	NA
RF01689	AACY021026116.1/737-645	True	True	NA	NA
RF01689	AACY021031284.1/481-559	True	True	NA	NA
RF01689	AACY021061315.1/500-420	True	True	NA	NA
RF01689	AACY021077990.1/123-201	True	True	NA	NA
RF01689	AACY021097151.1/299-379	True	True	NA	NA
RF01689	AACY021130605.1/63-138	True	True	NA	NA
RF01689	AACY021133670.1/546-468	True	True	NA	NA
RF01689	AACY021169004.1/468-547	True	True	NA	NA
RF01689	AACY021293072.1/270-190	True	True	NA	NA
RF01689	AACY021336735.1/248-168	True	True	NA	NA
RF01689	AACY021350931.1/557-477	True	True	NA	NA
RF01689	AACY021388442.1/364-276	True	True	NA	NA
RF01689	AACY021405153.1/445-536	True	True	NA	NA
RF01689	AACY021413889.1/650-569	True	True	NA	NA
RF01689	AACY021438767.1/632-712	True	True	NA	NA
RF01689	AACY021482365.1/361-281	True	True	NA	NA
RF01689	AACY021570976.1/760-684	True	True	NA	NA
RF01689	AACY021644072.1/454-534	True	True	NA	NA
RF01689	AACY021666507.1/860-782	True	True	NA	NA
RF01689	AACY021675760.1/326-233	True	True	NA	NA
RF01689	AACY021751307.1/233-312	True	True	NA	NA
RF01689	AACY021762656.1/83-163	True	True	NA	NA
RF01689	AACY021783667.1/387-467	True	True	NA	NA
RF01689	AACY021815713.1/181-101	True	True	NA	NA
RF01689	AACY021858808.1/134-215	True	True	NA	NA
RF01689	AACY021909721.1/309-390	True	True	NA	NA
RF01689	AACY021924338.1/634-714	True	True	NA	NA
RF01689	AACY021958482.1/566-486	True	True	NA	NA
RF01689	AACY022049749.1/250-330	True	True	NA	NA
RF01689	AACY022070905.1/141-63	True	True	NA	NA
RF01689	AACY022088223.1/815-734	True	True	NA	NA
RF01689	AACY022093068.1/580-660	True	True	NA	NA
RF01689	AACY022113209.1/484-404	True	True	NA	NA
RF01689	AACY022116441.1/1-81	True	True	NA	NA
RF01689	AACY022133664.1/468-388	True	True	NA	NA
RF01689	AACY022229140.1/494-574	True	True	NA	NA
RF01689	AACY022239160.1/343-421	True	True	NA	NA
RF01689	AACY022255147.1/512-592	True	True	NA	NA
RF01689	AACY022354164.1/308-228	True	True	NA	NA
RF01689	AACY022355432.1/165-74	True	True	NA	NA
RF01689	AACY022398892.1/265-345	True	True	NA	NA
RF01689	AACY022416029.1/255-163	True	True	NA	NA
RF01689	AACY022421155.1/73-153	True	True	NA	NA
RF01689	AACY022422328.1/141-221	True	True	NA	NA
RF01689	AACY022463201.1/577-498	True	True	NA	NA
RF01689	AACY022516968.1/418-344	True	True	NA	NA
RF01689	AACY022538713.1/371-295	True	True	NA	NA
RF01689	AACY022552060.1/272-353	True	True	NA	NA
RF01689	AACY022575647.1/592-672	True	True	NA	NA
RF01689	AACY022588215.1/51-129	True	True	NA	NA
RF01689	AACY022630724.1/579-659	True	True	NA	NA
RF01689	AACY022846062.1/477-555	True	True	NA	NA
RF01689	AACY023012424.1/622-702	True	True	NA	NA
RF01689	AACY023022368.1/358-438	True	True	NA	NA
RF01689	AACY023066769.1/18-94	True	True	NA	NA
RF01689	AACY023108236.1/475-553	True	True	NA	NA
RF01689	AACY023114032.1/602-522	True	True	NA	NA
RF01689	AACY023126394.1/172-250	True	True	NA	NA
RF01689	AACY023147184.1/534-456	True	True	NA	NA
RF01689	AACY023165784.1/469-549	True	True	NA	NA
RF01689	AACY023194971.1/1360-1437	True	True	NA	NA
RF01689	AACY023204583.1/125-200	True	True	NA	NA
RF01689	AACY023205466.1/471-392	True	True	NA	NA
RF01689	AACY023240836.1/1134-1054	True	True	NA	NA
RF01689	AACY023326434.1/328-247	True	True	NA	NA
RF01689	AACY023366733.1/1891-1825	True	True	NA	NA
RF01689	AACY023369206.1/771-866	True	True	NA	NA
RF01689	AACY023373959.1/918-997	True	True	NA	NA
RF01689	AACY023374252.1/993-1073	True	True	NA	NA
RF01689	AACY023374844.1/1359-1436	True	True	NA	NA
RF01689	AACY023404808.1/162-74	True	True	NA	NA
RF01689	AACY023476510.1/141-221	True	True	NA	NA
RF01689	AACY023503559.1/603-681	True	True	NA	NA
RF01689	AACY023548791.1/614-534	True	True	NA	NA
RF01689	AACY023625703.1/312-232	True	True	NA	NA
RF01689	AACY023652229.1/711-802	True	True	NA	NA
RF01689	AACY023653040.1/384-304	True	True	NA	NA
RF01689	AACY023664534.1/643-565	True	True	NA	NA
RF01689	AACY023664897.1/19-96	True	True	NA	NA
RF01689	AACY023681118.1/924-843	True	True	NA	NA
RF01689	AACY023685440.1/611-699	True	True	NA	NA
RF01689	AACY023688126.1/564-652	True	True	NA	NA
RF01689	AACY023694593.1/36-117	True	True	NA	NA
RF01689	AACY023695088.1/1211-1132	True	True	NA	NA
RF01689	AACY023711012.1/1418-1338	True	True	NA	NA
RF01689	AACY023712372.1/854-944	True	True	NA	NA
RF01689	AACY023720091.1/1012-913	True	True	NA	NA
RF01689	AACY023740574.1/1002-924	True	True	NA	NA
RF01689	AACY023752846.1/868-947	True	True	NA	NA
RF01689	AACY023786175.1/801-879	True	True	NA	NA
RF01689	AACY023852270.1/480-557	True	True	NA	NA
RF01689	AACY023870645.1/164-84	True	True	NA	NA
RF01689	AACY023884527.1/589-669	True	True	NA	NA
RF01689	AACY023906339.1/379-301	True	True	NA	NA
RF01689	AACY023991155.1/473-554	True	True	NA	NA
RF01689	AACY023995715.1/131-51	True	True	NA	NA
RF01689	AACY024025892.1/364-286	True	True	NA	NA
RF01689	AACY024028590.1/459-539	True	True	NA	NA
RF01689	AACY024040712.1/28-108	True	True	NA	NA
RF01689	AACY024085015.1/673-764	True	True	NA	NA
RF01689	AACY024096041.1/425-505	True	True	NA	NA
RF01689	AACY024099162.1/1300-1380	True	True	NA	NA
RF01689	ABEF01008614.1/1-89	True	True	NA	NA
RF01689	ABEF01043191.1/931-848	True	True	NA	NA
RF01689	ABEF01048062.1/1373-1465	True	True	NA	NA
RF01689	URS000080E24D_408172/1-83	True	True	4FRG_X_SS;4FRG_B_SS	4FRG_X_SS;4FRG_B_SS
RF01689	URS000080E2FA_408172/1-81	True	True	4FRN_A_SS;4FRN_B_SS	4FRN_A_SS;4FRN_B_SS
RF01704	AACY020003603.1/874-821	True	True	NA	NA
RF01704	AACY020007771.1/1442-1390	True	True	NA	NA
RF01704	AACY020044163.1/355-301	True	True	NA	NA
RF01704	AACY020076899.1/2281-2220	True	True	NA	NA
RF01704	AACY020081083.1/235-296	True	True	NA	NA
RF01704	AACY020083605.1/1352-1290	True	True	NA	NA
RF01704	AACY020084175.1/901-962	True	True	NA	NA
RF01704	AACY020087445.1/899-846	True	True	NA	NA
RF01704	AACY020090277.1/1076-1138	True	True	NA	NA
RF01704	AACY020091003.1/1614-1559	True	True	NA	NA
RF01704	AACY020091254.1/530-468	True	True	NA	NA
RF01704	AACY020092540.1/1425-1368	True	True	NA	NA
RF01704	AACY020093347.1/1463-1402	True	True	NA	NA
RF01704	AACY020095771.1/1522-1467	True	True	NA	NA
RF01704	AACY020097280.1/1976-2032	True	True	NA	NA
RF01704	AACY020098782.1/762-705	True	True	NA	NA
RF01704	AACY020103457.1/2102-2155	True	True	NA	NA
RF01704	AACY020104385.1/1119-1065	True	True	NA	NA
RF01704	AACY020105649.1/520-461	True	True	NA	NA
RF01704	AACY020110786.1/1031-1093	True	True	NA	NA
RF01704	AACY020110964.1/763-824	True	True	NA	NA
RF01704	AACY020111227.1/64-126	True	True	NA	NA
RF01704	AACY020112953.1/1475-1414	True	True	NA	NA
RF01704	AACY020114592.1/2035-2090	True	True	NA	NA
RF01704	AACY020114711.1/845-783	True	True	NA	NA
RF01704	AACY020116663.1/636-579	True	True	NA	NA
RF01704	AACY020116683.1/1265-1319	True	True	NA	NA
RF01704	AACY020117131.1/550-607	True	True	NA	NA
RF01704	AACY020118932.1/682-626	True	True	NA	NA
RF01704	AACY020124600.1/441-379	True	True	NA	NA
RF01704	AACY020124945.1/1418-1479	True	True	NA	NA
RF01704	AACY020125731.1/386-448	True	True	NA	NA
RF01704	AACY020126626.1/975-1029	True	True	NA	NA
RF01704	AACY020131598.1/1013-1068	True	True	NA	NA
RF01704	AACY020132550.1/2130-2191	True	True	NA	NA
RF01704	AACY020135089.1/1271-1214	True	True	NA	NA
RF01704	AACY020135377.1/1102-1155	True	True	NA	NA
RF01704	AACY020135773.1/509-454	True	True	NA	NA
RF01704	AACY020136717.1/1025-1082	True	True	NA	NA
RF01704	AACY020137992.1/297-242	True	True	NA	NA
RF01704	AACY020142518.1/1568-1625	True	True	NA	NA
RF01704	AACY020142909.1/127-62	True	True	NA	NA
RF01704	AACY020143429.1/1760-1820	True	True	NA	NA
RF01704	AACY020145739.1/221-168	True	True	NA	NA
RF01704	AACY020146634.1/373-430	True	True	NA	NA
RF01704	AACY020146640.1/1245-1306	True	True	NA	NA
RF01704	AACY020146676.1/1439-1380	True	True	NA	NA
RF01704	AACY020149141.1/2049-1987	True	True	NA	NA
RF01704	AACY020152379.1/1872-1933	True	True	NA	NA
RF01704	AACY020157863.1/1332-1270	True	True	NA	NA
RF01704	AACY020157988.1/3201-3258	True	True	NA	NA
RF01704	AACY020158701.1/488-553	True	True	NA	NA
RF01704	AACY020160893.1/184-122	True	True	NA	NA
RF01704	AACY020162733.1/317-378	True	True	NA	NA
RF01704	AACY020185798.1/645-707	True	True	NA	NA
RF01704	AACY020200073.1/494-551	True	True	NA	NA
RF01704	AACY020205048.1/821-769	True	True	NA	NA
RF01704	AACY020211817.1/1232-1294	True	True	NA	NA
RF01704	AACY020213622.1/1965-1908	True	True	NA	NA
RF01704	AACY020214524.1/1265-1330	True	True	NA	NA
RF01704	AACY020215017.1/3528-3590	True	True	NA	NA
RF01704	AACY020215108.1/805-859	True	True	NA	NA
RF01704	AACY020215429.1/1492-1438	True	True	NA	NA
RF01704	AACY020215626.1/402-455	True	True	NA	NA
RF01704	AACY020217100.1/1518-1576	True	True	NA	NA
RF01704	AACY020217607.1/1834-1776	True	True	NA	NA
RF01704	AACY020217963.1/776-714	True	True	NA	NA
RF01704	AACY020218401.1/1749-1687	True	True	NA	NA
RF01704	AACY020218796.1/3638-3700	True	True	NA	NA
RF01704	AACY020219155.1/890-952	True	True	NA	NA
RF01704	AACY020219735.1/1610-1553	True	True	NA	NA
RF01704	AACY020220459.1/904-966	True	True	NA	NA
RF01704	AACY020226045.1/1513-1452	True	True	NA	NA
RF01704	AACY020227903.1/1474-1416	True	True	NA	NA
RF01704	AACY020243126.1/334-273	True	True	NA	NA
RF01704	AACY020243648.1/1664-1606	True	True	NA	NA
RF01704	AACY020251219.1/1590-1651	True	True	NA	NA
RF01704	AACY020296667.1/462-399	True	True	NA	NA
RF01704	AACY020297199.1/1067-1130	True	True	NA	NA
RF01704	AACY020299582.1/1393-1330	True	True	NA	NA
RF01704	AACY020302472.1/1556-1619	True	True	NA	NA
RF01704	AACY020303260.1/268-331	True	True	NA	NA
RF01704	AACY020306399.1/159-222	True	True	NA	NA
RF01704	AACY020306852.1/423-367	True	True	NA	NA
RF01704	AACY020313637.1/368-310	True	True	NA	NA
RF01704	AACY020314628.1/1415-1357	True	True	NA	NA
RF01704	AACY020315366.1/1466-1527	True	True	NA	NA
RF01704	AACY020315450.1/781-723	True	True	NA	NA
RF01704	AACY020315903.1/1908-1847	True	True	NA	NA
RF01704	AACY020316432.1/1025-1086	True	True	NA	NA
RF01704	AACY020321851.1/1303-1243	True	True	NA	NA
RF01704	AACY020339639.1/1483-1424	True	True	NA	NA
RF01704	AACY020344007.1/558-613	True	True	NA	NA
RF01704	AACY020344237.1/796-738	True	True	NA	NA
RF01704	AACY020349425.1/1803-1864	True	True	NA	NA
RF01704	AACY020352101.1/1112-1048	True	True	NA	NA
RF01704	AACY020355098.1/1369-1429	True	True	NA	NA
RF01704	AACY020357144.1/944-883	True	True	NA	NA
RF01704	AACY020358273.1/706-763	True	True	NA	NA
RF01704	AACY020363747.1/1464-1521	True	True	NA	NA
RF01704	AACY020366972.1/1869-1930	True	True	NA	NA
RF01704	AACY020368020.1/129-67	True	True	NA	NA
RF01704	AACY020368675.1/1346-1406	True	True	NA	NA
RF01704	AACY020372119.1/841-777	True	True	NA	NA
RF01704	AACY020380457.1/1284-1225	True	True	NA	NA
RF01704	AACY020396045.1/947-1009	True	True	NA	NA
RF01704	AACY020401397.1/573-627	True	True	NA	NA
RF01704	AACY020406884.1/980-922	True	True	NA	NA
RF01704	AACY020422577.1/653-601	True	True	NA	NA
RF01704	AACY020437876.1/1860-1803	True	True	NA	NA
RF01704	AACY020438503.1/293-355	True	True	NA	NA
RF01704	AACY020454357.1/553-606	True	True	NA	NA
RF01704	AACY020456247.1/1560-1613	True	True	NA	NA
RF01704	AACY020456471.1/2763-2819	True	True	NA	NA
RF01704	AACY020458900.1/1490-1549	True	True	NA	NA
RF01704	AACY020475540.1/1850-1911	True	True	NA	NA
RF01704	AACY020476280.1/1756-1817	True	True	NA	NA
RF01704	AACY020478311.1/756-808	True	True	NA	NA
RF01704	AACY020493813.1/2062-2004	True	True	NA	NA
RF01704	AACY020494069.1/613-561	True	True	NA	NA
RF01704	AACY020494967.1/635-578	True	True	NA	NA
RF01704	AACY020495036.1/1265-1322	True	True	NA	NA
RF01704	AACY020522066.1/2224-2280	True	True	NA	NA
RF01704	AACY020523392.1/1030-974	True	True	NA	NA
RF01704	AACY020526506.1/1349-1286	True	True	NA	NA
RF01704	AACY020527401.1/1924-1868	True	True	NA	NA
RF01704	AACY020529250.1/448-504	True	True	NA	NA
RF01704	AACY020530472.1/843-906	True	True	NA	NA
RF01704	AACY020541148.1/700-640	True	True	NA	NA
RF01704	AACY020543120.1/324-382	True	True	NA	NA
RF01704	AACY020543122.1/725-785	True	True	NA	NA
RF01704	AACY020543559.1/538-477	True	True	NA	NA
RF01704	AACY020555995.1/3324-3384	True	True	NA	NA
RF01704	AACY020557147.1/1694-1747	True	True	NA	NA
RF01704	AACY020558859.1/409-356	True	True	NA	NA
RF01704	AACY020568474.1/454-511	True	True	NA	NA
RF01704	AACY020569629.1/829-768	True	True	NA	NA
RF01704	AACY020593180.1/87-149	True	True	NA	NA
RF01704	AACY020594948.1/437-495	True	True	NA	NA
RF01704	AACY020596405.1/175-234	True	True	NA	NA
RF01704	AACY020600843.1/442-380	True	True	NA	NA
RF01704	AACY020600928.1/242-181	True	True	NA	NA
RF01704	AACY020607057.1/241-303	True	True	NA	NA
RF01704	AACY020607772.1/440-499	True	True	NA	NA
RF01704	AACY020607949.1/872-815	True	True	NA	NA
RF01704	AACY020626333.1/763-708	True	True	NA	NA
RF01704	AACY020631192.1/758-819	True	True	NA	NA
RF01704	AACY020633531.1/266-327	True	True	NA	NA
RF01704	AACY020634737.1/366-305	True	True	NA	NA
RF01704	AACY020641854.1/530-473	True	True	NA	NA
RF01704	AACY020650148.1/708-647	True	True	NA	NA
RF01704	AACY020657909.1/95-33	True	True	NA	NA
RF01704	AACY020683847.1/486-429	True	True	NA	NA
RF01704	AACY020705787.1/270-331	True	True	NA	NA
RF01704	AACY020718464.1/542-487	True	True	NA	NA
RF01704	AACY020727255.1/724-662	True	True	NA	NA
RF01704	AACY020727887.1/215-271	True	True	NA	NA
RF01704	AACY020731433.1/637-694	True	True	NA	NA
RF01704	AACY020735122.1/92-29	True	True	NA	NA
RF01704	AACY020736346.1/227-289	True	True	NA	NA
RF01704	AACY020747426.1/360-303	True	True	NA	NA
RF01704	AACY020758892.1/34-95	True	True	NA	NA
RF01704	AACY020761921.1/73-14	True	True	NA	NA
RF01704	AACY020769520.1/379-440	True	True	NA	NA
RF01704	AACY020770731.1/455-512	True	True	NA	NA
RF01704	AACY020773438.1/17-69	True	True	NA	NA
RF01704	AACY020816292.1/578-516	True	True	NA	NA
RF01704	AACY020820181.1/221-164	True	True	NA	NA
RF01704	AACY020822122.1/27-79	True	True	NA	NA
RF01704	AACY020828527.1/587-645	True	True	NA	NA
RF01704	AACY020830453.1/384-443	True	True	NA	NA
RF01704	AACY020835342.1/267-206	True	True	NA	NA
RF01704	AACY020855123.1/326-386	True	True	NA	NA
RF01704	AACY020867268.1/192-135	True	True	NA	NA
RF01704	AACY020871116.1/140-78	True	True	NA	NA
RF01704	AACY020872306.1/436-498	True	True	NA	NA
RF01704	AACY020875815.1/692-631	True	True	NA	NA
RF01704	AACY020913601.1/631-685	True	True	NA	NA
RF01704	AACY020934955.1/275-332	True	True	NA	NA
RF01704	AACY020948351.1/138-81	True	True	NA	NA
RF01704	AACY020948555.1/827-771	True	True	NA	NA
RF01704	AACY020970097.1/597-651	True	True	NA	NA
RF01704	AACY020999811.1/807-868	True	True	NA	NA
RF01704	AACY021019598.1/799-738	True	True	NA	NA
RF01704	AACY021022913.1/977-915	True	True	NA	NA
RF01704	AACY021024425.1/720-782	True	True	NA	NA
RF01704	AACY021031530.1/418-479	True	True	NA	NA
RF01704	AACY021033246.1/109-171	True	True	NA	NA
RF01704	AACY021040601.1/73-129	True	True	NA	NA
RF01704	AACY021061891.1/686-624	True	True	NA	NA
RF01704	AACY021085807.1/701-639	True	True	NA	NA
RF01704	AACY021088879.1/151-98	True	True	NA	NA
RF01704	AACY021090753.1/356-414	True	True	NA	NA
RF01704	AACY021113534.1/244-301	True	True	NA	NA
RF01704	AACY021121964.1/699-753	True	True	NA	NA
RF01704	AACY021123074.1/566-504	True	True	NA	NA
RF01704	AACY021134408.1/279-217	True	True	NA	NA
RF01704	AACY021135726.1/297-237	True	True	NA	NA
RF01704	AACY021140337.1/758-701	True	True	NA	NA
RF01704	AACY021143341.1/785-837	True	True	NA	NA
RF01704	AACY021152154.1/3-79	True	True	NA	NA
RF01704	AACY021153216.1/140-83	True	True	NA	NA
RF01704	AACY021156446.1/432-494	True	True	NA	NA
RF01704	AACY021165643.1/315-376	True	True	NA	NA
RF01704	AACY021175404.1/406-344	True	True	NA	NA
RF01704	AACY021184437.1/629-569	True	True	NA	NA
RF01704	AACY021187365.1/42-96	True	True	NA	NA
RF01704	AACY021195976.1/208-149	True	True	NA	NA
RF01704	AACY021203536.1/641-580	True	True	NA	NA
RF01704	AACY021215600.1/344-406	True	True	NA	NA
RF01704	AACY021218032.1/747-693	True	True	NA	NA
RF01704	AACY021220275.1/163-106	True	True	NA	NA
RF01704	AACY021228313.1/423-475	True	True	NA	NA
RF01704	AACY021236678.1/571-628	True	True	NA	NA
RF01704	AACY021239559.1/282-219	True	True	NA	NA
RF01704	AACY021248787.1/511-454	True	True	NA	NA
RF01704	AACY021270736.1/266-328	True	True	NA	NA
RF01704	AACY021282448.1/620-558	True	True	NA	NA
RF01704	AACY021290041.1/74-12	True	True	NA	NA
RF01704	AACY021303692.1/242-181	True	True	NA	NA
RF01704	AACY021315556.1/303-357	True	True	NA	NA
RF01704	AACY021321565.1/41-103	True	True	NA	NA
RF01704	AACY021356460.1/648-702	True	True	NA	NA
RF01704	AACY021365180.1/177-234	True	True	NA	NA
RF01704	AACY021376241.1/491-429	True	True	NA	NA
RF01704	AACY021398198.1/428-485	True	True	NA	NA
RF01704	AACY021399886.1/406-468	True	True	NA	NA
RF01704	AACY021419510.1/412-349	True	True	NA	NA
RF01704	AACY021432045.1/868-929	True	True	NA	NA
RF01704	AACY021439574.1/271-328	True	True	NA	NA
RF01704	AACY021446557.1/389-451	True	True	NA	NA
RF01704	AACY021448444.1/565-627	True	True	NA	NA
RF01704	AACY021449889.1/230-284	True	True	NA	NA
RF01704	AACY021452063.1/397-458	True	True	NA	NA
RF01704	AACY021471759.1/316-262	True	True	NA	NA
RF01704	AACY021474861.1/89-147	True	True	NA	NA
RF01704	AACY021483025.1/393-449	True	True	NA	NA
RF01704	AACY021485224.1/131-75	True	True	NA	NA
RF01704	AACY021485586.1/446-503	True	True	NA	NA
RF01704	AACY021486203.1/224-276	True	True	NA	NA
RF01704	AACY021489233.1/577-632	True	True	NA	NA
RF01704	AACY021507954.1/290-347	True	True	NA	NA
RF01704	AACY021509228.1/725-663	True	True	NA	NA
RF01704	AACY021516817.1/217-160	True	True	NA	NA
RF01704	AACY021519823.1/138-195	True	True	NA	NA
RF01704	AACY021522549.1/363-310	True	True	NA	NA
RF01704	AACY021525487.1/571-514	True	True	NA	NA
RF01704	AACY021543986.1/277-215	True	True	NA	NA
RF01704	AACY021562483.1/105-44	True	True	NA	NA
RF01704	AACY021567067.1/287-349	True	True	NA	NA
RF01704	AACY021573850.1/25-78	True	True	NA	NA
RF01704	AACY021585725.1/501-447	True	True	NA	NA
RF01704	AACY021590011.1/378-435	True	True	NA	NA
RF01704	AACY021596955.1/479-426	True	True	NA	NA
RF01704	AACY021612733.1/82-139	True	True	NA	NA
RF01704	AACY021623887.1/206-149	True	True	NA	NA
RF01704	AACY021645078.1/666-720	True	True	NA	NA
RF01704	AACY021648818.1/263-207	True	True	NA	NA
RF01704	AACY021653733.1/569-515	True	True	NA	NA
RF01704	AACY021659580.1/765-703	True	True	NA	NA
RF01704	AACY021669382.1/466-404	True	True	NA	NA
RF01704	AACY021690712.1/862-916	True	True	NA	NA
RF01704	AACY021706386.1/734-795	True	True	NA	NA
RF01704	AACY021709640.1/779-841	True	True	NA	NA
RF01704	AACY021712026.1/693-750	True	True	NA	NA
RF01704	AACY021714628.1/682-744	True	True	NA	NA
RF01704	AACY021741662.1/168-229	True	True	NA	NA
RF01704	AACY021746337.1/127-189	True	True	NA	NA
RF01704	AACY021754047.1/655-596	True	True	NA	NA
RF01704	AACY021755234.1/783-721	True	True	NA	NA
RF01704	AACY021767147.1/746-803	True	True	NA	NA
RF01704	AACY021781943.1/554-492	True	True	NA	NA
RF01704	AACY021786368.1/377-315	True	True	NA	NA
RF01704	AACY021791783.1/522-576	True	True	NA	NA
RF01704	AACY021791818.1/701-647	True	True	NA	NA
RF01704	AACY021806590.1/388-449	True	True	NA	NA
RF01704	AACY021821135.1/447-506	True	True	NA	NA
RF01704	AACY021821683.1/183-121	True	True	NA	NA
RF01704	AACY021843998.1/733-794	True	True	NA	NA
RF01704	AACY021848892.1/469-530	True	True	NA	NA
RF01704	AACY021855367.1/94-153	True	True	NA	NA
RF01704	AACY021870564.1/31-88	True	True	NA	NA
RF01704	AACY021880003.1/342-400	True	True	NA	NA
RF01704	AACY021881643.1/581-643	True	True	NA	NA
RF01704	AACY021886743.1/236-176	True	True	NA	NA
RF01704	AACY021889827.1/495-432	True	True	NA	NA
RF01704	AACY021892372.1/627-570	True	True	NA	NA
RF01704	AACY021901675.1/534-478	True	True	NA	NA
RF01704	AACY021909707.1/651-590	True	True	NA	NA
RF01704	AACY021912921.1/925-986	True	True	NA	NA
RF01704	AACY021915618.1/324-381	True	True	NA	NA
RF01704	AACY021917001.1/582-525	True	True	NA	NA
RF01704	AACY021939782.1/317-378	True	True	NA	NA
RF01704	AACY021943446.1/23-85	True	True	NA	NA
RF01704	AACY021943823.1/876-938	True	True	NA	NA
RF01704	AACY021959806.1/190-250	True	True	NA	NA
RF01704	AACY022005844.1/458-401	True	True	NA	NA
RF01704	AACY022013859.1/261-322	True	True	NA	NA
RF01704	AACY022024447.1/714-652	True	True	NA	NA
RF01704	AACY022035041.1/176-230	True	True	NA	NA
RF01704	AACY022041124.1/184-123	True	True	NA	NA
RF01704	AACY022057923.1/105-48	True	True	NA	NA
RF01704	AACY022062813.1/946-885	True	True	NA	NA
RF01704	AACY022076031.1/253-192	True	True	NA	NA
RF01704	AACY022090289.1/515-462	True	True	NA	NA
RF01704	AACY022092498.1/763-706	True	True	NA	NA
RF01704	AACY022093997.1/182-127	True	True	NA	NA
RF01704	AACY022095702.1/458-406	True	True	NA	NA
RF01704	AACY022100278.1/128-71	True	True	NA	NA
RF01704	AACY022116976.1/80-23	True	True	NA	NA
RF01704	AACY022122895.1/629-567	True	True	NA	NA
RF01704	AACY022127252.1/75-136	True	True	NA	NA
RF01704	AACY022147687.1/518-580	True	True	NA	NA
RF01704	AACY022155008.1/760-702	True	True	NA	NA
RF01704	AACY022156705.1/826-918	True	True	NA	NA
RF01704	AACY022163005.1/242-304	True	True	NA	NA
RF01704	AACY022164825.1/422-484	True	True	NA	NA
RF01704	AACY022176631.1/885-830	True	True	NA	NA
RF01704	AACY022178947.1/106-49	True	True	NA	NA
RF01704	AACY022212085.1/127-73	True	True	NA	NA
RF01704	AACY022212537.1/198-136	True	True	NA	NA
RF01704	AACY022234759.1/276-219	True	True	NA	NA
RF01704	AACY022242270.1/458-398	True	True	NA	NA
RF01704	AACY022250052.1/587-641	True	True	NA	NA
RF01704	AACY022268926.1/465-407	True	True	NA	NA
RF01704	AACY022290720.1/130-69	True	True	NA	NA
RF01704	AACY022307030.1/63-117	True	True	NA	NA
RF01704	AACY022309134.1/672-610	True	True	NA	NA
RF01704	AACY022320013.1/540-486	True	True	NA	NA
RF01704	AACY022331919.1/774-830	True	True	NA	NA
RF01704	AACY022343895.1/568-629	True	True	NA	NA
RF01704	AACY022350248.1/138-191	True	True	NA	NA
RF01704	AACY022350944.1/833-894	True	True	NA	NA
RF01704	AACY022351946.1/260-208	True	True	NA	NA
RF01704	AACY022359289.1/409-470	True	True	NA	NA
RF01704	AACY022360476.1/826-764	True	True	NA	NA
RF01704	AACY022374463.1/18-79	True	True	NA	NA
RF01704	AACY022381872.1/274-331	True	True	NA	NA
RF01704	AACY022394159.1/235-290	True	True	NA	NA
RF01704	AACY022418303.1/550-612	True	True	NA	NA
RF01704	AACY022436312.1/741-803	True	True	NA	NA
RF01704	AACY022447031.1/23-81	True	True	NA	NA
RF01704	AACY022447983.1/152-214	True	True	NA	NA
RF01704	AACY022449092.1/423-363	True	True	NA	NA
RF01704	AACY022454084.1/391-324	True	True	NA	NA
RF01704	AACY022455268.1/733-794	True	True	NA	NA
RF01704	AACY022466179.1/663-602	True	True	NA	NA
RF01704	AACY022467976.1/131-75	True	True	NA	NA
RF01704	AACY022485538.1/490-427	True	True	NA	NA
RF01704	AACY022493650.1/604-550	True	True	NA	NA
RF01704	AACY022514146.1/646-591	True	True	NA	NA
RF01704	AACY022542130.1/197-135	True	True	NA	NA
RF01704	AACY022546697.1/343-404	True	True	NA	NA
RF01704	AACY022548211.1/168-223	True	True	NA	NA
RF01704	AACY022553156.1/90-150	True	True	NA	NA
RF01704	AACY022554157.1/607-548	True	True	NA	NA
RF01704	AACY022558914.1/87-146	True	True	NA	NA
RF01704	AACY022579616.1/474-419	True	True	NA	NA
RF01704	AACY022590022.1/377-315	True	True	NA	NA
RF01704	AACY022610843.1/201-137	True	True	NA	NA
RF01704	AACY022678904.1/329-273	True	True	NA	NA
RF01704	AACY022682055.1/501-439	True	True	NA	NA
RF01704	AACY022682222.1/443-381	True	True	NA	NA
RF01704	AACY022683133.1/938-882	True	True	NA	NA
RF01704	AACY022684009.1/789-846	True	True	NA	NA
RF01704	AACY022685122.1/141-79	True	True	NA	NA
RF01704	AACY022696781.1/141-198	True	True	NA	NA
RF01704	AACY022698961.1/426-488	True	True	NA	NA
RF01704	AACY022699591.1/267-210	True	True	NA	NA
RF01704	AACY022706192.1/94-32	True	True	NA	NA
RF01704	AACY022706290.1/738-792	True	True	NA	NA
RF01704	AACY022711720.1/688-741	True	True	NA	NA
RF01704	AACY022711762.1/97-154	True	True	NA	NA
RF01704	AACY022715021.1/396-450	True	True	NA	NA
RF01704	AACY022721247.1/660-716	True	True	NA	NA
RF01704	AACY022725076.1/162-105	True	True	NA	NA
RF01704	AACY022725376.1/816-754	True	True	NA	NA
RF01704	AACY022727367.1/320-263	True	True	NA	NA
RF01704	AACY022727901.1/367-305	True	True	NA	NA
RF01704	AACY022729736.1/904-840	True	True	NA	NA
RF01704	AACY022731378.1/545-483	True	True	NA	NA
RF01704	AACY022733664.1/506-441	True	True	NA	NA
RF01704	AACY022741063.1/398-337	True	True	NA	NA
RF01704	AACY022742625.1/478-424	True	True	NA	NA
RF01704	AACY022743645.1/569-626	True	True	NA	NA
RF01704	AACY022743658.1/827-770	True	True	NA	NA
RF01704	AACY022747294.1/181-124	True	True	NA	NA
RF01704	AACY022751299.1/99-37	True	True	NA	NA
RF01704	AACY022751365.1/203-146	True	True	NA	NA
RF01704	AACY022793035.1/483-545	True	True	NA	NA
RF01704	AACY022802873.1/608-549	True	True	NA	NA
RF01704	AACY022811576.1/261-199	True	True	NA	NA
RF01704	AACY022811775.1/600-658	True	True	NA	NA
RF01704	AACY022814147.1/553-610	True	True	NA	NA
RF01704	AACY022814849.1/375-313	True	True	NA	NA
RF01704	AACY022815645.1/60-8	True	True	NA	NA
RF01704	AACY022817460.1/389-447	True	True	NA	NA
RF01704	AACY022818175.1/184-246	True	True	NA	NA
RF01704	AACY022820161.1/384-323	True	True	NA	NA
RF01704	AACY022821404.1/413-474	True	True	NA	NA
RF01704	AACY022822164.1/628-566	True	True	NA	NA
RF01704	AACY022853809.1/468-413	True	True	NA	NA
RF01704	AACY022857668.1/684-629	True	True	NA	NA
RF01704	AACY022916502.1/831-768	True	True	NA	NA
RF01704	AACY022923740.1/553-494	True	True	NA	NA
RF01704	AACY022928932.1/106-157	True	True	NA	NA
RF01704	AACY022966659.1/685-742	True	True	NA	NA
RF01704	AACY022969230.1/793-734	True	True	NA	NA
RF01704	AACY022973486.1/844-903	True	True	NA	NA
RF01704	AACY022977679.1/606-668	True	True	NA	NA
RF01704	AACY022979095.1/129-193	True	True	NA	NA
RF01704	AACY022984807.1/821-764	True	True	NA	NA
RF01704	AACY022993341.1/611-554	True	True	NA	NA
RF01704	AACY023004636.1/181-120	True	True	NA	NA
RF01704	AACY023103770.1/544-490	True	True	NA	NA
RF01704	AACY023122558.1/251-195	True	True	NA	NA
RF01704	AACY023129621.1/721-778	True	True	NA	NA
RF01704	AACY023136505.1/41-98	True	True	NA	NA
RF01704	AACY023139080.1/632-577	True	True	NA	NA
RF01704	AACY023139246.1/705-767	True	True	NA	NA
RF01704	AACY023145361.1/80-23	True	True	NA	NA
RF01704	AACY023148838.1/683-738	True	True	NA	NA
RF01704	AACY023155983.1/590-647	True	True	NA	NA
RF01704	AACY023156751.1/638-581	True	True	NA	NA
RF01704	AACY023163906.1/449-511	True	True	NA	NA
RF01704	AACY023179717.1/496-435	True	True	NA	NA
RF01704	AACY023194591.1/562-614	True	True	NA	NA
RF01704	AACY023231803.1/344-400	True	True	NA	NA
RF01704	AACY023236864.1/364-311	True	True	NA	NA
RF01704	AACY023238914.1/644-586	True	True	NA	NA
RF01704	AACY023361774.1/1167-1108	True	True	NA	NA
RF01704	AACY023362883.1/949-889	True	True	NA	NA
RF01704	AACY023375461.1/388-443	True	True	NA	NA
RF01704	AACY023377816.1/742-804	True	True	NA	NA
RF01704	AACY023378822.1/71-126	True	True	NA	NA
RF01704	AACY023380677.1/572-629	True	True	NA	NA
RF01704	AACY023381402.1/1332-1271	True	True	NA	NA
RF01704	AACY023381404.1/1391-1329	True	True	NA	NA
RF01704	AACY023382864.1/366-304	True	True	NA	NA
RF01704	AACY023383716.1/603-543	True	True	NA	NA
RF01704	AACY023383737.1/1189-1127	True	True	NA	NA
RF01704	AACY023383882.1/1059-1002	True	True	NA	NA
RF01704	AACY023385431.1/1395-1340	True	True	NA	NA
RF01704	AACY023389253.1/682-630	True	True	NA	NA
RF01704	AACY023405649.1/602-658	True	True	NA	NA
RF01704	AACY023405912.1/254-316	True	True	NA	NA
RF01704	AACY023406090.1/129-68	True	True	NA	NA
RF01704	AACY023410201.1/1139-1191	True	True	NA	NA
RF01704	AACY023410383.1/1196-1255	True	True	NA	NA
RF01704	AACY023410946.1/80-23	True	True	NA	NA
RF01704	AACY023413235.1/360-299	True	True	NA	NA
RF01704	AACY023414958.1/299-361	True	True	NA	NA
RF01704	AACY023416457.1/1187-1131	True	True	NA	NA
RF01704	AACY023420777.1/27-88	True	True	NA	NA
RF01704	AACY023423714.1/574-512	True	True	NA	NA
RF01704	AACY023425845.1/76-17	True	True	NA	NA
RF01704	AACY023452725.1/1148-1063	True	True	NA	NA
RF01704	AACY023459118.1/417-476	True	True	NA	NA
RF01704	AACY023461790.1/1468-1530	True	True	NA	NA
RF01704	AACY023466595.1/966-907	True	True	NA	NA
RF01704	AACY023469870.1/595-540	True	True	NA	NA
RF01704	AACY023474577.1/21-82	True	True	NA	NA
RF01704	AACY023480124.1/1153-1215	True	True	NA	NA
RF01704	AACY023482404.1/203-255	True	True	NA	NA
RF01704	AACY023482557.1/228-281	True	True	NA	NA
RF01704	AACY023484494.1/816-877	True	True	NA	NA
RF01704	AACY023488045.1/608-551	True	True	NA	NA
RF01704	AACY023493009.1/130-183	True	True	NA	NA
RF01704	AACY023493572.1/1152-1099	True	True	NA	NA
RF01704	AACY023496785.1/858-796	True	True	NA	NA
RF01704	AACY023498231.1/603-660	True	True	NA	NA
RF01704	AACY023498460.1/1046-1108	True	True	NA	NA
RF01704	AACY023498998.1/432-371	True	True	NA	NA
RF01704	AACY023499715.1/547-609	True	True	NA	NA
RF01704	AACY023503045.1/208-147	True	True	NA	NA
RF01704	AACY023504924.1/366-304	True	True	NA	NA
RF01704	AACY023505966.1/588-526	True	True	NA	NA
RF01704	AACY023508450.1/885-828	True	True	NA	NA
RF01704	AACY023510952.1/10-72	True	True	NA	NA
RF01704	AACY023511542.1/252-195	True	True	NA	NA
RF01704	AACY023516959.1/358-303	True	True	NA	NA
RF01704	AACY023533360.1/824-876	True	True	NA	NA
RF01704	AACY023558700.1/768-707	True	True	NA	NA
RF01704	AACY023562070.1/560-501	True	True	NA	NA
RF01704	AACY023602099.1/832-888	True	True	NA	NA
RF01704	AACY023617861.1/327-276	True	True	NA	NA
RF01704	AACY023620289.1/540-488	True	True	NA	NA
RF01704	AACY023649577.1/772-830	True	True	NA	NA
RF01704	AACY023670106.1/669-727	True	True	NA	NA
RF01704	AACY023800545.1/1362-1299	True	True	NA	NA
RF01704	AACY023815915.1/952-1015	True	True	NA	NA
RF01704	AACY023821394.1/1146-1083	True	True	NA	NA
RF01704	AACY023848065.1/1065-1124	True	True	NA	NA
RF01704	AACY023848195.1/1188-1132	True	True	NA	NA
RF01704	AACY023848834.1/767-826	True	True	NA	NA
RF01704	AACY023849344.1/1362-1303	True	True	NA	NA
RF01704	AACY023850043.1/1175-1116	True	True	NA	NA
RF01704	AACY023852401.1/427-367	True	True	NA	NA
RF01704	AACY023852496.1/181-240	True	True	NA	NA
RF01704	AACY023852689.1/1236-1294	True	True	NA	NA
RF01704	AACY023855862.1/42-101	True	True	NA	NA
RF01704	AACY023856379.1/52-113	True	True	NA	NA
RF01704	AACY023859177.1/1129-1187	True	True	NA	NA
RF01704	AACY023861007.1/1140-1081	True	True	NA	NA
RF01704	AACY023861106.1/98-159	True	True	NA	NA
RF01704	AACY023862748.1/448-509	True	True	NA	NA
RF01704	AACY023863339.1/763-701	True	True	NA	NA
RF01704	AACY023867226.1/852-906	True	True	NA	NA
RF01704	AACY023870022.1/758-817	True	True	NA	NA
RF01704	AACY023924099.1/993-941	True	True	NA	NA
RF01704	AACY023926329.1/417-477	True	True	NA	NA
RF01704	AACY023928200.1/423-478	True	True	NA	NA
RF01704	AACY023936644.1/788-733	True	True	NA	NA
RF01704	AACY023937843.1/555-612	True	True	NA	NA
RF01704	AACY023938474.1/1158-1220	True	True	NA	NA
RF01704	AACY023941631.1/69-9	True	True	NA	NA
RF01704	AACY023943892.1/264-207	True	True	NA	NA
RF01704	AACY023957296.1/326-269	True	True	NA	NA
RF01704	AACY023958584.1/325-268	True	True	NA	NA
RF01704	AACY023988768.1/554-497	True	True	NA	NA
RF01704	AACY023989052.1/676-738	True	True	NA	NA
RF01704	AACY023989628.1/899-961	True	True	NA	NA
RF01704	AACY023991880.1/791-845	True	True	NA	NA
RF01704	AACY023995738.1/181-124	True	True	NA	NA
RF01704	AACY023997045.1/774-720	True	True	NA	NA
RF01704	AACY023999305.1/204-142	True	True	NA	NA
RF01704	AACY024000929.1/900-961	True	True	NA	NA
RF01704	AACY024004044.1/481-534	True	True	NA	NA
RF01704	AACY024015920.1/449-392	True	True	NA	NA
RF01704	AACY024016529.1/48-109	True	True	NA	NA
RF01704	AACY024054811.1/687-748	True	True	NA	NA
RF01704	AACY024062697.1/147-204	True	True	NA	NA
RF01704	AACY024097856.1/1456-1395	True	True	NA	NA
RF01704	AACY024101750.1/823-888	True	True	NA	NA
RF01704	AANO01000069.1/694-756	True	True	NA	NA
RF01704	AANP01000002.1/393072-393016	True	True	NA	NA
RF01704	AAOK01000003.1/23492-23438	True	True	NA	NA
RF01704	AAOK01000003.1/2958-2897	True	True	NA	NA
RF01704	AATZ01000001.1/222184-222243	True	True	NA	NA
RF01704	AATZ01000001.1/347865-347805	True	True	NA	NA
RF01704	AATZ01000001.1/53754-53694	True	True	NA	NA
RF01704	AATZ01000003.1/202513-202454	True	True	NA	NA
RF01704	AATZ01000003.1/210964-210907	True	True	NA	NA
RF01704	AAUA01000001.1/1150407-1150468	True	True	NA	NA
RF01704	AAUA01000001.1/260927-260989	True	True	NA	NA
RF01704	AAUA01000001.1/589598-589524	True	True	NA	NA
RF01704	AAUA01000003.1/162424-162364	True	True	NA	NA
RF01704	AAUA01000003.1/375474-375414	True	True	NA	NA
RF01704	AAUA01000003.1/77229-77287	True	True	NA	NA
RF01704	ABVN01031734.1/163-104	True	True	NA	NA
RF01704	ACDW01000004.1/718908-718851	True	True	NA	NA
RF01704	ACNY01000002.1/278641-278580	True	True	NA	NA
RF01704	AE017126.1/398283-398223	True	True	NA	NA
RF01704	AE017126.1/924002-923944	True	True	NA	NA
RF01704	AY939843.1/19588-19642	True	True	NA	NA
RF01704	BX548174.1/350508-350446	True	True	NA	NA
RF01704	BX548174.1/395850-395793	True	True	NA	NA
RF01704	BX548174.1/627956-627894	True	True	NA	NA
RF01704	BX548174.1/817330-817389	True	True	NA	NA
RF01704	BX548175.1/1082118-1082175	True	True	NA	NA
RF01704	BX548175.1/599397-599336	True	True	NA	NA
RF01704	BX569690.1/27660-27600	True	True	NA	NA
RF01704	BX569690.1/30462-30521	True	True	NA	NA
RF01704	BX569692.1/299116-299176	True	True	NA	NA
RF01704	BX569692.1/330721-330782	True	True	NA	NA
RF01704	BX569692.1/82486-82545	True	True	NA	NA
RF01704	BX569694.1/114198-114257	True	True	NA	NA
RF01704	BX569695.1/221762-221821	True	True	NA	NA
RF01704	BX569695.1/264389-264453	True	True	NA	NA
RF01704	CP000095.2/1019126-1019068	True	True	NA	NA
RF01704	CP000095.2/1035098-1035036	True	True	NA	NA
RF01704	CP000095.2/1083243-1083186	True	True	NA	NA
RF01704	CP000095.2/1444215-1444155	True	True	NA	NA
RF01704	CP000095.2/1536467-1536524	True	True	NA	NA
RF01704	CP000095.2/382308-382246	True	True	NA	NA
RF01704	CP000097.1/1170507-1170566	True	True	NA	NA
RF01704	CP000097.1/1411351-1411410	True	True	NA	NA
RF01704	CP000097.1/2177551-2177613	True	True	NA	NA
RF01704	CP000097.1/937913-937973	True	True	NA	NA
RF01704	CP000097.1/973366-973307	True	True	NA	NA
RF01704	CP000097.1/995827-995767	True	True	NA	NA
RF01704	CP000110.1/1025849-1025788	True	True	NA	NA
RF01704	CP000110.1/1391085-1391144	True	True	NA	NA
RF01704	CP000110.1/1932912-1932853	True	True	NA	NA
RF01704	CP000110.1/2424541-2424485	True	True	NA	NA
RF01704	CP000110.1/2439513-2439574	True	True	NA	NA
RF01704	CP000110.1/518912-518973	True	True	NA	NA
RF01704	CP000110.1/532787-532847	True	True	NA	NA
RF01704	CP000110.1/738974-739032	True	True	NA	NA
RF01704	CP000111.1/1134894-1134832	True	True	NA	NA
RF01704	CP000111.1/1396332-1396270	True	True	NA	NA
RF01704	CP000111.1/391792-391735	True	True	NA	NA
RF01704	CP000111.1/621613-621552	True	True	NA	NA
RF01704	CP000435.1/1642629-1642569	True	True	NA	NA
RF01704	CP000435.1/2112063-2112005	True	True	NA	NA
RF01704	CP000435.1/778927-778986	True	True	NA	NA
RF01704	CP000551.1/1075404-1075342	True	True	NA	NA
RF01704	CP000551.1/1365468-1365406	True	True	NA	NA
RF01704	CP000551.1/407110-407052	True	True	NA	NA
RF01704	CP000551.1/634086-634025	True	True	NA	NA
RF01704	CP000552.1/378828-378767	True	True	NA	NA
RF01704	CP000552.1/426597-426540	True	True	NA	NA
RF01704	CP000552.1/662192-662132	True	True	NA	NA
RF01704	CP000553.1/1071068-1071010	True	True	NA	NA
RF01704	CP000553.1/1087010-1086948	True	True	NA	NA
RF01704	CP000553.1/1135171-1135114	True	True	NA	NA
RF01704	CP000553.1/1478715-1478655	True	True	NA	NA
RF01704	CP000553.1/1573052-1573109	True	True	NA	NA
RF01704	CP000553.1/397281-397219	True	True	NA	NA
RF01704	CP000554.1/1495940-1496001	True	True	NA	NA
RF01704	CP000554.1/984332-984275	True	True	NA	NA
RF01704	CP000576.1/1058156-1058213	True	True	NA	NA
RF01704	CP000576.1/1086706-1086644	True	True	NA	NA
RF01704	CP000576.1/1338899-1338837	True	True	NA	NA
RF01704	CP000576.1/381532-381475	True	True	NA	NA
RF01704	CP000576.1/632920-632859	True	True	NA	NA
RF01704	CP000825.1/1406723-1406661	True	True	NA	NA
RF01704	CP000825.1/663461-663400	True	True	NA	NA
RF01704	CP000878.1/1063065-1063005	True	True	NA	NA
RF01704	CP000878.1/390849-390787	True	True	NA	NA
RF01704	CT971583.1/901002-900948	True	True	NA	NA
RF01704	CT978603.1/1019340-1019397	True	True	NA	NA
RF01704	CT978603.1/1340859-1340915	True	True	NA	NA
RF01704	CT978603.1/1727489-1727429	True	True	NA	NA
RF01704	DQ366713.1/22577-22639	True	True	NA	NA
RF01704	DQ366726.1/9273-9330	True	True	NA	NA
RF01704	FJ869294.1/419-358	True	True	NA	NA
RF01704	URS0000EEACFE_1220/1-50	True	True	6QN3_A_SS;6QN3_B_SS	6QN3_A_SS;6QN3_B_SS
RF01725	URS000080E18F_32630/1-96	True	True	4L81_A_SS	4L81_A_SS
RF01725	URS000080E2F6_32630/1-97	True	True	4OQU_A_SS	4OQU_A_SS
RF01725	URS0000AB14E3_12908/1-93	True	True	NA	NA
RF01725	URS0000AB165D_12908/1-95	True	True	NA	NA
RF01725	URS0000AB16DF_12908/1-96	True	True	NA	NA
RF01725	URS0000AB1760_12908/1-97	True	True	NA	NA
RF01725	URS0000AB188C_12908/1-97	True	True	NA	NA
RF01725	URS0000AB18DC_314285/1-109	True	True	NA	NA
RF01725	URS0000AB1990_12908/1-93	True	True	NA	NA
RF01725	URS0000AB19B2_12908/1-93	True	True	NA	NA
RF01725	URS0000AB1A0E_12908/1-93	True	True	NA	NA
RF01725	URS0000AB1A22_12908/1-93	True	True	NA	NA
RF01725	URS0000AB1A99_12908/1-96	True	True	NA	NA
RF01725	URS0000AB1AD0_12908/1-93	True	True	NA	NA
RF01725	URS0000AB1C82_12908/1-93	True	True	NA	NA
RF01725	URS0000AB1E4F_12908/1-96	True	True	NA	NA
RF01725	URS0000AB1F63_12908/1-93	True	True	NA	NA
RF01725	URS0000AB2186_314285/1-108	True	True	NA	NA
RF01725	URS0000AB2288_12908/1-93	True	True	NA	NA
RF01725	URS0000AB2449_12908/1-93	True	True	NA	NA
RF01725	URS0000AB24B3_12908/1-93	True	True	NA	NA
RF01725	URS0000AB25C0_12908/1-90	True	True	NA	NA
RF01725	URS0000AB2606_12908/1-96	True	True	NA	NA
RF01725	URS0000AB2691_12908/1-93	True	True	NA	NA
RF01725	URS0000AB26F4_12908/1-93	True	True	NA	NA
RF01725	URS0000AB29B6_12908/1-96	True	True	NA	NA
RF01725	URS0000AB2BBB_12908/1-95	True	True	NA	NA
RF01725	URS0000AB2C25_12908/1-93	True	True	NA	NA
RF01725	URS0000AB2D3C_12908/1-97	True	True	NA	NA
RF01725	URS0000AB2EB2_12908/1-93	True	True	NA	NA
RF01725	URS0000AB30B5_12908/1-96	True	True	NA	NA
RF01725	URS0000AB3173_12908/1-95	True	True	NA	NA
RF01725	URS0000AB31B7_12908/1-93	True	True	NA	NA
RF01725	URS0000AB31DF_12908/1-93	True	True	NA	NA
RF01725	URS0000AB33E3_12908/1-93	True	True	NA	NA
RF01725	URS0000AB3446_12908/1-93	True	True	NA	NA
RF01725	URS0000AB3687_12908/1-96	True	True	NA	NA
RF01725	URS0000AB36D4_12908/1-93	True	True	NA	NA
RF01725	URS0000AB373A_12908/1-93	True	True	NA	NA
RF01725	URS0000AB37AF_12908/1-93	True	True	NA	NA
RF01725	URS0000AB3842_331272/1-104	True	True	NA	NA
RF01725	URS0000AB3842_350702/1-104	True	True	NA	NA
RF01725	URS0000AB3842_406425/1-104	True	True	NA	NA
RF01725	URS0000AB389A_12908/1-105	True	True	NA	NA
RF01725	URS0000AB3A17_279238/1-134	True	True	NA	NA
RF01725	URS0000AB3ACC_12908/1-95	True	True	NA	NA
RF01725	URS0000AB3AD6_12908/1-111	True	True	NA	NA
RF01725	URS0000AB3B61_12908/1-96	True	True	NA	NA
RF01725	URS0000AB3BBD_12908/1-93	True	True	NA	NA
RF01725	URS0000AB3CAD_12908/1-93	True	True	NA	NA
RF01725	URS0000AB3D1C_12908/1-96	True	True	NA	NA
RF01725	URS0000AB3E0F_12908/1-96	True	True	NA	NA
RF01725	URS0000AB3FDB_12908/1-103	True	True	NA	NA
RF01725	URS0000AB3FE8_12908/1-95	True	True	NA	NA
RF01725	URS0000AB426E_12908/1-93	True	True	NA	NA
RF01725	URS0000AB42CB_12908/1-93	True	True	NA	NA
RF01725	URS0000AB4300_12908/1-93	True	True	NA	NA
RF01725	URS0000AB432F_12908/1-96	True	True	NA	NA
RF01725	URS0000AB44F2_12908/1-93	True	True	NA	NA
RF01725	URS0000AB46CF_12908/1-96	True	True	NA	NA
RF01725	URS0000AB46D4_12908/1-93	True	True	NA	NA
RF01725	URS0000AB47A9_207954/1-104	True	True	NA	NA
RF01725	URS0000AB4830_12908/1-93	True	True	NA	NA
RF01725	URS0000AB483F_365044/1-110	True	True	NA	NA
RF01725	URS0000AB488A_12908/1-93	True	True	NA	NA
RF01725	URS0000AB4B89_12908/1-103	True	True	NA	NA
RF01725	URS0000AB4C39_12908/1-95	True	True	NA	NA
RF01725	URS0000AB4E0E_349163/1-110	True	True	NA	NA
RF01725	URS0000AB4EAD_12908/1-96	True	True	NA	NA
RF01725	URS0000AB4FD2_12908/1-93	True	True	NA	NA
RF01725	URS0000AB516D_12908/1-93	True	True	NA	NA
RF01725	URS0000AB5324_12908/1-105	True	True	NA	NA
RF01725	URS0000AB5349_12908/1-96	True	True	NA	NA
RF01725	URS0000AB55DA_12908/1-93	True	True	NA	NA
RF01725	URS0000AB5660_12908/1-94	True	True	NA	NA
RF01725	URS0000AB5697_12908/1-107	True	True	NA	NA
RF01725	URS0000AB56E5_12908/1-96	True	True	NA	NA
RF01725	URS0000AB5706_12908/1-93	True	True	NA	NA
RF01725	URS0000AB57B2_12908/1-96	True	True	NA	NA
RF01725	URS0000AB5814_12908/1-94	True	True	NA	NA
RF01725	URS0000AB58C1_12908/1-93	True	True	NA	NA
RF01725	URS0000AB58F9_12908/1-93	True	True	NA	NA
RF01725	URS0000AB595F_12908/1-90	True	True	NA	NA
RF01725	URS0000AB5A3B_12908/1-110	True	True	NA	NA
RF01725	URS0000AB5B63_12908/1-90	True	True	NA	NA
RF01725	URS0000AB5DD2_12908/1-97	True	True	NA	NA
RF01725	URS0000AB5FEC_12908/1-93	True	True	NA	NA
RF01725	URS0000AB600D_12908/1-98	True	True	NA	NA
RF01725	URS0000AB6010_12908/1-96	True	True	NA	NA
RF01725	URS0000AB60DD_12908/1-96	True	True	NA	NA
RF01725	URS0000AB62F0_12908/1-93	True	True	NA	NA
RF01725	URS0000AB63C5_12908/1-99	True	True	NA	NA
RF01725	URS0000AB6670_12908/1-126	True	True	NA	NA
RF01725	URS0000AB67E8_12908/1-90	True	True	NA	NA
RF01725	URS0000AB6E63_12908/1-93	True	True	NA	NA
RF01725	URS0000AB6E8D_12908/1-104	True	True	NA	NA
RF01725	URS0000AB6F36_12908/1-97	True	True	NA	NA
RF01725	URS0000AB706F_12908/1-96	True	True	NA	NA
RF01725	URS0000AB7098_12908/1-97	True	True	NA	NA
RF01725	URS0000AB7114_12908/1-90	True	True	NA	NA
RF01725	URS0000AB7388_12908/1-92	True	True	NA	NA
RF01725	URS0000AB7790_12908/1-97	True	True	NA	NA
RF01725	URS0000AB7791_12908/1-111	True	True	NA	NA
RF01725	URS0000AB79AD_12908/1-121	True	True	NA	NA
RF01725	URS0000AB7C40_12908/1-95	True	True	NA	NA
RF01725	URS0000AB7C76_12908/1-96	True	True	NA	NA
RF01725	URS0000AB7DFC_12908/1-96	True	True	NA	NA
RF01725	URS0000AB7E23_12908/1-100	True	True	NA	NA
RF01725	URS0000AB8056_12908/1-93	True	True	NA	NA
RF01725	URS0000AB806A_12908/1-99	True	True	NA	NA
RF01725	URS0000AB8250_12908/1-93	True	True	NA	NA
RF01725	URS0000AB8299_12908/1-94	True	True	NA	NA
RF01725	URS0000AB868E_12908/1-95	True	True	NA	NA
RF01725	URS0000AB8734_12908/1-97	True	True	NA	NA
RF01725	URS0000AB8821_12908/1-93	True	True	NA	NA
RF01725	URS0000AB88E5_12908/1-96	True	True	NA	NA
RF01725	URS0000AB89B6_12908/1-97	True	True	NA	NA
RF01725	URS0000AB8BA3_12908/1-93	True	True	NA	NA
RF01725	URS0000AB8C7F_12908/1-98	True	True	NA	NA
RF01725	URS0000AB8CBC_12908/1-93	True	True	NA	NA
RF01725	URS0000AB8D64_12908/1-95	True	True	NA	NA
RF01725	URS0000AB90E6_12908/1-93	True	True	NA	NA
RF01725	URS0000AB929A_12908/1-95	True	True	NA	NA
RF01725	URS0000AB92B4_12908/1-103	True	True	NA	NA
RF01725	URS0000AB949E_12908/1-103	True	True	NA	NA
RF01725	URS0000AB94D4_12908/1-93	True	True	NA	NA
RF01725	URS0000AB9530_12908/1-93	True	True	NA	NA
RF01725	URS0000AB9575_12908/1-93	True	True	NA	NA
RF01725	URS0000AB960E_12908/1-96	True	True	NA	NA
RF01725	URS0000AB983A_12908/1-93	True	True	NA	NA
RF01725	URS0000AB984F_12908/1-93	True	True	NA	NA
RF01725	URS0000AB988B_12908/1-93	True	True	NA	NA
RF01725	URS0000AB99F3_12908/1-96	True	True	NA	NA
RF01725	URS0000AB9A7F_12908/1-93	True	True	NA	NA
RF01725	URS0000AB9C84_12908/1-97	True	True	NA	NA
RF01725	URS0000AB9CE1_12908/1-98	True	True	NA	NA
RF01725	URS0000AB9D09_12908/1-93	True	True	NA	NA
RF01725	URS0000AB9E72_12908/1-93	True	True	NA	NA
RF01725	URS0000AB9EA1_12908/1-93	True	True	NA	NA
RF01725	URS0000AB9FAA_12908/1-93	True	True	NA	NA
RF01725	URS0000ABA03C_12908/1-112	True	True	NA	NA
RF01725	URS0000ABA09F_12908/1-93	True	True	NA	NA
RF01725	URS0000ABA48C_12908/1-93	True	True	NA	NA
RF01725	URS0000ABA806_12908/1-93	True	True	NA	NA
RF01725	URS0000ABA80A_12908/1-97	True	True	NA	NA
RF01725	URS0000ABAB97_482957/1-104	True	True	NA	NA
RF01725	URS0000ABABC5_262698/1-109	True	True	NA	NA
RF01725	URS0000ABABE4_12908/1-119	True	True	NA	NA
RF01725	URS0000ABABEE_12908/1-95	True	True	NA	NA
RF01725	URS0000ABACC9_12908/1-95	True	True	NA	NA
RF01725	URS0000ABAD1C_12908/1-97	True	True	NA	NA
RF01725	URS0000ABAD55_12908/1-93	True	True	NA	NA
RF01725	URS0000ABAD9D_439375/1-110	True	True	NA	NA
RF01725	URS0000ABADB5_12908/1-93	True	True	NA	NA
RF01725	URS0000ABAE58_12908/1-96	True	True	NA	NA
RF01725	URS0000ABAF0E_12908/1-93	True	True	NA	NA
RF01725	URS0000ABB042_12908/1-96	True	True	NA	NA
RF01725	URS0000ABB0E9_12908/1-97	True	True	NA	NA
RF01725	URS0000ABB2C1_12908/1-105	True	True	NA	NA
RF01725	URS0000ABB378_12908/1-96	True	True	NA	NA
RF01725	URS0000ABB37A_12908/1-131	True	True	NA	NA
RF01725	URS0000ABB5A8_12908/1-93	True	True	NA	NA
RF01725	URS0000ABB5C4_12908/1-96	True	True	NA	NA
RF01725	URS0000ABB61C_12908/1-106	True	True	NA	NA
RF01725	URS0000ABB649_12908/1-93	True	True	NA	NA
RF01725	URS0000ABB691_12908/1-97	True	True	NA	NA
RF01725	URS0000ABB94F_12908/1-93	True	True	NA	NA
RF01725	URS0000ABBA91_12908/1-93	True	True	NA	NA
RF01725	URS0000ABBA94_12908/1-103	True	True	NA	NA
RF01725	URS0000ABBB59_12908/1-94	True	True	NA	NA
RF01725	URS0000ABBB71_12908/1-93	True	True	NA	NA
RF01725	URS0000ABBBAA_392499/1-108	True	True	NA	NA
RF01725	URS0000ABBC40_12908/1-97	True	True	NA	NA
RF01725	URS0000ABBC83_12908/1-95	True	True	NA	NA
RF01725	URS0000ABBCD0_12908/1-97	True	True	NA	NA
RF01725	URS0000ABBE41_12908/1-96	True	True	NA	NA
RF01725	URS0000ABBE5B_12908/1-96	True	True	NA	NA
RF01725	URS0000ABBE5D_12908/1-93	True	True	NA	NA
RF01725	URS0000ABBF39_12908/1-93	True	True	NA	NA
RF01725	URS0000ABC10B_12908/1-92	True	True	NA	NA
RF01725	URS0000ABC145_12908/1-93	True	True	NA	NA
RF01725	URS0000ABC303_12908/1-93	True	True	NA	NA
RF01725	URS0000ABC32A_12908/1-106	True	True	NA	NA
RF01725	URS0000ABC433_12908/1-96	True	True	NA	NA
RF01725	URS0000ABC457_12908/1-97	True	True	NA	NA
RF01725	URS0000ABC5CE_12908/1-96	True	True	NA	NA
RF01725	URS0000ABC62F_12908/1-96	True	True	NA	NA
RF01725	URS0000ABC6A1_12908/1-93	True	True	NA	NA
RF01725	URS0000ABC8FD_12908/1-93	True	True	NA	NA
RF01725	URS0000ABC92D_12908/1-93	True	True	NA	NA
RF01725	URS0000ABCB36_365044/1-108	True	True	NA	NA
RF01725	URS0000ABCB7F_12908/1-93	True	True	NA	NA
RF01725	URS0000ABCC4C_12908/1-103	True	True	NA	NA
RF01725	URS0000ABCD61_12908/1-93	True	True	NA	NA
RF01725	URS0000ABCF9E_204722/1-109	True	True	NA	NA
RF01725	URS0000ABCF9E_444178/1-109	True	True	NA	NA
RF01725	URS0000ABCFAE_12908/1-103	True	True	NA	NA
RF01725	URS0000ABD0DA_12908/1-95	True	True	NA	NA
RF01725	URS0000ABD196_12908/1-96	True	True	NA	NA
RF01725	URS0000ABD393_365044/1-105	True	True	NA	NA
RF01725	URS0000ABD3D8_12908/1-93	True	True	NA	NA
RF01725	URS0000ABD550_12908/1-93	True	True	NA	NA
RF01725	URS0000ABD554_12908/1-98	True	True	NA	NA
RF01725	URS0000ABD779_12908/1-95	True	True	NA	NA
RF01725	URS0000ABD77B_12908/1-102	True	True	NA	NA
RF01725	URS0000D65731_12908/1-89	True	True	NA	NA
RF01725	URS0000D6579C_12908/1-90	True	True	NA	NA
RF01725	URS0000D657B3_12908/1-140	True	True	NA	NA
RF01725	URS0000D657E1_12908/1-94	True	True	NA	NA
RF01725	URS0000D6582F_12908/1-103	True	True	NA	NA
RF01725	URS0000D65888_12908/1-100	True	True	NA	NA
RF01725	URS0000D658A9_12908/1-108	True	True	NA	NA
RF01725	URS0000D659EF_12908/1-92	True	True	NA	NA
RF01725	URS0000D65AE6_12908/1-94	True	True	NA	NA
RF01725	URS0000D65B7E_12908/1-88	True	True	NA	NA
RF01725	URS0000D65B8C_12908/1-126	True	True	NA	NA
RF01725	URS0000D65BDD_12908/1-118	True	True	NA	NA
RF01725	URS0000D65C24_12908/1-104	True	True	NA	NA
RF01725	URS0000D65C3A_12908/1-134	True	True	NA	NA
RF01725	URS0000D65C57_12908/1-143	True	True	NA	NA
RF01725	URS0000D65CB4_12908/1-89	True	True	NA	NA
RF01725	URS0000D65E4E_12908/1-88	True	True	NA	NA
RF01725	URS0000D65FDF_12908/1-111	True	True	NA	NA
RF01725	URS0000D660BC_12908/1-89	True	True	NA	NA
RF01725	URS0000D6617C_12908/1-119	True	True	NA	NA
RF01725	URS0000D66231_12908/1-118	True	True	NA	NA
RF01725	URS0000D664B1_204669/1-127	True	True	NA	NA
RF01725	URS0000D66502_12908/1-103	True	True	NA	NA
RF01725	URS0000D66536_12908/1-117	True	True	NA	NA
RF01725	URS0000D6654E_12908/1-106	True	True	NA	NA
RF01725	URS0000D665A9_12908/1-89	True	True	NA	NA
RF01725	URS0000D6676F_12908/1-115	True	True	NA	NA
RF01725	URS0000D6678A_12908/1-87	True	True	NA	NA
RF01725	URS0000D6697D_12908/1-116	True	True	NA	NA
RF01725	URS0000D669B4_384765/1-123	True	True	NA	NA
RF01725	URS0000D66A44_12908/1-110	True	True	NA	NA
RF01725	URS0000D66A99_12908/1-117	True	True	NA	NA
RF01725	URS0000D66AAC_12908/1-87	True	True	NA	NA
RF01725	URS0000D66B85_12908/1-112	True	True	NA	NA
RF01725	URS0000D66BC0_12908/1-98	True	True	NA	NA
RF01725	URS0000D66C1E_12908/1-107	True	True	NA	NA
RF01725	URS0000D66D39_12908/1-93	True	True	NA	NA
RF01725	URS0000D66E41_12908/1-121	True	True	NA	NA
RF01725	URS0000D66E7D_12908/1-87	True	True	NA	NA
RF01725	URS0000D66E9F_12908/1-122	True	True	NA	NA
RF01725	URS0000D66F6B_12908/1-111	True	True	NA	NA
RF01725	URS0000D67002_12908/1-90	True	True	NA	NA
RF01725	URS0000D6701A_12908/1-88	True	True	NA	NA
RF01725	URS0000D67090_12908/1-89	True	True	NA	NA
RF01725	URS0000D67369_12908/1-90	True	True	NA	NA
RF01725	URS0000D673AD_272831/1-112	True	True	NA	NA
RF01725	URS0000D674CF_12908/1-90	True	True	NA	NA
RF01725	URS0000D67503_12908/1-87	True	True	NA	NA
RF01725	URS0000D675A9_12908/1-107	True	True	NA	NA
RF01725	URS0000D67607_12908/1-130	True	True	NA	NA
RF01725	URS0000D67608_12908/1-126	True	True	NA	NA
RF01725	URS0000D6767B_12908/1-117	True	True	NA	NA
RF01725	URS0000D677C3_12908/1-87	True	True	NA	NA
RF01725	URS0000D67805_12908/1-122	True	True	NA	NA
RF01725	URS0000D6782A_12908/1-89	True	True	NA	NA
RF01725	URS0000D678C3_313628/1-103	True	True	NA	NA
RF01725	URS0000D67B15_12908/1-108	True	True	NA	NA
RF01725	URS0000D67BE7_281689/1-136	True	True	NA	NA
RF01725	URS0000D67C21_12908/1-120	True	True	NA	NA
RF01725	URS0000D67E8F_12908/1-94	True	True	NA	NA
RF01725	URS0000D67E95_12908/1-119	True	True	NA	NA
RF01725	URS0000D67EB0_12908/1-116	True	True	NA	NA
RF01725	URS0000D67F6B_12908/1-89	True	True	NA	NA
RF01725	URS0000D67F8D_12908/1-112	True	True	NA	NA
RF01725	URS0000D67FDD_12908/1-125	True	True	NA	NA
RF01725	URS0000D6809E_12908/1-110	True	True	NA	NA
RF01725	URS0000D680C4_12908/1-128	True	True	NA	NA
RF01725	URS0000D68104_12908/1-116	True	True	NA	NA
RF01725	URS0000D68150_12908/1-97	True	True	NA	NA
RF01725	URS0000D681C3_12908/1-94	True	True	NA	NA
RF01725	URS0000D68251_12908/1-101	True	True	NA	NA
RF01725	URS0000D68307_12908/1-126	True	True	NA	NA
RF01725	URS0000D6831E_12908/1-117	True	True	NA	NA
RF01725	URS0000D683B1_12908/1-92	True	True	NA	NA
RF01725	URS0000D684C0_12908/1-101	True	True	NA	NA
RF01725	URS0000D68613_12908/1-91	True	True	NA	NA
RF01725	URS0000D68715_12908/1-142	True	True	NA	NA
RF01725	URS0000D68773_12908/1-121	True	True	NA	NA
RF01725	URS0000D687A7_12908/1-90	True	True	NA	NA
RF01725	URS0000D68820_12908/1-113	True	True	NA	NA
RF01725	URS0000D688A3_12908/1-117	True	True	NA	NA
RF01725	URS0000D68971_12908/1-87	True	True	NA	NA
RF01725	URS0000D68A14_12908/1-88	True	True	NA	NA
RF01725	URS0000D68A3B_12908/1-87	True	True	NA	NA
RF01725	URS0000D68A5F_12908/1-111	True	True	NA	NA
RF01725	URS0000D68B26_12908/1-98	True	True	NA	NA
RF01725	URS0000D68C47_12908/1-104	True	True	NA	NA
RF01725	URS0000D690D1_12908/1-144	True	True	NA	NA
RF01725	URS0000D69102_12908/1-118	True	True	NA	NA
RF01725	URS0000D69113_12908/1-89	True	True	NA	NA
RF01725	URS0000D69188_12908/1-116	True	True	NA	NA
RF01725	URS0000D69192_12908/1-97	True	True	NA	NA
RF01725	URS0000D69198_12908/1-101	True	True	NA	NA
RF01725	URS0000D692C4_12908/1-144	True	True	NA	NA
RF01725	URS0000D692D0_12908/1-116	True	True	NA	NA
RF01725	URS0000D692EF_12908/1-115	True	True	NA	NA
RF01725	URS0000D693CA_12908/1-116	True	True	NA	NA
RF01725	URS0000D693D8_12908/1-127	True	True	NA	NA
RF01725	URS0000D69404_12908/1-106	True	True	NA	NA
RF01725	URS0000D69439_12908/1-87	True	True	NA	NA
RF01725	URS0000D695A1_12908/1-122	True	True	NA	NA
RF01725	URS0000D6961B_12908/1-91	True	True	NA	NA
RF01725	URS0000D69652_12908/1-88	True	True	NA	NA
RF01725	URS0000D696F5_12908/1-106	True	True	NA	NA
RF01725	URS0000D69757_12908/1-117	True	True	NA	NA
RF01725	URS0000D697D0_12908/1-96	True	True	NA	NA
RF01725	URS0000D697EF_216432/1-98	True	True	NA	NA
RF01725	URS0000D6982B_12908/1-116	True	True	NA	NA
RF01725	URS0000D69852_12908/1-88	True	True	NA	NA
RF01725	URS0000D698A2_12908/1-141	True	True	NA	NA
RF01725	URS0000D698F8_12908/1-89	True	True	NA	NA
RF01725	URS0000D69909_12908/1-114	True	True	NA	NA
RF01725	URS0000D699CA_12908/1-89	True	True	NA	NA
RF01725	URS0000D69A00_12908/1-98	True	True	NA	NA
RF01725	URS0000D69AA0_12908/1-125	True	True	NA	NA
RF01725	URS0000D69B2A_12908/1-87	True	True	NA	NA
RF01725	URS0000D69B9E_12908/1-137	True	True	NA	NA
RF01725	URS0000D69BC5_12908/1-89	True	True	NA	NA
RF01725	URS0000D69BC7_12908/1-100	True	True	NA	NA
RF01725	URS0000D69C3E_12908/1-87	True	True	NA	NA
RF01725	URS0000D69CEB_12908/1-122	True	True	NA	NA
RF01725	URS0000D69E2F_12908/1-115	True	True	NA	NA
RF01725	URS0000D69E8E_12908/1-115	True	True	NA	NA
RF01725	URS0000D69EC4_12908/1-126	True	True	NA	NA
RF01725	URS0000D69F70_349521/1-112	True	True	NA	NA
RF01725	URS0000D6A027_12908/1-123	True	True	NA	NA
RF01725	URS0000D6A031_12908/1-90	True	True	NA	NA
RF01725	URS0000D6A0D7_12908/1-116	True	True	NA	NA
RF01725	URS0000D6A30C_12908/1-126	True	True	NA	NA
RF01725	URS0000D6A32C_313595/1-93	True	True	NA	NA
RF01725	URS0000D6A563_12908/1-100	True	True	NA	NA
RF01725	URS0000D6A5D8_313596/1-94	True	True	NA	NA
RF01725	URS0000D6A65A_12908/1-88	True	True	NA	NA
RF01725	URS0000D6A6E4_12908/1-89	True	True	NA	NA
RF01725	URS0000D6A72D_12908/1-90	True	True	NA	NA
RF01725	URS0000D6A733_12908/1-98	True	True	NA	NA
RF01725	URS0000D6A7A6_12908/1-125	True	True	NA	NA
RF01725	URS0000D6A7C7_351016/1-104	True	True	NA	NA
RF01725	URS0000D6A851_12908/1-88	True	True	NA	NA
RF01725	URS0000D6A86B_12908/1-109	True	True	NA	NA
RF01725	URS0000D6A989_391598/1-97	True	True	NA	NA
RF01725	URS0000D6AA3F_12908/1-89	True	True	NA	NA
RF01725	URS0000D6AAE1_12908/1-89	True	True	NA	NA
RF01725	URS0000D6AB56_12908/1-106	True	True	NA	NA
RF01725	URS0000D6AD04_12908/1-100	True	True	NA	NA
RF01725	URS0000D6AE56_12908/1-128	True	True	NA	NA
RF01725	URS0000D6AF11_12908/1-89	True	True	NA	NA
RF01725	URS0000D6B015_12908/1-98	True	True	NA	NA
RF01725	URS0000D6B115_12908/1-90	True	True	NA	NA
RF01725	URS0000D6B134_12908/1-106	True	True	NA	NA
RF01725	URS0000D6B14B_12908/1-126	True	True	NA	NA
RF01725	URS0000D6B14C_12908/1-121	True	True	NA	NA
RF01725	URS0000D6B1F5_12908/1-118	True	True	NA	NA
RF01725	URS0000D6B1F8_12908/1-91	True	True	NA	NA
RF01725	URS0000D6B233_12908/1-88	True	True	NA	NA
RF01725	URS0000D6B23C_12908/1-101	True	True	NA	NA
RF01725	URS0000D6B299_12908/1-143	True	True	NA	NA
RF01725	URS0000D6B2A6_12908/1-89	True	True	NA	NA
RF01725	URS0000D6B2CE_12908/1-95	True	True	NA	NA
RF01725	URS0000D6B33E_122587/1-112	True	True	NA	NA
RF01725	URS0000D6B341_12908/1-117	True	True	NA	NA
RF01725	URS0000D6B3DD_12908/1-94	True	True	NA	NA
RF01725	URS0000D6B532_12908/1-101	True	True	NA	NA
RF01725	URS0000D6B651_12908/1-87	True	True	NA	NA
RF01725	URS0000D6B743_313598/1-97	True	True	NA	NA
RF01725	URS0000D6B7F6_12908/1-116	True	True	NA	NA
RF01725	URS0000D6BAB9_12908/1-103	True	True	NA	NA
RF01725	URS0000D6BB90_12908/1-117	True	True	NA	NA
RF01725	URS0000D6BC9A_12908/1-89	True	True	NA	NA
RF01725	URS0000D6BCC2_12908/1-92	True	True	NA	NA
RF01725	URS0000D6BD11_242231/1-112	True	True	NA	NA
RF01725	URS0000D6BD1C_12908/1-88	True	True	NA	NA
RF01725	URS0000D6BD43_12908/1-126	True	True	NA	NA
RF01725	URS0000D6BE91_12908/1-126	True	True	NA	NA
RF01725	URS0000D6BFB6_12908/1-111	True	True	NA	NA
RF01725	URS0000D6BFBF_12908/1-117	True	True	NA	NA
RF01725	URS0000D6BFCF_12908/1-100	True	True	NA	NA
RF01725	URS0000D6C051_12908/1-88	True	True	NA	NA
RF01725	URS0000D6C09B_12908/1-111	True	True	NA	NA
RF01725	URS0000D6C0F9_12908/1-117	True	True	NA	NA
RF01725	URS0000D6C155_12908/1-123	True	True	NA	NA
RF01725	URS0000D6C174_12908/1-106	True	True	NA	NA
RF01725	URS0000D6C19A_12908/1-87	True	True	NA	NA
RF01725	URS0000D6C2B3_12908/1-126	True	True	NA	NA
RF01725	URS0000D6C2C0_12908/1-88	True	True	NA	NA
RF01725	URS0000D6C339_12908/1-126	True	True	NA	NA
RF01725	URS0000D6C51C_12908/1-87	True	True	NA	NA
RF01725	URS0000D6C51E_12908/1-106	True	True	NA	NA
RF01725	URS0000D6C6D5_12908/1-87	True	True	NA	NA
RF01725	URS0000D6C701_12908/1-89	True	True	NA	NA
RF01725	URS0000D6C7B3_12908/1-126	True	True	NA	NA
RF01725	URS0000D6C87E_12908/1-112	True	True	NA	NA
RF01725	URS0000D6C9C7_12908/1-91	True	True	NA	NA
RF01725	URS0000D6CA1D_12908/1-102	True	True	NA	NA
RF01725	URS0000D6CA75_122586/1-112	True	True	NA	NA
RF01725	URS0000D6CA82_12908/1-92	True	True	NA	NA
RF01725	URS0000D6CAC6_12908/1-101	True	True	NA	NA
RF01725	URS0000D6CB27_12908/1-116	True	True	NA	NA
RF01725	URS0000D6CC1E_12908/1-103	True	True	NA	NA
RF01725	URS0000D6CCEF_12908/1-89	True	True	NA	NA
RF01725	URS0000D6CCF2_12908/1-116	True	True	NA	NA
RF01725	URS0000D6CE26_12908/1-101	True	True	NA	NA
RF01725	URS0000D6CE38_12908/1-105	True	True	NA	NA
RF01725	URS0000D6CE73_12908/1-114	True	True	NA	NA
RF01725	URS0000D6CEB5_246197/1-125	True	True	NA	NA
RF01725	URS0000D6CF4F_12908/1-118	True	True	NA	NA
RF01725	URS0000D6CFD0_12908/1-101	True	True	NA	NA
RF01725	URS0000D6D0DC_12908/1-98	True	True	NA	NA
RF01725	URS0000D6D10C_12908/1-101	True	True	NA	NA
RF01725	URS0000D6D1A8_12908/1-100	True	True	NA	NA
RF01725	URS0000D6D1AA_12908/1-93	True	True	NA	NA
RF01725	URS0000D6D1D1_12908/1-87	True	True	NA	NA
RF01727	AACY020064664.1/1378-1332	True	True	NA	NA
RF01727	AACY020081998.1/989-1034	True	True	NA	NA
RF01727	AACY020145469.1/1022-977	True	True	NA	NA
RF01727	AACY020223500.1/3303-3256	True	True	NA	NA
RF01727	AACY020245805.1/1080-1127	True	True	NA	NA
RF01727	AACY020253271.1/246-293	True	True	NA	NA
RF01727	AACY020255086.1/785-738	True	True	NA	NA
RF01727	AACY020308077.1/1017-1066	True	True	NA	NA
RF01727	AACY020522644.1/2673-2625	True	True	NA	NA
RF01727	AACY020525991.1/1534-1483	True	True	NA	NA
RF01727	AACY020526688.1/2154-2202	True	True	NA	NA
RF01727	AACY020533904.1/2663-2615	True	True	NA	NA
RF01727	AACY020589009.1/251-203	True	True	NA	NA
RF01727	AACY021040428.1/508-461	True	True	NA	NA
RF01727	AACY021083615.1/454-500	True	True	NA	NA
RF01727	AACY021643013.1/428-383	True	True	NA	NA
RF01727	AACY021789724.1/224-271	True	True	NA	NA
RF01727	AACY022220959.1/246-198	True	True	NA	NA
RF01727	AACY022262901.1/198-151	True	True	NA	NA
RF01727	AACY022370156.1/216-170	True	True	NA	NA
RF01727	AACY022514310.1/232-279	True	True	NA	NA
RF01727	AACY022603193.1/622-575	True	True	NA	NA
RF01727	AACY023759949.1/393-346	True	True	NA	NA
RF01727	AACY023829178.1/189-238	True	True	NA	NA
RF01727	AACY023873338.1/90-135	True	True	NA	NA
RF01727	AAFY01026626.1/203-251	True	True	NA	NA
RF01727	AAFZ01022139.1/317-268	True	True	NA	NA
RF01727	AATQ01000051.1/20133-20085	True	True	NA	NA
RF01727	AATR01000003.1/91067-91114	True	True	NA	NA
RF01727	AAXZ01000012.1/36217-36265	True	True	NA	NA
RF01727	AAYA01000008.1/121966-121918	True	True	NA	NA
RF01727	AAYB01000002.1/503668-503715	True	True	NA	NA
RF01727	AAYC01000001.1/142050-142098	True	True	NA	NA
RF01727	ABCR01000003.1/393478-393430	True	True	NA	NA
RF01727	ABID01000011.1/17084-17036	True	True	NA	NA
RF01727	ABIE01000005.1/70619-70571	True	True	NA	NA
RF01727	ABIF01000007.1/192066-192114	True	True	NA	NA
RF01727	ABSH01000031.1/84911-84863	True	True	NA	NA
RF01727	ABSK01000009.1/52599-52551	True	True	NA	NA
RF01727	ABXE01000008.1/209807-209759	True	True	NA	NA
RF01727	ABXF01000008.1/119484-119533	True	True	NA	NA
RF01727	ABXM01000011.1/241752-241702	True	True	NA	NA
RF01727	ABXS01000051.1/24818-24865	True	True	NA	NA
RF01727	CP000032.1/9372-9422	True	True	NA	NA
RF01727	CP000144.1/688624-688575	True	True	NA	NA
RF01727	CP000264.1/678143-678190	True	True	NA	NA
RF01727	CP000362.1/3781791-3781742	True	True	NA	NA
RF01727	CP000377.1/211359-211407	True	True	NA	NA
RF01727	CP000489.1/1874599-1874647	True	True	NA	NA
RF01727	CP000578.1/343169-343120	True	True	NA	NA
RF01727	CP000662.1/776419-776468	True	True	NA	NA
RF01727	CP000830.1/1046963-1046915	True	True	NA	NA
RF01727	CP002623.1/543970-544019	True	True	NA	NA
RF01727	URS0000E60BAC_1224/1-43	True	True	6HAG_A_SS	6HAG_A_SS
RF01734	AAAK03000106.1/3476-3542	True	True	NA	NA
RF01734	AACY020346117.1/2623-2561	True	True	NA	NA
RF01734	AACY023333559.1/192-117	True	True	NA	NA
RF01734	AADL01000572.1/2844-2904	True	True	NA	NA
RF01734	AADL01001839.1/2172-2233	True	True	NA	NA
RF01734	AADL01002490.1/18401-18475	True	True	NA	NA
RF01734	AAEW02000001.1/156146-156076	True	True	NA	NA
RF01734	AAFX01005291.1/667-735	True	True	NA	NA
RF01734	AAFX01041918.1/509-577	True	True	NA	NA
RF01734	AAFX01046182.1/76-12	True	True	NA	NA
RF01734	AAFX01053991.1/352-284	True	True	NA	NA
RF01734	AAFX01080011.1/664-577	True	True	NA	NA
RF01734	AAHO01000134.1/6134-6200	True	True	NA	NA
RF01734	AAHS03000001.1/321518-321584	True	True	NA	NA
RF01734	AAHW02000001.1/301150-301084	True	True	NA	NA
RF01734	AAIR02000026.1/4415-4481	True	True	NA	NA
RF01734	AAKV01000114.1/24659-24721	True	True	NA	NA
RF01734	AALF02000002.1/247760-247698	True	True	NA	NA
RF01734	AAMR01000022.1/13784-13701	True	True	NA	NA
RF01734	AAMY01000002.1/145285-145345	True	True	NA	NA
RF01734	AANC01000009.1/2226-2162	True	True	NA	NA
RF01734	AAOU01000011.1/78540-78473	True	True	NA	NA
RF01734	AAPH01000002.1/303167-303249	True	True	NA	NA
RF01734	AAPS01000002.1/29498-29423	True	True	NA	NA
RF01734	AAQK01000307.1/4537-4610	True	True	NA	NA
RF01734	AAQL01000312.1/1879-1949	True	True	NA	NA
RF01734	AAQL01004413.1/1469-1396	True	True	NA	NA
RF01734	AAQL01009062.1/467-395	True	True	NA	NA
RF01734	AAVL02000037.1/287218-287292	True	True	NA	NA
RF01734	AAVO02000004.1/13914-13993	True	True	NA	NA
RF01734	AAWL01000036.1/2586-2647	True	True	NA	NA
RF01734	AAWO01000020.1/7863-7793	True	True	NA	NA
RF01734	AAWP01000027.1/44793-44868	True	True	NA	NA
RF01734	AAXB02000001.1/235634-235709	True	True	NA	NA
RF01734	AAXG02000029.1/31858-31932	True	True	NA	NA
RF01734	AAZP01000053.1/29998-29932	True	True	NA	NA
RF01734	AAZW01000073.1/10424-10341	True	True	NA	NA
RF01734	ABBF01000636.1/6946-6880	True	True	NA	NA
RF01734	ABBJ01001663.1/1415-1349	True	True	NA	NA
RF01734	ABBM01000878.1/872-806	True	True	NA	NA
RF01734	ABBP01001115.1/6777-6711	True	True	NA	NA
RF01734	ABBQ01000905.1/4347-4281	True	True	NA	NA
RF01734	ABCC02000039.1/237860-237932	True	True	NA	NA
RF01734	ABCH01000002.1/2875-2939	True	True	NA	NA
RF01734	ABCM01000001.1/151944-151879	True	True	NA	NA
RF01734	ABCM01000022.1/54798-54866	True	True	NA	NA
RF01734	ABEY02000020.1/92291-92375	True	True	NA	NA
RF01734	ABGC03000023.1/52156-52229	True	True	NA	NA
RF01734	ABGR01000008.1/95568-95493	True	True	NA	NA
RF01734	ABHH01000009.1/50257-50182	True	True	NA	NA
RF01734	ABJD02000101.1/724041-724112	True	True	NA	NA
RF01734	ABLC01000046.1/24103-24037	True	True	NA	NA
RF01734	ABLC01000083.1/20871-20937	True	True	NA	NA
RF01734	ABLD01000041.1/16968-17073	True	True	NA	NA
RF01734	ABOX02000009.1/3464-3546	True	True	NA	NA
RF01734	ABQC02000019.1/404312-404380	True	True	NA	NA
RF01734	ABQQ01000001.1/79958-80027	True	True	NA	NA
RF01734	ABQR01000024.1/52165-52090	True	True	NA	NA
RF01734	ABQV01000049.1/12339-12285	True	True	NA	NA
RF01734	ABSD01000048.1/169379-169321	True	True	NA	NA
RF01734	ABSD01000048.1/33401-33462	True	True	NA	NA
RF01734	ABSD01000050.1/82708-82766	True	True	NA	NA
RF01734	ABSD01000051.1/73291-73230	True	True	NA	NA
RF01734	ABVK02000003.1/30981-31043	True	True	NA	NA
RF01734	ABVL01000003.1/298778-298860	True	True	NA	NA
RF01734	ABVX01000036.1/35509-35405	True	True	NA	NA
RF01734	ABVY01000154.1/6708-6604	True	True	NA	NA
RF01734	ABXA01000043.1/134014-134086	True	True	NA	NA
RF01734	ABXP01000064.1/2857-2798	True	True	NA	NA
RF01734	ABXP01000064.1/9651-9591	True	True	NA	NA
RF01734	ABXU01000089.1/23581-23642	True	True	NA	NA
RF01734	ABXV02000011.1/470942-470875	True	True	NA	NA
RF01734	ABXW01000051.1/16406-16474	True	True	NA	NA
RF01734	ABYL01000251.1/1837-1776	True	True	NA	NA
RF01734	ABYN01000048.1/132548-132614	True	True	NA	NA
RF01734	ABYS02000004.1/646163-646241	True	True	NA	NA
RF01734	ABYT01000096.1/44476-44400	True	True	NA	NA
RF01734	ABYW01000007.1/311285-311355	True	True	NA	NA
RF01734	ACAN01000070.1/46719-46650	True	True	NA	NA
RF01734	ACCE01000005.1/360072-360138	True	True	NA	NA
RF01734	ACGY01000069.1/12451-12387	True	True	NA	NA
RF01734	ACIZ01000090.1/22576-22630	True	True	NA	NA
RF01734	ACKA01000027.1/241427-241361	True	True	NA	NA
RF01734	ACNB01000166.1/6496-6555	True	True	NA	NA
RF01734	AE000666.1/688929-688867	True	True	NA	NA
RF01734	AE000782.1/1391410-1391471	True	True	NA	NA
RF01734	AE004091.2/4914637-4914575	True	True	NA	NA
RF01734	AE005176.1/1105212-1105286	True	True	NA	NA
RF01734	AE005176.1/274025-274097	True	True	NA	NA
RF01734	AE006641.1/885812-885728	True	True	NA	NA
RF01734	AE008691.1/1840761-1840702	True	True	NA	NA
RF01734	AE008691.1/1847557-1847497	True	True	NA	NA
RF01734	AE008692.2/542148-542071	True	True	NA	NA
RF01734	AE008923.1/2352963-2353030	True	True	NA	NA
RF01734	AE009950.1/1333263-1333185	True	True	NA	NA
RF01734	AE009952.1/1314365-1314302	True	True	NA	NA
RF01734	AE010299.1/4831358-4831427	True	True	NA	NA
RF01734	AE013598.1/2682944-2683020	True	True	NA	NA
RF01734	AE014295.3/925740-925809	True	True	NA	NA
RF01734	AE015928.1/5995735-5995673	True	True	NA	NA
RF01734	AE016825.1/2613318-2613254	True	True	NA	NA
RF01734	AE016830.1/2384514-2384445	True	True	NA	NA
RF01734	AE016853.1/5215709-5215637	True	True	NA	NA
RF01734	AE016877.1/4975681-4975742	True	True	NA	NA
RF01734	AE016879.1/4823733-4823792	True	True	NA	NA
RF01734	AE017198.1/798633-798695	True	True	NA	NA
RF01734	AE017225.1/4825068-4825127	True	True	NA	NA
RF01734	AE017334.2/4823859-4823918	True	True	NA	NA
RF01734	AE017355.1/4836662-4836721	True	True	NA	NA
RF01734	AF359557.1/22906-22967	True	True	NA	NA
RF01734	AJ248285.1/89834-89914	True	True	NA	NA
RF01734	AL590842.1/2918233-2918170	True	True	NA	NA
RF01734	AL646052.1/1941892-1941826	True	True	NA	NA
RF01734	AL954747.1/1756266-1756341	True	True	NA	NA
RF01734	AL954747.1/1838968-1838902	True	True	NA	NA
RF01734	AM039952.1/2350991-2351059	True	True	NA	NA
RF01734	AM406671.1/1450312-1450238	True	True	NA	NA
RF01734	AM406671.1/272338-272410	True	True	NA	NA
RF01734	AM743169.1/1735698-1735635	True	True	NA	NA
RF01734	AM889285.1/3849897-3849819	True	True	NA	NA
RF01734	AM889285.1/3856660-3856597	True	True	NA	NA
RF01734	AM920689.1/2646740-2646665	True	True	NA	NA
RF01734	AP006620.1/61342-61253	True	True	NA	NA
RF01734	AP006878.1/440492-440567	True	True	NA	NA
RF01734	AP008230.1/2441450-2441510	True	True	NA	NA
RF01734	AP008232.1/1344619-1344556	True	True	NA	NA
RF01734	AP008971.1/1641037-1640963	True	True	NA	NA
RF01734	AP009049.1/304406-304465	True	True	NA	NA
RF01734	AP009256.1/922963-923040	True	True	NA	NA
RF01734	AP009389.1/615295-615357	True	True	NA	NA
RF01734	BA000001.2/1278365-1278285	True	True	NA	NA
RF01734	BA000019.2/2723228-2723309	True	True	NA	NA
RF01734	BA000040.2/2887392-2887315	True	True	NA	NA
RF01734	BA000043.1/2726409-2726347	True	True	NA	NA
RF01734	BAAV01007000.1/1090-1152	True	True	NA	NA
RF01734	BAAV01013884.1/268-196	True	True	NA	NA
RF01734	BAAV01021889.1/203-131	True	True	NA	NA
RF01734	BAAW01000138.1/2195-2134	True	True	NA	NA
RF01734	BAAY01001852.1/271-348	True	True	NA	NA
RF01734	BAAY01017851.1/254-182	True	True	NA	NA
RF01734	BAAZ01017612.1/714-637	True	True	NA	NA
RF01734	BAAZ01021286.1/777-699	True	True	NA	NA
RF01734	BABB01014491.1/724-793	True	True	NA	NA
RF01734	BABC01000066.1/7792-7723	True	True	NA	NA
RF01734	BABD01000872.1/1124-1056	True	True	NA	NA
RF01734	BABE01000053.1/15068-15137	True	True	NA	NA
RF01734	BABE01006493.1/378-447	True	True	NA	NA
RF01734	BABF01003476.1/1904-1985	True	True	NA	NA
RF01734	BABF01015109.1/43-109	True	True	NA	NA
RF01734	BABG01003409.1/431-358	True	True	NA	NA
RF01734	BABG01014343.1/547-474	True	True	NA	NA
RF01734	BABG01014606.1/762-690	True	True	NA	NA
RF01734	BX950851.1/1468958-1468853	True	True	NA	NA
RF01734	CP000004.1/152206-152146	True	True	NA	NA
RF01734	CP000004.1/152384-152449	True	True	NA	NA
RF01734	CP000009.1/2355903-2355981	True	True	NA	NA
RF01734	CP000011.2/224010-224076	True	True	NA	NA
RF01734	CP000020.2/35443-35510	True	True	NA	NA
RF01734	CP000021.2/1258800-1258735	True	True	NA	NA
RF01734	CP000099.1/4790369-4790299	True	True	NA	NA
RF01734	CP000100.1/2263916-2263989	True	True	NA	NA
RF01734	CP000115.1/166253-166313	True	True	NA	NA
RF01734	CP000117.1/118149-118230	True	True	NA	NA
RF01734	CP000125.1/1222860-1222794	True	True	NA	NA
RF01734	CP000141.1/1888854-1888795	True	True	NA	NA
RF01734	CP000227.1/4763720-4763779	True	True	NA	NA
RF01734	CP000230.1/293075-293134	True	True	NA	NA
RF01734	CP000239.1/520035-519935	True	True	NA	NA
RF01734	CP000240.1/171311-171206	True	True	NA	NA
RF01734	CP000250.1/3360939-3360999	True	True	NA	NA
RF01734	CP000254.1/1236994-1237053	True	True	NA	NA
RF01734	CP000254.1/1238338-1238398	True	True	NA	NA
RF01734	CP000254.1/1244505-1244443	True	True	NA	NA
RF01734	CP000270.1/1757402-1757341	True	True	NA	NA
RF01734	CP000319.1/1049491-1049431	True	True	NA	NA
RF01734	CP000319.1/237736-237676	True	True	NA	NA
RF01734	CP000325.1/3045327-3045401	True	True	NA	NA
RF01734	CP000358.2/504027-504091	True	True	NA	NA
RF01734	CP000360.1/3066978-3066906	True	True	NA	NA
RF01734	CP000413.1/1279279-1279217	True	True	NA	NA
RF01734	CP000413.1/283109-283169	True	True	NA	NA
RF01734	CP000423.1/2429871-2429817	True	True	NA	NA
RF01734	CP000423.1/2430592-2430656	True	True	NA	NA
RF01734	CP000438.1/5078189-5078127	True	True	NA	NA
RF01734	CP000478.1/3591388-3591322	True	True	NA	NA
RF01734	CP000481.1/804142-804061	True	True	NA	NA
RF01734	CP000481.1/805841-805902	True	True	NA	NA
RF01734	CP000485.1/4850198-4850257	True	True	NA	NA
RF01734	CP000517.1/1061364-1061422	True	True	NA	NA
RF01734	CP000525.1/1388196-1388262	True	True	NA	NA
RF01734	CP000545.1/1653068-1653134	True	True	NA	NA
RF01734	CP000547.1/225172-225238	True	True	NA	NA
RF01734	CP000557.1/2739339-2739277	True	True	NA	NA
RF01734	CP000568.1/234427-234485	True	True	NA	NA
RF01734	CP000605.1/969434-969503	True	True	NA	NA
RF01734	CP000650.1/81552-81622	True	True	NA	NA
RF01734	CP000668.1/3010272-3010335	True	True	NA	NA
RF01734	CP000678.1/1167738-1167808	True	True	NA	NA
RF01734	CP000679.1/782565-782643	True	True	NA	NA
RF01734	CP000682.1/1397941-1398019	True	True	NA	NA
RF01734	CP000697.1/351714-351653	True	True	NA	NA
RF01734	CP000697.1/677221-677283	True	True	NA	NA
RF01734	CP000702.1/1794817-1794880	True	True	NA	NA
RF01734	CP000724.1/4518368-4518305	True	True	NA	NA
RF01734	CP000744.1/5109630-5109568	True	True	NA	NA
RF01734	CP000759.1/989075-989138	True	True	NA	NA
RF01734	CP000764.1/3708919-3708978	True	True	NA	NA
RF01734	CP000780.1/914829-914764	True	True	NA	NA
RF01734	CP000780.1/914945-915010	True	True	NA	NA
RF01734	CP000789.1/3337036-3337110	True	True	NA	NA
RF01734	CP000812.1/982299-982238	True	True	NA	NA
RF01734	CP000822.1/1409469-1409541	True	True	NA	NA
RF01734	CP000822.1/1484941-1485003	True	True	NA	NA
RF01734	CP000822.1/1490183-1490109	True	True	NA	NA
RF01734	CP000826.1/1310091-1310029	True	True	NA	NA
RF01734	CP000853.1/1242223-1242295	True	True	NA	NA
RF01734	CP000854.1/4256142-4256216	True	True	NA	NA
RF01734	CP000855.1/737518-737592	True	True	NA	NA
RF01734	CP000859.1/3573766-3573832	True	True	NA	NA
RF01734	CP000863.1/439864-439930	True	True	NA	NA
RF01734	CP000884.1/1926512-1926446	True	True	NA	NA
RF01734	CP000884.1/3908908-3908971	True	True	NA	NA
RF01734	CP000885.1/3806199-3806127	True	True	NA	NA
RF01734	CP000903.1/4869306-4869365	True	True	NA	NA
RF01734	CP000923.1/40525-40583	True	True	NA	NA
RF01734	CP000924.1/2271016-2270957	True	True	NA	NA
RF01734	CP000930.2/1203106-1203045	True	True	NA	NA
RF01734	CP000943.1/4458865-4458926	True	True	NA	NA
RF01734	CP000950.1/3331346-3331409	True	True	NA	NA
RF01734	CP000957.1/84698-84619	True	True	NA	NA
RF01734	CP000967.1/2767544-2767620	True	True	NA	NA
RF01734	CP000975.1/1993796-1993891	True	True	NA	NA
RF01734	CP000975.1/1995740-1995815	True	True	NA	NA
RF01734	CP001001.1/4759637-4759698	True	True	NA	NA
RF01734	CP001034.1/285558-285483	True	True	NA	NA
RF01734	CP001043.1/2012557-2012617	True	True	NA	NA
RF01734	CP001052.1/1800329-1800268	True	True	NA	NA
RF01734	CP001052.1/4147651-4147580	True	True	NA	NA
RF01734	CP001069.1/247334-247411	True	True	NA	NA
RF01734	CP001078.1/1342444-1342385	True	True	NA	NA
RF01734	CP001111.1/1611287-1611224	True	True	NA	NA
RF01734	CP001130.1/516815-516883	True	True	NA	NA
RF01734	CP001130.1/523442-523357	True	True	NA	NA
RF01734	CP001132.1/2508708-2508771	True	True	NA	NA
RF01734	CP001133.1/1365444-1365379	True	True	NA	NA
RF01734	CP001139.1/34842-34908	True	True	NA	NA
RF01734	CP001146.1/51886-51949	True	True	NA	NA
RF01734	CP001147.1/1737215-1737284	True	True	NA	NA
RF01734	CP001176.1/5025071-5025130	True	True	NA	NA
RF01734	CP001177.1/4829881-4829940	True	True	NA	NA
RF01734	CP001186.1/4973458-4973517	True	True	NA	NA
RF01734	CP001189.1/2909225-2909147	True	True	NA	NA
RF01734	CP001196.1/1408427-1408488	True	True	NA	NA
RF01734	CP001215.1/4826181-4826240	True	True	NA	NA
RF01734	CP001283.1/4890016-4890075	True	True	NA	NA
RF01734	CP001337.1/1659433-1659494	True	True	NA	NA
RF01734	CP001364.1/429603-429664	True	True	NA	NA
RF01734	CP001407.1/4853207-4853266	True	True	NA	NA
RF01734	CP001598.1/4823759-4823818	True	True	NA	NA
RF01734	CP001638.1/886398-886457	True	True	NA	NA
RF01734	CP001656.1/4006535-4006595	True	True	NA	NA
RF01734	CP001793.1/4378898-4378958	True	True	NA	NA
RF01734	CP002222.1/1678154-1678089	True	True	NA	NA
RF01734	CP002372.1/388527-388452	True	True	NA	NA
RF01734	CP002952.1/944770-944695	True	True	NA	NA
RF01734	CR378667.1/326415-326332	True	True	NA	NA
RF01734	CR543861.1/406046-406112	True	True	NA	NA
RF01734	CT573326.1/3719897-3719836	True	True	NA	NA
RF01734	CU458896.1/2498027-2498099	True	True	NA	NA
RF01734	CU459141.1/3434387-3434321	True	True	NA	NA
RF01734	CU468135.1/2891609-2891537	True	True	NA	NA
RF01734	CU468230.2/2879674-2879608	True	True	NA	NA
RF01734	CU695240.1/565243-565309	True	True	NA	NA
RF01734	CU914166.1/1142118-1142184	True	True	NA	NA
RF01734	FM177140.1/2570801-2570747	True	True	NA	NA
RF01734	FM177140.1/2571522-2571586	True	True	NA	NA
RF01734	FM178380.1/1142244-1142180	True	True	NA	NA
RF01734	FM209186.1/5248344-5248282	True	True	NA	NA
RF01734	FM954972.2/699217-699134	True	True	NA	NA
RF01734	FP929050.1/1488806-1488733	True	True	NA	NA
RF01734	L39876.1/4762-4825	True	True	NA	NA
RF01734	URS000080E2F0_93929/1-52	True	True	3VRS_A_SS;4EN5_A_SS;4ENA_A_SS;4ENB_A_SS;4ENC_A_SS	3VRS_A_SS;4EN5_A_SS;4ENA_A_SS;4ENB_A_SS;4ENC_A_SS
RF01734	URS0000BC4686_32630/1-47	True	True	5KH8_A_SS	5KH8_A_SS
RF01734	URS0000BE2F48_12908/1-100	True	True	NA	NA
RF01734	URS0000BE3AD7_261386/1-72	True	True	NA	NA
RF01734	URS0000BF2031_12908/1-71	True	True	NA	NA
RF01734	URS0000BF244E_12908/1-67	True	True	NA	NA
RF01734	URS0000BF4FF7_12908/1-71	True	True	NA	NA
RF01734	URS0000BFD710_12908/1-70	True	True	NA	NA
RF01739	AACY020000274.1/383-329	True	True	NA	NA
RF01739	AACY020001711.1/3605-3667	True	True	NA	NA
RF01739	AACY020013751.1/1778-1725	True	True	NA	NA
RF01739	AACY020016022.1/137-85	True	True	NA	NA
RF01739	AACY020016022.1/192-141	True	True	NA	NA
RF01739	AACY020016584.1/1235-1297	True	True	NA	NA
RF01739	AACY020025239.1/2914-2867	True	True	NA	NA
RF01739	AACY020027094.1/410-362	True	True	NA	NA
RF01739	AACY020032680.1/219-166	True	True	NA	NA
RF01739	AACY020034953.1/1566-1629	True	True	NA	NA
RF01739	AACY020034973.1/2040-1979	True	True	NA	NA
RF01739	AACY020035461.1/1291-1345	True	True	NA	NA
RF01739	AACY020039026.1/3602-3653	True	True	NA	NA
RF01739	AACY020039026.1/3657-3709	True	True	NA	NA
RF01739	AACY020039042.1/426-478	True	True	NA	NA
RF01739	AACY020039042.1/482-534	True	True	NA	NA
RF01739	AACY020042403.1/1204-1151	True	True	NA	NA
RF01739	AACY020042403.1/1270-1217	True	True	NA	NA
RF01739	AACY020047278.1/646-693	True	True	NA	NA
RF01739	AACY020050352.1/2916-2863	True	True	NA	NA
RF01739	AACY020055407.1/290-240	True	True	NA	NA
RF01739	AACY020059928.1/1227-1277	True	True	NA	NA
RF01739	AACY020061925.1/1003-1053	True	True	NA	NA
RF01739	AACY020061925.1/1057-1109	True	True	NA	NA
RF01739	AACY020065288.1/1626-1680	True	True	NA	NA
RF01739	AACY020065980.1/2516-2453	True	True	NA	NA
RF01739	AACY020066766.1/2107-2054	True	True	NA	NA
RF01739	AACY020066766.1/2162-2111	True	True	NA	NA
RF01739	AACY020070556.1/2396-2448	True	True	NA	NA
RF01739	AACY020070556.1/2461-2516	True	True	NA	NA
RF01739	AACY020074155.1/1580-1526	True	True	NA	NA
RF01739	AACY020074155.1/1646-1593	True	True	NA	NA
RF01739	AACY020078007.1/1062-1010	True	True	NA	NA
RF01739	AACY020078007.1/998-944	True	True	NA	NA
RF01739	AACY020078853.1/246-296	True	True	NA	NA
RF01739	AACY020078853.1/300-352	True	True	NA	NA
RF01739	AACY020083435.1/1042-987	True	True	NA	NA
RF01739	AACY020084674.1/1398-1344	True	True	NA	NA
RF01739	AACY020091056.1/1924-1870	True	True	NA	NA
RF01739	AACY020091056.1/1992-1937	True	True	NA	NA
RF01739	AACY020094250.1/485-531	True	True	NA	NA
RF01739	AACY020096225.1/446-392	True	True	NA	NA
RF01739	AACY020101836.1/1327-1222	True	True	NA	NA
RF01739	AACY020106880.1/29-81	True	True	NA	NA
RF01739	AACY020116233.1/50-104	True	True	NA	NA
RF01739	AACY020117051.1/1198-1249	True	True	NA	NA
RF01739	AACY020123372.1/1977-2040	True	True	NA	NA
RF01739	AACY020123372.1/2041-2093	True	True	NA	NA
RF01739	AACY020132250.1/2937-2987	True	True	NA	NA
RF01739	AACY020132250.1/2989-3039	True	True	NA	NA
RF01739	AACY020133097.1/1416-1466	True	True	NA	NA
RF01739	AACY020134078.1/141-91	True	True	NA	NA
RF01739	AACY020134078.1/210-160	True	True	NA	NA
RF01739	AACY020134078.1/262-212	True	True	NA	NA
RF01739	AACY020135087.1/1498-1558	True	True	NA	NA
RF01739	AACY020135087.1/1559-1611	True	True	NA	NA
RF01739	AACY020141842.1/1386-1335	True	True	NA	NA
RF01739	AACY020141842.1/1458-1406	True	True	NA	NA
RF01739	AACY020142594.1/4369-4319	True	True	NA	NA
RF01739	AACY020142594.1/4421-4371	True	True	NA	NA
RF01739	AACY020147734.1/1525-1476	True	True	NA	NA
RF01739	AACY020151967.1/136-81	True	True	NA	NA
RF01739	AACY020151967.1/2109-2053	True	True	NA	NA
RF01739	AACY020151967.1/2177-2122	True	True	NA	NA
RF01739	AACY020151967.1/68-14	True	True	NA	NA
RF01739	AACY020152915.1/1984-1930	True	True	NA	NA
RF01739	AACY020152915.1/2051-1995	True	True	NA	NA
RF01739	AACY020155181.1/1032-1082	True	True	NA	NA
RF01739	AACY020157868.1/334-389	True	True	NA	NA
RF01739	AACY020157868.1/401-455	True	True	NA	NA
RF01739	AACY020158276.1/1001-941	True	True	NA	NA
RF01739	AACY020160526.1/997-1046	True	True	NA	NA
RF01739	AACY020164575.1/1649-1600	True	True	NA	NA
RF01739	AACY020188747.1/1165-1120	True	True	NA	NA
RF01739	AACY020192141.1/120-65	True	True	NA	NA
RF01739	AACY020192141.1/2094-2039	True	True	NA	NA
RF01739	AACY020192141.1/2161-2107	True	True	NA	NA
RF01739	AACY020200469.1/1034-971	True	True	NA	NA
RF01739	AACY020200469.1/970-918	True	True	NA	NA
RF01739	AACY020203238.1/1485-1532	True	True	NA	NA
RF01739	AACY020208065.1/308-212	True	True	NA	NA
RF01739	AACY020209947.1/232-287	True	True	NA	NA
RF01739	AACY020209947.1/299-354	True	True	NA	NA
RF01739	AACY020210349.1/1813-1757	True	True	NA	NA
RF01739	AACY020210349.1/1880-1826	True	True	NA	NA
RF01739	AACY020210502.1/370-316	True	True	NA	NA
RF01739	AACY020210502.1/438-383	True	True	NA	NA
RF01739	AACY020212356.1/1530-1480	True	True	NA	NA
RF01739	AACY020212401.1/327-379	True	True	NA	NA
RF01739	AACY020214273.1/1267-1172	True	True	NA	NA
RF01739	AACY020214857.1/1668-1621	True	True	NA	NA
RF01739	AACY020215859.1/578-527	True	True	NA	NA
RF01739	AACY020215859.1/650-598	True	True	NA	NA
RF01739	AACY020215975.1/332-285	True	True	NA	NA
RF01739	AACY020216610.1/530-480	True	True	NA	NA
RF01739	AACY020220361.1/510-560	True	True	NA	NA
RF01739	AACY020223595.1/743-690	True	True	NA	NA
RF01739	AACY020223595.1/812-762	True	True	NA	NA
RF01739	AACY020223595.1/864-814	True	True	NA	NA
RF01739	AACY020228028.1/1238-1290	True	True	NA	NA
RF01739	AACY020228028.1/1309-1361	True	True	NA	NA
RF01739	AACY020229567.1/124-51	True	True	NA	NA
RF01739	AACY020232024.1/232-286	True	True	NA	NA
RF01739	AACY020232024.1/305-357	True	True	NA	NA
RF01739	AACY020232172.1/1639-1584	True	True	NA	NA
RF01739	AACY020232172.1/1706-1652	True	True	NA	NA
RF01739	AACY020233904.1/1236-1180	True	True	NA	NA
RF01739	AACY020233904.1/1301-1249	True	True	NA	NA
RF01739	AACY020234329.1/321-269	True	True	NA	NA
RF01739	AACY020234329.1/394-340	True	True	NA	NA
RF01739	AACY020235333.1/134-79	True	True	NA	NA
RF01739	AACY020235333.1/201-147	True	True	NA	NA
RF01739	AACY020236614.1/876-926	True	True	NA	NA
RF01739	AACY020236614.1/928-978	True	True	NA	NA
RF01739	AACY020237209.1/884-811	True	True	NA	NA
RF01739	AACY020237494.1/318-391	True	True	NA	NA
RF01739	AACY020240095.1/3686-3749	True	True	NA	NA
RF01739	AACY020240095.1/3750-3802	True	True	NA	NA
RF01739	AACY020240685.1/377-327	True	True	NA	NA
RF01739	AACY020248472.1/2303-2362	True	True	NA	NA
RF01739	AACY020250641.1/1754-1709	True	True	NA	NA
RF01739	AACY020250855.1/439-389	True	True	NA	NA
RF01739	AACY020263130.1/153-99	True	True	NA	NA
RF01739	AACY020264949.1/673-617	True	True	NA	NA
RF01739	AACY020264949.1/738-686	True	True	NA	NA
RF01739	AACY020266601.1/1180-1128	True	True	NA	NA
RF01739	AACY020273812.1/1271-1334	True	True	NA	NA
RF01739	AACY020273812.1/1347-1407	True	True	NA	NA
RF01739	AACY020280405.1/1415-1365	True	True	NA	NA
RF01739	AACY020280406.1/573-635	True	True	NA	NA
RF01739	AACY020284050.1/683-746	True	True	NA	NA
RF01739	AACY020284050.1/747-799	True	True	NA	NA
RF01739	AACY020287182.1/522-470	True	True	NA	NA
RF01739	AACY020287182.1/586-523	True	True	NA	NA
RF01739	AACY020289447.1/802-747	True	True	NA	NA
RF01739	AACY020289447.1/869-815	True	True	NA	NA
RF01739	AACY020290039.1/916-970	True	True	NA	NA
RF01739	AACY020290181.1/1346-1409	True	True	NA	NA
RF01739	AACY020290181.1/1410-1462	True	True	NA	NA
RF01739	AACY020315100.1/860-808	True	True	NA	NA
RF01739	AACY020315100.1/933-879	True	True	NA	NA
RF01739	AACY020315878.1/979-931	True	True	NA	NA
RF01739	AACY020318127.1/532-580	True	True	NA	NA
RF01739	AACY020324288.1/1156-1104	True	True	NA	NA
RF01739	AACY020324288.1/1229-1175	True	True	NA	NA
RF01739	AACY020329574.1/151-203	True	True	NA	NA
RF01739	AACY020329574.1/76-132	True	True	NA	NA
RF01739	AACY020330816.1/316-370	True	True	NA	NA
RF01739	AACY020330816.1/389-441	True	True	NA	NA
RF01739	AACY020330959.1/663-618	True	True	NA	NA
RF01739	AACY020331357.1/1285-1339	True	True	NA	NA
RF01739	AACY020331357.1/1358-1410	True	True	NA	NA
RF01739	AACY020332481.1/755-808	True	True	NA	NA
RF01739	AACY020332580.1/786-655	True	True	NA	NA
RF01739	AACY020334651.1/707-654	True	True	NA	NA
RF01739	AACY020334651.1/776-726	True	True	NA	NA
RF01739	AACY020334651.1/828-778	True	True	NA	NA
RF01739	AACY020338589.1/193-243	True	True	NA	NA
RF01739	AACY020338589.1/245-295	True	True	NA	NA
RF01739	AACY020338589.1/314-367	True	True	NA	NA
RF01739	AACY020346740.1/174-231	True	True	NA	NA
RF01739	AACY020348046.1/34-87	True	True	NA	NA
RF01739	AACY020348126.1/16-72	True	True	NA	NA
RF01739	AACY020353363.1/909-964	True	True	NA	NA
RF01739	AACY020353363.1/977-1031	True	True	NA	NA
RF01739	AACY020362314.1/1080-1026	True	True	NA	NA
RF01739	AACY020363512.1/1217-1271	True	True	NA	NA
RF01739	AACY020363512.1/1284-1340	True	True	NA	NA
RF01739	AACY020365577.1/386-334	True	True	NA	NA
RF01739	AACY020369125.1/2096-1954	True	True	NA	NA
RF01739	AACY020369453.1/479-531	True	True	NA	NA
RF01739	AACY020369453.1/551-602	True	True	NA	NA
RF01739	AACY020374393.1/1223-1168	True	True	NA	NA
RF01739	AACY020376888.1/119-175	True	True	NA	NA
RF01739	AACY020376888.1/188-242	True	True	NA	NA
RF01739	AACY020382879.1/268-217	True	True	NA	NA
RF01739	AACY020382879.1/340-288	True	True	NA	NA
RF01739	AACY020385429.1/505-455	True	True	NA	NA
RF01739	AACY020387692.1/419-478	True	True	NA	NA
RF01739	AACY020388700.1/1545-1494	True	True	NA	NA
RF01739	AACY020388700.1/1617-1565	True	True	NA	NA
RF01739	AACY020388886.1/777-836	True	True	NA	NA
RF01739	AACY020388886.1/849-901	True	True	NA	NA
RF01739	AACY020389036.1/1135-1187	True	True	NA	NA
RF01739	AACY020389036.1/1200-1255	True	True	NA	NA
RF01739	AACY020389322.1/915-772	True	True	NA	NA
RF01739	AACY020392098.1/1276-1328	True	True	NA	NA
RF01739	AACY020394557.1/1138-1188	True	True	NA	NA
RF01739	AACY020394557.1/1190-1239	True	True	NA	NA
RF01739	AACY020396882.1/757-816	True	True	NA	NA
RF01739	AACY020396882.1/829-878	True	True	NA	NA
RF01739	AACY020396928.1/115-168	True	True	NA	NA
RF01739	AACY020399442.1/4403-4350	True	True	NA	NA
RF01739	AACY020399464.1/780-842	True	True	NA	NA
RF01739	AACY020399464.1/855-915	True	True	NA	NA
RF01739	AACY020400000.1/777-827	True	True	NA	NA
RF01739	AACY020400000.1/829-879	True	True	NA	NA
RF01739	AACY020400000.1/898-951	True	True	NA	NA
RF01739	AACY020401044.1/5-65	True	True	NA	NA
RF01739	AACY020401044.1/66-118	True	True	NA	NA
RF01739	AACY020402636.1/1170-1228	True	True	NA	NA
RF01739	AACY020411127.1/1629-1524	True	True	NA	NA
RF01739	AACY020411502.1/323-380	True	True	NA	NA
RF01739	AACY020411740.1/25-75	True	True	NA	NA
RF01739	AACY020413443.1/1222-1165	True	True	NA	NA
RF01739	AACY020414407.1/995-1052	True	True	NA	NA
RF01739	AACY020414671.1/2603-2498	True	True	NA	NA
RF01739	AACY020416756.1/1664-1720	True	True	NA	NA
RF01739	AACY020416756.1/1739-1791	True	True	NA	NA
RF01739	AACY020419699.1/403-465	True	True	NA	NA
RF01739	AACY020419699.1/478-538	True	True	NA	NA
RF01739	AACY020424567.1/1235-1287	True	True	NA	NA
RF01739	AACY020424567.1/1306-1358	True	True	NA	NA
RF01739	AACY020425839.1/362-414	True	True	NA	NA
RF01739	AACY020425839.1/427-482	True	True	NA	NA
RF01739	AACY020428011.1/1689-1638	True	True	NA	NA
RF01739	AACY020428011.1/1761-1709	True	True	NA	NA
RF01739	AACY020428281.1/2388-2331	True	True	NA	NA
RF01739	AACY020428429.1/870-817	True	True	NA	NA
RF01739	AACY020428429.1/939-889	True	True	NA	NA
RF01739	AACY020428429.1/991-941	True	True	NA	NA
RF01739	AACY020428904.1/128-179	True	True	NA	NA
RF01739	AACY020428904.1/56-108	True	True	NA	NA
RF01739	AACY020437548.1/1443-1393	True	True	NA	NA
RF01739	AACY020439894.1/2209-2267	True	True	NA	NA
RF01739	AACY020440890.1/936-994	True	True	NA	NA
RF01739	AACY020443307.1/1766-1818	True	True	NA	NA
RF01739	AACY020443307.1/1821-1873	True	True	NA	NA
RF01739	AACY020443434.1/284-409	True	True	NA	NA
RF01739	AACY020443845.1/3224-3276	True	True	NA	NA
RF01739	AACY020443845.1/3289-3345	True	True	NA	NA
RF01739	AACY020445308.1/1001-1059	True	True	NA	NA
RF01739	AACY020445308.1/1072-1126	True	True	NA	NA
RF01739	AACY020450414.1/979-851	True	True	NA	NA
RF01739	AACY020455148.1/219-271	True	True	NA	NA
RF01739	AACY020456021.1/49-101	True	True	NA	NA
RF01739	AACY020458048.1/622-572	True	True	NA	NA
RF01739	AACY020462106.1/1348-1400	True	True	NA	NA
RF01739	AACY020466052.1/1039-901	True	True	NA	NA
RF01739	AACY020466332.1/944-896	True	True	NA	NA
RF01739	AACY020469105.1/599-649	True	True	NA	NA
RF01739	AACY020471289.1/1134-1183	True	True	NA	NA
RF01739	AACY020473249.1/101-156	True	True	NA	NA
RF01739	AACY020473531.1/2284-2334	True	True	NA	NA
RF01739	AACY020476800.1/1958-1908	True	True	NA	NA
RF01739	AACY020477826.1/1858-1912	True	True	NA	NA
RF01739	AACY020477826.1/1925-1980	True	True	NA	NA
RF01739	AACY020479336.1/53-3	True	True	NA	NA
RF01739	AACY020481299.1/662-714	True	True	NA	NA
RF01739	AACY020481299.1/727-783	True	True	NA	NA
RF01739	AACY020482819.1/233-180	True	True	NA	NA
RF01739	AACY020494598.1/250-300	True	True	NA	NA
RF01739	AACY020494819.1/354-304	True	True	NA	NA
RF01739	AACY020497055.1/1142-1194	True	True	NA	NA
RF01739	AACY020497055.1/1213-1265	True	True	NA	NA
RF01739	AACY020498371.1/1365-1313	True	True	NA	NA
RF01739	AACY020498371.1/1424-1369	True	True	NA	NA
RF01739	AACY020502525.1/286-234	True	True	NA	NA
RF01739	AACY020502525.1/359-305	True	True	NA	NA
RF01739	AACY020502872.1/936-874	True	True	NA	NA
RF01739	AACY020505432.1/55-105	True	True	NA	NA
RF01739	AACY020505512.1/1004-951	True	True	NA	NA
RF01739	AACY020505512.1/1073-1023	True	True	NA	NA
RF01739	AACY020505512.1/1125-1075	True	True	NA	NA
RF01739	AACY020507360.1/1227-1177	True	True	NA	NA
RF01739	AACY020507668.1/916-967	True	True	NA	NA
RF01739	AACY020507668.1/980-1038	True	True	NA	NA
RF01739	AACY020508420.1/937-987	True	True	NA	NA
RF01739	AACY020509663.1/287-237	True	True	NA	NA
RF01739	AACY020514091.1/817-871	True	True	NA	NA
RF01739	AACY020514091.1/890-942	True	True	NA	NA
RF01739	AACY020517659.1/1035-1087	True	True	NA	NA
RF01739	AACY020517659.1/979-1031	True	True	NA	NA
RF01739	AACY020529410.1/5650-5725	True	True	NA	NA
RF01739	AACY020530594.1/1891-1816	True	True	NA	NA
RF01739	AACY020542192.1/2127-2180	True	True	NA	NA
RF01739	AACY020553108.1/6925-6975	True	True	NA	NA
RF01739	AACY020555684.1/2430-2484	True	True	NA	NA
RF01739	AACY020555684.1/2503-2555	True	True	NA	NA
RF01739	AACY020555885.1/2520-2467	True	True	NA	NA
RF01739	AACY020555885.1/2589-2539	True	True	NA	NA
RF01739	AACY020555885.1/2641-2591	True	True	NA	NA
RF01739	AACY020556514.1/1195-1142	True	True	NA	NA
RF01739	AACY020557063.1/1787-1732	True	True	NA	NA
RF01739	AACY020557063.1/1854-1800	True	True	NA	NA
RF01739	AACY020557518.1/854-804	True	True	NA	NA
RF01739	AACY020557797.1/2401-2458	True	True	NA	NA
RF01739	AACY020558260.1/221-140	True	True	NA	NA
RF01739	AACY020562190.1/8543-8595	True	True	NA	NA
RF01739	AACY020563270.1/1088-1036	True	True	NA	NA
RF01739	AACY020563270.1/1163-1107	True	True	NA	NA
RF01739	AACY020563764.1/2530-2478	True	True	NA	NA
RF01739	AACY020563764.1/2605-2549	True	True	NA	NA
RF01739	AACY020564601.1/2573-2523	True	True	NA	NA
RF01739	AACY020564601.1/2625-2575	True	True	NA	NA
RF01739	AACY020564829.1/2206-2256	True	True	NA	NA
RF01739	AACY020564829.1/2258-2308	True	True	NA	NA
RF01739	AACY020564829.1/2327-2380	True	True	NA	NA
RF01739	AACY020570891.1/175-121	True	True	NA	NA
RF01739	AACY020570891.1/242-187	True	True	NA	NA
RF01739	AACY020592216.1/308-243	True	True	NA	NA
RF01739	AACY020594496.1/838-888	True	True	NA	NA
RF01739	AACY020596620.1/143-197	True	True	NA	NA
RF01739	AACY020596620.1/75-130	True	True	NA	NA
RF01739	AACY020630404.1/110-50	True	True	NA	NA
RF01739	AACY020635629.1/100-48	True	True	NA	NA
RF01739	AACY020697594.1/342-285	True	True	NA	NA
RF01739	AACY020701840.1/541-588	True	True	NA	NA
RF01739	AACY020742811.1/338-286	True	True	NA	NA
RF01739	AACY020742811.1/396-342	True	True	NA	NA
RF01739	AACY020763994.1/168-217	True	True	NA	NA
RF01739	AACY020766012.1/637-583	True	True	NA	NA
RF01739	AACY020766012.1/704-649	True	True	NA	NA
RF01739	AACY020783410.1/858-804	True	True	NA	NA
RF01739	AACY020783410.1/926-871	True	True	NA	NA
RF01739	AACY020795282.1/440-570	True	True	NA	NA
RF01739	AACY020803240.1/308-256	True	True	NA	NA
RF01739	AACY020830136.1/470-531	True	True	NA	NA
RF01739	AACY020830136.1/544-598	True	True	NA	NA
RF01739	AACY020880957.1/394-444	True	True	NA	NA
RF01739	AACY020884354.1/284-231	True	True	NA	NA
RF01739	AACY020889107.1/530-476	True	True	NA	NA
RF01739	AACY020900317.1/189-142	True	True	NA	NA
RF01739	AACY020907559.1/603-660	True	True	NA	NA
RF01739	AACY020912192.1/748-800	True	True	NA	NA
RF01739	AACY020938992.1/540-595	True	True	NA	NA
RF01739	AACY020938992.1/607-661	True	True	NA	NA
RF01739	AACY020962165.1/104-52	True	True	NA	NA
RF01739	AACY020962165.1/175-117	True	True	NA	NA
RF01739	AACY020977974.1/529-472	True	True	NA	NA
RF01739	AACY020986353.1/354-296	True	True	NA	NA
RF01739	AACY020986353.1/419-367	True	True	NA	NA
RF01739	AACY020990484.1/907-856	True	True	NA	NA
RF01739	AACY021012785.1/619-669	True	True	NA	NA
RF01739	AACY021012785.1/671-720	True	True	NA	NA
RF01739	AACY021037897.1/96-150	True	True	NA	NA
RF01739	AACY021041201.1/645-697	True	True	NA	NA
RF01739	AACY021066889.1/623-569	True	True	NA	NA
RF01739	AACY021066889.1/690-635	True	True	NA	NA
RF01739	AACY021067381.1/688-626	True	True	NA	NA
RF01739	AACY021090368.1/351-270	True	True	NA	NA
RF01739	AACY021091523.1/213-266	True	True	NA	NA
RF01739	AACY021091523.1/279-332	True	True	NA	NA
RF01739	AACY021092125.1/721-616	True	True	NA	NA
RF01739	AACY021097822.1/333-388	True	True	NA	NA
RF01739	AACY021097822.1/401-456	True	True	NA	NA
RF01739	AACY021104451.1/221-174	True	True	NA	NA
RF01739	AACY021112096.1/9-58	True	True	NA	NA
RF01739	AACY021113899.1/734-785	True	True	NA	NA
RF01739	AACY021138991.1/467-522	True	True	NA	NA
RF01739	AACY021138991.1/535-589	True	True	NA	NA
RF01739	AACY021141249.1/378-436	True	True	NA	NA
RF01739	AACY021146080.1/302-254	True	True	NA	NA
RF01739	AACY021167380.1/134-189	True	True	NA	NA
RF01739	AACY021167380.1/201-255	True	True	NA	NA
RF01739	AACY021171418.1/103-54	True	True	NA	NA
RF01739	AACY021182484.1/381-326	True	True	NA	NA
RF01739	AACY021182484.1/448-394	True	True	NA	NA
RF01739	AACY021190992.1/121-175	True	True	NA	NA
RF01739	AACY021190992.1/188-242	True	True	NA	NA
RF01739	AACY021192611.1/379-425	True	True	NA	NA
RF01739	AACY021233376.1/200-252	True	True	NA	NA
RF01739	AACY021241356.1/534-486	True	True	NA	NA
RF01739	AACY021241723.1/233-283	True	True	NA	NA
RF01739	AACY021251278.1/319-370	True	True	NA	NA
RF01739	AACY021251278.1/383-440	True	True	NA	NA
RF01739	AACY021252411.1/838-791	True	True	NA	NA
RF01739	AACY021255706.1/321-272	True	True	NA	NA
RF01739	AACY021258419.1/501-453	True	True	NA	NA
RF01739	AACY021267397.1/434-486	True	True	NA	NA
RF01739	AACY021276613.1/384-324	True	True	NA	NA
RF01739	AACY021276613.1/459-397	True	True	NA	NA
RF01739	AACY021278176.1/388-442	True	True	NA	NA
RF01739	AACY021278176.1/444-507	True	True	NA	NA
RF01739	AACY021281822.1/314-365	True	True	NA	NA
RF01739	AACY021281822.1/369-422	True	True	NA	NA
RF01739	AACY021286276.1/327-277	True	True	NA	NA
RF01739	AACY021294965.1/733-791	True	True	NA	NA
RF01739	AACY021294965.1/804-854	True	True	NA	NA
RF01739	AACY021302428.1/187-138	True	True	NA	NA
RF01739	AACY021334105.1/365-315	True	True	NA	NA
RF01739	AACY021334105.1/438-378	True	True	NA	NA
RF01739	AACY021347722.1/342-294	True	True	NA	NA
RF01739	AACY021363006.1/402-353	True	True	NA	NA
RF01739	AACY021364711.1/3-106	True	True	NA	NA
RF01739	AACY021376510.1/251-199	True	True	NA	NA
RF01739	AACY021378359.1/156-287	True	True	NA	NA
RF01739	AACY021390959.1/810-861	True	True	NA	NA
RF01739	AACY021390959.1/865-918	True	True	NA	NA
RF01739	AACY021391528.1/593-646	True	True	NA	NA
RF01739	AACY021396263.1/541-596	True	True	NA	NA
RF01739	AACY021396263.1/609-663	True	True	NA	NA
RF01739	AACY021402648.1/672-624	True	True	NA	NA
RF01739	AACY021423025.1/251-305	True	True	NA	NA
RF01739	AACY021423025.1/318-373	True	True	NA	NA
RF01739	AACY021426488.1/166-116	True	True	NA	NA
RF01739	AACY021448544.1/508-458	True	True	NA	NA
RF01739	AACY021451657.1/180-230	True	True	NA	NA
RF01739	AACY021451918.1/661-712	True	True	NA	NA
RF01739	AACY021486302.1/170-226	True	True	NA	NA
RF01739	AACY021486302.1/238-293	True	True	NA	NA
RF01739	AACY021505351.1/797-748	True	True	NA	NA
RF01739	AACY021524998.1/714-771	True	True	NA	NA
RF01739	AACY021528051.1/874-824	True	True	NA	NA
RF01739	AACY021531642.1/147-98	True	True	NA	NA
RF01739	AACY021539475.1/694-640	True	True	NA	NA
RF01739	AACY021541586.1/234-180	True	True	NA	NA
RF01739	AACY021541586.1/301-246	True	True	NA	NA
RF01739	AACY021551130.1/700-647	True	True	NA	NA
RF01739	AACY021577843.1/473-532	True	True	NA	NA
RF01739	AACY021577843.1/545-598	True	True	NA	NA
RF01739	AACY021585159.1/62-3	True	True	NA	NA
RF01739	AACY021601485.1/472-420	True	True	NA	NA
RF01739	AACY021614818.1/456-399	True	True	NA	NA
RF01739	AACY021620531.1/481-431	True	True	NA	NA
RF01739	AACY021623722.1/358-413	True	True	NA	NA
RF01739	AACY021623722.1/425-479	True	True	NA	NA
RF01739	AACY021624876.1/183-229	True	True	NA	NA
RF01739	AACY021624958.1/932-883	True	True	NA	NA
RF01739	AACY021626373.1/738-687	True	True	NA	NA
RF01739	AACY021666686.1/204-257	True	True	NA	NA
RF01739	AACY021669684.1/506-562	True	True	NA	NA
RF01739	AACY021669684.1/575-629	True	True	NA	NA
RF01739	AACY021674813.1/801-750	True	True	NA	NA
RF01739	AACY021702671.1/742-687	True	True	NA	NA
RF01739	AACY021702671.1/811-755	True	True	NA	NA
RF01739	AACY021720846.1/116-59	True	True	NA	NA
RF01739	AACY021720846.1/185-129	True	True	NA	NA
RF01739	AACY021726409.1/435-381	True	True	NA	NA
RF01739	AACY021736986.1/182-231	True	True	NA	NA
RF01739	AACY021757996.1/786-841	True	True	NA	NA
RF01739	AACY021757996.1/853-908	True	True	NA	NA
RF01739	AACY021760230.1/244-194	True	True	NA	NA
RF01739	AACY021760230.1/315-257	True	True	NA	NA
RF01739	AACY021768549.1/729-784	True	True	NA	NA
RF01739	AACY021769560.1/20-70	True	True	NA	NA
RF01739	AACY021769560.1/74-126	True	True	NA	NA
RF01739	AACY021784107.1/103-51	True	True	NA	NA
RF01739	AACY021804470.1/673-738	True	True	NA	NA
RF01739	AACY021804470.1/751-808	True	True	NA	NA
RF01739	AACY021804600.1/576-692	True	True	NA	NA
RF01739	AACY021808171.1/254-201	True	True	NA	NA
RF01739	AACY021808171.1/320-267	True	True	NA	NA
RF01739	AACY021814745.1/474-524	True	True	NA	NA
RF01739	AACY021818001.1/757-703	True	True	NA	NA
RF01739	AACY021827325.1/774-826	True	True	NA	NA
RF01739	AACY021837236.1/468-417	True	True	NA	NA
RF01739	AACY021843513.1/630-685	True	True	NA	NA
RF01739	AACY021844398.1/504-458	True	True	NA	NA
RF01739	AACY021861345.1/60-113	True	True	NA	NA
RF01739	AACY021868731.1/145-195	True	True	NA	NA
RF01739	AACY021868731.1/93-143	True	True	NA	NA
RF01739	AACY021875306.1/437-490	True	True	NA	NA
RF01739	AACY021876887.1/419-366	True	True	NA	NA
RF01739	AACY021876887.1/486-432	True	True	NA	NA
RF01739	AACY021883244.1/45-103	True	True	NA	NA
RF01739	AACY021884274.1/388-440	True	True	NA	NA
RF01739	AACY021884274.1/460-511	True	True	NA	NA
RF01739	AACY021885836.1/326-273	True	True	NA	NA
RF01739	AACY021885836.1/381-330	True	True	NA	NA
RF01739	AACY021890349.1/593-642	True	True	NA	NA
RF01739	AACY021898535.1/514-566	True	True	NA	NA
RF01739	AACY021898535.1/579-635	True	True	NA	NA
RF01739	AACY021902385.1/65-5	True	True	NA	NA
RF01739	AACY021920004.1/423-483	True	True	NA	NA
RF01739	AACY021920004.1/496-547	True	True	NA	NA
RF01739	AACY021929639.1/53-4	True	True	NA	NA
RF01739	AACY021939941.1/248-307	True	True	NA	NA
RF01739	AACY021939941.1/320-374	True	True	NA	NA
RF01739	AACY021941581.1/688-741	True	True	NA	NA
RF01739	AACY021946484.1/524-582	True	True	NA	NA
RF01739	AACY021946484.1/595-645	True	True	NA	NA
RF01739	AACY021947797.1/527-478	True	True	NA	NA
RF01739	AACY021953087.1/881-823	True	True	NA	NA
RF01739	AACY021958614.1/234-287	True	True	NA	NA
RF01739	AACY021977799.1/712-766	True	True	NA	NA
RF01739	AACY021978343.1/929-873	True	True	NA	NA
RF01739	AACY021989917.1/195-253	True	True	NA	NA
RF01739	AACY021990430.1/189-136	True	True	NA	NA
RF01739	AACY021990430.1/255-202	True	True	NA	NA
RF01739	AACY021997040.1/811-758	True	True	NA	NA
RF01739	AACY022001680.1/619-567	True	True	NA	NA
RF01739	AACY022001680.1/673-623	True	True	NA	NA
RF01739	AACY022008610.1/340-287	True	True	NA	NA
RF01739	AACY022008610.1/398-344	True	True	NA	NA
RF01739	AACY022023258.1/327-273	True	True	NA	NA
RF01739	AACY022023258.1/386-328	True	True	NA	NA
RF01739	AACY022023721.1/254-304	True	True	NA	NA
RF01739	AACY022037212.1/593-675	True	True	NA	NA
RF01739	AACY022039567.1/365-417	True	True	NA	NA
RF01739	AACY022060924.1/83-20	True	True	NA	NA
RF01739	AACY022061262.1/150-204	True	True	NA	NA
RF01739	AACY022061262.1/212-268	True	True	NA	NA
RF01739	AACY022069665.1/540-490	True	True	NA	NA
RF01739	AACY022082177.1/731-784	True	True	NA	NA
RF01739	AACY022082177.1/797-850	True	True	NA	NA
RF01739	AACY022086925.1/534-588	True	True	NA	NA
RF01739	AACY022086925.1/601-655	True	True	NA	NA
RF01739	AACY022102949.1/877-822	True	True	NA	NA
RF01739	AACY022102949.1/942-890	True	True	NA	NA
RF01739	AACY022120080.1/17-69	True	True	NA	NA
RF01739	AACY022135883.1/600-541	True	True	NA	NA
RF01739	AACY022138270.1/399-345	True	True	NA	NA
RF01739	AACY022138576.1/234-180	True	True	NA	NA
RF01739	AACY022138576.1/301-246	True	True	NA	NA
RF01739	AACY022147633.1/208-257	True	True	NA	NA
RF01739	AACY022149997.1/171-120	True	True	NA	NA
RF01739	AACY022149997.1/242-190	True	True	NA	NA
RF01739	AACY022161803.1/756-812	True	True	NA	NA
RF01739	AACY022161803.1/831-883	True	True	NA	NA
RF01739	AACY022163341.1/230-285	True	True	NA	NA
RF01739	AACY022163341.1/297-351	True	True	NA	NA
RF01739	AACY022167379.1/379-429	True	True	NA	NA
RF01739	AACY022167379.1/433-485	True	True	NA	NA
RF01739	AACY022169908.1/95-147	True	True	NA	NA
RF01739	AACY022174958.1/859-801	True	True	NA	NA
RF01739	AACY022183364.1/345-290	True	True	NA	NA
RF01739	AACY022183364.1/418-358	True	True	NA	NA
RF01739	AACY022183448.1/579-633	True	True	NA	NA
RF01739	AACY022183545.1/793-745	True	True	NA	NA
RF01739	AACY022196254.1/126-68	True	True	NA	NA
RF01739	AACY022196254.1/55-5	True	True	NA	NA
RF01739	AACY022210576.1/622-539	True	True	NA	NA
RF01739	AACY022220894.1/505-453	True	True	NA	NA
RF01739	AACY022220894.1/563-509	True	True	NA	NA
RF01739	AACY022227654.1/290-337	True	True	NA	NA
RF01739	AACY022240520.1/660-720	True	True	NA	NA
RF01739	AACY022240520.1/721-773	True	True	NA	NA
RF01739	AACY022242696.1/765-815	True	True	NA	NA
RF01739	AACY022243878.1/796-842	True	True	NA	NA
RF01739	AACY022251786.1/814-760	True	True	NA	NA
RF01739	AACY022251786.1/888-827	True	True	NA	NA
RF01739	AACY022252054.1/2-52	True	True	NA	NA
RF01739	AACY022252054.1/65-115	True	True	NA	NA
RF01739	AACY022253413.1/728-782	True	True	NA	NA
RF01739	AACY022263612.1/518-567	True	True	NA	NA
RF01739	AACY022276201.1/156-211	True	True	NA	NA
RF01739	AACY022283709.1/46-98	True	True	NA	NA
RF01739	AACY022295381.1/480-426	True	True	NA	NA
RF01739	AACY022295381.1/548-493	True	True	NA	NA
RF01739	AACY022298437.1/866-814	True	True	NA	NA
RF01739	AACY022301935.1/380-330	True	True	NA	NA
RF01739	AACY022326751.1/241-187	True	True	NA	NA
RF01739	AACY022326751.1/308-254	True	True	NA	NA
RF01739	AACY022331149.1/333-275	True	True	NA	NA
RF01739	AACY022336911.1/581-639	True	True	NA	NA
RF01739	AACY022336911.1/652-702	True	True	NA	NA
RF01739	AACY022352167.1/319-188	True	True	NA	NA
RF01739	AACY022360960.1/632-684	True	True	NA	NA
RF01739	AACY022360960.1/703-755	True	True	NA	NA
RF01739	AACY022378028.1/193-244	True	True	NA	NA
RF01739	AACY022378028.1/248-301	True	True	NA	NA
RF01739	AACY022403129.1/124-179	True	True	NA	NA
RF01739	AACY022403129.1/191-246	True	True	NA	NA
RF01739	AACY022404797.1/122-172	True	True	NA	NA
RF01739	AACY022404797.1/184-240	True	True	NA	NA
RF01739	AACY022408018.1/692-642	True	True	NA	NA
RF01739	AACY022420381.1/152-97	True	True	NA	NA
RF01739	AACY022420381.1/85-30	True	True	NA	NA
RF01739	AACY022448527.1/329-269	True	True	NA	NA
RF01739	AACY022448527.1/404-342	True	True	NA	NA
RF01739	AACY022460121.1/377-327	True	True	NA	NA
RF01739	AACY022466684.1/260-381	True	True	NA	NA
RF01739	AACY022479074.1/639-585	True	True	NA	NA
RF01739	AACY022486863.1/703-648	True	True	NA	NA
RF01739	AACY022486863.1/771-716	True	True	NA	NA
RF01739	AACY022496080.1/546-596	True	True	NA	NA
RF01739	AACY022499355.1/249-198	True	True	NA	NA
RF01739	AACY022499355.1/321-269	True	True	NA	NA
RF01739	AACY022514364.1/625-680	True	True	NA	NA
RF01739	AACY022514364.1/693-748	True	True	NA	NA
RF01739	AACY022515796.1/555-501	True	True	NA	NA
RF01739	AACY022515796.1/623-568	True	True	NA	NA
RF01739	AACY022521969.1/251-194	True	True	NA	NA
RF01739	AACY022521969.1/316-264	True	True	NA	NA
RF01739	AACY022555790.1/330-384	True	True	NA	NA
RF01739	AACY022555790.1/397-452	True	True	NA	NA
RF01739	AACY022559745.1/837-787	True	True	NA	NA
RF01739	AACY022563169.1/306-361	True	True	NA	NA
RF01739	AACY022563169.1/373-427	True	True	NA	NA
RF01739	AACY022594555.1/253-201	True	True	NA	NA
RF01739	AACY022594555.1/308-257	True	True	NA	NA
RF01739	AACY022607344.1/286-339	True	True	NA	NA
RF01739	AACY022614279.1/125-171	True	True	NA	NA
RF01739	AACY022617765.1/678-626	True	True	NA	NA
RF01739	AACY022623996.1/664-617	True	True	NA	NA
RF01739	AACY022625265.1/384-331	True	True	NA	NA
RF01739	AACY022625265.1/442-388	True	True	NA	NA
RF01739	AACY022627048.1/204-153	True	True	NA	NA
RF01739	AACY022627048.1/276-217	True	True	NA	NA
RF01739	AACY022667721.1/375-321	True	True	NA	NA
RF01739	AACY022667721.1/442-387	True	True	NA	NA
RF01739	AACY022668466.1/322-377	True	True	NA	NA
RF01739	AACY022668466.1/390-444	True	True	NA	NA
RF01739	AACY022670969.1/833-886	True	True	NA	NA
RF01739	AACY022670969.1/894-949	True	True	NA	NA
RF01739	AACY022691753.1/662-610	True	True	NA	NA
RF01739	AACY022706645.1/449-509	True	True	NA	NA
RF01739	AACY022706645.1/510-562	True	True	NA	NA
RF01739	AACY022710041.1/208-77	True	True	NA	NA
RF01739	AACY022714989.1/200-142	True	True	NA	NA
RF01739	AACY022716167.1/549-491	True	True	NA	NA
RF01739	AACY022726119.1/235-287	True	True	NA	NA
RF01739	AACY022726119.1/307-358	True	True	NA	NA
RF01739	AACY022736085.1/436-381	True	True	NA	NA
RF01739	AACY022740565.1/652-594	True	True	NA	NA
RF01739	AACY022751187.1/436-488	True	True	NA	NA
RF01739	AACY022751482.1/205-156	True	True	NA	NA
RF01739	AACY022780679.1/330-280	True	True	NA	NA
RF01739	AACY022786883.1/600-481	True	True	NA	NA
RF01739	AACY022800866.1/545-492	True	True	NA	NA
RF01739	AACY022800866.1/603-549	True	True	NA	NA
RF01739	AACY022800930.1/463-412	True	True	NA	NA
RF01739	AACY022828902.1/661-611	True	True	NA	NA
RF01739	AACY022834373.1/568-624	True	True	NA	NA
RF01739	AACY022839264.1/262-316	True	True	NA	NA
RF01739	AACY022839264.1/329-384	True	True	NA	NA
RF01739	AACY022839954.1/548-490	True	True	NA	NA
RF01739	AACY022839954.1/609-552	True	True	NA	NA
RF01739	AACY022841699.1/102-155	True	True	NA	NA
RF01739	AACY022841699.1/33-83	True	True	NA	NA
RF01739	AACY022842103.1/565-617	True	True	NA	NA
RF01739	AACY022842103.1/630-686	True	True	NA	NA
RF01739	AACY022847440.1/120-193	True	True	NA	NA
RF01739	AACY022849373.1/548-601	True	True	NA	NA
RF01739	AACY022849373.1/614-667	True	True	NA	NA
RF01739	AACY022860373.1/42-94	True	True	NA	NA
RF01739	AACY022860823.1/392-347	True	True	NA	NA
RF01739	AACY022907826.1/642-567	True	True	NA	NA
RF01739	AACY022943789.1/314-366	True	True	NA	NA
RF01739	AACY022945028.1/276-335	True	True	NA	NA
RF01739	AACY022951168.1/216-163	True	True	NA	NA
RF01739	AACY022957008.1/763-713	True	True	NA	NA
RF01739	AACY022976997.1/210-263	True	True	NA	NA
RF01739	AACY022976997.1/276-329	True	True	NA	NA
RF01739	AACY022977491.1/127-179	True	True	NA	NA
RF01739	AACY022977491.1/56-114	True	True	NA	NA
RF01739	AACY022978235.1/220-164	True	True	NA	NA
RF01739	AACY022978235.1/284-233	True	True	NA	NA
RF01739	AACY022986758.1/530-584	True	True	NA	NA
RF01739	AACY022986758.1/597-653	True	True	NA	NA
RF01739	AACY022997040.1/716-663	True	True	NA	NA
RF01739	AACY022997040.1/784-729	True	True	NA	NA
RF01739	AACY023007897.1/839-894	True	True	NA	NA
RF01739	AACY023015051.1/670-527	True	True	NA	NA
RF01739	AACY023039004.1/261-210	True	True	NA	NA
RF01739	AACY023039004.1/333-281	True	True	NA	NA
RF01739	AACY023048471.1/328-273	True	True	NA	NA
RF01739	AACY023048471.1/393-341	True	True	NA	NA
RF01739	AACY023050337.1/719-664	True	True	NA	NA
RF01739	AACY023051680.1/472-528	True	True	NA	NA
RF01739	AACY023054784.1/777-837	True	True	NA	NA
RF01739	AACY023065314.1/381-329	True	True	NA	NA
RF01739	AACY023076791.1/416-364	True	True	NA	NA
RF01739	AACY023076791.1/480-417	True	True	NA	NA
RF01739	AACY023081145.1/227-278	True	True	NA	NA
RF01739	AACY023091009.1/203-149	True	True	NA	NA
RF01739	AACY023091009.1/272-216	True	True	NA	NA
RF01739	AACY023093815.1/433-490	True	True	NA	NA
RF01739	AACY023099954.1/111-167	True	True	NA	NA
RF01739	AACY023099954.1/186-238	True	True	NA	NA
RF01739	AACY023101112.1/405-460	True	True	NA	NA
RF01739	AACY023101112.1/473-526	True	True	NA	NA
RF01739	AACY023104284.1/766-826	True	True	NA	NA
RF01739	AACY023109972.1/190-245	True	True	NA	NA
RF01739	AACY023109972.1/258-312	True	True	NA	NA
RF01739	AACY023110175.1/103-47	True	True	NA	NA
RF01739	AACY023123681.1/476-531	True	True	NA	NA
RF01739	AACY023123681.1/544-598	True	True	NA	NA
RF01739	AACY023136147.1/412-467	True	True	NA	NA
RF01739	AACY023136147.1/479-534	True	True	NA	NA
RF01739	AACY023138288.1/674-734	True	True	NA	NA
RF01739	AACY023143063.1/136-83	True	True	NA	NA
RF01739	AACY023143293.1/261-206	True	True	NA	NA
RF01739	AACY023143293.1/328-273	True	True	NA	NA
RF01739	AACY023148198.1/241-109	True	True	NA	NA
RF01739	AACY023150189.1/558-508	True	True	NA	NA
RF01739	AACY023150189.1/610-560	True	True	NA	NA
RF01739	AACY023162460.1/756-811	True	True	NA	NA
RF01739	AACY023164810.1/255-313	True	True	NA	NA
RF01739	AACY023164810.1/326-379	True	True	NA	NA
RF01739	AACY023165440.1/662-610	True	True	NA	NA
RF01739	AACY023165440.1/778-719	True	True	NA	NA
RF01739	AACY023165583.1/299-359	True	True	NA	NA
RF01739	AACY023165583.1/372-427	True	True	NA	NA
RF01739	AACY023174288.1/756-811	True	True	NA	NA
RF01739	AACY023184960.1/517-567	True	True	NA	NA
RF01739	AACY023195267.1/1363-1313	True	True	NA	NA
RF01739	AACY023199264.1/943-993	True	True	NA	NA
RF01739	AACY023199264.1/997-1050	True	True	NA	NA
RF01739	AACY023204119.1/495-442	True	True	NA	NA
RF01739	AACY023206567.1/1414-1476	True	True	NA	NA
RF01739	AACY023207139.1/1222-1275	True	True	NA	NA
RF01739	AACY023214669.1/1588-1637	True	True	NA	NA
RF01739	AACY023216978.1/742-690	True	True	NA	NA
RF01739	AACY023216978.1/797-746	True	True	NA	NA
RF01739	AACY023219984.1/1097-1045	True	True	NA	NA
RF01739	AACY023219984.1/1151-1101	True	True	NA	NA
RF01739	AACY023245794.1/303-250	True	True	NA	NA
RF01739	AACY023245794.1/363-311	True	True	NA	NA
RF01739	AACY023249604.1/301-248	True	True	NA	NA
RF01739	AACY023255025.1/888-839	True	True	NA	NA
RF01739	AACY023256552.1/1428-1374	True	True	NA	NA
RF01739	AACY023257588.1/1100-1154	True	True	NA	NA
RF01739	AACY023268770.1/563-512	True	True	NA	NA
RF01739	AACY023282293.1/634-689	True	True	NA	NA
RF01739	AACY023282293.1/702-755	True	True	NA	NA
RF01739	AACY023299976.1/711-659	True	True	NA	NA
RF01739	AACY023353218.1/988-1038	True	True	NA	NA
RF01739	AACY023359536.1/288-339	True	True	NA	NA
RF01739	AACY023364796.1/691-744	True	True	NA	NA
RF01739	AACY023364796.1/757-810	True	True	NA	NA
RF01739	AACY023367856.1/758-708	True	True	NA	NA
RF01739	AACY023374828.1/921-977	True	True	NA	NA
RF01739	AACY023385492.1/1411-1460	True	True	NA	NA
RF01739	AACY023401421.1/1357-1303	True	True	NA	NA
RF01739	AACY023401421.1/1425-1370	True	True	NA	NA
RF01739	AACY023404441.1/943-992	True	True	NA	NA
RF01739	AACY023407327.1/810-760	True	True	NA	NA
RF01739	AACY023408594.1/583-638	True	True	NA	NA
RF01739	AACY023408594.1/650-704	True	True	NA	NA
RF01739	AACY023410640.1/1099-1154	True	True	NA	NA
RF01739	AACY023410640.1/1166-1220	True	True	NA	NA
RF01739	AACY023410968.1/256-309	True	True	NA	NA
RF01739	AACY023448407.1/107-157	True	True	NA	NA
RF01739	AACY023461508.1/100-163	True	True	NA	NA
RF01739	AACY023461508.1/164-216	True	True	NA	NA
RF01739	AACY023477415.1/486-438	True	True	NA	NA
RF01739	AACY023484124.1/781-728	True	True	NA	NA
RF01739	AACY023484124.1/850-800	True	True	NA	NA
RF01739	AACY023484124.1/902-852	True	True	NA	NA
RF01739	AACY023484401.1/885-837	True	True	NA	NA
RF01739	AACY023485267.1/460-513	True	True	NA	NA
RF01739	AACY023501516.1/463-414	True	True	NA	NA
RF01739	AACY023503565.1/582-531	True	True	NA	NA
RF01739	AACY023503565.1/654-602	True	True	NA	NA
RF01739	AACY023503840.1/1160-1212	True	True	NA	NA
RF01739	AACY023503840.1/1225-1280	True	True	NA	NA
RF01739	AACY023513220.1/642-593	True	True	NA	NA
RF01739	AACY023516001.1/535-484	True	True	NA	NA
RF01739	AACY023516001.1/608-548	True	True	NA	NA
RF01739	AACY023520018.1/1297-1358	True	True	NA	NA
RF01739	AACY023520018.1/1362-1418	True	True	NA	NA
RF01739	AACY023521111.1/1206-1153	True	True	NA	NA
RF01739	AACY023523806.1/411-541	True	True	NA	NA
RF01739	AACY023527417.1/118-65	True	True	NA	NA
RF01739	AACY023527417.1/187-137	True	True	NA	NA
RF01739	AACY023527417.1/239-189	True	True	NA	NA
RF01739	AACY023528798.1/471-421	True	True	NA	NA
RF01739	AACY023530723.1/1280-1330	True	True	NA	NA
RF01739	AACY023530723.1/1332-1382	True	True	NA	NA
RF01739	AACY023535011.1/346-296	True	True	NA	NA
RF01739	AACY023535011.1/418-359	True	True	NA	NA
RF01739	AACY023536350.1/519-464	True	True	NA	NA
RF01739	AACY023536350.1/587-532	True	True	NA	NA
RF01739	AACY023545052.1/258-203	True	True	NA	NA
RF01739	AACY023545052.1/325-271	True	True	NA	NA
RF01739	AACY023545356.1/434-488	True	True	NA	NA
RF01739	AACY023545356.1/501-555	True	True	NA	NA
RF01739	AACY023549608.1/451-399	True	True	NA	NA
RF01739	AACY023549608.1/505-455	True	True	NA	NA
RF01739	AACY023550809.1/726-595	True	True	NA	NA
RF01739	AACY023551536.1/1020-1079	True	True	NA	NA
RF01739	AACY023563711.1/646-594	True	True	NA	NA
RF01739	AACY023563711.1/719-665	True	True	NA	NA
RF01739	AACY023579103.1/822-764	True	True	NA	NA
RF01739	AACY023581040.1/405-452	True	True	NA	NA
RF01739	AACY023581058.1/868-927	True	True	NA	NA
RF01739	AACY023581058.1/940-990	True	True	NA	NA
RF01739	AACY023581064.1/358-408	True	True	NA	NA
RF01739	AACY023583366.1/677-623	True	True	NA	NA
RF01739	AACY023585828.1/575-523	True	True	NA	NA
RF01739	AACY023585828.1/635-579	True	True	NA	NA
RF01739	AACY023593735.1/2-55	True	True	NA	NA
RF01739	AACY023594419.1/724-679	True	True	NA	NA
RF01739	AACY023594769.1/609-662	True	True	NA	NA
RF01739	AACY023596340.1/925-870	True	True	NA	NA
RF01739	AACY023596340.1/993-938	True	True	NA	NA
RF01739	AACY023598562.1/100-45	True	True	NA	NA
RF01739	AACY023598562.1/165-113	True	True	NA	NA
RF01739	AACY023603220.1/907-959	True	True	NA	NA
RF01739	AACY023603220.1/978-1030	True	True	NA	NA
RF01739	AACY023606132.1/112-169	True	True	NA	NA
RF01739	AACY023606132.1/47-99	True	True	NA	NA
RF01739	AACY023606304.1/143-87	True	True	NA	NA
RF01739	AACY023606304.1/83-30	True	True	NA	NA
RF01739	AACY023615516.1/753-803	True	True	NA	NA
RF01739	AACY023615516.1/805-855	True	True	NA	NA
RF01739	AACY023615516.1/874-927	True	True	NA	NA
RF01739	AACY023616234.1/101-155	True	True	NA	NA
RF01739	AACY023616234.1/174-226	True	True	NA	NA
RF01739	AACY023620377.1/162-110	True	True	NA	NA
RF01739	AACY023620377.1/235-181	True	True	NA	NA
RF01739	AACY023629456.1/59-114	True	True	NA	NA
RF01739	AACY023629992.1/212-160	True	True	NA	NA
RF01739	AACY023632309.1/56-6	True	True	NA	NA
RF01739	AACY023635669.1/480-533	True	True	NA	NA
RF01739	AACY023635669.1/546-599	True	True	NA	NA
RF01739	AACY023638748.1/427-477	True	True	NA	NA
RF01739	AACY023638748.1/479-529	True	True	NA	NA
RF01739	AACY023638748.1/548-601	True	True	NA	NA
RF01739	AACY023645668.1/747-695	True	True	NA	NA
RF01739	AACY023647930.1/323-375	True	True	NA	NA
RF01739	AACY023647930.1/388-442	True	True	NA	NA
RF01739	AACY023651030.1/1027-974	True	True	NA	NA
RF01739	AACY023651030.1/1094-1040	True	True	NA	NA
RF01739	AACY023653930.1/113-164	True	True	NA	NA
RF01739	AACY023653930.1/177-237	True	True	NA	NA
RF01739	AACY023655704.1/781-728	True	True	NA	NA
RF01739	AACY023668649.1/502-562	True	True	NA	NA
RF01739	AACY023668649.1/575-624	True	True	NA	NA
RF01739	AACY023682620.1/511-569	True	True	NA	NA
RF01739	AACY023682620.1/582-634	True	True	NA	NA
RF01739	AACY023683577.1/316-369	True	True	NA	NA
RF01739	AACY023683577.1/382-436	True	True	NA	NA
RF01739	AACY023689073.1/1342-1284	True	True	NA	NA
RF01739	AACY023693896.1/589-639	True	True	NA	NA
RF01739	AACY023693896.1/653-707	True	True	NA	NA
RF01739	AACY023718151.1/910-962	True	True	NA	NA
RF01739	AACY023718955.1/294-346	True	True	NA	NA
RF01739	AACY023718955.1/359-412	True	True	NA	NA
RF01739	AACY023719768.1/8-61	True	True	NA	NA
RF01739	AACY023721140.1/113-50	True	True	NA	NA
RF01739	AACY023729856.1/110-162	True	True	NA	NA
RF01739	AACY023729856.1/46-109	True	True	NA	NA
RF01739	AACY023733388.1/1195-1247	True	True	NA	NA
RF01739	AACY023733388.1/1260-1316	True	True	NA	NA
RF01739	AACY023734044.1/988-934	True	True	NA	NA
RF01739	AACY023736167.1/1122-1182	True	True	NA	NA
RF01739	AACY023736167.1/1195-1245	True	True	NA	NA
RF01739	AACY023745558.1/335-391	True	True	NA	NA
RF01739	AACY023745558.1/395-447	True	True	NA	NA
RF01739	AACY023750866.1/339-287	True	True	NA	NA
RF01739	AACY023750866.1/393-343	True	True	NA	NA
RF01739	AACY023848865.1/1281-1326	True	True	NA	NA
RF01739	AACY023849639.1/1041-992	True	True	NA	NA
RF01739	AACY023850522.1/1345-1290	True	True	NA	NA
RF01739	AACY023856333.1/582-634	True	True	NA	NA
RF01739	AACY023856333.1/647-701	True	True	NA	NA
RF01739	AACY023865164.1/48-165	True	True	NA	NA
RF01739	AACY023867165.1/1246-1192	True	True	NA	NA
RF01739	AACY023867165.1/1312-1259	True	True	NA	NA
RF01739	AACY023868432.1/151-206	True	True	NA	NA
RF01739	AACY023868432.1/218-272	True	True	NA	NA
RF01739	AACY023870187.1/255-308	True	True	NA	NA
RF01739	AACY023870187.1/312-365	True	True	NA	NA
RF01739	AACY023879838.1/214-163	True	True	NA	NA
RF01739	AACY023879838.1/286-227	True	True	NA	NA
RF01739	AACY023880517.1/846-898	True	True	NA	NA
RF01739	AACY023881567.1/1213-1266	True	True	NA	NA
RF01739	AACY023881567.1/1279-1332	True	True	NA	NA
RF01739	AACY023895541.1/244-191	True	True	NA	NA
RF01739	AACY023895541.1/302-248	True	True	NA	NA
RF01739	AACY023899502.1/1274-1328	True	True	NA	NA
RF01739	AACY023899502.1/1347-1399	True	True	NA	NA
RF01739	AACY023900896.1/472-527	True	True	NA	NA
RF01739	AACY023900896.1/540-595	True	True	NA	NA
RF01739	AACY023910677.1/47-97	True	True	NA	NA
RF01739	AACY023928625.1/934-881	True	True	NA	NA
RF01739	AACY023928750.1/299-245	True	True	NA	NA
RF01739	AACY023928750.1/364-312	True	True	NA	NA
RF01739	AACY023929012.1/60-113	True	True	NA	NA
RF01739	AACY023937387.1/1535-1585	True	True	NA	NA
RF01739	AACY023939311.1/121-171	True	True	NA	NA
RF01739	AACY023939311.1/55-108	True	True	NA	NA
RF01739	AACY023947774.1/543-595	True	True	NA	NA
RF01739	AACY023948258.1/60-133	True	True	NA	NA
RF01739	AACY023949594.1/631-577	True	True	NA	NA
RF01739	AACY023949594.1/699-644	True	True	NA	NA
RF01739	AACY023950991.1/720-674	True	True	NA	NA
RF01739	AACY023969055.1/699-750	True	True	NA	NA
RF01739	AACY023969055.1/754-807	True	True	NA	NA
RF01739	AACY023980157.1/761-710	True	True	NA	NA
RF01739	AACY023981442.1/894-840	True	True	NA	NA
RF01739	AACY023987148.1/159-105	True	True	NA	NA
RF01739	AACY023987148.1/226-171	True	True	NA	NA
RF01739	AACY023992491.1/721-776	True	True	NA	NA
RF01739	AACY023992491.1/789-844	True	True	NA	NA
RF01739	AACY024013942.1/315-365	True	True	NA	NA
RF01739	AACY024019205.1/1314-1364	True	True	NA	NA
RF01739	AACY024021050.1/441-384	True	True	NA	NA
RF01739	AACY024021050.1/503-445	True	True	NA	NA
RF01739	AACY024021276.1/365-419	True	True	NA	NA
RF01739	AACY024021276.1/438-490	True	True	NA	NA
RF01739	AACY024036082.1/501-556	True	True	NA	NA
RF01739	AACY024036082.1/568-622	True	True	NA	NA
RF01739	AACY024042448.1/97-155	True	True	NA	NA
RF01739	AACY024056113.1/420-366	True	True	NA	NA
RF01739	AACY024056113.1/488-433	True	True	NA	NA
RF01739	AACY024061969.1/570-623	True	True	NA	NA
RF01739	AACY024065093.1/27-81	True	True	NA	NA
RF01739	AACY024067319.1/527-581	True	True	NA	NA
RF01739	AACY024067319.1/594-648	True	True	NA	NA
RF01739	AACY024072980.1/170-229	True	True	NA	NA
RF01739	AACY024076743.1/893-788	True	True	NA	NA
RF01739	AACY024076916.1/147-202	True	True	NA	NA
RF01739	AACY024076916.1/215-268	True	True	NA	NA
RF01739	AACY024085939.1/719-772	True	True	NA	NA
RF01739	AACY024085939.1/785-838	True	True	NA	NA
RF01739	AACY024089078.1/634-585	True	True	NA	NA
RF01739	AACY024097173.1/258-310	True	True	NA	NA
RF01739	AACY024097173.1/330-381	True	True	NA	NA
RF01739	AACY024103490.1/687-737	True	True	NA	NA
RF01739	AACY024104261.1/967-915	True	True	NA	NA
RF01739	AACY024110709.1/433-508	True	True	NA	NA
RF01739	AACY024111564.1/274-220	True	True	NA	NA
RF01739	AACY024111564.1/342-287	True	True	NA	NA
RF01739	AACY024118785.1/615-567	True	True	NA	NA
RF01739	AADV02000026.1/14400-14340	True	True	NA	NA
RF01739	AANP01000006.1/217608-217533	True	True	NA	NA
RF01739	AAUA01000001.1/657594-657669	True	True	NA	NA
RF01739	AAVU01000006.1/147500-147393	True	True	NA	NA
RF01739	AAXW01000008.1/84668-84587	True	True	NA	NA
RF01739	ABLZ01115713.1/5-56	True	True	NA	NA
RF01739	ABRS01000006.1/124108-124201	True	True	NA	NA
RF01739	ABRV01000019.1/87833-87915	True	True	NA	NA
RF01739	ABYK01000008.1/24464-24568	True	True	NA	NA
RF01739	ABYK01000024.1/20386-20477	True	True	NA	NA
RF01739	AJ630128.1/142359-142415	True	True	NA	NA
RF01739	AP008231.1/1705656-1705712	True	True	NA	NA
RF01739	BA000022.2/458952-458891	True	True	NA	NA
RF01739	BA000039.2/1753204-1753120	True	True	NA	NA
RF01739	BX548175.1/1564016-1564091	True	True	NA	NA
RF01739	CP000239.1/931758-931667	True	True	NA	NA
RF01739	CP000240.1/2191743-2191662	True	True	NA	NA
RF01739	CP000240.1/2902190-2902288	True	True	NA	NA
RF01739	CP000393.1/4678876-4678823	True	True	NA	NA
RF01739	CP000806.1/1043231-1043292	True	True	NA	NA
RF01739	CP000806.1/2393902-2393983	True	True	NA	NA
RF01739	CP000806.1/2707245-2707170	True	True	NA	NA
RF01739	CP000828.1/2595141-2595223	True	True	NA	NA
RF01739	CP000828.1/3254265-3254355	True	True	NA	NA
RF01739	CP001291.1/2649560-2649636	True	True	NA	NA
RF01739	CP001291.1/4627294-4627352	True	True	NA	NA
RF01739	CP001344.1/1229538-1229443	True	True	NA	NA
RF01739	CP001344.1/2330090-2330186	True	True	NA	NA
RF01739	CP001344.1/4727152-4727068	True	True	NA	NA
RF01739	CP002198.1/1274053-1274110	True	True	NA	NA
RF01739	CP002198.1/3653058-3653002	True	True	NA	NA
RF01739	URS00008FED3F_32046/1-61	True	True	5DDP_A_SS;5DDP_B_SS;5DDQ_A_SS;5DDQ_B_SS;5DDR_A_SS;5DDR_B_SS	5DDP_A_SS;5DDP_B_SS;5DDQ_A_SS;5DDQ_B_SS;5DDR_A_SS;5DDR_B_SS
RF01750	AACX01000007.1/312508-312608	True	True	NA	NA
RF01750	AACY020038179.1/1074-1209	True	True	NA	NA
RF01750	AACY020107892.1/280-377	True	True	NA	NA
RF01750	AACY020296783.1/43-126	True	True	NA	NA
RF01750	AACY020310666.1/1673-1756	True	True	NA	NA
RF01750	AACY020353424.1/798-906	True	True	NA	NA
RF01750	AACY020521775.1/559-642	True	True	NA	NA
RF01750	AACY020523850.1/190-107	True	True	NA	NA
RF01750	AACY020525716.1/1032-1115	True	True	NA	NA
RF01750	AACY020539641.1/41-124	True	True	NA	NA
RF01750	AACY020539987.1/444-527	True	True	NA	NA
RF01750	AACY020548403.1/122563-122663	True	True	NA	NA
RF01750	AACY020990021.1/376-489	True	True	NA	NA
RF01750	AACY020992384.1/614-461	True	True	NA	NA
RF01750	AACY021007951.1/190-107	True	True	NA	NA
RF01750	AACY021099823.1/580-497	True	True	NA	NA
RF01750	AACY021101856.1/474-633	True	True	NA	NA
RF01750	AACY021145871.1/594-676	True	True	NA	NA
RF01750	AACY021513409.1/321-238	True	True	NA	NA
RF01750	AACY021675814.1/503-420	True	True	NA	NA
RF01750	AACY021685826.1/176-92	True	True	NA	NA
RF01750	AACY021818080.1/421-338	True	True	NA	NA
RF01750	AACY022292946.1/74-157	True	True	NA	NA
RF01750	AACY022405903.1/398-315	True	True	NA	NA
RF01750	AACY022905908.1/566-649	True	True	NA	NA
RF01750	AACY023075686.1/109-271	True	True	NA	NA
RF01750	AACY023312929.1/255-91	True	True	NA	NA
RF01750	AACY023502772.1/158-61	True	True	NA	NA
RF01750	AACY023798967.1/1144-1061	True	True	NA	NA
RF01750	AACY023807203.1/1083-1000	True	True	NA	NA
RF01750	AACY023809027.1/335-252	True	True	NA	NA
RF01750	AACY023813097.1/490-407	True	True	NA	NA
RF01750	AACY023845234.1/1152-1235	True	True	NA	NA
RF01750	AACY024046541.1/1198-1115	True	True	NA	NA
RF01750	AACY024109386.1/572-489	True	True	NA	NA
RF01750	AACY024109839.1/883-800	True	True	NA	NA
RF01750	AACY024110163.1/611-528	True	True	NA	NA
RF01750	AAFX01055788.1/246-86	True	True	NA	NA
RF01750	AAFZ01025325.1/141-230	True	True	NA	NA
RF01750	AAKY01000114.1/32845-32745	True	True	NA	NA
RF01750	AAMN01000004.1/194357-194435	True	True	NA	NA
RF01750	AAOX01000008.1/65010-65093	True	True	NA	NA
RF01750	AAQK01000738.1/824-909	True	True	NA	NA
RF01750	AAQK01001363.1/401-486	True	True	NA	NA
RF01750	AAQK01001691.1/259-341	True	True	NA	NA
RF01750	AAQK01002083.1/535-449	True	True	NA	NA
RF01750	AAQK01007158.1/471-387	True	True	NA	NA
RF01750	AAQL01000770.1/335-416	True	True	NA	NA
RF01750	AAQL01002083.1/670-587	True	True	NA	NA
RF01750	AAQL01005444.1/915-834	True	True	NA	NA
RF01750	AAQL01010485.1/981-899	True	True	NA	NA
RF01750	AARF01000325.1/402-322	True	True	NA	NA
RF01750	AARF01000447.1/2648-2568	True	True	NA	NA
RF01750	AATO01015318.1/246-81	True	True	NA	NA
RF01750	AAUJ02000001.1/1536455-1536301	True	True	NA	NA
RF01750	AAVL02000036.1/176021-175941	True	True	NA	NA
RF01750	AAVO02000004.1/47771-47851	True	True	NA	NA
RF01750	AAVO02000015.1/35242-35324	True	True	NA	NA
RF01750	AAWL01000017.1/16393-16312	True	True	NA	NA
RF01750	AAXB02000001.1/5878-5961	True	True	NA	NA
RF01750	AAXG02000001.1/53805-53882	True	True	NA	NA
RF01750	AAYI02000004.1/189562-189478	True	True	NA	NA
RF01750	AAYI02000004.1/2328470-2328386	True	True	NA	NA
RF01750	ABAW02000024.1/334916-334999	True	True	NA	NA
RF01750	ABAX03000018.1/2486-2565	True	True	NA	NA
RF01750	ABAX03000024.1/304792-304708	True	True	NA	NA
RF01750	ABBG01000261.1/19106-19005	True	True	NA	NA
RF01750	ABBH01000544.1/39713-39813	True	True	NA	NA
RF01750	ABBI01001009.1/7408-7308	True	True	NA	NA
RF01750	ABBM01000487.1/14069-13969	True	True	NA	NA
RF01750	ABCC02000037.1/46406-46317	True	True	NA	NA
RF01750	ABCF01000005.1/78206-78117	True	True	NA	NA
RF01750	ABED02000029.1/984986-984900	True	True	NA	NA
RF01750	ABEF01017404.1/1032-947	True	True	NA	NA
RF01750	ABEF01039966.1/1068-1153	True	True	NA	NA
RF01750	ABGC03000034.1/58026-58108	True	True	NA	NA
RF01750	ACOM01000001.1/496623-496702	True	True	NA	NA
RF01750	AE000513.1/880781-880696	True	True	NA	NA
RF01750	AE001437.1/1127408-1127485	True	True	NA	NA
RF01750	AE001437.1/2562148-2562228	True	True	NA	NA
RF01750	AE005673.1/88947-89027	True	True	NA	NA
RF01750	AE016822.1/1921306-1921208	True	True	NA	NA
RF01750	AL646052.1/778049-777920	True	True	NA	NA
RF01750	AL939121.1/191211-191300	True	True	NA	NA
RF01750	AM711867.1/2838330-2838247	True	True	NA	NA
RF01750	AP006627.1/3516508-3516431	True	True	NA	NA
RF01750	AP009049.1/1156093-1156015	True	True	NA	NA
RF01750	AP009385.1/718103-718202	True	True	NA	NA
RF01750	BA000030.3/4242005-4241916	True	True	NA	NA
RF01750	BA000030.3/688247-688162	True	True	NA	NA
RF01750	BA000040.2/625249-625331	True	True	NA	NA
RF01750	BA000040.2/6500011-6499926	True	True	NA	NA
RF01750	BAAU01002505.1/255-341	True	True	NA	NA
RF01750	BAAU01012305.1/993-909	True	True	NA	NA
RF01750	BAAU01017791.1/392-305	True	True	NA	NA
RF01750	BAAU01027299.1/88-174	True	True	NA	NA
RF01750	BAAV01000055.1/2897-2982	True	True	NA	NA
RF01750	BAAV01000327.1/435-340	True	True	NA	NA
RF01750	BAAV01011945.1/1060-974	True	True	NA	NA
RF01750	BAAV01020765.1/806-725	True	True	NA	NA
RF01750	BAAW01002219.1/737-658	True	True	NA	NA
RF01750	BAAW01014873.1/349-270	True	True	NA	NA
RF01750	BAAX01000081.1/4230-4146	True	True	NA	NA
RF01750	BAAX01001391.1/197-281	True	True	NA	NA
RF01750	BAAX01006362.1/459-383	True	True	NA	NA
RF01750	BAAX01007901.1/363-439	True	True	NA	NA
RF01750	BAAX01023463.1/777-691	True	True	NA	NA
RF01750	BAAY01000038.1/8293-8388	True	True	NA	NA
RF01750	BAAY01004625.1/493-580	True	True	NA	NA
RF01750	BAAY01012400.1/201-108	True	True	NA	NA
RF01750	BAAY01013765.1/896-1010	True	True	NA	NA
RF01750	BAAY01015723.1/323-408	True	True	NA	NA
RF01750	BAAY01025330.1/152-59	True	True	NA	NA
RF01750	BABA01016569.1/75-168	True	True	NA	NA
RF01750	BABA01021702.1/659-750	True	True	NA	NA
RF01750	BABA01029967.1/180-94	True	True	NA	NA
RF01750	BABD01005042.1/856-936	True	True	NA	NA
RF01750	BABE01005334.1/246-164	True	True	NA	NA
RF01750	BABF01003966.1/1020-1104	True	True	NA	NA
RF01750	BABF01008002.1/701-620	True	True	NA	NA
RF01750	BABG01000244.1/657-739	True	True	NA	NA
RF01750	BABG01000490.1/211-374	True	True	NA	NA
RF01750	BABG01005810.1/129-214	True	True	NA	NA
RF01750	BABG01015168.1/550-636	True	True	NA	NA
RF01750	CP000086.1/1555456-1555556	True	True	NA	NA
RF01750	CP000090.1/861611-861511	True	True	NA	NA
RF01750	CP000142.2/3231175-3231262	True	True	NA	NA
RF01750	CP000151.1/810912-811012	True	True	NA	NA
RF01750	CP000249.1/708324-708410	True	True	NA	NA
RF01750	CP000267.1/2925225-2925356	True	True	NA	NA
RF01750	CP000269.1/2768093-2767971	True	True	NA	NA
RF01750	CP000270.1/613445-613553	True	True	NA	NA
RF01750	CP000316.1/3034848-3034979	True	True	NA	NA
RF01750	CP000352.1/2912877-2912979	True	True	NA	NA
RF01750	CP000359.1/539910-539993	True	True	NA	NA
RF01750	CP000378.1/359253-359353	True	True	NA	NA
RF01750	CP000440.1/762627-762727	True	True	NA	NA
RF01750	CP000458.1/907214-907314	True	True	NA	NA
RF01750	CP000463.1/30517-30436	True	True	NA	NA
RF01750	CP000494.1/329370-329290	True	True	NA	NA
RF01750	CP000512.1/3298357-3298515	True	True	NA	NA
RF01750	CP000529.1/3062025-3062156	True	True	NA	NA
RF01750	CP000539.1/1721986-1721827	True	True	NA	NA
RF01750	CP000570.1/3132286-3132186	True	True	NA	NA
RF01750	CP000572.1/3148595-3148495	True	True	NA	NA
RF01750	CP000612.1/48258-48175	True	True	NA	NA
RF01750	CP000614.1/815126-815226	True	True	NA	NA
RF01750	CP000667.1/2367924-2367834	True	True	NA	NA
RF01750	CP000667.1/2571803-2571720	True	True	NA	NA
RF01750	CP000673.1/3903782-3903862	True	True	NA	NA
RF01750	CP000721.1/1211931-1212029	True	True	NA	NA
RF01750	CP000721.1/4111764-4111685	True	True	NA	NA
RF01750	CP000726.1/3402727-3402637	True	True	NA	NA
RF01750	CP000727.1/3299834-3299744	True	True	NA	NA
RF01750	CP000728.1/3519944-3519854	True	True	NA	NA
RF01750	CP000750.2/2906133-2906236	True	True	NA	NA
RF01750	CP000774.1/1504618-1504701	True	True	NA	NA
RF01750	CP000774.1/674390-674303	True	True	NA	NA
RF01750	CP000820.1/2987702-2987614	True	True	NA	NA
RF01750	CP000850.1/2571296-2571207	True	True	NA	NA
RF01750	CP000850.1/78653-78732	True	True	NA	NA
RF01750	CP000868.1/2806670-2806571	True	True	NA	NA
RF01750	CP000875.1/3502313-3502228	True	True	NA	NA
RF01750	CP000885.1/835881-835983	True	True	NA	NA
RF01750	CP000927.1/5164264-5164343	True	True	NA	NA
RF01750	CP000927.1/52674-52595	True	True	NA	NA
RF01750	CP000958.1/862927-863027	True	True	NA	NA
RF01750	CP001025.1/786181-786281	True	True	NA	NA
RF01750	CP001043.1/2749838-2749724	True	True	NA	NA
RF01750	CP001052.1/844994-845102	True	True	NA	NA
RF01750	CP001068.1/718457-718329	True	True	NA	NA
RF01750	CP001096.1/33229-33147	True	True	NA	NA
RF01750	CP001098.1/2532894-2532806	True	True	NA	NA
RF01750	CP001340.1/32806-32887	True	True	NA	NA
RF01750	CP001348.1/2599825-2599904	True	True	NA	NA
RF01750	CP001408.1/3257848-3257748	True	True	NA	NA
RF01750	CP001581.1/3668607-3668517	True	True	NA	NA
RF01750	CP001644.1/756294-756165	True	True	NA	NA
RF01750	CT573213.2/1191460-1191545	True	True	NA	NA
RF01750	CU207211.1/2356811-2356707	True	True	NA	NA
RF01750	CU234118.1/352539-352459	True	True	NA	NA
RF01750	CU914168.1/2467319-2467448	True	True	NA	NA
RF01750	URS0000868534_32630/1-73	True	True	4ZNP_A_SS;4ZNP_B_SS	4ZNP_A_SS;4ZNP_B_SS
RF01750	URS0000868535_32630/1-75	True	True	5BTP_A_SS;5BTP_B_SS;6OD9_A_SS;6OD9_B_SS;6WZR_A_SS;6WZR_B_SS;6WZS_A_SS;6WZS_B_SS	5BTP_A_SS;5BTP_B_SS;6OD9_A_SS;6OD9_B_SS;6WZR_A_SS;6WZR_B_SS;6WZS_A_SS;6WZS_B_SS
RF01750	URS0000868555_1660/1-64	True	True	4XW7_A_SS;4XWF_A_SS	4XW7_A_SS;4XWF_A_SS
RF01763	AAMN01000002.1/564690-564754	True	True	NA	NA
RF01763	AANZ01000001.1/452592-452651	True	True	NA	NA
RF01763	AAOB01000006.1/32110-32049	True	True	NA	NA
RF01763	ABIN01000081.1/32257-32319	True	True	NA	NA
RF01763	ABJF01000294.1/7123-7044	True	True	NA	NA
RF01763	ABJH01000172.1/10128-10201	True	True	NA	NA
RF01763	ABJI02000500.1/27579-27638	True	True	NA	NA
RF01763	ACVP01000007.1/106973-107037	True	True	NA	NA
RF01763	AE016958.1/3831493-3831556	True	True	NA	NA
RF01763	AE017354.1/593290-593227	True	True	NA	NA
RF01763	AL939114.1/119358-119291	True	True	NA	NA
RF01763	AM711867.1/3063871-3063808	True	True	NA	NA
RF01763	AM746676.1/8188359-8188291	True	True	NA	NA
RF01763	AM849034.1/2863085-2863022	True	True	NA	NA
RF01763	AP006618.1/133448-133513	True	True	NA	NA
RF01763	AP011115.1/5208127-5208067	True	True	NA	NA
RF01763	BX842652.1/324410-324345	True	True	NA	NA
RF01763	CP000088.1/1465653-1465596	True	True	NA	NA
RF01763	CP000113.1/4374426-4374485	True	True	NA	NA
RF01763	CP000113.1/446679-446736	True	True	NA	NA
RF01763	CP000325.1/3207260-3207196	True	True	NA	NA
RF01763	CP000359.1/2285879-2285947	True	True	NA	NA
RF01763	CP000454.1/4240999-4241061	True	True	NA	NA
RF01763	CP000474.1/3894383-3894446	True	True	NA	NA
RF01763	CP000479.1/4438905-4438968	True	True	NA	NA
RF01763	CP000480.1/1755118-1755055	True	True	NA	NA
RF01763	CP000511.1/851388-851320	True	True	NA	NA
RF01763	CP000518.1/1318365-1318302	True	True	NA	NA
RF01763	CP000580.1/1319367-1319304	True	True	NA	NA
RF01763	CP000656.1/5615876-5615812	True	True	NA	NA
RF01763	CP000656.1/85042-85109	True	True	NA	NA
RF01763	CP000675.2/685132-685069	True	True	NA	NA
RF01763	CP000750.2/209444-209507	True	True	NA	NA
RF01763	CP000854.1/3478073-3478137	True	True	NA	NA
RF01763	CP000910.1/2096309-2096249	True	True	NA	NA
RF01763	CP001131.1/4934528-4934594	True	True	NA	NA
RF01763	CP001341.1/3865849-3865912	True	True	NA	NA
RF01763	CR628336.1/661276-661213	True	True	NA	NA
RF01763	CR628337.1/644770-644707	True	True	NA	NA
RF01763	URS0000CBFF2B_2021/1-41	True	True	5NWQ_A_SS;5NWQ_B_SS;5NY8_A_SS;5NY8_B_SS;5NZ3_A_SS;5NZ3_B_SS;5NZD_A_SS;5NZD_B_SS;5O62_A_SS;5O62_B_SS;5O69_A_SS	5NWQ_A_SS;5NWQ_B_SS;5NY8_A_SS;5NY8_B_SS;5NZ3_A_SS;5NZ3_B_SS;5NZD_A_SS;5NZD_B_SS;5O62_A_SS;5O62_B_SS;5O69_A_SS
RF01763	URS0000CBFF58_2021/1-41	True	True	5NZ6_A_SS;5O69_B_SS	5NZ6_A_SS;5O69_B_SS
RF01786	AACY020292692.1/175-258	True	True	NA	NA
RF01786	AACY020292692.1/343-428	True	True	NA	NA
RF01786	AACY023761929.1/1009-1091	True	True	NA	NA
RF01786	AAFX01024083.1/557-455	True	True	NA	NA
RF01786	AAFX01078109.1/475-391	True	True	NA	NA
RF01786	AAFX01082705.1/413-329	True	True	NA	NA
RF01786	AAOX01000007.1/31274-31356	True	True	NA	NA
RF01786	AAWL01000006.1/67971-67888	True	True	NA	NA
RF01786	ABDU01000054.2/14999-15082	True	True	NA	NA
RF01786	ABDX01000006.1/72290-72207	True	True	NA	NA
RF01786	ABFD02000011.1/154500-154415	True	True	NA	NA
RF01786	ABHD02000026.1/148456-148371	True	True	NA	NA
RF01786	ABHE02000039.1/57574-57489	True	True	NA	NA
RF01786	ABHG02000025.1/45887-45804	True	True	NA	NA
RF01786	ABSO01005747.1/296-213	True	True	NA	NA
RF01786	ABVK02000002.1/96520-96604	True	True	NA	NA
RF01786	ACOM01000005.1/2090470-2090387	True	True	NA	NA
RF01786	AE000513.1/1919839-1919755	True	True	NA	NA
RF01786	AE000513.1/692045-692129	True	True	NA	NA
RF01786	AE001437.1/3752962-3752879	True	True	NA	NA
RF01786	AE001437.1/648479-648561	True	True	NA	NA
RF01786	AE015927.1/474745-474827	True	True	NA	NA
RF01786	AJ965256.1/1260708-1260792	True	True	NA	NA
RF01786	AM180355.1/3306767-3306682	True	True	NA	NA
RF01786	AM180355.1/3801149-3801064	True	True	NA	NA
RF01786	AM180355.1/3826693-3826610	True	True	NA	NA
RF01786	AM180355.1/4105882-4105797	True	True	NA	NA
RF01786	AP009049.1/1160074-1160160	True	True	NA	NA
RF01786	AP009389.1/2908378-2908465	True	True	NA	NA
RF01786	BA000004.3/387918-388001	True	True	NA	NA
RF01786	BA000016.3/197260-197343	True	True	NA	NA
RF01786	CP000246.1/171340-171423	True	True	NA	NA
RF01786	CP000312.1/175590-175673	True	True	NA	NA
RF01786	CP000359.1/298588-298670	True	True	NA	NA
RF01786	CP000382.1/1875256-1875172	True	True	NA	NA
RF01786	CP000721.1/1272636-1272718	True	True	NA	NA
RF01786	CP000721.1/2207052-2207135	True	True	NA	NA
RF01786	CP000721.1/2550212-2550295	True	True	NA	NA
RF01786	CP000721.1/3552610-3552527	True	True	NA	NA
RF01786	CP000721.1/4369760-4369677	True	True	NA	NA
RF01786	CP000721.1/4868650-4868568	True	True	NA	NA
RF01786	CP000724.1/3560727-3560645	True	True	NA	NA
RF01786	CP000923.1/1535517-1535600	True	True	NA	NA
RF01786	CP001078.1/3290558-3290475	True	True	NA	NA
RF01786	CP001098.1/2206138-2206055	True	True	NA	NA
RF01786	CP001116.1/102374-102291	True	True	NA	NA
RF01786	CP001276.1/419946-420032	True	True	NA	NA
RF01786	CP001720.1/3973350-3973434	True	True	NA	NA
RF01786	CP001743.1/2770688-2770773	True	True	NA	NA
RF01786	CP001791.1/1643284-1643367	True	True	NA	NA
RF01786	CP001824.1/1154935-1155018	True	True	NA	NA
RF01786	CP001825.1/388010-388096	True	True	NA	NA
RF01786	CP002042.1/3024809-3024724	True	True	NA	NA
RF01786	URS000080E282_1488/1-75	True	True	3Q3Z_A_SS;3Q3Z_V_SS	3Q3Z_A_SS;3Q3Z_V_SS
RF01807	AJ001399.1/226-444	True	True	NA	NA
RF01807	AJ938153.1/1498-1693	True	True	NA	NA
RF01807	AM167878.1/227-437	True	True	NA	NA
RF01807	AM167886.1/221-427	True	True	NA	NA
RF01807	AM497929.1/1-198	True	True	NA	NA
RF01807	AM497930.1/1-209	True	True	NA	NA
RF01807	AM497931.1/1-200	True	True	NA	NA
RF01807	AM497932.1/1-207	True	True	NA	NA
RF01807	DQ388519.1/880-1088	True	True	NA	NA
RF01807	DQ768723.1/878-1093	True	True	NA	NA
RF01807	U80250.1/227-423	True	True	NA	NA
RF01807	URS000080DE6F_5793/1-188	True	True	4P8Z_A_SS	4P8Z_A_SS
RF01807	Y10190.1/227-437	True	True	NA	NA
RF01826	AACY023226915.1/901-837	True	True	NA	NA
RF01826	AAPV01000002.1/208413-208345	True	True	NA	NA
RF01826	ABOH01000803.1/30-94	True	True	NA	NA
RF01826	ABVS01000001.1/912548-912482	True	True	NA	NA
RF01826	CP000084.1/1127423-1127359	True	True	NA	NA
RF01826	CP000084.1/732850-732787	True	True	NA	NA
RF01826	URS0000D77952_335992/1-53	True	True	6FZ0_A_SS	6FZ0_A_SS
RF01831	AACY023280528.1/886-799	True	True	NA	NA
RF01831	AAPZ02000001.1/1062273-1062367	True	True	NA	NA
RF01831	AAQK01002704.1/947-835	True	True	NA	NA
RF01831	AAQK01002842.1/285-380	True	True	NA	NA
RF01831	AAQK01005422.1/60-187	True	True	NA	NA
RF01831	AAQK01006702.1/2245-2148	True	True	NA	NA
RF01831	AAQK01008307.1/175-79	True	True	NA	NA
RF01831	AAQL01011279.1/614-718	True	True	NA	NA
RF01831	AAVO02000004.1/164832-164736	True	True	NA	NA
RF01831	AAXG02000014.1/43071-43187	True	True	NA	NA
RF01831	AAYG02000031.1/153078-152980	True	True	NA	NA
RF01831	ABAW02000025.1/72799-72896	True	True	NA	NA
RF01831	ABCC02000039.1/266095-266205	True	True	NA	NA
RF01831	ABDQ01000031.1/13491-13593	True	True	NA	NA
RF01831	ABEE02000015.1/221133-221224	True	True	NA	NA
RF01831	ABFY02000012.1/69214-69315	True	True	NA	NA
RF01831	ABGD02000012.1/179260-179163	True	True	NA	NA
RF01831	ABHH01000004.1/97682-97579	True	True	NA	NA
RF01831	ABIL02000006.1/201569-201478	True	True	NA	NA
RF01831	ABJK02000016.1/18473-18563	True	True	NA	NA
RF01831	ABQR01000045.1/213424-213528	True	True	NA	NA
RF01831	ABVQ01000035.1/347941-347845	True	True	NA	NA
RF01831	ABWK02000009.1/209906-209808	True	True	NA	NA
RF01831	ABWO01000186.1/26189-26089	True	True	NA	NA
RF01831	ABYI02000015.1/33605-33505	True	True	NA	NA
RF01831	ABYJ02000297.1/736-845	True	True	NA	NA
RF01831	ABYO01000283.1/48498-48413	True	True	NA	NA
RF01831	ACAJ01000006.1/70988-71087	True	True	NA	NA
RF01831	ACAO01000008.1/73651-73753	True	True	NA	NA
RF01831	ACBY02000010.1/41255-41369	True	True	NA	NA
RF01831	ACBZ01000165.1/18004-18100	True	True	NA	NA
RF01831	ACCF01000156.1/25104-25200	True	True	NA	NA
RF01831	ACCJ01000114.1/2562-2664	True	True	NA	NA
RF01831	ACCL02000010.1/116901-116811	True	True	NA	NA
RF01831	ACEC01000113.1/20426-20527	True	True	NA	NA
RF01831	ACGC01000009.1/96239-96150	True	True	NA	NA
RF01831	ACGH01000132.1/62035-62149	True	True	NA	NA
RF01831	ACGS02000005.1/10939-11039	True	True	NA	NA
RF01831	ACGV01000122.1/3906-3812	True	True	NA	NA
RF01831	ACHL01000137.1/17495-17397	True	True	NA	NA
RF01831	ACHM02000003.1/346335-346246	True	True	NA	NA
RF01831	ACIL02000003.1/15754-15855	True	True	NA	NA
RF01831	ACIN02000021.1/2207-2306	True	True	NA	NA
RF01831	ACIP02000001.1/94372-94274	True	True	NA	NA
RF01831	ACIQ02000013.1/140241-140142	True	True	NA	NA
RF01831	ACJM01000014.1/36600-36692	True	True	NA	NA
RF01831	ACKX01000080.1/10519-10620	True	True	NA	NA
RF01831	ACKZ01000029.1/132325-132227	True	True	NA	NA
RF01831	ACLL01000013.1/10304-10210	True	True	NA	NA
RF01831	ACOK01000004.1/41711-41613	True	True	NA	NA
RF01831	ACTV01000001.1/67473-67374	True	True	NA	NA
RF01831	AE001437.1/2534636-2534729	True	True	NA	NA
RF01831	AE015927.1/1800312-1800211	True	True	NA	NA
RF01831	AM946015.1/1244497-1244587	True	True	NA	NA
RF01831	AP007281.1/1983266-1983360	True	True	NA	NA
RF01831	AP008971.1/956558-956470	True	True	NA	NA
RF01831	AP009049.1/1524197-1524313	True	True	NA	NA
RF01831	AP010655.1/1460325-1460413	True	True	NA	NA
RF01831	AP012027.1/393698-393787	True	True	NA	NA
RF01831	BAAU01000940.1/627-724	True	True	NA	NA
RF01831	BAAU01016335.1/416-525	True	True	NA	NA
RF01831	BAAV01010818.1/618-715	True	True	NA	NA
RF01831	BAAX01002679.1/2103-2006	True	True	NA	NA
RF01831	BAAX01022545.1/141-43	True	True	NA	NA
RF01831	BAAZ01000245.1/2377-2470	True	True	NA	NA
RF01831	BAAZ01020636.1/794-894	True	True	NA	NA
RF01831	BABA01009937.1/46-141	True	True	NA	NA
RF01831	BABA01028836.1/106-1	True	True	NA	NA
RF01831	BABB01000157.1/63-158	True	True	NA	NA
RF01831	BABD01033677.1/236-329	True	True	NA	NA
RF01831	BABE01001528.1/194-88	True	True	NA	NA
RF01831	BABE01004909.1/284-381	True	True	NA	NA
RF01831	BABE01017430.1/618-522	True	True	NA	NA
RF01831	BABF01004573.1/52-147	True	True	NA	NA
RF01831	BABG01004557.1/3-100	True	True	NA	NA
RF01831	BABG01026548.1/656-558	True	True	NA	NA
RF01831	BABG01026644.1/586-688	True	True	NA	NA
RF01831	CP000233.1/1666649-1666554	True	True	NA	NA
RF01831	CP000382.1/1647712-1647607	True	True	NA	NA
RF01831	CP000407.1/125748-125890	True	True	NA	NA
RF01831	CP000414.1/123971-124060	True	True	NA	NA
RF01831	CP000416.1/852209-852116	True	True	NA	NA
RF01831	CP000422.1/1424554-1424642	True	True	NA	NA
RF01831	CP000423.1/2247840-2247748	True	True	NA	NA
RF01831	CP000673.1/3903929-3904044	True	True	NA	NA
RF01831	CP000724.1/4463946-4464038	True	True	NA	NA
RF01831	CP000724.1/4839802-4839709	True	True	NA	NA
RF01831	CP000727.1/864723-864823	True	True	NA	NA
RF01831	CP000853.1/2619446-2619544	True	True	NA	NA
RF01831	CP000939.1/904743-904843	True	True	NA	NA
RF01831	CP001034.1/2651359-2651454	True	True	NA	NA
RF01831	CP001078.1/2874589-2874491	True	True	NA	NA
RF01831	CP001098.1/71606-71705	True	True	NA	NA
RF01831	CP001348.1/1695232-1695339	True	True	NA	NA
RF01831	CR936503.1/348925-349019	True	True	NA	NA
RF01831	DQ489736.1/97227-97326	True	True	NA	NA
RF01831	FP929037.1/1870907-1871006	True	True	NA	NA
RF01831	URS000080DEF0_39492/1-101	True	True	3SUH_X_SS;3SUX_X_SS;3SUY_X_SS	3SUH_X_SS;3SUX_X_SS;3SUY_X_SS
RF01831	URS000080DF21_210007/1-89	True	True	6Q57_A_SS;7KD1_A_SS	6Q57_A_SS;7KD1_A_SS
RF01831	URS000080DF21_32630/1-89	True	True	4LVV_A_SS;4LVW_A_SS;4LVX_A_SS;4LVY_A_SS;4LVZ_A_SS;4LW0_A_SS	4LVV_A_SS;4LVW_A_SS;4LVX_A_SS;4LVY_A_SS;4LVZ_A_SS;4LW0_A_SS
RF01831	URS000080DFDF_32630/1-89	True	True	3SD3_A_SS	3SD3_A_SS
RF01857	AABC05000008.1/184483-184786	True	True	NA	NA
RF01857	AADL01001717.1/1012-1317	True	True	NA	NA
RF01857	ABSD01000021.1/38175-37865	True	True	NA	NA
RF01857	AE000666.1/1717964-1718273	True	True	NA	NA
RF01857	AE000782.1/798067-798376	True	True	NA	NA
RF01857	AE004437.1/460192-459888	True	True	NA	NA
RF01857	AE008384.1/1111798-1111484	True	True	NA	NA
RF01857	AE009439.1/935907-935595	True	True	NA	NA
RF01857	AE009950.1/9572-9886	True	True	NA	NA
RF01857	AE010299.1/4874795-4875109	True	True	NA	NA
RF01857	AE017261.1/1492109-1491805	True	True	NA	NA
RF01857	AF395888.1/190-495	True	True	NA	NA
RF01857	AJ248283.1/57201-56912	True	True	NA	NA
RF01857	AL445063.1/194108-194411	True	True	NA	NA
RF01857	AM114193.2/620849-620534	True	True	NA	NA
RF01857	AM180088.1/725061-725372	True	True	NA	NA
RF01857	AP006878.1/259360-259673	True	True	NA	NA
RF01857	AY596297.1/1196460-1196149	True	True	NA	NA
RF01857	BA000001.2/48876-48562	True	True	NA	NA
RF01857	BA000011.4/1475624-1475328	True	True	NA	NA
RF01857	BA000023.2/2064430-2064125	True	True	NA	NA
RF01857	BX950229.1/1461662-1461973	True	True	NA	NA
RF01857	CP000077.1/72170-72476	True	True	NA	NA
RF01857	CP000099.1/801978-801664	True	True	NA	NA
RF01857	CP000300.1/1590253-1589939	True	True	NA	NA
RF01857	CP000477.1/1549337-1549652	True	True	NA	NA
RF01857	CP000493.1/1383623-1383896	True	True	NA	NA
RF01857	CP000562.1/2424731-2425040	True	True	NA	NA
RF01857	CP000609.1/65016-64799	True	True	NA	NA
RF01857	CP000678.1/753569-753254	True	True	NA	NA
RF01857	CP000742.1/842166-842480	True	True	NA	NA
RF01857	CP000743.1/1346658-1346343	True	True	NA	NA
RF01857	CP000745.1/730274-730491	True	True	NA	NA
RF01857	CP000816.1/174380-174069	True	True	NA	NA
RF01857	CP000855.1/1150343-1150030	True	True	NA	NA
RF01857	CP000968.1/1864-2174	True	True	NA	NA
RF01857	CP001365.1/875764-875453	True	True	NA	NA
RF01857	CP001403.1/1958409-1958722	True	True	NA	NA
RF01857	CP001687.1/91679-91367	True	True	NA	NA
RF01857	CP001688.1/1905269-1904958	True	True	NA	NA
RF01857	CP001690.1/2109770-2110081	True	True	NA	NA
RF01857	CP002372.1/1321052-1321364	True	True	NA	NA
RF01857	L77117.1/552541-552856	True	True	NA	NA
RF01857	M21085.1/1-303	True	True	NA	NA
RF01857	M22560.1/122-427	True	True	NA	NA
RF01857	M32222.1/946-1255	True	True	NA	NA
RF01857	URS000080E28C_243232/1-136	True	True	3NDB_M_SS	3NDB_M_SS
RF01857	X01698.1/169-472	True	True	NA	NA
RF01857	X15364.1/827-1136	True	True	NA	NA
RF01857	X17237.1/1-310	True	True	NA	NA
RF01857	X17238.1/1-314	True	True	NA	NA
RF01857	X17239.1/2-308	True	True	NA	NA
RF01857	X17240.1/3-316	True	True	NA	NA
RF01857	Y08257.1/50499-50810	True	True	NA	NA
RF02095	URS000067F057_59729/8-78	True	True	NA	NA
RF02095	URS000075A126_10116/21-91	True	True	NA	NA
RF02095	URS000075ED9A_59729/8-78	True	True	NA	NA
RF02095	URS00007E4F87_9258/1-55	True	True	NA	NA
RF02095	URS000080DF7D_10116/1-71	True	True	2L3J_B_SS	2L3J_B_SS
RF02095	URS0000D4F835_8665/12-79	True	True	NA	NA
RF02095	URS0000D51403_8665/12-82	True	True	NA	NA
RF02095	URS0000D5356B_8665/11-81	True	True	NA	NA
RF02253	AAEX03017890.1/298469-298439	True	True	NA	NA
RF02253	AAFR03033680.1/6556-6526	True	True	NA	NA
RF02253	AANH01009495.1/10595-10625	True	True	NA	NA
RF02253	AANN01734046.1/1792-1822	True	True	NA	NA
RF02253	AAPN01033802.1/214-244	True	True	NA	NA
RF02253	AAPY01264792.1/6848-6818	True	True	NA	NA
RF02253	AAVX01293942.1/615-585	True	True	NA	NA
RF02253	AAWZ02031527.1/19065-19095	True	True	NA	NA
RF02253	ABJB010839612.1/1641-1672	True	True	NA	NA
RF02253	ABPK01066404.1/64-34	True	True	NA	NA
RF02253	ABQF01023485.1/2300-2270	True	True	NA	NA
RF02253	ABQO010331002.1/2885-2915	True	True	NA	NA
RF02253	ABRT010089884.1/134-104	True	True	NA	NA
RF02253	AC096777.1/125476-125507	True	True	NA	NA
RF02253	AF428141.1/386-416	True	True	NA	NA
RF02253	AJ851647.1/104-134	True	True	NA	NA
RF02253	BAAF04049161.1/677-707	True	True	NA	NA
RF02253	BC002592.2/1805-1836	True	True	NA	NA
RF02253	BC108025.1/2966-2996	True	True	NA	NA
RF02253	BT072252.1/999-1029	True	True	NA	NA
RF02253	CAAB02011656.1/4642-4612	True	True	NA	NA
RF02253	CAAE01012432.1/1092-1062	True	True	NA	NA
RF02253	CT030428.1/3683-3713	True	True	NA	NA
RF02253	DQ065759.1/122-152	True	True	NA	NA
RF02253	DQ496099.1/33026-33056	True	True	NA	NA
RF02253	DQ496099.1/33076-33106	True	True	NA	NA
RF02253	DQ496099.1/33480-33510	True	True	NA	NA
RF02253	DQ496099.1/33592-33622	True	True	NA	NA
RF02253	U87926.1/193-223	True	True	NA	NA
RF02253	URS000080E231_9986/1-29	True	True	3SN2_B_SS	3SN2_B_SS
RF02340	DQ863634.1/1-71	True	True	NA	NA
RF02340	GQ398255.1/1-71	True	True	NA	NA
RF02340	GQ398256.1/1-71	True	True	NA	NA
RF02340	GQ398276.1/1-72	True	True	NA	NA
RF02340	KU527068.1/1-73	True	True	NA	NA
RF02340	NC_001437.1/1-75	True	True	NA	NA
RF02340	NC_001474.2/1-72	True	True	NA	NA
RF02340	NC_001475.2/1-71	True	True	NA	NA
RF02340	NC_001477.1/1-71	True	True	NA	NA
RF02340	NC_001563.2/1-77	True	True	NA	NA
RF02340	NC_002640.1/1-71	True	True	NA	NA
RF02340	URS0002311981_11060/31-102	True	True	7LYF_A_SS	7LYF_A_SS
RF02340	URS0002311A29_64320/31-104	True	True	7LYG_A_SS	7LYG_A_SS
RF02340	URS00023359CE_11053/2-70	True	True	7UMC_A_SS	7UMC_A_SS
RF02340	URS0002681453_32630/1-69	True	True	8GZP_S_SS;8GZQ_S_SS	8GZP_S_SS;8GZQ_S_SS
RF02348	AADQ01000049.1/15499-15591	True	True	NA	NA
RF02348	ACAI01000050.1/53384-53472	True	True	NA	NA
RF02348	ACBA01000078.1/12285-12195	True	True	NA	NA
RF02348	ACLO01000062.1/107643-107734	True	True	NA	NA
RF02348	ACRI01000034.1/5085-5175	True	True	NA	NA
RF02348	ACRJ01000085.1/10909-10818	True	True	NA	NA
RF02348	ADME01000001.1/158721-158629	True	True	NA	NA
RF02348	ADMM01000076.1/70123-70215	True	True	NA	NA
RF02348	ADXG01001843.1/1-90	True	True	NA	NA
RF02348	AECT01000063.1/6663-6753	True	True	NA	NA
RF02348	AEDT01000029.1/16072-15980	True	True	NA	NA
RF02348	AEEL01000016.1/82271-82354	True	True	NA	NA
RF02348	AEOF01000020.1/106699-106796	True	True	NA	NA
RF02348	AEPO01000006.1/10251-10159	True	True	NA	NA
RF02348	AEPV01000075.1/20555-20642	True	True	NA	NA
RF02348	AEQQ01000063.1/19451-19541	True	True	NA	NA
RF02348	AEUU02000001.1/165198-165106	True	True	NA	NA
RF02348	AEUW02000001.1/849316-849406	True	True	NA	NA
RF02348	AEUY02000005.1/1692633-1692725	True	True	NA	NA
RF02348	AEVB01000025.1/19651-19742	True	True	NA	NA
RF02348	AEVC01000007.1/325692-325784	True	True	NA	NA
RF02348	AEVI01000020.1/127-36	True	True	NA	NA
RF02348	AFIM01000053.1/5077-5167	True	True	NA	NA
RF02348	AFUO01000001.1/1088695-1088604	True	True	NA	NA
RF02348	AGFN01000186.1/1088-1178	True	True	NA	NA
RF02348	AM263198.1/2589713-2589805	True	True	NA	NA
RF02348	AP010655.1/737198-737108	True	True	NA	NA
RF02348	BA000034.2/1153816-1153905	True	True	NA	NA
RF02348	CACF01000009.1/10498-10406	True	True	NA	NA
RF02348	CP000261.1/812792-812703	True	True	NA	NA
RF02348	CP001129.1/1373630-1373722	True	True	NA	NA
RF02348	CP002651.1/1297534-1297618	True	True	NA	NA
RF02348	CP003068.1/774585-774496	True	True	NA	NA
RF02348	FR720602.1/132808-132900	True	True	NA	NA
RF02348	FR873481.1/489592-489501	True	True	NA	NA
RF02348	URS0000E60BB7_160490/21-116	True	True	6MCB_B_SS;6MCC_B_SS	6MCB_B_SS;6MCC_B_SS
RF02348	URS000234A4AD_1314/20-115	True	True	7V59_C_SS;7V59_G_SS	7V59_C_SS;7V59_G_SS
RF02519	AAEP01000052.1/71937-71904	True	True	NA	NA
RF02519	ACNL01000295.1/1429-1396	True	True	NA	NA
RF02519	CP000905.1/47243-47276	True	True	NA	NA
RF02519	DQ025752.1/63481-63448	True	True	NA	NA
RF02519	URS000080E03C_1428/1-34	True	True	4ATO_G_SS	4ATO_G_SS
RF02521	AY714213.1/3822-3906	True	True	NA	NA
RF02521	JF713436.1/3827-3911	True	True	NA	NA
RF02521	URS0002681455_193120/1-88	True	True	8SH5_R_SS	8SH5_R_SS
RF02553	ACEA01000002.1/40396-40510	True	True	NA	NA
RF02553	ADBF01000255.1/32505-32391	True	True	NA	NA
RF02553	AEYZ01000396.1/7368-7480	True	True	NA	NA
RF02553	CP002727.1/4011288-4011407	True	True	NA	NA
RF02553	FQ312003.1/3704232-3704124	True	True	NA	NA
RF02553	URS0000D7791B_90371/1-81	True	True	6CU1_A_SS	6CU1_A_SS
RF02678	URS0000D65715_12908/43-169	True	True	NA	NA
RF02678	URS0000D65726_12908/27-152	True	True	NA	NA
RF02678	URS0000D65910_12908/18-114	True	True	NA	NA
RF02678	URS0000D65B53_12908/31-157	True	True	NA	NA
RF02678	URS0000D65DEC_12908/34-116	True	True	NA	NA
RF02678	URS0000D65E2E_12908/1-126	True	True	NA	NA
RF02678	URS0000D65EF2_12908/31-165	True	True	NA	NA
RF02678	URS0000D65F91_12908/1-84	True	True	NA	NA
RF02678	URS0000D65FC8_12908/31-165	True	True	NA	NA
RF02678	URS0000D65FCD_12908/1-124	True	True	NA	NA
RF02678	URS0000D6608A_12908/32-149	True	True	NA	NA
RF02678	URS0000D660C8_12908/31-178	True	True	NA	NA
RF02678	URS0000D66157_12908/1-126	True	True	NA	NA
RF02678	URS0000D664B8_12908/1-208	True	True	NA	NA
RF02678	URS0000D665D7_12908/44-181	True	True	NA	NA
RF02678	URS0000D66625_12908/44-170	True	True	NA	NA
RF02678	URS0000D66771_12908/1-124	True	True	NA	NA
RF02678	URS0000D66789_12908/32-160	True	True	NA	NA
RF02678	URS0000D667AB_12908/1-134	True	True	NA	NA
RF02678	URS0000D66914_12908/1-128	True	True	NA	NA
RF02678	URS0000D66917_12908/23-175	True	True	NA	NA
RF02678	URS0000D66920_12908/31-165	True	True	NA	NA
RF02678	URS0000D66997_12908/1-124	True	True	NA	NA
RF02678	URS0000D66A8D_12908/31-148	True	True	NA	NA
RF02678	URS0000D66B54_12908/32-150	True	True	NA	NA
RF02678	URS0000D66B79_12908/34-152	True	True	NA	NA
RF02678	URS0000D66E0A_12908/18-141	True	True	NA	NA
RF02678	URS0000D66E14_12908/1-134	True	True	NA	NA
RF02678	URS0000D66E61_12908/1-163	True	True	NA	NA
RF02678	URS0000D66E78_12908/23-187	True	True	NA	NA
RF02678	URS0000D67087_12908/24-120	True	True	NA	NA
RF02678	URS0000D670B6_12908/19-150	True	True	NA	NA
RF02678	URS0000D670FE_12908/1-130	True	True	NA	NA
RF02678	URS0000D671AC_12908/27-154	True	True	NA	NA
RF02678	URS0000D671D2_12908/1-100	True	True	NA	NA
RF02678	URS0000D673B3_1262980/1-130	True	True	NA	NA
RF02678	URS0000D673B3_12908/1-130	True	True	NA	NA
RF02678	URS0000D67496_12908/31-157	True	True	NA	NA
RF02678	URS0000D67534_12908/31-165	True	True	NA	NA
RF02678	URS0000D6762F_12908/34-158	True	True	NA	NA
RF02678	URS0000D67662_12908/32-165	True	True	NA	NA
RF02678	URS0000D67798_12908/19-180	True	True	NA	NA
RF02678	URS0000D67864_12908/23-150	True	True	NA	NA
RF02678	URS0000D67AE3_12908/1-159	True	True	NA	NA
RF02678	URS0000D67B26_12908/1-124	True	True	NA	NA
RF02678	URS0000D67B78_12908/29-146	True	True	NA	NA
RF02678	URS0000D67CF2_12908/18-110	True	True	NA	NA
RF02678	URS0000D67D12_12908/1-190	True	True	NA	NA
RF02678	URS0000D67D97_12908/32-157	True	True	NA	NA
RF02678	URS0000D67DE9_12908/27-154	True	True	NA	NA
RF02678	URS0000D67E31_12908/31-179	True	True	NA	NA
RF02678	URS0000D67EB4_12908/32-156	True	True	NA	NA
RF02678	URS0000D68020_12908/43-174	True	True	NA	NA
RF02678	URS0000D6802F_12908/44-176	True	True	NA	NA
RF02678	URS0000D680DD_12908/34-158	True	True	NA	NA
RF02678	URS0000D680F9_12908/44-181	True	True	NA	NA
RF02678	URS0000D683C1_12908/32-156	True	True	NA	NA
RF02678	URS0000D683E5_12908/1-163	True	True	NA	NA
RF02678	URS0000D68401_12908/24-204	True	True	NA	NA
RF02678	URS0000D68431_12908/43-174	True	True	NA	NA
RF02678	URS0000D68517_12908/23-119	True	True	NA	NA
RF02678	URS0000D685AC_12908/1-133	True	True	NA	NA
RF02678	URS0000D6868F_12908/43-169	True	True	NA	NA
RF02678	URS0000D686DF_12908/31-148	True	True	NA	NA
RF02678	URS0000D687C5_12908/32-156	True	True	NA	NA
RF02678	URS0000D688E2_12908/31-178	True	True	NA	NA
RF02678	URS0000D6897D_12908/1-153	True	True	NA	NA
RF02678	URS0000D68A13_12908/1-156	True	True	NA	NA
RF02678	URS0000D68AFA_12908/31-157	True	True	NA	NA
RF02678	URS0000D68B0D_12908/32-156	True	True	NA	NA
RF02678	URS0000D68B7D_12908/43-174	True	True	NA	NA
RF02678	URS0000D68B8D_12908/1-153	True	True	NA	NA
RF02678	URS0000D68D9A_12908/44-176	True	True	NA	NA
RF02678	URS0000D68DFD_12908/31-165	True	True	NA	NA
RF02678	URS0000D68E2F_12908/43-174	True	True	NA	NA
RF02678	URS0000D690DB_12908/1-133	True	True	NA	NA
RF02678	URS0000D691B3_12908/27-154	True	True	NA	NA
RF02678	URS0000D691F0_12908/1-128	True	True	NA	NA
RF02678	URS0000D6921F_12908/1-112	True	True	NA	NA
RF02678	URS0000D6938E_12908/1-189	True	True	NA	NA
RF02678	URS0000D693F5_12908/26-152	True	True	NA	NA
RF02678	URS0000D695A2_12908/32-150	True	True	NA	NA
RF02678	URS0000D69621_12908/27-171	True	True	NA	NA
RF02678	URS0000D69733_12908/32-165	True	True	NA	NA
RF02678	URS0000D697C7_12908/1-147	True	True	NA	NA
RF02678	URS0000D698D6_12908/1-130	True	True	NA	NA
RF02678	URS0000D69905_12908/32-154	True	True	NA	NA
RF02678	URS0000D69A24_12908/1-166	True	True	NA	NA
RF02678	URS0000D69B29_12908/43-169	True	True	NA	NA
RF02678	URS0000D69B30_12908/31-165	True	True	NA	NA
RF02678	URS0000D69C29_12908/31-179	True	True	NA	NA
RF02678	URS0000D69E3C_12908/32-156	True	True	NA	NA
RF02678	URS0000D6A247_12908/1-126	True	True	NA	NA
RF02678	URS0000D6A2E8_12908/24-130	True	True	NA	NA
RF02678	URS0000D6A3D5_12908/32-156	True	True	NA	NA
RF02678	URS0000D6A3DF_12908/27-152	True	True	NA	NA
RF02678	URS0000D6A49C_12908/1-112	True	True	NA	NA
RF02678	URS0000D6A542_12908/1-132	True	True	NA	NA
RF02678	URS0000D6A589_12908/23-187	True	True	NA	NA
RF02678	URS0000D6A624_12908/31-179	True	True	NA	NA
RF02678	URS0000D6A696_12908/19-180	True	True	NA	NA
RF02678	URS0000D6A77C_12908/1-115	True	True	NA	NA
RF02678	URS0000D6A87B_12908/27-151	True	True	NA	NA
RF02678	URS0000D6A994_12908/34-117	True	True	NA	NA
RF02678	URS0000D6AA40_12908/43-169	True	True	NA	NA
RF02678	URS0000D6AA9A_12908/43-174	True	True	NA	NA
RF02678	URS0000D6AC66_12908/1-138	True	True	NA	NA
RF02678	URS0000D6AD0F_12908/42-173	True	True	NA	NA
RF02678	URS0000D6AE31_12908/1-162	True	True	NA	NA
RF02678	URS0000D6AF5B_12908/42-173	True	True	NA	NA
RF02678	URS0000D6B082_12908/1-130	True	True	NA	NA
RF02678	URS0000D6B237_12908/1-124	True	True	NA	NA
RF02678	URS0000D6B2B2_12908/34-158	True	True	NA	NA
RF02678	URS0000D6B494_12908/1-126	True	True	NA	NA
RF02678	URS0000D6B4E6_12908/32-156	True	True	NA	NA
RF02678	URS0000D6B5D8_12908/1-82	True	True	NA	NA
RF02678	URS0000D6B5F7_12908/31-178	True	True	NA	NA
RF02678	URS0000D6B5FD_12908/38-167	True	True	NA	NA
RF02678	URS0000D6B7AA_12908/31-178	True	True	NA	NA
RF02678	URS0000D6B8AA_12908/43-174	True	True	NA	NA
RF02678	URS0000D6B91F_12908/18-129	True	True	NA	NA
RF02678	URS0000D6B95F_12908/1-168	True	True	NA	NA
RF02678	URS0000D6B9AF_12908/1-121	True	True	NA	NA
RF02678	URS0000D6B9C7_12908/23-186	True	True	NA	NA
RF02678	URS0000D6B9FA_12908/1-100	True	True	NA	NA
RF02678	URS0000D6BA4D_12908/23-119	True	True	NA	NA
RF02678	URS0000D6BB6D_12908/34-158	True	True	NA	NA
RF02678	URS0000D6BD5A_12908/23-119	True	True	NA	NA
RF02678	URS0000D6BD63_12908/19-166	True	True	NA	NA
RF02678	URS0000D6BD69_12908/24-204	True	True	NA	NA
RF02678	URS0000D6BE2A_12908/27-151	True	True	NA	NA
RF02678	URS0000D6BE5B_12908/1-125	True	True	NA	NA
RF02678	URS0000D6BED4_12908/32-163	True	True	NA	NA
RF02678	URS0000D6C03C_12908/1-97	True	True	NA	NA
RF02678	URS0000D6C0DB_12908/18-129	True	True	NA	NA
RF02678	URS0000D6C318_12908/1-119	True	True	NA	NA
RF02678	URS0000D6C495_12908/1-86	True	True	NA	NA
RF02678	URS0000D6C543_12908/1-108	True	True	NA	NA
RF02678	URS0000D6C55C_12908/1-130	True	True	NA	NA
RF02678	URS0000D6C599_12908/31-127	True	True	NA	NA
RF02678	URS0000D6C648_12908/31-178	True	True	NA	NA
RF02678	URS0000D6C6A3_12908/1-125	True	True	NA	NA
RF02678	URS0000D6C6A9_12908/32-166	True	True	NA	NA
RF02678	URS0000D6C9D5_12908/23-119	True	True	NA	NA
RF02678	URS0000D6CCE4_12908/31-154	True	True	NA	NA
RF02678	URS0000D6CCF0_12908/57-203	True	True	NA	NA
RF02678	URS0000D6CD60_12908/1-130	True	True	NA	NA
RF02678	URS0000D6CE7E_12908/1-181	True	True	NA	NA
RF02678	URS0000D6CF99_12908/31-179	True	True	NA	NA
RF02678	URS0000D6D07C_12908/19-144	True	True	NA	NA
RF02678	URS0000D6D14A_12908/32-156	True	True	NA	NA
RF02678	URS0000D6D18D_12908/1-132	True	True	NA	NA
RF02678	URS0000D6D31A_12908/32-157	True	True	NA	NA
RF02678	URS0000EEAD20_32630/1-82	True	True	6JQ5_A_SS;6JQ5_B_SS	6JQ5_A_SS;6JQ5_B_SS
RF02678	URS0000EEAD29_32630/1-81	True	True	6JQ6_U_SS	6JQ6_U_SS
RF02679	AACY020060774.1/2553-2619	True	True	NA	NA
RF02679	AACY020454254.1/1909-1844	True	True	NA	NA
RF02679	AACY020454584.1/1474-1546	True	True	NA	NA
RF02679	AACY020454584.1/604-676	True	True	NA	NA
RF02679	AACY020454584.1/937-1000	True	True	NA	NA
RF02679	AACY020496190.1/1503-1438	True	True	NA	NA
RF02679	AACY020846719.1/108-178	True	True	NA	NA
RF02679	AACY020846719.1/529-597	True	True	NA	NA
RF02679	AACY021048934.1/360-303	True	True	NA	NA
RF02679	AACY022607213.1/736-672	True	True	NA	NA
RF02679	AACY022661277.1/934-864	True	True	NA	NA
RF02679	AACY022753348.1/678-746	True	True	NA	NA
RF02679	AACY023396520.1/1459-1527	True	True	NA	NA
RF02679	ABFK02000017.1/466353-466289	True	True	NA	NA
RF02679	ABLX01143204.1/55-1	True	True	NA	NA
RF02679	ABLX01165607.1/35-1	True	True	NA	NA
RF02679	ABLX01198122.1/57-104	True	True	NA	NA
RF02679	ABLX01246400.1/55-101	True	True	NA	NA
RF02679	ABLZ01250225.1/97-32	True	True	NA	NA
RF02679	ABNK01016853.1/25-90	True	True	NA	NA
RF02679	ABPY01006745.1/33-98	True	True	NA	NA
RF02679	ABPY01006745.1/722-791	True	True	NA	NA
RF02679	ABPY01006746.1/503-437	True	True	NA	NA
RF02679	ACWC01000004.1/40409-40346	True	True	NA	NA
RF02679	ADCZ01000007.1/276193-276256	True	True	NA	NA
RF02679	ADCZ01000007.1/276491-276554	True	True	NA	NA
RF02679	ADCZ01000007.1/277655-277723	True	True	NA	NA
RF02679	ADCZ01000057.1/1592-1655	True	True	NA	NA
RF02679	ADGC01049496.1/241-175	True	True	NA	NA
RF02679	AERA01001428.1/285-220	True	True	NA	NA
RF02679	AFHJ01000001.1/939500-939435	True	True	NA	NA
RF02679	AFHW01000093.1/13318-13252	True	True	NA	NA
RF02679	AFOX01000025.1/1981-1912	True	True	NA	NA
RF02679	AGFS01138167.1/426-348	True	True	NA	NA
RF02679	AGGO01000583.1/22-99	True	True	NA	NA
RF02679	BAAU01005155.1/240-168	True	True	NA	NA
RF02679	BAAU01010303.1/537-465	True	True	NA	NA
RF02679	BAAV01005253.1/703-639	True	True	NA	NA
RF02679	BABE01011365.1/336-273	True	True	NA	NA
RF02679	CP000154.1/3364237-3364168	True	True	NA	NA
RF02679	CP000817.1/2010936-2011013	True	True	NA	NA
RF02679	CP002400.1/1057607-1057686	True	True	NA	NA
RF02679	FP929053.1/1669026-1668956	True	True	NA	NA
RF02679	FP929062.1/241377-241311	True	True	NA	NA
RF02679	HE577054.1/3246821-3246752	True	True	NA	NA
RF02679	URS0001A16A60_562/1-50	True	True	6UEY_A_SS;6UEY_C_SS;6UF1_A_SS;6UF1_C_SS	6UEY_A_SS;6UEY_C_SS;6UF1_A_SS;6UF1_C_SS
RF02679	URS0001A16A65_32630/1-51	True	True	6UFJ_A_SS;6UFJ_C_SS;6UFK_A_SS;6UFK_C_SS	6UFJ_A_SS;6UFJ_C_SS;6UFK_A_SS;6UFK_C_SS
RF02680	ABED02000027.1/116756-116655	True	True	NA	NA
RF02680	ACBY02000013.1/114529-114434	True	True	NA	NA
RF02680	ACOP02000046.1/22370-22270	True	True	NA	NA
RF02680	ADJS01009870.1/10212-10312	True	True	NA	NA
RF02680	ADJS01009939.1/10976-11077	True	True	NA	NA
RF02680	ADJS01011583.1/9082-9183	True	True	NA	NA
RF02680	ADJS01012663.1/5165-5065	True	True	NA	NA
RF02680	ADJS01012726.1/612-517	True	True	NA	NA
RF02680	ADJS01013861.1/2134-2227	True	True	NA	NA
RF02680	ADJT01005830.1/328-228	True	True	NA	NA
RF02680	ADJT01007369.1/6381-6474	True	True	NA	NA
RF02680	AECU01000177.1/7590-7690	True	True	NA	NA
RF02680	BAAU01020333.1/1-83	True	True	NA	NA
RF02680	BAAV01004919.1/1075-1175	True	True	NA	NA
RF02680	BAAX01000347.1/2947-2847	True	True	NA	NA
RF02680	BAAX01000750.1/3091-2990	True	True	NA	NA
RF02680	BAAX01019688.1/382-483	True	True	NA	NA
RF02680	BAAY01002380.1/1139-1039	True	True	NA	NA
RF02680	BAAY01002983.1/1264-1163	True	True	NA	NA
RF02680	BAAY01013224.1/926-826	True	True	NA	NA
RF02680	BAAZ01007046.1/1247-1147	True	True	NA	NA
RF02680	BABA01010993.1/1076-1176	True	True	NA	NA
RF02680	BABA01018694.1/413-513	True	True	NA	NA
RF02680	BABA01026116.1/736-636	True	True	NA	NA
RF02680	BABD01012433.1/319-419	True	True	NA	NA
RF02680	BABG01013292.1/257-357	True	True	NA	NA
RF02680	FP929045.1/1765647-1765748	True	True	NA	NA
RF02680	FP929046.1/562024-562125	True	True	NA	NA
RF02680	URS0000868518_853/1-101	True	True	4RZD_A_SS	4RZD_A_SS
RF02680	URS000231199B_853/1-101	True	True	6XKO_A_SS	6XKO_A_SS
RF02680	URS0002311A1C_853/1-101	True	True	6XKN_A_SS	6XKN_A_SS
RF02681	URS0000AB533F_12908/1-81	True	True	NA	NA
RF02681	URS0000AB5F3B_12908/1-81	True	True	NA	NA
RF02681	URS0000ABA33C_12908/1-81	True	True	NA	NA
RF02681	URS0000ABBB1C_12908/1-85	True	True	NA	NA
RF02681	URS0000D657D8_12908/1-82	True	True	NA	NA
RF02681	URS0000D6580C_12908/1-82	True	True	NA	NA
RF02681	URS0000D658AE_12908/1-89	True	True	NA	NA
RF02681	URS0000D658D0_12908/1-83	True	True	NA	NA
RF02681	URS0000D65A66_12908/1-72	True	True	NA	NA
RF02681	URS0000D65C0C_12908/1-71	True	True	NA	NA
RF02681	URS0000D65CFC_12908/1-95	True	True	NA	NA
RF02681	URS0000D65DB1_12908/1-79	True	True	NA	NA
RF02681	URS0000D65E6E_12908/1-84	True	True	NA	NA
RF02681	URS0000D65FC5_12908/1-83	True	True	NA	NA
RF02681	URS0000D66301_12908/1-72	True	True	NA	NA
RF02681	URS0000D66357_12908/1-68	True	True	NA	NA
RF02681	URS0000D66374_12908/1-84	True	True	NA	NA
RF02681	URS0000D664AF_12908/1-84	True	True	NA	NA
RF02681	URS0000D665F2_12908/1-81	True	True	NA	NA
RF02681	URS0000D666AF_12908/1-84	True	True	NA	NA
RF02681	URS0000D66743_12908/1-84	True	True	NA	NA
RF02681	URS0000D66752_12908/1-79	True	True	NA	NA
RF02681	URS0000D669B0_12908/1-83	True	True	NA	NA
RF02681	URS0000D66B48_12908/1-81	True	True	NA	NA
RF02681	URS0000D66F4D_12908/1-82	True	True	NA	NA
RF02681	URS0000D66F52_12908/1-83	True	True	NA	NA
RF02681	URS0000D66FC1_12908/1-83	True	True	NA	NA
RF02681	URS0000D6724D_12908/1-92	True	True	NA	NA
RF02681	URS0000D67375_12908/1-95	True	True	NA	NA
RF02681	URS0000D67463_12908/1-81	True	True	NA	NA
RF02681	URS0000D67525_12908/1-85	True	True	NA	NA
RF02681	URS0000D67589_12908/1-81	True	True	NA	NA
RF02681	URS0000D67592_12908/1-72	True	True	NA	NA
RF02681	URS0000D677E9_12908/1-72	True	True	NA	NA
RF02681	URS0000D67C24_12908/1-84	True	True	NA	NA
RF02681	URS0000D67CE1_12908/1-81	True	True	NA	NA
RF02681	URS0000D67D7A_12908/1-82	True	True	NA	NA
RF02681	URS0000D67EE3_12908/1-85	True	True	NA	NA
RF02681	URS0000D67F71_12908/1-81	True	True	NA	NA
RF02681	URS0000D67F9E_12908/1-81	True	True	NA	NA
RF02681	URS0000D6801D_12908/1-72	True	True	NA	NA
RF02681	URS0000D680BC_12908/1-81	True	True	NA	NA
RF02681	URS0000D68162_12908/1-81	True	True	NA	NA
RF02681	URS0000D68218_12908/1-81	True	True	NA	NA
RF02681	URS0000D68248_12908/1-83	True	True	NA	NA
RF02681	URS0000D68545_12908/1-82	True	True	NA	NA
RF02681	URS0000D686B6_12908/1-74	True	True	NA	NA
RF02681	URS0000D686BB_12908/1-84	True	True	NA	NA
RF02681	URS0000D68993_12908/1-68	True	True	NA	NA
RF02681	URS0000D68A76_12908/1-95	True	True	NA	NA
RF02681	URS0000D68B59_12908/1-80	True	True	NA	NA
RF02681	URS0000D68B8A_12908/1-81	True	True	NA	NA
RF02681	URS0000D68F23_12908/1-82	True	True	NA	NA
RF02681	URS0000D68FE0_12908/1-81	True	True	NA	NA
RF02681	URS0000D69018_12908/1-84	True	True	NA	NA
RF02681	URS0000D6910A_12908/1-82	True	True	NA	NA
RF02681	URS0000D692D5_12908/1-81	True	True	NA	NA
RF02681	URS0000D692F4_12908/1-76	True	True	NA	NA
RF02681	URS0000D6948E_12908/1-81	True	True	NA	NA
RF02681	URS0000D6974B_12908/1-116	True	True	NA	NA
RF02681	URS0000D698FC_12908/1-80	True	True	NA	NA
RF02681	URS0000D6995E_12908/1-79	True	True	NA	NA
RF02681	URS0000D69971_12908/1-72	True	True	NA	NA
RF02681	URS0000D699C6_12908/1-74	True	True	NA	NA
RF02681	URS0000D69A08_12908/1-83	True	True	NA	NA
RF02681	URS0000D69DE3_12908/1-83	True	True	NA	NA
RF02681	URS0000D69E74_12908/1-83	True	True	NA	NA
RF02681	URS0000D69EC5_12908/1-83	True	True	NA	NA
RF02681	URS0000D69F81_12908/1-86	True	True	NA	NA
RF02681	URS0000D69FC1_12908/1-74	True	True	NA	NA
RF02681	URS0000D6A136_12908/1-82	True	True	NA	NA
RF02681	URS0000D6A65B_12908/1-81	True	True	NA	NA
RF02681	URS0000D6A690_12908/1-82	True	True	NA	NA
RF02681	URS0000D6A693_12908/1-81	True	True	NA	NA
RF02681	URS0000D6A804_12908/1-83	True	True	NA	NA
RF02681	URS0000D6A815_12908/1-95	True	True	NA	NA
RF02681	URS0000D6A848_12908/1-83	True	True	NA	NA
RF02681	URS0000D6A998_12908/1-71	True	True	NA	NA
RF02681	URS0000D6AAEE_12908/1-83	True	True	NA	NA
RF02681	URS0000D6AE95_12908/1-74	True	True	NA	NA
RF02681	URS0000D6B162_12908/1-72	True	True	NA	NA
RF02681	URS0000D6B1A4_12908/1-81	True	True	NA	NA
RF02681	URS0000D6B2EB_12908/1-81	True	True	NA	NA
RF02681	URS0000D6B489_12908/1-83	True	True	NA	NA
RF02681	URS0000D6B4AC_12908/1-81	True	True	NA	NA
RF02681	URS0000D6B79B_12908/1-82	True	True	NA	NA
RF02681	URS0000D6BB25_12908/1-85	True	True	NA	NA
RF02681	URS0000D6BC5E_12908/1-85	True	True	NA	NA
RF02681	URS0000D6BCAD_12908/1-83	True	True	NA	NA
RF02681	URS0000D6BECC_12908/1-81	True	True	NA	NA
RF02681	URS0000D6BF3E_12908/1-83	True	True	NA	NA
RF02681	URS0000D6BF99_12908/1-85	True	True	NA	NA
RF02681	URS0000D6BFE9_12908/1-79	True	True	NA	NA
RF02681	URS0000D6C20B_12908/1-83	True	True	NA	NA
RF02681	URS0000D6C4F1_12908/1-81	True	True	NA	NA
RF02681	URS0000D6C544_12908/1-81	True	True	NA	NA
RF02681	URS0000D6C57E_12908/1-85	True	True	NA	NA
RF02681	URS0000D6C5A8_12908/1-72	True	True	NA	NA
RF02681	URS0000D6C5E7_557599/1-74	True	True	NA	NA
RF02681	URS0000D6C67D_12908/1-116	True	True	NA	NA
RF02681	URS0000D6C796_12908/1-82	True	True	NA	NA
RF02681	URS0000D6C7A2_12908/1-83	True	True	NA	NA
RF02681	URS0000D6C82A_12908/1-82	True	True	NA	NA
RF02681	URS0000D6C8C8_12908/1-82	True	True	NA	NA
RF02681	URS0000D6C8E3_12908/1-82	True	True	NA	NA
RF02681	URS0000D6C9A4_12908/1-111	True	True	NA	NA
RF02681	URS0000D6C9F0_12908/1-81	True	True	NA	NA
RF02681	URS0000D6CA4D_12908/1-71	True	True	NA	NA
RF02681	URS0000D6CB48_12908/1-83	True	True	NA	NA
RF02681	URS0000D6CC3E_12908/1-72	True	True	NA	NA
RF02681	URS0000D6CFB1_12908/1-78	True	True	NA	NA
RF02681	URS0000D6D1EC_12908/1-82	True	True	NA	NA
RF02681	URS000261772C_256318/1-62	True	True	5T5A_A_SS	5T5A_A_SS
RF02683	AAWL01000017.1/25112-25035	True	True	NA	NA
RF02683	AAXB02000001.1/302330-302454	True	True	NA	NA
RF02683	AAXG02000045.1/2452-2549	True	True	NA	NA
RF02683	AAYW02000017.1/89779-89685	True	True	NA	NA
RF02683	ABCC02000047.1/101761-101671	True	True	NA	NA
RF02683	ABEY02000006.1/25295-25212	True	True	NA	NA
RF02683	ABFY02000067.1/269385-269480	True	True	NA	NA
RF02683	ABHH01000006.1/34797-34694	True	True	NA	NA
RF02683	ABQR01000046.1/117420-117521	True	True	NA	NA
RF02683	ABYI02000012.1/66005-65911	True	True	NA	NA
RF02683	ACBY02000011.1/20821-20727	True	True	NA	NA
RF02683	ACCJ01000322.1/14085-13994	True	True	NA	NA
RF02683	ACCL02000009.1/43428-43513	True	True	NA	NA
RF02683	ACCR02000006.1/49989-49881	True	True	NA	NA
RF02683	ACDH01000075.1/27393-27312	True	True	NA	NA
RF02683	ACHL01000004.1/2975-2867	True	True	NA	NA
RF02683	ACIE02000035.1/129003-128921	True	True	NA	NA
RF02683	ACII01000103.1/12160-12054	True	True	NA	NA
RF02683	ACIO01000756.1/6332-6236	True	True	NA	NA
RF02683	ACSC01000002.1/2287722-2287631	True	True	NA	NA
RF02683	ACTJ01000082.1/4659-4566	True	True	NA	NA
RF02683	ACTP01000040.1/119838-119957	True	True	NA	NA
RF02683	ACTR01000042.1/628-533	True	True	NA	NA
RF02683	ACXX02000003.1/385221-385320	True	True	NA	NA
RF02683	ADDX01000036.1/19553-19630	True	True	NA	NA
RF02683	ADFP01000095.1/5329-5413	True	True	NA	NA
RF02683	ADGC01006520.1/5852-5937	True	True	NA	NA
RF02683	ADJS01001306.1/1758-1671	True	True	NA	NA
RF02683	ADJS01006913.1/2727-2603	True	True	NA	NA
RF02683	ADJS01017039.1/13737-13800	True	True	NA	NA
RF02683	ADJT01012376.1/11594-11414	True	True	NA	NA
RF02683	ADLR01000090.1/3100-3003	True	True	NA	NA
RF02683	ADMN01000037.1/5181-5285	True	True	NA	NA
RF02683	AEDB01000020.1/61018-61119	True	True	NA	NA
RF02683	AEDB01000024.1/46397-46304	True	True	NA	NA
RF02683	AEDB01000052.1/16213-16310	True	True	NA	NA
RF02683	AEVN01000015.1/26987-27081	True	True	NA	NA
RF02683	AEXQ01000083.1/43353-43249	True	True	NA	NA
RF02683	AGTN01101874.1/525-623	True	True	NA	NA
RF02683	AGTN01285523.1/140-242	True	True	NA	NA
RF02683	AGTN01289422.1/351-261	True	True	NA	NA
RF02683	AGTN01307508.1/5-99	True	True	NA	NA
RF02683	AGTN01407302.1/1961-2052	True	True	NA	NA
RF02683	AGTN01503842.1/168-240	True	True	NA	NA
RF02683	AGTN01590760.1/12-115	True	True	NA	NA
RF02683	AGTN01644247.1/468-372	True	True	NA	NA
RF02683	AGTN01696258.1/1405-1313	True	True	NA	NA
RF02683	BAAU01003136.1/1053-933	True	True	NA	NA
RF02683	BAAV01020169.1/36-217	True	True	NA	NA
RF02683	BAAX01024222.1/601-517	True	True	NA	NA
RF02683	BAAY01006628.1/1007-962	True	True	NA	NA
RF02683	BAAZ01003956.1/1271-1191	True	True	NA	NA
RF02683	BABB01018152.1/626-536	True	True	NA	NA
RF02683	BABE01000339.1/4553-4659	True	True	NA	NA
RF02683	BABE01011344.1/446-627	True	True	NA	NA
RF02683	BABE01016748.1/605-499	True	True	NA	NA
RF02683	BABF01002650.1/1069-975	True	True	NA	NA
RF02683	BABG01002502.1/1745-1891	True	True	NA	NA
RF02683	BABG01020281.1/807-661	True	True	NA	NA
RF02683	BABG01026138.1/868-788	True	True	NA	NA
RF02683	CP000885.1/2639822-2639717	True	True	NA	NA
RF02683	CP000939.1/1702810-1702899	True	True	NA	NA
RF02683	CP000962.1/1779920-1780014	True	True	NA	NA
RF02683	CP001056.1/1566915-1567006	True	True	NA	NA
RF02683	CP001078.1/1526627-1526718	True	True	NA	NA
RF02683	CP001348.1/1290748-1290851	True	True	NA	NA
RF02683	CP001603.1/69513-69621	True	True	NA	NA
RF02683	CP001684.1/2164884-2164979	True	True	NA	NA
RF02683	CP001997.1/495019-495096	True	True	NA	NA
RF02683	CP002011.1/1712339-1712433	True	True	NA	NA
RF02683	CP002028.1/1768652-1768573	True	True	NA	NA
RF02683	CP002109.1/2377684-2377591	True	True	NA	NA
RF02683	CP002160.1/238435-238344	True	True	NA	NA
RF02683	CP002400.1/855172-855273	True	True	NA	NA
RF02683	CP002563.1/2417023-2416920	True	True	NA	NA
RF02683	CP002582.1/3780440-3780356	True	True	NA	NA
RF02683	FP929038.1/798430-798532	True	True	NA	NA
RF02683	FP929039.1/1384329-1384246	True	True	NA	NA
RF02683	FP929053.1/1847000-1846820	True	True	NA	NA
RF02683	FP929055.1/2372574-2372659	True	True	NA	NA
RF02683	FR667692.1/20575-20683	True	True	NA	NA
RF02683	FR667693.1/43791-43683	True	True	NA	NA
RF02683	URS00008116B0_32630/1-94	True	True	4RUM_A_SS	4RUM_A_SS
RF02796	AE009950.1/1865162-1865095	True	True	NA	NA
RF02796	AP006878.1/899083-899151	True	True	NA	NA
RF02796	CP001398.1/1107569-1107637	True	True	NA	NA
RF02796	L77117.1/1659520-1659450	True	True	NA	NA
RF02796	URS000080DEB8_32630/1-58	True	True	3HJW_D_SS;3LWO_D_SS;3LWP_D_SS;3LWQ_D_SS;3LWR_D_SS;3LWV_D_SS	3HJW_D_SS;3LWO_D_SS;3LWP_D_SS;3LWQ_D_SS;3LWR_D_SS;3LWV_D_SS
RF02926	URS0000D65A3A_12908/1-49	True	True	NA	NA
RF02926	URS0000D65C6C_12908/1-51	True	True	NA	NA
RF02926	URS0000D65CC7_12908/1-49	True	True	NA	NA
RF02926	URS0000D65CD5_12908/1-49	True	True	NA	NA
RF02926	URS0000D65D7C_12908/1-49	True	True	NA	NA
RF02926	URS0000D65E14_12908/1-49	True	True	NA	NA
RF02926	URS0000D65EEF_12908/1-49	True	True	NA	NA
RF02926	URS0000D661A8_12908/1-49	True	True	NA	NA
RF02926	URS0000D66241_12908/1-49	True	True	NA	NA
RF02926	URS0000D66279_12908/1-49	True	True	NA	NA
RF02926	URS0000D66279_457391/1-49	True	True	NA	NA
RF02926	URS0000D66279_702446/1-49	True	True	NA	NA
RF02926	URS0000D66279_997875/1-49	True	True	NA	NA
RF02926	URS0000D66279_997877/1-49	True	True	NA	NA
RF02926	URS0000D66279_997891/1-49	True	True	NA	NA
RF02926	URS0000D662F5_12908/1-49	True	True	NA	NA
RF02926	URS0000D663E5_12908/1-49	True	True	NA	NA
RF02926	URS0000D6644C_12908/1-49	True	True	NA	NA
RF02926	URS0000D6660A_12908/1-49	True	True	NA	NA
RF02926	URS0000D666D3_12908/1-49	True	True	NA	NA
RF02926	URS0000D667A7_12908/1-49	True	True	NA	NA
RF02926	URS0000D668B7_12908/1-49	True	True	NA	NA
RF02926	URS0000D66910_12908/1-51	True	True	NA	NA
RF02926	URS0000D66BA4_12908/1-49	True	True	NA	NA
RF02926	URS0000D66C6F_12908/1-49	True	True	NA	NA
RF02926	URS0000D66C83_12908/1-51	True	True	NA	NA
RF02926	URS0000D66FB8_12908/1-49	True	True	NA	NA
RF02926	URS0000D67129_12908/1-49	True	True	NA	NA
RF02926	URS0000D671FC_12908/1-49	True	True	NA	NA
RF02926	URS0000D673A2_12908/1-50	True	True	NA	NA
RF02926	URS0000D6747A_12908/1-49	True	True	NA	NA
RF02926	URS0000D67553_12908/1-49	True	True	NA	NA
RF02926	URS0000D677DD_1263055/1-49	True	True	NA	NA
RF02926	URS0000D677DD_12908/1-49	True	True	NA	NA
RF02926	URS0000D67825_1263037/1-51	True	True	NA	NA
RF02926	URS0000D67825_12908/1-51	True	True	NA	NA
RF02926	URS0000D6784C_12908/1-49	True	True	NA	NA
RF02926	URS0000D679C2_12908/1-49	True	True	NA	NA
RF02926	URS0000D67F92_12908/1-51	True	True	NA	NA
RF02926	URS0000D6804D_12908/1-51	True	True	NA	NA
RF02926	URS0000D68538_12908/1-49	True	True	NA	NA
RF02926	URS0000D68538_457394/1-49	True	True	NA	NA
RF02926	URS0000D68598_12908/1-49	True	True	NA	NA
RF02926	URS0000D6870F_469585/1-49	True	True	NA	NA
RF02926	URS0000D688D5_12908/1-49	True	True	NA	NA
RF02926	URS0000D68913_12908/1-51	True	True	NA	NA
RF02926	URS0000D68AD0_12908/1-51	True	True	NA	NA
RF02926	URS0000D68BD3_12908/1-49	True	True	NA	NA
RF02926	URS0000D68E52_12908/1-49	True	True	NA	NA
RF02926	URS0000D692A5_12908/1-49	True	True	NA	NA
RF02926	URS0000D694B6_12908/1-51	True	True	NA	NA
RF02926	URS0000D698B0_12908/1-49	True	True	NA	NA
RF02926	URS0000D698C6_12908/1-49	True	True	NA	NA
RF02926	URS0000D69C9C_12908/1-49	True	True	NA	NA
RF02926	URS0000D69C9C_817/1-49	True	True	NA	NA
RF02926	URS0000D69C9C_997878/1-49	True	True	NA	NA
RF02926	URS0000D69D1F_12908/1-49	True	True	NA	NA
RF02926	URS0000D6A1FF_12908/1-49	True	True	NA	NA
RF02926	URS0000D6A20A_1262749/1-49	True	True	NA	NA
RF02926	URS0000D6A20A_12908/1-49	True	True	NA	NA
RF02926	URS0000D6A2F5_12908/1-49	True	True	NA	NA
RF02926	URS0000D6A540_12908/1-49	True	True	NA	NA
RF02926	URS0000D6A540_449673/1-49	True	True	NA	NA
RF02926	URS0000D6A6B0_12908/1-49	True	True	NA	NA
RF02926	URS0000D6A780_12908/1-51	True	True	NA	NA
RF02926	URS0000D6A9BA_12908/1-49	True	True	NA	NA
RF02926	URS0000D6ACAF_12908/1-49	True	True	NA	NA
RF02926	URS0000D6ADC0_12908/1-49	True	True	NA	NA
RF02926	URS0000D6AF1C_12908/1-49	True	True	NA	NA
RF02926	URS0000D6AF77_12908/1-51	True	True	NA	NA
RF02926	URS0000D6B4BF_12908/1-51	True	True	NA	NA
RF02926	URS0000D6B4C4_12908/1-51	True	True	NA	NA
RF02926	URS0000D6B5C1_12908/1-51	True	True	NA	NA
RF02926	URS0000D6B6EF_449673/1-49	True	True	NA	NA
RF02926	URS0000D6BA5E_12908/1-51	True	True	NA	NA
RF02926	URS0000D6BB4B_12908/1-48	True	True	NA	NA
RF02926	URS0000D6BB75_12908/1-49	True	True	NA	NA
RF02926	URS0000D6BBDF_12908/1-51	True	True	NA	NA
RF02926	URS0000D6C0D9_12908/1-49	True	True	NA	NA
RF02926	URS0000D6C112_12908/1-49	True	True	NA	NA
RF02926	URS0000D6C225_1121101/1-51	True	True	NA	NA
RF02926	URS0000D6C5DA_12908/1-51	True	True	NA	NA
RF02926	URS0000D6CAA6_12908/1-51	True	True	NA	NA
RF02926	URS0000D6CAED_12908/1-49	True	True	NA	NA
RF02926	URS0000D6CB74_12908/1-50	True	True	NA	NA
RF02926	URS0000D6CE83_12908/1-49	True	True	NA	NA
RF02926	URS0000D6D08C_12908/1-49	True	True	NA	NA
RF02926	URS0000D6D2B1_12908/1-49	True	True	NA	NA
RF02926	URS0000D6D2EC_12908/1-49	True	True	NA	NA
RF02926	URS0000D6D305_12908/1-51	True	True	NA	NA
RF02926	URS0000D6D315_12908/1-48	True	True	NA	NA
RF02926	URS0003421765_997877/1-47	True	True	9G4R_A_SS	9G4R_A_SS
RF02977	URS0000D65712_12908/1-38	True	True	NA	NA
RF02977	URS0000D65D00_12908/1-39	True	True	NA	NA
RF02977	URS0000D65EB4_12908/1-37	True	True	NA	NA
RF02977	URS0000D66187_12908/1-39	True	True	NA	NA
RF02977	URS0000D66306_391937/1-39	True	True	NA	NA
RF02977	URS0000D6694B_12908/1-39	True	True	NA	NA
RF02977	URS0000D669DC_12908/1-39	True	True	NA	NA
RF02977	URS0000D66BBD_1144343/1-39	True	True	NA	NA
RF02977	URS0000D66FE3_12908/1-39	True	True	NA	NA
RF02977	URS0000D67AE2_1151114/1-39	True	True	NA	NA
RF02977	URS0000D67AE2_439375/1-39	True	True	NA	NA
RF02977	URS0000D67AE2_641118/1-39	True	True	NA	NA
RF02977	URS0000D67EF8_1189611/1-39	True	True	NA	NA
RF02977	URS0000D67FB0_1107882/1-39	True	True	NA	NA
RF02977	URS0000D68103_754035/1-39	True	True	NA	NA
RF02977	URS0000D68426_12908/1-39	True	True	NA	NA
RF02977	URS0000D68626_765698/1-39	True	True	NA	NA
RF02977	URS0000D68638_12908/1-38	True	True	NA	NA
RF02977	URS0000D68E1E_12908/1-53	True	True	NA	NA
RF02977	URS0000D694C8_12908/1-39	True	True	NA	NA
RF02977	URS0000D69601_1231190/1-39	True	True	NA	NA
RF02977	URS0000D6973B_12908/1-39	True	True	NA	NA
RF02977	URS0000D6A4EF_12908/1-52	True	True	NA	NA
RF02977	URS0000D6A506_444178/1-39	True	True	NA	NA
RF02977	URS0000D6A506_470137/1-39	True	True	NA	NA
RF02977	URS0000D6A506_470735/1-39	True	True	NA	NA
RF02977	URS0000D6A506_483179/1-39	True	True	NA	NA
RF02977	URS0000D6A506_520448/1-39	True	True	NA	NA
RF02977	URS0000D6A506_520449/1-39	True	True	NA	NA
RF02977	URS0000D6A506_520456/1-39	True	True	NA	NA
RF02977	URS0000D6A506_520458/1-39	True	True	NA	NA
RF02977	URS0000D6A506_520489/1-39	True	True	NA	NA
RF02977	URS0000D6A506_568815/1-39	True	True	NA	NA
RF02977	URS0000D6A506_575591/1-39	True	True	NA	NA
RF02977	URS0000D6A506_693750/1-39	True	True	NA	NA
RF02977	URS0000D6B3C1_12908/1-40	True	True	NA	NA
RF02977	URS0000D6B5A0_1082933/1-39	True	True	NA	NA
RF02977	URS0000D6B700_12908/1-38	True	True	NA	NA
RF02977	URS0000D6B705_12908/1-52	True	True	NA	NA
RF02977	URS0000D6B7C1_12908/1-41	True	True	NA	NA
RF02977	URS0000D6B862_12908/1-39	True	True	NA	NA
RF02977	URS0000D6BC3D_536019/1-39	True	True	NA	NA
RF02977	URS0000D6C1D4_266835/1-39	True	True	NA	NA
RF02977	URS0000D6C6DA_12908/1-39	True	True	NA	NA
RF02977	URS0000D6CBFA_266779/1-38	True	True	NA	NA
RF02977	URS000268136C_381/1-50	True	True	7WI9_V_SS;7WIB_V_SS;7WIE_V_SS;7WIF_V_SS;7WII_V_SS	7WI9_V_SS;7WIB_V_SS;7WIE_V_SS;7WIF_V_SS;7WII_V_SS
RF03013	URS0000D656F4_12908/1-47	True	True	NA	NA
RF03013	URS0000D656FB_12908/1-74	True	True	NA	NA
RF03013	URS0000D6577C_12908/1-85	True	True	NA	NA
RF03013	URS0000D6577D_12908/1-67	True	True	NA	NA
RF03013	URS0000D65785_12908/1-52	True	True	NA	NA
RF03013	URS0000D65A2E_12908/1-64	True	True	NA	NA
RF03013	URS0000D65BF0_204669/1-80	True	True	NA	NA
RF03013	URS0000D65D0F_12908/1-87	True	True	NA	NA
RF03013	URS0000D65F17_12908/1-76	True	True	NA	NA
RF03013	URS0000D66090_12908/1-55	True	True	NA	NA
RF03013	URS0000D661F5_12908/1-56	True	True	NA	NA
RF03013	URS0000D66201_12908/1-80	True	True	NA	NA
RF03013	URS0000D66248_12908/1-81	True	True	NA	NA
RF03013	URS0000D6624C_12908/1-57	True	True	NA	NA
RF03013	URS0000D662BA_12908/1-75	True	True	NA	NA
RF03013	URS0000D6632B_12908/1-97	True	True	NA	NA
RF03013	URS0000D66604_12908/1-56	True	True	NA	NA
RF03013	URS0000D66828_12908/1-63	True	True	NA	NA
RF03013	URS0000D66888_12908/1-69	True	True	NA	NA
RF03013	URS0000D669EA_12908/1-63	True	True	NA	NA
RF03013	URS0000D669F2_12908/1-51	True	True	NA	NA
RF03013	URS0000D66A4E_12908/1-58	True	True	NA	NA
RF03013	URS0000D66A57_12908/1-56	True	True	NA	NA
RF03013	URS0000D66A92_12908/1-50	True	True	NA	NA
RF03013	URS0000D66B32_12908/1-66	True	True	NA	NA
RF03013	URS0000D66BAE_240015/1-50	True	True	NA	NA
RF03013	URS0000D66BC1_12908/1-67	True	True	NA	NA
RF03013	URS0000D66C00_12908/1-48	True	True	NA	NA
RF03013	URS0000D66C6E_1267534/1-80	True	True	NA	NA
RF03013	URS0000D66C70_12908/1-56	True	True	NA	NA
RF03013	URS0000D66D15_12908/1-68	True	True	NA	NA
RF03013	URS0000D66FE8_12908/1-54	True	True	NA	NA
RF03013	URS0000D6700D_12908/1-69	True	True	NA	NA
RF03013	URS0000D67035_12908/1-66	True	True	NA	NA
RF03013	URS0000D670CB_12908/1-80	True	True	NA	NA
RF03013	URS0000D6719C_12908/1-71	True	True	NA	NA
RF03013	URS0000D67317_12908/1-51	True	True	NA	NA
RF03013	URS0000D67327_12908/1-51	True	True	NA	NA
RF03013	URS0000D673BC_12908/1-68	True	True	NA	NA
RF03013	URS0000D673D4_12908/1-68	True	True	NA	NA
RF03013	URS0000D673DD_12908/1-54	True	True	NA	NA
RF03013	URS0000D67408_12908/1-39	True	True	NA	NA
RF03013	URS0000D67477_12908/1-73	True	True	NA	NA
RF03013	URS0000D6749B_12908/1-70	True	True	NA	NA
RF03013	URS0000D674B7_12908/1-56	True	True	NA	NA
RF03013	URS0000D675AD_12908/1-61	True	True	NA	NA
RF03013	URS0000D675FE_278963/1-69	True	True	NA	NA
RF03013	URS0000D676C4_12908/1-64	True	True	NA	NA
RF03013	URS0000D67839_12908/1-73	True	True	NA	NA
RF03013	URS0000D6785C_12908/1-69	True	True	NA	NA
RF03013	URS0000D67950_12908/1-53	True	True	NA	NA
RF03013	URS0000D6796B_12908/1-80	True	True	NA	NA
RF03013	URS0000D6796D_12908/1-51	True	True	NA	NA
RF03013	URS0000D67993_12908/1-57	True	True	NA	NA
RF03013	URS0000D67A09_12908/1-48	True	True	NA	NA
RF03013	URS0000D67A10_12908/1-73	True	True	NA	NA
RF03013	URS0000D67AD1_12908/1-73	True	True	NA	NA
RF03013	URS0000D67B1D_12908/1-79	True	True	NA	NA
RF03013	URS0000D67B8D_12908/1-77	True	True	NA	NA
RF03013	URS0000D67C57_12908/1-90	True	True	NA	NA
RF03013	URS0000D67C97_12908/1-67	True	True	NA	NA
RF03013	URS0000D67E8D_12908/1-77	True	True	NA	NA
RF03013	URS0000D67F89_12908/1-79	True	True	NA	NA
RF03013	URS0000D67FA9_12908/1-68	True	True	NA	NA
RF03013	URS0000D681CF_204669/1-52	True	True	NA	NA
RF03013	URS0000D682EA_1267533/1-50	True	True	NA	NA
RF03013	URS0000D6830B_12908/1-79	True	True	NA	NA
RF03013	URS0000D683A7_12908/1-64	True	True	NA	NA
RF03013	URS0000D68449_12908/1-57	True	True	NA	NA
RF03013	URS0000D68460_12908/1-58	True	True	NA	NA
RF03013	URS0000D6875E_12908/1-36	True	True	NA	NA
RF03013	URS0000D687E5_12908/1-49	True	True	NA	NA
RF03013	URS0000D689EF_12908/1-88	True	True	NA	NA
RF03013	URS0000D68AE2_12908/1-81	True	True	NA	NA
RF03013	URS0000D68B63_12908/1-70	True	True	NA	NA
RF03013	URS0000D68C11_12908/1-56	True	True	NA	NA
RF03013	URS0000D68C31_12908/1-68	True	True	NA	NA
RF03013	URS0000D68C79_12908/1-68	True	True	NA	NA
RF03013	URS0000D68CA9_1267534/1-66	True	True	NA	NA
RF03013	URS0000D68D47_12908/1-79	True	True	NA	NA
RF03013	URS0000D68DE0_12908/1-103	True	True	NA	NA
RF03013	URS0000D68EFC_12908/1-81	True	True	NA	NA
RF03013	URS0000D68F17_12908/1-53	True	True	NA	NA
RF03013	URS0000D69054_12908/1-85	True	True	NA	NA
RF03013	URS0000D69128_12908/1-62	True	True	NA	NA
RF03013	URS0000D6923E_278963/1-77	True	True	NA	NA
RF03013	URS0000D694D7_12908/1-90	True	True	NA	NA
RF03013	URS0000D695BE_12908/1-80	True	True	NA	NA
RF03013	URS0000D695D5_12908/1-81	True	True	NA	NA
RF03013	URS0000D6976E_12908/1-56	True	True	NA	NA
RF03013	URS0000D698A8_12908/1-75	True	True	NA	NA
RF03013	URS0000D699DA_12908/1-58	True	True	NA	NA
RF03013	URS0000D69B57_12908/1-41	True	True	NA	NA
RF03013	URS0000D69BF2_12908/1-56	True	True	NA	NA
RF03013	URS0000D69C1C_12908/1-52	True	True	NA	NA
RF03013	URS0000D69CA9_12908/1-50	True	True	NA	NA
RF03013	URS0000D69D5F_12908/1-72	True	True	NA	NA
RF03013	URS0000D69DC4_12908/1-54	True	True	NA	NA
RF03013	URS0000D69E20_12908/1-49	True	True	NA	NA
RF03013	URS0000D69F29_12908/1-64	True	True	NA	NA
RF03013	URS0000D69F3D_12908/1-80	True	True	NA	NA
RF03013	URS0000D69F6C_12908/1-61	True	True	NA	NA
RF03013	URS0000D6A088_12908/1-41	True	True	NA	NA
RF03013	URS0000D6A0BC_12908/1-54	True	True	NA	NA
RF03013	URS0000D6A1EF_12908/1-56	True	True	NA	NA
RF03013	URS0000D6A23D_12908/1-78	True	True	NA	NA
RF03013	URS0000D6A285_12908/1-54	True	True	NA	NA
RF03013	URS0000D6A39A_12908/1-69	True	True	NA	NA
RF03013	URS0000D6A41C_12908/1-83	True	True	NA	NA
RF03013	URS0000D6A468_12908/1-76	True	True	NA	NA
RF03013	URS0000D6A502_12908/1-63	True	True	NA	NA
RF03013	URS0000D6A55A_12908/1-59	True	True	NA	NA
RF03013	URS0000D6A5B4_12908/1-78	True	True	NA	NA
RF03013	URS0000D6A5DE_12908/1-67	True	True	NA	NA
RF03013	URS0000D6A63D_12908/1-72	True	True	NA	NA
RF03013	URS0000D6A66A_12908/1-51	True	True	NA	NA
RF03013	URS0000D6A68F_12908/1-73	True	True	NA	NA
RF03013	URS0000D6A6D4_12908/1-56	True	True	NA	NA
RF03013	URS0000D6A706_12908/1-51	True	True	NA	NA
RF03013	URS0000D6A745_12908/1-60	True	True	NA	NA
RF03013	URS0000D6A769_12908/1-66	True	True	NA	NA
RF03013	URS0000D6A883_12908/1-63	True	True	NA	NA
RF03013	URS0000D6A89A_12908/1-69	True	True	NA	NA
RF03013	URS0000D6A93D_12908/1-97	True	True	NA	NA
RF03013	URS0000D6A9D3_12908/1-47	True	True	NA	NA
RF03013	URS0000D6AAB6_12908/1-104	True	True	NA	NA
RF03013	URS0000D6ABC9_12908/1-49	True	True	NA	NA
RF03013	URS0000D6AC2B_12908/1-77	True	True	NA	NA
RF03013	URS0000D6AD7C_12908/1-82	True	True	NA	NA
RF03013	URS0000D6AE37_12908/1-73	True	True	NA	NA
RF03013	URS0000D6AE6B_12908/1-58	True	True	NA	NA
RF03013	URS0000D6AF04_12908/1-52	True	True	NA	NA
RF03013	URS0000D6B1EA_12908/1-68	True	True	NA	NA
RF03013	URS0000D6B1F9_12908/1-47	True	True	NA	NA
RF03013	URS0000D6B32C_12908/1-80	True	True	NA	NA
RF03013	URS0000D6B577_12908/1-71	True	True	NA	NA
RF03013	URS0000D6B61E_12908/1-79	True	True	NA	NA
RF03013	URS0000D6B6B4_12908/1-71	True	True	NA	NA
RF03013	URS0000D6B6DA_12908/1-51	True	True	NA	NA
RF03013	URS0000D6B720_12908/1-69	True	True	NA	NA
RF03013	URS0000D6B759_12908/1-56	True	True	NA	NA
RF03013	URS0000D6B78C_12908/1-72	True	True	NA	NA
RF03013	URS0000D6B7CB_12908/1-76	True	True	NA	NA
RF03013	URS0000D6B891_12908/1-62	True	True	NA	NA
RF03013	URS0000D6BADA_12908/1-90	True	True	NA	NA
RF03013	URS0000D6BB29_12908/1-60	True	True	NA	NA
RF03013	URS0000D6BB96_12908/1-55	True	True	NA	NA
RF03013	URS0000D6BBEE_12908/1-66	True	True	NA	NA
RF03013	URS0000D6BC2A_12908/1-54	True	True	NA	NA
RF03013	URS0000D6BC4C_12908/1-69	True	True	NA	NA
RF03013	URS0000D6C0CF_12908/1-71	True	True	NA	NA
RF03013	URS0000D6C259_12908/1-66	True	True	NA	NA
RF03013	URS0000D6C27A_12908/1-74	True	True	NA	NA
RF03013	URS0000D6C2A0_12908/1-68	True	True	NA	NA
RF03013	URS0000D6C2BB_240015/1-54	True	True	NA	NA
RF03013	URS0000D6C3FD_12908/1-64	True	True	NA	NA
RF03013	URS0000D6C455_12908/1-68	True	True	NA	NA
RF03013	URS0000D6C460_12908/1-81	True	True	NA	NA
RF03013	URS0000D6C74F_1267533/1-60	True	True	NA	NA
RF03013	URS0000D6C7B9_12908/1-64	True	True	NA	NA
RF03013	URS0000D6C7CC_12908/1-79	True	True	NA	NA
RF03013	URS0000D6C844_12908/1-57	True	True	NA	NA
RF03013	URS0000D6C90E_12908/1-58	True	True	NA	NA
RF03013	URS0000D6CAA3_12908/1-54	True	True	NA	NA
RF03013	URS0000D6CB14_12908/1-76	True	True	NA	NA
RF03013	URS0000D6CB4D_12908/1-90	True	True	NA	NA
RF03013	URS0000D6CB5E_12908/1-72	True	True	NA	NA
RF03013	URS0000D6CB62_12908/1-65	True	True	NA	NA
RF03013	URS0000D6CC04_1198114/1-68	True	True	NA	NA
RF03013	URS0000D6CC0F_12908/1-68	True	True	NA	NA
RF03013	URS0000D6CD40_12908/1-54	True	True	NA	NA
RF03013	URS0000D6CE78_12908/1-67	True	True	NA	NA
RF03013	URS0000D6CEE8_12908/1-60	True	True	NA	NA
RF03013	URS0000D6D01E_12908/1-80	True	True	NA	NA
RF03013	URS0000D6D103_12908/1-58	True	True	NA	NA
RF03013	URS0000D6D130_12908/1-77	True	True	NA	NA
RF03013	URS0000D6D1A2_12908/1-80	True	True	NA	NA
RF03013	URS0000D6D2BF_12908/1-90	True	True	NA	NA
RF03013	URS0000D6D3A4_12908/1-80	True	True	NA	NA
RF03013	URS0000D6D3A5_12908/1-67	True	True	NA	NA
RF03013	URS0000D6D3A8_12908/1-55	True	True	NA	NA
RF03013	URS0000D6D3AE_12908/1-55	True	True	NA	NA
RF03013	URS00021ED902_32630/1-51	True	True	7D7W_A_SS;7D7X_A_SS;7D7Y_A_SS;7D7Z_A_SS	7D7W_A_SS;7D7X_A_SS;7D7Y_A_SS;7D7Z_A_SS
RF03013	URS00021ED92A_204669/1-52	True	True	6TB7_A_SS;6TF0_A_SS;6TF1_A_SS;6TF2_A_SS;6TF3_A_SS;6TFE_A_SS;6TFF_A_SS;6TFG_A_SS;6TFH_A_SS	6TB7_A_SS;6TF0_A_SS;6TF1_A_SS;6TF2_A_SS;6TF3_A_SS;6TFE_A_SS;6TFF_A_SS;6TFG_A_SS;6TFH_A_SS
RF03013	URS00021ED956_1267533/1-50	True	True	7D81_A_SS;7D82_A_SS	7D81_A_SS;7D82_A_SS
RF03013	URS00021ED9BF_240015/1-57	True	True	7D7V_A_SS	7D7V_A_SS
RF03022	URS0000D6593B_12908/1-127	True	True	NA	NA
RF03022	URS0000D65997_12908/1-126	True	True	NA	NA
RF03022	URS0000D659A1_12908/1-128	True	True	NA	NA
RF03022	URS0000D659D8_12908/1-139	True	True	NA	NA
RF03022	URS0000D659F1_12908/1-128	True	True	NA	NA
RF03022	URS0000D65B0F_12908/1-128	True	True	NA	NA
RF03022	URS0000D65B13_12908/1-127	True	True	NA	NA
RF03022	URS0000D660ED_12908/1-124	True	True	NA	NA
RF03022	URS0000D661CA_12908/1-134	True	True	NA	NA
RF03022	URS0000D66204_12908/1-129	True	True	NA	NA
RF03022	URS0000D6629F_12908/1-128	True	True	NA	NA
RF03022	URS0000D66309_12908/1-118	True	True	NA	NA
RF03022	URS0000D66333_12908/1-128	True	True	NA	NA
RF03022	URS0000D66363_12908/1-135	True	True	NA	NA
RF03022	URS0000D66390_12908/1-128	True	True	NA	NA
RF03022	URS0000D663A0_12908/1-125	True	True	NA	NA
RF03022	URS0000D664D2_12908/1-124	True	True	NA	NA
RF03022	URS0000D6662B_12908/1-131	True	True	NA	NA
RF03022	URS0000D669E4_12908/1-127	True	True	NA	NA
RF03022	URS0000D66AE6_12908/1-128	True	True	NA	NA
RF03022	URS0000D66C86_12908/1-125	True	True	NA	NA
RF03022	URS0000D66ED2_12908/1-123	True	True	NA	NA
RF03022	URS0000D67058_12908/1-129	True	True	NA	NA
RF03022	URS0000D6706D_12908/1-136	True	True	NA	NA
RF03022	URS0000D67081_12908/1-125	True	True	NA	NA
RF03022	URS0000D67093_12908/1-128	True	True	NA	NA
RF03022	URS0000D670A0_12908/1-132	True	True	NA	NA
RF03022	URS0000D6712D_12908/1-122	True	True	NA	NA
RF03022	URS0000D67268_12908/1-124	True	True	NA	NA
RF03022	URS0000D6727E_12908/1-122	True	True	NA	NA
RF03022	URS0000D67343_12908/1-132	True	True	NA	NA
RF03022	URS0000D673E4_12908/1-134	True	True	NA	NA
RF03022	URS0000D6758D_12908/1-128	True	True	NA	NA
RF03022	URS0000D6765E_12908/1-126	True	True	NA	NA
RF03022	URS0000D67697_12908/1-131	True	True	NA	NA
RF03022	URS0000D679D7_12908/1-128	True	True	NA	NA
RF03022	URS0000D67A3F_12908/1-133	True	True	NA	NA
RF03022	URS0000D67D30_12908/1-129	True	True	NA	NA
RF03022	URS0000D67D75_12908/1-134	True	True	NA	NA
RF03022	URS0000D67E16_12908/1-122	True	True	NA	NA
RF03022	URS0000D67E22_12908/1-129	True	True	NA	NA
RF03022	URS0000D67FA0_12908/1-124	True	True	NA	NA
RF03022	URS0000D680E1_12908/1-127	True	True	NA	NA
RF03022	URS0000D682DB_12908/1-129	True	True	NA	NA
RF03022	URS0000D687B2_12908/1-127	True	True	NA	NA
RF03022	URS0000D68838_12908/1-129	True	True	NA	NA
RF03022	URS0000D6883B_12908/1-128	True	True	NA	NA
RF03022	URS0000D68931_12908/1-128	True	True	NA	NA
RF03022	URS0000D689F3_12908/1-128	True	True	NA	NA
RF03022	URS0000D68AFB_1144344/1-149	True	True	NA	NA
RF03022	URS0000D68B11_12908/1-128	True	True	NA	NA
RF03022	URS0000D68B93_12908/1-125	True	True	NA	NA
RF03022	URS0000D68C0B_12908/1-128	True	True	NA	NA
RF03022	URS0000D68EAD_12908/1-132	True	True	NA	NA
RF03022	URS0000D68EDA_12908/1-128	True	True	NA	NA
RF03022	URS0000D690D2_12908/1-128	True	True	NA	NA
RF03022	URS0000D69212_12908/1-127	True	True	NA	NA
RF03022	URS0000D6927E_12908/1-127	True	True	NA	NA
RF03022	URS0000D69296_12908/1-129	True	True	NA	NA
RF03022	URS0000D69374_12908/1-126	True	True	NA	NA
RF03022	URS0000D693F9_12908/1-139	True	True	NA	NA
RF03022	URS0000D6942A_12908/1-138	True	True	NA	NA
RF03022	URS0000D69503_12908/1-123	True	True	NA	NA
RF03022	URS0000D696AD_12908/1-132	True	True	NA	NA
RF03022	URS0000D69707_12908/1-127	True	True	NA	NA
RF03022	URS0000D697A4_12908/1-129	True	True	NA	NA
RF03022	URS0000D698DE_12908/1-119	True	True	NA	NA
RF03022	URS0000D699D1_12908/1-124	True	True	NA	NA
RF03022	URS0000D69AB6_12908/1-126	True	True	NA	NA
RF03022	URS0000D69CE5_12908/1-136	True	True	NA	NA
RF03022	URS0000D69D51_12908/1-127	True	True	NA	NA
RF03022	URS0000D69D90_12908/1-129	True	True	NA	NA
RF03022	URS0000D69E83_12908/1-115	True	True	NA	NA
RF03022	URS0000D69F60_12908/1-129	True	True	NA	NA
RF03022	URS0000D6A023_12908/1-128	True	True	NA	NA
RF03022	URS0000D6A52D_12908/1-128	True	True	NA	NA
RF03022	URS0000D6A556_12908/1-134	True	True	NA	NA
RF03022	URS0000D6A68D_12908/1-128	True	True	NA	NA
RF03022	URS0000D6AB4E_12908/1-127	True	True	NA	NA
RF03022	URS0000D6AC84_12908/1-131	True	True	NA	NA
RF03022	URS0000D6ACE7_12908/1-129	True	True	NA	NA
RF03022	URS0000D6AE0A_12908/1-128	True	True	NA	NA
RF03022	URS0000D6AE20_12908/1-129	True	True	NA	NA
RF03022	URS0000D6B071_12908/1-128	True	True	NA	NA
RF03022	URS0000D6B16F_12908/1-119	True	True	NA	NA
RF03022	URS0000D6B1AB_12908/1-124	True	True	NA	NA
RF03022	URS0000D6B274_12908/1-132	True	True	NA	NA
RF03022	URS0000D6B2D1_12908/1-129	True	True	NA	NA
RF03022	URS0000D6B3A9_12908/1-119	True	True	NA	NA
RF03022	URS0000D6B4B6_12908/1-122	True	True	NA	NA
RF03022	URS0000D6B4E9_12908/1-139	True	True	NA	NA
RF03022	URS0000D6B5EB_12908/1-146	True	True	NA	NA
RF03022	URS0000D6B678_12908/1-136	True	True	NA	NA
RF03022	URS0000D6B9D3_12908/1-121	True	True	NA	NA
RF03022	URS0000D6BA75_12908/1-131	True	True	NA	NA
RF03022	URS0000D6BB08_12908/1-128	True	True	NA	NA
RF03022	URS0000D6BB54_12908/1-122	True	True	NA	NA
RF03022	URS0000D6BD22_991998/1-121	True	True	NA	NA
RF03022	URS0000D6BE28_12908/1-132	True	True	NA	NA
RF03022	URS0000D6C07B_12908/1-127	True	True	NA	NA
RF03022	URS0000D6C117_12908/1-128	True	True	NA	NA
RF03022	URS0000D6C161_12908/1-126	True	True	NA	NA
RF03022	URS0000D6C19B_12908/1-134	True	True	NA	NA
RF03022	URS0000D6C3FE_12908/1-119	True	True	NA	NA
RF03022	URS0000D6C414_12908/1-121	True	True	NA	NA
RF03022	URS0000D6C46C_12908/1-124	True	True	NA	NA
RF03022	URS0000D6C4F2_12908/1-127	True	True	NA	NA
RF03022	URS0000D6C5C3_12908/1-122	True	True	NA	NA
RF03022	URS0000D6C788_12908/1-129	True	True	NA	NA
RF03022	URS0000D6CBDB_12908/1-128	True	True	NA	NA
RF03022	URS0000D6D161_12908/1-134	True	True	NA	NA
RF03022	URS0000D6D29C_12908/1-126	True	True	NA	NA
RF03022	URS0000D6D387_12908/1-127	True	True	NA	NA
RF03022	URS00029EB372_2885909/1-140	True	True	8UBB_I_SS;8UBF_I_SS;8UBC_I_SS;8UB8_I_SS;8UB9_I_SS;8UBA_I_SS;8UBE_I_SS;8UBD_I_SS;8UB7_I_SS	8UBB_I_SS;8UBF_I_SS;8UBC_I_SS;8UB8_I_SS;8UB9_I_SS;8UBA_I_SS;8UBE_I_SS;8UBD_I_SS;8UB7_I_SS
RF03030	URS0000D65998_1423799/1-56	True	True	NA	NA
RF03030	URS0000D6605F_768728/1-55	True	True	NA	NA
RF03030	URS0000D66088_12908/1-56	True	True	NA	NA
RF03030	URS0000D6625F_362948/1-56	True	True	NA	NA
RF03030	URS0000D6625F_768728/1-56	True	True	NA	NA
RF03030	URS0000D670F3_1423799/1-56	True	True	NA	NA
RF03030	URS0000D670F3_362948/1-56	True	True	NA	NA
RF03030	URS0000D67975_1423799/1-57	True	True	NA	NA
RF03030	URS0000D67975_362948/1-57	True	True	NA	NA
RF03030	URS0000D68032_1423799/1-57	True	True	NA	NA
RF03030	URS0000D68AF9_768728/1-56	True	True	NA	NA
RF03030	URS0000D6A1A4_1423799/1-55	True	True	NA	NA
RF03030	URS0000D6B1B4_362948/1-56	True	True	NA	NA
RF03030	URS0000D6B1B4_712961/1-56	True	True	NA	NA
RF03030	URS0000D6B9EA_768728/1-57	True	True	NA	NA
RF03030	URS0000D6C4F7_1423799/1-57	True	True	NA	NA
RF03030	URS0000D6CB6C_1423799/1-55	True	True	NA	NA
RF03030	URS0000D6CB6C_362948/1-55	True	True	NA	NA
RF03030	URS0000D6CF37_1423799/1-56	True	True	NA	NA
RF03030	URS0003421776_362948/1-52	True	True	9G4Q_A_SS;9G4Q_B_SS	9G4Q_A_SS;9G4Q_B_SS
RF03054	URS0000D65790_1042878/1-75	True	True	NA	NA
RF03054	URS0000D65809_12908/1-78	True	True	NA	NA
RF03054	URS0000D658C5_12908/1-53	True	True	NA	NA
RF03054	URS0000D6596C_1265504/1-51	True	True	NA	NA
RF03054	URS0000D65996_517433/1-53	True	True	NA	NA
RF03054	URS0000D659AA_12908/1-54	True	True	NA	NA
RF03054	URS0000D659F7_243261/1-67	True	True	NA	NA
RF03054	URS0000D65A0E_1004836/1-49	True	True	NA	NA
RF03054	URS0000D65B15_12908/1-60	True	True	NA	NA
RF03054	URS0000D65E33_12908/1-82	True	True	NA	NA
RF03054	URS0000D65E57_595537/1-67	True	True	NA	NA
RF03054	URS0000D65EA5_12908/1-51	True	True	NA	NA
RF03054	URS0000D660A4_12908/1-54	True	True	NA	NA
RF03054	URS0000D66196_1144672/1-54	True	True	NA	NA
RF03054	URS0000D66196_1217694/1-54	True	True	NA	NA
RF03054	URS0000D66196_1217700/1-54	True	True	NA	NA
RF03054	URS0000D66196_1217701/1-54	True	True	NA	NA
RF03054	URS0000D66196_1330039/1-54	True	True	NA	NA
RF03054	URS0000D66196_280145/1-54	True	True	NA	NA
RF03054	URS0000D66243_12908/1-56	True	True	NA	NA
RF03054	URS0000D66249_12908/1-51	True	True	NA	NA
RF03054	URS0000D66405_1122929/1-52	True	True	NA	NA
RF03054	URS0000D6644E_1175306/1-69	True	True	NA	NA
RF03054	URS0000D664F3_1217418/1-87	True	True	NA	NA
RF03054	URS0000D66571_12908/1-68	True	True	NA	NA
RF03054	URS0000D666B6_1217697/1-65	True	True	NA	NA
RF03054	URS0000D666B6_12908/1-65	True	True	NA	NA
RF03054	URS0000D666B6_903918/1-65	True	True	NA	NA
RF03054	URS0000D66788_12908/1-53	True	True	NA	NA
RF03054	URS0000D66788_932213/1-53	True	True	NA	NA
RF03054	URS0000D66798_12908/1-54	True	True	NA	NA
RF03054	URS0000D66817_1071390/1-59	True	True	NA	NA
RF03054	URS0000D66817_1191460/1-59	True	True	NA	NA
RF03054	URS0000D66817_1397525/1-59	True	True	NA	NA
RF03054	URS0000D6687E_12908/1-53	True	True	NA	NA
RF03054	URS0000D66936_1144315/1-68	True	True	NA	NA
RF03054	URS0000D66936_595537/1-68	True	True	NA	NA
RF03054	URS0000D669E6_12908/1-77	True	True	NA	NA
RF03054	URS0000D66A2A_12908/1-53	True	True	NA	NA
RF03054	URS0000D66A9D_1336752/1-55	True	True	NA	NA
RF03054	URS0000D66A9D_1336753/1-55	True	True	NA	NA
RF03054	URS0000D66ABA_1086014/1-54	True	True	NA	NA
RF03054	URS0000D66ABA_1221309/1-54	True	True	NA	NA
RF03054	URS0000D66AC8_1217659/1-60	True	True	NA	NA
RF03054	URS0000D66B42_1217707/1-65	True	True	NA	NA
RF03054	URS0000D66B8E_104623/1-53	True	True	NA	NA
RF03054	URS0000D66BDD_864073/1-69	True	True	NA	NA
RF03054	URS0000D66BFA_1079454/1-46	True	True	NA	NA
RF03054	URS0000D66C0B_1217706/1-54	True	True	NA	NA
RF03054	URS0000D66C0B_1217712/1-54	True	True	NA	NA
RF03054	URS0000D66C0B_12908/1-54	True	True	NA	NA
RF03054	URS0000D66CFE_266265/1-67	True	True	NA	NA
RF03054	URS0000D66D6D_1217659/1-52	True	True	NA	NA
RF03054	URS0000D66D6D_525244/1-52	True	True	NA	NA
RF03054	URS0000D66E59_1116375/1-51	True	True	NA	NA
RF03054	URS0000D66E59_1219067/1-51	True	True	NA	NA
RF03054	URS0000D66EC0_358220/1-78	True	True	NA	NA
RF03054	URS0000D66ECB_12908/1-59	True	True	NA	NA
RF03054	URS0000D66EDB_12908/1-51	True	True	NA	NA
RF03054	URS0000D66F2E_1217702/1-54	True	True	NA	NA
RF03054	URS0000D66F2E_1217703/1-54	True	True	NA	NA
RF03054	URS0000D66F2E_1217708/1-54	True	True	NA	NA
RF03054	URS0000D66F3C_1121862/1-48	True	True	NA	NA
RF03054	URS0000D66F55_1079455/1-46	True	True	NA	NA
RF03054	URS0000D66F55_216596/1-46	True	True	NA	NA
RF03054	URS0000D67004_12908/1-60	True	True	NA	NA
RF03054	URS0000D67028_1144320/1-57	True	True	NA	NA
RF03054	URS0000D671E8_1227361/1-60	True	True	NA	NA
RF03054	URS0000D671E8_398578/1-60	True	True	NA	NA
RF03054	URS0000D671FF_12908/1-72	True	True	NA	NA
RF03054	URS0000D6726B_12908/1-51	True	True	NA	NA
RF03054	URS0000D6729D_1333856/1-61	True	True	NA	NA
RF03054	URS0000D6729F_12908/1-53	True	True	NA	NA
RF03054	URS0000D672AC_12908/1-75	True	True	NA	NA
RF03054	URS0000D672F3_995087/1-65	True	True	NA	NA
RF03054	URS0000D673D8_12908/1-59	True	True	NA	NA
RF03054	URS0000D6745D_1081940/1-54	True	True	NA	NA
RF03054	URS0000D6745D_1193146/1-54	True	True	NA	NA
RF03054	URS0000D6745D_1196325/1-54	True	True	NA	NA
RF03054	URS0000D6745D_1227924/1-54	True	True	NA	NA
RF03054	URS0000D674B2_12908/1-55	True	True	NA	NA
RF03054	URS0000D674B3_12908/1-52	True	True	NA	NA
RF03054	URS0000D674B5_12908/1-70	True	True	NA	NA
RF03054	URS0000D67557_1217673/1-54	True	True	NA	NA
RF03054	URS0000D67557_1217688/1-54	True	True	NA	NA
RF03054	URS0000D67557_1311774/1-54	True	True	NA	NA
RF03054	URS0000D67557_981332/1-54	True	True	NA	NA
RF03054	URS0000D67560_12908/1-71	True	True	NA	NA
RF03054	URS0000D67580_745277/1-53	True	True	NA	NA
RF03054	URS0000D675B8_384765/1-51	True	True	NA	NA
RF03054	URS0000D675B9_12908/1-69	True	True	NA	NA
RF03054	URS0000D675B9_266264/1-69	True	True	NA	NA
RF03054	URS0000D6762D_12908/1-53	True	True	NA	NA
RF03054	URS0000D676EA_563045/1-75	True	True	NA	NA
RF03054	URS0000D67736_397945/1-76	True	True	NA	NA
RF03054	URS0000D67758_12908/1-75	True	True	NA	NA
RF03054	URS0000D67758_399795/1-75	True	True	NA	NA
RF03054	URS0000D67767_12908/1-69	True	True	NA	NA
RF03054	URS0000D67781_795665/1-54	True	True	NA	NA
RF03054	URS0000D6778F_12908/1-74	True	True	NA	NA
RF03054	URS0000D6786C_1235457/1-64	True	True	NA	NA
RF03054	URS0000D678B7_12908/1-67	True	True	NA	NA
RF03054	URS0000D6794A_1336752/1-53	True	True	NA	NA
RF03054	URS0000D6794A_1336753/1-53	True	True	NA	NA
RF03054	URS0000D67A05_280145/1-65	True	True	NA	NA
RF03054	URS0000D67A57_1191460/1-52	True	True	NA	NA
RF03054	URS0000D67A57_1397525/1-52	True	True	NA	NA
RF03054	URS0000D67A84_12908/1-79	True	True	NA	NA
RF03054	URS0000D67ADA_12908/1-55	True	True	NA	NA
RF03054	URS0000D67B77_12908/1-78	True	True	NA	NA
RF03054	URS0000D67BF9_137716/1-72	True	True	NA	NA
RF03054	URS0000D67C2F_1079364/1-53	True	True	NA	NA
RF03054	URS0000D67C2F_1081940/1-53	True	True	NA	NA
RF03054	URS0000D67C2F_1196325/1-53	True	True	NA	NA
RF03054	URS0000D67C2F_12908/1-53	True	True	NA	NA
RF03054	URS0000D67CD1_1071390/1-52	True	True	NA	NA
RF03054	URS0000D67DCE_1217716/1-60	True	True	NA	NA
RF03054	URS0000D67E41_1188252/1-53	True	True	NA	NA
RF03054	URS0000D67EF1_12908/1-53	True	True	NA	NA
RF03054	URS0000D67EF1_390235/1-53	True	True	NA	NA
RF03054	URS0000D67FBA_12908/1-50	True	True	NA	NA
RF03054	URS0000D67FEF_397945/1-66	True	True	NA	NA
RF03054	URS0000D6803A_1234777/1-70	True	True	NA	NA
RF03054	URS0000D681A9_1157708/1-68	True	True	NA	NA
RF03054	URS0000D6825E_12908/1-50	True	True	NA	NA
RF03054	URS0000D682AB_12908/1-67	True	True	NA	NA
RF03054	URS0000D6835F_12908/1-51	True	True	NA	NA
RF03054	URS0000D683B3_1217658/1-65	True	True	NA	NA
RF03054	URS0000D683B3_280145/1-65	True	True	NA	NA
RF03054	URS0000D683F2_1217676/1-53	True	True	NA	NA
RF03054	URS0000D683F2_1217677/1-53	True	True	NA	NA
RF03054	URS0000D6847B_12908/1-66	True	True	NA	NA
RF03054	URS0000D684D3_12908/1-60	True	True	NA	NA
RF03054	URS0000D684EC_12908/1-78	True	True	NA	NA
RF03054	URS0000D6850C_1217707/1-54	True	True	NA	NA
RF03054	URS0000D68592_977880/1-74	True	True	NA	NA
RF03054	URS0000D685CF_1116375/1-58	True	True	NA	NA
RF03054	URS0000D685CF_1219067/1-58	True	True	NA	NA
RF03054	URS0000D685EC_12908/1-69	True	True	NA	NA
RF03054	URS0000D6860F_12908/1-80	True	True	NA	NA
RF03054	URS0000D68663_12908/1-62	True	True	NA	NA
RF03054	URS0000D68684_1219067/1-72	True	True	NA	NA
RF03054	URS0000D6875C_1217673/1-64	True	True	NA	NA
RF03054	URS0000D6876D_12908/1-78	True	True	NA	NA
RF03054	URS0000D6887A_682634/1-53	True	True	NA	NA
RF03054	URS0000D6888D_1246301/1-68	True	True	NA	NA
RF03054	URS0000D688D3_1144320/1-55	True	True	NA	NA
RF03054	URS0000D688FF_12908/1-60	True	True	NA	NA
RF03054	URS0000D68905_400668/1-49	True	True	NA	NA
RF03054	URS0000D689F1_12908/1-70	True	True	NA	NA
RF03054	URS0000D68A25_1215087/1-54	True	True	NA	NA
RF03054	URS0000D68A25_12908/1-54	True	True	NA	NA
RF03054	URS0000D68A25_931281/1-54	True	True	NA	NA
RF03054	URS0000D68A67_12908/1-52	True	True	NA	NA
RF03054	URS0000D68B09_795665/1-60	True	True	NA	NA
RF03054	URS0000D68B1F_12908/1-50	True	True	NA	NA
RF03054	URS0000D68B37_400668/1-61	True	True	NA	NA
RF03054	URS0000D68BB8_1268622/1-60	True	True	NA	NA
RF03054	URS0000D68BF6_1107881/1-70	True	True	NA	NA
RF03054	URS0000D68BF6_1194708/1-70	True	True	NA	NA
RF03054	URS0000D68BF6_1194718/1-70	True	True	NA	NA
RF03054	URS0000D68BF6_1286640/1-70	True	True	NA	NA
RF03054	URS0000D68BF6_693982/1-70	True	True	NA	NA
RF03054	URS0000D68BF6_698936/1-70	True	True	NA	NA
RF03054	URS0000D68CB6_1217697/1-54	True	True	NA	NA
RF03054	URS0000D68CB6_903918/1-54	True	True	NA	NA
RF03054	URS0000D68D3B_1217700/1-65	True	True	NA	NA
RF03054	URS0000D68D4C_1217698/1-52	True	True	NA	NA
RF03054	URS0000D68D59_1080187/1-75	True	True	NA	NA
RF03054	URS0000D68E00_12908/1-69	True	True	NA	NA
RF03054	URS0000D68E1B_1161913/1-64	True	True	NA	NA
RF03054	URS0000D68EDB_1217676/1-58	True	True	NA	NA
RF03054	URS0000D68EF9_1041149/1-70	True	True	NA	NA
RF03054	URS0000D68EF9_366394/1-70	True	True	NA	NA
RF03054	URS0000D68F01_69328/1-54	True	True	NA	NA
RF03054	URS0000D68FCD_1217713/1-65	True	True	NA	NA
RF03054	URS0000D690E5_1144312/1-49	True	True	NA	NA
RF03054	URS0000D69133_1157708/1-64	True	True	NA	NA
RF03054	URS0000D692AE_1079364/1-54	True	True	NA	NA
RF03054	URS0000D692FF_12908/1-54	True	True	NA	NA
RF03054	URS0000D69307_1150395/1-48	True	True	NA	NA
RF03054	URS0000D69307_1246301/1-48	True	True	NA	NA
RF03054	URS0000D69307_543728/1-48	True	True	NA	NA
RF03054	URS0000D694B3_12908/1-74	True	True	NA	NA
RF03054	URS0000D695F6_396598/1-65	True	True	NA	NA
RF03054	URS0000D69651_137716/1-54	True	True	NA	NA
RF03054	URS0000D69699_1217716/1-53	True	True	NA	NA
RF03054	URS0000D69699_981336/1-53	True	True	NA	NA
RF03054	URS0000D696A8_634500/1-53	True	True	NA	NA
RF03054	URS0000D69709_12908/1-50	True	True	NA	NA
RF03054	URS0000D6970A_12908/1-56	True	True	NA	NA
RF03054	URS0000D697CA_12908/1-58	True	True	NA	NA
RF03054	URS0000D69824_1217648/1-52	True	True	NA	NA
RF03054	URS0000D69824_1217649/1-52	True	True	NA	NA
RF03054	URS0000D6989B_400668/1-68	True	True	NA	NA
RF03054	URS0000D698D7_1040979/1-74	True	True	NA	NA
RF03054	URS0000D698F4_12908/1-51	True	True	NA	NA
RF03054	URS0000D69937_12908/1-68	True	True	NA	NA
RF03054	URS0000D69993_491952/1-59	True	True	NA	NA
RF03054	URS0000D699ED_1169143/1-60	True	True	NA	NA
RF03054	URS0000D69A1D_12908/1-50	True	True	NA	NA
RF03054	URS0000D69A1D_426114/1-50	True	True	NA	NA
RF03054	URS0000D69B6D_1217712/1-63	True	True	NA	NA
RF03054	URS0000D69BE9_12908/1-54	True	True	NA	NA
RF03054	URS0000D69C03_1257043/1-60	True	True	NA	NA
RF03054	URS0000D69C03_981336/1-60	True	True	NA	NA
RF03054	URS0000D69C19_1217677/1-58	True	True	NA	NA
RF03054	URS0000D69C5C_12908/1-48	True	True	NA	NA
RF03054	URS0000D69CEE_12908/1-64	True	True	NA	NA
RF03054	URS0000D69DC0_742013/1-60	True	True	NA	NA
RF03054	URS0000D69DC0_883100/1-60	True	True	NA	NA
RF03054	URS0000D69DC0_883101/1-60	True	True	NA	NA
RF03054	URS0000D69DEE_1120924/1-53	True	True	NA	NA
RF03054	URS0000D69EA1_1215087/1-53	True	True	NA	NA
RF03054	URS0000D69EA1_931281/1-53	True	True	NA	NA
RF03054	URS0000D69EC9_883101/1-59	True	True	NA	NA
RF03054	URS0000D69FF9_1188252/1-56	True	True	NA	NA
RF03054	URS0000D6A09F_12908/1-52	True	True	NA	NA
RF03054	URS0000D6A0B9_1179778/1-58	True	True	NA	NA
RF03054	URS0000D6A0CC_1395516/1-53	True	True	NA	NA
RF03054	URS0000D6A11B_1217649/1-59	True	True	NA	NA
RF03054	URS0000D6A1AA_69328/1-54	True	True	NA	NA
RF03054	URS0000D6A1D1_1009852/1-74	True	True	NA	NA
RF03054	URS0000D6A244_1229485/1-54	True	True	NA	NA
RF03054	URS0000D6A35C_12908/1-57	True	True	NA	NA
RF03054	URS0000D6A551_626887/1-70	True	True	NA	NA
RF03054	URS0000D6A626_1235457/1-85	True	True	NA	NA
RF03054	URS0000D6A794_12908/1-51	True	True	NA	NA
RF03054	URS0000D6A885_12908/1-79	True	True	NA	NA
RF03054	URS0000D6A88D_12908/1-49	True	True	NA	NA
RF03054	URS0000D6A88D_358220/1-49	True	True	NA	NA
RF03054	URS0000D6A8C0_887062/1-57	True	True	NA	NA
RF03054	URS0000D6A924_12908/1-48	True	True	NA	NA
RF03054	URS0000D6A932_1246301/1-89	True	True	NA	NA
RF03054	URS0000D6A985_1229514/1-75	True	True	NA	NA
RF03054	URS0000D6A985_381666/1-75	True	True	NA	NA
RF03054	URS0000D6AA11_12908/1-57	True	True	NA	NA
RF03054	URS0000D6AA7B_1116375/1-72	True	True	NA	NA
RF03054	URS0000D6AA92_1348660/1-53	True	True	NA	NA
RF03054	URS0000D6AB2A_12908/1-50	True	True	NA	NA
RF03054	URS0000D6AB32_1144317/1-70	True	True	NA	NA
RF03054	URS0000D6AB98_1144341/1-55	True	True	NA	NA
RF03054	URS0000D6AB9A_757424/1-69	True	True	NA	NA
RF03054	URS0000D6AC36_675811/1-50	True	True	NA	NA
RF03054	URS0000D6AC36_903510/1-50	True	True	NA	NA
RF03054	URS0000D6AC69_1144315/1-63	True	True	NA	NA
RF03054	URS0000D6AD4F_1217692/1-53	True	True	NA	NA
RF03054	URS0000D6AD4F_40373/1-53	True	True	NA	NA
RF03054	URS0000D6AD5C_1336752/1-49	True	True	NA	NA
RF03054	URS0000D6ADF8_1217699/1-65	True	True	NA	NA
RF03054	URS0000D6ADF8_1217702/1-65	True	True	NA	NA
RF03054	URS0000D6ADF8_1217703/1-65	True	True	NA	NA
RF03054	URS0000D6ADF8_1217708/1-65	True	True	NA	NA
RF03054	URS0000D6ADF8_12908/1-65	True	True	NA	NA
RF03054	URS0000D6ADFA_995087/1-75	True	True	NA	NA
RF03054	URS0000D6AEDE_1217648/1-59	True	True	NA	NA
RF03054	URS0000D6AEDE_12908/1-59	True	True	NA	NA
RF03054	URS0000D6AEF5_1009852/1-59	True	True	NA	NA
RF03054	URS0000D6AFF5_1042878/1-50	True	True	NA	NA
RF03054	URS0000D6AFF7_1227361/1-59	True	True	NA	NA
RF03054	URS0000D6AFF7_12908/1-59	True	True	NA	NA
RF03054	URS0000D6AFF7_398578/1-59	True	True	NA	NA
RF03054	URS0000D6AFF7_742013/1-59	True	True	NA	NA
RF03054	URS0000D6AFF7_883100/1-59	True	True	NA	NA
RF03054	URS0000D6B091_12908/1-65	True	True	NA	NA
RF03054	URS0000D6B0B7_1217706/1-63	True	True	NA	NA
RF03054	URS0000D6B0D8_1217713/1-54	True	True	NA	NA
RF03054	URS0000D6B108_1330039/1-65	True	True	NA	NA
RF03054	URS0000D6B11C_12908/1-52	True	True	NA	NA
RF03054	URS0000D6B1E9_525244/1-60	True	True	NA	NA
RF03054	URS0000D6B338_1086014/1-64	True	True	NA	NA
RF03054	URS0000D6B338_1217688/1-64	True	True	NA	NA
RF03054	URS0000D6B338_1221309/1-64	True	True	NA	NA
RF03054	URS0000D6B338_1311774/1-64	True	True	NA	NA
RF03054	URS0000D6B338_981326/1-64	True	True	NA	NA
RF03054	URS0000D6B359_626887/1-71	True	True	NA	NA
RF03054	URS0000D6B384_1268622/1-60	True	True	NA	NA
RF03054	URS0000D6B398_12908/1-51	True	True	NA	NA
RF03054	URS0000D6B3EB_12908/1-71	True	True	NA	NA
RF03054	URS0000D6B426_311402/1-45	True	True	NA	NA
RF03054	URS0000D6B493_12908/1-49	True	True	NA	NA
RF03054	URS0000D6B4CC_12908/1-79	True	True	NA	NA
RF03054	URS0000D6B541_12908/1-100	True	True	NA	NA
RF03054	URS0000D6B60D_1395516/1-69	True	True	NA	NA
RF03054	URS0000D6BA63_12908/1-69	True	True	NA	NA
RF03054	URS0000D6BB52_12908/1-59	True	True	NA	NA
RF03054	URS0000D6BB5A_1144672/1-65	True	True	NA	NA
RF03054	URS0000D6BB5A_1217698/1-65	True	True	NA	NA
RF03054	URS0000D6BB5A_1217701/1-65	True	True	NA	NA
RF03054	URS0000D6BB65_1286170/1-54	True	True	NA	NA
RF03054	URS0000D6BB65_12908/1-54	True	True	NA	NA
RF03054	URS0000D6BB65_883121/1-54	True	True	NA	NA
RF03054	URS0000D6BB66_12908/1-80	True	True	NA	NA
RF03054	URS0000D6BB97_1087440/1-54	True	True	NA	NA
RF03054	URS0000D6BB97_1177153/1-54	True	True	NA	NA
RF03054	URS0000D6BB97_1182695/1-54	True	True	NA	NA
RF03054	URS0000D6BB97_1203544/1-54	True	True	NA	NA
RF03054	URS0000D6BB97_1203545/1-54	True	True	NA	NA
RF03054	URS0000D6BB97_1203547/1-54	True	True	NA	NA
RF03054	URS0000D6BB97_1226115/1-54	True	True	NA	NA
RF03054	URS0000D6BB97_1244085/1-54	True	True	NA	NA
RF03054	URS0000D6BB97_1263083/1-54	True	True	NA	NA
RF03054	URS0000D6BB97_1267512/1-54	True	True	NA	NA
RF03054	URS0000D6BB97_1269006/1-54	True	True	NA	NA
RF03054	URS0000D6BB97_1276653/1-54	True	True	NA	NA
RF03054	URS0000D6BB97_1284834/1-54	True	True	NA	NA
RF03054	URS0000D6BB97_12908/1-54	True	True	NA	NA
RF03054	URS0000D6BB97_1306950/1-54	True	True	NA	NA
RF03054	URS0000D6BB97_1328364/1-54	True	True	NA	NA
RF03054	URS0000D6BB97_1328370/1-54	True	True	NA	NA
RF03054	URS0000D6BB97_1328380/1-54	True	True	NA	NA
RF03054	URS0000D6BB97_1328384/1-54	True	True	NA	NA
RF03054	URS0000D6BB97_1328385/1-54	True	True	NA	NA
RF03054	URS0000D6BB97_1328417/1-54	True	True	NA	NA
RF03054	URS0000D6BB97_1328420/1-54	True	True	NA	NA
RF03054	URS0000D6BB97_1328427/1-54	True	True	NA	NA
RF03054	URS0000D6BB97_1357295/1-54	True	True	NA	NA
RF03054	URS0000D6BB97_1365186/1-54	True	True	NA	NA
RF03054	URS0000D6BB97_1380908/1-54	True	True	NA	NA
RF03054	URS0000D6BB97_1463164/1-54	True	True	NA	NA
RF03054	URS0000D6BB97_1667327/1-54	True	True	NA	NA
RF03054	URS0000D6BB97_244366/1-54	True	True	NA	NA
RF03054	URS0000D6BB97_484021/1-54	True	True	NA	NA
RF03054	URS0000D6BB97_507522/1-54	True	True	NA	NA
RF03054	URS0000D6BB97_640131/1-54	True	True	NA	NA
RF03054	URS0000D6BB97_665944/1-54	True	True	NA	NA
RF03054	URS0000D6BB97_667127/1-54	True	True	NA	NA
RF03054	URS0000D6BB97_749535/1-54	True	True	NA	NA
RF03054	URS0000D6BBAD_12908/1-53	True	True	NA	NA
RF03054	URS0000D6BBC0_12908/1-69	True	True	NA	NA
RF03054	URS0000D6BBEF_1217692/1-65	True	True	NA	NA
RF03054	URS0000D6BC33_12908/1-65	True	True	NA	NA
RF03054	URS0000D6BC36_643561/1-67	True	True	NA	NA
RF03054	URS0000D6BD60_12908/1-53	True	True	NA	NA
RF03054	URS0000D6BD65_1261128/1-53	True	True	NA	NA
RF03054	URS0000D6C012_12908/1-54	True	True	NA	NA
RF03054	URS0000D6C01E_1041151/1-70	True	True	NA	NA
RF03054	URS0000D6C12E_1249621/1-69	True	True	NA	NA
RF03054	URS0000D6C176_675811/1-54	True	True	NA	NA
RF03054	URS0000D6C176_903510/1-54	True	True	NA	NA
RF03054	URS0000D6C27B_12908/1-68	True	True	NA	NA
RF03054	URS0000D6C2BE_12908/1-75	True	True	NA	NA
RF03054	URS0000D6C3AB_1127483/1-80	True	True	NA	NA
RF03054	URS0000D6C3E7_1323663/1-50	True	True	NA	NA
RF03054	URS0000D6C482_40373/1-65	True	True	NA	NA
RF03054	URS0000D6C621_12908/1-78	True	True	NA	NA
RF03054	URS0000D6C631_12908/1-59	True	True	NA	NA
RF03054	URS0000D6C631_399795/1-59	True	True	NA	NA
RF03054	URS0000D6C65F_12908/1-67	True	True	NA	NA
RF03054	URS0000D6C66E_887062/1-57	True	True	NA	NA
RF03054	URS0000D6C6A8_12908/1-80	True	True	NA	NA
RF03054	URS0000D6C6B7_1079454/1-49	True	True	NA	NA
RF03054	URS0000D6C6B7_1079455/1-49	True	True	NA	NA
RF03054	URS0000D6C6B7_1090946/1-49	True	True	NA	NA
RF03054	URS0000D6C6B7_1107544/1-49	True	True	NA	NA
RF03054	URS0000D6C6B7_216596/1-49	True	True	NA	NA
RF03054	URS0000D6C6B7_936136/1-49	True	True	NA	NA
RF03054	URS0000D6C6CC_1150395/1-68	True	True	NA	NA
RF03054	URS0000D6C6CC_543728/1-68	True	True	NA	NA
RF03054	URS0000D6C7E3_1323663/1-51	True	True	NA	NA
RF03054	URS0000D6C803_592316/1-56	True	True	NA	NA
RF03054	URS0000D6C95F_1217699/1-54	True	True	NA	NA
RF03054	URS0000D6CAA5_1217694/1-65	True	True	NA	NA
RF03054	URS0000D6CB71_12908/1-59	True	True	NA	NA
RF03054	URS0000D6CB71_563045/1-59	True	True	NA	NA
RF03054	URS0000D6CB83_675811/1-54	True	True	NA	NA
RF03054	URS0000D6CB83_903510/1-54	True	True	NA	NA
RF03054	URS0000D6CBAF_1144317/1-71	True	True	NA	NA
RF03054	URS0000D6CD5E_12908/1-51	True	True	NA	NA
RF03054	URS0000D6CDC1_1265504/1-76	True	True	NA	NA
RF03054	URS0000D6CE6D_390235/1-53	True	True	NA	NA
RF03054	URS0000D6CEAF_1144341/1-57	True	True	NA	NA
RF03054	URS0000D6CF64_1120924/1-60	True	True	NA	NA
RF03054	URS0000D6CFF9_1144319/1-64	True	True	NA	NA
RF03054	URS0000D6D054_1397530/1-51	True	True	NA	NA
RF03054	URS0000D6D17D_1336753/1-49	True	True	NA	NA
RF03054	URS0000D6D22F_1107544/1-46	True	True	NA	NA
RF03054	URS0000D6D22F_1144312/1-46	True	True	NA	NA
RF03054	URS0000D6D22F_936136/1-46	True	True	NA	NA
RF03054	URS0000D6D32B_12908/1-63	True	True	NA	NA
RF03054	URS0000D6D340_643561/1-75	True	True	NA	NA
RF03054	URS0000D6D439_1265502/1-66	True	True	NA	NA
RF03054	URS00023119C1_137716/1-45	True	True	7ELP_A_SS;7ELP_B_SS;7ELQ_A_SS;7ELQ_B_SS;7ELR_A_SS;7ELR_B_SS;7ELS_A_SS;7ELS_B_SS	7ELP_A_SS;7ELP_B_SS;7ELQ_A_SS;7ELQ_B_SS;7ELR_A_SS;7ELR_B_SS;7ELS_A_SS;7ELS_B_SS
RF03167	URS000080DFCB_666/1-93	True	True	3IWN_A_SS;3IWN_B_SS	3IWN_A_SS;3IWN_B_SS
RF03167	URS000080E2D1_666/1-92	True	True	3IRW_R_SS;3MXH_R_SS;3UCU_R_SS;3UCZ_R_SS	3IRW_R_SS;3MXH_R_SS;3UCU_R_SS;3UCZ_R_SS
RF03167	URS0000D6571B_12908/1-77	True	True	NA	NA
RF03167	URS0000D65DAE_12908/1-84	True	True	NA	NA
RF03167	URS0000D65E51_12908/1-76	True	True	NA	NA
RF03167	URS0000D65EEA_12908/1-79	True	True	NA	NA
RF03167	URS0000D660DF_12908/1-89	True	True	NA	NA
RF03167	URS0000D66165_12908/1-75	True	True	NA	NA
RF03167	URS0000D66689_12908/1-76	True	True	NA	NA
RF03167	URS0000D66693_12908/1-91	True	True	NA	NA
RF03167	URS0000D667CA_12908/1-88	True	True	NA	NA
RF03167	URS0000D66F14_12908/1-152	True	True	NA	NA
RF03167	URS0000D670CA_12908/1-90	True	True	NA	NA
RF03167	URS0000D674D6_12908/1-78	True	True	NA	NA
RF03167	URS0000D67A64_12908/1-75	True	True	NA	NA
RF03167	URS0000D67B5A_12908/1-97	True	True	NA	NA
RF03167	URS0000D67D5C_12908/1-88	True	True	NA	NA
RF03167	URS0000D67EE2_12908/1-83	True	True	NA	NA
RF03167	URS0000D683BF_12908/1-150	True	True	NA	NA
RF03167	URS0000D68578_12908/1-91	True	True	NA	NA
RF03167	URS0000D6858C_12908/1-76	True	True	NA	NA
RF03167	URS0000D693CF_12908/1-89	True	True	NA	NA
RF03167	URS0000D69479_12908/1-85	True	True	NA	NA
RF03167	URS0000D6955D_12908/1-88	True	True	NA	NA
RF03167	URS0000D69746_12908/1-92	True	True	NA	NA
RF03167	URS0000D699CD_12908/1-73	True	True	NA	NA
RF03167	URS0000D69D4A_12908/1-80	True	True	NA	NA
RF03167	URS0000D69DD4_12908/1-106	True	True	NA	NA
RF03167	URS0000D6A3DC_12908/1-77	True	True	NA	NA
RF03167	URS0000D6A7FB_12908/1-138	True	True	NA	NA
RF03167	URS0000D6B29D_12908/1-77	True	True	NA	NA
RF03167	URS0000D6B429_12908/1-77	True	True	NA	NA
RF03167	URS0000D6B4D3_1262879/1-76	True	True	NA	NA
RF03167	URS0000D6BB36_12908/1-79	True	True	NA	NA
RF03167	URS0000D6C0F5_12908/1-78	True	True	NA	NA
RF03167	URS0000D6C163_12908/1-89	True	True	NA	NA
RF03167	URS0000D6C268_12908/1-85	True	True	NA	NA
RF03167	URS0000D6C2A1_12908/1-109	True	True	NA	NA
RF03167	URS0000D6C9B1_12908/1-89	True	True	NA	NA
RF03167	URS0000D6CE47_12908/1-74	True	True	NA	NA
RF04326	AB034916.1/3459-3505	True	True	NA	NA
RF04326	AB673254.1/3470-3520	True	True	NA	NA
RF04326	AB903034.1/3288-3338	True	True	NA	NA
RF04326	AJ249447.1/3467-3515	True	True	NA	NA
RF04326	AM072756.1/3401-3448	True	True	NA	NA
RF04326	BK059370.1/3942-3989	True	True	NA	NA
RF04326	BK059371.1/3400-3450	True	True	NA	NA
RF04326	BK059372.1/3319-3369	True	True	NA	NA
RF04326	BK059373.1/3474-3529	True	True	NA	NA
RF04326	BK059374.1/3283-3332	True	True	NA	NA
RF04326	BK059375.1/3419-3466	True	True	NA	NA
RF04326	BK064704.1/3562-3619	True	True	NA	NA
RF04326	DQ886589.1/591-640	True	True	NA	NA
RF04326	DQ973123.1/590-640	True	True	NA	NA
RF04326	DQ988082.1/583-633	True	True	NA	NA
RF04326	DQ988092.1/566-618	True	True	NA	NA
RF04326	DQ988097.1/583-632	True	True	NA	NA
RF04326	EF529625.1/2532-2580	True	True	NA	NA
RF04326	EU262624.1/592-642	True	True	NA	NA
RF04326	EU262625.1/590-642	True	True	NA	NA
RF04326	EU636990.1/3346-3395	True	True	NA	NA
RF04326	EU636992.1/3327-3377	True	True	NA	NA
RF04326	EU877079.1/10-60	True	True	NA	NA
RF04326	EU877082.1/9-59	True	True	NA	NA
RF04326	EU877093.1/8-59	True	True	NA	NA
RF04326	EU877095.1/15-61	True	True	NA	NA
RF04326	EU877101.1/15-61	True	True	NA	NA
RF04326	FJ188472.1/2657-2702	True	True	NA	NA
RF04326	FJ460214.1/592-642	True	True	NA	NA
RF04326	FN597051.1/2614-2661	True	True	NA	NA
RF04326	GQ221223.1/3327-3377	True	True	NA	NA
RF04326	GU190166.1/1940-1987	True	True	NA	NA
RF04326	GU324096.1/592-642	True	True	NA	NA
RF04326	GU324098.1/590-642	True	True	NA	NA
RF04326	GU324099.1/590-642	True	True	NA	NA
RF04326	GU324101.1/590-642	True	True	NA	NA
RF04326	GU324106.1/597-647	True	True	NA	NA
RF04326	GU324109.1/597-646	True	True	NA	NA
RF04326	GU570007.1/3434-3481	True	True	NA	NA
RF04326	HQ206716.1/177-227	True	True	NA	NA
RF04326	HQ439023.1/3336-3386	True	True	NA	NA
RF04326	HQ700823.1/592-642	True	True	NA	NA
RF04326	HQ700824.1/593-643	True	True	NA	NA
RF04326	HQ700825.1/597-646	True	True	NA	NA
RF04326	HQ700826.1/597-646	True	True	NA	NA
RF04326	HQ997896.1/597-647	True	True	NA	NA
RF04326	JF507725.1/3579-3626	True	True	NA	NA
RF04326	JQ266226.1/1940-1987	True	True	NA	NA
RF04326	JQ346189.1/3386-3437	True	True	NA	NA
RF04326	JQ700306.1/3327-3376	True	True	NA	NA
RF04326	JX427531.1/589-640	True	True	NA	NA
RF04326	JX427532.1/589-640	True	True	NA	NA
RF04326	JX427534.1/589-640	True	True	NA	NA
RF04326	JX427542.1/589-641	True	True	NA	NA
RF04326	KC210049.1/591-640	True	True	NA	NA
RF04326	KC960436.1/601-650	True	True	NA	NA
RF04326	KF359946.1/3451-3502	True	True	NA	NA
RF04326	KF427698.1/602-651	True	True	NA	NA
RF04326	KF427699.1/602-651	True	True	NA	NA
RF04326	KF427702.1/599-653	True	True	NA	NA
RF04326	KF427703.1/599-653	True	True	NA	NA
RF04326	KF427707.1/591-642	True	True	NA	NA
RF04326	KF427708.1/597-646	True	True	NA	NA
RF04326	KF533716.1/3294-3342	True	True	NA	NA
RF04326	KF791038.1/615-665	True	True	NA	NA
RF04326	KF815677.1/618-667	True	True	NA	NA
RF04326	KF815679.1/613-663	True	True	NA	NA
RF04326	KF815681.1/613-663	True	True	NA	NA
RF04326	KF827827.1/613-663	True	True	NA	NA
RF04326	KF827834.1/618-667	True	True	NA	NA
RF04326	KF906260.1/3450-3501	True	True	NA	NA
RF04326	KJ372735.1/2079-2126	True	True	NA	NA
RF04326	KJ767546.1/620-674	True	True	NA	NA
RF04326	KM016224.1/3519-3566	True	True	NA	NA
RF04326	KM067277.1/2614-2661	True	True	NA	NA
RF04326	KM486094.1/2470-2523	True	True	NA	NA
RF04326	KP176643.1/248-299	True	True	NA	NA
RF04326	KP995748.1/473-525	True	True	NA	NA
RF04326	KP995750.1/473-525	True	True	NA	NA
RF04326	KR054131.1/602-651	True	True	NA	NA
RF04326	KR054133.1/602-651	True	True	NA	NA
RF04326	KR054134.1/602-651	True	True	NA	NA
RF04326	KT223789.1/236-287	True	True	NA	NA
RF04326	KT825996.1/558-610	True	True	NA	NA
RF04326	KT943910.1/569-618	True	True	NA	NA
RF04326	KT943912.1/571-620	True	True	NA	NA
RF04326	KT943913.1/571-620	True	True	NA	NA
RF04326	KT960995.1/3436-3482	True	True	NA	NA
RF04326	KT960996.1/3460-3507	True	True	NA	NA
RF04326	KT960997.1/3459-3505	True	True	NA	NA
RF04326	KT963000.2/3532-3582	True	True	NA	NA
RF04326	KU521324.1/3346-3393	True	True	NA	NA
RF04326	KX122023.1/3458-3508	True	True	NA	NA
RF04326	KX599159.1/234-282	True	True	NA	NA
RF04326	KX712226.1/3411-3462	True	True	NA	NA
RF04326	KX856974.1/589-640	True	True	NA	NA
RF04326	KX856977.1/589-641	True	True	NA	NA
RF04326	KY052793.1/3328-3378	True	True	NA	NA
RF04326	KY196409.1/604-654	True	True	NA	NA
RF04326	KY564214.1/569-619	True	True	NA	NA
RF04326	KY564215.1/569-619	True	True	NA	NA
RF04326	KY617826.1/3318-3367	True	True	NA	NA
RF04326	KY634930.1/567-618	True	True	NA	NA
RF04326	KY684357.1/589-639	True	True	NA	NA
RF04326	L39983.1/340-391	True	True	NA	NA
RF04326	LC126030.1/1934-1986	True	True	NA	NA
RF04326	LC126033.1/2758-2810	True	True	NA	NA
RF04326	LC126039.1/2254-2306	True	True	NA	NA
RF04326	LC198684.1/3346-3395	True	True	NA	NA
RF04326	LC259081.1/3328-3379	True	True	NA	NA
RF04326	LC424839.1/3424-3474	True	True	NA	NA
RF04326	LC428351.1/3346-3395	True	True	NA	NA
RF04326	LC428355.1/3346-3395	True	True	NA	NA
RF04326	LC428360.1/3280-3329	True	True	NA	NA
RF04326	LC434063.1/3308-3356	True	True	NA	NA
RF04326	LC500835.1/3316-3367	True	True	NA	NA
RF04326	LC528383.1/3444-3496	True	True	NA	NA
RF04326	LC589964.1/3442-3493	True	True	NA	NA
RF04326	LC589967.1/3433-3483	True	True	NA	NA
RF04326	LC699794.1/3514-3580	True	True	NA	NA
RF04326	LC701522.1/3477-3528	True	True	NA	NA
RF04326	LC709260.1/3474-3525	True	True	NA	NA
RF04326	LC765997.1/3503-3552	True	True	NA	NA
RF04326	LN865080.1/845-895	True	True	NA	NA
RF04326	LN865081.1/837-888	True	True	NA	NA
RF04326	LN865083.1/841-904	True	True	NA	NA
RF04326	LT220496.1/3443-3495	True	True	NA	NA
RF04326	LT615231.1/3306-3355	True	True	NA	NA
RF04326	LT615235.1/3317-3365	True	True	NA	NA
RF04326	MF136435.1/2806-2855	True	True	NA	NA
RF04326	MF374483.1/317-364	True	True	NA	NA
RF04326	MF425867.1/2282-2232	True	True	NA	NA
RF04326	MF510223.1/4102-4147	True	True	NA	NA
RF04326	MF510249.1/4102-4147	True	True	NA	NA
RF04326	MG257903.1/3327-3377	True	True	NA	NA
RF04326	MG470802.1/2896-2947	True	True	NA	NA
RF04326	MG780352.1/3315-3367	True	True	NA	NA
RF04326	MG800833.2/3381-3430	True	True	NA	NA
RF04326	MG964091.1/561-611	True	True	NA	NA
RF04326	MG964101.1/561-611	True	True	NA	NA
RF04326	MH205607.1/3331-3381	True	True	NA	NA
RF04326	MH238455.1/4090-4135	True	True	NA	NA
RF04326	MH323436.1/3745-3792	True	True	NA	NA
RF04326	MH645154.1/3370-3421	True	True	NA	NA
RF04326	MH898527.1/3520-3570	True	True	NA	NA
RF04326	MH978189.1/3373-3424	True	True	NA	NA
RF04326	MK050790.1/3485-3539	True	True	NA	NA
RF04326	MK050791.1/3411-3463	True	True	NA	NA
RF04326	MK333461.1/3447-3498	True	True	NA	NA
RF04326	MK398703.1/431-481	True	True	NA	NA
RF04326	MK482114.1/3576-3623	True	True	NA	NA
RF04326	MK671017.1/595-645	True	True	NA	NA
RF04326	MK751486.1/3395-3446	True	True	NA	NA
RF04326	MK955806.1/3501-3552	True	True	NA	NA
RF04326	MN057665.2/3454-3505	True	True	NA	NA
RF04326	MN179492.1/3469-3519	True	True	NA	NA
RF04326	MN204612.1/3412-3461	True	True	NA	NA
RF04326	MN497828.1/2378-2431	True	True	NA	NA
RF04326	MN497829.1/2377-2430	True	True	NA	NA
RF04326	MN497830.1/1230-1283	True	True	NA	NA
RF04326	MN581046.1/3865-3910	True	True	NA	NA
RF04326	MN600001.1/3413-3460	True	True	NA	NA
RF04326	MN605963.1/269-321	True	True	NA	NA
RF04326	MN654405.1/611-664	True	True	NA	NA
RF04326	MN689364.1/3403-3455	True	True	NA	NA
RF04326	MN689369.1/3463-3514	True	True	NA	NA
RF04326	MN689383.1/3405-3456	True	True	NA	NA
RF04326	MN689385.1/3388-3439	True	True	NA	NA
RF04326	MN689387.1/3503-3554	True	True	NA	NA
RF04326	MN689388.1/3352-3403	True	True	NA	NA
RF04326	MN734427.1/3424-3475	True	True	NA	NA
RF04326	MN950791.1/3392-3443	True	True	NA	NA
RF04326	MT127783.1/3453-3504	True	True	NA	NA
RF04326	MT382650.1/825-875	True	True	NA	NA
RF04326	MT520166.1/3373-3421	True	True	NA	NA
RF04326	MT537596.1/3388-3439	True	True	NA	NA
RF04326	MT642436.1/2367-2420	True	True	NA	NA
RF04326	MT642439.1/2360-2413	True	True	NA	NA
RF04326	MT642441.1/2018-2071	True	True	NA	NA
RF04326	MT642442.1/2382-2435	True	True	NA	NA
RF04326	MT642445.1/2374-2427	True	True	NA	NA
RF04326	MT955608.1/3261-3310	True	True	NA	NA
RF04326	MT966031.1/3512-3563	True	True	NA	NA
RF04326	MT966034.1/3528-3578	True	True	NA	NA
RF04326	MT966040.1/3389-3437	True	True	NA	NA
RF04326	MT966041.1/3380-3430	True	True	NA	NA
RF04326	MW161057.1/3444-3496	True	True	NA	NA
RF04326	MW251502.1/3603-3651	True	True	NA	NA
RF04326	MW328731.1/7048-7092	True	True	NA	NA
RF04326	MW328732.1/6822-6867	True	True	NA	NA
RF04326	MW328736.1/7798-7842	True	True	NA	NA
RF04326	MW328737.1/7030-7075	True	True	NA	NA
RF04326	MW537050.1/3219-3268	True	True	NA	NA
RF04326	MW579554.1/3339-3390	True	True	NA	NA
RF04326	MW579556.1/2615-2661	True	True	NA	NA
RF04326	MW579556.1/3519-3566	True	True	NA	NA
RF04326	MW579557.1/2614-2661	True	True	NA	NA
RF04326	MW760844.1/4192-4262	True	True	NA	NA
RF04326	MW854286.1/2377-2430	True	True	NA	NA
RF04326	MW962382.1/3745-3792	True	True	NA	NA
RF04326	MW962390.1/3745-3792	True	True	NA	NA
RF04326	MZ292563.1/586-638	True	True	NA	NA
RF04326	MZ318692.1/324-373	True	True	NA	NA
RF04326	MZ318694.1/324-373	True	True	NA	NA
RF04326	MZ344588.1/3368-3417	True	True	NA	NA
RF04326	MZ404113.1/2614-2661	True	True	NA	NA
RF04326	MZ404113.1/3519-3566	True	True	NA	NA
RF04326	MZ404114.1/3519-3566	True	True	NA	NA
RF04326	MZ404116.1/2614-2661	True	True	NA	NA
RF04326	MZ501226.1/3556-3605	True	True	NA	NA
RF04326	MZ502484.1/225-272	True	True	NA	NA
RF04326	MZ502486.1/267-314	True	True	NA	NA
RF04326	MZ502487.1/255-303	True	True	NA	NA
RF04326	MZ571143.1/3577-3628	True	True	NA	NA
RF04326	MZ702869.1/3927-3971	True	True	NA	NA
RF04326	MZ727198.1/3460-3508	True	True	NA	NA
RF04326	MZ965076.1/3634-3684	True	True	NA	NA
RF04326	NC_000874.1/3466-3515	True	True	NA	NA
RF04326	NC_000874.1/3467-3515	True	True	NA	NA
RF04326	NC_001747.1/3508-3559	True	True	NA	NA
RF04326	NC_002766.1/3424-3475	True	True	NA	NA
RF04326	NC_003530.1/3399-3446	True	True	NA	NA
RF04326	NC_003627.1/4100-4145	True	True	NA	NA
RF04326	NC_003688.1/3319-3371	True	True	NA	NA
RF04326	NC_003756.1/3460-3506	True	True	NA	NA
RF04326	NC_003806.1/3445-3491	True	True	NA	NA
RF04326	NC_004045.2/2378-2431	True	True	NA	NA
RF04326	NC_004366.1/3519-3566	True	True	NA	NA
RF04326	NC_004751.1/3566-3615	True	True	NA	NA
RF04326	NC_004756.1/3346-3395	True	True	NA	NA
RF04326	NC_006265.1/3308-3356	True	True	NA	NA
RF04326	NC_008249.1/3488-3536	True	True	NA	NA
RF04326	NC_008249.1/3489-3536	True	True	NA	NA
RF04326	NC_010732.1/3459-3510	True	True	NA	NA
RF04326	NC_010809.1/3334-3384	True	True	NA	NA
RF04326	NC_014545.1/3450-3501	True	True	NA	NA
RF04326	NC_014545.1/3451-3501	True	True	NA	NA
RF04326	NC_018571.2/3457-3507	True	True	NA	NA
RF04326	NC_018571.2/3458-3507	True	True	NA	NA
RF04326	NC_021484.1/3334-3386	True	True	NA	NA
RF04326	NC_021484.1/3335-3386	True	True	NA	NA
RF04326	NC_025837.1/3486-3535	True	True	NA	NA
RF04326	NC_025837.1/3487-3535	True	True	NA	NA
RF04326	NC_026508.1/2470-2519	True	True	NA	NA
RF04326	NC_027703.1/3486-3540	True	True	NA	NA
RF04326	NC_027710.2/2669-2715	True	True	NA	NA
RF04326	NC_027710.2/3584-3631	True	True	NA	NA
RF04326	NC_028793.2/3527-3578	True	True	NA	NA
RF04326	NC_029691.1/3644-3695	True	True	NA	NA
RF04326	NC_029906.1/3327-3379	True	True	NA	NA
RF04326	NC_029906.1/3328-3379	True	True	NA	NA
RF04326	NC_029990.1/3323-3373	True	True	NA	NA
RF04326	NC_030225.1/3380-3430	True	True	NA	NA
RF04326	NC_030225.1/3381-3430	True	True	NA	NA
RF04326	NC_031747.1/3738-3785	True	True	NA	NA
RF04326	NC_032224.1/3356-3412	True	True	NA	NA
RF04326	NC_033229.1/3705-3755	True	True	NA	NA
RF04326	NC_034207.1/3518-3569	True	True	NA	NA
RF04326	NC_034243.1/2887-2933	True	True	NA	NA
RF04326	NC_034243.1/2889-2933	True	True	NA	NA
RF04326	NC_034246.1/3379-3428	True	True	NA	NA
RF04326	NC_034246.1/3380-3428	True	True	NA	NA
RF04326	NC_034247.1/3467-3516	True	True	NA	NA
RF04326	NC_034265.1/3500-3551	True	True	NA	NA
RF04326	NC_034836.1/4192-4261	True	True	NA	NA
RF04326	NC_035451.1/3372-3421	True	True	NA	NA
RF04326	NC_035451.1/3373-3421	True	True	NA	NA
RF04326	NC_036803.1/3444-3495	True	True	NA	NA
RF04326	NC_055495.1/3292-3342	True	True	NA	NA
RF04326	NC_075416.1/3445-3497	True	True	NA	NA
RF04326	NC_075422.1/3445-3496	True	True	NA	NA
RF04326	NC_076825.1/3394-3441	True	True	NA	NA
RF04326	OK030786.1/2373-2426	True	True	NA	NA
RF04326	OK030791.1/3282-3331	True	True	NA	NA
RF04326	OK050525.1/3457-3508	True	True	NA	NA
RF04326	OK073299.1/3453-3504	True	True	NA	NA
RF04326	OK216142.1/3462-3512	True	True	NA	NA
RF04326	OK670702.1/3363-3410	True	True	NA	NA
RF04326	OL311680.1/3461-3507	True	True	NA	NA
RF04326	OL332748.1/3458-3505	True	True	NA	NA
RF04326	OL344024.1/3003-3048	True	True	NA	NA
RF04326	OL344025.1/2951-2997	True	True	NA	NA
RF04326	OL344026.1/2862-2908	True	True	NA	NA
RF04326	OL344027.1/2534-2579	True	True	NA	NA
RF04326	OL344028.1/1907-1952	True	True	NA	NA
RF04326	OL466947.1/3401-3448	True	True	NA	NA
RF04326	OL466948.1/3401-3449	True	True	NA	NA
RF04326	OL466959.1/3401-3448	True	True	NA	NA
RF04326	OL466962.1/3401-3448	True	True	NA	NA
RF04326	OL466963.1/3398-3445	True	True	NA	NA
RF04326	OL466967.1/3401-3447	True	True	NA	NA
RF04326	OL466969.1/3401-3447	True	True	NA	NA
RF04326	OL466971.1/3401-3448	True	True	NA	NA
RF04326	OL466979.1/3401-3448	True	True	NA	NA
RF04326	OL466982.1/3401-3448	True	True	NA	NA
RF04326	OL466993.1/3401-3448	True	True	NA	NA
RF04326	OL466995.1/3401-3448	True	True	NA	NA
RF04326	OL467000.1/3401-3449	True	True	NA	NA
RF04326	OL467002.1/3401-3449	True	True	NA	NA
RF04326	OL471344.1/3369-3418	True	True	NA	NA
RF04326	OL741684.1/3404-3455	True	True	NA	NA
RF04326	OL762414.1/3405-3456	True	True	NA	NA
RF04326	OL762416.1/3404-3455	True	True	NA	NA
RF04326	OL999606.1/624-673	True	True	NA	NA
RF04326	OM062616.1/3457-3508	True	True	NA	NA
RF04326	OM507197.1/3484-3534	True	True	NA	NA
RF04326	OM829808.1/3373-3421	True	True	NA	NA
RF04326	OM829809.1/3456-3505	True	True	NA	NA
RF04326	OM948849.1/3324-3374	True	True	NA	NA
RF04326	ON051016.1/3470-3517	True	True	NA	NA
RF04326	ON051017.1/3395-3442	True	True	NA	NA
RF04326	ON331941.1/3473-3523	True	True	NA	NA
RF04326	ON555767.1/3300-3350	True	True	NA	NA
RF04326	ON565072.1/3527-3576	True	True	NA	NA
RF04326	ON745771.1/611-668	True	True	NA	NA
RF04326	ON745774.1/611-668	True	True	NA	NA
RF04326	ON924175.1/609-658	True	True	NA	NA
RF04326	ON924231.1/3424-3475	True	True	NA	NA
RF04326	ON924242.1/3413-3465	True	True	NA	NA
RF04326	ON961654.1/3432-3482	True	True	NA	NA
RF04326	OP053684.1/2670-2718	True	True	NA	NA
RF04326	OP122168.1/3763-3810	True	True	NA	NA
RF04326	OP389993.1/3432-3478	True	True	NA	NA
RF04326	OP455156.1/4-54	True	True	NA	NA
RF04326	OP562900.1/3282-3331	True	True	NA	NA
RF04326	OP594457.1/3368-3419	True	True	NA	NA
RF04326	OP660857.1/3782-3829	True	True	NA	NA
RF04326	OP719313.1/2370-2424	True	True	NA	NA
RF04326	OP886449.1/3339-3386	True	True	NA	NA
RF04326	OP886450.1/3281-3329	True	True	NA	NA
RF04326	OP909812.1/3324-3374	True	True	NA	NA
RF04326	OQ024902.1/3500-3556	True	True	NA	NA
RF04326	OQ559642.1/3082-3132	True	True	NA	NA
RF04326	OQ570952.1/3340-3389	True	True	NA	NA
RF04326	OQ625515.1/3340-3389	True	True	NA	NA
RF04326	OR021829.1/4217-4287	True	True	NA	NA
RF04326	OR066156.1/4207-4278	True	True	NA	NA
RF04326	OR225495.1/3401-3452	True	True	NA	NA
RF04326	OR225496.1/3397-3448	True	True	NA	NA
RF04326	OR225498.1/3433-3485	True	True	NA	NA
RF04326	OR225499.1/2777-2828	True	True	NA	NA
RF04326	OR225500.1/3440-3492	True	True	NA	NA
RF04326	OR225501.1/3443-3495	True	True	NA	NA
RF04326	OR352919.1/3744-3795	True	True	NA	NA
RF04326	OR352921.1/3752-3802	True	True	NA	NA
RF04326	OR536956.1/3390-3441	True	True	NA	NA
RF04326	OR865216.1/3327-3377	True	True	NA	NA
RF04326	PP083321.1/177-227	True	True	NA	NA
RF04326	PP355009.1/128-178	True	True	NA	NA
RF04326	PP461400.1/3311-3361	True	True	NA	NA
RF04326	PP461401.1/474-524	True	True	NA	NA
RF04326	PP482464.1/3313-3363	True	True	NA	NA
RF04326	PP680224.1/3387-3435	True	True	NA	NA
RF04326	URS00021ED9C7_12045/1-51	True	True	7JJU_A_SS;7JJU_B_SS	7JJU_A_SS;7JJU_B_SS
