run_id	pair_id	direction	replicate	source_rep	source_row_index	source_nt	source_label_seq_id	source_auth	source_observed	source_masked	original_column	rfam_partner	rfam_partner_nt	rfam_partner_auth	star3d_partner	star3d_partner_nt	star3d_partner_auth	category	rfam_missing_reason	star3d_missing_reason	rfam_pair_structurally_assessable	partner_offset	reference_source	rfam_release	seed_sha256
RF00005__5CCB_N__7EQJ_B__a1__forward__rep1	RF00005__5CCB_N__7EQJ_B	forward	1	RF00005__5CCB_N	1	G	2	N:1	yes	no	1	1	G	B:1	1	G	B:1	same_partner	NA	NA	yes	0	Rfam.seed.gz	15.1	41f014f4ab5628620935f089b1bb77987ebc162fda7c72bff368a32c9cccabac
RF00005__5CCB_N__7EQJ_B__a1__forward__rep1	RF00005__5CCB_N__7EQJ_B	forward	1	RF00005__5CCB_N	2	C	3	N:2	yes	no	2	2	G	B:2	2	G	B:2	same_partner	NA	NA	yes	0	Rfam.seed.gz	15.1	41f014f4ab5628620935f089b1bb77987ebc162fda7c72bff368a32c9cccabac
RF00005__5CCB_N__7EQJ_B__a1__forward__rep1	RF00005__5CCB_N__7EQJ_B	forward	1	RF00005__5CCB_N	3	C	4	N:3	yes	no	3	3	G	B:3	3	G	B:3	same_partner	NA	NA	yes	0	Rfam.seed.gz	15.1	41f014f4ab5628620935f089b1bb77987ebc162fda7c72bff368a32c9cccabac
RF00005__5CCB_N__7EQJ_B__a1__forward__rep1	RF00005__5CCB_N__7EQJ_B	forward	1	RF00005__5CCB_N	4	C	5	N:4	yes	no	4	4	U	B:4	4	U	B:4	same_partner	NA	NA	yes	0	Rfam.seed.gz	15.1	41f014f4ab5628620935f089b1bb77987ebc162fda7c72bff368a32c9cccabac
RF00005__5CCB_N__7EQJ_B__a1__forward__rep1	RF00005__5CCB_N__7EQJ_B	forward	1	RF00005__5CCB_N	5	G	6	N:5	yes	no	5	5	G	B:5	5	G	B:5	same_partner	NA	NA	yes	0	Rfam.seed.gz	15.1	41f014f4ab5628620935f089b1bb77987ebc162fda7c72bff368a32c9cccabac
RF00005__5CCB_N__7EQJ_B__a1__forward__rep1	RF00005__5CCB_N__7EQJ_B	forward	1	RF00005__5CCB_N	6	G	7	N:6	yes	no	6	6	A	B:6	6	A	B:6	same_partner	NA	NA	yes	0	Rfam.seed.gz	15.1	41f014f4ab5628620935f089b1bb77987ebc162fda7c72bff368a32c9cccabac
RF00005__5CCB_N__7EQJ_B__a1__forward__rep1	RF00005__5CCB_N__7EQJ_B	forward	1	RF00005__5CCB_N	7	A	8	N:7	yes	no	7	7	U	B:7	7	U	B:7	same_partner	NA	NA	yes	0	Rfam.seed.gz	15.1	41f014f4ab5628620935f089b1bb77987ebc162fda7c72bff368a32c9cccabac
RF00005__5CCB_N__7EQJ_B__a1__forward__rep1	RF00005__5CCB_N__7EQJ_B	forward	1	RF00005__5CCB_N	8	U	9	N:8	yes	no	8	8	U	B:8	8	U	B:8	same_partner	NA	NA	yes	0	Rfam.seed.gz	15.1	41f014f4ab5628620935f089b1bb77987ebc162fda7c72bff368a32c9cccabac
RF00005__5CCB_N__7EQJ_B__a1__forward__rep1	RF00005__5CCB_N__7EQJ_B	forward	1	RF00005__5CCB_N	9	A	10	N:9	yes	no	10	9	A	B:9	9	A	B:9	same_partner	NA	NA	yes	0	Rfam.seed.gz	15.1	41f014f4ab5628620935f089b1bb77987ebc162fda7c72bff368a32c9cccabac
RF00005__5CCB_N__7EQJ_B__a1__forward__rep1	RF00005__5CCB_N__7EQJ_B	forward	1	RF00005__5CCB_N	10	G	11	N:10	yes	no	12	10	G	B:10	10	G	B:10	same_partner	NA	NA	yes	0	Rfam.seed.gz	15.1	41f014f4ab5628620935f089b1bb77987ebc162fda7c72bff368a32c9cccabac
RF00005__5CCB_N__7EQJ_B__a1__forward__rep1	RF00005__5CCB_N__7EQJ_B	forward	1	RF00005__5CCB_N	11	C	12	N:11	yes	no	13	11	C	B:11	11	C	B:11	same_partner	NA	NA	yes	0	Rfam.seed.gz	15.1	41f014f4ab5628620935f089b1bb77987ebc162fda7c72bff368a32c9cccabac
RF00005__5CCB_N__7EQJ_B__a1__forward__rep1	RF00005__5CCB_N__7EQJ_B	forward	1	RF00005__5CCB_N	12	U	13	N:12	yes	no	14	12	U	B:12	12	U	B:12	same_partner	NA	NA	yes	0	Rfam.seed.gz	15.1	41f014f4ab5628620935f089b1bb77987ebc162fda7c72bff368a32c9cccabac
RF00005__5CCB_N__7EQJ_B__a1__forward__rep1	RF00005__5CCB_N__7EQJ_B	forward	1	RF00005__5CCB_N	13	C	14	N:13	yes	no	15	13	C	B:13	13	C	B:13	same_partner	NA	NA	yes	0	Rfam.seed.gz	15.1	41f014f4ab5628620935f089b1bb77987ebc162fda7c72bff368a32c9cccabac
RF00005__5CCB_N__7EQJ_B__a1__forward__rep1	RF00005__5CCB_N__7EQJ_B	forward	1	RF00005__5CCB_N	14	A	15	N:14	yes	no	16	14	A	B:14	14	A	B:14	same_partner	NA	NA	yes	0	Rfam.seed.gz	15.1	41f014f4ab5628620935f089b1bb77987ebc162fda7c72bff368a32c9cccabac
RF00005__5CCB_N__7EQJ_B__a1__forward__rep1	RF00005__5CCB_N__7EQJ_B	forward	1	RF00005__5CCB_N	15	G	16	N:15	yes	no	17	15	G	B:15	NA	NA	NA	rfam_only	NA	algorithm_omission	yes	NA	Rfam.seed.gz	15.1	41f014f4ab5628620935f089b1bb77987ebc162fda7c72bff368a32c9cccabac
RF00005__5CCB_N__7EQJ_B__a1__forward__rep1	RF00005__5CCB_N__7EQJ_B	forward	1	RF00005__5CCB_N	16	U	17	N:16	yes	no	18	16	C	B:16	NA	NA	NA	rfam_only	NA	algorithm_omission	yes	NA	Rfam.seed.gz	15.1	41f014f4ab5628620935f089b1bb77987ebc162fda7c72bff368a32c9cccabac
RF00005__5CCB_N__7EQJ_B__a1__forward__rep1	RF00005__5CCB_N__7EQJ_B	forward	1	RF00005__5CCB_N	17	C	18	N:17	yes	no	19	17	U	B:17	NA	NA	NA	rfam_only	NA	algorithm_omission	yes	NA	Rfam.seed.gz	15.1	41f014f4ab5628620935f089b1bb77987ebc162fda7c72bff368a32c9cccabac
RF00005__5CCB_N__7EQJ_B__a1__forward__rep1	RF00005__5CCB_N__7EQJ_B	forward	1	RF00005__5CCB_N	18	G	19	N:18	yes	no	22	18	G	B:18	NA	NA	NA	rfam_only	NA	algorithm_omission	yes	NA	Rfam.seed.gz	15.1	41f014f4ab5628620935f089b1bb77987ebc162fda7c72bff368a32c9cccabac
RF00005__5CCB_N__7EQJ_B__a1__forward__rep1	RF00005__5CCB_N__7EQJ_B	forward	1	RF00005__5CCB_N	19	G	20	N:19	yes	no	23	19	G	B:19	NA	NA	NA	rfam_only	NA	algorithm_omission	yes	NA	Rfam.seed.gz	15.1	41f014f4ab5628620935f089b1bb77987ebc162fda7c72bff368a32c9cccabac
RF00005__5CCB_N__7EQJ_B__a1__forward__rep1	RF00005__5CCB_N__7EQJ_B	forward	1	RF00005__5CCB_N	20	U	21	N:20	yes	no	24	20	G	B:20	15	G	B:15	different_partner	NA	NA	yes	-5	Rfam.seed.gz	15.1	41f014f4ab5628620935f089b1bb77987ebc162fda7c72bff368a32c9cccabac
RF00005__5CCB_N__7EQJ_B__a1__forward__rep1	RF00005__5CCB_N__7EQJ_B	forward	1	RF00005__5CCB_N	21	A	22	N:21	yes	no	28	21	A	B:21	NA	NA	NA	rfam_only	NA	algorithm_omission	yes	NA	Rfam.seed.gz	15.1	41f014f4ab5628620935f089b1bb77987ebc162fda7c72bff368a32c9cccabac
RF00005__5CCB_N__7EQJ_B__a1__forward__rep1	RF00005__5CCB_N__7EQJ_B	forward	1	RF00005__5CCB_N	22	G	23	N:22	yes	no	29	22	G	B:22	22	G	B:22	same_partner	NA	NA	yes	0	Rfam.seed.gz	15.1	41f014f4ab5628620935f089b1bb77987ebc162fda7c72bff368a32c9cccabac
RF00005__5CCB_N__7EQJ_B__a1__forward__rep1	RF00005__5CCB_N__7EQJ_B	forward	1	RF00005__5CCB_N	23	A	24	N:23	yes	no	30	23	A	B:23	23	A	B:23	same_partner	NA	NA	yes	0	Rfam.seed.gz	15.1	41f014f4ab5628620935f089b1bb77987ebc162fda7c72bff368a32c9cccabac
RF00005__5CCB_N__7EQJ_B__a1__forward__rep1	RF00005__5CCB_N__7EQJ_B	forward	1	RF00005__5CCB_N	24	G	25	N:24	yes	no	31	24	G	B:24	24	G	B:24	same_partner	NA	NA	yes	0	Rfam.seed.gz	15.1	41f014f4ab5628620935f089b1bb77987ebc162fda7c72bff368a32c9cccabac
RF00005__5CCB_N__7EQJ_B__a1__forward__rep1	RF00005__5CCB_N__7EQJ_B	forward	1	RF00005__5CCB_N	25	C	26	N:25	yes	no	32	25	C	B:25	25	C	B:25	same_partner	NA	NA	yes	0	Rfam.seed.gz	15.1	41f014f4ab5628620935f089b1bb77987ebc162fda7c72bff368a32c9cccabac
RF00005__5CCB_N__7EQJ_B__a1__forward__rep1	RF00005__5CCB_N__7EQJ_B	forward	1	RF00005__5CCB_N	26	A	27	N:26	yes	no	33	26	A	B:26	26	A	B:26	same_partner	NA	NA	yes	0	Rfam.seed.gz	15.1	41f014f4ab5628620935f089b1bb77987ebc162fda7c72bff368a32c9cccabac
RF00005__5CCB_N__7EQJ_B__a1__forward__rep1	RF00005__5CCB_N__7EQJ_B	forward	1	RF00005__5CCB_N	27	U	28	N:27	yes	no	35	27	C	B:27	27	C	B:27	same_partner	NA	NA	yes	0	Rfam.seed.gz	15.1	41f014f4ab5628620935f089b1bb77987ebc162fda7c72bff368a32c9cccabac
RF00005__5CCB_N__7EQJ_B__a1__forward__rep1	RF00005__5CCB_N__7EQJ_B	forward	1	RF00005__5CCB_N	28	C	29	N:28	yes	no	37	28	C	B:28	28	C	B:28	same_partner	NA	NA	yes	0	Rfam.seed.gz	15.1	41f014f4ab5628620935f089b1bb77987ebc162fda7c72bff368a32c9cccabac
RF00005__5CCB_N__7EQJ_B__a1__forward__rep1	RF00005__5CCB_N__7EQJ_B	forward	1	RF00005__5CCB_N	29	A	30	N:29	yes	no	38	29	U	B:29	29	U	B:29	same_partner	NA	NA	yes	0	Rfam.seed.gz	15.1	41f014f4ab5628620935f089b1bb77987ebc162fda7c72bff368a32c9cccabac
RF00005__5CCB_N__7EQJ_B__a1__forward__rep1	RF00005__5CCB_N__7EQJ_B	forward	1	RF00005__5CCB_N	30	G	31	N:30	yes	no	39	30	C	B:30	30	C	B:30	same_partner	NA	NA	yes	0	Rfam.seed.gz	15.1	41f014f4ab5628620935f089b1bb77987ebc162fda7c72bff368a32c9cccabac
RF00005__5CCB_N__7EQJ_B__a1__forward__rep1	RF00005__5CCB_N__7EQJ_B	forward	1	RF00005__5CCB_N	31	A	32	N:31	yes	no	40	31	C	B:31	31	C	B:31	same_partner	NA	NA	yes	0	Rfam.seed.gz	15.1	41f014f4ab5628620935f089b1bb77987ebc162fda7c72bff368a32c9cccabac
RF00005__5CCB_N__7EQJ_B__a1__forward__rep1	RF00005__5CCB_N__7EQJ_B	forward	1	RF00005__5CCB_N	32	C	33	N:32	yes	no	41	32	C	B:32	32	C	B:32	same_partner	NA	NA	yes	0	Rfam.seed.gz	15.1	41f014f4ab5628620935f089b1bb77987ebc162fda7c72bff368a32c9cccabac
RF00005__5CCB_N__7EQJ_B__a1__forward__rep1	RF00005__5CCB_N__7EQJ_B	forward	1	RF00005__5CCB_N	33	U	34	N:33	yes	no	43	33	U	B:33	33	U	B:33	same_partner	NA	NA	yes	0	Rfam.seed.gz	15.1	41f014f4ab5628620935f089b1bb77987ebc162fda7c72bff368a32c9cccabac
RF00005__5CCB_N__7EQJ_B__a1__forward__rep1	RF00005__5CCB_N__7EQJ_B	forward	1	RF00005__5CCB_N	34	U	35	N:34	yes	no	44	34	U	B:34	34	U	B:34	same_partner	NA	NA	yes	0	Rfam.seed.gz	15.1	41f014f4ab5628620935f089b1bb77987ebc162fda7c72bff368a32c9cccabac
RF00005__5CCB_N__7EQJ_B__a1__forward__rep1	RF00005__5CCB_N__7EQJ_B	forward	1	RF00005__5CCB_N	35	U	36	N:35	yes	no	45	35	A	B:35	35	A	B:35	same_partner	NA	NA	yes	0	Rfam.seed.gz	15.1	41f014f4ab5628620935f089b1bb77987ebc162fda7c72bff368a32c9cccabac
RF00005__5CCB_N__7EQJ_B__a1__forward__rep1	RF00005__5CCB_N__7EQJ_B	forward	1	RF00005__5CCB_N	36	U	37	N:36	yes	no	46	36	C	B:36	36	C	B:36	same_partner	NA	NA	yes	0	Rfam.seed.gz	15.1	41f014f4ab5628620935f089b1bb77987ebc162fda7c72bff368a32c9cccabac
RF00005__5CCB_N__7EQJ_B__a1__forward__rep1	RF00005__5CCB_N__7EQJ_B	forward	1	RF00005__5CCB_N	37	A	38	N:37	yes	no	47	37	A	B:37	37	A	B:37	same_partner	NA	NA	yes	0	Rfam.seed.gz	15.1	41f014f4ab5628620935f089b1bb77987ebc162fda7c72bff368a32c9cccabac
RF00005__5CCB_N__7EQJ_B__a1__forward__rep1	RF00005__5CCB_N__7EQJ_B	forward	1	RF00005__5CCB_N	38	A	39	N:38	yes	no	48	38	A	B:38	38	A	B:38	same_partner	NA	NA	yes	0	Rfam.seed.gz	15.1	41f014f4ab5628620935f089b1bb77987ebc162fda7c72bff368a32c9cccabac
RF00005__5CCB_N__7EQJ_B__a1__forward__rep1	RF00005__5CCB_N__7EQJ_B	forward	1	RF00005__5CCB_N	39	U	40	N:39	yes	no	49	39	G	B:39	39	G	B:39	same_partner	NA	NA	yes	0	Rfam.seed.gz	15.1	41f014f4ab5628620935f089b1bb77987ebc162fda7c72bff368a32c9cccabac
RF00005__5CCB_N__7EQJ_B__a1__forward__rep1	RF00005__5CCB_N__7EQJ_B	forward	1	RF00005__5CCB_N	40	C	41	N:40	yes	no	50	40	G	B:40	40	G	B:40	same_partner	NA	NA	yes	0	Rfam.seed.gz	15.1	41f014f4ab5628620935f089b1bb77987ebc162fda7c72bff368a32c9cccabac
RF00005__5CCB_N__7EQJ_B__a1__forward__rep1	RF00005__5CCB_N__7EQJ_B	forward	1	RF00005__5CCB_N	41	U	42	N:41	yes	no	51	41	A	B:41	41	A	B:41	same_partner	NA	NA	yes	0	Rfam.seed.gz	15.1	41f014f4ab5628620935f089b1bb77987ebc162fda7c72bff368a32c9cccabac
RF00005__5CCB_N__7EQJ_B__a1__forward__rep1	RF00005__5CCB_N__7EQJ_B	forward	1	RF00005__5CCB_N	42	G	43	N:42	yes	no	52	42	G	B:42	42	G	B:42	same_partner	NA	NA	yes	0	Rfam.seed.gz	15.1	41f014f4ab5628620935f089b1bb77987ebc162fda7c72bff368a32c9cccabac
RF00005__5CCB_N__7EQJ_B__a1__forward__rep1	RF00005__5CCB_N__7EQJ_B	forward	1	RF00005__5CCB_N	43	A	44	N:43	yes	no	54	43	G	B:43	43	G	B:43	same_partner	NA	NA	yes	0	Rfam.seed.gz	15.1	41f014f4ab5628620935f089b1bb77987ebc162fda7c72bff368a32c9cccabac
RF00005__5CCB_N__7EQJ_B__a1__forward__rep1	RF00005__5CCB_N__7EQJ_B	forward	1	RF00005__5CCB_N	44	G	45	N:44	yes	no	55	44	G	B:44	44	G	B:44	same_partner	NA	NA	yes	0	Rfam.seed.gz	15.1	41f014f4ab5628620935f089b1bb77987ebc162fda7c72bff368a32c9cccabac
RF00005__5CCB_N__7EQJ_B__a1__forward__rep1	RF00005__5CCB_N__7EQJ_B	forward	1	RF00005__5CCB_N	45	G	46	N:45	yes	no	56	45	G	B:45	45	G	B:45	same_partner	NA	NA	yes	0	Rfam.seed.gz	15.1	41f014f4ab5628620935f089b1bb77987ebc162fda7c72bff368a32c9cccabac
RF00005__5CCB_N__7EQJ_B__a1__forward__rep1	RF00005__5CCB_N__7EQJ_B	forward	1	RF00005__5CCB_N	46	G	47	N:46	yes	no	81	46	G	B:46	46	G	B:46	same_partner	NA	NA	yes	0	Rfam.seed.gz	15.1	41f014f4ab5628620935f089b1bb77987ebc162fda7c72bff368a32c9cccabac
RF00005__5CCB_N__7EQJ_B__a1__forward__rep1	RF00005__5CCB_N__7EQJ_B	forward	1	RF00005__5CCB_N	47	U	48	N:47	yes	no	82	47	U	B:47	47	U	B:47	same_partner	NA	NA	yes	0	Rfam.seed.gz	15.1	41f014f4ab5628620935f089b1bb77987ebc162fda7c72bff368a32c9cccabac
RF00005__5CCB_N__7EQJ_B__a1__forward__rep1	RF00005__5CCB_N__7EQJ_B	forward	1	RF00005__5CCB_N	48	C	49	N:48	yes	no	85	48	C	B:48	48	C	B:48	same_partner	NA	NA	yes	0	Rfam.seed.gz	15.1	41f014f4ab5628620935f089b1bb77987ebc162fda7c72bff368a32c9cccabac
RF00005__5CCB_N__7EQJ_B__a1__forward__rep1	RF00005__5CCB_N__7EQJ_B	forward	1	RF00005__5CCB_N	49	C	50	N:49	yes	no	86	49	G	B:49	49	G	B:49	same_partner	NA	NA	yes	0	Rfam.seed.gz	15.1	41f014f4ab5628620935f089b1bb77987ebc162fda7c72bff368a32c9cccabac
RF00005__5CCB_N__7EQJ_B__a1__forward__rep1	RF00005__5CCB_N__7EQJ_B	forward	1	RF00005__5CCB_N	50	A	51	N:50	yes	no	87	50	G	B:50	50	G	B:50	same_partner	NA	NA	yes	0	Rfam.seed.gz	15.1	41f014f4ab5628620935f089b1bb77987ebc162fda7c72bff368a32c9cccabac
RF00005__5CCB_N__7EQJ_B__a1__forward__rep1	RF00005__5CCB_N__7EQJ_B	forward	1	RF00005__5CCB_N	51	G	52	N:51	yes	no	88	51	C	B:51	51	C	B:51	same_partner	NA	NA	yes	0	Rfam.seed.gz	15.1	41f014f4ab5628620935f089b1bb77987ebc162fda7c72bff368a32c9cccabac
RF00005__5CCB_N__7EQJ_B__a1__forward__rep1	RF00005__5CCB_N__7EQJ_B	forward	1	RF00005__5CCB_N	52	G	53	N:52	yes	no	90	52	G	B:52	52	G	B:52	same_partner	NA	NA	yes	0	Rfam.seed.gz	15.1	41f014f4ab5628620935f089b1bb77987ebc162fda7c72bff368a32c9cccabac
RF00005__5CCB_N__7EQJ_B__a1__forward__rep1	RF00005__5CCB_N__7EQJ_B	forward	1	RF00005__5CCB_N	53	G	54	N:53	yes	no	91	53	G	B:53	53	G	B:53	same_partner	NA	NA	yes	0	Rfam.seed.gz	15.1	41f014f4ab5628620935f089b1bb77987ebc162fda7c72bff368a32c9cccabac
RF00005__5CCB_N__7EQJ_B__a1__forward__rep1	RF00005__5CCB_N__7EQJ_B	forward	1	RF00005__5CCB_N	54	U	55	N:54	yes	no	92	54	U	B:54	NA	NA	NA	rfam_only	NA	algorithm_omission	yes	NA	Rfam.seed.gz	15.1	41f014f4ab5628620935f089b1bb77987ebc162fda7c72bff368a32c9cccabac
RF00005__5CCB_N__7EQJ_B__a1__forward__rep1	RF00005__5CCB_N__7EQJ_B	forward	1	RF00005__5CCB_N	55	U	56	N:55	yes	no	94	55	U	B:55	54	U	B:54	different_partner	NA	NA	yes	-1	Rfam.seed.gz	15.1	41f014f4ab5628620935f089b1bb77987ebc162fda7c72bff368a32c9cccabac
RF00005__5CCB_N__7EQJ_B__a1__forward__rep1	RF00005__5CCB_N__7EQJ_B	forward	1	RF00005__5CCB_N	56	C	57	N:56	yes	no	95	56	C	B:56	55	U	B:55	different_partner	NA	NA	yes	-1	Rfam.seed.gz	15.1	41f014f4ab5628620935f089b1bb77987ebc162fda7c72bff368a32c9cccabac
RF00005__5CCB_N__7EQJ_B__a1__forward__rep1	RF00005__5CCB_N__7EQJ_B	forward	1	RF00005__5CCB_N	57	A	58	N:57	yes	no	96	57	G	B:57	56	C	B:56	different_partner	NA	NA	yes	-1	Rfam.seed.gz	15.1	41f014f4ab5628620935f089b1bb77987ebc162fda7c72bff368a32c9cccabac
RF00005__5CCB_N__7EQJ_B__a1__forward__rep1	RF00005__5CCB_N__7EQJ_B	forward	1	RF00005__5CCB_N	58	A	59	N:58	yes	no	98	58	A	B:58	57	G	B:57	different_partner	NA	NA	yes	-1	Rfam.seed.gz	15.1	41f014f4ab5628620935f089b1bb77987ebc162fda7c72bff368a32c9cccabac
RF00005__5CCB_N__7EQJ_B__a1__forward__rep1	RF00005__5CCB_N__7EQJ_B	forward	1	RF00005__5CCB_N	59	G	60	N:59	yes	no	99	59	U	B:59	NA	NA	NA	rfam_only	NA	algorithm_omission	yes	NA	Rfam.seed.gz	15.1	41f014f4ab5628620935f089b1bb77987ebc162fda7c72bff368a32c9cccabac
RF00005__5CCB_N__7EQJ_B__a1__forward__rep1	RF00005__5CCB_N__7EQJ_B	forward	1	RF00005__5CCB_N	60	U	61	N:60	yes	no	102	60	C	B:60	NA	NA	NA	rfam_only	NA	algorithm_omission	yes	NA	Rfam.seed.gz	15.1	41f014f4ab5628620935f089b1bb77987ebc162fda7c72bff368a32c9cccabac
RF00005__5CCB_N__7EQJ_B__a1__forward__rep1	RF00005__5CCB_N__7EQJ_B	forward	1	RF00005__5CCB_N	61	C	62	N:61	yes	no	103	61	C	B:61	61	C	B:61	same_partner	NA	NA	yes	0	Rfam.seed.gz	15.1	41f014f4ab5628620935f089b1bb77987ebc162fda7c72bff368a32c9cccabac
RF00005__5CCB_N__7EQJ_B__a1__forward__rep1	RF00005__5CCB_N__7EQJ_B	forward	1	RF00005__5CCB_N	62	C	63	N:62	yes	no	104	62	C	B:62	62	C	B:62	same_partner	NA	NA	yes	0	Rfam.seed.gz	15.1	41f014f4ab5628620935f089b1bb77987ebc162fda7c72bff368a32c9cccabac
RF00005__5CCB_N__7EQJ_B__a1__forward__rep1	RF00005__5CCB_N__7EQJ_B	forward	1	RF00005__5CCB_N	63	C	64	N:63	yes	no	105	63	G	B:63	63	G	B:63	same_partner	NA	NA	yes	0	Rfam.seed.gz	15.1	41f014f4ab5628620935f089b1bb77987ebc162fda7c72bff368a32c9cccabac
RF00005__5CCB_N__7EQJ_B__a1__forward__rep1	RF00005__5CCB_N__7EQJ_B	forward	1	RF00005__5CCB_N	64	U	65	N:64	yes	no	106	64	U	B:64	64	U	B:64	same_partner	NA	NA	yes	0	Rfam.seed.gz	15.1	41f014f4ab5628620935f089b1bb77987ebc162fda7c72bff368a32c9cccabac
RF00005__5CCB_N__7EQJ_B__a1__forward__rep1	RF00005__5CCB_N__7EQJ_B	forward	1	RF00005__5CCB_N	65	G	66	N:65	yes	no	108	65	C	B:65	65	C	B:65	same_partner	NA	NA	yes	0	Rfam.seed.gz	15.1	41f014f4ab5628620935f089b1bb77987ebc162fda7c72bff368a32c9cccabac
RF00005__5CCB_N__7EQJ_B__a1__forward__rep1	RF00005__5CCB_N__7EQJ_B	forward	1	RF00005__5CCB_N	66	U	67	N:66	yes	no	110	66	A	B:66	66	A	B:66	same_partner	NA	NA	yes	0	Rfam.seed.gz	15.1	41f014f4ab5628620935f089b1bb77987ebc162fda7c72bff368a32c9cccabac
RF00005__5CCB_N__7EQJ_B__a1__forward__rep1	RF00005__5CCB_N__7EQJ_B	forward	1	RF00005__5CCB_N	67	U	68	N:67	yes	no	111	67	U	B:67	67	U	B:67	same_partner	NA	NA	yes	0	Rfam.seed.gz	15.1	41f014f4ab5628620935f089b1bb77987ebc162fda7c72bff368a32c9cccabac
RF00005__5CCB_N__7EQJ_B__a1__forward__rep1	RF00005__5CCB_N__7EQJ_B	forward	1	RF00005__5CCB_N	68	C	69	N:68	yes	no	112	68	C	B:68	68	C	B:68	same_partner	NA	NA	yes	0	Rfam.seed.gz	15.1	41f014f4ab5628620935f089b1bb77987ebc162fda7c72bff368a32c9cccabac
RF00005__5CCB_N__7EQJ_B__a1__forward__rep1	RF00005__5CCB_N__7EQJ_B	forward	1	RF00005__5CCB_N	69	G	70	N:69	yes	no	113	69	A	B:69	69	A	B:69	same_partner	NA	NA	yes	0	Rfam.seed.gz	15.1	41f014f4ab5628620935f089b1bb77987ebc162fda7c72bff368a32c9cccabac
RF00005__5CCB_N__7EQJ_B__a1__forward__rep1	RF00005__5CCB_N__7EQJ_B	forward	1	RF00005__5CCB_N	70	G	71	N:70	yes	no	114	70	C	B:70	70	C	B:70	same_partner	NA	NA	yes	0	Rfam.seed.gz	15.1	41f014f4ab5628620935f089b1bb77987ebc162fda7c72bff368a32c9cccabac
RF00005__5CCB_N__7EQJ_B__a1__forward__rep1	RF00005__5CCB_N__7EQJ_B	forward	1	RF00005__5CCB_N	71	G	72	N:71	yes	no	115	71	C	B:71	71	C	B:71	same_partner	NA	NA	yes	0	Rfam.seed.gz	15.1	41f014f4ab5628620935f089b1bb77987ebc162fda7c72bff368a32c9cccabac
RF00005__5CCB_N__7EQJ_B__a1__forward__rep1	RF00005__5CCB_N__7EQJ_B	forward	1	RF00005__5CCB_N	72	C	73	N:72	yes	no	116	72	C	B:72	72	C	B:72	same_partner	NA	NA	yes	0	Rfam.seed.gz	15.1	41f014f4ab5628620935f089b1bb77987ebc162fda7c72bff368a32c9cccabac
RF00005__5CCB_N__7EQJ_B__a1__forward__rep1	RF00005__5CCB_N__7EQJ_B	forward	1	RF00005__5CCB_N	73	G	74	N:73	yes	no	118	73	A	B:73	73	A	B:73	same_partner	NA	NA	yes	0	Rfam.seed.gz	15.1	41f014f4ab5628620935f089b1bb77987ebc162fda7c72bff368a32c9cccabac
RF00005__5CCB_N__7EQJ_B__a1__forward__rep2	RF00005__5CCB_N__7EQJ_B	forward	2	RF00005__5CCB_N	1	G	2	N:1	yes	no	1	1	G	B:1	1	G	B:1	same_partner	NA	NA	yes	0	Rfam.seed.gz	15.1	41f014f4ab5628620935f089b1bb77987ebc162fda7c72bff368a32c9cccabac
RF00005__5CCB_N__7EQJ_B__a1__forward__rep2	RF00005__5CCB_N__7EQJ_B	forward	2	RF00005__5CCB_N	2	C	3	N:2	yes	no	2	2	G	B:2	2	G	B:2	same_partner	NA	NA	yes	0	Rfam.seed.gz	15.1	41f014f4ab5628620935f089b1bb77987ebc162fda7c72bff368a32c9cccabac
RF00005__5CCB_N__7EQJ_B__a1__forward__rep2	RF00005__5CCB_N__7EQJ_B	forward	2	RF00005__5CCB_N	3	C	4	N:3	yes	no	3	3	G	B:3	3	G	B:3	same_partner	NA	NA	yes	0	Rfam.seed.gz	15.1	41f014f4ab5628620935f089b1bb77987ebc162fda7c72bff368a32c9cccabac
RF00005__5CCB_N__7EQJ_B__a1__forward__rep2	RF00005__5CCB_N__7EQJ_B	forward	2	RF00005__5CCB_N	4	C	5	N:4	yes	no	4	4	U	B:4	4	U	B:4	same_partner	NA	NA	yes	0	Rfam.seed.gz	15.1	41f014f4ab5628620935f089b1bb77987ebc162fda7c72bff368a32c9cccabac
RF00005__5CCB_N__7EQJ_B__a1__forward__rep2	RF00005__5CCB_N__7EQJ_B	forward	2	RF00005__5CCB_N	5	G	6	N:5	yes	no	5	5	G	B:5	5	G	B:5	same_partner	NA	NA	yes	0	Rfam.seed.gz	15.1	41f014f4ab5628620935f089b1bb77987ebc162fda7c72bff368a32c9cccabac
RF00005__5CCB_N__7EQJ_B__a1__forward__rep2	RF00005__5CCB_N__7EQJ_B	forward	2	RF00005__5CCB_N	6	G	7	N:6	yes	no	6	6	A	B:6	6	A	B:6	same_partner	NA	NA	yes	0	Rfam.seed.gz	15.1	41f014f4ab5628620935f089b1bb77987ebc162fda7c72bff368a32c9cccabac
RF00005__5CCB_N__7EQJ_B__a1__forward__rep2	RF00005__5CCB_N__7EQJ_B	forward	2	RF00005__5CCB_N	7	A	8	N:7	yes	no	7	7	U	B:7	7	U	B:7	same_partner	NA	NA	yes	0	Rfam.seed.gz	15.1	41f014f4ab5628620935f089b1bb77987ebc162fda7c72bff368a32c9cccabac
RF00005__5CCB_N__7EQJ_B__a1__forward__rep2	RF00005__5CCB_N__7EQJ_B	forward	2	RF00005__5CCB_N	8	U	9	N:8	yes	no	8	8	U	B:8	8	U	B:8	same_partner	NA	NA	yes	0	Rfam.seed.gz	15.1	41f014f4ab5628620935f089b1bb77987ebc162fda7c72bff368a32c9cccabac
RF00005__5CCB_N__7EQJ_B__a1__forward__rep2	RF00005__5CCB_N__7EQJ_B	forward	2	RF00005__5CCB_N	9	A	10	N:9	yes	no	10	9	A	B:9	9	A	B:9	same_partner	NA	NA	yes	0	Rfam.seed.gz	15.1	41f014f4ab5628620935f089b1bb77987ebc162fda7c72bff368a32c9cccabac
RF00005__5CCB_N__7EQJ_B__a1__forward__rep2	RF00005__5CCB_N__7EQJ_B	forward	2	RF00005__5CCB_N	10	G	11	N:10	yes	no	12	10	G	B:10	10	G	B:10	same_partner	NA	NA	yes	0	Rfam.seed.gz	15.1	41f014f4ab5628620935f089b1bb77987ebc162fda7c72bff368a32c9cccabac
RF00005__5CCB_N__7EQJ_B__a1__forward__rep2	RF00005__5CCB_N__7EQJ_B	forward	2	RF00005__5CCB_N	11	C	12	N:11	yes	no	13	11	C	B:11	11	C	B:11	same_partner	NA	NA	yes	0	Rfam.seed.gz	15.1	41f014f4ab5628620935f089b1bb77987ebc162fda7c72bff368a32c9cccabac
RF00005__5CCB_N__7EQJ_B__a1__forward__rep2	RF00005__5CCB_N__7EQJ_B	forward	2	RF00005__5CCB_N	12	U	13	N:12	yes	no	14	12	U	B:12	12	U	B:12	same_partner	NA	NA	yes	0	Rfam.seed.gz	15.1	41f014f4ab5628620935f089b1bb77987ebc162fda7c72bff368a32c9cccabac
RF00005__5CCB_N__7EQJ_B__a1__forward__rep2	RF00005__5CCB_N__7EQJ_B	forward	2	RF00005__5CCB_N	13	C	14	N:13	yes	no	15	13	C	B:13	13	C	B:13	same_partner	NA	NA	yes	0	Rfam.seed.gz	15.1	41f014f4ab5628620935f089b1bb77987ebc162fda7c72bff368a32c9cccabac
RF00005__5CCB_N__7EQJ_B__a1__forward__rep2	RF00005__5CCB_N__7EQJ_B	forward	2	RF00005__5CCB_N	14	A	15	N:14	yes	no	16	14	A	B:14	14	A	B:14	same_partner	NA	NA	yes	0	Rfam.seed.gz	15.1	41f014f4ab5628620935f089b1bb77987ebc162fda7c72bff368a32c9cccabac
RF00005__5CCB_N__7EQJ_B__a1__forward__rep2	RF00005__5CCB_N__7EQJ_B	forward	2	RF00005__5CCB_N	15	G	16	N:15	yes	no	17	15	G	B:15	NA	NA	NA	rfam_only	NA	algorithm_omission	yes	NA	Rfam.seed.gz	15.1	41f014f4ab5628620935f089b1bb77987ebc162fda7c72bff368a32c9cccabac
RF00005__5CCB_N__7EQJ_B__a1__forward__rep2	RF00005__5CCB_N__7EQJ_B	forward	2	RF00005__5CCB_N	16	U	17	N:16	yes	no	18	16	C	B:16	NA	NA	NA	rfam_only	NA	algorithm_omission	yes	NA	Rfam.seed.gz	15.1	41f014f4ab5628620935f089b1bb77987ebc162fda7c72bff368a32c9cccabac
RF00005__5CCB_N__7EQJ_B__a1__forward__rep2	RF00005__5CCB_N__7EQJ_B	forward	2	RF00005__5CCB_N	17	C	18	N:17	yes	no	19	17	U	B:17	NA	NA	NA	rfam_only	NA	algorithm_omission	yes	NA	Rfam.seed.gz	15.1	41f014f4ab5628620935f089b1bb77987ebc162fda7c72bff368a32c9cccabac
RF00005__5CCB_N__7EQJ_B__a1__forward__rep2	RF00005__5CCB_N__7EQJ_B	forward	2	RF00005__5CCB_N	18	G	19	N:18	yes	no	22	18	G	B:18	NA	NA	NA	rfam_only	NA	algorithm_omission	yes	NA	Rfam.seed.gz	15.1	41f014f4ab5628620935f089b1bb77987ebc162fda7c72bff368a32c9cccabac
RF00005__5CCB_N__7EQJ_B__a1__forward__rep2	RF00005__5CCB_N__7EQJ_B	forward	2	RF00005__5CCB_N	19	G	20	N:19	yes	no	23	19	G	B:19	NA	NA	NA	rfam_only	NA	algorithm_omission	yes	NA	Rfam.seed.gz	15.1	41f014f4ab5628620935f089b1bb77987ebc162fda7c72bff368a32c9cccabac
RF00005__5CCB_N__7EQJ_B__a1__forward__rep2	RF00005__5CCB_N__7EQJ_B	forward	2	RF00005__5CCB_N	20	U	21	N:20	yes	no	24	20	G	B:20	15	G	B:15	different_partner	NA	NA	yes	-5	Rfam.seed.gz	15.1	41f014f4ab5628620935f089b1bb77987ebc162fda7c72bff368a32c9cccabac
RF00005__5CCB_N__7EQJ_B__a1__forward__rep2	RF00005__5CCB_N__7EQJ_B	forward	2	RF00005__5CCB_N	21	A	22	N:21	yes	no	28	21	A	B:21	NA	NA	NA	rfam_only	NA	algorithm_omission	yes	NA	Rfam.seed.gz	15.1	41f014f4ab5628620935f089b1bb77987ebc162fda7c72bff368a32c9cccabac
RF00005__5CCB_N__7EQJ_B__a1__forward__rep2	RF00005__5CCB_N__7EQJ_B	forward	2	RF00005__5CCB_N	22	G	23	N:22	yes	no	29	22	G	B:22	22	G	B:22	same_partner	NA	NA	yes	0	Rfam.seed.gz	15.1	41f014f4ab5628620935f089b1bb77987ebc162fda7c72bff368a32c9cccabac
RF00005__5CCB_N__7EQJ_B__a1__forward__rep2	RF00005__5CCB_N__7EQJ_B	forward	2	RF00005__5CCB_N	23	A	24	N:23	yes	no	30	23	A	B:23	23	A	B:23	same_partner	NA	NA	yes	0	Rfam.seed.gz	15.1	41f014f4ab5628620935f089b1bb77987ebc162fda7c72bff368a32c9cccabac
RF00005__5CCB_N__7EQJ_B__a1__forward__rep2	RF00005__5CCB_N__7EQJ_B	forward	2	RF00005__5CCB_N	24	G	25	N:24	yes	no	31	24	G	B:24	24	G	B:24	same_partner	NA	NA	yes	0	Rfam.seed.gz	15.1	41f014f4ab5628620935f089b1bb77987ebc162fda7c72bff368a32c9cccabac
RF00005__5CCB_N__7EQJ_B__a1__forward__rep2	RF00005__5CCB_N__7EQJ_B	forward	2	RF00005__5CCB_N	25	C	26	N:25	yes	no	32	25	C	B:25	25	C	B:25	same_partner	NA	NA	yes	0	Rfam.seed.gz	15.1	41f014f4ab5628620935f089b1bb77987ebc162fda7c72bff368a32c9cccabac
RF00005__5CCB_N__7EQJ_B__a1__forward__rep2	RF00005__5CCB_N__7EQJ_B	forward	2	RF00005__5CCB_N	26	A	27	N:26	yes	no	33	26	A	B:26	26	A	B:26	same_partner	NA	NA	yes	0	Rfam.seed.gz	15.1	41f014f4ab5628620935f089b1bb77987ebc162fda7c72bff368a32c9cccabac
RF00005__5CCB_N__7EQJ_B__a1__forward__rep2	RF00005__5CCB_N__7EQJ_B	forward	2	RF00005__5CCB_N	27	U	28	N:27	yes	no	35	27	C	B:27	27	C	B:27	same_partner	NA	NA	yes	0	Rfam.seed.gz	15.1	41f014f4ab5628620935f089b1bb77987ebc162fda7c72bff368a32c9cccabac
RF00005__5CCB_N__7EQJ_B__a1__forward__rep2	RF00005__5CCB_N__7EQJ_B	forward	2	RF00005__5CCB_N	28	C	29	N:28	yes	no	37	28	C	B:28	28	C	B:28	same_partner	NA	NA	yes	0	Rfam.seed.gz	15.1	41f014f4ab5628620935f089b1bb77987ebc162fda7c72bff368a32c9cccabac
RF00005__5CCB_N__7EQJ_B__a1__forward__rep2	RF00005__5CCB_N__7EQJ_B	forward	2	RF00005__5CCB_N	29	A	30	N:29	yes	no	38	29	U	B:29	29	U	B:29	same_partner	NA	NA	yes	0	Rfam.seed.gz	15.1	41f014f4ab5628620935f089b1bb77987ebc162fda7c72bff368a32c9cccabac
RF00005__5CCB_N__7EQJ_B__a1__forward__rep2	RF00005__5CCB_N__7EQJ_B	forward	2	RF00005__5CCB_N	30	G	31	N:30	yes	no	39	30	C	B:30	30	C	B:30	same_partner	NA	NA	yes	0	Rfam.seed.gz	15.1	41f014f4ab5628620935f089b1bb77987ebc162fda7c72bff368a32c9cccabac
RF00005__5CCB_N__7EQJ_B__a1__forward__rep2	RF00005__5CCB_N__7EQJ_B	forward	2	RF00005__5CCB_N	31	A	32	N:31	yes	no	40	31	C	B:31	31	C	B:31	same_partner	NA	NA	yes	0	Rfam.seed.gz	15.1	41f014f4ab5628620935f089b1bb77987ebc162fda7c72bff368a32c9cccabac
RF00005__5CCB_N__7EQJ_B__a1__forward__rep2	RF00005__5CCB_N__7EQJ_B	forward	2	RF00005__5CCB_N	32	C	33	N:32	yes	no	41	32	C	B:32	32	C	B:32	same_partner	NA	NA	yes	0	Rfam.seed.gz	15.1	41f014f4ab5628620935f089b1bb77987ebc162fda7c72bff368a32c9cccabac
RF00005__5CCB_N__7EQJ_B__a1__forward__rep2	RF00005__5CCB_N__7EQJ_B	forward	2	RF00005__5CCB_N	33	U	34	N:33	yes	no	43	33	U	B:33	33	U	B:33	same_partner	NA	NA	yes	0	Rfam.seed.gz	15.1	41f014f4ab5628620935f089b1bb77987ebc162fda7c72bff368a32c9cccabac
RF00005__5CCB_N__7EQJ_B__a1__forward__rep2	RF00005__5CCB_N__7EQJ_B	forward	2	RF00005__5CCB_N	34	U	35	N:34	yes	no	44	34	U	B:34	34	U	B:34	same_partner	NA	NA	yes	0	Rfam.seed.gz	15.1	41f014f4ab5628620935f089b1bb77987ebc162fda7c72bff368a32c9cccabac
RF00005__5CCB_N__7EQJ_B__a1__forward__rep2	RF00005__5CCB_N__7EQJ_B	forward	2	RF00005__5CCB_N	35	U	36	N:35	yes	no	45	35	A	B:35	35	A	B:35	same_partner	NA	NA	yes	0	Rfam.seed.gz	15.1	41f014f4ab5628620935f089b1bb77987ebc162fda7c72bff368a32c9cccabac
RF00005__5CCB_N__7EQJ_B__a1__forward__rep2	RF00005__5CCB_N__7EQJ_B	forward	2	RF00005__5CCB_N	36	U	37	N:36	yes	no	46	36	C	B:36	36	C	B:36	same_partner	NA	NA	yes	0	Rfam.seed.gz	15.1	41f014f4ab5628620935f089b1bb77987ebc162fda7c72bff368a32c9cccabac
RF00005__5CCB_N__7EQJ_B__a1__forward__rep2	RF00005__5CCB_N__7EQJ_B	forward	2	RF00005__5CCB_N	37	A	38	N:37	yes	no	47	37	A	B:37	37	A	B:37	same_partner	NA	NA	yes	0	Rfam.seed.gz	15.1	41f014f4ab5628620935f089b1bb77987ebc162fda7c72bff368a32c9cccabac
RF00005__5CCB_N__7EQJ_B__a1__forward__rep2	RF00005__5CCB_N__7EQJ_B	forward	2	RF00005__5CCB_N	38	A	39	N:38	yes	no	48	38	A	B:38	38	A	B:38	same_partner	NA	NA	yes	0	Rfam.seed.gz	15.1	41f014f4ab5628620935f089b1bb77987ebc162fda7c72bff368a32c9cccabac
RF00005__5CCB_N__7EQJ_B__a1__forward__rep2	RF00005__5CCB_N__7EQJ_B	forward	2	RF00005__5CCB_N	39	U	40	N:39	yes	no	49	39	G	B:39	39	G	B:39	same_partner	NA	NA	yes	0	Rfam.seed.gz	15.1	41f014f4ab5628620935f089b1bb77987ebc162fda7c72bff368a32c9cccabac
RF00005__5CCB_N__7EQJ_B__a1__forward__rep2	RF00005__5CCB_N__7EQJ_B	forward	2	RF00005__5CCB_N	40	C	41	N:40	yes	no	50	40	G	B:40	40	G	B:40	same_partner	NA	NA	yes	0	Rfam.seed.gz	15.1	41f014f4ab5628620935f089b1bb77987ebc162fda7c72bff368a32c9cccabac
RF00005__5CCB_N__7EQJ_B__a1__forward__rep2	RF00005__5CCB_N__7EQJ_B	forward	2	RF00005__5CCB_N	41	U	42	N:41	yes	no	51	41	A	B:41	41	A	B:41	same_partner	NA	NA	yes	0	Rfam.seed.gz	15.1	41f014f4ab5628620935f089b1bb77987ebc162fda7c72bff368a32c9cccabac
RF00005__5CCB_N__7EQJ_B__a1__forward__rep2	RF00005__5CCB_N__7EQJ_B	forward	2	RF00005__5CCB_N	42	G	43	N:42	yes	no	52	42	G	B:42	42	G	B:42	same_partner	NA	NA	yes	0	Rfam.seed.gz	15.1	41f014f4ab5628620935f089b1bb77987ebc162fda7c72bff368a32c9cccabac
RF00005__5CCB_N__7EQJ_B__a1__forward__rep2	RF00005__5CCB_N__7EQJ_B	forward	2	RF00005__5CCB_N	43	A	44	N:43	yes	no	54	43	G	B:43	43	G	B:43	same_partner	NA	NA	yes	0	Rfam.seed.gz	15.1	41f014f4ab5628620935f089b1bb77987ebc162fda7c72bff368a32c9cccabac
RF00005__5CCB_N__7EQJ_B__a1__forward__rep2	RF00005__5CCB_N__7EQJ_B	forward	2	RF00005__5CCB_N	44	G	45	N:44	yes	no	55	44	G	B:44	44	G	B:44	same_partner	NA	NA	yes	0	Rfam.seed.gz	15.1	41f014f4ab5628620935f089b1bb77987ebc162fda7c72bff368a32c9cccabac
RF00005__5CCB_N__7EQJ_B__a1__forward__rep2	RF00005__5CCB_N__7EQJ_B	forward	2	RF00005__5CCB_N	45	G	46	N:45	yes	no	56	45	G	B:45	45	G	B:45	same_partner	NA	NA	yes	0	Rfam.seed.gz	15.1	41f014f4ab5628620935f089b1bb77987ebc162fda7c72bff368a32c9cccabac
RF00005__5CCB_N__7EQJ_B__a1__forward__rep2	RF00005__5CCB_N__7EQJ_B	forward	2	RF00005__5CCB_N	46	G	47	N:46	yes	no	81	46	G	B:46	46	G	B:46	same_partner	NA	NA	yes	0	Rfam.seed.gz	15.1	41f014f4ab5628620935f089b1bb77987ebc162fda7c72bff368a32c9cccabac
RF00005__5CCB_N__7EQJ_B__a1__forward__rep2	RF00005__5CCB_N__7EQJ_B	forward	2	RF00005__5CCB_N	47	U	48	N:47	yes	no	82	47	U	B:47	47	U	B:47	same_partner	NA	NA	yes	0	Rfam.seed.gz	15.1	41f014f4ab5628620935f089b1bb77987ebc162fda7c72bff368a32c9cccabac
RF00005__5CCB_N__7EQJ_B__a1__forward__rep2	RF00005__5CCB_N__7EQJ_B	forward	2	RF00005__5CCB_N	48	C	49	N:48	yes	no	85	48	C	B:48	48	C	B:48	same_partner	NA	NA	yes	0	Rfam.seed.gz	15.1	41f014f4ab5628620935f089b1bb77987ebc162fda7c72bff368a32c9cccabac
RF00005__5CCB_N__7EQJ_B__a1__forward__rep2	RF00005__5CCB_N__7EQJ_B	forward	2	RF00005__5CCB_N	49	C	50	N:49	yes	no	86	49	G	B:49	49	G	B:49	same_partner	NA	NA	yes	0	Rfam.seed.gz	15.1	41f014f4ab5628620935f089b1bb77987ebc162fda7c72bff368a32c9cccabac
RF00005__5CCB_N__7EQJ_B__a1__forward__rep2	RF00005__5CCB_N__7EQJ_B	forward	2	RF00005__5CCB_N	50	A	51	N:50	yes	no	87	50	G	B:50	50	G	B:50	same_partner	NA	NA	yes	0	Rfam.seed.gz	15.1	41f014f4ab5628620935f089b1bb77987ebc162fda7c72bff368a32c9cccabac
RF00005__5CCB_N__7EQJ_B__a1__forward__rep2	RF00005__5CCB_N__7EQJ_B	forward	2	RF00005__5CCB_N	51	G	52	N:51	yes	no	88	51	C	B:51	51	C	B:51	same_partner	NA	NA	yes	0	Rfam.seed.gz	15.1	41f014f4ab5628620935f089b1bb77987ebc162fda7c72bff368a32c9cccabac
RF00005__5CCB_N__7EQJ_B__a1__forward__rep2	RF00005__5CCB_N__7EQJ_B	forward	2	RF00005__5CCB_N	52	G	53	N:52	yes	no	90	52	G	B:52	52	G	B:52	same_partner	NA	NA	yes	0	Rfam.seed.gz	15.1	41f014f4ab5628620935f089b1bb77987ebc162fda7c72bff368a32c9cccabac
RF00005__5CCB_N__7EQJ_B__a1__forward__rep2	RF00005__5CCB_N__7EQJ_B	forward	2	RF00005__5CCB_N	53	G	54	N:53	yes	no	91	53	G	B:53	53	G	B:53	same_partner	NA	NA	yes	0	Rfam.seed.gz	15.1	41f014f4ab5628620935f089b1bb77987ebc162fda7c72bff368a32c9cccabac
RF00005__5CCB_N__7EQJ_B__a1__forward__rep2	RF00005__5CCB_N__7EQJ_B	forward	2	RF00005__5CCB_N	54	U	55	N:54	yes	no	92	54	U	B:54	NA	NA	NA	rfam_only	NA	algorithm_omission	yes	NA	Rfam.seed.gz	15.1	41f014f4ab5628620935f089b1bb77987ebc162fda7c72bff368a32c9cccabac
RF00005__5CCB_N__7EQJ_B__a1__forward__rep2	RF00005__5CCB_N__7EQJ_B	forward	2	RF00005__5CCB_N	55	U	56	N:55	yes	no	94	55	U	B:55	54	U	B:54	different_partner	NA	NA	yes	-1	Rfam.seed.gz	15.1	41f014f4ab5628620935f089b1bb77987ebc162fda7c72bff368a32c9cccabac
RF00005__5CCB_N__7EQJ_B__a1__forward__rep2	RF00005__5CCB_N__7EQJ_B	forward	2	RF00005__5CCB_N	56	C	57	N:56	yes	no	95	56	C	B:56	55	U	B:55	different_partner	NA	NA	yes	-1	Rfam.seed.gz	15.1	41f014f4ab5628620935f089b1bb77987ebc162fda7c72bff368a32c9cccabac
RF00005__5CCB_N__7EQJ_B__a1__forward__rep2	RF00005__5CCB_N__7EQJ_B	forward	2	RF00005__5CCB_N	57	A	58	N:57	yes	no	96	57	G	B:57	56	C	B:56	different_partner	NA	NA	yes	-1	Rfam.seed.gz	15.1	41f014f4ab5628620935f089b1bb77987ebc162fda7c72bff368a32c9cccabac
RF00005__5CCB_N__7EQJ_B__a1__forward__rep2	RF00005__5CCB_N__7EQJ_B	forward	2	RF00005__5CCB_N	58	A	59	N:58	yes	no	98	58	A	B:58	57	G	B:57	different_partner	NA	NA	yes	-1	Rfam.seed.gz	15.1	41f014f4ab5628620935f089b1bb77987ebc162fda7c72bff368a32c9cccabac
RF00005__5CCB_N__7EQJ_B__a1__forward__rep2	RF00005__5CCB_N__7EQJ_B	forward	2	RF00005__5CCB_N	59	G	60	N:59	yes	no	99	59	U	B:59	NA	NA	NA	rfam_only	NA	algorithm_omission	yes	NA	Rfam.seed.gz	15.1	41f014f4ab5628620935f089b1bb77987ebc162fda7c72bff368a32c9cccabac
RF00005__5CCB_N__7EQJ_B__a1__forward__rep2	RF00005__5CCB_N__7EQJ_B	forward	2	RF00005__5CCB_N	60	U	61	N:60	yes	no	102	60	C	B:60	NA	NA	NA	rfam_only	NA	algorithm_omission	yes	NA	Rfam.seed.gz	15.1	41f014f4ab5628620935f089b1bb77987ebc162fda7c72bff368a32c9cccabac
RF00005__5CCB_N__7EQJ_B__a1__forward__rep2	RF00005__5CCB_N__7EQJ_B	forward	2	RF00005__5CCB_N	61	C	62	N:61	yes	no	103	61	C	B:61	61	C	B:61	same_partner	NA	NA	yes	0	Rfam.seed.gz	15.1	41f014f4ab5628620935f089b1bb77987ebc162fda7c72bff368a32c9cccabac
RF00005__5CCB_N__7EQJ_B__a1__forward__rep2	RF00005__5CCB_N__7EQJ_B	forward	2	RF00005__5CCB_N	62	C	63	N:62	yes	no	104	62	C	B:62	62	C	B:62	same_partner	NA	NA	yes	0	Rfam.seed.gz	15.1	41f014f4ab5628620935f089b1bb77987ebc162fda7c72bff368a32c9cccabac
RF00005__5CCB_N__7EQJ_B__a1__forward__rep2	RF00005__5CCB_N__7EQJ_B	forward	2	RF00005__5CCB_N	63	C	64	N:63	yes	no	105	63	G	B:63	63	G	B:63	same_partner	NA	NA	yes	0	Rfam.seed.gz	15.1	41f014f4ab5628620935f089b1bb77987ebc162fda7c72bff368a32c9cccabac
RF00005__5CCB_N__7EQJ_B__a1__forward__rep2	RF00005__5CCB_N__7EQJ_B	forward	2	RF00005__5CCB_N	64	U	65	N:64	yes	no	106	64	U	B:64	64	U	B:64	same_partner	NA	NA	yes	0	Rfam.seed.gz	15.1	41f014f4ab5628620935f089b1bb77987ebc162fda7c72bff368a32c9cccabac
RF00005__5CCB_N__7EQJ_B__a1__forward__rep2	RF00005__5CCB_N__7EQJ_B	forward	2	RF00005__5CCB_N	65	G	66	N:65	yes	no	108	65	C	B:65	65	C	B:65	same_partner	NA	NA	yes	0	Rfam.seed.gz	15.1	41f014f4ab5628620935f089b1bb77987ebc162fda7c72bff368a32c9cccabac
RF00005__5CCB_N__7EQJ_B__a1__forward__rep2	RF00005__5CCB_N__7EQJ_B	forward	2	RF00005__5CCB_N	66	U	67	N:66	yes	no	110	66	A	B:66	66	A	B:66	same_partner	NA	NA	yes	0	Rfam.seed.gz	15.1	41f014f4ab5628620935f089b1bb77987ebc162fda7c72bff368a32c9cccabac
RF00005__5CCB_N__7EQJ_B__a1__forward__rep2	RF00005__5CCB_N__7EQJ_B	forward	2	RF00005__5CCB_N	67	U	68	N:67	yes	no	111	67	U	B:67	67	U	B:67	same_partner	NA	NA	yes	0	Rfam.seed.gz	15.1	41f014f4ab5628620935f089b1bb77987ebc162fda7c72bff368a32c9cccabac
RF00005__5CCB_N__7EQJ_B__a1__forward__rep2	RF00005__5CCB_N__7EQJ_B	forward	2	RF00005__5CCB_N	68	C	69	N:68	yes	no	112	68	C	B:68	68	C	B:68	same_partner	NA	NA	yes	0	Rfam.seed.gz	15.1	41f014f4ab5628620935f089b1bb77987ebc162fda7c72bff368a32c9cccabac
RF00005__5CCB_N__7EQJ_B__a1__forward__rep2	RF00005__5CCB_N__7EQJ_B	forward	2	RF00005__5CCB_N	69	G	70	N:69	yes	no	113	69	A	B:69	69	A	B:69	same_partner	NA	NA	yes	0	Rfam.seed.gz	15.1	41f014f4ab5628620935f089b1bb77987ebc162fda7c72bff368a32c9cccabac
RF00005__5CCB_N__7EQJ_B__a1__forward__rep2	RF00005__5CCB_N__7EQJ_B	forward	2	RF00005__5CCB_N	70	G	71	N:70	yes	no	114	70	C	B:70	70	C	B:70	same_partner	NA	NA	yes	0	Rfam.seed.gz	15.1	41f014f4ab5628620935f089b1bb77987ebc162fda7c72bff368a32c9cccabac
RF00005__5CCB_N__7EQJ_B__a1__forward__rep2	RF00005__5CCB_N__7EQJ_B	forward	2	RF00005__5CCB_N	71	G	72	N:71	yes	no	115	71	C	B:71	71	C	B:71	same_partner	NA	NA	yes	0	Rfam.seed.gz	15.1	41f014f4ab5628620935f089b1bb77987ebc162fda7c72bff368a32c9cccabac
RF00005__5CCB_N__7EQJ_B__a1__forward__rep2	RF00005__5CCB_N__7EQJ_B	forward	2	RF00005__5CCB_N	72	C	73	N:72	yes	no	116	72	C	B:72	72	C	B:72	same_partner	NA	NA	yes	0	Rfam.seed.gz	15.1	41f014f4ab5628620935f089b1bb77987ebc162fda7c72bff368a32c9cccabac
RF00005__5CCB_N__7EQJ_B__a1__forward__rep2	RF00005__5CCB_N__7EQJ_B	forward	2	RF00005__5CCB_N	73	G	74	N:73	yes	no	118	73	A	B:73	73	A	B:73	same_partner	NA	NA	yes	0	Rfam.seed.gz	15.1	41f014f4ab5628620935f089b1bb77987ebc162fda7c72bff368a32c9cccabac
RF00005__5CCB_N__7EQJ_B__a1__forward__rep3	RF00005__5CCB_N__7EQJ_B	forward	3	RF00005__5CCB_N	1	G	2	N:1	yes	no	1	1	G	B:1	1	G	B:1	same_partner	NA	NA	yes	0	Rfam.seed.gz	15.1	41f014f4ab5628620935f089b1bb77987ebc162fda7c72bff368a32c9cccabac
RF00005__5CCB_N__7EQJ_B__a1__forward__rep3	RF00005__5CCB_N__7EQJ_B	forward	3	RF00005__5CCB_N	2	C	3	N:2	yes	no	2	2	G	B:2	2	G	B:2	same_partner	NA	NA	yes	0	Rfam.seed.gz	15.1	41f014f4ab5628620935f089b1bb77987ebc162fda7c72bff368a32c9cccabac
RF00005__5CCB_N__7EQJ_B__a1__forward__rep3	RF00005__5CCB_N__7EQJ_B	forward	3	RF00005__5CCB_N	3	C	4	N:3	yes	no	3	3	G	B:3	3	G	B:3	same_partner	NA	NA	yes	0	Rfam.seed.gz	15.1	41f014f4ab5628620935f089b1bb77987ebc162fda7c72bff368a32c9cccabac
RF00005__5CCB_N__7EQJ_B__a1__forward__rep3	RF00005__5CCB_N__7EQJ_B	forward	3	RF00005__5CCB_N	4	C	5	N:4	yes	no	4	4	U	B:4	4	U	B:4	same_partner	NA	NA	yes	0	Rfam.seed.gz	15.1	41f014f4ab5628620935f089b1bb77987ebc162fda7c72bff368a32c9cccabac
RF00005__5CCB_N__7EQJ_B__a1__forward__rep3	RF00005__5CCB_N__7EQJ_B	forward	3	RF00005__5CCB_N	5	G	6	N:5	yes	no	5	5	G	B:5	5	G	B:5	same_partner	NA	NA	yes	0	Rfam.seed.gz	15.1	41f014f4ab5628620935f089b1bb77987ebc162fda7c72bff368a32c9cccabac
RF00005__5CCB_N__7EQJ_B__a1__forward__rep3	RF00005__5CCB_N__7EQJ_B	forward	3	RF00005__5CCB_N	6	G	7	N:6	yes	no	6	6	A	B:6	6	A	B:6	same_partner	NA	NA	yes	0	Rfam.seed.gz	15.1	41f014f4ab5628620935f089b1bb77987ebc162fda7c72bff368a32c9cccabac
RF00005__5CCB_N__7EQJ_B__a1__forward__rep3	RF00005__5CCB_N__7EQJ_B	forward	3	RF00005__5CCB_N	7	A	8	N:7	yes	no	7	7	U	B:7	7	U	B:7	same_partner	NA	NA	yes	0	Rfam.seed.gz	15.1	41f014f4ab5628620935f089b1bb77987ebc162fda7c72bff368a32c9cccabac
RF00005__5CCB_N__7EQJ_B__a1__forward__rep3	RF00005__5CCB_N__7EQJ_B	forward	3	RF00005__5CCB_N	8	U	9	N:8	yes	no	8	8	U	B:8	8	U	B:8	same_partner	NA	NA	yes	0	Rfam.seed.gz	15.1	41f014f4ab5628620935f089b1bb77987ebc162fda7c72bff368a32c9cccabac
RF00005__5CCB_N__7EQJ_B__a1__forward__rep3	RF00005__5CCB_N__7EQJ_B	forward	3	RF00005__5CCB_N	9	A	10	N:9	yes	no	10	9	A	B:9	9	A	B:9	same_partner	NA	NA	yes	0	Rfam.seed.gz	15.1	41f014f4ab5628620935f089b1bb77987ebc162fda7c72bff368a32c9cccabac
RF00005__5CCB_N__7EQJ_B__a1__forward__rep3	RF00005__5CCB_N__7EQJ_B	forward	3	RF00005__5CCB_N	10	G	11	N:10	yes	no	12	10	G	B:10	10	G	B:10	same_partner	NA	NA	yes	0	Rfam.seed.gz	15.1	41f014f4ab5628620935f089b1bb77987ebc162fda7c72bff368a32c9cccabac
RF00005__5CCB_N__7EQJ_B__a1__forward__rep3	RF00005__5CCB_N__7EQJ_B	forward	3	RF00005__5CCB_N	11	C	12	N:11	yes	no	13	11	C	B:11	11	C	B:11	same_partner	NA	NA	yes	0	Rfam.seed.gz	15.1	41f014f4ab5628620935f089b1bb77987ebc162fda7c72bff368a32c9cccabac
RF00005__5CCB_N__7EQJ_B__a1__forward__rep3	RF00005__5CCB_N__7EQJ_B	forward	3	RF00005__5CCB_N	12	U	13	N:12	yes	no	14	12	U	B:12	12	U	B:12	same_partner	NA	NA	yes	0	Rfam.seed.gz	15.1	41f014f4ab5628620935f089b1bb77987ebc162fda7c72bff368a32c9cccabac
RF00005__5CCB_N__7EQJ_B__a1__forward__rep3	RF00005__5CCB_N__7EQJ_B	forward	3	RF00005__5CCB_N	13	C	14	N:13	yes	no	15	13	C	B:13	13	C	B:13	same_partner	NA	NA	yes	0	Rfam.seed.gz	15.1	41f014f4ab5628620935f089b1bb77987ebc162fda7c72bff368a32c9cccabac
RF00005__5CCB_N__7EQJ_B__a1__forward__rep3	RF00005__5CCB_N__7EQJ_B	forward	3	RF00005__5CCB_N	14	A	15	N:14	yes	no	16	14	A	B:14	14	A	B:14	same_partner	NA	NA	yes	0	Rfam.seed.gz	15.1	41f014f4ab5628620935f089b1bb77987ebc162fda7c72bff368a32c9cccabac
RF00005__5CCB_N__7EQJ_B__a1__forward__rep3	RF00005__5CCB_N__7EQJ_B	forward	3	RF00005__5CCB_N	15	G	16	N:15	yes	no	17	15	G	B:15	NA	NA	NA	rfam_only	NA	algorithm_omission	yes	NA	Rfam.seed.gz	15.1	41f014f4ab5628620935f089b1bb77987ebc162fda7c72bff368a32c9cccabac
RF00005__5CCB_N__7EQJ_B__a1__forward__rep3	RF00005__5CCB_N__7EQJ_B	forward	3	RF00005__5CCB_N	16	U	17	N:16	yes	no	18	16	C	B:16	NA	NA	NA	rfam_only	NA	algorithm_omission	yes	NA	Rfam.seed.gz	15.1	41f014f4ab5628620935f089b1bb77987ebc162fda7c72bff368a32c9cccabac
RF00005__5CCB_N__7EQJ_B__a1__forward__rep3	RF00005__5CCB_N__7EQJ_B	forward	3	RF00005__5CCB_N	17	C	18	N:17	yes	no	19	17	U	B:17	NA	NA	NA	rfam_only	NA	algorithm_omission	yes	NA	Rfam.seed.gz	15.1	41f014f4ab5628620935f089b1bb77987ebc162fda7c72bff368a32c9cccabac
RF00005__5CCB_N__7EQJ_B__a1__forward__rep3	RF00005__5CCB_N__7EQJ_B	forward	3	RF00005__5CCB_N	18	G	19	N:18	yes	no	22	18	G	B:18	NA	NA	NA	rfam_only	NA	algorithm_omission	yes	NA	Rfam.seed.gz	15.1	41f014f4ab5628620935f089b1bb77987ebc162fda7c72bff368a32c9cccabac
RF00005__5CCB_N__7EQJ_B__a1__forward__rep3	RF00005__5CCB_N__7EQJ_B	forward	3	RF00005__5CCB_N	19	G	20	N:19	yes	no	23	19	G	B:19	NA	NA	NA	rfam_only	NA	algorithm_omission	yes	NA	Rfam.seed.gz	15.1	41f014f4ab5628620935f089b1bb77987ebc162fda7c72bff368a32c9cccabac
RF00005__5CCB_N__7EQJ_B__a1__forward__rep3	RF00005__5CCB_N__7EQJ_B	forward	3	RF00005__5CCB_N	20	U	21	N:20	yes	no	24	20	G	B:20	15	G	B:15	different_partner	NA	NA	yes	-5	Rfam.seed.gz	15.1	41f014f4ab5628620935f089b1bb77987ebc162fda7c72bff368a32c9cccabac
RF00005__5CCB_N__7EQJ_B__a1__forward__rep3	RF00005__5CCB_N__7EQJ_B	forward	3	RF00005__5CCB_N	21	A	22	N:21	yes	no	28	21	A	B:21	NA	NA	NA	rfam_only	NA	algorithm_omission	yes	NA	Rfam.seed.gz	15.1	41f014f4ab5628620935f089b1bb77987ebc162fda7c72bff368a32c9cccabac
RF00005__5CCB_N__7EQJ_B__a1__forward__rep3	RF00005__5CCB_N__7EQJ_B	forward	3	RF00005__5CCB_N	22	G	23	N:22	yes	no	29	22	G	B:22	22	G	B:22	same_partner	NA	NA	yes	0	Rfam.seed.gz	15.1	41f014f4ab5628620935f089b1bb77987ebc162fda7c72bff368a32c9cccabac
RF00005__5CCB_N__7EQJ_B__a1__forward__rep3	RF00005__5CCB_N__7EQJ_B	forward	3	RF00005__5CCB_N	23	A	24	N:23	yes	no	30	23	A	B:23	23	A	B:23	same_partner	NA	NA	yes	0	Rfam.seed.gz	15.1	41f014f4ab5628620935f089b1bb77987ebc162fda7c72bff368a32c9cccabac
RF00005__5CCB_N__7EQJ_B__a1__forward__rep3	RF00005__5CCB_N__7EQJ_B	forward	3	RF00005__5CCB_N	24	G	25	N:24	yes	no	31	24	G	B:24	24	G	B:24	same_partner	NA	NA	yes	0	Rfam.seed.gz	15.1	41f014f4ab5628620935f089b1bb77987ebc162fda7c72bff368a32c9cccabac
RF00005__5CCB_N__7EQJ_B__a1__forward__rep3	RF00005__5CCB_N__7EQJ_B	forward	3	RF00005__5CCB_N	25	C	26	N:25	yes	no	32	25	C	B:25	25	C	B:25	same_partner	NA	NA	yes	0	Rfam.seed.gz	15.1	41f014f4ab5628620935f089b1bb77987ebc162fda7c72bff368a32c9cccabac
RF00005__5CCB_N__7EQJ_B__a1__forward__rep3	RF00005__5CCB_N__7EQJ_B	forward	3	RF00005__5CCB_N	26	A	27	N:26	yes	no	33	26	A	B:26	26	A	B:26	same_partner	NA	NA	yes	0	Rfam.seed.gz	15.1	41f014f4ab5628620935f089b1bb77987ebc162fda7c72bff368a32c9cccabac
RF00005__5CCB_N__7EQJ_B__a1__forward__rep3	RF00005__5CCB_N__7EQJ_B	forward	3	RF00005__5CCB_N	27	U	28	N:27	yes	no	35	27	C	B:27	27	C	B:27	same_partner	NA	NA	yes	0	Rfam.seed.gz	15.1	41f014f4ab5628620935f089b1bb77987ebc162fda7c72bff368a32c9cccabac
RF00005__5CCB_N__7EQJ_B__a1__forward__rep3	RF00005__5CCB_N__7EQJ_B	forward	3	RF00005__5CCB_N	28	C	29	N:28	yes	no	37	28	C	B:28	28	C	B:28	same_partner	NA	NA	yes	0	Rfam.seed.gz	15.1	41f014f4ab5628620935f089b1bb77987ebc162fda7c72bff368a32c9cccabac
RF00005__5CCB_N__7EQJ_B__a1__forward__rep3	RF00005__5CCB_N__7EQJ_B	forward	3	RF00005__5CCB_N	29	A	30	N:29	yes	no	38	29	U	B:29	29	U	B:29	same_partner	NA	NA	yes	0	Rfam.seed.gz	15.1	41f014f4ab5628620935f089b1bb77987ebc162fda7c72bff368a32c9cccabac
RF00005__5CCB_N__7EQJ_B__a1__forward__rep3	RF00005__5CCB_N__7EQJ_B	forward	3	RF00005__5CCB_N	30	G	31	N:30	yes	no	39	30	C	B:30	30	C	B:30	same_partner	NA	NA	yes	0	Rfam.seed.gz	15.1	41f014f4ab5628620935f089b1bb77987ebc162fda7c72bff368a32c9cccabac
RF00005__5CCB_N__7EQJ_B__a1__forward__rep3	RF00005__5CCB_N__7EQJ_B	forward	3	RF00005__5CCB_N	31	A	32	N:31	yes	no	40	31	C	B:31	31	C	B:31	same_partner	NA	NA	yes	0	Rfam.seed.gz	15.1	41f014f4ab5628620935f089b1bb77987ebc162fda7c72bff368a32c9cccabac
RF00005__5CCB_N__7EQJ_B__a1__forward__rep3	RF00005__5CCB_N__7EQJ_B	forward	3	RF00005__5CCB_N	32	C	33	N:32	yes	no	41	32	C	B:32	32	C	B:32	same_partner	NA	NA	yes	0	Rfam.seed.gz	15.1	41f014f4ab5628620935f089b1bb77987ebc162fda7c72bff368a32c9cccabac
RF00005__5CCB_N__7EQJ_B__a1__forward__rep3	RF00005__5CCB_N__7EQJ_B	forward	3	RF00005__5CCB_N	33	U	34	N:33	yes	no	43	33	U	B:33	33	U	B:33	same_partner	NA	NA	yes	0	Rfam.seed.gz	15.1	41f014f4ab5628620935f089b1bb77987ebc162fda7c72bff368a32c9cccabac
RF00005__5CCB_N__7EQJ_B__a1__forward__rep3	RF00005__5CCB_N__7EQJ_B	forward	3	RF00005__5CCB_N	34	U	35	N:34	yes	no	44	34	U	B:34	34	U	B:34	same_partner	NA	NA	yes	0	Rfam.seed.gz	15.1	41f014f4ab5628620935f089b1bb77987ebc162fda7c72bff368a32c9cccabac
RF00005__5CCB_N__7EQJ_B__a1__forward__rep3	RF00005__5CCB_N__7EQJ_B	forward	3	RF00005__5CCB_N	35	U	36	N:35	yes	no	45	35	A	B:35	35	A	B:35	same_partner	NA	NA	yes	0	Rfam.seed.gz	15.1	41f014f4ab5628620935f089b1bb77987ebc162fda7c72bff368a32c9cccabac
RF00005__5CCB_N__7EQJ_B__a1__forward__rep3	RF00005__5CCB_N__7EQJ_B	forward	3	RF00005__5CCB_N	36	U	37	N:36	yes	no	46	36	C	B:36	36	C	B:36	same_partner	NA	NA	yes	0	Rfam.seed.gz	15.1	41f014f4ab5628620935f089b1bb77987ebc162fda7c72bff368a32c9cccabac
RF00005__5CCB_N__7EQJ_B__a1__forward__rep3	RF00005__5CCB_N__7EQJ_B	forward	3	RF00005__5CCB_N	37	A	38	N:37	yes	no	47	37	A	B:37	37	A	B:37	same_partner	NA	NA	yes	0	Rfam.seed.gz	15.1	41f014f4ab5628620935f089b1bb77987ebc162fda7c72bff368a32c9cccabac
RF00005__5CCB_N__7EQJ_B__a1__forward__rep3	RF00005__5CCB_N__7EQJ_B	forward	3	RF00005__5CCB_N	38	A	39	N:38	yes	no	48	38	A	B:38	38	A	B:38	same_partner	NA	NA	yes	0	Rfam.seed.gz	15.1	41f014f4ab5628620935f089b1bb77987ebc162fda7c72bff368a32c9cccabac
RF00005__5CCB_N__7EQJ_B__a1__forward__rep3	RF00005__5CCB_N__7EQJ_B	forward	3	RF00005__5CCB_N	39	U	40	N:39	yes	no	49	39	G	B:39	39	G	B:39	same_partner	NA	NA	yes	0	Rfam.seed.gz	15.1	41f014f4ab5628620935f089b1bb77987ebc162fda7c72bff368a32c9cccabac
RF00005__5CCB_N__7EQJ_B__a1__forward__rep3	RF00005__5CCB_N__7EQJ_B	forward	3	RF00005__5CCB_N	40	C	41	N:40	yes	no	50	40	G	B:40	40	G	B:40	same_partner	NA	NA	yes	0	Rfam.seed.gz	15.1	41f014f4ab5628620935f089b1bb77987ebc162fda7c72bff368a32c9cccabac
RF00005__5CCB_N__7EQJ_B__a1__forward__rep3	RF00005__5CCB_N__7EQJ_B	forward	3	RF00005__5CCB_N	41	U	42	N:41	yes	no	51	41	A	B:41	41	A	B:41	same_partner	NA	NA	yes	0	Rfam.seed.gz	15.1	41f014f4ab5628620935f089b1bb77987ebc162fda7c72bff368a32c9cccabac
RF00005__5CCB_N__7EQJ_B__a1__forward__rep3	RF00005__5CCB_N__7EQJ_B	forward	3	RF00005__5CCB_N	42	G	43	N:42	yes	no	52	42	G	B:42	42	G	B:42	same_partner	NA	NA	yes	0	Rfam.seed.gz	15.1	41f014f4ab5628620935f089b1bb77987ebc162fda7c72bff368a32c9cccabac
RF00005__5CCB_N__7EQJ_B__a1__forward__rep3	RF00005__5CCB_N__7EQJ_B	forward	3	RF00005__5CCB_N	43	A	44	N:43	yes	no	54	43	G	B:43	43	G	B:43	same_partner	NA	NA	yes	0	Rfam.seed.gz	15.1	41f014f4ab5628620935f089b1bb77987ebc162fda7c72bff368a32c9cccabac
RF00005__5CCB_N__7EQJ_B__a1__forward__rep3	RF00005__5CCB_N__7EQJ_B	forward	3	RF00005__5CCB_N	44	G	45	N:44	yes	no	55	44	G	B:44	44	G	B:44	same_partner	NA	NA	yes	0	Rfam.seed.gz	15.1	41f014f4ab5628620935f089b1bb77987ebc162fda7c72bff368a32c9cccabac
RF00005__5CCB_N__7EQJ_B__a1__forward__rep3	RF00005__5CCB_N__7EQJ_B	forward	3	RF00005__5CCB_N	45	G	46	N:45	yes	no	56	45	G	B:45	45	G	B:45	same_partner	NA	NA	yes	0	Rfam.seed.gz	15.1	41f014f4ab5628620935f089b1bb77987ebc162fda7c72bff368a32c9cccabac
RF00005__5CCB_N__7EQJ_B__a1__forward__rep3	RF00005__5CCB_N__7EQJ_B	forward	3	RF00005__5CCB_N	46	G	47	N:46	yes	no	81	46	G	B:46	46	G	B:46	same_partner	NA	NA	yes	0	Rfam.seed.gz	15.1	41f014f4ab5628620935f089b1bb77987ebc162fda7c72bff368a32c9cccabac
RF00005__5CCB_N__7EQJ_B__a1__forward__rep3	RF00005__5CCB_N__7EQJ_B	forward	3	RF00005__5CCB_N	47	U	48	N:47	yes	no	82	47	U	B:47	47	U	B:47	same_partner	NA	NA	yes	0	Rfam.seed.gz	15.1	41f014f4ab5628620935f089b1bb77987ebc162fda7c72bff368a32c9cccabac
RF00005__5CCB_N__7EQJ_B__a1__forward__rep3	RF00005__5CCB_N__7EQJ_B	forward	3	RF00005__5CCB_N	48	C	49	N:48	yes	no	85	48	C	B:48	48	C	B:48	same_partner	NA	NA	yes	0	Rfam.seed.gz	15.1	41f014f4ab5628620935f089b1bb77987ebc162fda7c72bff368a32c9cccabac
RF00005__5CCB_N__7EQJ_B__a1__forward__rep3	RF00005__5CCB_N__7EQJ_B	forward	3	RF00005__5CCB_N	49	C	50	N:49	yes	no	86	49	G	B:49	49	G	B:49	same_partner	NA	NA	yes	0	Rfam.seed.gz	15.1	41f014f4ab5628620935f089b1bb77987ebc162fda7c72bff368a32c9cccabac
RF00005__5CCB_N__7EQJ_B__a1__forward__rep3	RF00005__5CCB_N__7EQJ_B	forward	3	RF00005__5CCB_N	50	A	51	N:50	yes	no	87	50	G	B:50	50	G	B:50	same_partner	NA	NA	yes	0	Rfam.seed.gz	15.1	41f014f4ab5628620935f089b1bb77987ebc162fda7c72bff368a32c9cccabac
RF00005__5CCB_N__7EQJ_B__a1__forward__rep3	RF00005__5CCB_N__7EQJ_B	forward	3	RF00005__5CCB_N	51	G	52	N:51	yes	no	88	51	C	B:51	51	C	B:51	same_partner	NA	NA	yes	0	Rfam.seed.gz	15.1	41f014f4ab5628620935f089b1bb77987ebc162fda7c72bff368a32c9cccabac
RF00005__5CCB_N__7EQJ_B__a1__forward__rep3	RF00005__5CCB_N__7EQJ_B	forward	3	RF00005__5CCB_N	52	G	53	N:52	yes	no	90	52	G	B:52	52	G	B:52	same_partner	NA	NA	yes	0	Rfam.seed.gz	15.1	41f014f4ab5628620935f089b1bb77987ebc162fda7c72bff368a32c9cccabac
RF00005__5CCB_N__7EQJ_B__a1__forward__rep3	RF00005__5CCB_N__7EQJ_B	forward	3	RF00005__5CCB_N	53	G	54	N:53	yes	no	91	53	G	B:53	53	G	B:53	same_partner	NA	NA	yes	0	Rfam.seed.gz	15.1	41f014f4ab5628620935f089b1bb77987ebc162fda7c72bff368a32c9cccabac
RF00005__5CCB_N__7EQJ_B__a1__forward__rep3	RF00005__5CCB_N__7EQJ_B	forward	3	RF00005__5CCB_N	54	U	55	N:54	yes	no	92	54	U	B:54	NA	NA	NA	rfam_only	NA	algorithm_omission	yes	NA	Rfam.seed.gz	15.1	41f014f4ab5628620935f089b1bb77987ebc162fda7c72bff368a32c9cccabac
RF00005__5CCB_N__7EQJ_B__a1__forward__rep3	RF00005__5CCB_N__7EQJ_B	forward	3	RF00005__5CCB_N	55	U	56	N:55	yes	no	94	55	U	B:55	54	U	B:54	different_partner	NA	NA	yes	-1	Rfam.seed.gz	15.1	41f014f4ab5628620935f089b1bb77987ebc162fda7c72bff368a32c9cccabac
RF00005__5CCB_N__7EQJ_B__a1__forward__rep3	RF00005__5CCB_N__7EQJ_B	forward	3	RF00005__5CCB_N	56	C	57	N:56	yes	no	95	56	C	B:56	55	U	B:55	different_partner	NA	NA	yes	-1	Rfam.seed.gz	15.1	41f014f4ab5628620935f089b1bb77987ebc162fda7c72bff368a32c9cccabac
RF00005__5CCB_N__7EQJ_B__a1__forward__rep3	RF00005__5CCB_N__7EQJ_B	forward	3	RF00005__5CCB_N	57	A	58	N:57	yes	no	96	57	G	B:57	56	C	B:56	different_partner	NA	NA	yes	-1	Rfam.seed.gz	15.1	41f014f4ab5628620935f089b1bb77987ebc162fda7c72bff368a32c9cccabac
RF00005__5CCB_N__7EQJ_B__a1__forward__rep3	RF00005__5CCB_N__7EQJ_B	forward	3	RF00005__5CCB_N	58	A	59	N:58	yes	no	98	58	A	B:58	57	G	B:57	different_partner	NA	NA	yes	-1	Rfam.seed.gz	15.1	41f014f4ab5628620935f089b1bb77987ebc162fda7c72bff368a32c9cccabac
RF00005__5CCB_N__7EQJ_B__a1__forward__rep3	RF00005__5CCB_N__7EQJ_B	forward	3	RF00005__5CCB_N	59	G	60	N:59	yes	no	99	59	U	B:59	NA	NA	NA	rfam_only	NA	algorithm_omission	yes	NA	Rfam.seed.gz	15.1	41f014f4ab5628620935f089b1bb77987ebc162fda7c72bff368a32c9cccabac
RF00005__5CCB_N__7EQJ_B__a1__forward__rep3	RF00005__5CCB_N__7EQJ_B	forward	3	RF00005__5CCB_N	60	U	61	N:60	yes	no	102	60	C	B:60	NA	NA	NA	rfam_only	NA	algorithm_omission	yes	NA	Rfam.seed.gz	15.1	41f014f4ab5628620935f089b1bb77987ebc162fda7c72bff368a32c9cccabac
RF00005__5CCB_N__7EQJ_B__a1__forward__rep3	RF00005__5CCB_N__7EQJ_B	forward	3	RF00005__5CCB_N	61	C	62	N:61	yes	no	103	61	C	B:61	61	C	B:61	same_partner	NA	NA	yes	0	Rfam.seed.gz	15.1	41f014f4ab5628620935f089b1bb77987ebc162fda7c72bff368a32c9cccabac
RF00005__5CCB_N__7EQJ_B__a1__forward__rep3	RF00005__5CCB_N__7EQJ_B	forward	3	RF00005__5CCB_N	62	C	63	N:62	yes	no	104	62	C	B:62	62	C	B:62	same_partner	NA	NA	yes	0	Rfam.seed.gz	15.1	41f014f4ab5628620935f089b1bb77987ebc162fda7c72bff368a32c9cccabac
RF00005__5CCB_N__7EQJ_B__a1__forward__rep3	RF00005__5CCB_N__7EQJ_B	forward	3	RF00005__5CCB_N	63	C	64	N:63	yes	no	105	63	G	B:63	63	G	B:63	same_partner	NA	NA	yes	0	Rfam.seed.gz	15.1	41f014f4ab5628620935f089b1bb77987ebc162fda7c72bff368a32c9cccabac
RF00005__5CCB_N__7EQJ_B__a1__forward__rep3	RF00005__5CCB_N__7EQJ_B	forward	3	RF00005__5CCB_N	64	U	65	N:64	yes	no	106	64	U	B:64	64	U	B:64	same_partner	NA	NA	yes	0	Rfam.seed.gz	15.1	41f014f4ab5628620935f089b1bb77987ebc162fda7c72bff368a32c9cccabac
RF00005__5CCB_N__7EQJ_B__a1__forward__rep3	RF00005__5CCB_N__7EQJ_B	forward	3	RF00005__5CCB_N	65	G	66	N:65	yes	no	108	65	C	B:65	65	C	B:65	same_partner	NA	NA	yes	0	Rfam.seed.gz	15.1	41f014f4ab5628620935f089b1bb77987ebc162fda7c72bff368a32c9cccabac
RF00005__5CCB_N__7EQJ_B__a1__forward__rep3	RF00005__5CCB_N__7EQJ_B	forward	3	RF00005__5CCB_N	66	U	67	N:66	yes	no	110	66	A	B:66	66	A	B:66	same_partner	NA	NA	yes	0	Rfam.seed.gz	15.1	41f014f4ab5628620935f089b1bb77987ebc162fda7c72bff368a32c9cccabac
RF00005__5CCB_N__7EQJ_B__a1__forward__rep3	RF00005__5CCB_N__7EQJ_B	forward	3	RF00005__5CCB_N	67	U	68	N:67	yes	no	111	67	U	B:67	67	U	B:67	same_partner	NA	NA	yes	0	Rfam.seed.gz	15.1	41f014f4ab5628620935f089b1bb77987ebc162fda7c72bff368a32c9cccabac
RF00005__5CCB_N__7EQJ_B__a1__forward__rep3	RF00005__5CCB_N__7EQJ_B	forward	3	RF00005__5CCB_N	68	C	69	N:68	yes	no	112	68	C	B:68	68	C	B:68	same_partner	NA	NA	yes	0	Rfam.seed.gz	15.1	41f014f4ab5628620935f089b1bb77987ebc162fda7c72bff368a32c9cccabac
RF00005__5CCB_N__7EQJ_B__a1__forward__rep3	RF00005__5CCB_N__7EQJ_B	forward	3	RF00005__5CCB_N	69	G	70	N:69	yes	no	113	69	A	B:69	69	A	B:69	same_partner	NA	NA	yes	0	Rfam.seed.gz	15.1	41f014f4ab5628620935f089b1bb77987ebc162fda7c72bff368a32c9cccabac
RF00005__5CCB_N__7EQJ_B__a1__forward__rep3	RF00005__5CCB_N__7EQJ_B	forward	3	RF00005__5CCB_N	70	G	71	N:70	yes	no	114	70	C	B:70	70	C	B:70	same_partner	NA	NA	yes	0	Rfam.seed.gz	15.1	41f014f4ab5628620935f089b1bb77987ebc162fda7c72bff368a32c9cccabac
RF00005__5CCB_N__7EQJ_B__a1__forward__rep3	RF00005__5CCB_N__7EQJ_B	forward	3	RF00005__5CCB_N	71	G	72	N:71	yes	no	115	71	C	B:71	71	C	B:71	same_partner	NA	NA	yes	0	Rfam.seed.gz	15.1	41f014f4ab5628620935f089b1bb77987ebc162fda7c72bff368a32c9cccabac
RF00005__5CCB_N__7EQJ_B__a1__forward__rep3	RF00005__5CCB_N__7EQJ_B	forward	3	RF00005__5CCB_N	72	C	73	N:72	yes	no	116	72	C	B:72	72	C	B:72	same_partner	NA	NA	yes	0	Rfam.seed.gz	15.1	41f014f4ab5628620935f089b1bb77987ebc162fda7c72bff368a32c9cccabac
RF00005__5CCB_N__7EQJ_B__a1__forward__rep3	RF00005__5CCB_N__7EQJ_B	forward	3	RF00005__5CCB_N	73	G	74	N:73	yes	no	118	73	A	B:73	73	A	B:73	same_partner	NA	NA	yes	0	Rfam.seed.gz	15.1	41f014f4ab5628620935f089b1bb77987ebc162fda7c72bff368a32c9cccabac
RF00005__5CCB_N__7EQJ_B__a1__reverse__rep1	RF00005__5CCB_N__7EQJ_B	reverse	1	RF00005__5CCB_N	1	G	2	N:1	yes	no	1	1	G	B:1	1	G	B:1	same_partner	NA	NA	yes	0	Rfam.seed.gz	15.1	41f014f4ab5628620935f089b1bb77987ebc162fda7c72bff368a32c9cccabac
RF00005__5CCB_N__7EQJ_B__a1__reverse__rep1	RF00005__5CCB_N__7EQJ_B	reverse	1	RF00005__5CCB_N	2	C	3	N:2	yes	no	2	2	G	B:2	2	G	B:2	same_partner	NA	NA	yes	0	Rfam.seed.gz	15.1	41f014f4ab5628620935f089b1bb77987ebc162fda7c72bff368a32c9cccabac
RF00005__5CCB_N__7EQJ_B__a1__reverse__rep1	RF00005__5CCB_N__7EQJ_B	reverse	1	RF00005__5CCB_N	3	C	4	N:3	yes	no	3	3	G	B:3	3	G	B:3	same_partner	NA	NA	yes	0	Rfam.seed.gz	15.1	41f014f4ab5628620935f089b1bb77987ebc162fda7c72bff368a32c9cccabac
RF00005__5CCB_N__7EQJ_B__a1__reverse__rep1	RF00005__5CCB_N__7EQJ_B	reverse	1	RF00005__5CCB_N	4	C	5	N:4	yes	no	4	4	U	B:4	4	U	B:4	same_partner	NA	NA	yes	0	Rfam.seed.gz	15.1	41f014f4ab5628620935f089b1bb77987ebc162fda7c72bff368a32c9cccabac
RF00005__5CCB_N__7EQJ_B__a1__reverse__rep1	RF00005__5CCB_N__7EQJ_B	reverse	1	RF00005__5CCB_N	5	G	6	N:5	yes	no	5	5	G	B:5	5	G	B:5	same_partner	NA	NA	yes	0	Rfam.seed.gz	15.1	41f014f4ab5628620935f089b1bb77987ebc162fda7c72bff368a32c9cccabac
RF00005__5CCB_N__7EQJ_B__a1__reverse__rep1	RF00005__5CCB_N__7EQJ_B	reverse	1	RF00005__5CCB_N	6	G	7	N:6	yes	no	6	6	A	B:6	6	A	B:6	same_partner	NA	NA	yes	0	Rfam.seed.gz	15.1	41f014f4ab5628620935f089b1bb77987ebc162fda7c72bff368a32c9cccabac
RF00005__5CCB_N__7EQJ_B__a1__reverse__rep1	RF00005__5CCB_N__7EQJ_B	reverse	1	RF00005__5CCB_N	7	A	8	N:7	yes	no	7	7	U	B:7	7	U	B:7	same_partner	NA	NA	yes	0	Rfam.seed.gz	15.1	41f014f4ab5628620935f089b1bb77987ebc162fda7c72bff368a32c9cccabac
RF00005__5CCB_N__7EQJ_B__a1__reverse__rep1	RF00005__5CCB_N__7EQJ_B	reverse	1	RF00005__5CCB_N	8	U	9	N:8	yes	no	8	8	U	B:8	8	U	B:8	same_partner	NA	NA	yes	0	Rfam.seed.gz	15.1	41f014f4ab5628620935f089b1bb77987ebc162fda7c72bff368a32c9cccabac
RF00005__5CCB_N__7EQJ_B__a1__reverse__rep1	RF00005__5CCB_N__7EQJ_B	reverse	1	RF00005__5CCB_N	9	A	10	N:9	yes	no	10	9	A	B:9	9	A	B:9	same_partner	NA	NA	yes	0	Rfam.seed.gz	15.1	41f014f4ab5628620935f089b1bb77987ebc162fda7c72bff368a32c9cccabac
RF00005__5CCB_N__7EQJ_B__a1__reverse__rep1	RF00005__5CCB_N__7EQJ_B	reverse	1	RF00005__5CCB_N	10	G	11	N:10	yes	no	12	10	G	B:10	10	G	B:10	same_partner	NA	NA	yes	0	Rfam.seed.gz	15.1	41f014f4ab5628620935f089b1bb77987ebc162fda7c72bff368a32c9cccabac
RF00005__5CCB_N__7EQJ_B__a1__reverse__rep1	RF00005__5CCB_N__7EQJ_B	reverse	1	RF00005__5CCB_N	11	C	12	N:11	yes	no	13	11	C	B:11	11	C	B:11	same_partner	NA	NA	yes	0	Rfam.seed.gz	15.1	41f014f4ab5628620935f089b1bb77987ebc162fda7c72bff368a32c9cccabac
RF00005__5CCB_N__7EQJ_B__a1__reverse__rep1	RF00005__5CCB_N__7EQJ_B	reverse	1	RF00005__5CCB_N	12	U	13	N:12	yes	no	14	12	U	B:12	12	U	B:12	same_partner	NA	NA	yes	0	Rfam.seed.gz	15.1	41f014f4ab5628620935f089b1bb77987ebc162fda7c72bff368a32c9cccabac
RF00005__5CCB_N__7EQJ_B__a1__reverse__rep1	RF00005__5CCB_N__7EQJ_B	reverse	1	RF00005__5CCB_N	13	C	14	N:13	yes	no	15	13	C	B:13	13	C	B:13	same_partner	NA	NA	yes	0	Rfam.seed.gz	15.1	41f014f4ab5628620935f089b1bb77987ebc162fda7c72bff368a32c9cccabac
RF00005__5CCB_N__7EQJ_B__a1__reverse__rep1	RF00005__5CCB_N__7EQJ_B	reverse	1	RF00005__5CCB_N	14	A	15	N:14	yes	no	16	14	A	B:14	14	A	B:14	same_partner	NA	NA	yes	0	Rfam.seed.gz	15.1	41f014f4ab5628620935f089b1bb77987ebc162fda7c72bff368a32c9cccabac
RF00005__5CCB_N__7EQJ_B__a1__reverse__rep1	RF00005__5CCB_N__7EQJ_B	reverse	1	RF00005__5CCB_N	15	G	16	N:15	yes	no	17	15	G	B:15	NA	NA	NA	rfam_only	NA	algorithm_omission	yes	NA	Rfam.seed.gz	15.1	41f014f4ab5628620935f089b1bb77987ebc162fda7c72bff368a32c9cccabac
RF00005__5CCB_N__7EQJ_B__a1__reverse__rep1	RF00005__5CCB_N__7EQJ_B	reverse	1	RF00005__5CCB_N	16	U	17	N:16	yes	no	18	16	C	B:16	NA	NA	NA	rfam_only	NA	algorithm_omission	yes	NA	Rfam.seed.gz	15.1	41f014f4ab5628620935f089b1bb77987ebc162fda7c72bff368a32c9cccabac
RF00005__5CCB_N__7EQJ_B__a1__reverse__rep1	RF00005__5CCB_N__7EQJ_B	reverse	1	RF00005__5CCB_N	17	C	18	N:17	yes	no	19	17	U	B:17	NA	NA	NA	rfam_only	NA	algorithm_omission	yes	NA	Rfam.seed.gz	15.1	41f014f4ab5628620935f089b1bb77987ebc162fda7c72bff368a32c9cccabac
RF00005__5CCB_N__7EQJ_B__a1__reverse__rep1	RF00005__5CCB_N__7EQJ_B	reverse	1	RF00005__5CCB_N	18	G	19	N:18	yes	no	22	18	G	B:18	NA	NA	NA	rfam_only	NA	algorithm_omission	yes	NA	Rfam.seed.gz	15.1	41f014f4ab5628620935f089b1bb77987ebc162fda7c72bff368a32c9cccabac
RF00005__5CCB_N__7EQJ_B__a1__reverse__rep1	RF00005__5CCB_N__7EQJ_B	reverse	1	RF00005__5CCB_N	19	G	20	N:19	yes	no	23	19	G	B:19	NA	NA	NA	rfam_only	NA	algorithm_omission	yes	NA	Rfam.seed.gz	15.1	41f014f4ab5628620935f089b1bb77987ebc162fda7c72bff368a32c9cccabac
RF00005__5CCB_N__7EQJ_B__a1__reverse__rep1	RF00005__5CCB_N__7EQJ_B	reverse	1	RF00005__5CCB_N	20	U	21	N:20	yes	no	24	20	G	B:20	15	G	B:15	different_partner	NA	NA	yes	-5	Rfam.seed.gz	15.1	41f014f4ab5628620935f089b1bb77987ebc162fda7c72bff368a32c9cccabac
RF00005__5CCB_N__7EQJ_B__a1__reverse__rep1	RF00005__5CCB_N__7EQJ_B	reverse	1	RF00005__5CCB_N	21	A	22	N:21	yes	no	28	21	A	B:21	NA	NA	NA	rfam_only	NA	algorithm_omission	yes	NA	Rfam.seed.gz	15.1	41f014f4ab5628620935f089b1bb77987ebc162fda7c72bff368a32c9cccabac
RF00005__5CCB_N__7EQJ_B__a1__reverse__rep1	RF00005__5CCB_N__7EQJ_B	reverse	1	RF00005__5CCB_N	22	G	23	N:22	yes	no	29	22	G	B:22	22	G	B:22	same_partner	NA	NA	yes	0	Rfam.seed.gz	15.1	41f014f4ab5628620935f089b1bb77987ebc162fda7c72bff368a32c9cccabac
RF00005__5CCB_N__7EQJ_B__a1__reverse__rep1	RF00005__5CCB_N__7EQJ_B	reverse	1	RF00005__5CCB_N	23	A	24	N:23	yes	no	30	23	A	B:23	23	A	B:23	same_partner	NA	NA	yes	0	Rfam.seed.gz	15.1	41f014f4ab5628620935f089b1bb77987ebc162fda7c72bff368a32c9cccabac
RF00005__5CCB_N__7EQJ_B__a1__reverse__rep1	RF00005__5CCB_N__7EQJ_B	reverse	1	RF00005__5CCB_N	24	G	25	N:24	yes	no	31	24	G	B:24	24	G	B:24	same_partner	NA	NA	yes	0	Rfam.seed.gz	15.1	41f014f4ab5628620935f089b1bb77987ebc162fda7c72bff368a32c9cccabac
RF00005__5CCB_N__7EQJ_B__a1__reverse__rep1	RF00005__5CCB_N__7EQJ_B	reverse	1	RF00005__5CCB_N	25	C	26	N:25	yes	no	32	25	C	B:25	25	C	B:25	same_partner	NA	NA	yes	0	Rfam.seed.gz	15.1	41f014f4ab5628620935f089b1bb77987ebc162fda7c72bff368a32c9cccabac
RF00005__5CCB_N__7EQJ_B__a1__reverse__rep1	RF00005__5CCB_N__7EQJ_B	reverse	1	RF00005__5CCB_N	26	A	27	N:26	yes	no	33	26	A	B:26	26	A	B:26	same_partner	NA	NA	yes	0	Rfam.seed.gz	15.1	41f014f4ab5628620935f089b1bb77987ebc162fda7c72bff368a32c9cccabac
RF00005__5CCB_N__7EQJ_B__a1__reverse__rep1	RF00005__5CCB_N__7EQJ_B	reverse	1	RF00005__5CCB_N	27	U	28	N:27	yes	no	35	27	C	B:27	27	C	B:27	same_partner	NA	NA	yes	0	Rfam.seed.gz	15.1	41f014f4ab5628620935f089b1bb77987ebc162fda7c72bff368a32c9cccabac
RF00005__5CCB_N__7EQJ_B__a1__reverse__rep1	RF00005__5CCB_N__7EQJ_B	reverse	1	RF00005__5CCB_N	28	C	29	N:28	yes	no	37	28	C	B:28	28	C	B:28	same_partner	NA	NA	yes	0	Rfam.seed.gz	15.1	41f014f4ab5628620935f089b1bb77987ebc162fda7c72bff368a32c9cccabac
RF00005__5CCB_N__7EQJ_B__a1__reverse__rep1	RF00005__5CCB_N__7EQJ_B	reverse	1	RF00005__5CCB_N	29	A	30	N:29	yes	no	38	29	U	B:29	29	U	B:29	same_partner	NA	NA	yes	0	Rfam.seed.gz	15.1	41f014f4ab5628620935f089b1bb77987ebc162fda7c72bff368a32c9cccabac
RF00005__5CCB_N__7EQJ_B__a1__reverse__rep1	RF00005__5CCB_N__7EQJ_B	reverse	1	RF00005__5CCB_N	30	G	31	N:30	yes	no	39	30	C	B:30	30	C	B:30	same_partner	NA	NA	yes	0	Rfam.seed.gz	15.1	41f014f4ab5628620935f089b1bb77987ebc162fda7c72bff368a32c9cccabac
RF00005__5CCB_N__7EQJ_B__a1__reverse__rep1	RF00005__5CCB_N__7EQJ_B	reverse	1	RF00005__5CCB_N	31	A	32	N:31	yes	no	40	31	C	B:31	31	C	B:31	same_partner	NA	NA	yes	0	Rfam.seed.gz	15.1	41f014f4ab5628620935f089b1bb77987ebc162fda7c72bff368a32c9cccabac
RF00005__5CCB_N__7EQJ_B__a1__reverse__rep1	RF00005__5CCB_N__7EQJ_B	reverse	1	RF00005__5CCB_N	32	C	33	N:32	yes	no	41	32	C	B:32	32	C	B:32	same_partner	NA	NA	yes	0	Rfam.seed.gz	15.1	41f014f4ab5628620935f089b1bb77987ebc162fda7c72bff368a32c9cccabac
RF00005__5CCB_N__7EQJ_B__a1__reverse__rep1	RF00005__5CCB_N__7EQJ_B	reverse	1	RF00005__5CCB_N	33	U	34	N:33	yes	no	43	33	U	B:33	33	U	B:33	same_partner	NA	NA	yes	0	Rfam.seed.gz	15.1	41f014f4ab5628620935f089b1bb77987ebc162fda7c72bff368a32c9cccabac
RF00005__5CCB_N__7EQJ_B__a1__reverse__rep1	RF00005__5CCB_N__7EQJ_B	reverse	1	RF00005__5CCB_N	34	U	35	N:34	yes	no	44	34	U	B:34	34	U	B:34	same_partner	NA	NA	yes	0	Rfam.seed.gz	15.1	41f014f4ab5628620935f089b1bb77987ebc162fda7c72bff368a32c9cccabac
RF00005__5CCB_N__7EQJ_B__a1__reverse__rep1	RF00005__5CCB_N__7EQJ_B	reverse	1	RF00005__5CCB_N	35	U	36	N:35	yes	no	45	35	A	B:35	35	A	B:35	same_partner	NA	NA	yes	0	Rfam.seed.gz	15.1	41f014f4ab5628620935f089b1bb77987ebc162fda7c72bff368a32c9cccabac
RF00005__5CCB_N__7EQJ_B__a1__reverse__rep1	RF00005__5CCB_N__7EQJ_B	reverse	1	RF00005__5CCB_N	36	U	37	N:36	yes	no	46	36	C	B:36	36	C	B:36	same_partner	NA	NA	yes	0	Rfam.seed.gz	15.1	41f014f4ab5628620935f089b1bb77987ebc162fda7c72bff368a32c9cccabac
RF00005__5CCB_N__7EQJ_B__a1__reverse__rep1	RF00005__5CCB_N__7EQJ_B	reverse	1	RF00005__5CCB_N	37	A	38	N:37	yes	no	47	37	A	B:37	37	A	B:37	same_partner	NA	NA	yes	0	Rfam.seed.gz	15.1	41f014f4ab5628620935f089b1bb77987ebc162fda7c72bff368a32c9cccabac
RF00005__5CCB_N__7EQJ_B__a1__reverse__rep1	RF00005__5CCB_N__7EQJ_B	reverse	1	RF00005__5CCB_N	38	A	39	N:38	yes	no	48	38	A	B:38	38	A	B:38	same_partner	NA	NA	yes	0	Rfam.seed.gz	15.1	41f014f4ab5628620935f089b1bb77987ebc162fda7c72bff368a32c9cccabac
RF00005__5CCB_N__7EQJ_B__a1__reverse__rep1	RF00005__5CCB_N__7EQJ_B	reverse	1	RF00005__5CCB_N	39	U	40	N:39	yes	no	49	39	G	B:39	39	G	B:39	same_partner	NA	NA	yes	0	Rfam.seed.gz	15.1	41f014f4ab5628620935f089b1bb77987ebc162fda7c72bff368a32c9cccabac
RF00005__5CCB_N__7EQJ_B__a1__reverse__rep1	RF00005__5CCB_N__7EQJ_B	reverse	1	RF00005__5CCB_N	40	C	41	N:40	yes	no	50	40	G	B:40	40	G	B:40	same_partner	NA	NA	yes	0	Rfam.seed.gz	15.1	41f014f4ab5628620935f089b1bb77987ebc162fda7c72bff368a32c9cccabac
RF00005__5CCB_N__7EQJ_B__a1__reverse__rep1	RF00005__5CCB_N__7EQJ_B	reverse	1	RF00005__5CCB_N	41	U	42	N:41	yes	no	51	41	A	B:41	41	A	B:41	same_partner	NA	NA	yes	0	Rfam.seed.gz	15.1	41f014f4ab5628620935f089b1bb77987ebc162fda7c72bff368a32c9cccabac
RF00005__5CCB_N__7EQJ_B__a1__reverse__rep1	RF00005__5CCB_N__7EQJ_B	reverse	1	RF00005__5CCB_N	42	G	43	N:42	yes	no	52	42	G	B:42	42	G	B:42	same_partner	NA	NA	yes	0	Rfam.seed.gz	15.1	41f014f4ab5628620935f089b1bb77987ebc162fda7c72bff368a32c9cccabac
RF00005__5CCB_N__7EQJ_B__a1__reverse__rep1	RF00005__5CCB_N__7EQJ_B	reverse	1	RF00005__5CCB_N	43	A	44	N:43	yes	no	54	43	G	B:43	43	G	B:43	same_partner	NA	NA	yes	0	Rfam.seed.gz	15.1	41f014f4ab5628620935f089b1bb77987ebc162fda7c72bff368a32c9cccabac
RF00005__5CCB_N__7EQJ_B__a1__reverse__rep1	RF00005__5CCB_N__7EQJ_B	reverse	1	RF00005__5CCB_N	44	G	45	N:44	yes	no	55	44	G	B:44	44	G	B:44	same_partner	NA	NA	yes	0	Rfam.seed.gz	15.1	41f014f4ab5628620935f089b1bb77987ebc162fda7c72bff368a32c9cccabac
RF00005__5CCB_N__7EQJ_B__a1__reverse__rep1	RF00005__5CCB_N__7EQJ_B	reverse	1	RF00005__5CCB_N	45	G	46	N:45	yes	no	56	45	G	B:45	45	G	B:45	same_partner	NA	NA	yes	0	Rfam.seed.gz	15.1	41f014f4ab5628620935f089b1bb77987ebc162fda7c72bff368a32c9cccabac
RF00005__5CCB_N__7EQJ_B__a1__reverse__rep1	RF00005__5CCB_N__7EQJ_B	reverse	1	RF00005__5CCB_N	46	G	47	N:46	yes	no	81	46	G	B:46	46	G	B:46	same_partner	NA	NA	yes	0	Rfam.seed.gz	15.1	41f014f4ab5628620935f089b1bb77987ebc162fda7c72bff368a32c9cccabac
RF00005__5CCB_N__7EQJ_B__a1__reverse__rep1	RF00005__5CCB_N__7EQJ_B	reverse	1	RF00005__5CCB_N	47	U	48	N:47	yes	no	82	47	U	B:47	47	U	B:47	same_partner	NA	NA	yes	0	Rfam.seed.gz	15.1	41f014f4ab5628620935f089b1bb77987ebc162fda7c72bff368a32c9cccabac
RF00005__5CCB_N__7EQJ_B__a1__reverse__rep1	RF00005__5CCB_N__7EQJ_B	reverse	1	RF00005__5CCB_N	48	C	49	N:48	yes	no	85	48	C	B:48	48	C	B:48	same_partner	NA	NA	yes	0	Rfam.seed.gz	15.1	41f014f4ab5628620935f089b1bb77987ebc162fda7c72bff368a32c9cccabac
RF00005__5CCB_N__7EQJ_B__a1__reverse__rep1	RF00005__5CCB_N__7EQJ_B	reverse	1	RF00005__5CCB_N	49	C	50	N:49	yes	no	86	49	G	B:49	49	G	B:49	same_partner	NA	NA	yes	0	Rfam.seed.gz	15.1	41f014f4ab5628620935f089b1bb77987ebc162fda7c72bff368a32c9cccabac
RF00005__5CCB_N__7EQJ_B__a1__reverse__rep1	RF00005__5CCB_N__7EQJ_B	reverse	1	RF00005__5CCB_N	50	A	51	N:50	yes	no	87	50	G	B:50	50	G	B:50	same_partner	NA	NA	yes	0	Rfam.seed.gz	15.1	41f014f4ab5628620935f089b1bb77987ebc162fda7c72bff368a32c9cccabac
RF00005__5CCB_N__7EQJ_B__a1__reverse__rep1	RF00005__5CCB_N__7EQJ_B	reverse	1	RF00005__5CCB_N	51	G	52	N:51	yes	no	88	51	C	B:51	51	C	B:51	same_partner	NA	NA	yes	0	Rfam.seed.gz	15.1	41f014f4ab5628620935f089b1bb77987ebc162fda7c72bff368a32c9cccabac
RF00005__5CCB_N__7EQJ_B__a1__reverse__rep1	RF00005__5CCB_N__7EQJ_B	reverse	1	RF00005__5CCB_N	52	G	53	N:52	yes	no	90	52	G	B:52	52	G	B:52	same_partner	NA	NA	yes	0	Rfam.seed.gz	15.1	41f014f4ab5628620935f089b1bb77987ebc162fda7c72bff368a32c9cccabac
RF00005__5CCB_N__7EQJ_B__a1__reverse__rep1	RF00005__5CCB_N__7EQJ_B	reverse	1	RF00005__5CCB_N	53	G	54	N:53	yes	no	91	53	G	B:53	53	G	B:53	same_partner	NA	NA	yes	0	Rfam.seed.gz	15.1	41f014f4ab5628620935f089b1bb77987ebc162fda7c72bff368a32c9cccabac
RF00005__5CCB_N__7EQJ_B__a1__reverse__rep1	RF00005__5CCB_N__7EQJ_B	reverse	1	RF00005__5CCB_N	54	U	55	N:54	yes	no	92	54	U	B:54	NA	NA	NA	rfam_only	NA	algorithm_omission	yes	NA	Rfam.seed.gz	15.1	41f014f4ab5628620935f089b1bb77987ebc162fda7c72bff368a32c9cccabac
RF00005__5CCB_N__7EQJ_B__a1__reverse__rep1	RF00005__5CCB_N__7EQJ_B	reverse	1	RF00005__5CCB_N	55	U	56	N:55	yes	no	94	55	U	B:55	NA	NA	NA	rfam_only	NA	algorithm_omission	yes	NA	Rfam.seed.gz	15.1	41f014f4ab5628620935f089b1bb77987ebc162fda7c72bff368a32c9cccabac
RF00005__5CCB_N__7EQJ_B__a1__reverse__rep1	RF00005__5CCB_N__7EQJ_B	reverse	1	RF00005__5CCB_N	56	C	57	N:56	yes	no	95	56	C	B:56	54	U	B:54	different_partner	NA	NA	yes	-2	Rfam.seed.gz	15.1	41f014f4ab5628620935f089b1bb77987ebc162fda7c72bff368a32c9cccabac
RF00005__5CCB_N__7EQJ_B__a1__reverse__rep1	RF00005__5CCB_N__7EQJ_B	reverse	1	RF00005__5CCB_N	57	A	58	N:57	yes	no	96	57	G	B:57	55	U	B:55	different_partner	NA	NA	yes	-2	Rfam.seed.gz	15.1	41f014f4ab5628620935f089b1bb77987ebc162fda7c72bff368a32c9cccabac
RF00005__5CCB_N__7EQJ_B__a1__reverse__rep1	RF00005__5CCB_N__7EQJ_B	reverse	1	RF00005__5CCB_N	58	A	59	N:58	yes	no	98	58	A	B:58	56	C	B:56	different_partner	NA	NA	yes	-2	Rfam.seed.gz	15.1	41f014f4ab5628620935f089b1bb77987ebc162fda7c72bff368a32c9cccabac
RF00005__5CCB_N__7EQJ_B__a1__reverse__rep1	RF00005__5CCB_N__7EQJ_B	reverse	1	RF00005__5CCB_N	59	G	60	N:59	yes	no	99	59	U	B:59	57	G	B:57	different_partner	NA	NA	yes	-2	Rfam.seed.gz	15.1	41f014f4ab5628620935f089b1bb77987ebc162fda7c72bff368a32c9cccabac
RF00005__5CCB_N__7EQJ_B__a1__reverse__rep1	RF00005__5CCB_N__7EQJ_B	reverse	1	RF00005__5CCB_N	60	U	61	N:60	yes	no	102	60	C	B:60	NA	NA	NA	rfam_only	NA	algorithm_omission	yes	NA	Rfam.seed.gz	15.1	41f014f4ab5628620935f089b1bb77987ebc162fda7c72bff368a32c9cccabac
RF00005__5CCB_N__7EQJ_B__a1__reverse__rep1	RF00005__5CCB_N__7EQJ_B	reverse	1	RF00005__5CCB_N	61	C	62	N:61	yes	no	103	61	C	B:61	61	C	B:61	same_partner	NA	NA	yes	0	Rfam.seed.gz	15.1	41f014f4ab5628620935f089b1bb77987ebc162fda7c72bff368a32c9cccabac
RF00005__5CCB_N__7EQJ_B__a1__reverse__rep1	RF00005__5CCB_N__7EQJ_B	reverse	1	RF00005__5CCB_N	62	C	63	N:62	yes	no	104	62	C	B:62	62	C	B:62	same_partner	NA	NA	yes	0	Rfam.seed.gz	15.1	41f014f4ab5628620935f089b1bb77987ebc162fda7c72bff368a32c9cccabac
RF00005__5CCB_N__7EQJ_B__a1__reverse__rep1	RF00005__5CCB_N__7EQJ_B	reverse	1	RF00005__5CCB_N	63	C	64	N:63	yes	no	105	63	G	B:63	63	G	B:63	same_partner	NA	NA	yes	0	Rfam.seed.gz	15.1	41f014f4ab5628620935f089b1bb77987ebc162fda7c72bff368a32c9cccabac
RF00005__5CCB_N__7EQJ_B__a1__reverse__rep1	RF00005__5CCB_N__7EQJ_B	reverse	1	RF00005__5CCB_N	64	U	65	N:64	yes	no	106	64	U	B:64	64	U	B:64	same_partner	NA	NA	yes	0	Rfam.seed.gz	15.1	41f014f4ab5628620935f089b1bb77987ebc162fda7c72bff368a32c9cccabac
RF00005__5CCB_N__7EQJ_B__a1__reverse__rep1	RF00005__5CCB_N__7EQJ_B	reverse	1	RF00005__5CCB_N	65	G	66	N:65	yes	no	108	65	C	B:65	65	C	B:65	same_partner	NA	NA	yes	0	Rfam.seed.gz	15.1	41f014f4ab5628620935f089b1bb77987ebc162fda7c72bff368a32c9cccabac
RF00005__5CCB_N__7EQJ_B__a1__reverse__rep1	RF00005__5CCB_N__7EQJ_B	reverse	1	RF00005__5CCB_N	66	U	67	N:66	yes	no	110	66	A	B:66	66	A	B:66	same_partner	NA	NA	yes	0	Rfam.seed.gz	15.1	41f014f4ab5628620935f089b1bb77987ebc162fda7c72bff368a32c9cccabac
RF00005__5CCB_N__7EQJ_B__a1__reverse__rep1	RF00005__5CCB_N__7EQJ_B	reverse	1	RF00005__5CCB_N	67	U	68	N:67	yes	no	111	67	U	B:67	67	U	B:67	same_partner	NA	NA	yes	0	Rfam.seed.gz	15.1	41f014f4ab5628620935f089b1bb77987ebc162fda7c72bff368a32c9cccabac
RF00005__5CCB_N__7EQJ_B__a1__reverse__rep1	RF00005__5CCB_N__7EQJ_B	reverse	1	RF00005__5CCB_N	68	C	69	N:68	yes	no	112	68	C	B:68	68	C	B:68	same_partner	NA	NA	yes	0	Rfam.seed.gz	15.1	41f014f4ab5628620935f089b1bb77987ebc162fda7c72bff368a32c9cccabac
RF00005__5CCB_N__7EQJ_B__a1__reverse__rep1	RF00005__5CCB_N__7EQJ_B	reverse	1	RF00005__5CCB_N	69	G	70	N:69	yes	no	113	69	A	B:69	69	A	B:69	same_partner	NA	NA	yes	0	Rfam.seed.gz	15.1	41f014f4ab5628620935f089b1bb77987ebc162fda7c72bff368a32c9cccabac
RF00005__5CCB_N__7EQJ_B__a1__reverse__rep1	RF00005__5CCB_N__7EQJ_B	reverse	1	RF00005__5CCB_N	70	G	71	N:70	yes	no	114	70	C	B:70	70	C	B:70	same_partner	NA	NA	yes	0	Rfam.seed.gz	15.1	41f014f4ab5628620935f089b1bb77987ebc162fda7c72bff368a32c9cccabac
RF00005__5CCB_N__7EQJ_B__a1__reverse__rep1	RF00005__5CCB_N__7EQJ_B	reverse	1	RF00005__5CCB_N	71	G	72	N:71	yes	no	115	71	C	B:71	71	C	B:71	same_partner	NA	NA	yes	0	Rfam.seed.gz	15.1	41f014f4ab5628620935f089b1bb77987ebc162fda7c72bff368a32c9cccabac
RF00005__5CCB_N__7EQJ_B__a1__reverse__rep1	RF00005__5CCB_N__7EQJ_B	reverse	1	RF00005__5CCB_N	72	C	73	N:72	yes	no	116	72	C	B:72	72	C	B:72	same_partner	NA	NA	yes	0	Rfam.seed.gz	15.1	41f014f4ab5628620935f089b1bb77987ebc162fda7c72bff368a32c9cccabac
RF00005__5CCB_N__7EQJ_B__a1__reverse__rep1	RF00005__5CCB_N__7EQJ_B	reverse	1	RF00005__5CCB_N	73	G	74	N:73	yes	no	118	73	A	B:73	73	A	B:73	same_partner	NA	NA	yes	0	Rfam.seed.gz	15.1	41f014f4ab5628620935f089b1bb77987ebc162fda7c72bff368a32c9cccabac
RF00005__5CCB_N__7EQJ_B__a1__reverse__rep2	RF00005__5CCB_N__7EQJ_B	reverse	2	RF00005__5CCB_N	1	G	2	N:1	yes	no	1	1	G	B:1	1	G	B:1	same_partner	NA	NA	yes	0	Rfam.seed.gz	15.1	41f014f4ab5628620935f089b1bb77987ebc162fda7c72bff368a32c9cccabac
RF00005__5CCB_N__7EQJ_B__a1__reverse__rep2	RF00005__5CCB_N__7EQJ_B	reverse	2	RF00005__5CCB_N	2	C	3	N:2	yes	no	2	2	G	B:2	2	G	B:2	same_partner	NA	NA	yes	0	Rfam.seed.gz	15.1	41f014f4ab5628620935f089b1bb77987ebc162fda7c72bff368a32c9cccabac
RF00005__5CCB_N__7EQJ_B__a1__reverse__rep2	RF00005__5CCB_N__7EQJ_B	reverse	2	RF00005__5CCB_N	3	C	4	N:3	yes	no	3	3	G	B:3	3	G	B:3	same_partner	NA	NA	yes	0	Rfam.seed.gz	15.1	41f014f4ab5628620935f089b1bb77987ebc162fda7c72bff368a32c9cccabac
RF00005__5CCB_N__7EQJ_B__a1__reverse__rep2	RF00005__5CCB_N__7EQJ_B	reverse	2	RF00005__5CCB_N	4	C	5	N:4	yes	no	4	4	U	B:4	4	U	B:4	same_partner	NA	NA	yes	0	Rfam.seed.gz	15.1	41f014f4ab5628620935f089b1bb77987ebc162fda7c72bff368a32c9cccabac
RF00005__5CCB_N__7EQJ_B__a1__reverse__rep2	RF00005__5CCB_N__7EQJ_B	reverse	2	RF00005__5CCB_N	5	G	6	N:5	yes	no	5	5	G	B:5	5	G	B:5	same_partner	NA	NA	yes	0	Rfam.seed.gz	15.1	41f014f4ab5628620935f089b1bb77987ebc162fda7c72bff368a32c9cccabac
RF00005__5CCB_N__7EQJ_B__a1__reverse__rep2	RF00005__5CCB_N__7EQJ_B	reverse	2	RF00005__5CCB_N	6	G	7	N:6	yes	no	6	6	A	B:6	6	A	B:6	same_partner	NA	NA	yes	0	Rfam.seed.gz	15.1	41f014f4ab5628620935f089b1bb77987ebc162fda7c72bff368a32c9cccabac
RF00005__5CCB_N__7EQJ_B__a1__reverse__rep2	RF00005__5CCB_N__7EQJ_B	reverse	2	RF00005__5CCB_N	7	A	8	N:7	yes	no	7	7	U	B:7	7	U	B:7	same_partner	NA	NA	yes	0	Rfam.seed.gz	15.1	41f014f4ab5628620935f089b1bb77987ebc162fda7c72bff368a32c9cccabac
RF00005__5CCB_N__7EQJ_B__a1__reverse__rep2	RF00005__5CCB_N__7EQJ_B	reverse	2	RF00005__5CCB_N	8	U	9	N:8	yes	no	8	8	U	B:8	8	U	B:8	same_partner	NA	NA	yes	0	Rfam.seed.gz	15.1	41f014f4ab5628620935f089b1bb77987ebc162fda7c72bff368a32c9cccabac
RF00005__5CCB_N__7EQJ_B__a1__reverse__rep2	RF00005__5CCB_N__7EQJ_B	reverse	2	RF00005__5CCB_N	9	A	10	N:9	yes	no	10	9	A	B:9	9	A	B:9	same_partner	NA	NA	yes	0	Rfam.seed.gz	15.1	41f014f4ab5628620935f089b1bb77987ebc162fda7c72bff368a32c9cccabac
RF00005__5CCB_N__7EQJ_B__a1__reverse__rep2	RF00005__5CCB_N__7EQJ_B	reverse	2	RF00005__5CCB_N	10	G	11	N:10	yes	no	12	10	G	B:10	10	G	B:10	same_partner	NA	NA	yes	0	Rfam.seed.gz	15.1	41f014f4ab5628620935f089b1bb77987ebc162fda7c72bff368a32c9cccabac
RF00005__5CCB_N__7EQJ_B__a1__reverse__rep2	RF00005__5CCB_N__7EQJ_B	reverse	2	RF00005__5CCB_N	11	C	12	N:11	yes	no	13	11	C	B:11	11	C	B:11	same_partner	NA	NA	yes	0	Rfam.seed.gz	15.1	41f014f4ab5628620935f089b1bb77987ebc162fda7c72bff368a32c9cccabac
RF00005__5CCB_N__7EQJ_B__a1__reverse__rep2	RF00005__5CCB_N__7EQJ_B	reverse	2	RF00005__5CCB_N	12	U	13	N:12	yes	no	14	12	U	B:12	12	U	B:12	same_partner	NA	NA	yes	0	Rfam.seed.gz	15.1	41f014f4ab5628620935f089b1bb77987ebc162fda7c72bff368a32c9cccabac
RF00005__5CCB_N__7EQJ_B__a1__reverse__rep2	RF00005__5CCB_N__7EQJ_B	reverse	2	RF00005__5CCB_N	13	C	14	N:13	yes	no	15	13	C	B:13	13	C	B:13	same_partner	NA	NA	yes	0	Rfam.seed.gz	15.1	41f014f4ab5628620935f089b1bb77987ebc162fda7c72bff368a32c9cccabac
RF00005__5CCB_N__7EQJ_B__a1__reverse__rep2	RF00005__5CCB_N__7EQJ_B	reverse	2	RF00005__5CCB_N	14	A	15	N:14	yes	no	16	14	A	B:14	14	A	B:14	same_partner	NA	NA	yes	0	Rfam.seed.gz	15.1	41f014f4ab5628620935f089b1bb77987ebc162fda7c72bff368a32c9cccabac
RF00005__5CCB_N__7EQJ_B__a1__reverse__rep2	RF00005__5CCB_N__7EQJ_B	reverse	2	RF00005__5CCB_N	15	G	16	N:15	yes	no	17	15	G	B:15	NA	NA	NA	rfam_only	NA	algorithm_omission	yes	NA	Rfam.seed.gz	15.1	41f014f4ab5628620935f089b1bb77987ebc162fda7c72bff368a32c9cccabac
RF00005__5CCB_N__7EQJ_B__a1__reverse__rep2	RF00005__5CCB_N__7EQJ_B	reverse	2	RF00005__5CCB_N	16	U	17	N:16	yes	no	18	16	C	B:16	NA	NA	NA	rfam_only	NA	algorithm_omission	yes	NA	Rfam.seed.gz	15.1	41f014f4ab5628620935f089b1bb77987ebc162fda7c72bff368a32c9cccabac
RF00005__5CCB_N__7EQJ_B__a1__reverse__rep2	RF00005__5CCB_N__7EQJ_B	reverse	2	RF00005__5CCB_N	17	C	18	N:17	yes	no	19	17	U	B:17	NA	NA	NA	rfam_only	NA	algorithm_omission	yes	NA	Rfam.seed.gz	15.1	41f014f4ab5628620935f089b1bb77987ebc162fda7c72bff368a32c9cccabac
RF00005__5CCB_N__7EQJ_B__a1__reverse__rep2	RF00005__5CCB_N__7EQJ_B	reverse	2	RF00005__5CCB_N	18	G	19	N:18	yes	no	22	18	G	B:18	NA	NA	NA	rfam_only	NA	algorithm_omission	yes	NA	Rfam.seed.gz	15.1	41f014f4ab5628620935f089b1bb77987ebc162fda7c72bff368a32c9cccabac
RF00005__5CCB_N__7EQJ_B__a1__reverse__rep2	RF00005__5CCB_N__7EQJ_B	reverse	2	RF00005__5CCB_N	19	G	20	N:19	yes	no	23	19	G	B:19	NA	NA	NA	rfam_only	NA	algorithm_omission	yes	NA	Rfam.seed.gz	15.1	41f014f4ab5628620935f089b1bb77987ebc162fda7c72bff368a32c9cccabac
RF00005__5CCB_N__7EQJ_B__a1__reverse__rep2	RF00005__5CCB_N__7EQJ_B	reverse	2	RF00005__5CCB_N	20	U	21	N:20	yes	no	24	20	G	B:20	15	G	B:15	different_partner	NA	NA	yes	-5	Rfam.seed.gz	15.1	41f014f4ab5628620935f089b1bb77987ebc162fda7c72bff368a32c9cccabac
RF00005__5CCB_N__7EQJ_B__a1__reverse__rep2	RF00005__5CCB_N__7EQJ_B	reverse	2	RF00005__5CCB_N	21	A	22	N:21	yes	no	28	21	A	B:21	NA	NA	NA	rfam_only	NA	algorithm_omission	yes	NA	Rfam.seed.gz	15.1	41f014f4ab5628620935f089b1bb77987ebc162fda7c72bff368a32c9cccabac
RF00005__5CCB_N__7EQJ_B__a1__reverse__rep2	RF00005__5CCB_N__7EQJ_B	reverse	2	RF00005__5CCB_N	22	G	23	N:22	yes	no	29	22	G	B:22	22	G	B:22	same_partner	NA	NA	yes	0	Rfam.seed.gz	15.1	41f014f4ab5628620935f089b1bb77987ebc162fda7c72bff368a32c9cccabac
RF00005__5CCB_N__7EQJ_B__a1__reverse__rep2	RF00005__5CCB_N__7EQJ_B	reverse	2	RF00005__5CCB_N	23	A	24	N:23	yes	no	30	23	A	B:23	23	A	B:23	same_partner	NA	NA	yes	0	Rfam.seed.gz	15.1	41f014f4ab5628620935f089b1bb77987ebc162fda7c72bff368a32c9cccabac
RF00005__5CCB_N__7EQJ_B__a1__reverse__rep2	RF00005__5CCB_N__7EQJ_B	reverse	2	RF00005__5CCB_N	24	G	25	N:24	yes	no	31	24	G	B:24	24	G	B:24	same_partner	NA	NA	yes	0	Rfam.seed.gz	15.1	41f014f4ab5628620935f089b1bb77987ebc162fda7c72bff368a32c9cccabac
RF00005__5CCB_N__7EQJ_B__a1__reverse__rep2	RF00005__5CCB_N__7EQJ_B	reverse	2	RF00005__5CCB_N	25	C	26	N:25	yes	no	32	25	C	B:25	25	C	B:25	same_partner	NA	NA	yes	0	Rfam.seed.gz	15.1	41f014f4ab5628620935f089b1bb77987ebc162fda7c72bff368a32c9cccabac
RF00005__5CCB_N__7EQJ_B__a1__reverse__rep2	RF00005__5CCB_N__7EQJ_B	reverse	2	RF00005__5CCB_N	26	A	27	N:26	yes	no	33	26	A	B:26	26	A	B:26	same_partner	NA	NA	yes	0	Rfam.seed.gz	15.1	41f014f4ab5628620935f089b1bb77987ebc162fda7c72bff368a32c9cccabac
RF00005__5CCB_N__7EQJ_B__a1__reverse__rep2	RF00005__5CCB_N__7EQJ_B	reverse	2	RF00005__5CCB_N	27	U	28	N:27	yes	no	35	27	C	B:27	27	C	B:27	same_partner	NA	NA	yes	0	Rfam.seed.gz	15.1	41f014f4ab5628620935f089b1bb77987ebc162fda7c72bff368a32c9cccabac
RF00005__5CCB_N__7EQJ_B__a1__reverse__rep2	RF00005__5CCB_N__7EQJ_B	reverse	2	RF00005__5CCB_N	28	C	29	N:28	yes	no	37	28	C	B:28	28	C	B:28	same_partner	NA	NA	yes	0	Rfam.seed.gz	15.1	41f014f4ab5628620935f089b1bb77987ebc162fda7c72bff368a32c9cccabac
RF00005__5CCB_N__7EQJ_B__a1__reverse__rep2	RF00005__5CCB_N__7EQJ_B	reverse	2	RF00005__5CCB_N	29	A	30	N:29	yes	no	38	29	U	B:29	29	U	B:29	same_partner	NA	NA	yes	0	Rfam.seed.gz	15.1	41f014f4ab5628620935f089b1bb77987ebc162fda7c72bff368a32c9cccabac
RF00005__5CCB_N__7EQJ_B__a1__reverse__rep2	RF00005__5CCB_N__7EQJ_B	reverse	2	RF00005__5CCB_N	30	G	31	N:30	yes	no	39	30	C	B:30	30	C	B:30	same_partner	NA	NA	yes	0	Rfam.seed.gz	15.1	41f014f4ab5628620935f089b1bb77987ebc162fda7c72bff368a32c9cccabac
RF00005__5CCB_N__7EQJ_B__a1__reverse__rep2	RF00005__5CCB_N__7EQJ_B	reverse	2	RF00005__5CCB_N	31	A	32	N:31	yes	no	40	31	C	B:31	31	C	B:31	same_partner	NA	NA	yes	0	Rfam.seed.gz	15.1	41f014f4ab5628620935f089b1bb77987ebc162fda7c72bff368a32c9cccabac
RF00005__5CCB_N__7EQJ_B__a1__reverse__rep2	RF00005__5CCB_N__7EQJ_B	reverse	2	RF00005__5CCB_N	32	C	33	N:32	yes	no	41	32	C	B:32	32	C	B:32	same_partner	NA	NA	yes	0	Rfam.seed.gz	15.1	41f014f4ab5628620935f089b1bb77987ebc162fda7c72bff368a32c9cccabac
RF00005__5CCB_N__7EQJ_B__a1__reverse__rep2	RF00005__5CCB_N__7EQJ_B	reverse	2	RF00005__5CCB_N	33	U	34	N:33	yes	no	43	33	U	B:33	33	U	B:33	same_partner	NA	NA	yes	0	Rfam.seed.gz	15.1	41f014f4ab5628620935f089b1bb77987ebc162fda7c72bff368a32c9cccabac
RF00005__5CCB_N__7EQJ_B__a1__reverse__rep2	RF00005__5CCB_N__7EQJ_B	reverse	2	RF00005__5CCB_N	34	U	35	N:34	yes	no	44	34	U	B:34	34	U	B:34	same_partner	NA	NA	yes	0	Rfam.seed.gz	15.1	41f014f4ab5628620935f089b1bb77987ebc162fda7c72bff368a32c9cccabac
RF00005__5CCB_N__7EQJ_B__a1__reverse__rep2	RF00005__5CCB_N__7EQJ_B	reverse	2	RF00005__5CCB_N	35	U	36	N:35	yes	no	45	35	A	B:35	35	A	B:35	same_partner	NA	NA	yes	0	Rfam.seed.gz	15.1	41f014f4ab5628620935f089b1bb77987ebc162fda7c72bff368a32c9cccabac
RF00005__5CCB_N__7EQJ_B__a1__reverse__rep2	RF00005__5CCB_N__7EQJ_B	reverse	2	RF00005__5CCB_N	36	U	37	N:36	yes	no	46	36	C	B:36	36	C	B:36	same_partner	NA	NA	yes	0	Rfam.seed.gz	15.1	41f014f4ab5628620935f089b1bb77987ebc162fda7c72bff368a32c9cccabac
RF00005__5CCB_N__7EQJ_B__a1__reverse__rep2	RF00005__5CCB_N__7EQJ_B	reverse	2	RF00005__5CCB_N	37	A	38	N:37	yes	no	47	37	A	B:37	37	A	B:37	same_partner	NA	NA	yes	0	Rfam.seed.gz	15.1	41f014f4ab5628620935f089b1bb77987ebc162fda7c72bff368a32c9cccabac
RF00005__5CCB_N__7EQJ_B__a1__reverse__rep2	RF00005__5CCB_N__7EQJ_B	reverse	2	RF00005__5CCB_N	38	A	39	N:38	yes	no	48	38	A	B:38	38	A	B:38	same_partner	NA	NA	yes	0	Rfam.seed.gz	15.1	41f014f4ab5628620935f089b1bb77987ebc162fda7c72bff368a32c9cccabac
RF00005__5CCB_N__7EQJ_B__a1__reverse__rep2	RF00005__5CCB_N__7EQJ_B	reverse	2	RF00005__5CCB_N	39	U	40	N:39	yes	no	49	39	G	B:39	39	G	B:39	same_partner	NA	NA	yes	0	Rfam.seed.gz	15.1	41f014f4ab5628620935f089b1bb77987ebc162fda7c72bff368a32c9cccabac
RF00005__5CCB_N__7EQJ_B__a1__reverse__rep2	RF00005__5CCB_N__7EQJ_B	reverse	2	RF00005__5CCB_N	40	C	41	N:40	yes	no	50	40	G	B:40	40	G	B:40	same_partner	NA	NA	yes	0	Rfam.seed.gz	15.1	41f014f4ab5628620935f089b1bb77987ebc162fda7c72bff368a32c9cccabac
RF00005__5CCB_N__7EQJ_B__a1__reverse__rep2	RF00005__5CCB_N__7EQJ_B	reverse	2	RF00005__5CCB_N	41	U	42	N:41	yes	no	51	41	A	B:41	41	A	B:41	same_partner	NA	NA	yes	0	Rfam.seed.gz	15.1	41f014f4ab5628620935f089b1bb77987ebc162fda7c72bff368a32c9cccabac
RF00005__5CCB_N__7EQJ_B__a1__reverse__rep2	RF00005__5CCB_N__7EQJ_B	reverse	2	RF00005__5CCB_N	42	G	43	N:42	yes	no	52	42	G	B:42	42	G	B:42	same_partner	NA	NA	yes	0	Rfam.seed.gz	15.1	41f014f4ab5628620935f089b1bb77987ebc162fda7c72bff368a32c9cccabac
RF00005__5CCB_N__7EQJ_B__a1__reverse__rep2	RF00005__5CCB_N__7EQJ_B	reverse	2	RF00005__5CCB_N	43	A	44	N:43	yes	no	54	43	G	B:43	43	G	B:43	same_partner	NA	NA	yes	0	Rfam.seed.gz	15.1	41f014f4ab5628620935f089b1bb77987ebc162fda7c72bff368a32c9cccabac
RF00005__5CCB_N__7EQJ_B__a1__reverse__rep2	RF00005__5CCB_N__7EQJ_B	reverse	2	RF00005__5CCB_N	44	G	45	N:44	yes	no	55	44	G	B:44	44	G	B:44	same_partner	NA	NA	yes	0	Rfam.seed.gz	15.1	41f014f4ab5628620935f089b1bb77987ebc162fda7c72bff368a32c9cccabac
RF00005__5CCB_N__7EQJ_B__a1__reverse__rep2	RF00005__5CCB_N__7EQJ_B	reverse	2	RF00005__5CCB_N	45	G	46	N:45	yes	no	56	45	G	B:45	45	G	B:45	same_partner	NA	NA	yes	0	Rfam.seed.gz	15.1	41f014f4ab5628620935f089b1bb77987ebc162fda7c72bff368a32c9cccabac
RF00005__5CCB_N__7EQJ_B__a1__reverse__rep2	RF00005__5CCB_N__7EQJ_B	reverse	2	RF00005__5CCB_N	46	G	47	N:46	yes	no	81	46	G	B:46	46	G	B:46	same_partner	NA	NA	yes	0	Rfam.seed.gz	15.1	41f014f4ab5628620935f089b1bb77987ebc162fda7c72bff368a32c9cccabac
RF00005__5CCB_N__7EQJ_B__a1__reverse__rep2	RF00005__5CCB_N__7EQJ_B	reverse	2	RF00005__5CCB_N	47	U	48	N:47	yes	no	82	47	U	B:47	47	U	B:47	same_partner	NA	NA	yes	0	Rfam.seed.gz	15.1	41f014f4ab5628620935f089b1bb77987ebc162fda7c72bff368a32c9cccabac
RF00005__5CCB_N__7EQJ_B__a1__reverse__rep2	RF00005__5CCB_N__7EQJ_B	reverse	2	RF00005__5CCB_N	48	C	49	N:48	yes	no	85	48	C	B:48	48	C	B:48	same_partner	NA	NA	yes	0	Rfam.seed.gz	15.1	41f014f4ab5628620935f089b1bb77987ebc162fda7c72bff368a32c9cccabac
RF00005__5CCB_N__7EQJ_B__a1__reverse__rep2	RF00005__5CCB_N__7EQJ_B	reverse	2	RF00005__5CCB_N	49	C	50	N:49	yes	no	86	49	G	B:49	49	G	B:49	same_partner	NA	NA	yes	0	Rfam.seed.gz	15.1	41f014f4ab5628620935f089b1bb77987ebc162fda7c72bff368a32c9cccabac
RF00005__5CCB_N__7EQJ_B__a1__reverse__rep2	RF00005__5CCB_N__7EQJ_B	reverse	2	RF00005__5CCB_N	50	A	51	N:50	yes	no	87	50	G	B:50	50	G	B:50	same_partner	NA	NA	yes	0	Rfam.seed.gz	15.1	41f014f4ab5628620935f089b1bb77987ebc162fda7c72bff368a32c9cccabac
RF00005__5CCB_N__7EQJ_B__a1__reverse__rep2	RF00005__5CCB_N__7EQJ_B	reverse	2	RF00005__5CCB_N	51	G	52	N:51	yes	no	88	51	C	B:51	51	C	B:51	same_partner	NA	NA	yes	0	Rfam.seed.gz	15.1	41f014f4ab5628620935f089b1bb77987ebc162fda7c72bff368a32c9cccabac
RF00005__5CCB_N__7EQJ_B__a1__reverse__rep2	RF00005__5CCB_N__7EQJ_B	reverse	2	RF00005__5CCB_N	52	G	53	N:52	yes	no	90	52	G	B:52	52	G	B:52	same_partner	NA	NA	yes	0	Rfam.seed.gz	15.1	41f014f4ab5628620935f089b1bb77987ebc162fda7c72bff368a32c9cccabac
RF00005__5CCB_N__7EQJ_B__a1__reverse__rep2	RF00005__5CCB_N__7EQJ_B	reverse	2	RF00005__5CCB_N	53	G	54	N:53	yes	no	91	53	G	B:53	53	G	B:53	same_partner	NA	NA	yes	0	Rfam.seed.gz	15.1	41f014f4ab5628620935f089b1bb77987ebc162fda7c72bff368a32c9cccabac
RF00005__5CCB_N__7EQJ_B__a1__reverse__rep2	RF00005__5CCB_N__7EQJ_B	reverse	2	RF00005__5CCB_N	54	U	55	N:54	yes	no	92	54	U	B:54	NA	NA	NA	rfam_only	NA	algorithm_omission	yes	NA	Rfam.seed.gz	15.1	41f014f4ab5628620935f089b1bb77987ebc162fda7c72bff368a32c9cccabac
RF00005__5CCB_N__7EQJ_B__a1__reverse__rep2	RF00005__5CCB_N__7EQJ_B	reverse	2	RF00005__5CCB_N	55	U	56	N:55	yes	no	94	55	U	B:55	NA	NA	NA	rfam_only	NA	algorithm_omission	yes	NA	Rfam.seed.gz	15.1	41f014f4ab5628620935f089b1bb77987ebc162fda7c72bff368a32c9cccabac
RF00005__5CCB_N__7EQJ_B__a1__reverse__rep2	RF00005__5CCB_N__7EQJ_B	reverse	2	RF00005__5CCB_N	56	C	57	N:56	yes	no	95	56	C	B:56	54	U	B:54	different_partner	NA	NA	yes	-2	Rfam.seed.gz	15.1	41f014f4ab5628620935f089b1bb77987ebc162fda7c72bff368a32c9cccabac
RF00005__5CCB_N__7EQJ_B__a1__reverse__rep2	RF00005__5CCB_N__7EQJ_B	reverse	2	RF00005__5CCB_N	57	A	58	N:57	yes	no	96	57	G	B:57	55	U	B:55	different_partner	NA	NA	yes	-2	Rfam.seed.gz	15.1	41f014f4ab5628620935f089b1bb77987ebc162fda7c72bff368a32c9cccabac
RF00005__5CCB_N__7EQJ_B__a1__reverse__rep2	RF00005__5CCB_N__7EQJ_B	reverse	2	RF00005__5CCB_N	58	A	59	N:58	yes	no	98	58	A	B:58	56	C	B:56	different_partner	NA	NA	yes	-2	Rfam.seed.gz	15.1	41f014f4ab5628620935f089b1bb77987ebc162fda7c72bff368a32c9cccabac
RF00005__5CCB_N__7EQJ_B__a1__reverse__rep2	RF00005__5CCB_N__7EQJ_B	reverse	2	RF00005__5CCB_N	59	G	60	N:59	yes	no	99	59	U	B:59	57	G	B:57	different_partner	NA	NA	yes	-2	Rfam.seed.gz	15.1	41f014f4ab5628620935f089b1bb77987ebc162fda7c72bff368a32c9cccabac
RF00005__5CCB_N__7EQJ_B__a1__reverse__rep2	RF00005__5CCB_N__7EQJ_B	reverse	2	RF00005__5CCB_N	60	U	61	N:60	yes	no	102	60	C	B:60	NA	NA	NA	rfam_only	NA	algorithm_omission	yes	NA	Rfam.seed.gz	15.1	41f014f4ab5628620935f089b1bb77987ebc162fda7c72bff368a32c9cccabac
RF00005__5CCB_N__7EQJ_B__a1__reverse__rep2	RF00005__5CCB_N__7EQJ_B	reverse	2	RF00005__5CCB_N	61	C	62	N:61	yes	no	103	61	C	B:61	61	C	B:61	same_partner	NA	NA	yes	0	Rfam.seed.gz	15.1	41f014f4ab5628620935f089b1bb77987ebc162fda7c72bff368a32c9cccabac
RF00005__5CCB_N__7EQJ_B__a1__reverse__rep2	RF00005__5CCB_N__7EQJ_B	reverse	2	RF00005__5CCB_N	62	C	63	N:62	yes	no	104	62	C	B:62	62	C	B:62	same_partner	NA	NA	yes	0	Rfam.seed.gz	15.1	41f014f4ab5628620935f089b1bb77987ebc162fda7c72bff368a32c9cccabac
RF00005__5CCB_N__7EQJ_B__a1__reverse__rep2	RF00005__5CCB_N__7EQJ_B	reverse	2	RF00005__5CCB_N	63	C	64	N:63	yes	no	105	63	G	B:63	63	G	B:63	same_partner	NA	NA	yes	0	Rfam.seed.gz	15.1	41f014f4ab5628620935f089b1bb77987ebc162fda7c72bff368a32c9cccabac
RF00005__5CCB_N__7EQJ_B__a1__reverse__rep2	RF00005__5CCB_N__7EQJ_B	reverse	2	RF00005__5CCB_N	64	U	65	N:64	yes	no	106	64	U	B:64	64	U	B:64	same_partner	NA	NA	yes	0	Rfam.seed.gz	15.1	41f014f4ab5628620935f089b1bb77987ebc162fda7c72bff368a32c9cccabac
RF00005__5CCB_N__7EQJ_B__a1__reverse__rep2	RF00005__5CCB_N__7EQJ_B	reverse	2	RF00005__5CCB_N	65	G	66	N:65	yes	no	108	65	C	B:65	65	C	B:65	same_partner	NA	NA	yes	0	Rfam.seed.gz	15.1	41f014f4ab5628620935f089b1bb77987ebc162fda7c72bff368a32c9cccabac
RF00005__5CCB_N__7EQJ_B__a1__reverse__rep2	RF00005__5CCB_N__7EQJ_B	reverse	2	RF00005__5CCB_N	66	U	67	N:66	yes	no	110	66	A	B:66	66	A	B:66	same_partner	NA	NA	yes	0	Rfam.seed.gz	15.1	41f014f4ab5628620935f089b1bb77987ebc162fda7c72bff368a32c9cccabac
RF00005__5CCB_N__7EQJ_B__a1__reverse__rep2	RF00005__5CCB_N__7EQJ_B	reverse	2	RF00005__5CCB_N	67	U	68	N:67	yes	no	111	67	U	B:67	67	U	B:67	same_partner	NA	NA	yes	0	Rfam.seed.gz	15.1	41f014f4ab5628620935f089b1bb77987ebc162fda7c72bff368a32c9cccabac
RF00005__5CCB_N__7EQJ_B__a1__reverse__rep2	RF00005__5CCB_N__7EQJ_B	reverse	2	RF00005__5CCB_N	68	C	69	N:68	yes	no	112	68	C	B:68	68	C	B:68	same_partner	NA	NA	yes	0	Rfam.seed.gz	15.1	41f014f4ab5628620935f089b1bb77987ebc162fda7c72bff368a32c9cccabac
RF00005__5CCB_N__7EQJ_B__a1__reverse__rep2	RF00005__5CCB_N__7EQJ_B	reverse	2	RF00005__5CCB_N	69	G	70	N:69	yes	no	113	69	A	B:69	69	A	B:69	same_partner	NA	NA	yes	0	Rfam.seed.gz	15.1	41f014f4ab5628620935f089b1bb77987ebc162fda7c72bff368a32c9cccabac
RF00005__5CCB_N__7EQJ_B__a1__reverse__rep2	RF00005__5CCB_N__7EQJ_B	reverse	2	RF00005__5CCB_N	70	G	71	N:70	yes	no	114	70	C	B:70	70	C	B:70	same_partner	NA	NA	yes	0	Rfam.seed.gz	15.1	41f014f4ab5628620935f089b1bb77987ebc162fda7c72bff368a32c9cccabac
RF00005__5CCB_N__7EQJ_B__a1__reverse__rep2	RF00005__5CCB_N__7EQJ_B	reverse	2	RF00005__5CCB_N	71	G	72	N:71	yes	no	115	71	C	B:71	71	C	B:71	same_partner	NA	NA	yes	0	Rfam.seed.gz	15.1	41f014f4ab5628620935f089b1bb77987ebc162fda7c72bff368a32c9cccabac
RF00005__5CCB_N__7EQJ_B__a1__reverse__rep2	RF00005__5CCB_N__7EQJ_B	reverse	2	RF00005__5CCB_N	72	C	73	N:72	yes	no	116	72	C	B:72	72	C	B:72	same_partner	NA	NA	yes	0	Rfam.seed.gz	15.1	41f014f4ab5628620935f089b1bb77987ebc162fda7c72bff368a32c9cccabac
RF00005__5CCB_N__7EQJ_B__a1__reverse__rep2	RF00005__5CCB_N__7EQJ_B	reverse	2	RF00005__5CCB_N	73	G	74	N:73	yes	no	118	73	A	B:73	73	A	B:73	same_partner	NA	NA	yes	0	Rfam.seed.gz	15.1	41f014f4ab5628620935f089b1bb77987ebc162fda7c72bff368a32c9cccabac
RF00005__5CCB_N__7EQJ_B__a1__reverse__rep3	RF00005__5CCB_N__7EQJ_B	reverse	3	RF00005__5CCB_N	1	G	2	N:1	yes	no	1	1	G	B:1	1	G	B:1	same_partner	NA	NA	yes	0	Rfam.seed.gz	15.1	41f014f4ab5628620935f089b1bb77987ebc162fda7c72bff368a32c9cccabac
RF00005__5CCB_N__7EQJ_B__a1__reverse__rep3	RF00005__5CCB_N__7EQJ_B	reverse	3	RF00005__5CCB_N	2	C	3	N:2	yes	no	2	2	G	B:2	2	G	B:2	same_partner	NA	NA	yes	0	Rfam.seed.gz	15.1	41f014f4ab5628620935f089b1bb77987ebc162fda7c72bff368a32c9cccabac
RF00005__5CCB_N__7EQJ_B__a1__reverse__rep3	RF00005__5CCB_N__7EQJ_B	reverse	3	RF00005__5CCB_N	3	C	4	N:3	yes	no	3	3	G	B:3	3	G	B:3	same_partner	NA	NA	yes	0	Rfam.seed.gz	15.1	41f014f4ab5628620935f089b1bb77987ebc162fda7c72bff368a32c9cccabac
RF00005__5CCB_N__7EQJ_B__a1__reverse__rep3	RF00005__5CCB_N__7EQJ_B	reverse	3	RF00005__5CCB_N	4	C	5	N:4	yes	no	4	4	U	B:4	4	U	B:4	same_partner	NA	NA	yes	0	Rfam.seed.gz	15.1	41f014f4ab5628620935f089b1bb77987ebc162fda7c72bff368a32c9cccabac
RF00005__5CCB_N__7EQJ_B__a1__reverse__rep3	RF00005__5CCB_N__7EQJ_B	reverse	3	RF00005__5CCB_N	5	G	6	N:5	yes	no	5	5	G	B:5	5	G	B:5	same_partner	NA	NA	yes	0	Rfam.seed.gz	15.1	41f014f4ab5628620935f089b1bb77987ebc162fda7c72bff368a32c9cccabac
RF00005__5CCB_N__7EQJ_B__a1__reverse__rep3	RF00005__5CCB_N__7EQJ_B	reverse	3	RF00005__5CCB_N	6	G	7	N:6	yes	no	6	6	A	B:6	6	A	B:6	same_partner	NA	NA	yes	0	Rfam.seed.gz	15.1	41f014f4ab5628620935f089b1bb77987ebc162fda7c72bff368a32c9cccabac
RF00005__5CCB_N__7EQJ_B__a1__reverse__rep3	RF00005__5CCB_N__7EQJ_B	reverse	3	RF00005__5CCB_N	7	A	8	N:7	yes	no	7	7	U	B:7	7	U	B:7	same_partner	NA	NA	yes	0	Rfam.seed.gz	15.1	41f014f4ab5628620935f089b1bb77987ebc162fda7c72bff368a32c9cccabac
RF00005__5CCB_N__7EQJ_B__a1__reverse__rep3	RF00005__5CCB_N__7EQJ_B	reverse	3	RF00005__5CCB_N	8	U	9	N:8	yes	no	8	8	U	B:8	8	U	B:8	same_partner	NA	NA	yes	0	Rfam.seed.gz	15.1	41f014f4ab5628620935f089b1bb77987ebc162fda7c72bff368a32c9cccabac
RF00005__5CCB_N__7EQJ_B__a1__reverse__rep3	RF00005__5CCB_N__7EQJ_B	reverse	3	RF00005__5CCB_N	9	A	10	N:9	yes	no	10	9	A	B:9	9	A	B:9	same_partner	NA	NA	yes	0	Rfam.seed.gz	15.1	41f014f4ab5628620935f089b1bb77987ebc162fda7c72bff368a32c9cccabac
RF00005__5CCB_N__7EQJ_B__a1__reverse__rep3	RF00005__5CCB_N__7EQJ_B	reverse	3	RF00005__5CCB_N	10	G	11	N:10	yes	no	12	10	G	B:10	10	G	B:10	same_partner	NA	NA	yes	0	Rfam.seed.gz	15.1	41f014f4ab5628620935f089b1bb77987ebc162fda7c72bff368a32c9cccabac
RF00005__5CCB_N__7EQJ_B__a1__reverse__rep3	RF00005__5CCB_N__7EQJ_B	reverse	3	RF00005__5CCB_N	11	C	12	N:11	yes	no	13	11	C	B:11	11	C	B:11	same_partner	NA	NA	yes	0	Rfam.seed.gz	15.1	41f014f4ab5628620935f089b1bb77987ebc162fda7c72bff368a32c9cccabac
RF00005__5CCB_N__7EQJ_B__a1__reverse__rep3	RF00005__5CCB_N__7EQJ_B	reverse	3	RF00005__5CCB_N	12	U	13	N:12	yes	no	14	12	U	B:12	12	U	B:12	same_partner	NA	NA	yes	0	Rfam.seed.gz	15.1	41f014f4ab5628620935f089b1bb77987ebc162fda7c72bff368a32c9cccabac
RF00005__5CCB_N__7EQJ_B__a1__reverse__rep3	RF00005__5CCB_N__7EQJ_B	reverse	3	RF00005__5CCB_N	13	C	14	N:13	yes	no	15	13	C	B:13	13	C	B:13	same_partner	NA	NA	yes	0	Rfam.seed.gz	15.1	41f014f4ab5628620935f089b1bb77987ebc162fda7c72bff368a32c9cccabac
RF00005__5CCB_N__7EQJ_B__a1__reverse__rep3	RF00005__5CCB_N__7EQJ_B	reverse	3	RF00005__5CCB_N	14	A	15	N:14	yes	no	16	14	A	B:14	14	A	B:14	same_partner	NA	NA	yes	0	Rfam.seed.gz	15.1	41f014f4ab5628620935f089b1bb77987ebc162fda7c72bff368a32c9cccabac
RF00005__5CCB_N__7EQJ_B__a1__reverse__rep3	RF00005__5CCB_N__7EQJ_B	reverse	3	RF00005__5CCB_N	15	G	16	N:15	yes	no	17	15	G	B:15	NA	NA	NA	rfam_only	NA	algorithm_omission	yes	NA	Rfam.seed.gz	15.1	41f014f4ab5628620935f089b1bb77987ebc162fda7c72bff368a32c9cccabac
RF00005__5CCB_N__7EQJ_B__a1__reverse__rep3	RF00005__5CCB_N__7EQJ_B	reverse	3	RF00005__5CCB_N	16	U	17	N:16	yes	no	18	16	C	B:16	NA	NA	NA	rfam_only	NA	algorithm_omission	yes	NA	Rfam.seed.gz	15.1	41f014f4ab5628620935f089b1bb77987ebc162fda7c72bff368a32c9cccabac
RF00005__5CCB_N__7EQJ_B__a1__reverse__rep3	RF00005__5CCB_N__7EQJ_B	reverse	3	RF00005__5CCB_N	17	C	18	N:17	yes	no	19	17	U	B:17	NA	NA	NA	rfam_only	NA	algorithm_omission	yes	NA	Rfam.seed.gz	15.1	41f014f4ab5628620935f089b1bb77987ebc162fda7c72bff368a32c9cccabac
RF00005__5CCB_N__7EQJ_B__a1__reverse__rep3	RF00005__5CCB_N__7EQJ_B	reverse	3	RF00005__5CCB_N	18	G	19	N:18	yes	no	22	18	G	B:18	NA	NA	NA	rfam_only	NA	algorithm_omission	yes	NA	Rfam.seed.gz	15.1	41f014f4ab5628620935f089b1bb77987ebc162fda7c72bff368a32c9cccabac
RF00005__5CCB_N__7EQJ_B__a1__reverse__rep3	RF00005__5CCB_N__7EQJ_B	reverse	3	RF00005__5CCB_N	19	G	20	N:19	yes	no	23	19	G	B:19	NA	NA	NA	rfam_only	NA	algorithm_omission	yes	NA	Rfam.seed.gz	15.1	41f014f4ab5628620935f089b1bb77987ebc162fda7c72bff368a32c9cccabac
RF00005__5CCB_N__7EQJ_B__a1__reverse__rep3	RF00005__5CCB_N__7EQJ_B	reverse	3	RF00005__5CCB_N	20	U	21	N:20	yes	no	24	20	G	B:20	15	G	B:15	different_partner	NA	NA	yes	-5	Rfam.seed.gz	15.1	41f014f4ab5628620935f089b1bb77987ebc162fda7c72bff368a32c9cccabac
RF00005__5CCB_N__7EQJ_B__a1__reverse__rep3	RF00005__5CCB_N__7EQJ_B	reverse	3	RF00005__5CCB_N	21	A	22	N:21	yes	no	28	21	A	B:21	NA	NA	NA	rfam_only	NA	algorithm_omission	yes	NA	Rfam.seed.gz	15.1	41f014f4ab5628620935f089b1bb77987ebc162fda7c72bff368a32c9cccabac
RF00005__5CCB_N__7EQJ_B__a1__reverse__rep3	RF00005__5CCB_N__7EQJ_B	reverse	3	RF00005__5CCB_N	22	G	23	N:22	yes	no	29	22	G	B:22	22	G	B:22	same_partner	NA	NA	yes	0	Rfam.seed.gz	15.1	41f014f4ab5628620935f089b1bb77987ebc162fda7c72bff368a32c9cccabac
RF00005__5CCB_N__7EQJ_B__a1__reverse__rep3	RF00005__5CCB_N__7EQJ_B	reverse	3	RF00005__5CCB_N	23	A	24	N:23	yes	no	30	23	A	B:23	23	A	B:23	same_partner	NA	NA	yes	0	Rfam.seed.gz	15.1	41f014f4ab5628620935f089b1bb77987ebc162fda7c72bff368a32c9cccabac
RF00005__5CCB_N__7EQJ_B__a1__reverse__rep3	RF00005__5CCB_N__7EQJ_B	reverse	3	RF00005__5CCB_N	24	G	25	N:24	yes	no	31	24	G	B:24	24	G	B:24	same_partner	NA	NA	yes	0	Rfam.seed.gz	15.1	41f014f4ab5628620935f089b1bb77987ebc162fda7c72bff368a32c9cccabac
RF00005__5CCB_N__7EQJ_B__a1__reverse__rep3	RF00005__5CCB_N__7EQJ_B	reverse	3	RF00005__5CCB_N	25	C	26	N:25	yes	no	32	25	C	B:25	25	C	B:25	same_partner	NA	NA	yes	0	Rfam.seed.gz	15.1	41f014f4ab5628620935f089b1bb77987ebc162fda7c72bff368a32c9cccabac
RF00005__5CCB_N__7EQJ_B__a1__reverse__rep3	RF00005__5CCB_N__7EQJ_B	reverse	3	RF00005__5CCB_N	26	A	27	N:26	yes	no	33	26	A	B:26	26	A	B:26	same_partner	NA	NA	yes	0	Rfam.seed.gz	15.1	41f014f4ab5628620935f089b1bb77987ebc162fda7c72bff368a32c9cccabac
RF00005__5CCB_N__7EQJ_B__a1__reverse__rep3	RF00005__5CCB_N__7EQJ_B	reverse	3	RF00005__5CCB_N	27	U	28	N:27	yes	no	35	27	C	B:27	27	C	B:27	same_partner	NA	NA	yes	0	Rfam.seed.gz	15.1	41f014f4ab5628620935f089b1bb77987ebc162fda7c72bff368a32c9cccabac
RF00005__5CCB_N__7EQJ_B__a1__reverse__rep3	RF00005__5CCB_N__7EQJ_B	reverse	3	RF00005__5CCB_N	28	C	29	N:28	yes	no	37	28	C	B:28	28	C	B:28	same_partner	NA	NA	yes	0	Rfam.seed.gz	15.1	41f014f4ab5628620935f089b1bb77987ebc162fda7c72bff368a32c9cccabac
RF00005__5CCB_N__7EQJ_B__a1__reverse__rep3	RF00005__5CCB_N__7EQJ_B	reverse	3	RF00005__5CCB_N	29	A	30	N:29	yes	no	38	29	U	B:29	29	U	B:29	same_partner	NA	NA	yes	0	Rfam.seed.gz	15.1	41f014f4ab5628620935f089b1bb77987ebc162fda7c72bff368a32c9cccabac
RF00005__5CCB_N__7EQJ_B__a1__reverse__rep3	RF00005__5CCB_N__7EQJ_B	reverse	3	RF00005__5CCB_N	30	G	31	N:30	yes	no	39	30	C	B:30	30	C	B:30	same_partner	NA	NA	yes	0	Rfam.seed.gz	15.1	41f014f4ab5628620935f089b1bb77987ebc162fda7c72bff368a32c9cccabac
RF00005__5CCB_N__7EQJ_B__a1__reverse__rep3	RF00005__5CCB_N__7EQJ_B	reverse	3	RF00005__5CCB_N	31	A	32	N:31	yes	no	40	31	C	B:31	31	C	B:31	same_partner	NA	NA	yes	0	Rfam.seed.gz	15.1	41f014f4ab5628620935f089b1bb77987ebc162fda7c72bff368a32c9cccabac
RF00005__5CCB_N__7EQJ_B__a1__reverse__rep3	RF00005__5CCB_N__7EQJ_B	reverse	3	RF00005__5CCB_N	32	C	33	N:32	yes	no	41	32	C	B:32	32	C	B:32	same_partner	NA	NA	yes	0	Rfam.seed.gz	15.1	41f014f4ab5628620935f089b1bb77987ebc162fda7c72bff368a32c9cccabac
RF00005__5CCB_N__7EQJ_B__a1__reverse__rep3	RF00005__5CCB_N__7EQJ_B	reverse	3	RF00005__5CCB_N	33	U	34	N:33	yes	no	43	33	U	B:33	33	U	B:33	same_partner	NA	NA	yes	0	Rfam.seed.gz	15.1	41f014f4ab5628620935f089b1bb77987ebc162fda7c72bff368a32c9cccabac
RF00005__5CCB_N__7EQJ_B__a1__reverse__rep3	RF00005__5CCB_N__7EQJ_B	reverse	3	RF00005__5CCB_N	34	U	35	N:34	yes	no	44	34	U	B:34	34	U	B:34	same_partner	NA	NA	yes	0	Rfam.seed.gz	15.1	41f014f4ab5628620935f089b1bb77987ebc162fda7c72bff368a32c9cccabac
RF00005__5CCB_N__7EQJ_B__a1__reverse__rep3	RF00005__5CCB_N__7EQJ_B	reverse	3	RF00005__5CCB_N	35	U	36	N:35	yes	no	45	35	A	B:35	35	A	B:35	same_partner	NA	NA	yes	0	Rfam.seed.gz	15.1	41f014f4ab5628620935f089b1bb77987ebc162fda7c72bff368a32c9cccabac
RF00005__5CCB_N__7EQJ_B__a1__reverse__rep3	RF00005__5CCB_N__7EQJ_B	reverse	3	RF00005__5CCB_N	36	U	37	N:36	yes	no	46	36	C	B:36	36	C	B:36	same_partner	NA	NA	yes	0	Rfam.seed.gz	15.1	41f014f4ab5628620935f089b1bb77987ebc162fda7c72bff368a32c9cccabac
RF00005__5CCB_N__7EQJ_B__a1__reverse__rep3	RF00005__5CCB_N__7EQJ_B	reverse	3	RF00005__5CCB_N	37	A	38	N:37	yes	no	47	37	A	B:37	37	A	B:37	same_partner	NA	NA	yes	0	Rfam.seed.gz	15.1	41f014f4ab5628620935f089b1bb77987ebc162fda7c72bff368a32c9cccabac
RF00005__5CCB_N__7EQJ_B__a1__reverse__rep3	RF00005__5CCB_N__7EQJ_B	reverse	3	RF00005__5CCB_N	38	A	39	N:38	yes	no	48	38	A	B:38	38	A	B:38	same_partner	NA	NA	yes	0	Rfam.seed.gz	15.1	41f014f4ab5628620935f089b1bb77987ebc162fda7c72bff368a32c9cccabac
RF00005__5CCB_N__7EQJ_B__a1__reverse__rep3	RF00005__5CCB_N__7EQJ_B	reverse	3	RF00005__5CCB_N	39	U	40	N:39	yes	no	49	39	G	B:39	39	G	B:39	same_partner	NA	NA	yes	0	Rfam.seed.gz	15.1	41f014f4ab5628620935f089b1bb77987ebc162fda7c72bff368a32c9cccabac
RF00005__5CCB_N__7EQJ_B__a1__reverse__rep3	RF00005__5CCB_N__7EQJ_B	reverse	3	RF00005__5CCB_N	40	C	41	N:40	yes	no	50	40	G	B:40	40	G	B:40	same_partner	NA	NA	yes	0	Rfam.seed.gz	15.1	41f014f4ab5628620935f089b1bb77987ebc162fda7c72bff368a32c9cccabac
RF00005__5CCB_N__7EQJ_B__a1__reverse__rep3	RF00005__5CCB_N__7EQJ_B	reverse	3	RF00005__5CCB_N	41	U	42	N:41	yes	no	51	41	A	B:41	41	A	B:41	same_partner	NA	NA	yes	0	Rfam.seed.gz	15.1	41f014f4ab5628620935f089b1bb77987ebc162fda7c72bff368a32c9cccabac
RF00005__5CCB_N__7EQJ_B__a1__reverse__rep3	RF00005__5CCB_N__7EQJ_B	reverse	3	RF00005__5CCB_N	42	G	43	N:42	yes	no	52	42	G	B:42	42	G	B:42	same_partner	NA	NA	yes	0	Rfam.seed.gz	15.1	41f014f4ab5628620935f089b1bb77987ebc162fda7c72bff368a32c9cccabac
RF00005__5CCB_N__7EQJ_B__a1__reverse__rep3	RF00005__5CCB_N__7EQJ_B	reverse	3	RF00005__5CCB_N	43	A	44	N:43	yes	no	54	43	G	B:43	43	G	B:43	same_partner	NA	NA	yes	0	Rfam.seed.gz	15.1	41f014f4ab5628620935f089b1bb77987ebc162fda7c72bff368a32c9cccabac
RF00005__5CCB_N__7EQJ_B__a1__reverse__rep3	RF00005__5CCB_N__7EQJ_B	reverse	3	RF00005__5CCB_N	44	G	45	N:44	yes	no	55	44	G	B:44	44	G	B:44	same_partner	NA	NA	yes	0	Rfam.seed.gz	15.1	41f014f4ab5628620935f089b1bb77987ebc162fda7c72bff368a32c9cccabac
RF00005__5CCB_N__7EQJ_B__a1__reverse__rep3	RF00005__5CCB_N__7EQJ_B	reverse	3	RF00005__5CCB_N	45	G	46	N:45	yes	no	56	45	G	B:45	45	G	B:45	same_partner	NA	NA	yes	0	Rfam.seed.gz	15.1	41f014f4ab5628620935f089b1bb77987ebc162fda7c72bff368a32c9cccabac
RF00005__5CCB_N__7EQJ_B__a1__reverse__rep3	RF00005__5CCB_N__7EQJ_B	reverse	3	RF00005__5CCB_N	46	G	47	N:46	yes	no	81	46	G	B:46	46	G	B:46	same_partner	NA	NA	yes	0	Rfam.seed.gz	15.1	41f014f4ab5628620935f089b1bb77987ebc162fda7c72bff368a32c9cccabac
RF00005__5CCB_N__7EQJ_B__a1__reverse__rep3	RF00005__5CCB_N__7EQJ_B	reverse	3	RF00005__5CCB_N	47	U	48	N:47	yes	no	82	47	U	B:47	47	U	B:47	same_partner	NA	NA	yes	0	Rfam.seed.gz	15.1	41f014f4ab5628620935f089b1bb77987ebc162fda7c72bff368a32c9cccabac
RF00005__5CCB_N__7EQJ_B__a1__reverse__rep3	RF00005__5CCB_N__7EQJ_B	reverse	3	RF00005__5CCB_N	48	C	49	N:48	yes	no	85	48	C	B:48	48	C	B:48	same_partner	NA	NA	yes	0	Rfam.seed.gz	15.1	41f014f4ab5628620935f089b1bb77987ebc162fda7c72bff368a32c9cccabac
RF00005__5CCB_N__7EQJ_B__a1__reverse__rep3	RF00005__5CCB_N__7EQJ_B	reverse	3	RF00005__5CCB_N	49	C	50	N:49	yes	no	86	49	G	B:49	49	G	B:49	same_partner	NA	NA	yes	0	Rfam.seed.gz	15.1	41f014f4ab5628620935f089b1bb77987ebc162fda7c72bff368a32c9cccabac
RF00005__5CCB_N__7EQJ_B__a1__reverse__rep3	RF00005__5CCB_N__7EQJ_B	reverse	3	RF00005__5CCB_N	50	A	51	N:50	yes	no	87	50	G	B:50	50	G	B:50	same_partner	NA	NA	yes	0	Rfam.seed.gz	15.1	41f014f4ab5628620935f089b1bb77987ebc162fda7c72bff368a32c9cccabac
RF00005__5CCB_N__7EQJ_B__a1__reverse__rep3	RF00005__5CCB_N__7EQJ_B	reverse	3	RF00005__5CCB_N	51	G	52	N:51	yes	no	88	51	C	B:51	51	C	B:51	same_partner	NA	NA	yes	0	Rfam.seed.gz	15.1	41f014f4ab5628620935f089b1bb77987ebc162fda7c72bff368a32c9cccabac
RF00005__5CCB_N__7EQJ_B__a1__reverse__rep3	RF00005__5CCB_N__7EQJ_B	reverse	3	RF00005__5CCB_N	52	G	53	N:52	yes	no	90	52	G	B:52	52	G	B:52	same_partner	NA	NA	yes	0	Rfam.seed.gz	15.1	41f014f4ab5628620935f089b1bb77987ebc162fda7c72bff368a32c9cccabac
RF00005__5CCB_N__7EQJ_B__a1__reverse__rep3	RF00005__5CCB_N__7EQJ_B	reverse	3	RF00005__5CCB_N	53	G	54	N:53	yes	no	91	53	G	B:53	53	G	B:53	same_partner	NA	NA	yes	0	Rfam.seed.gz	15.1	41f014f4ab5628620935f089b1bb77987ebc162fda7c72bff368a32c9cccabac
RF00005__5CCB_N__7EQJ_B__a1__reverse__rep3	RF00005__5CCB_N__7EQJ_B	reverse	3	RF00005__5CCB_N	54	U	55	N:54	yes	no	92	54	U	B:54	NA	NA	NA	rfam_only	NA	algorithm_omission	yes	NA	Rfam.seed.gz	15.1	41f014f4ab5628620935f089b1bb77987ebc162fda7c72bff368a32c9cccabac
RF00005__5CCB_N__7EQJ_B__a1__reverse__rep3	RF00005__5CCB_N__7EQJ_B	reverse	3	RF00005__5CCB_N	55	U	56	N:55	yes	no	94	55	U	B:55	NA	NA	NA	rfam_only	NA	algorithm_omission	yes	NA	Rfam.seed.gz	15.1	41f014f4ab5628620935f089b1bb77987ebc162fda7c72bff368a32c9cccabac
RF00005__5CCB_N__7EQJ_B__a1__reverse__rep3	RF00005__5CCB_N__7EQJ_B	reverse	3	RF00005__5CCB_N	56	C	57	N:56	yes	no	95	56	C	B:56	54	U	B:54	different_partner	NA	NA	yes	-2	Rfam.seed.gz	15.1	41f014f4ab5628620935f089b1bb77987ebc162fda7c72bff368a32c9cccabac
RF00005__5CCB_N__7EQJ_B__a1__reverse__rep3	RF00005__5CCB_N__7EQJ_B	reverse	3	RF00005__5CCB_N	57	A	58	N:57	yes	no	96	57	G	B:57	55	U	B:55	different_partner	NA	NA	yes	-2	Rfam.seed.gz	15.1	41f014f4ab5628620935f089b1bb77987ebc162fda7c72bff368a32c9cccabac
RF00005__5CCB_N__7EQJ_B__a1__reverse__rep3	RF00005__5CCB_N__7EQJ_B	reverse	3	RF00005__5CCB_N	58	A	59	N:58	yes	no	98	58	A	B:58	56	C	B:56	different_partner	NA	NA	yes	-2	Rfam.seed.gz	15.1	41f014f4ab5628620935f089b1bb77987ebc162fda7c72bff368a32c9cccabac
RF00005__5CCB_N__7EQJ_B__a1__reverse__rep3	RF00005__5CCB_N__7EQJ_B	reverse	3	RF00005__5CCB_N	59	G	60	N:59	yes	no	99	59	U	B:59	57	G	B:57	different_partner	NA	NA	yes	-2	Rfam.seed.gz	15.1	41f014f4ab5628620935f089b1bb77987ebc162fda7c72bff368a32c9cccabac
RF00005__5CCB_N__7EQJ_B__a1__reverse__rep3	RF00005__5CCB_N__7EQJ_B	reverse	3	RF00005__5CCB_N	60	U	61	N:60	yes	no	102	60	C	B:60	NA	NA	NA	rfam_only	NA	algorithm_omission	yes	NA	Rfam.seed.gz	15.1	41f014f4ab5628620935f089b1bb77987ebc162fda7c72bff368a32c9cccabac
RF00005__5CCB_N__7EQJ_B__a1__reverse__rep3	RF00005__5CCB_N__7EQJ_B	reverse	3	RF00005__5CCB_N	61	C	62	N:61	yes	no	103	61	C	B:61	61	C	B:61	same_partner	NA	NA	yes	0	Rfam.seed.gz	15.1	41f014f4ab5628620935f089b1bb77987ebc162fda7c72bff368a32c9cccabac
RF00005__5CCB_N__7EQJ_B__a1__reverse__rep3	RF00005__5CCB_N__7EQJ_B	reverse	3	RF00005__5CCB_N	62	C	63	N:62	yes	no	104	62	C	B:62	62	C	B:62	same_partner	NA	NA	yes	0	Rfam.seed.gz	15.1	41f014f4ab5628620935f089b1bb77987ebc162fda7c72bff368a32c9cccabac
RF00005__5CCB_N__7EQJ_B__a1__reverse__rep3	RF00005__5CCB_N__7EQJ_B	reverse	3	RF00005__5CCB_N	63	C	64	N:63	yes	no	105	63	G	B:63	63	G	B:63	same_partner	NA	NA	yes	0	Rfam.seed.gz	15.1	41f014f4ab5628620935f089b1bb77987ebc162fda7c72bff368a32c9cccabac
RF00005__5CCB_N__7EQJ_B__a1__reverse__rep3	RF00005__5CCB_N__7EQJ_B	reverse	3	RF00005__5CCB_N	64	U	65	N:64	yes	no	106	64	U	B:64	64	U	B:64	same_partner	NA	NA	yes	0	Rfam.seed.gz	15.1	41f014f4ab5628620935f089b1bb77987ebc162fda7c72bff368a32c9cccabac
RF00005__5CCB_N__7EQJ_B__a1__reverse__rep3	RF00005__5CCB_N__7EQJ_B	reverse	3	RF00005__5CCB_N	65	G	66	N:65	yes	no	108	65	C	B:65	65	C	B:65	same_partner	NA	NA	yes	0	Rfam.seed.gz	15.1	41f014f4ab5628620935f089b1bb77987ebc162fda7c72bff368a32c9cccabac
RF00005__5CCB_N__7EQJ_B__a1__reverse__rep3	RF00005__5CCB_N__7EQJ_B	reverse	3	RF00005__5CCB_N	66	U	67	N:66	yes	no	110	66	A	B:66	66	A	B:66	same_partner	NA	NA	yes	0	Rfam.seed.gz	15.1	41f014f4ab5628620935f089b1bb77987ebc162fda7c72bff368a32c9cccabac
RF00005__5CCB_N__7EQJ_B__a1__reverse__rep3	RF00005__5CCB_N__7EQJ_B	reverse	3	RF00005__5CCB_N	67	U	68	N:67	yes	no	111	67	U	B:67	67	U	B:67	same_partner	NA	NA	yes	0	Rfam.seed.gz	15.1	41f014f4ab5628620935f089b1bb77987ebc162fda7c72bff368a32c9cccabac
RF00005__5CCB_N__7EQJ_B__a1__reverse__rep3	RF00005__5CCB_N__7EQJ_B	reverse	3	RF00005__5CCB_N	68	C	69	N:68	yes	no	112	68	C	B:68	68	C	B:68	same_partner	NA	NA	yes	0	Rfam.seed.gz	15.1	41f014f4ab5628620935f089b1bb77987ebc162fda7c72bff368a32c9cccabac
RF00005__5CCB_N__7EQJ_B__a1__reverse__rep3	RF00005__5CCB_N__7EQJ_B	reverse	3	RF00005__5CCB_N	69	G	70	N:69	yes	no	113	69	A	B:69	69	A	B:69	same_partner	NA	NA	yes	0	Rfam.seed.gz	15.1	41f014f4ab5628620935f089b1bb77987ebc162fda7c72bff368a32c9cccabac
RF00005__5CCB_N__7EQJ_B__a1__reverse__rep3	RF00005__5CCB_N__7EQJ_B	reverse	3	RF00005__5CCB_N	70	G	71	N:70	yes	no	114	70	C	B:70	70	C	B:70	same_partner	NA	NA	yes	0	Rfam.seed.gz	15.1	41f014f4ab5628620935f089b1bb77987ebc162fda7c72bff368a32c9cccabac
RF00005__5CCB_N__7EQJ_B__a1__reverse__rep3	RF00005__5CCB_N__7EQJ_B	reverse	3	RF00005__5CCB_N	71	G	72	N:71	yes	no	115	71	C	B:71	71	C	B:71	same_partner	NA	NA	yes	0	Rfam.seed.gz	15.1	41f014f4ab5628620935f089b1bb77987ebc162fda7c72bff368a32c9cccabac
RF00005__5CCB_N__7EQJ_B__a1__reverse__rep3	RF00005__5CCB_N__7EQJ_B	reverse	3	RF00005__5CCB_N	72	C	73	N:72	yes	no	116	72	C	B:72	72	C	B:72	same_partner	NA	NA	yes	0	Rfam.seed.gz	15.1	41f014f4ab5628620935f089b1bb77987ebc162fda7c72bff368a32c9cccabac
RF00005__5CCB_N__7EQJ_B__a1__reverse__rep3	RF00005__5CCB_N__7EQJ_B	reverse	3	RF00005__5CCB_N	73	G	74	N:73	yes	no	118	73	A	B:73	73	A	B:73	same_partner	NA	NA	yes	0	Rfam.seed.gz	15.1	41f014f4ab5628620935f089b1bb77987ebc162fda7c72bff368a32c9cccabac
