rep_id	rfam_acc	row_name	row_index1	row_coordinate	row_nt	original_column	reference_source	rfam_release	seed_sha256	pdb_id	model	label_asym_id	auth_asym_id	entity_id	deposited_index1	label_seq_id	auth_seq_id	ins_code	scheme_auth_seq_num	scheme_pdb_seq_num	comp_id	parent_nt	modified	engineered_masked	observed	star3d_atoms_complete	star3d_index0	star3d_resid	identity_check
RF00162__2GIS_A	RF00162	URS000080DF35_32630/1-94	1	1	G	1	Rfam.seed.gz	15.1	41f014f4ab5628620935f089b1bb77987ebc162fda7c72bff368a32c9cccabac	2GIS	1	A	A	1	1	1	1	NA	1	1	G	G	no	yes	yes	yes	0	A:1	ok
RF00162__2GIS_A	RF00162	URS000080DF35_32630/1-94	2	2	G	3	Rfam.seed.gz	15.1	41f014f4ab5628620935f089b1bb77987ebc162fda7c72bff368a32c9cccabac	2GIS	1	A	A	1	2	2	2	NA	2	2	G	G	no	yes	yes	yes	1	A:2	ok
RF00162__2GIS_A	RF00162	URS000080DF35_32630/1-94	3	3	C	4	Rfam.seed.gz	15.1	41f014f4ab5628620935f089b1bb77987ebc162fda7c72bff368a32c9cccabac	2GIS	1	A	A	1	3	3	3	NA	3	3	C	C	no	no	yes	yes	2	A:3	ok
RF00162__2GIS_A	RF00162	URS000080DF35_32630/1-94	4	4	U	5	Rfam.seed.gz	15.1	41f014f4ab5628620935f089b1bb77987ebc162fda7c72bff368a32c9cccabac	2GIS	1	A	A	1	4	4	4	NA	4	4	U	U	no	no	yes	yes	3	A:4	ok
RF00162__2GIS_A	RF00162	URS000080DF35_32630/1-94	5	5	U	6	Rfam.seed.gz	15.1	41f014f4ab5628620935f089b1bb77987ebc162fda7c72bff368a32c9cccabac	2GIS	1	A	A	1	5	5	5	NA	5	5	U	U	no	no	yes	yes	4	A:5	ok
RF00162__2GIS_A	RF00162	URS000080DF35_32630/1-94	6	6	A	7	Rfam.seed.gz	15.1	41f014f4ab5628620935f089b1bb77987ebc162fda7c72bff368a32c9cccabac	2GIS	1	A	A	1	6	6	6	NA	6	6	A	A	no	no	yes	yes	5	A:6	ok
RF00162__2GIS_A	RF00162	URS000080DF35_32630/1-94	7	7	U	8	Rfam.seed.gz	15.1	41f014f4ab5628620935f089b1bb77987ebc162fda7c72bff368a32c9cccabac	2GIS	1	A	A	1	7	7	7	NA	7	7	U	U	no	no	yes	yes	6	A:7	ok
RF00162__2GIS_A	RF00162	URS000080DF35_32630/1-94	8	8	C	9	Rfam.seed.gz	15.1	41f014f4ab5628620935f089b1bb77987ebc162fda7c72bff368a32c9cccabac	2GIS	1	A	A	1	8	8	8	NA	8	8	C	C	no	no	yes	yes	7	A:8	ok
RF00162__2GIS_A	RF00162	URS000080DF35_32630/1-94	9	9	A	10	Rfam.seed.gz	15.1	41f014f4ab5628620935f089b1bb77987ebc162fda7c72bff368a32c9cccabac	2GIS	1	A	A	1	9	9	9	NA	9	9	A	A	no	no	yes	yes	8	A:9	ok
RF00162__2GIS_A	RF00162	URS000080DF35_32630/1-94	10	10	A	11	Rfam.seed.gz	15.1	41f014f4ab5628620935f089b1bb77987ebc162fda7c72bff368a32c9cccabac	2GIS	1	A	A	1	10	10	10	NA	10	10	A	A	no	no	yes	yes	9	A:10	ok
RF00162__2GIS_A	RF00162	URS000080DF35_32630/1-94	11	11	G	12	Rfam.seed.gz	15.1	41f014f4ab5628620935f089b1bb77987ebc162fda7c72bff368a32c9cccabac	2GIS	1	A	A	1	11	11	11	NA	11	11	G	G	no	no	yes	yes	10	A:11	ok
RF00162__2GIS_A	RF00162	URS000080DF35_32630/1-94	12	12	A	13	Rfam.seed.gz	15.1	41f014f4ab5628620935f089b1bb77987ebc162fda7c72bff368a32c9cccabac	2GIS	1	A	A	1	12	12	12	NA	12	12	A	A	no	no	yes	yes	11	A:12	ok
RF00162__2GIS_A	RF00162	URS000080DF35_32630/1-94	13	13	G	14	Rfam.seed.gz	15.1	41f014f4ab5628620935f089b1bb77987ebc162fda7c72bff368a32c9cccabac	2GIS	1	A	A	1	13	13	13	NA	13	13	G	G	no	no	yes	yes	12	A:13	ok
RF00162__2GIS_A	RF00162	URS000080DF35_32630/1-94	14	14	A	16	Rfam.seed.gz	15.1	41f014f4ab5628620935f089b1bb77987ebc162fda7c72bff368a32c9cccabac	2GIS	1	A	A	1	14	14	14	NA	14	14	A	A	no	no	yes	yes	13	A:14	ok
RF00162__2GIS_A	RF00162	URS000080DF35_32630/1-94	15	15	G	17	Rfam.seed.gz	15.1	41f014f4ab5628620935f089b1bb77987ebc162fda7c72bff368a32c9cccabac	2GIS	1	A	A	1	15	15	15	NA	15	15	G	G	no	no	yes	yes	14	A:15	ok
RF00162__2GIS_A	RF00162	URS000080DF35_32630/1-94	16	16	G	18	Rfam.seed.gz	15.1	41f014f4ab5628620935f089b1bb77987ebc162fda7c72bff368a32c9cccabac	2GIS	1	A	A	1	16	16	16	NA	16	16	G	G	no	no	yes	yes	15	A:16	ok
RF00162__2GIS_A	RF00162	URS000080DF35_32630/1-94	17	17	U	20	Rfam.seed.gz	15.1	41f014f4ab5628620935f089b1bb77987ebc162fda7c72bff368a32c9cccabac	2GIS	1	A	A	1	17	17	17	NA	17	17	U	U	no	no	yes	yes	16	A:17	ok
RF00162__2GIS_A	RF00162	URS000080DF35_32630/1-94	18	18	G	22	Rfam.seed.gz	15.1	41f014f4ab5628620935f089b1bb77987ebc162fda7c72bff368a32c9cccabac	2GIS	1	A	A	1	18	18	18	NA	18	18	G	G	no	no	yes	yes	17	A:18	ok
RF00162__2GIS_A	RF00162	URS000080DF35_32630/1-94	19	19	G	23	Rfam.seed.gz	15.1	41f014f4ab5628620935f089b1bb77987ebc162fda7c72bff368a32c9cccabac	2GIS	1	A	A	1	19	19	19	NA	19	19	G	G	no	no	yes	yes	18	A:19	ok
RF00162__2GIS_A	RF00162	URS000080DF35_32630/1-94	20	20	A	41	Rfam.seed.gz	15.1	41f014f4ab5628620935f089b1bb77987ebc162fda7c72bff368a32c9cccabac	2GIS	1	A	A	1	20	20	20	NA	20	20	A	A	no	no	yes	yes	19	A:20	ok
RF00162__2GIS_A	RF00162	URS000080DF35_32630/1-94	21	21	G	42	Rfam.seed.gz	15.1	41f014f4ab5628620935f089b1bb77987ebc162fda7c72bff368a32c9cccabac	2GIS	1	A	A	1	21	21	21	NA	21	21	G	G	no	no	yes	yes	20	A:21	ok
RF00162__2GIS_A	RF00162	URS000080DF35_32630/1-94	22	22	G	43	Rfam.seed.gz	15.1	41f014f4ab5628620935f089b1bb77987ebc162fda7c72bff368a32c9cccabac	2GIS	1	A	A	1	22	22	22	NA	22	22	G	G	no	no	yes	yes	21	A:22	ok
RF00162__2GIS_A	RF00162	URS000080DF35_32630/1-94	23	23	G	44	Rfam.seed.gz	15.1	41f014f4ab5628620935f089b1bb77987ebc162fda7c72bff368a32c9cccabac	2GIS	1	A	A	1	23	23	23	NA	23	23	G	G	no	no	yes	yes	22	A:23	ok
RF00162__2GIS_A	RF00162	URS000080DF35_32630/1-94	24	24	A	45	Rfam.seed.gz	15.1	41f014f4ab5628620935f089b1bb77987ebc162fda7c72bff368a32c9cccabac	2GIS	1	A	A	1	24	24	24	NA	24	24	A	A	no	no	yes	yes	23	A:24	ok
RF00162__2GIS_A	RF00162	URS000080DF35_32630/1-94	25	25	C	48	Rfam.seed.gz	15.1	41f014f4ab5628620935f089b1bb77987ebc162fda7c72bff368a32c9cccabac	2GIS	1	A	A	1	25	25	25	NA	25	25	C	C	no	no	yes	yes	24	A:25	ok
RF00162__2GIS_A	RF00162	URS000080DF35_32630/1-94	26	26	U	49	Rfam.seed.gz	15.1	41f014f4ab5628620935f089b1bb77987ebc162fda7c72bff368a32c9cccabac	2GIS	1	A	A	1	26	26	26	NA	26	26	U	U	no	no	yes	yes	25	A:26	ok
RF00162__2GIS_A	RF00162	URS000080DF35_32630/1-94	27	27	G	50	Rfam.seed.gz	15.1	41f014f4ab5628620935f089b1bb77987ebc162fda7c72bff368a32c9cccabac	2GIS	1	A	A	1	27	27	27	NA	27	27	G	G	no	no	yes	yes	26	A:27	ok
RF00162__2GIS_A	RF00162	URS000080DF35_32630/1-94	28	28	G	51	Rfam.seed.gz	15.1	41f014f4ab5628620935f089b1bb77987ebc162fda7c72bff368a32c9cccabac	2GIS	1	A	A	1	28	28	28	NA	28	28	G	G	no	no	yes	yes	27	A:28	ok
RF00162__2GIS_A	RF00162	URS000080DF35_32630/1-94	29	29	C	53	Rfam.seed.gz	15.1	41f014f4ab5628620935f089b1bb77987ebc162fda7c72bff368a32c9cccabac	2GIS	1	A	A	1	29	29	29	NA	29	29	C	C	no	no	yes	yes	28	A:29	ok
RF00162__2GIS_A	RF00162	URS000080DF35_32630/1-94	30	30	C	54	Rfam.seed.gz	15.1	41f014f4ab5628620935f089b1bb77987ebc162fda7c72bff368a32c9cccabac	2GIS	1	A	A	1	30	30	30	NA	30	30	C	C	no	no	yes	yes	29	A:30	ok
RF00162__2GIS_A	RF00162	URS000080DF35_32630/1-94	31	31	C	55	Rfam.seed.gz	15.1	41f014f4ab5628620935f089b1bb77987ebc162fda7c72bff368a32c9cccabac	2GIS	1	A	A	1	31	31	31	NA	31	31	C	C	no	no	yes	yes	30	A:31	ok
RF00162__2GIS_A	RF00162	URS000080DF35_32630/1-94	32	32	G	56	Rfam.seed.gz	15.1	41f014f4ab5628620935f089b1bb77987ebc162fda7c72bff368a32c9cccabac	2GIS	1	A	A	1	32	32	32	NA	32	32	G	G	no	no	yes	yes	31	A:32	ok
RF00162__2GIS_A	RF00162	URS000080DF35_32630/1-94	33	33	A	57	Rfam.seed.gz	15.1	41f014f4ab5628620935f089b1bb77987ebc162fda7c72bff368a32c9cccabac	2GIS	1	A	A	1	33	33	33	NA	33	33	A	A	no	no	yes	yes	32	A:33	ok
RF00162__2GIS_A	RF00162	URS000080DF35_32630/1-94	34	34	U	60	Rfam.seed.gz	15.1	41f014f4ab5628620935f089b1bb77987ebc162fda7c72bff368a32c9cccabac	2GIS	1	A	A	1	34	34	34	NA	34	34	U	U	no	no	yes	yes	33	A:34	ok
RF00162__2GIS_A	RF00162	URS000080DF35_32630/1-94	35	35	G	61	Rfam.seed.gz	15.1	41f014f4ab5628620935f089b1bb77987ebc162fda7c72bff368a32c9cccabac	2GIS	1	A	A	1	35	35	35	NA	35	35	G	G	no	no	yes	yes	34	A:35	ok
RF00162__2GIS_A	RF00162	URS000080DF35_32630/1-94	36	36	A	62	Rfam.seed.gz	15.1	41f014f4ab5628620935f089b1bb77987ebc162fda7c72bff368a32c9cccabac	2GIS	1	A	A	1	36	36	36	NA	36	36	A	A	no	no	yes	yes	35	A:36	ok
RF00162__2GIS_A	RF00162	URS000080DF35_32630/1-94	37	37	A	63	Rfam.seed.gz	15.1	41f014f4ab5628620935f089b1bb77987ebc162fda7c72bff368a32c9cccabac	2GIS	1	A	A	1	37	37	37	NA	37	37	A	A	no	no	yes	yes	36	A:37	ok
RF00162__2GIS_A	RF00162	URS000080DF35_32630/1-94	38	38	A	65	Rfam.seed.gz	15.1	41f014f4ab5628620935f089b1bb77987ebc162fda7c72bff368a32c9cccabac	2GIS	1	A	A	1	38	38	38	NA	38	38	A	A	no	no	yes	yes	37	A:38	ok
RF00162__2GIS_A	RF00162	URS000080DF35_32630/1-94	39	39	C	66	Rfam.seed.gz	15.1	41f014f4ab5628620935f089b1bb77987ebc162fda7c72bff368a32c9cccabac	2GIS	1	A	A	1	39	39	39	NA	39	39	C	C	no	no	yes	yes	38	A:39	ok
RF00162__2GIS_A	RF00162	URS000080DF35_32630/1-94	40	40	C	67	Rfam.seed.gz	15.1	41f014f4ab5628620935f089b1bb77987ebc162fda7c72bff368a32c9cccabac	2GIS	1	A	A	1	40	40	40	NA	40	40	C	C	no	no	yes	yes	39	A:40	ok
RF00162__2GIS_A	RF00162	URS000080DF35_32630/1-94	41	41	C	70	Rfam.seed.gz	15.1	41f014f4ab5628620935f089b1bb77987ebc162fda7c72bff368a32c9cccabac	2GIS	1	A	A	1	41	41	41	NA	41	41	C	C	no	no	yes	yes	40	A:41	ok
RF00162__2GIS_A	RF00162	URS000080DF35_32630/1-94	42	42	G	71	Rfam.seed.gz	15.1	41f014f4ab5628620935f089b1bb77987ebc162fda7c72bff368a32c9cccabac	2GIS	1	A	A	1	42	42	42	NA	42	42	G	G	no	no	yes	yes	41	A:42	ok
RF00162__2GIS_A	RF00162	URS000080DF35_32630/1-94	43	43	G	72	Rfam.seed.gz	15.1	41f014f4ab5628620935f089b1bb77987ebc162fda7c72bff368a32c9cccabac	2GIS	1	A	A	1	43	43	43	NA	43	43	G	G	no	no	yes	yes	42	A:43	ok
RF00162__2GIS_A	RF00162	URS000080DF35_32630/1-94	44	44	C	73	Rfam.seed.gz	15.1	41f014f4ab5628620935f089b1bb77987ebc162fda7c72bff368a32c9cccabac	2GIS	1	A	A	1	44	44	44	NA	44	44	C	C	no	no	yes	yes	43	A:44	ok
RF00162__2GIS_A	RF00162	URS000080DF35_32630/1-94	45	45	A	74	Rfam.seed.gz	15.1	41f014f4ab5628620935f089b1bb77987ebc162fda7c72bff368a32c9cccabac	2GIS	1	A	A	1	45	45	45	NA	45	45	A	A	no	no	yes	yes	44	A:45	ok
RF00162__2GIS_A	RF00162	URS000080DF35_32630/1-94	46	46	A	75	Rfam.seed.gz	15.1	41f014f4ab5628620935f089b1bb77987ebc162fda7c72bff368a32c9cccabac	2GIS	1	A	A	1	46	46	46	NA	46	46	A	A	no	no	yes	yes	45	A:46	ok
RF00162__2GIS_A	RF00162	URS000080DF35_32630/1-94	47	47	C	76	Rfam.seed.gz	15.1	41f014f4ab5628620935f089b1bb77987ebc162fda7c72bff368a32c9cccabac	2GIS	1	A	A	1	47	47	47	NA	47	47	C	C	no	no	yes	yes	46	A:47	ok
RF00162__2GIS_A	RF00162	URS000080DF35_32630/1-94	48	48	C	77	Rfam.seed.gz	15.1	41f014f4ab5628620935f089b1bb77987ebc162fda7c72bff368a32c9cccabac	2GIS	1	A	A	1	48	48	48	NA	48	48	C	C	no	no	yes	yes	47	A:48	ok
RF00162__2GIS_A	RF00162	URS000080DF35_32630/1-94	49	49	A	148	Rfam.seed.gz	15.1	41f014f4ab5628620935f089b1bb77987ebc162fda7c72bff368a32c9cccabac	2GIS	1	A	A	1	49	49	49	NA	49	49	A	A	no	yes	yes	yes	48	A:49	ok
RF00162__2GIS_A	RF00162	URS000080DF35_32630/1-94	50	50	G	149	Rfam.seed.gz	15.1	41f014f4ab5628620935f089b1bb77987ebc162fda7c72bff368a32c9cccabac	2GIS	1	A	A	1	50	50	50	NA	50	50	G	G	no	yes	yes	yes	49	A:50	ok
RF00162__2GIS_A	RF00162	URS000080DF35_32630/1-94	51	51	A	150	Rfam.seed.gz	15.1	41f014f4ab5628620935f089b1bb77987ebc162fda7c72bff368a32c9cccabac	2GIS	1	A	A	1	51	51	51	NA	51	51	A	A	no	yes	yes	yes	50	A:51	ok
RF00162__2GIS_A	RF00162	URS000080DF35_32630/1-94	52	52	A	151	Rfam.seed.gz	15.1	41f014f4ab5628620935f089b1bb77987ebc162fda7c72bff368a32c9cccabac	2GIS	1	A	A	1	52	52	52	NA	52	52	A	A	no	yes	yes	yes	51	A:52	ok
RF00162__2GIS_A	RF00162	URS000080DF35_32630/1-94	53	53	A	156	Rfam.seed.gz	15.1	41f014f4ab5628620935f089b1bb77987ebc162fda7c72bff368a32c9cccabac	2GIS	1	A	A	1	53	53	53	NA	53	53	A	A	no	no	yes	yes	52	A:53	ok
RF00162__2GIS_A	RF00162	URS000080DF35_32630/1-94	54	54	U	157	Rfam.seed.gz	15.1	41f014f4ab5628620935f089b1bb77987ebc162fda7c72bff368a32c9cccabac	2GIS	1	A	A	1	54	54	54	NA	54	54	U	U	no	no	yes	yes	53	A:54	ok
RF00162__2GIS_A	RF00162	URS000080DF35_32630/1-94	55	55	G	160	Rfam.seed.gz	15.1	41f014f4ab5628620935f089b1bb77987ebc162fda7c72bff368a32c9cccabac	2GIS	1	A	A	1	55	55	55	NA	55	55	G	G	no	no	yes	yes	54	A:55	ok
RF00162__2GIS_A	RF00162	URS000080DF35_32630/1-94	56	56	G	161	Rfam.seed.gz	15.1	41f014f4ab5628620935f089b1bb77987ebc162fda7c72bff368a32c9cccabac	2GIS	1	A	A	1	56	56	56	NA	56	56	G	G	no	no	yes	yes	55	A:56	ok
RF00162__2GIS_A	RF00162	URS000080DF35_32630/1-94	57	57	U	162	Rfam.seed.gz	15.1	41f014f4ab5628620935f089b1bb77987ebc162fda7c72bff368a32c9cccabac	2GIS	1	A	A	1	57	57	57	NA	57	57	U	U	no	no	yes	yes	56	A:57	ok
RF00162__2GIS_A	RF00162	URS000080DF35_32630/1-94	58	58	G	163	Rfam.seed.gz	15.1	41f014f4ab5628620935f089b1bb77987ebc162fda7c72bff368a32c9cccabac	2GIS	1	A	A	1	58	58	58	NA	58	58	G	G	no	no	yes	yes	57	A:58	ok
RF00162__2GIS_A	RF00162	URS000080DF35_32630/1-94	59	59	C	164	Rfam.seed.gz	15.1	41f014f4ab5628620935f089b1bb77987ebc162fda7c72bff368a32c9cccabac	2GIS	1	A	A	1	59	59	59	NA	59	59	C	C	no	no	yes	yes	58	A:59	ok
RF00162__2GIS_A	RF00162	URS000080DF35_32630/1-94	60	60	C	165	Rfam.seed.gz	15.1	41f014f4ab5628620935f089b1bb77987ebc162fda7c72bff368a32c9cccabac	2GIS	1	A	A	1	60	60	60	NA	60	60	C	C	no	no	yes	yes	59	A:60	ok
RF00162__2GIS_A	RF00162	URS000080DF35_32630/1-94	61	61	A	166	Rfam.seed.gz	15.1	41f014f4ab5628620935f089b1bb77987ebc162fda7c72bff368a32c9cccabac	2GIS	1	A	A	1	61	61	61	NA	61	61	A	A	no	no	yes	yes	60	A:61	ok
RF00162__2GIS_A	RF00162	URS000080DF35_32630/1-94	62	62	A	168	Rfam.seed.gz	15.1	41f014f4ab5628620935f089b1bb77987ebc162fda7c72bff368a32c9cccabac	2GIS	1	A	A	1	62	62	62	NA	62	62	A	A	no	no	yes	yes	61	A:62	ok
RF00162__2GIS_A	RF00162	URS000080DF35_32630/1-94	63	63	U	169	Rfam.seed.gz	15.1	41f014f4ab5628620935f089b1bb77987ebc162fda7c72bff368a32c9cccabac	2GIS	1	A	A	1	63	63	63	NA	63	63	U	U	no	no	yes	yes	62	A:63	ok
RF00162__2GIS_A	RF00162	URS000080DF35_32630/1-94	64	64	U	170	Rfam.seed.gz	15.1	41f014f4ab5628620935f089b1bb77987ebc162fda7c72bff368a32c9cccabac	2GIS	1	A	A	1	64	64	64	NA	64	64	U	U	no	no	yes	yes	63	A:64	ok
RF00162__2GIS_A	RF00162	URS000080DF35_32630/1-94	65	65	C	171	Rfam.seed.gz	15.1	41f014f4ab5628620935f089b1bb77987ebc162fda7c72bff368a32c9cccabac	2GIS	1	A	A	1	65	65	65	NA	65	65	C	C	no	no	yes	yes	64	A:65	ok
RF00162__2GIS_A	RF00162	URS000080DF35_32630/1-94	66	66	C	174	Rfam.seed.gz	15.1	41f014f4ab5628620935f089b1bb77987ebc162fda7c72bff368a32c9cccabac	2GIS	1	A	A	1	66	66	66	NA	66	66	C	C	no	no	yes	yes	65	A:66	ok
RF00162__2GIS_A	RF00162	URS000080DF35_32630/1-94	67	67	U	175	Rfam.seed.gz	15.1	41f014f4ab5628620935f089b1bb77987ebc162fda7c72bff368a32c9cccabac	2GIS	1	A	A	1	67	67	67	NA	67	67	U	U	no	no	yes	yes	66	A:67	ok
RF00162__2GIS_A	RF00162	URS000080DF35_32630/1-94	68	68	G	176	Rfam.seed.gz	15.1	41f014f4ab5628620935f089b1bb77987ebc162fda7c72bff368a32c9cccabac	2GIS	1	A	A	1	68	68	68	NA	68	68	G	G	no	no	yes	yes	67	A:68	ok
RF00162__2GIS_A	RF00162	URS000080DF35_32630/1-94	69	69	C	178	Rfam.seed.gz	15.1	41f014f4ab5628620935f089b1bb77987ebc162fda7c72bff368a32c9cccabac	2GIS	1	A	A	1	69	69	69	NA	69	69	C	C	no	no	yes	yes	68	A:69	ok
RF00162__2GIS_A	RF00162	URS000080DF35_32630/1-94	70	70	A	179	Rfam.seed.gz	15.1	41f014f4ab5628620935f089b1bb77987ebc162fda7c72bff368a32c9cccabac	2GIS	1	A	A	1	70	70	70	NA	70	70	A	A	no	no	yes	yes	69	A:70	ok
RF00162__2GIS_A	RF00162	URS000080DF35_32630/1-94	71	71	G	180	Rfam.seed.gz	15.1	41f014f4ab5628620935f089b1bb77987ebc162fda7c72bff368a32c9cccabac	2GIS	1	A	A	1	71	71	71	NA	71	71	G	G	no	no	yes	yes	70	A:71	ok
RF00162__2GIS_A	RF00162	URS000080DF35_32630/1-94	72	72	C	181	Rfam.seed.gz	15.1	41f014f4ab5628620935f089b1bb77987ebc162fda7c72bff368a32c9cccabac	2GIS	1	A	A	1	72	72	72	NA	72	72	C	C	no	no	yes	yes	71	A:72	ok
RF00162__2GIS_A	RF00162	URS000080DF35_32630/1-94	73	73	G	182	Rfam.seed.gz	15.1	41f014f4ab5628620935f089b1bb77987ebc162fda7c72bff368a32c9cccabac	2GIS	1	A	A	1	73	73	73	NA	73	73	G	G	no	no	yes	yes	72	A:73	ok
RF00162__2GIS_A	RF00162	URS000080DF35_32630/1-94	74	74	G	191	Rfam.seed.gz	15.1	41f014f4ab5628620935f089b1bb77987ebc162fda7c72bff368a32c9cccabac	2GIS	1	A	A	1	74	74	74	NA	74	74	G	G	no	no	yes	yes	73	A:74	ok
RF00162__2GIS_A	RF00162	URS000080DF35_32630/1-94	75	75	A	192	Rfam.seed.gz	15.1	41f014f4ab5628620935f089b1bb77987ebc162fda7c72bff368a32c9cccabac	2GIS	1	A	A	1	75	75	75	NA	75	75	A	A	no	yes	yes	yes	74	A:75	ok
RF00162__2GIS_A	RF00162	URS000080DF35_32630/1-94	76	76	A	193	Rfam.seed.gz	15.1	41f014f4ab5628620935f089b1bb77987ebc162fda7c72bff368a32c9cccabac	2GIS	1	A	A	1	76	76	76	NA	76	76	A	A	no	yes	yes	yes	75	A:76	ok
RF00162__2GIS_A	RF00162	URS000080DF35_32630/1-94	77	77	A	216	Rfam.seed.gz	15.1	41f014f4ab5628620935f089b1bb77987ebc162fda7c72bff368a32c9cccabac	2GIS	1	A	A	1	77	77	77	NA	77	77	A	A	no	yes	yes	yes	76	A:77	ok
RF00162__2GIS_A	RF00162	URS000080DF35_32630/1-94	78	78	C	217	Rfam.seed.gz	15.1	41f014f4ab5628620935f089b1bb77987ebc162fda7c72bff368a32c9cccabac	2GIS	1	A	A	1	78	78	78	NA	78	78	C	C	no	no	yes	yes	77	A:78	ok
RF00162__2GIS_A	RF00162	URS000080DF35_32630/1-94	79	79	G	218	Rfam.seed.gz	15.1	41f014f4ab5628620935f089b1bb77987ebc162fda7c72bff368a32c9cccabac	2GIS	1	A	A	1	79	79	79	NA	79	79	G	G	no	no	yes	yes	78	A:79	ok
RF00162__2GIS_A	RF00162	URS000080DF35_32630/1-94	80	80	U	219	Rfam.seed.gz	15.1	41f014f4ab5628620935f089b1bb77987ebc162fda7c72bff368a32c9cccabac	2GIS	1	A	A	1	80	80	80	NA	80	80	U	U	no	yes	yes	yes	79	A:80	ok
RF00162__2GIS_A	RF00162	URS000080DF35_32630/1-94	81	81	U	221	Rfam.seed.gz	15.1	41f014f4ab5628620935f089b1bb77987ebc162fda7c72bff368a32c9cccabac	2GIS	1	A	A	1	81	81	81	NA	81	81	U	U	no	no	yes	yes	80	A:81	ok
RF00162__2GIS_A	RF00162	URS000080DF35_32630/1-94	82	82	G	222	Rfam.seed.gz	15.1	41f014f4ab5628620935f089b1bb77987ebc162fda7c72bff368a32c9cccabac	2GIS	1	A	A	1	82	82	82	NA	82	82	G	G	no	no	yes	yes	81	A:82	ok
RF00162__2GIS_A	RF00162	URS000080DF35_32630/1-94	83	83	A	224	Rfam.seed.gz	15.1	41f014f4ab5628620935f089b1bb77987ebc162fda7c72bff368a32c9cccabac	2GIS	1	A	A	1	83	83	83	NA	83	83	A	A	no	no	yes	yes	82	A:83	ok
RF00162__2GIS_A	RF00162	URS000080DF35_32630/1-94	84	84	A	226	Rfam.seed.gz	15.1	41f014f4ab5628620935f089b1bb77987ebc162fda7c72bff368a32c9cccabac	2GIS	1	A	A	1	84	84	84	NA	84	84	A	A	no	no	yes	yes	83	A:84	ok
RF00162__2GIS_A	RF00162	URS000080DF35_32630/1-94	85	85	A	227	Rfam.seed.gz	15.1	41f014f4ab5628620935f089b1bb77987ebc162fda7c72bff368a32c9cccabac	2GIS	1	A	A	1	85	85	85	NA	85	85	A	A	no	no	yes	yes	84	A:85	ok
RF00162__2GIS_A	RF00162	URS000080DF35_32630/1-94	86	86	G	229	Rfam.seed.gz	15.1	41f014f4ab5628620935f089b1bb77987ebc162fda7c72bff368a32c9cccabac	2GIS	1	A	A	1	86	86	86	NA	86	86	G	G	no	no	yes	yes	85	A:86	ok
RF00162__2GIS_A	RF00162	URS000080DF35_32630/1-94	87	87	A	230	Rfam.seed.gz	15.1	41f014f4ab5628620935f089b1bb77987ebc162fda7c72bff368a32c9cccabac	2GIS	1	A	A	1	87	87	87	NA	87	87	A	A	no	no	yes	yes	86	A:87	ok
RF00162__2GIS_A	RF00162	URS000080DF35_32630/1-94	88	88	U	231	Rfam.seed.gz	15.1	41f014f4ab5628620935f089b1bb77987ebc162fda7c72bff368a32c9cccabac	2GIS	1	A	A	1	88	88	88	NA	88	88	U	U	no	no	yes	yes	87	A:88	ok
RF00162__2GIS_A	RF00162	URS000080DF35_32630/1-94	89	89	G	232	Rfam.seed.gz	15.1	41f014f4ab5628620935f089b1bb77987ebc162fda7c72bff368a32c9cccabac	2GIS	1	A	A	1	89	89	89	NA	89	89	G	G	no	no	yes	yes	88	A:89	ok
RF00162__2GIS_A	RF00162	URS000080DF35_32630/1-94	90	90	A	233	Rfam.seed.gz	15.1	41f014f4ab5628620935f089b1bb77987ebc162fda7c72bff368a32c9cccabac	2GIS	1	A	A	1	90	90	90	NA	90	90	A	A	no	no	yes	yes	89	A:90	ok
RF00162__2GIS_A	RF00162	URS000080DF35_32630/1-94	91	91	G	234	Rfam.seed.gz	15.1	41f014f4ab5628620935f089b1bb77987ebc162fda7c72bff368a32c9cccabac	2GIS	1	A	A	1	91	91	91	NA	91	91	G	G	no	no	yes	yes	90	A:91	ok
RF00162__2GIS_A	RF00162	URS000080DF35_32630/1-94	92	92	C	235	Rfam.seed.gz	15.1	41f014f4ab5628620935f089b1bb77987ebc162fda7c72bff368a32c9cccabac	2GIS	1	A	A	1	92	92	92	NA	92	92	C	C	no	yes	yes	yes	91	A:92	ok
RF00162__2GIS_A	RF00162	URS000080DF35_32630/1-94	93	93	C	237	Rfam.seed.gz	15.1	41f014f4ab5628620935f089b1bb77987ebc162fda7c72bff368a32c9cccabac	2GIS	1	A	A	1	93	93	93	NA	93	93	C	C	no	yes	yes	yes	92	A:93	ok
RF00162__2GIS_A	RF00162	URS000080DF35_32630/1-94	94	94	A	238	Rfam.seed.gz	15.1	41f014f4ab5628620935f089b1bb77987ebc162fda7c72bff368a32c9cccabac	2GIS	1	A	A	1	94	94	94	NA	94	94	A	A	no	yes	yes	yes	93	A:94	ok
RF00162__4KQY_A	RF00162	URS000080DDBE_1423/1-119	1	1	G	1	Rfam.seed.gz	15.1	41f014f4ab5628620935f089b1bb77987ebc162fda7c72bff368a32c9cccabac	4KQY	1	A	A	1	1	1	0	NA	0	0	G	G	no	no	yes	no	0	A:0	ok
RF00162__4KQY_A	RF00162	URS000080DDBE_1423/1-119	2	2	U	2	Rfam.seed.gz	15.1	41f014f4ab5628620935f089b1bb77987ebc162fda7c72bff368a32c9cccabac	4KQY	1	A	A	1	2	2	1	NA	1	1	U	U	no	no	yes	yes	1	A:1	ok
RF00162__4KQY_A	RF00162	URS000080DDBE_1423/1-119	3	3	U	3	Rfam.seed.gz	15.1	41f014f4ab5628620935f089b1bb77987ebc162fda7c72bff368a32c9cccabac	4KQY	1	A	A	1	3	3	2	NA	2	2	U	U	no	no	yes	yes	2	A:2	ok
RF00162__4KQY_A	RF00162	URS000080DDBE_1423/1-119	4	4	C	4	Rfam.seed.gz	15.1	41f014f4ab5628620935f089b1bb77987ebc162fda7c72bff368a32c9cccabac	4KQY	1	A	A	1	4	4	3	NA	3	3	C	C	no	no	yes	yes	3	A:3	ok
RF00162__4KQY_A	RF00162	URS000080DDBE_1423/1-119	5	5	U	5	Rfam.seed.gz	15.1	41f014f4ab5628620935f089b1bb77987ebc162fda7c72bff368a32c9cccabac	4KQY	1	A	A	1	5	5	4	NA	4	4	U	U	no	no	yes	yes	4	A:4	ok
RF00162__4KQY_A	RF00162	URS000080DDBE_1423/1-119	6	6	U	6	Rfam.seed.gz	15.1	41f014f4ab5628620935f089b1bb77987ebc162fda7c72bff368a32c9cccabac	4KQY	1	A	A	1	6	6	5	NA	5	5	U	U	no	no	yes	yes	5	A:5	ok
RF00162__4KQY_A	RF00162	URS000080DDBE_1423/1-119	7	7	A	7	Rfam.seed.gz	15.1	41f014f4ab5628620935f089b1bb77987ebc162fda7c72bff368a32c9cccabac	4KQY	1	A	A	1	7	7	6	NA	6	6	A	A	no	no	yes	yes	6	A:6	ok
RF00162__4KQY_A	RF00162	URS000080DDBE_1423/1-119	8	8	U	8	Rfam.seed.gz	15.1	41f014f4ab5628620935f089b1bb77987ebc162fda7c72bff368a32c9cccabac	4KQY	1	A	A	1	8	8	7	NA	7	7	U	U	no	no	yes	yes	7	A:7	ok
RF00162__4KQY_A	RF00162	URS000080DDBE_1423/1-119	9	9	C	9	Rfam.seed.gz	15.1	41f014f4ab5628620935f089b1bb77987ebc162fda7c72bff368a32c9cccabac	4KQY	1	A	A	1	9	9	8	NA	8	8	C	C	no	no	yes	yes	8	A:8	ok
RF00162__4KQY_A	RF00162	URS000080DDBE_1423/1-119	10	10	A	10	Rfam.seed.gz	15.1	41f014f4ab5628620935f089b1bb77987ebc162fda7c72bff368a32c9cccabac	4KQY	1	A	A	1	10	10	9	NA	9	9	A	A	no	no	yes	yes	9	A:9	ok
RF00162__4KQY_A	RF00162	URS000080DDBE_1423/1-119	11	11	A	11	Rfam.seed.gz	15.1	41f014f4ab5628620935f089b1bb77987ebc162fda7c72bff368a32c9cccabac	4KQY	1	A	A	1	11	11	10	NA	10	10	A	A	no	no	yes	yes	10	A:10	ok
RF00162__4KQY_A	RF00162	URS000080DDBE_1423/1-119	12	12	G	12	Rfam.seed.gz	15.1	41f014f4ab5628620935f089b1bb77987ebc162fda7c72bff368a32c9cccabac	4KQY	1	A	A	1	12	12	11	NA	11	11	G	G	no	no	yes	yes	11	A:11	ok
RF00162__4KQY_A	RF00162	URS000080DDBE_1423/1-119	13	13	A	13	Rfam.seed.gz	15.1	41f014f4ab5628620935f089b1bb77987ebc162fda7c72bff368a32c9cccabac	4KQY	1	A	A	1	13	13	12	NA	12	12	A	A	no	no	yes	yes	12	A:12	ok
RF00162__4KQY_A	RF00162	URS000080DDBE_1423/1-119	14	14	G	14	Rfam.seed.gz	15.1	41f014f4ab5628620935f089b1bb77987ebc162fda7c72bff368a32c9cccabac	4KQY	1	A	A	1	14	14	13	NA	13	13	G	G	no	no	yes	yes	13	A:13	ok
RF00162__4KQY_A	RF00162	URS000080DDBE_1423/1-119	15	15	A	16	Rfam.seed.gz	15.1	41f014f4ab5628620935f089b1bb77987ebc162fda7c72bff368a32c9cccabac	4KQY	1	A	A	1	15	15	14	NA	14	14	A	A	no	no	yes	yes	14	A:14	ok
RF00162__4KQY_A	RF00162	URS000080DDBE_1423/1-119	16	16	A	17	Rfam.seed.gz	15.1	41f014f4ab5628620935f089b1bb77987ebc162fda7c72bff368a32c9cccabac	4KQY	1	A	A	1	16	16	15	NA	15	15	A	A	no	no	yes	yes	15	A:15	ok
RF00162__4KQY_A	RF00162	URS000080DDBE_1423/1-119	17	17	G	18	Rfam.seed.gz	15.1	41f014f4ab5628620935f089b1bb77987ebc162fda7c72bff368a32c9cccabac	4KQY	1	A	A	1	17	17	16	NA	16	16	G	G	no	no	yes	yes	16	A:16	ok
RF00162__4KQY_A	RF00162	URS000080DDBE_1423/1-119	18	18	C	20	Rfam.seed.gz	15.1	41f014f4ab5628620935f089b1bb77987ebc162fda7c72bff368a32c9cccabac	4KQY	1	A	A	1	18	18	17	NA	17	17	C	C	no	no	yes	yes	17	A:17	ok
RF00162__4KQY_A	RF00162	URS000080DDBE_1423/1-119	19	19	A	22	Rfam.seed.gz	15.1	41f014f4ab5628620935f089b1bb77987ebc162fda7c72bff368a32c9cccabac	4KQY	1	A	A	1	19	19	18	NA	18	18	A	A	no	no	yes	yes	18	A:18	ok
RF00162__4KQY_A	RF00162	URS000080DDBE_1423/1-119	20	20	G	23	Rfam.seed.gz	15.1	41f014f4ab5628620935f089b1bb77987ebc162fda7c72bff368a32c9cccabac	4KQY	1	A	A	1	20	20	19	NA	19	19	G	G	no	no	yes	yes	19	A:19	ok
RF00162__4KQY_A	RF00162	URS000080DDBE_1423/1-119	21	21	A	41	Rfam.seed.gz	15.1	41f014f4ab5628620935f089b1bb77987ebc162fda7c72bff368a32c9cccabac	4KQY	1	A	A	1	21	21	20	NA	20	20	A	A	no	no	yes	yes	20	A:20	ok
RF00162__4KQY_A	RF00162	URS000080DDBE_1423/1-119	22	22	G	42	Rfam.seed.gz	15.1	41f014f4ab5628620935f089b1bb77987ebc162fda7c72bff368a32c9cccabac	4KQY	1	A	A	1	22	22	21	NA	21	21	G	G	no	no	yes	yes	21	A:21	ok
RF00162__4KQY_A	RF00162	URS000080DDBE_1423/1-119	23	23	G	43	Rfam.seed.gz	15.1	41f014f4ab5628620935f089b1bb77987ebc162fda7c72bff368a32c9cccabac	4KQY	1	A	A	1	23	23	22	NA	22	22	G	G	no	no	yes	yes	22	A:22	ok
RF00162__4KQY_A	RF00162	URS000080DDBE_1423/1-119	24	24	G	44	Rfam.seed.gz	15.1	41f014f4ab5628620935f089b1bb77987ebc162fda7c72bff368a32c9cccabac	4KQY	1	A	A	1	24	24	23	NA	23	23	G	G	no	no	yes	yes	23	A:23	ok
RF00162__4KQY_A	RF00162	URS000080DDBE_1423/1-119	25	25	A	45	Rfam.seed.gz	15.1	41f014f4ab5628620935f089b1bb77987ebc162fda7c72bff368a32c9cccabac	4KQY	1	A	A	1	25	25	24	NA	24	24	A	A	no	no	yes	yes	24	A:24	ok
RF00162__4KQY_A	RF00162	URS000080DDBE_1423/1-119	26	26	C	48	Rfam.seed.gz	15.1	41f014f4ab5628620935f089b1bb77987ebc162fda7c72bff368a32c9cccabac	4KQY	1	A	A	1	26	26	25	NA	25	25	C	C	no	no	yes	yes	25	A:25	ok
RF00162__4KQY_A	RF00162	URS000080DDBE_1423/1-119	27	27	U	49	Rfam.seed.gz	15.1	41f014f4ab5628620935f089b1bb77987ebc162fda7c72bff368a32c9cccabac	4KQY	1	A	A	1	27	27	26	NA	26	26	U	U	no	no	yes	yes	26	A:26	ok
RF00162__4KQY_A	RF00162	URS000080DDBE_1423/1-119	28	28	G	50	Rfam.seed.gz	15.1	41f014f4ab5628620935f089b1bb77987ebc162fda7c72bff368a32c9cccabac	4KQY	1	A	A	1	28	28	27	NA	27	27	G	G	no	no	yes	yes	27	A:27	ok
RF00162__4KQY_A	RF00162	URS000080DDBE_1423/1-119	29	29	G	51	Rfam.seed.gz	15.1	41f014f4ab5628620935f089b1bb77987ebc162fda7c72bff368a32c9cccabac	4KQY	1	A	A	1	29	29	28	NA	28	28	G	G	no	no	yes	yes	28	A:28	ok
RF00162__4KQY_A	RF00162	URS000080DDBE_1423/1-119	30	30	C	53	Rfam.seed.gz	15.1	41f014f4ab5628620935f089b1bb77987ebc162fda7c72bff368a32c9cccabac	4KQY	1	A	A	1	30	30	29	NA	29	29	C	C	no	no	yes	yes	29	A:29	ok
RF00162__4KQY_A	RF00162	URS000080DDBE_1423/1-119	31	31	C	54	Rfam.seed.gz	15.1	41f014f4ab5628620935f089b1bb77987ebc162fda7c72bff368a32c9cccabac	4KQY	1	A	A	1	31	31	30	NA	30	30	C	C	no	no	yes	yes	30	A:30	ok
RF00162__4KQY_A	RF00162	URS000080DDBE_1423/1-119	32	32	C	55	Rfam.seed.gz	15.1	41f014f4ab5628620935f089b1bb77987ebc162fda7c72bff368a32c9cccabac	4KQY	1	A	A	1	32	32	31	NA	31	31	C	C	no	no	yes	yes	31	A:31	ok
RF00162__4KQY_A	RF00162	URS000080DDBE_1423/1-119	33	33	G	56	Rfam.seed.gz	15.1	41f014f4ab5628620935f089b1bb77987ebc162fda7c72bff368a32c9cccabac	4KQY	1	A	A	1	33	33	32	NA	32	32	G	G	no	no	yes	yes	32	A:32	ok
RF00162__4KQY_A	RF00162	URS000080DDBE_1423/1-119	34	34	A	57	Rfam.seed.gz	15.1	41f014f4ab5628620935f089b1bb77987ebc162fda7c72bff368a32c9cccabac	4KQY	1	A	A	1	34	34	33	NA	33	33	A	A	no	no	yes	yes	33	A:33	ok
RF00162__4KQY_A	RF00162	URS000080DDBE_1423/1-119	35	35	C	60	Rfam.seed.gz	15.1	41f014f4ab5628620935f089b1bb77987ebc162fda7c72bff368a32c9cccabac	4KQY	1	A	A	1	35	35	34	NA	34	34	C	C	no	no	yes	yes	34	A:34	ok
RF00162__4KQY_A	RF00162	URS000080DDBE_1423/1-119	36	36	G	61	Rfam.seed.gz	15.1	41f014f4ab5628620935f089b1bb77987ebc162fda7c72bff368a32c9cccabac	4KQY	1	A	A	1	36	36	35	NA	35	35	G	G	no	no	yes	yes	35	A:35	ok
RF00162__4KQY_A	RF00162	URS000080DDBE_1423/1-119	37	37	A	62	Rfam.seed.gz	15.1	41f014f4ab5628620935f089b1bb77987ebc162fda7c72bff368a32c9cccabac	4KQY	1	A	A	1	37	37	36	NA	36	36	A	A	no	no	yes	yes	36	A:36	ok
RF00162__4KQY_A	RF00162	URS000080DDBE_1423/1-119	38	38	A	63	Rfam.seed.gz	15.1	41f014f4ab5628620935f089b1bb77987ebc162fda7c72bff368a32c9cccabac	4KQY	1	A	A	1	38	38	37	NA	37	37	A	A	no	no	yes	yes	37	A:37	ok
RF00162__4KQY_A	RF00162	URS000080DDBE_1423/1-119	39	39	G	65	Rfam.seed.gz	15.1	41f014f4ab5628620935f089b1bb77987ebc162fda7c72bff368a32c9cccabac	4KQY	1	A	A	1	39	39	38	NA	38	38	G	G	no	no	yes	yes	38	A:38	ok
RF00162__4KQY_A	RF00162	URS000080DDBE_1423/1-119	40	40	C	66	Rfam.seed.gz	15.1	41f014f4ab5628620935f089b1bb77987ebc162fda7c72bff368a32c9cccabac	4KQY	1	A	A	1	40	40	39	NA	39	39	C	C	no	no	yes	yes	39	A:39	ok
RF00162__4KQY_A	RF00162	URS000080DDBE_1423/1-119	41	41	U	67	Rfam.seed.gz	15.1	41f014f4ab5628620935f089b1bb77987ebc162fda7c72bff368a32c9cccabac	4KQY	1	A	A	1	41	41	40	NA	40	40	U	U	no	no	yes	yes	40	A:40	ok
RF00162__4KQY_A	RF00162	URS000080DDBE_1423/1-119	42	42	U	69	Rfam.seed.gz	15.1	41f014f4ab5628620935f089b1bb77987ebc162fda7c72bff368a32c9cccabac	4KQY	1	A	A	1	42	42	41	NA	41	41	U	U	no	no	yes	yes	41	A:41	ok
RF00162__4KQY_A	RF00162	URS000080DDBE_1423/1-119	43	43	C	70	Rfam.seed.gz	15.1	41f014f4ab5628620935f089b1bb77987ebc162fda7c72bff368a32c9cccabac	4KQY	1	A	A	1	43	43	42	NA	42	42	C	C	no	no	yes	yes	42	A:42	ok
RF00162__4KQY_A	RF00162	URS000080DDBE_1423/1-119	44	44	A	71	Rfam.seed.gz	15.1	41f014f4ab5628620935f089b1bb77987ebc162fda7c72bff368a32c9cccabac	4KQY	1	A	A	1	44	44	43	NA	43	43	A	A	no	no	yes	yes	43	A:43	ok
RF00162__4KQY_A	RF00162	URS000080DDBE_1423/1-119	45	45	G	72	Rfam.seed.gz	15.1	41f014f4ab5628620935f089b1bb77987ebc162fda7c72bff368a32c9cccabac	4KQY	1	A	A	1	45	45	44	NA	44	44	G	G	no	no	yes	yes	44	A:44	ok
RF00162__4KQY_A	RF00162	URS000080DDBE_1423/1-119	46	46	C	73	Rfam.seed.gz	15.1	41f014f4ab5628620935f089b1bb77987ebc162fda7c72bff368a32c9cccabac	4KQY	1	A	A	1	46	46	45	NA	45	45	C	C	no	no	yes	yes	45	A:45	ok
RF00162__4KQY_A	RF00162	URS000080DDBE_1423/1-119	47	47	A	74	Rfam.seed.gz	15.1	41f014f4ab5628620935f089b1bb77987ebc162fda7c72bff368a32c9cccabac	4KQY	1	A	A	1	47	47	46	NA	46	46	A	A	no	no	yes	yes	46	A:46	ok
RF00162__4KQY_A	RF00162	URS000080DDBE_1423/1-119	48	48	A	75	Rfam.seed.gz	15.1	41f014f4ab5628620935f089b1bb77987ebc162fda7c72bff368a32c9cccabac	4KQY	1	A	A	1	48	48	47	NA	47	47	A	A	no	no	yes	yes	47	A:47	ok
RF00162__4KQY_A	RF00162	URS000080DDBE_1423/1-119	49	49	C	76	Rfam.seed.gz	15.1	41f014f4ab5628620935f089b1bb77987ebc162fda7c72bff368a32c9cccabac	4KQY	1	A	A	1	49	49	48	NA	48	48	C	C	no	no	yes	yes	48	A:48	ok
RF00162__4KQY_A	RF00162	URS000080DDBE_1423/1-119	50	50	C	77	Rfam.seed.gz	15.1	41f014f4ab5628620935f089b1bb77987ebc162fda7c72bff368a32c9cccabac	4KQY	1	A	A	1	50	50	49	NA	49	49	C	C	no	no	yes	yes	49	A:49	ok
RF00162__4KQY_A	RF00162	URS000080DDBE_1423/1-119	51	51	G	79	Rfam.seed.gz	15.1	41f014f4ab5628620935f089b1bb77987ebc162fda7c72bff368a32c9cccabac	4KQY	1	A	A	1	51	51	50	NA	50	50	G	G	no	no	yes	yes	50	A:50	ok
RF00162__4KQY_A	RF00162	URS000080DDBE_1423/1-119	52	52	G	81	Rfam.seed.gz	15.1	41f014f4ab5628620935f089b1bb77987ebc162fda7c72bff368a32c9cccabac	4KQY	1	A	A	1	52	52	51	NA	51	51	G	G	no	no	yes	yes	51	A:51	ok
RF00162__4KQY_A	RF00162	URS000080DDBE_1423/1-119	53	53	U	82	Rfam.seed.gz	15.1	41f014f4ab5628620935f089b1bb77987ebc162fda7c72bff368a32c9cccabac	4KQY	1	A	A	1	53	53	52	NA	52	52	U	U	no	no	yes	yes	52	A:52	ok
RF00162__4KQY_A	RF00162	URS000080DDBE_1423/1-119	54	54	G	83	Rfam.seed.gz	15.1	41f014f4ab5628620935f089b1bb77987ebc162fda7c72bff368a32c9cccabac	4KQY	1	A	A	1	54	54	53	NA	53	53	G	G	no	no	yes	yes	53	A:53	ok
RF00162__4KQY_A	RF00162	URS000080DDBE_1423/1-119	55	55	U	85	Rfam.seed.gz	15.1	41f014f4ab5628620935f089b1bb77987ebc162fda7c72bff368a32c9cccabac	4KQY	1	A	A	1	55	55	54	NA	54	54	U	U	no	no	yes	yes	54	A:54	ok
RF00162__4KQY_A	RF00162	URS000080DDBE_1423/1-119	56	56	A	86	Rfam.seed.gz	15.1	41f014f4ab5628620935f089b1bb77987ebc162fda7c72bff368a32c9cccabac	4KQY	1	A	A	1	56	56	55	NA	55	55	A	A	no	no	yes	yes	55	A:55	ok
RF00162__4KQY_A	RF00162	URS000080DDBE_1423/1-119	57	57	A	87	Rfam.seed.gz	15.1	41f014f4ab5628620935f089b1bb77987ebc162fda7c72bff368a32c9cccabac	4KQY	1	A	A	1	57	57	56	NA	56	56	A	A	no	no	yes	yes	56	A:56	ok
RF00162__4KQY_A	RF00162	URS000080DDBE_1423/1-119	58	58	U	88	Rfam.seed.gz	15.1	41f014f4ab5628620935f089b1bb77987ebc162fda7c72bff368a32c9cccabac	4KQY	1	A	A	1	58	58	57	NA	57	57	U	U	no	no	yes	yes	57	A:57	ok
RF00162__4KQY_A	RF00162	URS000080DDBE_1423/1-119	59	59	G	89	Rfam.seed.gz	15.1	41f014f4ab5628620935f089b1bb77987ebc162fda7c72bff368a32c9cccabac	4KQY	1	A	A	1	59	59	58	NA	58	58	G	G	no	no	yes	yes	58	A:58	ok
RF00162__4KQY_A	RF00162	URS000080DDBE_1423/1-119	60	60	G	90	Rfam.seed.gz	15.1	41f014f4ab5628620935f089b1bb77987ebc162fda7c72bff368a32c9cccabac	4KQY	1	A	A	1	60	60	59	NA	59	59	G	G	no	no	yes	yes	59	A:59	ok
RF00162__4KQY_A	RF00162	URS000080DDBE_1423/1-119	61	61	C	91	Rfam.seed.gz	15.1	41f014f4ab5628620935f089b1bb77987ebc162fda7c72bff368a32c9cccabac	4KQY	1	A	A	1	61	61	60	NA	60	60	C	C	no	no	yes	yes	60	A:60	ok
RF00162__4KQY_A	RF00162	URS000080DDBE_1423/1-119	62	62	G	92	Rfam.seed.gz	15.1	41f014f4ab5628620935f089b1bb77987ebc162fda7c72bff368a32c9cccabac	4KQY	1	A	A	1	62	62	61	NA	61	61	G	G	no	no	yes	yes	61	A:61	ok
RF00162__4KQY_A	RF00162	URS000080DDBE_1423/1-119	63	63	A	93	Rfam.seed.gz	15.1	41f014f4ab5628620935f089b1bb77987ebc162fda7c72bff368a32c9cccabac	4KQY	1	A	A	1	63	63	62	NA	62	62	A	A	no	yes	yes	yes	62	A:62	ok
RF00162__4KQY_A	RF00162	URS000080DDBE_1423/1-119	64	64	A	140	Rfam.seed.gz	15.1	41f014f4ab5628620935f089b1bb77987ebc162fda7c72bff368a32c9cccabac	4KQY	1	A	A	1	64	64	63	NA	63	63	A	A	no	yes	yes	yes	63	A:63	ok
RF00162__4KQY_A	RF00162	URS000080DDBE_1423/1-119	65	65	A	141	Rfam.seed.gz	15.1	41f014f4ab5628620935f089b1bb77987ebc162fda7c72bff368a32c9cccabac	4KQY	1	A	A	1	65	65	64	NA	64	64	A	A	no	no	yes	yes	64	A:64	ok
RF00162__4KQY_A	RF00162	URS000080DDBE_1423/1-119	66	66	G	142	Rfam.seed.gz	15.1	41f014f4ab5628620935f089b1bb77987ebc162fda7c72bff368a32c9cccabac	4KQY	1	A	A	1	66	66	65	NA	65	65	G	G	no	no	yes	yes	65	A:65	ok
RF00162__4KQY_A	RF00162	URS000080DDBE_1423/1-119	67	67	C	143	Rfam.seed.gz	15.1	41f014f4ab5628620935f089b1bb77987ebc162fda7c72bff368a32c9cccabac	4KQY	1	A	A	1	67	67	66	NA	66	66	C	C	no	no	yes	yes	66	A:66	ok
RF00162__4KQY_A	RF00162	URS000080DDBE_1423/1-119	68	68	C	144	Rfam.seed.gz	15.1	41f014f4ab5628620935f089b1bb77987ebc162fda7c72bff368a32c9cccabac	4KQY	1	A	A	1	68	68	67	NA	67	67	C	C	no	no	yes	yes	67	A:67	ok
RF00162__4KQY_A	RF00162	URS000080DDBE_1423/1-119	69	69	A	145	Rfam.seed.gz	15.1	41f014f4ab5628620935f089b1bb77987ebc162fda7c72bff368a32c9cccabac	4KQY	1	A	A	1	69	69	68	NA	68	68	A	A	no	no	yes	yes	68	A:68	ok
RF00162__4KQY_A	RF00162	URS000080DDBE_1423/1-119	70	70	U	146	Rfam.seed.gz	15.1	41f014f4ab5628620935f089b1bb77987ebc162fda7c72bff368a32c9cccabac	4KQY	1	A	A	1	70	70	69	NA	69	69	U	U	no	no	yes	yes	69	A:69	ok
RF00162__4KQY_A	RF00162	URS000080DDBE_1423/1-119	71	71	G	147	Rfam.seed.gz	15.1	41f014f4ab5628620935f089b1bb77987ebc162fda7c72bff368a32c9cccabac	4KQY	1	A	A	1	71	71	70	NA	70	70	G	G	no	no	yes	yes	70	A:70	ok
RF00162__4KQY_A	RF00162	URS000080DDBE_1423/1-119	72	72	A	152	Rfam.seed.gz	15.1	41f014f4ab5628620935f089b1bb77987ebc162fda7c72bff368a32c9cccabac	4KQY	1	A	A	1	72	72	71	NA	71	71	A	A	no	no	yes	yes	71	A:71	ok
RF00162__4KQY_A	RF00162	URS000080DDBE_1423/1-119	73	73	C	153	Rfam.seed.gz	15.1	41f014f4ab5628620935f089b1bb77987ebc162fda7c72bff368a32c9cccabac	4KQY	1	A	A	1	73	73	72	NA	72	72	C	C	no	no	yes	yes	72	A:72	ok
RF00162__4KQY_A	RF00162	URS000080DDBE_1423/1-119	74	74	C	154	Rfam.seed.gz	15.1	41f014f4ab5628620935f089b1bb77987ebc162fda7c72bff368a32c9cccabac	4KQY	1	A	A	1	74	74	73	NA	73	73	C	C	no	no	yes	yes	73	A:73	ok
RF00162__4KQY_A	RF00162	URS000080DDBE_1423/1-119	75	75	A	156	Rfam.seed.gz	15.1	41f014f4ab5628620935f089b1bb77987ebc162fda7c72bff368a32c9cccabac	4KQY	1	A	A	1	75	75	74	NA	74	74	A	A	no	no	yes	yes	74	A:74	ok
RF00162__4KQY_A	RF00162	URS000080DDBE_1423/1-119	76	76	A	157	Rfam.seed.gz	15.1	41f014f4ab5628620935f089b1bb77987ebc162fda7c72bff368a32c9cccabac	4KQY	1	A	A	1	76	76	75	NA	75	75	A	A	no	no	yes	yes	75	A:75	ok
RF00162__4KQY_A	RF00162	URS000080DDBE_1423/1-119	77	77	G	160	Rfam.seed.gz	15.1	41f014f4ab5628620935f089b1bb77987ebc162fda7c72bff368a32c9cccabac	4KQY	1	A	A	1	77	77	76	NA	76	76	G	G	no	no	yes	yes	76	A:76	ok
RF00162__4KQY_A	RF00162	URS000080DDBE_1423/1-119	78	78	G	161	Rfam.seed.gz	15.1	41f014f4ab5628620935f089b1bb77987ebc162fda7c72bff368a32c9cccabac	4KQY	1	A	A	1	78	78	77	NA	77	77	G	G	no	no	yes	yes	77	A:77	ok
RF00162__4KQY_A	RF00162	URS000080DDBE_1423/1-119	79	79	U	162	Rfam.seed.gz	15.1	41f014f4ab5628620935f089b1bb77987ebc162fda7c72bff368a32c9cccabac	4KQY	1	A	A	1	79	79	78	NA	78	78	U	U	no	no	yes	yes	78	A:78	ok
RF00162__4KQY_A	RF00162	URS000080DDBE_1423/1-119	80	80	G	163	Rfam.seed.gz	15.1	41f014f4ab5628620935f089b1bb77987ebc162fda7c72bff368a32c9cccabac	4KQY	1	A	A	1	80	80	79	NA	79	79	G	G	no	no	yes	yes	79	A:79	ok
RF00162__4KQY_A	RF00162	URS000080DDBE_1423/1-119	81	81	C	164	Rfam.seed.gz	15.1	41f014f4ab5628620935f089b1bb77987ebc162fda7c72bff368a32c9cccabac	4KQY	1	A	A	1	81	81	80	NA	80	80	C	C	no	no	yes	yes	80	A:80	ok
RF00162__4KQY_A	RF00162	URS000080DDBE_1423/1-119	82	82	U	165	Rfam.seed.gz	15.1	41f014f4ab5628620935f089b1bb77987ebc162fda7c72bff368a32c9cccabac	4KQY	1	A	A	1	82	82	81	NA	81	81	U	U	no	no	yes	yes	81	A:81	ok
RF00162__4KQY_A	RF00162	URS000080DDBE_1423/1-119	83	83	A	166	Rfam.seed.gz	15.1	41f014f4ab5628620935f089b1bb77987ebc162fda7c72bff368a32c9cccabac	4KQY	1	A	A	1	83	83	82	NA	82	82	A	A	no	no	yes	yes	82	A:82	ok
RF00162__4KQY_A	RF00162	URS000080DDBE_1423/1-119	84	84	A	168	Rfam.seed.gz	15.1	41f014f4ab5628620935f089b1bb77987ebc162fda7c72bff368a32c9cccabac	4KQY	1	A	A	1	84	84	83	NA	83	83	A	A	no	no	yes	yes	83	A:83	ok
RF00162__4KQY_A	RF00162	URS000080DDBE_1423/1-119	85	85	A	169	Rfam.seed.gz	15.1	41f014f4ab5628620935f089b1bb77987ebc162fda7c72bff368a32c9cccabac	4KQY	1	A	A	1	85	85	84	NA	84	84	A	A	no	no	yes	yes	84	A:84	ok
RF00162__4KQY_A	RF00162	URS000080DDBE_1423/1-119	86	86	U	170	Rfam.seed.gz	15.1	41f014f4ab5628620935f089b1bb77987ebc162fda7c72bff368a32c9cccabac	4KQY	1	A	A	1	86	86	85	NA	85	85	U	U	no	no	yes	yes	85	A:85	ok
RF00162__4KQY_A	RF00162	URS000080DDBE_1423/1-119	87	87	C	171	Rfam.seed.gz	15.1	41f014f4ab5628620935f089b1bb77987ebc162fda7c72bff368a32c9cccabac	4KQY	1	A	A	1	87	87	86	NA	86	86	C	C	no	no	yes	yes	86	A:86	ok
RF00162__4KQY_A	RF00162	URS000080DDBE_1423/1-119	88	88	C	174	Rfam.seed.gz	15.1	41f014f4ab5628620935f089b1bb77987ebc162fda7c72bff368a32c9cccabac	4KQY	1	A	A	1	88	88	87	NA	87	87	C	C	no	no	yes	yes	87	A:87	ok
RF00162__4KQY_A	RF00162	URS000080DDBE_1423/1-119	89	89	A	175	Rfam.seed.gz	15.1	41f014f4ab5628620935f089b1bb77987ebc162fda7c72bff368a32c9cccabac	4KQY	1	A	A	1	89	89	88	NA	88	88	A	A	no	no	yes	yes	88	A:88	ok
RF00162__4KQY_A	RF00162	URS000080DDBE_1423/1-119	90	90	G	176	Rfam.seed.gz	15.1	41f014f4ab5628620935f089b1bb77987ebc162fda7c72bff368a32c9cccabac	4KQY	1	A	A	1	90	90	89	NA	89	89	G	G	no	no	yes	yes	89	A:89	ok
RF00162__4KQY_A	RF00162	URS000080DDBE_1423/1-119	91	91	C	178	Rfam.seed.gz	15.1	41f014f4ab5628620935f089b1bb77987ebc162fda7c72bff368a32c9cccabac	4KQY	1	A	A	1	91	91	90	NA	90	90	C	C	no	no	yes	yes	90	A:90	ok
RF00162__4KQY_A	RF00162	URS000080DDBE_1423/1-119	92	92	A	179	Rfam.seed.gz	15.1	41f014f4ab5628620935f089b1bb77987ebc162fda7c72bff368a32c9cccabac	4KQY	1	A	A	1	92	92	91	NA	91	91	A	A	no	no	yes	yes	91	A:91	ok
RF00162__4KQY_A	RF00162	URS000080DDBE_1423/1-119	93	93	A	180	Rfam.seed.gz	15.1	41f014f4ab5628620935f089b1bb77987ebc162fda7c72bff368a32c9cccabac	4KQY	1	A	A	1	93	93	92	NA	92	92	A	A	no	no	yes	yes	92	A:92	ok
RF00162__4KQY_A	RF00162	URS000080DDBE_1423/1-119	94	94	G	181	Rfam.seed.gz	15.1	41f014f4ab5628620935f089b1bb77987ebc162fda7c72bff368a32c9cccabac	4KQY	1	A	A	1	94	94	93	NA	93	93	G	G	no	no	yes	yes	93	A:93	ok
RF00162__4KQY_A	RF00162	URS000080DDBE_1423/1-119	95	95	C	182	Rfam.seed.gz	15.1	41f014f4ab5628620935f089b1bb77987ebc162fda7c72bff368a32c9cccabac	4KQY	1	A	A	1	95	95	94	NA	94	94	C	C	no	no	yes	yes	94	A:94	ok
RF00162__4KQY_A	RF00162	URS000080DDBE_1423/1-119	96	96	U	183	Rfam.seed.gz	15.1	41f014f4ab5628620935f089b1bb77987ebc162fda7c72bff368a32c9cccabac	4KQY	1	A	A	1	96	96	95	NA	95	95	U	U	no	no	yes	yes	95	A:95	ok
RF00162__4KQY_A	RF00162	URS000080DDBE_1423/1-119	97	97	C	184	Rfam.seed.gz	15.1	41f014f4ab5628620935f089b1bb77987ebc162fda7c72bff368a32c9cccabac	4KQY	1	A	A	1	97	97	96	NA	96	96	C	C	no	no	yes	yes	96	A:96	ok
RF00162__4KQY_A	RF00162	URS000080DDBE_1423/1-119	98	98	G	190	Rfam.seed.gz	15.1	41f014f4ab5628620935f089b1bb77987ebc162fda7c72bff368a32c9cccabac	4KQY	1	A	A	1	98	98	97	NA	97	97	G	G	no	no	yes	yes	97	A:97	ok
RF00162__4KQY_A	RF00162	URS000080DDBE_1423/1-119	99	99	A	191	Rfam.seed.gz	15.1	41f014f4ab5628620935f089b1bb77987ebc162fda7c72bff368a32c9cccabac	4KQY	1	A	A	1	99	99	98	NA	98	98	A	A	no	no	yes	yes	98	A:98	ok
RF00162__4KQY_A	RF00162	URS000080DDBE_1423/1-119	100	100	A	192	Rfam.seed.gz	15.1	41f014f4ab5628620935f089b1bb77987ebc162fda7c72bff368a32c9cccabac	4KQY	1	A	A	1	100	100	99	NA	99	99	A	A	no	no	yes	yes	99	A:99	ok
RF00162__4KQY_A	RF00162	URS000080DDBE_1423/1-119	101	101	C	193	Rfam.seed.gz	15.1	41f014f4ab5628620935f089b1bb77987ebc162fda7c72bff368a32c9cccabac	4KQY	1	A	A	1	101	101	100	NA	100	100	C	C	no	no	yes	yes	100	A:100	ok
RF00162__4KQY_A	RF00162	URS000080DDBE_1423/1-119	102	102	A	216	Rfam.seed.gz	15.1	41f014f4ab5628620935f089b1bb77987ebc162fda7c72bff368a32c9cccabac	4KQY	1	A	A	1	102	102	101	NA	101	101	A	A	no	no	yes	yes	101	A:101	ok
RF00162__4KQY_A	RF00162	URS000080DDBE_1423/1-119	103	103	G	217	Rfam.seed.gz	15.1	41f014f4ab5628620935f089b1bb77987ebc162fda7c72bff368a32c9cccabac	4KQY	1	A	A	1	103	103	102	NA	102	102	G	G	no	no	yes	yes	102	A:102	ok
RF00162__4KQY_A	RF00162	URS000080DDBE_1423/1-119	104	104	C	218	Rfam.seed.gz	15.1	41f014f4ab5628620935f089b1bb77987ebc162fda7c72bff368a32c9cccabac	4KQY	1	A	A	1	104	104	103	NA	103	103	C	C	no	no	yes	yes	103	A:103	ok
RF00162__4KQY_A	RF00162	URS000080DDBE_1423/1-119	105	105	U	219	Rfam.seed.gz	15.1	41f014f4ab5628620935f089b1bb77987ebc162fda7c72bff368a32c9cccabac	4KQY	1	A	A	1	105	105	104	NA	104	104	U	U	no	no	yes	yes	104	A:104	ok
RF00162__4KQY_A	RF00162	URS000080DDBE_1423/1-119	106	106	U	221	Rfam.seed.gz	15.1	41f014f4ab5628620935f089b1bb77987ebc162fda7c72bff368a32c9cccabac	4KQY	1	A	A	1	106	106	105	NA	105	105	U	U	no	no	yes	yes	105	A:105	ok
RF00162__4KQY_A	RF00162	URS000080DDBE_1423/1-119	107	107	G	222	Rfam.seed.gz	15.1	41f014f4ab5628620935f089b1bb77987ebc162fda7c72bff368a32c9cccabac	4KQY	1	A	A	1	107	107	106	NA	106	106	G	G	no	no	yes	yes	106	A:106	ok
RF00162__4KQY_A	RF00162	URS000080DDBE_1423/1-119	108	108	G	224	Rfam.seed.gz	15.1	41f014f4ab5628620935f089b1bb77987ebc162fda7c72bff368a32c9cccabac	4KQY	1	A	A	1	108	108	107	NA	107	107	G	G	no	no	yes	yes	107	A:107	ok
RF00162__4KQY_A	RF00162	URS000080DDBE_1423/1-119	109	109	A	226	Rfam.seed.gz	15.1	41f014f4ab5628620935f089b1bb77987ebc162fda7c72bff368a32c9cccabac	4KQY	1	A	A	1	109	109	108	NA	108	108	A	A	no	no	yes	yes	108	A:108	ok
RF00162__4KQY_A	RF00162	URS000080DDBE_1423/1-119	110	110	A	227	Rfam.seed.gz	15.1	41f014f4ab5628620935f089b1bb77987ebc162fda7c72bff368a32c9cccabac	4KQY	1	A	A	1	110	110	109	NA	109	109	A	A	no	no	yes	yes	109	A:109	ok
RF00162__4KQY_A	RF00162	URS000080DDBE_1423/1-119	111	111	G	229	Rfam.seed.gz	15.1	41f014f4ab5628620935f089b1bb77987ebc162fda7c72bff368a32c9cccabac	4KQY	1	A	A	1	111	111	110	NA	110	110	G	G	no	no	yes	yes	110	A:110	ok
RF00162__4KQY_A	RF00162	URS000080DDBE_1423/1-119	112	112	A	230	Rfam.seed.gz	15.1	41f014f4ab5628620935f089b1bb77987ebc162fda7c72bff368a32c9cccabac	4KQY	1	A	A	1	112	112	111	NA	111	111	A	A	no	no	yes	yes	111	A:111	ok
RF00162__4KQY_A	RF00162	URS000080DDBE_1423/1-119	113	113	U	231	Rfam.seed.gz	15.1	41f014f4ab5628620935f089b1bb77987ebc162fda7c72bff368a32c9cccabac	4KQY	1	A	A	1	113	113	112	NA	112	112	U	U	no	no	yes	yes	112	A:112	ok
RF00162__4KQY_A	RF00162	URS000080DDBE_1423/1-119	114	114	A	232	Rfam.seed.gz	15.1	41f014f4ab5628620935f089b1bb77987ebc162fda7c72bff368a32c9cccabac	4KQY	1	A	A	1	114	114	113	NA	113	113	A	A	no	no	yes	yes	113	A:113	ok
RF00162__4KQY_A	RF00162	URS000080DDBE_1423/1-119	115	115	A	233	Rfam.seed.gz	15.1	41f014f4ab5628620935f089b1bb77987ebc162fda7c72bff368a32c9cccabac	4KQY	1	A	A	1	115	115	114	NA	114	114	A	A	no	no	yes	yes	114	A:114	ok
RF00162__4KQY_A	RF00162	URS000080DDBE_1423/1-119	116	116	G	234	Rfam.seed.gz	15.1	41f014f4ab5628620935f089b1bb77987ebc162fda7c72bff368a32c9cccabac	4KQY	1	A	A	1	116	116	115	NA	115	115	G	G	no	no	yes	yes	115	A:115	ok
RF00162__4KQY_A	RF00162	URS000080DDBE_1423/1-119	117	117	A	235	Rfam.seed.gz	15.1	41f014f4ab5628620935f089b1bb77987ebc162fda7c72bff368a32c9cccabac	4KQY	1	A	A	1	117	117	116	NA	116	116	A	A	no	no	yes	yes	116	A:116	ok
RF00162__4KQY_A	RF00162	URS000080DDBE_1423/1-119	118	118	A	236	Rfam.seed.gz	15.1	41f014f4ab5628620935f089b1bb77987ebc162fda7c72bff368a32c9cccabac	4KQY	1	A	A	1	118	118	117	NA	117	117	A	A	no	no	yes	yes	117	A:117	ok
RF00162__4KQY_A	RF00162	URS000080DDBE_1423/1-119	119	119	C	237	Rfam.seed.gz	15.1	41f014f4ab5628620935f089b1bb77987ebc162fda7c72bff368a32c9cccabac	4KQY	1	A	A	1	119	119	118	NA	118	118	C	C	no	no	yes	yes	118	A:118	ok
RF00522__6VUI_A	RF00522	URS000080E32E_119072/1-33	1	1	C	6	Rfam.seed.gz	15.1	41f014f4ab5628620935f089b1bb77987ebc162fda7c72bff368a32c9cccabac	6VUI	1	A	A	1	1	1	1	NA	1	1	C	C	no	no	yes	no	0	A:1	ok
RF00522__6VUI_A	RF00522	URS000080E32E_119072/1-33	2	2	U	7	Rfam.seed.gz	15.1	41f014f4ab5628620935f089b1bb77987ebc162fda7c72bff368a32c9cccabac	6VUI	1	A	A	1	2	2	2	NA	2	2	U	U	no	no	yes	yes	1	A:2	ok
RF00522__6VUI_A	RF00522	URS000080E32E_119072/1-33	3	3	G	8	Rfam.seed.gz	15.1	41f014f4ab5628620935f089b1bb77987ebc162fda7c72bff368a32c9cccabac	6VUI	1	A	A	1	3	3	3	NA	3	3	G	G	no	no	yes	yes	2	A:3	ok
RF00522__6VUI_A	RF00522	URS000080E32E_119072/1-33	4	4	G	9	Rfam.seed.gz	15.1	41f014f4ab5628620935f089b1bb77987ebc162fda7c72bff368a32c9cccabac	6VUI	1	A	A	1	4	4	4	NA	4	4	G	G	no	no	yes	yes	3	A:4	ok
RF00522__6VUI_A	RF00522	URS000080E32E_119072/1-33	5	5	G	10	Rfam.seed.gz	15.1	41f014f4ab5628620935f089b1bb77987ebc162fda7c72bff368a32c9cccabac	6VUI	1	A	A	1	5	5	5	NA	5	5	G	G	no	no	yes	yes	4	A:5	ok
RF00522__6VUI_A	RF00522	URS000080E32E_119072/1-33	6	6	U	11	Rfam.seed.gz	15.1	41f014f4ab5628620935f089b1bb77987ebc162fda7c72bff368a32c9cccabac	6VUI	1	A	A	1	6	6	6	NA	6	6	U	U	no	no	yes	yes	5	A:6	ok
RF00522__6VUI_A	RF00522	URS000080E32E_119072/1-33	7	7	C	13	Rfam.seed.gz	15.1	41f014f4ab5628620935f089b1bb77987ebc162fda7c72bff368a32c9cccabac	6VUI	1	A	A	1	7	7	7	NA	7	7	C	C	no	no	yes	yes	6	A:7	ok
RF00522__6VUI_A	RF00522	URS000080E32E_119072/1-33	8	8	G	14	Rfam.seed.gz	15.1	41f014f4ab5628620935f089b1bb77987ebc162fda7c72bff368a32c9cccabac	6VUI	1	A	A	1	8	8	8	NA	8	8	G	G	no	no	yes	yes	7	A:8	ok
RF00522__6VUI_A	RF00522	URS000080E32E_119072/1-33	9	9	C	15	Rfam.seed.gz	15.1	41f014f4ab5628620935f089b1bb77987ebc162fda7c72bff368a32c9cccabac	6VUI	1	A	A	1	9	9	9	NA	9	9	C	C	no	no	yes	yes	8	A:9	ok
RF00522__6VUI_A	RF00522	URS000080E32E_119072/1-33	10	10	A	16	Rfam.seed.gz	15.1	41f014f4ab5628620935f089b1bb77987ebc162fda7c72bff368a32c9cccabac	6VUI	1	A	A	1	10	10	10	NA	10	10	A	A	no	no	yes	yes	9	A:10	ok
RF00522__6VUI_A	RF00522	URS000080E32E_119072/1-33	11	11	G	17	Rfam.seed.gz	15.1	41f014f4ab5628620935f089b1bb77987ebc162fda7c72bff368a32c9cccabac	6VUI	1	A	A	1	11	11	11	NA	11	11	G	G	no	no	yes	yes	10	A:11	ok
RF00522__6VUI_A	RF00522	URS000080E32E_119072/1-33	12	12	U	20	Rfam.seed.gz	15.1	41f014f4ab5628620935f089b1bb77987ebc162fda7c72bff368a32c9cccabac	6VUI	1	A	A	1	12	12	12	NA	12	12	U	U	no	no	yes	yes	11	A:12	ok
RF00522__6VUI_A	RF00522	URS000080E32E_119072/1-33	13	13	A	22	Rfam.seed.gz	15.1	41f014f4ab5628620935f089b1bb77987ebc162fda7c72bff368a32c9cccabac	6VUI	1	A	A	1	13	13	13	NA	13	13	A	A	no	no	yes	yes	12	A:13	ok
RF00522__6VUI_A	RF00522	URS000080E32E_119072/1-33	14	14	A	25	Rfam.seed.gz	15.1	41f014f4ab5628620935f089b1bb77987ebc162fda7c72bff368a32c9cccabac	6VUI	1	A	A	1	14	14	14	NA	14	14	A	A	no	no	yes	yes	13	A:14	ok
RF00522__6VUI_A	RF00522	URS000080E32E_119072/1-33	15	15	C	26	Rfam.seed.gz	15.1	41f014f4ab5628620935f089b1bb77987ebc162fda7c72bff368a32c9cccabac	6VUI	1	A	A	1	15	15	15	NA	15	15	C	C	no	no	yes	yes	14	A:15	ok
RF00522__6VUI_A	RF00522	URS000080E32E_119072/1-33	16	16	C	27	Rfam.seed.gz	15.1	41f014f4ab5628620935f089b1bb77987ebc162fda7c72bff368a32c9cccabac	6VUI	1	A	A	1	16	16	16	NA	16	16	C	C	no	no	yes	yes	15	A:16	ok
RF00522__6VUI_A	RF00522	URS000080E32E_119072/1-33	17	17	C	28	Rfam.seed.gz	15.1	41f014f4ab5628620935f089b1bb77987ebc162fda7c72bff368a32c9cccabac	6VUI	1	A	A	1	17	17	17	NA	17	17	C	C	no	no	yes	yes	16	A:17	ok
RF00522__6VUI_A	RF00522	URS000080E32E_119072/1-33	18	18	C	29	Rfam.seed.gz	15.1	41f014f4ab5628620935f089b1bb77987ebc162fda7c72bff368a32c9cccabac	6VUI	1	A	A	1	18	18	18	NA	18	18	C	C	no	no	yes	yes	17	A:18	ok
RF00522__6VUI_A	RF00522	URS000080E32E_119072/1-33	19	19	A	30	Rfam.seed.gz	15.1	41f014f4ab5628620935f089b1bb77987ebc162fda7c72bff368a32c9cccabac	6VUI	1	A	A	1	19	19	19	NA	19	19	A	A	no	no	yes	yes	18	A:19	ok
RF00522__6VUI_A	RF00522	URS000080E32E_119072/1-33	20	20	G	31	Rfam.seed.gz	15.1	41f014f4ab5628620935f089b1bb77987ebc162fda7c72bff368a32c9cccabac	6VUI	1	A	A	1	20	20	20	NA	20	20	G	G	no	no	yes	yes	19	A:20	ok
RF00522__6VUI_A	RF00522	URS000080E32E_119072/1-33	21	21	U	32	Rfam.seed.gz	15.1	41f014f4ab5628620935f089b1bb77987ebc162fda7c72bff368a32c9cccabac	6VUI	1	A	A	1	21	21	21	NA	21	21	U	U	no	no	yes	yes	20	A:21	ok
RF00522__6VUI_A	RF00522	URS000080E32E_119072/1-33	22	22	U	53	Rfam.seed.gz	15.1	41f014f4ab5628620935f089b1bb77987ebc162fda7c72bff368a32c9cccabac	6VUI	1	A	A	1	22	22	22	NA	22	22	U	U	no	no	yes	yes	21	A:22	ok
RF00522__6VUI_A	RF00522	URS000080E32E_119072/1-33	23	23	A	54	Rfam.seed.gz	15.1	41f014f4ab5628620935f089b1bb77987ebc162fda7c72bff368a32c9cccabac	6VUI	1	A	A	1	23	23	23	NA	23	23	A	A	no	no	yes	yes	22	A:23	ok
RF00522__6VUI_A	RF00522	URS000080E32E_119072/1-33	24	24	A	55	Rfam.seed.gz	15.1	41f014f4ab5628620935f089b1bb77987ebc162fda7c72bff368a32c9cccabac	6VUI	1	A	A	1	24	24	24	NA	24	24	A	A	no	no	yes	yes	23	A:24	ok
RF00522__6VUI_A	RF00522	URS000080E32E_119072/1-33	25	25	C	56	Rfam.seed.gz	15.1	41f014f4ab5628620935f089b1bb77987ebc162fda7c72bff368a32c9cccabac	6VUI	1	A	A	1	25	25	25	NA	25	25	C	C	no	no	yes	yes	24	A:25	ok
RF00522__6VUI_A	RF00522	URS000080E32E_119072/1-33	26	26	A	57	Rfam.seed.gz	15.1	41f014f4ab5628620935f089b1bb77987ebc162fda7c72bff368a32c9cccabac	6VUI	1	A	A	1	26	26	26	NA	26	26	A	A	no	no	yes	yes	25	A:26	ok
RF00522__6VUI_A	RF00522	URS000080E32E_119072/1-33	27	27	A	58	Rfam.seed.gz	15.1	41f014f4ab5628620935f089b1bb77987ebc162fda7c72bff368a32c9cccabac	6VUI	1	A	A	1	27	27	27	NA	27	27	A	A	no	no	yes	yes	26	A:27	ok
RF00522__6VUI_A	RF00522	URS000080E32E_119072/1-33	28	28	A	59	Rfam.seed.gz	15.1	41f014f4ab5628620935f089b1bb77987ebc162fda7c72bff368a32c9cccabac	6VUI	1	A	A	1	28	28	28	NA	28	28	A	A	no	no	yes	yes	27	A:28	ok
RF00522__6VUI_A	RF00522	URS000080E32E_119072/1-33	29	29	A	60	Rfam.seed.gz	15.1	41f014f4ab5628620935f089b1bb77987ebc162fda7c72bff368a32c9cccabac	6VUI	1	A	A	1	29	29	29	NA	29	29	A	A	no	no	yes	yes	28	A:29	ok
RF00522__6VUI_A	RF00522	URS000080E32E_119072/1-33	30	30	C	61	Rfam.seed.gz	15.1	41f014f4ab5628620935f089b1bb77987ebc162fda7c72bff368a32c9cccabac	6VUI	1	A	A	1	30	30	30	NA	30	30	C	C	no	no	yes	yes	29	A:30	ok
RF00522__6VUI_A	RF00522	URS000080E32E_119072/1-33	31	31	A	63	Rfam.seed.gz	15.1	41f014f4ab5628620935f089b1bb77987ebc162fda7c72bff368a32c9cccabac	6VUI	1	A	A	1	31	31	31	NA	31	31	A	A	no	no	yes	yes	30	A:31	ok
RF00522__6VUI_A	RF00522	URS000080E32E_119072/1-33	32	32	A	64	Rfam.seed.gz	15.1	41f014f4ab5628620935f089b1bb77987ebc162fda7c72bff368a32c9cccabac	6VUI	1	A	A	1	32	32	32	NA	32	32	A	A	no	no	yes	yes	31	A:32	ok
RF00522__6VUI_A	RF00522	URS000080E32E_119072/1-33	33	33	G	65	Rfam.seed.gz	15.1	41f014f4ab5628620935f089b1bb77987ebc162fda7c72bff368a32c9cccabac	6VUI	1	A	A	1	33	33	33	NA	33	33	G	G	no	no	yes	yes	32	A:33	ok
RF00522__3FU2_A	RF00522	URS000080E020_32630/1-34	1	1	A	6	Rfam.seed.gz	15.1	41f014f4ab5628620935f089b1bb77987ebc162fda7c72bff368a32c9cccabac	3FU2	1	A	A	1	1	1	1	NA	1	1	A	A	no	no	yes	no	0	A:1	ok
RF00522__3FU2_A	RF00522	URS000080E020_32630/1-34	2	2	G	7	Rfam.seed.gz	15.1	41f014f4ab5628620935f089b1bb77987ebc162fda7c72bff368a32c9cccabac	3FU2	1	A	A	1	2	2	2	NA	2	2	G	G	no	no	yes	yes	1	A:2	ok
RF00522__3FU2_A	RF00522	URS000080E020_32630/1-34	3	3	A	8	Rfam.seed.gz	15.1	41f014f4ab5628620935f089b1bb77987ebc162fda7c72bff368a32c9cccabac	3FU2	1	A	A	1	3	3	3	NA	3	3	A	A	no	no	yes	yes	2	A:3	ok
RF00522__3FU2_A	RF00522	URS000080E020_32630/1-34	4	4	G	9	Rfam.seed.gz	15.1	41f014f4ab5628620935f089b1bb77987ebc162fda7c72bff368a32c9cccabac	3FU2	1	A	A	1	4	4	4	NA	4	4	G	G	no	no	yes	yes	3	A:4	ok
RF00522__3FU2_A	RF00522	URS000080E020_32630/1-34	5	5	G	10	Rfam.seed.gz	15.1	41f014f4ab5628620935f089b1bb77987ebc162fda7c72bff368a32c9cccabac	3FU2	1	A	A	1	5	5	5	NA	5	5	G	G	no	no	yes	yes	4	A:5	ok
RF00522__3FU2_A	RF00522	URS000080E020_32630/1-34	6	6	U	11	Rfam.seed.gz	15.1	41f014f4ab5628620935f089b1bb77987ebc162fda7c72bff368a32c9cccabac	3FU2	1	A	A	1	6	6	6	NA	6	6	U	U	no	no	yes	yes	5	A:6	ok
RF00522__3FU2_A	RF00522	URS000080E020_32630/1-34	7	7	U	12	Rfam.seed.gz	15.1	41f014f4ab5628620935f089b1bb77987ebc162fda7c72bff368a32c9cccabac	3FU2	1	A	A	1	7	7	7	NA	7	7	U	U	no	no	yes	yes	6	A:7	ok
RF00522__3FU2_A	RF00522	URS000080E020_32630/1-34	8	8	C	13	Rfam.seed.gz	15.1	41f014f4ab5628620935f089b1bb77987ebc162fda7c72bff368a32c9cccabac	3FU2	1	A	A	1	8	8	8	NA	8	8	C	C	no	no	yes	yes	7	A:8	ok
RF00522__3FU2_A	RF00522	URS000080E020_32630/1-34	9	9	U	15	Rfam.seed.gz	15.1	41f014f4ab5628620935f089b1bb77987ebc162fda7c72bff368a32c9cccabac	3FU2	1	A	A	1	9	9	9	NA	9	9	U	U	no	no	yes	yes	8	A:9	ok
RF00522__3FU2_A	RF00522	URS000080E020_32630/1-34	10	10	A	16	Rfam.seed.gz	15.1	41f014f4ab5628620935f089b1bb77987ebc162fda7c72bff368a32c9cccabac	3FU2	1	A	A	1	10	10	10	NA	10	10	A	A	no	no	yes	yes	9	A:10	ok
RF00522__3FU2_A	RF00522	URS000080E020_32630/1-34	11	11	G	17	Rfam.seed.gz	15.1	41f014f4ab5628620935f089b1bb77987ebc162fda7c72bff368a32c9cccabac	3FU2	1	A	A	1	11	11	11	NA	11	11	G	G	no	no	yes	yes	10	A:11	ok
RF00522__3FU2_A	RF00522	URS000080E020_32630/1-34	12	12	C	20	Rfam.seed.gz	15.1	41f014f4ab5628620935f089b1bb77987ebc162fda7c72bff368a32c9cccabac	3FU2	1	A	A	1	12	12	12	NA	12	12	C	C	no	no	yes	no	11	A:12	ok
RF00522__3FU2_A	RF00522	URS000080E020_32630/1-34	13	13	U	21	Rfam.seed.gz	15.1	41f014f4ab5628620935f089b1bb77987ebc162fda7c72bff368a32c9cccabac	3FU2	1	A	A	1	13	13	13	NA	NA	13	U	U	no	no	no	no	NA	NA	ok
RF00522__3FU2_A	RF00522	URS000080E020_32630/1-34	14	14	A	22	Rfam.seed.gz	15.1	41f014f4ab5628620935f089b1bb77987ebc162fda7c72bff368a32c9cccabac	3FU2	1	A	A	1	14	14	14	NA	NA	14	A	A	no	no	no	no	NA	NA	ok
RF00522__3FU2_A	RF00522	URS000080E020_32630/1-34	15	15	C	24	Rfam.seed.gz	15.1	41f014f4ab5628620935f089b1bb77987ebc162fda7c72bff368a32c9cccabac	3FU2	1	A	A	1	15	15	15	NA	15	15	C	C	no	no	yes	yes	12	A:15	ok
RF00522__3FU2_A	RF00522	URS000080E020_32630/1-34	16	16	A	25	Rfam.seed.gz	15.1	41f014f4ab5628620935f089b1bb77987ebc162fda7c72bff368a32c9cccabac	3FU2	1	A	A	1	16	16	16	NA	16	16	A	A	no	no	yes	yes	13	A:16	ok
RF00522__3FU2_A	RF00522	URS000080E020_32630/1-34	17	17	C	26	Rfam.seed.gz	15.1	41f014f4ab5628620935f089b1bb77987ebc162fda7c72bff368a32c9cccabac	3FU2	1	A	A	1	17	17	17	NA	17	17	C	C	no	no	yes	yes	14	A:17	ok
RF00522__3FU2_A	RF00522	URS000080E020_32630/1-34	18	18	C	27	Rfam.seed.gz	15.1	41f014f4ab5628620935f089b1bb77987ebc162fda7c72bff368a32c9cccabac	3FU2	1	A	A	1	18	18	18	NA	18	18	C	C	no	no	yes	yes	15	A:18	ok
RF00522__3FU2_A	RF00522	URS000080E020_32630/1-34	19	19	C	28	Rfam.seed.gz	15.1	41f014f4ab5628620935f089b1bb77987ebc162fda7c72bff368a32c9cccabac	3FU2	1	A	A	1	19	19	19	NA	19	19	C	C	no	no	yes	yes	16	A:19	ok
RF00522__3FU2_A	RF00522	URS000080E020_32630/1-34	20	20	U	29	Rfam.seed.gz	15.1	41f014f4ab5628620935f089b1bb77987ebc162fda7c72bff368a32c9cccabac	3FU2	1	A	A	1	20	20	20	NA	20	20	U	U	no	no	yes	yes	17	A:20	ok
RF00522__3FU2_A	RF00522	URS000080E020_32630/1-34	21	21	C	30	Rfam.seed.gz	15.1	41f014f4ab5628620935f089b1bb77987ebc162fda7c72bff368a32c9cccabac	3FU2	1	A	A	1	21	21	21	NA	21	21	C	C	no	no	yes	yes	18	A:21	ok
RF00522__3FU2_A	RF00522	URS000080E020_32630/1-34	22	22	U	31	Rfam.seed.gz	15.1	41f014f4ab5628620935f089b1bb77987ebc162fda7c72bff368a32c9cccabac	3FU2	1	A	A	1	22	22	22	NA	22	22	U	U	no	no	yes	yes	19	A:22	ok
RF00522__3FU2_A	RF00522	URS000080E020_32630/1-34	23	23	A	53	Rfam.seed.gz	15.1	41f014f4ab5628620935f089b1bb77987ebc162fda7c72bff368a32c9cccabac	3FU2	1	A	A	1	23	23	23	NA	23	23	A	A	no	no	yes	yes	20	A:23	ok
RF00522__3FU2_A	RF00522	URS000080E020_32630/1-34	24	24	U	54	Rfam.seed.gz	15.1	41f014f4ab5628620935f089b1bb77987ebc162fda7c72bff368a32c9cccabac	3FU2	1	A	A	1	24	24	24	NA	24	24	U	U	no	no	yes	yes	21	A:24	ok
RF00522__3FU2_A	RF00522	URS000080E020_32630/1-34	25	25	A	55	Rfam.seed.gz	15.1	41f014f4ab5628620935f089b1bb77987ebc162fda7c72bff368a32c9cccabac	3FU2	1	A	A	1	25	25	25	NA	25	25	A	A	no	no	yes	yes	22	A:25	ok
RF00522__3FU2_A	RF00522	URS000080E020_32630/1-34	26	26	A	56	Rfam.seed.gz	15.1	41f014f4ab5628620935f089b1bb77987ebc162fda7c72bff368a32c9cccabac	3FU2	1	A	A	1	26	26	26	NA	26	26	A	A	no	no	yes	yes	23	A:26	ok
RF00522__3FU2_A	RF00522	URS000080E020_32630/1-34	27	27	A	57	Rfam.seed.gz	15.1	41f014f4ab5628620935f089b1bb77987ebc162fda7c72bff368a32c9cccabac	3FU2	1	A	A	1	27	27	27	NA	27	27	A	A	no	no	yes	yes	24	A:27	ok
RF00522__3FU2_A	RF00522	URS000080E020_32630/1-34	28	28	A	58	Rfam.seed.gz	15.1	41f014f4ab5628620935f089b1bb77987ebc162fda7c72bff368a32c9cccabac	3FU2	1	A	A	1	28	28	28	NA	28	28	A	A	no	no	yes	yes	25	A:28	ok
RF00522__3FU2_A	RF00522	URS000080E020_32630/1-34	29	29	A	59	Rfam.seed.gz	15.1	41f014f4ab5628620935f089b1bb77987ebc162fda7c72bff368a32c9cccabac	3FU2	1	A	A	1	29	29	29	NA	29	29	A	A	no	no	yes	yes	26	A:29	ok
RF00522__3FU2_A	RF00522	URS000080E020_32630/1-34	30	30	A	60	Rfam.seed.gz	15.1	41f014f4ab5628620935f089b1bb77987ebc162fda7c72bff368a32c9cccabac	3FU2	1	A	A	1	30	30	30	NA	30	30	A	A	no	no	yes	yes	27	A:30	ok
RF00522__3FU2_A	RF00522	URS000080E020_32630/1-34	31	31	C	61	Rfam.seed.gz	15.1	41f014f4ab5628620935f089b1bb77987ebc162fda7c72bff368a32c9cccabac	3FU2	1	A	A	1	31	31	31	NA	31	31	C	C	no	no	yes	yes	28	A:31	ok
RF00522__3FU2_A	RF00522	URS000080E020_32630/1-34	32	32	U	62	Rfam.seed.gz	15.1	41f014f4ab5628620935f089b1bb77987ebc162fda7c72bff368a32c9cccabac	3FU2	1	A	A	1	32	32	32	NA	32	32	U	U	no	no	yes	yes	29	A:32	ok
RF00522__3FU2_A	RF00522	URS000080E020_32630/1-34	33	33	A	63	Rfam.seed.gz	15.1	41f014f4ab5628620935f089b1bb77987ebc162fda7c72bff368a32c9cccabac	3FU2	1	A	A	1	33	33	33	NA	33	33	A	A	no	no	yes	yes	30	A:33	ok
RF00522__3FU2_A	RF00522	URS000080E020_32630/1-34	34	34	A	64	Rfam.seed.gz	15.1	41f014f4ab5628620935f089b1bb77987ebc162fda7c72bff368a32c9cccabac	3FU2	1	A	A	1	34	34	34	NA	34	34	A	A	no	no	yes	yes	31	A:34	ok
RF00522__7REX_A	RF00522	URS00023119CB_2126436/1-34	1	1	U	6	Rfam.seed.gz	15.1	41f014f4ab5628620935f089b1bb77987ebc162fda7c72bff368a32c9cccabac	7REX	1	A	A	1	1	1	1	NA	1	1	U	U	no	no	yes	no	0	A:1	ok
RF00522__7REX_A	RF00522	URS00023119CB_2126436/1-34	2	2	G	7	Rfam.seed.gz	15.1	41f014f4ab5628620935f089b1bb77987ebc162fda7c72bff368a32c9cccabac	7REX	1	A	A	1	2	2	2	NA	2	2	G	G	no	no	yes	yes	1	A:2	ok
RF00522__7REX_A	RF00522	URS00023119CB_2126436/1-34	3	3	U	8	Rfam.seed.gz	15.1	41f014f4ab5628620935f089b1bb77987ebc162fda7c72bff368a32c9cccabac	7REX	1	A	A	1	3	3	3	NA	3	3	U	U	no	no	yes	yes	2	A:3	ok
RF00522__7REX_A	RF00522	URS00023119CB_2126436/1-34	4	4	G	9	Rfam.seed.gz	15.1	41f014f4ab5628620935f089b1bb77987ebc162fda7c72bff368a32c9cccabac	7REX	1	A	A	1	4	4	4	NA	4	4	G	G	no	no	yes	yes	3	A:4	ok
RF00522__7REX_A	RF00522	URS00023119CB_2126436/1-34	5	5	G	10	Rfam.seed.gz	15.1	41f014f4ab5628620935f089b1bb77987ebc162fda7c72bff368a32c9cccabac	7REX	1	A	A	1	5	5	5	NA	5	5	G	G	no	no	yes	yes	4	A:5	ok
RF00522__7REX_A	RF00522	URS00023119CB_2126436/1-34	6	6	U	11	Rfam.seed.gz	15.1	41f014f4ab5628620935f089b1bb77987ebc162fda7c72bff368a32c9cccabac	7REX	1	A	A	1	6	6	6	NA	6	6	U	U	no	no	yes	yes	5	A:6	ok
RF00522__7REX_A	RF00522	URS00023119CB_2126436/1-34	7	7	U	12	Rfam.seed.gz	15.1	41f014f4ab5628620935f089b1bb77987ebc162fda7c72bff368a32c9cccabac	7REX	1	A	A	1	7	7	7	NA	7	7	U	U	no	no	yes	yes	6	A:7	ok
RF00522__7REX_A	RF00522	URS00023119CB_2126436/1-34	8	8	C	13	Rfam.seed.gz	15.1	41f014f4ab5628620935f089b1bb77987ebc162fda7c72bff368a32c9cccabac	7REX	1	A	A	1	8	8	8	NA	8	8	C	C	no	no	yes	yes	7	A:8	ok
RF00522__7REX_A	RF00522	URS00023119CB_2126436/1-34	9	9	G	14	Rfam.seed.gz	15.1	41f014f4ab5628620935f089b1bb77987ebc162fda7c72bff368a32c9cccabac	7REX	1	A	A	1	9	9	9	NA	9	9	G	G	no	no	yes	yes	8	A:9	ok
RF00522__7REX_A	RF00522	URS00023119CB_2126436/1-34	10	10	C	15	Rfam.seed.gz	15.1	41f014f4ab5628620935f089b1bb77987ebc162fda7c72bff368a32c9cccabac	7REX	1	A	A	1	10	10	10	NA	10	10	C	C	no	no	yes	yes	9	A:10	ok
RF00522__7REX_A	RF00522	URS00023119CB_2126436/1-34	11	11	A	16	Rfam.seed.gz	15.1	41f014f4ab5628620935f089b1bb77987ebc162fda7c72bff368a32c9cccabac	7REX	1	A	A	1	11	11	11	NA	11	11	A	A	no	no	yes	yes	10	A:11	ok
RF00522__7REX_A	RF00522	URS00023119CB_2126436/1-34	12	12	A	17	Rfam.seed.gz	15.1	41f014f4ab5628620935f089b1bb77987ebc162fda7c72bff368a32c9cccabac	7REX	1	A	A	1	12	12	12	NA	12	12	A	A	no	no	yes	yes	11	A:12	ok
RF00522__7REX_A	RF00522	URS00023119CB_2126436/1-34	13	13	C	20	Rfam.seed.gz	15.1	41f014f4ab5628620935f089b1bb77987ebc162fda7c72bff368a32c9cccabac	7REX	1	A	A	1	13	13	13	NA	13	13	C	C	no	no	yes	yes	12	A:13	ok
RF00522__7REX_A	RF00522	URS00023119CB_2126436/1-34	14	14	C	21	Rfam.seed.gz	15.1	41f014f4ab5628620935f089b1bb77987ebc162fda7c72bff368a32c9cccabac	7REX	1	A	A	1	14	14	14	NA	14	14	C	C	no	no	yes	yes	13	A:14	ok
RF00522__7REX_A	RF00522	URS00023119CB_2126436/1-34	15	15	A	25	Rfam.seed.gz	15.1	41f014f4ab5628620935f089b1bb77987ebc162fda7c72bff368a32c9cccabac	7REX	1	A	A	1	15	15	15	NA	15	15	A	A	no	no	yes	yes	14	A:15	ok
RF00522__7REX_A	RF00522	URS00023119CB_2126436/1-34	16	16	U	26	Rfam.seed.gz	15.1	41f014f4ab5628620935f089b1bb77987ebc162fda7c72bff368a32c9cccabac	7REX	1	A	A	1	16	16	16	NA	16	16	U	U	no	no	yes	yes	15	A:16	ok
RF00522__7REX_A	RF00522	URS00023119CB_2126436/1-34	17	17	C	27	Rfam.seed.gz	15.1	41f014f4ab5628620935f089b1bb77987ebc162fda7c72bff368a32c9cccabac	7REX	1	A	A	1	17	17	17	NA	17	17	C	C	no	no	yes	yes	16	A:17	ok
RF00522__7REX_A	RF00522	URS00023119CB_2126436/1-34	18	18	C	28	Rfam.seed.gz	15.1	41f014f4ab5628620935f089b1bb77987ebc162fda7c72bff368a32c9cccabac	7REX	1	A	A	1	18	18	18	NA	18	18	C	C	no	no	yes	yes	17	A:18	ok
RF00522__7REX_A	RF00522	URS00023119CB_2126436/1-34	19	19	C	29	Rfam.seed.gz	15.1	41f014f4ab5628620935f089b1bb77987ebc162fda7c72bff368a32c9cccabac	7REX	1	A	A	1	19	19	19	NA	19	19	C	C	no	no	yes	yes	18	A:19	ok
RF00522__7REX_A	RF00522	URS00023119CB_2126436/1-34	20	20	A	30	Rfam.seed.gz	15.1	41f014f4ab5628620935f089b1bb77987ebc162fda7c72bff368a32c9cccabac	7REX	1	A	A	1	20	20	20	NA	20	20	A	A	no	no	yes	yes	19	A:20	ok
RF00522__7REX_A	RF00522	URS00023119CB_2126436/1-34	21	21	C	31	Rfam.seed.gz	15.1	41f014f4ab5628620935f089b1bb77987ebc162fda7c72bff368a32c9cccabac	7REX	1	A	A	1	21	21	21	NA	21	21	C	C	no	no	yes	yes	20	A:21	ok
RF00522__7REX_A	RF00522	URS00023119CB_2126436/1-34	22	22	A	32	Rfam.seed.gz	15.1	41f014f4ab5628620935f089b1bb77987ebc162fda7c72bff368a32c9cccabac	7REX	1	A	A	1	22	22	22	NA	22	22	A	A	no	no	yes	yes	21	A:22	ok
RF00522__7REX_A	RF00522	URS00023119CB_2126436/1-34	23	23	U	53	Rfam.seed.gz	15.1	41f014f4ab5628620935f089b1bb77987ebc162fda7c72bff368a32c9cccabac	7REX	1	A	A	1	23	23	23	NA	23	23	U	U	no	no	yes	yes	22	A:23	ok
RF00522__7REX_A	RF00522	URS00023119CB_2126436/1-34	24	24	A	54	Rfam.seed.gz	15.1	41f014f4ab5628620935f089b1bb77987ebc162fda7c72bff368a32c9cccabac	7REX	1	A	A	1	24	24	24	NA	24	24	A	A	no	no	yes	yes	23	A:24	ok
RF00522__7REX_A	RF00522	URS00023119CB_2126436/1-34	25	25	A	55	Rfam.seed.gz	15.1	41f014f4ab5628620935f089b1bb77987ebc162fda7c72bff368a32c9cccabac	7REX	1	A	A	1	25	25	25	NA	25	25	A	A	no	no	yes	yes	24	A:25	ok
RF00522__7REX_A	RF00522	URS00023119CB_2126436/1-34	26	26	A	56	Rfam.seed.gz	15.1	41f014f4ab5628620935f089b1bb77987ebc162fda7c72bff368a32c9cccabac	7REX	1	A	A	1	26	26	26	NA	26	26	A	A	no	no	yes	yes	25	A:26	ok
RF00522__7REX_A	RF00522	URS00023119CB_2126436/1-34	27	27	A	57	Rfam.seed.gz	15.1	41f014f4ab5628620935f089b1bb77987ebc162fda7c72bff368a32c9cccabac	7REX	1	A	A	1	27	27	27	NA	27	27	A	A	no	no	yes	yes	26	A:27	ok
RF00522__7REX_A	RF00522	URS00023119CB_2126436/1-34	28	28	A	58	Rfam.seed.gz	15.1	41f014f4ab5628620935f089b1bb77987ebc162fda7c72bff368a32c9cccabac	7REX	1	A	A	1	28	28	28	NA	28	28	A	A	no	no	yes	yes	27	A:28	ok
RF00522__7REX_A	RF00522	URS00023119CB_2126436/1-34	29	29	A	59	Rfam.seed.gz	15.1	41f014f4ab5628620935f089b1bb77987ebc162fda7c72bff368a32c9cccabac	7REX	1	A	A	1	29	29	29	NA	29	29	A	A	no	no	yes	yes	28	A:29	ok
RF00522__7REX_A	RF00522	URS00023119CB_2126436/1-34	30	30	A	60	Rfam.seed.gz	15.1	41f014f4ab5628620935f089b1bb77987ebc162fda7c72bff368a32c9cccabac	7REX	1	A	A	1	30	30	30	NA	30	30	A	A	no	no	yes	yes	29	A:30	ok
RF00522__7REX_A	RF00522	URS00023119CB_2126436/1-34	31	31	C	61	Rfam.seed.gz	15.1	41f014f4ab5628620935f089b1bb77987ebc162fda7c72bff368a32c9cccabac	7REX	1	A	A	1	31	31	31	NA	31	31	C	C	no	no	yes	yes	30	A:31	ok
RF00522__7REX_A	RF00522	URS00023119CB_2126436/1-34	32	32	U	63	Rfam.seed.gz	15.1	41f014f4ab5628620935f089b1bb77987ebc162fda7c72bff368a32c9cccabac	7REX	1	A	A	1	32	32	32	NA	32	32	U	U	no	no	yes	yes	31	A:32	ok
RF00522__7REX_A	RF00522	URS00023119CB_2126436/1-34	33	33	A	64	Rfam.seed.gz	15.1	41f014f4ab5628620935f089b1bb77987ebc162fda7c72bff368a32c9cccabac	7REX	1	A	A	1	33	33	33	NA	33	33	A	A	no	no	yes	yes	32	A:33	ok
RF00522__7REX_A	RF00522	URS00023119CB_2126436/1-34	34	34	G	65	Rfam.seed.gz	15.1	41f014f4ab5628620935f089b1bb77987ebc162fda7c72bff368a32c9cccabac	7REX	1	A	A	1	34	34	34	NA	34	34	G	G	no	no	yes	yes	33	A:34	ok
RF00174__4GXY_A	RF00174	URS000080DFBC_32630/1-172	1	1	G	12	Rfam.seed.gz	15.1	41f014f4ab5628620935f089b1bb77987ebc162fda7c72bff368a32c9cccabac	4GXY	1	A	A	1	1	1	1	NA	1	1	GTP	G	yes	yes	yes	no	0	A:1	ok
RF00174__4GXY_A	RF00174	URS000080DFBC_32630/1-172	2	2	G	13	Rfam.seed.gz	15.1	41f014f4ab5628620935f089b1bb77987ebc162fda7c72bff368a32c9cccabac	4GXY	1	A	A	1	2	2	2	NA	2	2	G	G	no	no	yes	yes	1	A:2	ok
RF00174__4GXY_A	RF00174	URS000080DFBC_32630/1-172	3	3	C	14	Rfam.seed.gz	15.1	41f014f4ab5628620935f089b1bb77987ebc162fda7c72bff368a32c9cccabac	4GXY	1	A	A	1	3	3	3	NA	3	3	C	C	no	no	yes	yes	2	A:3	ok
RF00174__4GXY_A	RF00174	URS000080DFBC_32630/1-172	4	4	G	15	Rfam.seed.gz	15.1	41f014f4ab5628620935f089b1bb77987ebc162fda7c72bff368a32c9cccabac	4GXY	1	A	A	1	4	4	4	NA	4	4	G	G	no	no	yes	yes	3	A:4	ok
RF00174__4GXY_A	RF00174	URS000080DFBC_32630/1-172	5	5	G	16	Rfam.seed.gz	15.1	41f014f4ab5628620935f089b1bb77987ebc162fda7c72bff368a32c9cccabac	4GXY	1	A	A	1	5	5	5	NA	5	5	G	G	no	no	yes	yes	4	A:5	ok
RF00174__4GXY_A	RF00174	URS000080DFBC_32630/1-172	6	6	C	18	Rfam.seed.gz	15.1	41f014f4ab5628620935f089b1bb77987ebc162fda7c72bff368a32c9cccabac	4GXY	1	A	A	1	6	6	6	NA	6	6	C	C	no	no	yes	yes	5	A:6	ok
RF00174__4GXY_A	RF00174	URS000080DFBC_32630/1-172	7	7	A	20	Rfam.seed.gz	15.1	41f014f4ab5628620935f089b1bb77987ebc162fda7c72bff368a32c9cccabac	4GXY	1	A	A	1	7	7	7	NA	7	7	A	A	no	no	yes	yes	6	A:7	ok
RF00174__4GXY_A	RF00174	URS000080DFBC_32630/1-172	8	8	G	22	Rfam.seed.gz	15.1	41f014f4ab5628620935f089b1bb77987ebc162fda7c72bff368a32c9cccabac	4GXY	1	A	A	1	8	8	8	NA	8	8	G	G	no	no	yes	yes	7	A:8	ok
RF00174__4GXY_A	RF00174	URS000080DFBC_32630/1-172	9	9	G	24	Rfam.seed.gz	15.1	41f014f4ab5628620935f089b1bb77987ebc162fda7c72bff368a32c9cccabac	4GXY	1	A	A	1	9	9	9	NA	9	9	G	G	no	no	yes	yes	8	A:9	ok
RF00174__4GXY_A	RF00174	URS000080DFBC_32630/1-172	10	10	U	25	Rfam.seed.gz	15.1	41f014f4ab5628620935f089b1bb77987ebc162fda7c72bff368a32c9cccabac	4GXY	1	A	A	1	10	10	10	NA	10	10	U	U	no	no	yes	yes	9	A:10	ok
RF00174__4GXY_A	RF00174	URS000080DFBC_32630/1-172	11	11	G	29	Rfam.seed.gz	15.1	41f014f4ab5628620935f089b1bb77987ebc162fda7c72bff368a32c9cccabac	4GXY	1	A	A	1	11	11	11	NA	11	11	G	G	no	no	yes	yes	10	A:11	ok
RF00174__4GXY_A	RF00174	URS000080DFBC_32630/1-172	12	12	C	30	Rfam.seed.gz	15.1	41f014f4ab5628620935f089b1bb77987ebc162fda7c72bff368a32c9cccabac	4GXY	1	A	A	1	12	12	12	NA	12	12	C	C	no	no	yes	yes	11	A:12	ok
RF00174__4GXY_A	RF00174	URS000080DFBC_32630/1-172	13	13	U	31	Rfam.seed.gz	15.1	41f014f4ab5628620935f089b1bb77987ebc162fda7c72bff368a32c9cccabac	4GXY	1	A	A	1	13	13	13	NA	13	13	U	U	no	no	yes	yes	12	A:13	ok
RF00174__4GXY_A	RF00174	URS000080DFBC_32630/1-172	14	14	C	32	Rfam.seed.gz	15.1	41f014f4ab5628620935f089b1bb77987ebc162fda7c72bff368a32c9cccabac	4GXY	1	A	A	1	14	14	14	NA	14	14	C	C	no	no	yes	yes	13	A:14	ok
RF00174__4GXY_A	RF00174	URS000080DFBC_32630/1-172	15	15	C	33	Rfam.seed.gz	15.1	41f014f4ab5628620935f089b1bb77987ebc162fda7c72bff368a32c9cccabac	4GXY	1	A	A	1	15	15	15	NA	15	15	C	C	no	no	yes	yes	14	A:15	ok
RF00174__4GXY_A	RF00174	URS000080DFBC_32630/1-172	16	16	C	34	Rfam.seed.gz	15.1	41f014f4ab5628620935f089b1bb77987ebc162fda7c72bff368a32c9cccabac	4GXY	1	A	A	1	16	16	16	NA	16	16	C	C	no	no	yes	yes	15	A:16	ok
RF00174__4GXY_A	RF00174	URS000080DFBC_32630/1-172	17	17	G	35	Rfam.seed.gz	15.1	41f014f4ab5628620935f089b1bb77987ebc162fda7c72bff368a32c9cccabac	4GXY	1	A	A	1	17	17	17	NA	17	17	G	G	no	no	yes	yes	16	A:17	ok
RF00174__4GXY_A	RF00174	URS000080DFBC_32630/1-172	18	18	A	36	Rfam.seed.gz	15.1	41f014f4ab5628620935f089b1bb77987ebc162fda7c72bff368a32c9cccabac	4GXY	1	A	A	1	18	18	18	NA	18	18	A	A	no	no	yes	yes	17	A:18	ok
RF00174__4GXY_A	RF00174	URS000080DFBC_32630/1-172	19	19	C	37	Rfam.seed.gz	15.1	41f014f4ab5628620935f089b1bb77987ebc162fda7c72bff368a32c9cccabac	4GXY	1	A	A	1	19	19	19	NA	19	19	C	C	no	no	yes	yes	18	A:19	ok
RF00174__4GXY_A	RF00174	URS000080DFBC_32630/1-172	20	20	C	38	Rfam.seed.gz	15.1	41f014f4ab5628620935f089b1bb77987ebc162fda7c72bff368a32c9cccabac	4GXY	1	A	A	1	20	20	20	NA	NA	20	C	C	no	no	no	no	NA	NA	ok
RF00174__4GXY_A	RF00174	URS000080DFBC_32630/1-172	21	21	C	57	Rfam.seed.gz	15.1	41f014f4ab5628620935f089b1bb77987ebc162fda7c72bff368a32c9cccabac	4GXY	1	A	A	1	21	21	21	NA	NA	21	C	C	no	no	no	no	NA	NA	ok
RF00174__4GXY_A	RF00174	URS000080DFBC_32630/1-172	22	22	U	58	Rfam.seed.gz	15.1	41f014f4ab5628620935f089b1bb77987ebc162fda7c72bff368a32c9cccabac	4GXY	1	A	A	1	22	22	22	NA	NA	22	U	U	no	no	no	no	NA	NA	ok
RF00174__4GXY_A	RF00174	URS000080DFBC_32630/1-172	23	23	G	59	Rfam.seed.gz	15.1	41f014f4ab5628620935f089b1bb77987ebc162fda7c72bff368a32c9cccabac	4GXY	1	A	A	1	23	23	23	NA	NA	23	G	G	no	no	no	no	NA	NA	ok
RF00174__4GXY_A	RF00174	URS000080DFBC_32630/1-172	24	24	C	60	Rfam.seed.gz	15.1	41f014f4ab5628620935f089b1bb77987ebc162fda7c72bff368a32c9cccabac	4GXY	1	A	A	1	24	24	24	NA	NA	24	C	C	no	no	no	no	NA	NA	ok
RF00174__4GXY_A	RF00174	URS000080DFBC_32630/1-172	25	25	G	61	Rfam.seed.gz	15.1	41f014f4ab5628620935f089b1bb77987ebc162fda7c72bff368a32c9cccabac	4GXY	1	A	A	1	25	25	25	NA	NA	25	G	G	no	no	no	no	NA	NA	ok
RF00174__4GXY_A	RF00174	URS000080DFBC_32630/1-172	26	26	G	62	Rfam.seed.gz	15.1	41f014f4ab5628620935f089b1bb77987ebc162fda7c72bff368a32c9cccabac	4GXY	1	A	A	1	26	26	26	NA	26	26	G	G	no	no	yes	yes	19	A:26	ok
RF00174__4GXY_A	RF00174	URS000080DFBC_32630/1-172	27	27	U	63	Rfam.seed.gz	15.1	41f014f4ab5628620935f089b1bb77987ebc162fda7c72bff368a32c9cccabac	4GXY	1	A	A	1	27	27	27	NA	27	27	U	U	no	no	yes	yes	20	A:27	ok
RF00174__4GXY_A	RF00174	URS000080DFBC_32630/1-172	28	28	C	65	Rfam.seed.gz	15.1	41f014f4ab5628620935f089b1bb77987ebc162fda7c72bff368a32c9cccabac	4GXY	1	A	A	1	28	28	28	NA	28	28	C	C	no	no	yes	yes	21	A:28	ok
RF00174__4GXY_A	RF00174	URS000080DFBC_32630/1-172	29	29	G	66	Rfam.seed.gz	15.1	41f014f4ab5628620935f089b1bb77987ebc162fda7c72bff368a32c9cccabac	4GXY	1	A	A	1	29	29	29	NA	29	29	G	G	no	no	yes	yes	22	A:29	ok
RF00174__4GXY_A	RF00174	URS000080DFBC_32630/1-172	30	30	G	67	Rfam.seed.gz	15.1	41f014f4ab5628620935f089b1bb77987ebc162fda7c72bff368a32c9cccabac	4GXY	1	A	A	1	30	30	30	NA	30	30	G	G	no	no	yes	yes	23	A:30	ok
RF00174__4GXY_A	RF00174	URS000080DFBC_32630/1-172	31	31	G	68	Rfam.seed.gz	15.1	41f014f4ab5628620935f089b1bb77987ebc162fda7c72bff368a32c9cccabac	4GXY	1	A	A	1	31	31	31	NA	31	31	G	G	no	no	yes	yes	24	A:31	ok
RF00174__4GXY_A	RF00174	URS000080DFBC_32630/1-172	32	32	A	69	Rfam.seed.gz	15.1	41f014f4ab5628620935f089b1bb77987ebc162fda7c72bff368a32c9cccabac	4GXY	1	A	A	1	32	32	32	NA	32	32	A	A	no	no	yes	yes	25	A:32	ok
RF00174__4GXY_A	RF00174	URS000080DFBC_32630/1-172	33	33	G	70	Rfam.seed.gz	15.1	41f014f4ab5628620935f089b1bb77987ebc162fda7c72bff368a32c9cccabac	4GXY	1	A	A	1	33	33	33	NA	33	33	G	G	no	no	yes	yes	26	A:33	ok
RF00174__4GXY_A	RF00174	URS000080DFBC_32630/1-172	34	34	U	71	Rfam.seed.gz	15.1	41f014f4ab5628620935f089b1bb77987ebc162fda7c72bff368a32c9cccabac	4GXY	1	A	A	1	34	34	34	NA	34	34	U	U	no	no	yes	yes	27	A:34	ok
RF00174__4GXY_A	RF00174	URS000080DFBC_32630/1-172	35	35	U	72	Rfam.seed.gz	15.1	41f014f4ab5628620935f089b1bb77987ebc162fda7c72bff368a32c9cccabac	4GXY	1	A	A	1	35	35	35	NA	35	35	U	U	no	no	yes	yes	28	A:35	ok
RF00174__4GXY_A	RF00174	URS000080DFBC_32630/1-172	36	36	A	77	Rfam.seed.gz	15.1	41f014f4ab5628620935f089b1bb77987ebc162fda7c72bff368a32c9cccabac	4GXY	1	A	A	1	36	36	36	NA	36	36	A	A	no	no	yes	yes	29	A:36	ok
RF00174__4GXY_A	RF00174	URS000080DFBC_32630/1-172	37	37	A	78	Rfam.seed.gz	15.1	41f014f4ab5628620935f089b1bb77987ebc162fda7c72bff368a32c9cccabac	4GXY	1	A	A	1	37	37	37	NA	37	37	A	A	no	no	yes	yes	30	A:37	ok
RF00174__4GXY_A	RF00174	URS000080DFBC_32630/1-172	38	38	A	79	Rfam.seed.gz	15.1	41f014f4ab5628620935f089b1bb77987ebc162fda7c72bff368a32c9cccabac	4GXY	1	A	A	1	38	38	38	NA	38	38	A	A	no	no	yes	yes	31	A:38	ok
RF00174__4GXY_A	RF00174	URS000080DFBC_32630/1-172	39	39	A	80	Rfam.seed.gz	15.1	41f014f4ab5628620935f089b1bb77987ebc162fda7c72bff368a32c9cccabac	4GXY	1	A	A	1	39	39	39	NA	39	39	A	A	no	no	yes	yes	32	A:39	ok
RF00174__4GXY_A	RF00174	URS000080DFBC_32630/1-172	40	40	G	82	Rfam.seed.gz	15.1	41f014f4ab5628620935f089b1bb77987ebc162fda7c72bff368a32c9cccabac	4GXY	1	A	A	1	40	40	40	NA	40	40	G	G	no	no	yes	yes	33	A:40	ok
RF00174__4GXY_A	RF00174	URS000080DFBC_32630/1-172	41	41	G	83	Rfam.seed.gz	15.1	41f014f4ab5628620935f089b1bb77987ebc162fda7c72bff368a32c9cccabac	4GXY	1	A	A	1	41	41	41	NA	41	41	G	G	no	no	yes	yes	34	A:41	ok
RF00174__4GXY_A	RF00174	URS000080DFBC_32630/1-172	42	42	G	84	Rfam.seed.gz	15.1	41f014f4ab5628620935f089b1bb77987ebc162fda7c72bff368a32c9cccabac	4GXY	1	A	A	1	42	42	42	NA	42	42	G	G	no	no	yes	yes	35	A:42	ok
RF00174__4GXY_A	RF00174	URS000080DFBC_32630/1-172	43	43	A	85	Rfam.seed.gz	15.1	41f014f4ab5628620935f089b1bb77987ebc162fda7c72bff368a32c9cccabac	4GXY	1	A	A	1	43	43	43	NA	43	43	A	A	no	no	yes	yes	36	A:43	ok
RF00174__4GXY_A	RF00174	URS000080DFBC_32630/1-172	44	44	A	86	Rfam.seed.gz	15.1	41f014f4ab5628620935f089b1bb77987ebc162fda7c72bff368a32c9cccabac	4GXY	1	A	A	1	44	44	44	NA	44	44	A	A	no	no	yes	yes	37	A:44	ok
RF00174__4GXY_A	RF00174	URS000080DFBC_32630/1-172	45	45	G	88	Rfam.seed.gz	15.1	41f014f4ab5628620935f089b1bb77987ebc162fda7c72bff368a32c9cccabac	4GXY	1	A	A	1	45	45	45	NA	45	45	G	G	no	no	yes	yes	38	A:45	ok
RF00174__4GXY_A	RF00174	URS000080DFBC_32630/1-172	46	46	C	90	Rfam.seed.gz	15.1	41f014f4ab5628620935f089b1bb77987ebc162fda7c72bff368a32c9cccabac	4GXY	1	A	A	1	46	46	46	NA	46	46	C	C	no	no	yes	yes	39	A:46	ok
RF00174__4GXY_A	RF00174	URS000080DFBC_32630/1-172	47	47	C	91	Rfam.seed.gz	15.1	41f014f4ab5628620935f089b1bb77987ebc162fda7c72bff368a32c9cccabac	4GXY	1	A	A	1	47	47	47	NA	47	47	C	C	no	no	yes	yes	40	A:47	ok
RF00174__4GXY_A	RF00174	URS000080DFBC_32630/1-172	48	48	G	93	Rfam.seed.gz	15.1	41f014f4ab5628620935f089b1bb77987ebc162fda7c72bff368a32c9cccabac	4GXY	1	A	A	1	48	48	48	NA	48	48	G	G	no	no	yes	yes	41	A:48	ok
RF00174__4GXY_A	RF00174	URS000080DFBC_32630/1-172	49	49	G	94	Rfam.seed.gz	15.1	41f014f4ab5628620935f089b1bb77987ebc162fda7c72bff368a32c9cccabac	4GXY	1	A	A	1	49	49	49	NA	49	49	G	G	no	no	yes	yes	42	A:49	ok
RF00174__4GXY_A	RF00174	URS000080DFBC_32630/1-172	50	50	U	96	Rfam.seed.gz	15.1	41f014f4ab5628620935f089b1bb77987ebc162fda7c72bff368a32c9cccabac	4GXY	1	A	A	1	50	50	50	NA	50	50	U	U	no	no	yes	yes	43	A:50	ok
RF00174__4GXY_A	RF00174	URS000080DFBC_32630/1-172	51	51	G	97	Rfam.seed.gz	15.1	41f014f4ab5628620935f089b1bb77987ebc162fda7c72bff368a32c9cccabac	4GXY	1	A	A	1	51	51	51	NA	51	51	G	G	no	no	yes	yes	44	A:51	ok
RF00174__4GXY_A	RF00174	URS000080DFBC_32630/1-172	52	52	C	98	Rfam.seed.gz	15.1	41f014f4ab5628620935f089b1bb77987ebc162fda7c72bff368a32c9cccabac	4GXY	1	A	A	1	52	52	52	NA	52	52	C	C	no	no	yes	yes	45	A:52	ok
RF00174__4GXY_A	RF00174	URS000080DFBC_32630/1-172	53	53	A	130	Rfam.seed.gz	15.1	41f014f4ab5628620935f089b1bb77987ebc162fda7c72bff368a32c9cccabac	4GXY	1	A	A	1	53	53	53	NA	53	53	A	A	no	no	yes	yes	46	A:53	ok
RF00174__4GXY_A	RF00174	URS000080DFBC_32630/1-172	54	54	A	131	Rfam.seed.gz	15.1	41f014f4ab5628620935f089b1bb77987ebc162fda7c72bff368a32c9cccabac	4GXY	1	A	A	1	54	54	54	NA	54	54	A	A	no	no	yes	yes	47	A:54	ok
RF00174__4GXY_A	RF00174	URS000080DFBC_32630/1-172	55	55	G	132	Rfam.seed.gz	15.1	41f014f4ab5628620935f089b1bb77987ebc162fda7c72bff368a32c9cccabac	4GXY	1	A	A	1	55	55	55	NA	55	55	G	G	no	no	yes	yes	48	A:55	ok
RF00174__4GXY_A	RF00174	URS000080DFBC_32630/1-172	56	56	U	133	Rfam.seed.gz	15.1	41f014f4ab5628620935f089b1bb77987ebc162fda7c72bff368a32c9cccabac	4GXY	1	A	A	1	56	56	56	NA	56	56	U	U	no	no	yes	yes	49	A:56	ok
RF00174__4GXY_A	RF00174	URS000080DFBC_32630/1-172	57	57	C	134	Rfam.seed.gz	15.1	41f014f4ab5628620935f089b1bb77987ebc162fda7c72bff368a32c9cccabac	4GXY	1	A	A	1	57	57	57	NA	57	57	C	C	no	no	yes	yes	50	A:57	ok
RF00174__4GXY_A	RF00174	URS000080DFBC_32630/1-172	58	58	C	135	Rfam.seed.gz	15.1	41f014f4ab5628620935f089b1bb77987ebc162fda7c72bff368a32c9cccabac	4GXY	1	A	A	1	58	58	58	NA	58	58	C	C	no	no	yes	yes	51	A:58	ok
RF00174__4GXY_A	RF00174	URS000080DFBC_32630/1-172	59	59	G	136	Rfam.seed.gz	15.1	41f014f4ab5628620935f089b1bb77987ebc162fda7c72bff368a32c9cccabac	4GXY	1	A	A	1	59	59	59	NA	59	59	G	G	no	no	yes	yes	52	A:59	ok
RF00174__4GXY_A	RF00174	URS000080DFBC_32630/1-172	60	60	G	137	Rfam.seed.gz	15.1	41f014f4ab5628620935f089b1bb77987ebc162fda7c72bff368a32c9cccabac	4GXY	1	A	A	1	60	60	60	NA	60	60	G	G	no	no	yes	yes	53	A:60	ok
RF00174__4GXY_A	RF00174	URS000080DFBC_32630/1-172	61	61	C	139	Rfam.seed.gz	15.1	41f014f4ab5628620935f089b1bb77987ebc162fda7c72bff368a32c9cccabac	4GXY	1	A	A	1	61	61	61	NA	61	61	C	C	no	no	yes	yes	54	A:61	ok
RF00174__4GXY_A	RF00174	URS000080DFBC_32630/1-172	62	62	A	140	Rfam.seed.gz	15.1	41f014f4ab5628620935f089b1bb77987ebc162fda7c72bff368a32c9cccabac	4GXY	1	A	A	1	62	62	62	NA	62	62	A	A	no	no	yes	yes	55	A:62	ok
RF00174__4GXY_A	RF00174	URS000080DFBC_32630/1-172	63	63	C	141	Rfam.seed.gz	15.1	41f014f4ab5628620935f089b1bb77987ebc162fda7c72bff368a32c9cccabac	4GXY	1	A	A	1	63	63	63	NA	63	63	C	C	no	no	yes	yes	56	A:63	ok
RF00174__4GXY_A	RF00174	URS000080DFBC_32630/1-172	64	64	G	142	Rfam.seed.gz	15.1	41f014f4ab5628620935f089b1bb77987ebc162fda7c72bff368a32c9cccabac	4GXY	1	A	A	1	64	64	64	NA	64	64	G	G	no	no	yes	yes	57	A:64	ok
RF00174__4GXY_A	RF00174	URS000080DFBC_32630/1-172	65	65	G	143	Rfam.seed.gz	15.1	41f014f4ab5628620935f089b1bb77987ebc162fda7c72bff368a32c9cccabac	4GXY	1	A	A	1	65	65	65	NA	65	65	G	G	no	no	yes	yes	58	A:65	ok
RF00174__4GXY_A	RF00174	URS000080DFBC_32630/1-172	66	66	U	144	Rfam.seed.gz	15.1	41f014f4ab5628620935f089b1bb77987ebc162fda7c72bff368a32c9cccabac	4GXY	1	A	A	1	66	66	66	NA	66	66	U	U	no	no	yes	yes	59	A:66	ok
RF00174__4GXY_A	RF00174	URS000080DFBC_32630/1-172	67	67	C	146	Rfam.seed.gz	15.1	41f014f4ab5628620935f089b1bb77987ebc162fda7c72bff368a32c9cccabac	4GXY	1	A	A	1	67	67	67	NA	67	67	C	C	no	no	yes	yes	60	A:67	ok
RF00174__4GXY_A	RF00174	URS000080DFBC_32630/1-172	68	68	C	148	Rfam.seed.gz	15.1	41f014f4ab5628620935f089b1bb77987ebc162fda7c72bff368a32c9cccabac	4GXY	1	A	A	1	68	68	68	NA	68	68	C	C	no	no	yes	yes	61	A:68	ok
RF00174__4GXY_A	RF00174	URS000080DFBC_32630/1-172	69	69	C	149	Rfam.seed.gz	15.1	41f014f4ab5628620935f089b1bb77987ebc162fda7c72bff368a32c9cccabac	4GXY	1	A	A	1	69	69	69	NA	69	69	C	C	no	no	yes	yes	62	A:69	ok
RF00174__4GXY_A	RF00174	URS000080DFBC_32630/1-172	70	70	G	151	Rfam.seed.gz	15.1	41f014f4ab5628620935f089b1bb77987ebc162fda7c72bff368a32c9cccabac	4GXY	1	A	A	1	70	70	70	NA	70	70	G	G	no	no	yes	yes	63	A:70	ok
RF00174__4GXY_A	RF00174	URS000080DFBC_32630/1-172	71	71	C	152	Rfam.seed.gz	15.1	41f014f4ab5628620935f089b1bb77987ebc162fda7c72bff368a32c9cccabac	4GXY	1	A	A	1	71	71	71	NA	71	71	C	C	no	no	yes	yes	64	A:71	ok
RF00174__4GXY_A	RF00174	URS000080DFBC_32630/1-172	72	72	C	153	Rfam.seed.gz	15.1	41f014f4ab5628620935f089b1bb77987ebc162fda7c72bff368a32c9cccabac	4GXY	1	A	A	1	72	72	72	NA	72	72	C	C	no	no	yes	yes	65	A:72	ok
RF00174__4GXY_A	RF00174	URS000080DFBC_32630/1-172	73	73	A	154	Rfam.seed.gz	15.1	41f014f4ab5628620935f089b1bb77987ebc162fda7c72bff368a32c9cccabac	4GXY	1	A	A	1	73	73	73	NA	73	73	A	A	no	no	yes	yes	66	A:73	ok
RF00174__4GXY_A	RF00174	URS000080DFBC_32630/1-172	74	74	C	155	Rfam.seed.gz	15.1	41f014f4ab5628620935f089b1bb77987ebc162fda7c72bff368a32c9cccabac	4GXY	1	A	A	1	74	74	74	NA	74	74	C	C	no	no	yes	yes	67	A:74	ok
RF00174__4GXY_A	RF00174	URS000080DFBC_32630/1-172	75	75	U	156	Rfam.seed.gz	15.1	41f014f4ab5628620935f089b1bb77987ebc162fda7c72bff368a32c9cccabac	4GXY	1	A	A	1	75	75	75	NA	75	75	U	U	no	no	yes	yes	68	A:75	ok
RF00174__4GXY_A	RF00174	URS000080DFBC_32630/1-172	76	76	G	157	Rfam.seed.gz	15.1	41f014f4ab5628620935f089b1bb77987ebc162fda7c72bff368a32c9cccabac	4GXY	1	A	A	1	76	76	76	NA	76	76	G	G	no	no	yes	yes	69	A:76	ok
RF00174__4GXY_A	RF00174	URS000080DFBC_32630/1-172	77	77	U	158	Rfam.seed.gz	15.1	41f014f4ab5628620935f089b1bb77987ebc162fda7c72bff368a32c9cccabac	4GXY	1	A	A	1	77	77	77	NA	77	77	U	U	no	no	yes	yes	70	A:77	ok
RF00174__4GXY_A	RF00174	URS000080DFBC_32630/1-172	78	78	G	159	Rfam.seed.gz	15.1	41f014f4ab5628620935f089b1bb77987ebc162fda7c72bff368a32c9cccabac	4GXY	1	A	A	1	78	78	78	NA	78	78	G	G	no	no	yes	yes	71	A:78	ok
RF00174__4GXY_A	RF00174	URS000080DFBC_32630/1-172	79	79	A	160	Rfam.seed.gz	15.1	41f014f4ab5628620935f089b1bb77987ebc162fda7c72bff368a32c9cccabac	4GXY	1	A	A	1	79	79	79	NA	79	79	A	A	no	no	yes	yes	72	A:79	ok
RF00174__4GXY_A	RF00174	URS000080DFBC_32630/1-172	80	80	C	163	Rfam.seed.gz	15.1	41f014f4ab5628620935f089b1bb77987ebc162fda7c72bff368a32c9cccabac	4GXY	1	A	A	1	80	80	80	NA	80	80	C	C	no	no	yes	yes	73	A:80	ok
RF00174__4GXY_A	RF00174	URS000080DFBC_32630/1-172	81	81	G	164	Rfam.seed.gz	15.1	41f014f4ab5628620935f089b1bb77987ebc162fda7c72bff368a32c9cccabac	4GXY	1	A	A	1	81	81	81	NA	81	81	G	G	no	no	yes	yes	74	A:81	ok
RF00174__4GXY_A	RF00174	URS000080DFBC_32630/1-172	82	82	G	165	Rfam.seed.gz	15.1	41f014f4ab5628620935f089b1bb77987ebc162fda7c72bff368a32c9cccabac	4GXY	1	A	A	1	82	82	82	NA	82	82	G	G	no	no	yes	yes	75	A:82	ok
RF00174__4GXY_A	RF00174	URS000080DFBC_32630/1-172	83	83	G	166	Rfam.seed.gz	15.1	41f014f4ab5628620935f089b1bb77987ebc162fda7c72bff368a32c9cccabac	4GXY	1	A	A	1	83	83	83	NA	83	83	G	G	no	no	yes	yes	76	A:83	ok
RF00174__4GXY_A	RF00174	URS000080DFBC_32630/1-172	84	84	G	174	Rfam.seed.gz	15.1	41f014f4ab5628620935f089b1bb77987ebc162fda7c72bff368a32c9cccabac	4GXY	1	A	A	1	84	84	84	NA	84	84	G	G	no	no	yes	yes	77	A:84	ok
RF00174__4GXY_A	RF00174	URS000080DFBC_32630/1-172	85	85	A	175	Rfam.seed.gz	15.1	41f014f4ab5628620935f089b1bb77987ebc162fda7c72bff368a32c9cccabac	4GXY	1	A	A	1	85	85	85	NA	85	85	A	A	no	no	yes	yes	78	A:85	ok
RF00174__4GXY_A	RF00174	URS000080DFBC_32630/1-172	86	86	G	176	Rfam.seed.gz	15.1	41f014f4ab5628620935f089b1bb77987ebc162fda7c72bff368a32c9cccabac	4GXY	1	A	A	1	86	86	86	NA	86	86	G	G	no	no	yes	yes	79	A:86	ok
RF00174__4GXY_A	RF00174	URS000080DFBC_32630/1-172	87	87	U	177	Rfam.seed.gz	15.1	41f014f4ab5628620935f089b1bb77987ebc162fda7c72bff368a32c9cccabac	4GXY	1	A	A	1	87	87	87	NA	87	87	U	U	no	no	yes	yes	80	A:87	ok
RF00174__4GXY_A	RF00174	URS000080DFBC_32630/1-172	88	88	C	178	Rfam.seed.gz	15.1	41f014f4ab5628620935f089b1bb77987ebc162fda7c72bff368a32c9cccabac	4GXY	1	A	A	1	88	88	88	NA	88	88	C	C	no	no	yes	yes	81	A:88	ok
RF00174__4GXY_A	RF00174	URS000080DFBC_32630/1-172	89	89	G	179	Rfam.seed.gz	15.1	41f014f4ab5628620935f089b1bb77987ebc162fda7c72bff368a32c9cccabac	4GXY	1	A	A	1	89	89	89	NA	89	89	G	G	no	no	yes	yes	82	A:89	ok
RF00174__4GXY_A	RF00174	URS000080DFBC_32630/1-172	90	90	C	181	Rfam.seed.gz	15.1	41f014f4ab5628620935f089b1bb77987ebc162fda7c72bff368a32c9cccabac	4GXY	1	A	A	1	90	90	90	NA	90	90	C	C	no	no	yes	yes	83	A:90	ok
RF00174__4GXY_A	RF00174	URS000080DFBC_32630/1-172	91	91	C	182	Rfam.seed.gz	15.1	41f014f4ab5628620935f089b1bb77987ebc162fda7c72bff368a32c9cccabac	4GXY	1	A	A	1	91	91	91	NA	91	91	C	C	no	no	yes	yes	84	A:91	ok
RF00174__4GXY_A	RF00174	URS000080DFBC_32630/1-172	92	92	C	183	Rfam.seed.gz	15.1	41f014f4ab5628620935f089b1bb77987ebc162fda7c72bff368a32c9cccabac	4GXY	1	A	A	1	92	92	92	NA	92	92	C	C	no	no	yes	yes	85	A:92	ok
RF00174__4GXY_A	RF00174	URS000080DFBC_32630/1-172	93	93	C	184	Rfam.seed.gz	15.1	41f014f4ab5628620935f089b1bb77987ebc162fda7c72bff368a32c9cccabac	4GXY	1	A	A	1	93	93	93	NA	93	93	C	C	no	no	yes	yes	86	A:93	ok
RF00174__4GXY_A	RF00174	URS000080DFBC_32630/1-172	94	94	U	185	Rfam.seed.gz	15.1	41f014f4ab5628620935f089b1bb77987ebc162fda7c72bff368a32c9cccabac	4GXY	1	A	A	1	94	94	94	NA	94	94	U	U	no	no	yes	yes	87	A:94	ok
RF00174__4GXY_A	RF00174	URS000080DFBC_32630/1-172	95	95	C	186	Rfam.seed.gz	15.1	41f014f4ab5628620935f089b1bb77987ebc162fda7c72bff368a32c9cccabac	4GXY	1	A	A	1	95	95	95	NA	95	95	C	C	no	no	yes	yes	88	A:95	ok
RF00174__4GXY_A	RF00174	URS000080DFBC_32630/1-172	96	96	G	187	Rfam.seed.gz	15.1	41f014f4ab5628620935f089b1bb77987ebc162fda7c72bff368a32c9cccabac	4GXY	1	A	A	1	96	96	96	NA	96	96	G	G	no	no	yes	yes	89	A:96	ok
RF00174__4GXY_A	RF00174	URS000080DFBC_32630/1-172	97	97	G	188	Rfam.seed.gz	15.1	41f014f4ab5628620935f089b1bb77987ebc162fda7c72bff368a32c9cccabac	4GXY	1	A	A	1	97	97	97	NA	97	97	G	G	no	no	yes	yes	90	A:97	ok
RF00174__4GXY_A	RF00174	URS000080DFBC_32630/1-172	98	98	G	189	Rfam.seed.gz	15.1	41f014f4ab5628620935f089b1bb77987ebc162fda7c72bff368a32c9cccabac	4GXY	1	A	A	1	98	98	98	NA	98	98	G	G	no	no	yes	yes	91	A:98	ok
RF00174__4GXY_A	RF00174	URS000080DFBC_32630/1-172	99	99	A	190	Rfam.seed.gz	15.1	41f014f4ab5628620935f089b1bb77987ebc162fda7c72bff368a32c9cccabac	4GXY	1	A	A	1	99	99	99	NA	99	99	A	A	no	no	yes	yes	92	A:99	ok
RF00174__4GXY_A	RF00174	URS000080DFBC_32630/1-172	100	100	U	191	Rfam.seed.gz	15.1	41f014f4ab5628620935f089b1bb77987ebc162fda7c72bff368a32c9cccabac	4GXY	1	A	A	1	100	100	100	NA	100	100	U	U	no	no	yes	yes	93	A:100	ok
RF00174__4GXY_A	RF00174	URS000080DFBC_32630/1-172	101	101	G	192	Rfam.seed.gz	15.1	41f014f4ab5628620935f089b1bb77987ebc162fda7c72bff368a32c9cccabac	4GXY	1	A	A	1	101	101	101	NA	101	101	G	G	no	no	yes	yes	94	A:101	ok
RF00174__4GXY_A	RF00174	URS000080DFBC_32630/1-172	102	102	U	220	Rfam.seed.gz	15.1	41f014f4ab5628620935f089b1bb77987ebc162fda7c72bff368a32c9cccabac	4GXY	1	A	A	1	102	102	102	NA	102	102	U	U	no	no	yes	yes	95	A:102	ok
RF00174__4GXY_A	RF00174	URS000080DFBC_32630/1-172	103	103	G	221	Rfam.seed.gz	15.1	41f014f4ab5628620935f089b1bb77987ebc162fda7c72bff368a32c9cccabac	4GXY	1	A	A	1	103	103	103	NA	103	103	G	G	no	no	yes	yes	96	A:103	ok
RF00174__4GXY_A	RF00174	URS000080DFBC_32630/1-172	104	104	C	222	Rfam.seed.gz	15.1	41f014f4ab5628620935f089b1bb77987ebc162fda7c72bff368a32c9cccabac	4GXY	1	A	A	1	104	104	104	NA	104	104	C	C	no	no	yes	yes	97	A:104	ok
RF00174__4GXY_A	RF00174	URS000080DFBC_32630/1-172	105	105	C	223	Rfam.seed.gz	15.1	41f014f4ab5628620935f089b1bb77987ebc162fda7c72bff368a32c9cccabac	4GXY	1	A	A	1	105	105	105	NA	105	105	C	C	no	no	yes	yes	98	A:105	ok
RF00174__4GXY_A	RF00174	URS000080DFBC_32630/1-172	106	106	A	224	Rfam.seed.gz	15.1	41f014f4ab5628620935f089b1bb77987ebc162fda7c72bff368a32c9cccabac	4GXY	1	A	A	1	106	106	106	NA	106	106	A	A	no	no	yes	yes	99	A:106	ok
RF00174__4GXY_A	RF00174	URS000080DFBC_32630/1-172	107	107	C	225	Rfam.seed.gz	15.1	41f014f4ab5628620935f089b1bb77987ebc162fda7c72bff368a32c9cccabac	4GXY	1	A	A	1	107	107	107	NA	107	107	C	C	no	no	yes	yes	100	A:107	ok
RF00174__4GXY_A	RF00174	URS000080DFBC_32630/1-172	108	108	U	226	Rfam.seed.gz	15.1	41f014f4ab5628620935f089b1bb77987ebc162fda7c72bff368a32c9cccabac	4GXY	1	A	A	1	108	108	108	NA	108	108	U	U	no	no	yes	yes	101	A:108	ok
RF00174__4GXY_A	RF00174	URS000080DFBC_32630/1-172	109	109	G	227	Rfam.seed.gz	15.1	41f014f4ab5628620935f089b1bb77987ebc162fda7c72bff368a32c9cccabac	4GXY	1	A	A	1	109	109	109	NA	109	109	G	G	no	no	yes	yes	102	A:109	ok
RF00174__4GXY_A	RF00174	URS000080DFBC_32630/1-172	110	110	G	228	Rfam.seed.gz	15.1	41f014f4ab5628620935f089b1bb77987ebc162fda7c72bff368a32c9cccabac	4GXY	1	A	A	1	110	110	110	NA	110	110	G	G	no	no	yes	yes	103	A:110	ok
RF00174__4GXY_A	RF00174	URS000080DFBC_32630/1-172	111	111	C	229	Rfam.seed.gz	15.1	41f014f4ab5628620935f089b1bb77987ebc162fda7c72bff368a32c9cccabac	4GXY	1	A	A	1	111	111	111	NA	111	111	C	C	no	no	yes	yes	104	A:111	ok
RF00174__4GXY_A	RF00174	URS000080DFBC_32630/1-172	112	112	C	230	Rfam.seed.gz	15.1	41f014f4ab5628620935f089b1bb77987ebc162fda7c72bff368a32c9cccabac	4GXY	1	A	A	1	112	112	112	NA	112	112	C	C	no	no	yes	yes	105	A:112	ok
RF00174__4GXY_A	RF00174	URS000080DFBC_32630/1-172	113	113	C	232	Rfam.seed.gz	15.1	41f014f4ab5628620935f089b1bb77987ebc162fda7c72bff368a32c9cccabac	4GXY	1	A	A	1	113	113	113	NA	113	113	C	C	no	no	yes	no	106	A:113	ok
RF00174__4GXY_A	RF00174	URS000080DFBC_32630/1-172	114	114	G	233	Rfam.seed.gz	15.1	41f014f4ab5628620935f089b1bb77987ebc162fda7c72bff368a32c9cccabac	4GXY	1	A	A	1	114	114	114	NA	NA	114	G	G	no	no	no	no	NA	NA	ok
RF00174__4GXY_A	RF00174	URS000080DFBC_32630/1-172	115	115	A	234	Rfam.seed.gz	15.1	41f014f4ab5628620935f089b1bb77987ebc162fda7c72bff368a32c9cccabac	4GXY	1	A	A	1	115	115	115	NA	NA	115	A	A	no	no	no	no	NA	NA	ok
RF00174__4GXY_A	RF00174	URS000080DFBC_32630/1-172	116	116	A	235	Rfam.seed.gz	15.1	41f014f4ab5628620935f089b1bb77987ebc162fda7c72bff368a32c9cccabac	4GXY	1	A	A	1	116	116	116	NA	NA	116	A	A	no	no	no	no	NA	NA	ok
RF00174__4GXY_A	RF00174	URS000080DFBC_32630/1-172	117	117	G	295	Rfam.seed.gz	15.1	41f014f4ab5628620935f089b1bb77987ebc162fda7c72bff368a32c9cccabac	4GXY	1	A	A	1	117	117	117	NA	117	117	G	G	no	no	yes	yes	107	A:117	ok
RF00174__4GXY_A	RF00174	URS000080DFBC_32630/1-172	118	118	G	296	Rfam.seed.gz	15.1	41f014f4ab5628620935f089b1bb77987ebc162fda7c72bff368a32c9cccabac	4GXY	1	A	A	1	118	118	118	NA	118	118	G	G	no	no	yes	yes	108	A:118	ok
RF00174__4GXY_A	RF00174	URS000080DFBC_32630/1-172	119	119	C	297	Rfam.seed.gz	15.1	41f014f4ab5628620935f089b1bb77987ebc162fda7c72bff368a32c9cccabac	4GXY	1	A	A	1	119	119	119	NA	119	119	C	C	no	no	yes	yes	109	A:119	ok
RF00174__4GXY_A	RF00174	URS000080DFBC_32630/1-172	120	120	C	298	Rfam.seed.gz	15.1	41f014f4ab5628620935f089b1bb77987ebc162fda7c72bff368a32c9cccabac	4GXY	1	A	A	1	120	120	120	NA	120	120	C	C	no	no	yes	yes	110	A:120	ok
RF00174__4GXY_A	RF00174	URS000080DFBC_32630/1-172	121	121	G	299	Rfam.seed.gz	15.1	41f014f4ab5628620935f089b1bb77987ebc162fda7c72bff368a32c9cccabac	4GXY	1	A	A	1	121	121	121	NA	121	121	G	G	no	no	yes	yes	111	A:121	ok
RF00174__4GXY_A	RF00174	URS000080DFBC_32630/1-172	122	122	G	300	Rfam.seed.gz	15.1	41f014f4ab5628620935f089b1bb77987ebc162fda7c72bff368a32c9cccabac	4GXY	1	A	A	1	122	122	122	NA	122	122	G	G	no	no	yes	yes	112	A:122	ok
RF00174__4GXY_A	RF00174	URS000080DFBC_32630/1-172	123	123	G	301	Rfam.seed.gz	15.1	41f014f4ab5628620935f089b1bb77987ebc162fda7c72bff368a32c9cccabac	4GXY	1	A	A	1	123	123	123	NA	123	123	G	G	no	no	yes	yes	113	A:123	ok
RF00174__4GXY_A	RF00174	URS000080DFBC_32630/1-172	124	124	A	302	Rfam.seed.gz	15.1	41f014f4ab5628620935f089b1bb77987ebc162fda7c72bff368a32c9cccabac	4GXY	1	A	A	1	124	124	124	NA	124	124	A	A	no	no	yes	yes	114	A:124	ok
RF00174__4GXY_A	RF00174	URS000080DFBC_32630/1-172	125	125	A	303	Rfam.seed.gz	15.1	41f014f4ab5628620935f089b1bb77987ebc162fda7c72bff368a32c9cccabac	4GXY	1	A	A	1	125	125	125	NA	125	125	A	A	no	no	yes	yes	115	A:125	ok
RF00174__4GXY_A	RF00174	URS000080DFBC_32630/1-172	126	126	G	304	Rfam.seed.gz	15.1	41f014f4ab5628620935f089b1bb77987ebc162fda7c72bff368a32c9cccabac	4GXY	1	A	A	1	126	126	126	NA	126	126	G	G	no	no	yes	yes	116	A:126	ok
RF00174__4GXY_A	RF00174	URS000080DFBC_32630/1-172	127	127	G	305	Rfam.seed.gz	15.1	41f014f4ab5628620935f089b1bb77987ebc162fda7c72bff368a32c9cccabac	4GXY	1	A	A	1	127	127	127	NA	127	127	G	G	no	no	yes	yes	117	A:127	ok
RF00174__4GXY_A	RF00174	URS000080DFBC_32630/1-172	128	128	C	306	Rfam.seed.gz	15.1	41f014f4ab5628620935f089b1bb77987ebc162fda7c72bff368a32c9cccabac	4GXY	1	A	A	1	128	128	128	NA	128	128	C	C	no	no	yes	yes	118	A:128	ok
RF00174__4GXY_A	RF00174	URS000080DFBC_32630/1-172	129	129	G	309	Rfam.seed.gz	15.1	41f014f4ab5628620935f089b1bb77987ebc162fda7c72bff368a32c9cccabac	4GXY	1	A	A	1	129	129	129	NA	129	129	G	G	no	no	yes	yes	119	A:129	ok
RF00174__4GXY_A	RF00174	URS000080DFBC_32630/1-172	130	130	G	310	Rfam.seed.gz	15.1	41f014f4ab5628620935f089b1bb77987ebc162fda7c72bff368a32c9cccabac	4GXY	1	A	A	1	130	130	130	NA	130	130	G	G	no	no	yes	yes	120	A:130	ok
RF00174__4GXY_A	RF00174	URS000080DFBC_32630/1-172	131	131	A	311	Rfam.seed.gz	15.1	41f014f4ab5628620935f089b1bb77987ebc162fda7c72bff368a32c9cccabac	4GXY	1	A	A	1	131	131	131	NA	131	131	A	A	no	no	yes	yes	121	A:131	ok
RF00174__4GXY_A	RF00174	URS000080DFBC_32630/1-172	132	132	G	313	Rfam.seed.gz	15.1	41f014f4ab5628620935f089b1bb77987ebc162fda7c72bff368a32c9cccabac	4GXY	1	A	A	1	132	132	132	NA	132	132	G	G	no	no	yes	yes	122	A:132	ok
RF00174__4GXY_A	RF00174	URS000080DFBC_32630/1-172	133	133	G	316	Rfam.seed.gz	15.1	41f014f4ab5628620935f089b1bb77987ebc162fda7c72bff368a32c9cccabac	4GXY	1	A	A	1	133	133	133	NA	133	133	G	G	no	no	yes	yes	123	A:133	ok
RF00174__4GXY_A	RF00174	URS000080DFBC_32630/1-172	134	134	G	320	Rfam.seed.gz	15.1	41f014f4ab5628620935f089b1bb77987ebc162fda7c72bff368a32c9cccabac	4GXY	1	A	A	1	134	134	134	NA	134	134	G	G	no	no	yes	yes	124	A:134	ok
RF00174__4GXY_A	RF00174	URS000080DFBC_32630/1-172	135	135	G	321	Rfam.seed.gz	15.1	41f014f4ab5628620935f089b1bb77987ebc162fda7c72bff368a32c9cccabac	4GXY	1	A	A	1	135	135	135	NA	135	135	G	G	no	no	yes	yes	125	A:135	ok
RF00174__4GXY_A	RF00174	URS000080DFBC_32630/1-172	136	136	C	323	Rfam.seed.gz	15.1	41f014f4ab5628620935f089b1bb77987ebc162fda7c72bff368a32c9cccabac	4GXY	1	A	A	1	136	136	136	NA	136	136	C	C	no	no	yes	yes	126	A:136	ok
RF00174__4GXY_A	RF00174	URS000080DFBC_32630/1-172	137	137	G	324	Rfam.seed.gz	15.1	41f014f4ab5628620935f089b1bb77987ebc162fda7c72bff368a32c9cccabac	4GXY	1	A	A	1	137	137	137	NA	137	137	G	G	no	no	yes	yes	127	A:137	ok
RF00174__4GXY_A	RF00174	URS000080DFBC_32630/1-172	138	138	G	325	Rfam.seed.gz	15.1	41f014f4ab5628620935f089b1bb77987ebc162fda7c72bff368a32c9cccabac	4GXY	1	A	A	1	138	138	138	NA	138	138	G	G	no	no	yes	yes	128	A:138	ok
RF00174__4GXY_A	RF00174	URS000080DFBC_32630/1-172	139	139	C	326	Rfam.seed.gz	15.1	41f014f4ab5628620935f089b1bb77987ebc162fda7c72bff368a32c9cccabac	4GXY	1	A	A	1	139	139	139	NA	139	139	C	C	no	no	yes	yes	129	A:139	ok
RF00174__4GXY_A	RF00174	URS000080DFBC_32630/1-172	140	140	G	327	Rfam.seed.gz	15.1	41f014f4ab5628620935f089b1bb77987ebc162fda7c72bff368a32c9cccabac	4GXY	1	A	A	1	140	140	140	NA	140	140	G	G	no	no	yes	yes	130	A:140	ok
RF00174__4GXY_A	RF00174	URS000080DFBC_32630/1-172	141	141	A	328	Rfam.seed.gz	15.1	41f014f4ab5628620935f089b1bb77987ebc162fda7c72bff368a32c9cccabac	4GXY	1	A	A	1	141	141	141	NA	141	141	A	A	no	no	yes	yes	131	A:141	ok
RF00174__4GXY_A	RF00174	URS000080DFBC_32630/1-172	142	142	G	329	Rfam.seed.gz	15.1	41f014f4ab5628620935f089b1bb77987ebc162fda7c72bff368a32c9cccabac	4GXY	1	A	A	1	142	142	142	NA	142	142	G	G	no	no	yes	yes	132	A:142	ok
RF00174__4GXY_A	RF00174	URS000080DFBC_32630/1-172	143	143	G	330	Rfam.seed.gz	15.1	41f014f4ab5628620935f089b1bb77987ebc162fda7c72bff368a32c9cccabac	4GXY	1	A	A	1	143	143	143	NA	143	143	G	G	no	no	yes	yes	133	A:143	ok
RF00174__4GXY_A	RF00174	URS000080DFBC_32630/1-172	144	144	A	331	Rfam.seed.gz	15.1	41f014f4ab5628620935f089b1bb77987ebc162fda7c72bff368a32c9cccabac	4GXY	1	A	A	1	144	144	144	NA	144	144	A	A	no	no	yes	yes	134	A:144	ok
RF00174__4GXY_A	RF00174	URS000080DFBC_32630/1-172	145	145	U	398	Rfam.seed.gz	15.1	41f014f4ab5628620935f089b1bb77987ebc162fda7c72bff368a32c9cccabac	4GXY	1	A	A	1	145	145	145	NA	145	145	U	U	no	no	yes	yes	135	A:145	ok
RF00174__4GXY_A	RF00174	URS000080DFBC_32630/1-172	146	146	C	399	Rfam.seed.gz	15.1	41f014f4ab5628620935f089b1bb77987ebc162fda7c72bff368a32c9cccabac	4GXY	1	A	A	1	146	146	146	NA	146	146	C	C	no	no	yes	yes	136	A:146	ok
RF00174__4GXY_A	RF00174	URS000080DFBC_32630/1-172	147	147	C	400	Rfam.seed.gz	15.1	41f014f4ab5628620935f089b1bb77987ebc162fda7c72bff368a32c9cccabac	4GXY	1	A	A	1	147	147	147	NA	147	147	C	C	no	no	yes	yes	137	A:147	ok
RF00174__4GXY_A	RF00174	URS000080DFBC_32630/1-172	148	148	G	401	Rfam.seed.gz	15.1	41f014f4ab5628620935f089b1bb77987ebc162fda7c72bff368a32c9cccabac	4GXY	1	A	A	1	148	148	148	NA	148	148	G	G	no	no	yes	yes	138	A:148	ok
RF00174__4GXY_A	RF00174	URS000080DFBC_32630/1-172	149	149	G	403	Rfam.seed.gz	15.1	41f014f4ab5628620935f089b1bb77987ebc162fda7c72bff368a32c9cccabac	4GXY	1	A	A	1	149	149	149	NA	149	149	G	G	no	no	yes	yes	139	A:149	ok
RF00174__4GXY_A	RF00174	URS000080DFBC_32630/1-172	150	150	A	404	Rfam.seed.gz	15.1	41f014f4ab5628620935f089b1bb77987ebc162fda7c72bff368a32c9cccabac	4GXY	1	A	A	1	150	150	150	NA	150	150	A	A	no	no	yes	yes	140	A:150	ok
RF00174__4GXY_A	RF00174	URS000080DFBC_32630/1-172	151	151	G	405	Rfam.seed.gz	15.1	41f014f4ab5628620935f089b1bb77987ebc162fda7c72bff368a32c9cccabac	4GXY	1	A	A	1	151	151	151	NA	151	151	G	G	no	no	yes	yes	141	A:151	ok
RF00174__4GXY_A	RF00174	URS000080DFBC_32630/1-172	152	152	U	406	Rfam.seed.gz	15.1	41f014f4ab5628620935f089b1bb77987ebc162fda7c72bff368a32c9cccabac	4GXY	1	A	A	1	152	152	152	NA	152	152	U	U	no	no	yes	yes	142	A:152	ok
RF00174__4GXY_A	RF00174	URS000080DFBC_32630/1-172	153	153	C	407	Rfam.seed.gz	15.1	41f014f4ab5628620935f089b1bb77987ebc162fda7c72bff368a32c9cccabac	4GXY	1	A	A	1	153	153	153	NA	153	153	C	C	no	no	yes	yes	143	A:153	ok
RF00174__4GXY_A	RF00174	URS000080DFBC_32630/1-172	154	154	A	408	Rfam.seed.gz	15.1	41f014f4ab5628620935f089b1bb77987ebc162fda7c72bff368a32c9cccabac	4GXY	1	A	A	1	154	154	154	NA	154	154	A	A	no	no	yes	yes	144	A:154	ok
RF00174__4GXY_A	RF00174	URS000080DFBC_32630/1-172	155	155	G	409	Rfam.seed.gz	15.1	41f014f4ab5628620935f089b1bb77987ebc162fda7c72bff368a32c9cccabac	4GXY	1	A	A	1	155	155	155	NA	155	155	G	G	no	no	yes	yes	145	A:155	ok
RF00174__4GXY_A	RF00174	URS000080DFBC_32630/1-172	156	156	G	410	Rfam.seed.gz	15.1	41f014f4ab5628620935f089b1bb77987ebc162fda7c72bff368a32c9cccabac	4GXY	1	A	A	1	156	156	156	NA	156	156	G	G	no	no	yes	yes	146	A:156	ok
RF00174__4GXY_A	RF00174	URS000080DFBC_32630/1-172	157	157	A	411	Rfam.seed.gz	15.1	41f014f4ab5628620935f089b1bb77987ebc162fda7c72bff368a32c9cccabac	4GXY	1	A	A	1	157	157	157	NA	157	157	A	A	no	no	yes	yes	147	A:157	ok
RF00174__4GXY_A	RF00174	URS000080DFBC_32630/1-172	158	158	A	412	Rfam.seed.gz	15.1	41f014f4ab5628620935f089b1bb77987ebc162fda7c72bff368a32c9cccabac	4GXY	1	A	A	1	158	158	158	NA	158	158	A	A	no	no	yes	yes	148	A:158	ok
RF00174__4GXY_A	RF00174	URS000080DFBC_32630/1-172	159	159	A	413	Rfam.seed.gz	15.1	41f014f4ab5628620935f089b1bb77987ebc162fda7c72bff368a32c9cccabac	4GXY	1	A	A	1	159	159	159	NA	159	159	A	A	no	no	yes	yes	149	A:159	ok
RF00174__4GXY_A	RF00174	URS000080DFBC_32630/1-172	160	160	C	414	Rfam.seed.gz	15.1	41f014f4ab5628620935f089b1bb77987ebc162fda7c72bff368a32c9cccabac	4GXY	1	A	A	1	160	160	160	NA	160	160	C	C	no	no	yes	yes	150	A:160	ok
RF00174__4GXY_A	RF00174	URS000080DFBC_32630/1-172	161	161	C	415	Rfam.seed.gz	15.1	41f014f4ab5628620935f089b1bb77987ebc162fda7c72bff368a32c9cccabac	4GXY	1	A	A	1	161	161	161	NA	161	161	C	C	no	no	yes	yes	151	A:161	ok
RF00174__4GXY_A	RF00174	URS000080DFBC_32630/1-172	162	162	U	416	Rfam.seed.gz	15.1	41f014f4ab5628620935f089b1bb77987ebc162fda7c72bff368a32c9cccabac	4GXY	1	A	A	1	162	162	162	NA	162	162	U	U	no	no	yes	yes	152	A:162	ok
RF00174__4GXY_A	RF00174	URS000080DFBC_32630/1-172	163	163	G	417	Rfam.seed.gz	15.1	41f014f4ab5628620935f089b1bb77987ebc162fda7c72bff368a32c9cccabac	4GXY	1	A	A	1	163	163	163	NA	163	163	G	G	no	no	yes	yes	153	A:163	ok
RF00174__4GXY_A	RF00174	URS000080DFBC_32630/1-172	164	164	C	418	Rfam.seed.gz	15.1	41f014f4ab5628620935f089b1bb77987ebc162fda7c72bff368a32c9cccabac	4GXY	1	A	A	1	164	164	164	NA	164	164	C	C	no	no	yes	yes	154	A:164	ok
RF00174__4GXY_A	RF00174	URS000080DFBC_32630/1-172	165	165	C	419	Rfam.seed.gz	15.1	41f014f4ab5628620935f089b1bb77987ebc162fda7c72bff368a32c9cccabac	4GXY	1	A	A	1	165	165	165	NA	165	165	C	C	no	no	yes	yes	155	A:165	ok
RF00174__4GXY_A	RF00174	URS000080DFBC_32630/1-172	166	166	U	420	Rfam.seed.gz	15.1	41f014f4ab5628620935f089b1bb77987ebc162fda7c72bff368a32c9cccabac	4GXY	1	A	A	1	166	166	166	NA	166	166	U	U	no	no	yes	yes	156	A:166	ok
RF00174__4GXY_A	RF00174	URS000080DFBC_32630/1-172	167	167	G	422	Rfam.seed.gz	15.1	41f014f4ab5628620935f089b1bb77987ebc162fda7c72bff368a32c9cccabac	4GXY	1	A	A	1	167	167	167	NA	167	167	G	G	no	no	yes	yes	157	A:167	ok
RF00174__4GXY_A	RF00174	URS000080DFBC_32630/1-172	168	168	C	423	Rfam.seed.gz	15.1	41f014f4ab5628620935f089b1bb77987ebc162fda7c72bff368a32c9cccabac	4GXY	1	A	A	1	168	168	168	NA	168	168	C	C	no	no	yes	yes	158	A:168	ok
RF00174__4GXY_A	RF00174	URS000080DFBC_32630/1-172	169	169	C	424	Rfam.seed.gz	15.1	41f014f4ab5628620935f089b1bb77987ebc162fda7c72bff368a32c9cccabac	4GXY	1	A	A	1	169	169	169	NA	169	169	C	C	no	no	yes	yes	159	A:169	ok
RF00174__4GXY_A	RF00174	URS000080DFBC_32630/1-172	170	170	G	426	Rfam.seed.gz	15.1	41f014f4ab5628620935f089b1bb77987ebc162fda7c72bff368a32c9cccabac	4GXY	1	A	A	1	170	170	170	NA	170	170	G	G	no	no	yes	yes	160	A:170	ok
RF00174__4GXY_A	RF00174	URS000080DFBC_32630/1-172	171	171	U	427	Rfam.seed.gz	15.1	41f014f4ab5628620935f089b1bb77987ebc162fda7c72bff368a32c9cccabac	4GXY	1	A	A	1	171	171	171	NA	171	171	U	U	no	yes	yes	yes	161	A:171	ok
RF00174__4GXY_A	RF00174	URS000080DFBC_32630/1-172	172	172	C	428	Rfam.seed.gz	15.1	41f014f4ab5628620935f089b1bb77987ebc162fda7c72bff368a32c9cccabac	4GXY	1	A	A	1	172	172	172	NA	172	172	CCC	C	yes	yes	yes	yes	162	A:172	ok
RF00174__6VMY_A	RF00174	URS0001A24B44_1423/1-130	1	1	G	10	Rfam.seed.gz	15.1	41f014f4ab5628620935f089b1bb77987ebc162fda7c72bff368a32c9cccabac	6VMY	1	A	A	1	1	1	202	NA	201	202	GTP	G	yes	yes	yes	no	0	A:202	ok
RF00174__6VMY_A	RF00174	URS0001A24B44_1423/1-130	2	2	G	11	Rfam.seed.gz	15.1	41f014f4ab5628620935f089b1bb77987ebc162fda7c72bff368a32c9cccabac	6VMY	1	A	A	1	2	2	203	NA	1	203	G	G	no	no	yes	yes	1	A:203	ok
RF00174__6VMY_A	RF00174	URS0001A24B44_1423/1-130	3	3	U	12	Rfam.seed.gz	15.1	41f014f4ab5628620935f089b1bb77987ebc162fda7c72bff368a32c9cccabac	6VMY	1	A	A	1	3	3	204	NA	2	204	U	U	no	no	yes	yes	2	A:204	ok
RF00174__6VMY_A	RF00174	URS0001A24B44_1423/1-130	4	4	C	13	Rfam.seed.gz	15.1	41f014f4ab5628620935f089b1bb77987ebc162fda7c72bff368a32c9cccabac	6VMY	1	A	A	1	4	4	205	NA	3	205	C	C	no	no	yes	yes	3	A:205	ok
RF00174__6VMY_A	RF00174	URS0001A24B44_1423/1-130	5	5	A	14	Rfam.seed.gz	15.1	41f014f4ab5628620935f089b1bb77987ebc162fda7c72bff368a32c9cccabac	6VMY	1	A	A	1	5	5	206	NA	4	206	A	A	no	no	yes	yes	4	A:206	ok
RF00174__6VMY_A	RF00174	URS0001A24B44_1423/1-130	6	6	A	15	Rfam.seed.gz	15.1	41f014f4ab5628620935f089b1bb77987ebc162fda7c72bff368a32c9cccabac	6VMY	1	A	A	1	6	6	207	NA	5	207	A	A	no	no	yes	yes	5	A:207	ok
RF00174__6VMY_A	RF00174	URS0001A24B44_1423/1-130	7	7	A	16	Rfam.seed.gz	15.1	41f014f4ab5628620935f089b1bb77987ebc162fda7c72bff368a32c9cccabac	6VMY	1	A	A	1	7	7	208	NA	6	208	A	A	no	no	yes	yes	6	A:208	ok
RF00174__6VMY_A	RF00174	URS0001A24B44_1423/1-130	8	8	U	18	Rfam.seed.gz	15.1	41f014f4ab5628620935f089b1bb77987ebc162fda7c72bff368a32c9cccabac	6VMY	1	A	A	1	8	8	209	NA	7	209	U	U	no	no	yes	yes	7	A:209	ok
RF00174__6VMY_A	RF00174	URS0001A24B44_1423/1-130	9	9	A	20	Rfam.seed.gz	15.1	41f014f4ab5628620935f089b1bb77987ebc162fda7c72bff368a32c9cccabac	6VMY	1	A	A	1	9	9	210	NA	8	210	A	A	no	no	yes	yes	8	A:210	ok
RF00174__6VMY_A	RF00174	URS0001A24B44_1423/1-130	10	10	G	22	Rfam.seed.gz	15.1	41f014f4ab5628620935f089b1bb77987ebc162fda7c72bff368a32c9cccabac	6VMY	1	A	A	1	10	10	211	NA	9	211	G	G	no	no	yes	yes	9	A:211	ok
RF00174__6VMY_A	RF00174	URS0001A24B44_1423/1-130	11	11	G	24	Rfam.seed.gz	15.1	41f014f4ab5628620935f089b1bb77987ebc162fda7c72bff368a32c9cccabac	6VMY	1	A	A	1	11	11	212	NA	10	212	G	G	no	no	yes	yes	10	A:212	ok
RF00174__6VMY_A	RF00174	URS0001A24B44_1423/1-130	12	12	U	25	Rfam.seed.gz	15.1	41f014f4ab5628620935f089b1bb77987ebc162fda7c72bff368a32c9cccabac	6VMY	1	A	A	1	12	12	213	NA	11	213	U	U	no	no	yes	yes	11	A:213	ok
RF00174__6VMY_A	RF00174	URS0001A24B44_1423/1-130	13	13	G	30	Rfam.seed.gz	15.1	41f014f4ab5628620935f089b1bb77987ebc162fda7c72bff368a32c9cccabac	6VMY	1	A	A	1	13	13	214	NA	12	214	G	G	no	no	yes	yes	12	A:214	ok
RF00174__6VMY_A	RF00174	URS0001A24B44_1423/1-130	14	14	C	31	Rfam.seed.gz	15.1	41f014f4ab5628620935f089b1bb77987ebc162fda7c72bff368a32c9cccabac	6VMY	1	A	A	1	14	14	215	NA	13	215	C	C	no	no	yes	yes	13	A:215	ok
RF00174__6VMY_A	RF00174	URS0001A24B44_1423/1-130	15	15	C	32	Rfam.seed.gz	15.1	41f014f4ab5628620935f089b1bb77987ebc162fda7c72bff368a32c9cccabac	6VMY	1	A	A	1	15	15	216	NA	14	216	C	C	no	no	yes	yes	14	A:216	ok
RF00174__6VMY_A	RF00174	URS0001A24B44_1423/1-130	16	16	G	33	Rfam.seed.gz	15.1	41f014f4ab5628620935f089b1bb77987ebc162fda7c72bff368a32c9cccabac	6VMY	1	A	A	1	16	16	217	NA	15	217	G	G	no	no	yes	yes	15	A:217	ok
RF00174__6VMY_A	RF00174	URS0001A24B44_1423/1-130	17	17	G	34	Rfam.seed.gz	15.1	41f014f4ab5628620935f089b1bb77987ebc162fda7c72bff368a32c9cccabac	6VMY	1	A	A	1	17	17	218	NA	16	218	G	G	no	no	yes	yes	16	A:218	ok
RF00174__6VMY_A	RF00174	URS0001A24B44_1423/1-130	18	18	U	35	Rfam.seed.gz	15.1	41f014f4ab5628620935f089b1bb77987ebc162fda7c72bff368a32c9cccabac	6VMY	1	A	A	1	18	18	219	NA	17	219	U	U	no	no	yes	yes	17	A:219	ok
RF00174__6VMY_A	RF00174	URS0001A24B44_1423/1-130	19	19	C	36	Rfam.seed.gz	15.1	41f014f4ab5628620935f089b1bb77987ebc162fda7c72bff368a32c9cccabac	6VMY	1	A	A	1	19	19	220	NA	18	220	C	C	no	no	yes	yes	18	A:220	ok
RF00174__6VMY_A	RF00174	URS0001A24B44_1423/1-130	20	20	C	37	Rfam.seed.gz	15.1	41f014f4ab5628620935f089b1bb77987ebc162fda7c72bff368a32c9cccabac	6VMY	1	A	A	1	20	20	221	NA	19	221	C	C	no	no	yes	yes	19	A:221	ok
RF00174__6VMY_A	RF00174	URS0001A24B44_1423/1-130	21	21	G	38	Rfam.seed.gz	15.1	41f014f4ab5628620935f089b1bb77987ebc162fda7c72bff368a32c9cccabac	6VMY	1	A	A	1	21	21	222	NA	20	222	G	G	no	no	yes	yes	20	A:222	ok
RF00174__6VMY_A	RF00174	URS0001A24B44_1423/1-130	22	22	U	39	Rfam.seed.gz	15.1	41f014f4ab5628620935f089b1bb77987ebc162fda7c72bff368a32c9cccabac	6VMY	1	A	A	1	22	22	223	NA	21	223	U	U	no	no	yes	yes	21	A:223	ok
RF00174__6VMY_A	RF00174	URS0001A24B44_1423/1-130	23	23	G	56	Rfam.seed.gz	15.1	41f014f4ab5628620935f089b1bb77987ebc162fda7c72bff368a32c9cccabac	6VMY	1	A	A	1	23	23	224	NA	22	224	G	G	no	no	yes	yes	22	A:224	ok
RF00174__6VMY_A	RF00174	URS0001A24B44_1423/1-130	24	24	A	57	Rfam.seed.gz	15.1	41f014f4ab5628620935f089b1bb77987ebc162fda7c72bff368a32c9cccabac	6VMY	1	A	A	1	24	24	225	NA	23	225	A	A	no	no	yes	yes	23	A:225	ok
RF00174__6VMY_A	RF00174	URS0001A24B44_1423/1-130	25	25	A	58	Rfam.seed.gz	15.1	41f014f4ab5628620935f089b1bb77987ebc162fda7c72bff368a32c9cccabac	6VMY	1	A	A	1	25	25	226	NA	24	226	A	A	no	no	yes	yes	24	A:226	ok
RF00174__6VMY_A	RF00174	URS0001A24B44_1423/1-130	26	26	C	59	Rfam.seed.gz	15.1	41f014f4ab5628620935f089b1bb77987ebc162fda7c72bff368a32c9cccabac	6VMY	1	A	A	1	26	26	227	NA	25	227	C	C	no	no	yes	yes	25	A:227	ok
RF00174__6VMY_A	RF00174	URS0001A24B44_1423/1-130	27	27	A	60	Rfam.seed.gz	15.1	41f014f4ab5628620935f089b1bb77987ebc162fda7c72bff368a32c9cccabac	6VMY	1	A	A	1	27	27	228	NA	26	228	A	A	no	no	yes	yes	26	A:228	ok
RF00174__6VMY_A	RF00174	URS0001A24B44_1423/1-130	28	28	A	61	Rfam.seed.gz	15.1	41f014f4ab5628620935f089b1bb77987ebc162fda7c72bff368a32c9cccabac	6VMY	1	A	A	1	28	28	229	NA	27	229	A	A	no	no	yes	yes	27	A:229	ok
RF00174__6VMY_A	RF00174	URS0001A24B44_1423/1-130	29	29	C	62	Rfam.seed.gz	15.1	41f014f4ab5628620935f089b1bb77987ebc162fda7c72bff368a32c9cccabac	6VMY	1	A	A	1	29	29	230	NA	28	230	C	C	no	no	yes	yes	28	A:230	ok
RF00174__6VMY_A	RF00174	URS0001A24B44_1423/1-130	30	30	A	63	Rfam.seed.gz	15.1	41f014f4ab5628620935f089b1bb77987ebc162fda7c72bff368a32c9cccabac	6VMY	1	A	A	1	30	30	231	NA	29	231	A	A	no	no	yes	yes	29	A:231	ok
RF00174__6VMY_A	RF00174	URS0001A24B44_1423/1-130	31	31	G	65	Rfam.seed.gz	15.1	41f014f4ab5628620935f089b1bb77987ebc162fda7c72bff368a32c9cccabac	6VMY	1	A	A	1	31	31	232	NA	30	232	G	G	no	no	yes	yes	30	A:232	ok
RF00174__6VMY_A	RF00174	URS0001A24B44_1423/1-130	32	32	C	66	Rfam.seed.gz	15.1	41f014f4ab5628620935f089b1bb77987ebc162fda7c72bff368a32c9cccabac	6VMY	1	A	A	1	32	32	233	NA	31	233	C	C	no	no	yes	yes	31	A:233	ok
RF00174__6VMY_A	RF00174	URS0001A24B44_1423/1-130	33	33	C	67	Rfam.seed.gz	15.1	41f014f4ab5628620935f089b1bb77987ebc162fda7c72bff368a32c9cccabac	6VMY	1	A	A	1	33	33	234	NA	32	234	C	C	no	no	yes	yes	32	A:234	ok
RF00174__6VMY_A	RF00174	URS0001A24B44_1423/1-130	34	34	G	68	Rfam.seed.gz	15.1	41f014f4ab5628620935f089b1bb77987ebc162fda7c72bff368a32c9cccabac	6VMY	1	A	A	1	34	34	235	NA	33	235	G	G	no	no	yes	yes	33	A:235	ok
RF00174__6VMY_A	RF00174	URS0001A24B44_1423/1-130	35	35	G	69	Rfam.seed.gz	15.1	41f014f4ab5628620935f089b1bb77987ebc162fda7c72bff368a32c9cccabac	6VMY	1	A	A	1	35	35	236	NA	34	236	G	G	no	no	yes	yes	34	A:236	ok
RF00174__6VMY_A	RF00174	URS0001A24B44_1423/1-130	36	36	C	70	Rfam.seed.gz	15.1	41f014f4ab5628620935f089b1bb77987ebc162fda7c72bff368a32c9cccabac	6VMY	1	A	A	1	36	36	237	NA	35	237	C	C	no	no	yes	yes	35	A:237	ok
RF00174__6VMY_A	RF00174	URS0001A24B44_1423/1-130	37	37	U	71	Rfam.seed.gz	15.1	41f014f4ab5628620935f089b1bb77987ebc162fda7c72bff368a32c9cccabac	6VMY	1	A	A	1	37	37	238	NA	36	238	U	U	no	no	yes	yes	36	A:238	ok
RF00174__6VMY_A	RF00174	URS0001A24B44_1423/1-130	38	38	U	72	Rfam.seed.gz	15.1	41f014f4ab5628620935f089b1bb77987ebc162fda7c72bff368a32c9cccabac	6VMY	1	A	A	1	38	38	239	NA	37	239	U	U	no	no	yes	yes	37	A:239	ok
RF00174__6VMY_A	RF00174	URS0001A24B44_1423/1-130	39	39	A	77	Rfam.seed.gz	15.1	41f014f4ab5628620935f089b1bb77987ebc162fda7c72bff368a32c9cccabac	6VMY	1	A	A	1	39	39	240	NA	38	240	A	A	no	no	yes	yes	38	A:240	ok
RF00174__6VMY_A	RF00174	URS0001A24B44_1423/1-130	40	40	A	78	Rfam.seed.gz	15.1	41f014f4ab5628620935f089b1bb77987ebc162fda7c72bff368a32c9cccabac	6VMY	1	A	A	1	40	40	241	NA	39	241	A	A	no	no	yes	yes	39	A:241	ok
RF00174__6VMY_A	RF00174	URS0001A24B44_1423/1-130	41	41	A	79	Rfam.seed.gz	15.1	41f014f4ab5628620935f089b1bb77987ebc162fda7c72bff368a32c9cccabac	6VMY	1	A	A	1	41	41	242	NA	40	242	A	A	no	no	yes	yes	40	A:242	ok
RF00174__6VMY_A	RF00174	URS0001A24B44_1423/1-130	42	42	A	80	Rfam.seed.gz	15.1	41f014f4ab5628620935f089b1bb77987ebc162fda7c72bff368a32c9cccabac	6VMY	1	A	A	1	42	42	243	NA	41	243	A	A	no	no	yes	yes	41	A:243	ok
RF00174__6VMY_A	RF00174	URS0001A24B44_1423/1-130	43	43	G	82	Rfam.seed.gz	15.1	41f014f4ab5628620935f089b1bb77987ebc162fda7c72bff368a32c9cccabac	6VMY	1	A	A	1	43	43	244	NA	42	244	G	G	no	no	yes	yes	42	A:244	ok
RF00174__6VMY_A	RF00174	URS0001A24B44_1423/1-130	44	44	G	83	Rfam.seed.gz	15.1	41f014f4ab5628620935f089b1bb77987ebc162fda7c72bff368a32c9cccabac	6VMY	1	A	A	1	44	44	245	NA	43	245	G	G	no	no	yes	yes	43	A:245	ok
RF00174__6VMY_A	RF00174	URS0001A24B44_1423/1-130	45	45	G	84	Rfam.seed.gz	15.1	41f014f4ab5628620935f089b1bb77987ebc162fda7c72bff368a32c9cccabac	6VMY	1	A	A	1	45	45	246	NA	44	246	G	G	no	no	yes	yes	44	A:246	ok
RF00174__6VMY_A	RF00174	URS0001A24B44_1423/1-130	46	46	A	85	Rfam.seed.gz	15.1	41f014f4ab5628620935f089b1bb77987ebc162fda7c72bff368a32c9cccabac	6VMY	1	A	A	1	46	46	247	NA	45	247	A	A	no	no	yes	yes	45	A:247	ok
RF00174__6VMY_A	RF00174	URS0001A24B44_1423/1-130	47	47	A	86	Rfam.seed.gz	15.1	41f014f4ab5628620935f089b1bb77987ebc162fda7c72bff368a32c9cccabac	6VMY	1	A	A	1	47	47	248	NA	46	248	A	A	no	no	yes	yes	46	A:248	ok
RF00174__6VMY_A	RF00174	URS0001A24B44_1423/1-130	48	48	A	88	Rfam.seed.gz	15.1	41f014f4ab5628620935f089b1bb77987ebc162fda7c72bff368a32c9cccabac	6VMY	1	A	A	1	48	48	249	NA	47	249	A	A	no	no	yes	yes	47	A:249	ok
RF00174__6VMY_A	RF00174	URS0001A24B44_1423/1-130	49	49	C	90	Rfam.seed.gz	15.1	41f014f4ab5628620935f089b1bb77987ebc162fda7c72bff368a32c9cccabac	6VMY	1	A	A	1	49	49	250	NA	48	250	C	C	no	no	yes	yes	48	A:250	ok
RF00174__6VMY_A	RF00174	URS0001A24B44_1423/1-130	50	50	C	91	Rfam.seed.gz	15.1	41f014f4ab5628620935f089b1bb77987ebc162fda7c72bff368a32c9cccabac	6VMY	1	A	A	1	50	50	251	NA	49	251	C	C	no	no	yes	yes	49	A:251	ok
RF00174__6VMY_A	RF00174	URS0001A24B44_1423/1-130	51	51	G	93	Rfam.seed.gz	15.1	41f014f4ab5628620935f089b1bb77987ebc162fda7c72bff368a32c9cccabac	6VMY	1	A	A	1	51	51	252	NA	50	252	G	G	no	no	yes	yes	50	A:252	ok
RF00174__6VMY_A	RF00174	URS0001A24B44_1423/1-130	52	52	G	94	Rfam.seed.gz	15.1	41f014f4ab5628620935f089b1bb77987ebc162fda7c72bff368a32c9cccabac	6VMY	1	A	A	1	52	52	253	NA	51	253	G	G	no	no	yes	yes	51	A:253	ok
RF00174__6VMY_A	RF00174	URS0001A24B44_1423/1-130	53	53	U	96	Rfam.seed.gz	15.1	41f014f4ab5628620935f089b1bb77987ebc162fda7c72bff368a32c9cccabac	6VMY	1	A	A	1	53	53	254	NA	52	254	U	U	no	no	yes	yes	52	A:254	ok
RF00174__6VMY_A	RF00174	URS0001A24B44_1423/1-130	54	54	A	98	Rfam.seed.gz	15.1	41f014f4ab5628620935f089b1bb77987ebc162fda7c72bff368a32c9cccabac	6VMY	1	A	A	1	54	54	255	NA	53	255	A	A	no	no	yes	yes	53	A:255	ok
RF00174__6VMY_A	RF00174	URS0001A24B44_1423/1-130	55	55	A	130	Rfam.seed.gz	15.1	41f014f4ab5628620935f089b1bb77987ebc162fda7c72bff368a32c9cccabac	6VMY	1	A	A	1	55	55	256	NA	54	256	A	A	no	no	yes	yes	54	A:256	ok
RF00174__6VMY_A	RF00174	URS0001A24B44_1423/1-130	56	56	A	131	Rfam.seed.gz	15.1	41f014f4ab5628620935f089b1bb77987ebc162fda7c72bff368a32c9cccabac	6VMY	1	A	A	1	56	56	257	NA	55	257	A	A	no	no	yes	yes	55	A:257	ok
RF00174__6VMY_A	RF00174	URS0001A24B44_1423/1-130	57	57	A	132	Rfam.seed.gz	15.1	41f014f4ab5628620935f089b1bb77987ebc162fda7c72bff368a32c9cccabac	6VMY	1	A	A	1	57	57	258	NA	56	258	A	A	no	no	yes	yes	56	A:258	ok
RF00174__6VMY_A	RF00174	URS0001A24B44_1423/1-130	58	58	G	133	Rfam.seed.gz	15.1	41f014f4ab5628620935f089b1bb77987ebc162fda7c72bff368a32c9cccabac	6VMY	1	A	A	1	58	58	259	NA	57	259	G	G	no	no	yes	yes	57	A:259	ok
RF00174__6VMY_A	RF00174	URS0001A24B44_1423/1-130	59	59	C	134	Rfam.seed.gz	15.1	41f014f4ab5628620935f089b1bb77987ebc162fda7c72bff368a32c9cccabac	6VMY	1	A	A	1	59	59	260	NA	58	260	C	C	no	no	yes	yes	58	A:260	ok
RF00174__6VMY_A	RF00174	URS0001A24B44_1423/1-130	60	60	C	135	Rfam.seed.gz	15.1	41f014f4ab5628620935f089b1bb77987ebc162fda7c72bff368a32c9cccabac	6VMY	1	A	A	1	60	60	261	NA	59	261	C	C	no	no	yes	yes	59	A:261	ok
RF00174__6VMY_A	RF00174	URS0001A24B44_1423/1-130	61	61	G	136	Rfam.seed.gz	15.1	41f014f4ab5628620935f089b1bb77987ebc162fda7c72bff368a32c9cccabac	6VMY	1	A	A	1	61	61	262	NA	60	262	G	G	no	no	yes	yes	60	A:262	ok
RF00174__6VMY_A	RF00174	URS0001A24B44_1423/1-130	62	62	G	137	Rfam.seed.gz	15.1	41f014f4ab5628620935f089b1bb77987ebc162fda7c72bff368a32c9cccabac	6VMY	1	A	A	1	62	62	263	NA	61	263	G	G	no	no	yes	yes	61	A:263	ok
RF00174__6VMY_A	RF00174	URS0001A24B44_1423/1-130	63	63	U	139	Rfam.seed.gz	15.1	41f014f4ab5628620935f089b1bb77987ebc162fda7c72bff368a32c9cccabac	6VMY	1	A	A	1	63	63	264	NA	62	264	U	U	no	no	yes	yes	62	A:264	ok
RF00174__6VMY_A	RF00174	URS0001A24B44_1423/1-130	64	64	G	140	Rfam.seed.gz	15.1	41f014f4ab5628620935f089b1bb77987ebc162fda7c72bff368a32c9cccabac	6VMY	1	A	A	1	64	64	265	NA	63	265	G	G	no	no	yes	yes	63	A:265	ok
RF00174__6VMY_A	RF00174	URS0001A24B44_1423/1-130	65	65	C	141	Rfam.seed.gz	15.1	41f014f4ab5628620935f089b1bb77987ebc162fda7c72bff368a32c9cccabac	6VMY	1	A	A	1	65	65	266	NA	64	266	C	C	no	no	yes	yes	64	A:266	ok
RF00174__6VMY_A	RF00174	URS0001A24B44_1423/1-130	66	66	G	142	Rfam.seed.gz	15.1	41f014f4ab5628620935f089b1bb77987ebc162fda7c72bff368a32c9cccabac	6VMY	1	A	A	1	66	66	267	NA	65	267	G	G	no	no	yes	yes	65	A:267	ok
RF00174__6VMY_A	RF00174	URS0001A24B44_1423/1-130	67	67	G	143	Rfam.seed.gz	15.1	41f014f4ab5628620935f089b1bb77987ebc162fda7c72bff368a32c9cccabac	6VMY	1	A	A	1	67	67	268	NA	66	268	G	G	no	no	yes	yes	66	A:268	ok
RF00174__6VMY_A	RF00174	URS0001A24B44_1423/1-130	68	68	U	144	Rfam.seed.gz	15.1	41f014f4ab5628620935f089b1bb77987ebc162fda7c72bff368a32c9cccabac	6VMY	1	A	A	1	68	68	269	NA	67	269	U	U	no	no	yes	yes	67	A:269	ok
RF00174__6VMY_A	RF00174	URS0001A24B44_1423/1-130	69	69	C	146	Rfam.seed.gz	15.1	41f014f4ab5628620935f089b1bb77987ebc162fda7c72bff368a32c9cccabac	6VMY	1	A	A	1	69	69	270	NA	68	270	C	C	no	no	yes	yes	68	A:270	ok
RF00174__6VMY_A	RF00174	URS0001A24B44_1423/1-130	70	70	C	148	Rfam.seed.gz	15.1	41f014f4ab5628620935f089b1bb77987ebc162fda7c72bff368a32c9cccabac	6VMY	1	A	A	1	70	70	271	NA	69	271	C	C	no	no	yes	yes	69	A:271	ok
RF00174__6VMY_A	RF00174	URS0001A24B44_1423/1-130	71	71	C	149	Rfam.seed.gz	15.1	41f014f4ab5628620935f089b1bb77987ebc162fda7c72bff368a32c9cccabac	6VMY	1	A	A	1	71	71	272	NA	70	272	C	C	no	no	yes	yes	70	A:272	ok
RF00174__6VMY_A	RF00174	URS0001A24B44_1423/1-130	72	72	G	151	Rfam.seed.gz	15.1	41f014f4ab5628620935f089b1bb77987ebc162fda7c72bff368a32c9cccabac	6VMY	1	A	A	1	72	72	273	NA	71	273	G	G	no	no	yes	yes	71	A:273	ok
RF00174__6VMY_A	RF00174	URS0001A24B44_1423/1-130	73	73	C	152	Rfam.seed.gz	15.1	41f014f4ab5628620935f089b1bb77987ebc162fda7c72bff368a32c9cccabac	6VMY	1	A	A	1	73	73	274	NA	72	274	C	C	no	no	yes	yes	72	A:274	ok
RF00174__6VMY_A	RF00174	URS0001A24B44_1423/1-130	74	74	C	153	Rfam.seed.gz	15.1	41f014f4ab5628620935f089b1bb77987ebc162fda7c72bff368a32c9cccabac	6VMY	1	A	A	1	74	74	275	NA	73	275	C	C	no	no	yes	yes	73	A:275	ok
RF00174__6VMY_A	RF00174	URS0001A24B44_1423/1-130	75	75	A	154	Rfam.seed.gz	15.1	41f014f4ab5628620935f089b1bb77987ebc162fda7c72bff368a32c9cccabac	6VMY	1	A	A	1	75	75	276	NA	74	276	A	A	no	no	yes	yes	74	A:276	ok
RF00174__6VMY_A	RF00174	URS0001A24B44_1423/1-130	76	76	C	155	Rfam.seed.gz	15.1	41f014f4ab5628620935f089b1bb77987ebc162fda7c72bff368a32c9cccabac	6VMY	1	A	A	1	76	76	277	NA	75	277	C	C	no	no	yes	yes	75	A:277	ok
RF00174__6VMY_A	RF00174	URS0001A24B44_1423/1-130	77	77	U	156	Rfam.seed.gz	15.1	41f014f4ab5628620935f089b1bb77987ebc162fda7c72bff368a32c9cccabac	6VMY	1	A	A	1	77	77	278	NA	76	278	U	U	no	no	yes	yes	76	A:278	ok
RF00174__6VMY_A	RF00174	URS0001A24B44_1423/1-130	78	78	G	157	Rfam.seed.gz	15.1	41f014f4ab5628620935f089b1bb77987ebc162fda7c72bff368a32c9cccabac	6VMY	1	A	A	1	78	78	279	NA	77	279	G	G	no	no	yes	yes	77	A:279	ok
RF00174__6VMY_A	RF00174	URS0001A24B44_1423/1-130	79	79	U	158	Rfam.seed.gz	15.1	41f014f4ab5628620935f089b1bb77987ebc162fda7c72bff368a32c9cccabac	6VMY	1	A	A	1	79	79	280	NA	78	280	U	U	no	no	yes	yes	78	A:280	ok
RF00174__6VMY_A	RF00174	URS0001A24B44_1423/1-130	80	80	A	159	Rfam.seed.gz	15.1	41f014f4ab5628620935f089b1bb77987ebc162fda7c72bff368a32c9cccabac	6VMY	1	A	A	1	80	80	281	NA	79	281	A	A	no	no	yes	yes	79	A:281	ok
RF00174__6VMY_A	RF00174	URS0001A24B44_1423/1-130	81	81	A	160	Rfam.seed.gz	15.1	41f014f4ab5628620935f089b1bb77987ebc162fda7c72bff368a32c9cccabac	6VMY	1	A	A	1	81	81	282	NA	80	282	A	A	no	no	yes	yes	80	A:282	ok
RF00174__6VMY_A	RF00174	URS0001A24B44_1423/1-130	82	82	U	163	Rfam.seed.gz	15.1	41f014f4ab5628620935f089b1bb77987ebc162fda7c72bff368a32c9cccabac	6VMY	1	A	A	1	82	82	283	NA	81	283	U	U	no	no	yes	yes	81	A:283	ok
RF00174__6VMY_A	RF00174	URS0001A24B44_1423/1-130	83	83	U	164	Rfam.seed.gz	15.1	41f014f4ab5628620935f089b1bb77987ebc162fda7c72bff368a32c9cccabac	6VMY	1	A	A	1	83	83	284	NA	82	284	U	U	no	no	yes	yes	82	A:284	ok
RF00174__6VMY_A	RF00174	URS0001A24B44_1423/1-130	84	84	G	165	Rfam.seed.gz	15.1	41f014f4ab5628620935f089b1bb77987ebc162fda7c72bff368a32c9cccabac	6VMY	1	A	A	1	84	84	285	NA	83	285	G	G	no	no	yes	yes	83	A:285	ok
RF00174__6VMY_A	RF00174	URS0001A24B44_1423/1-130	85	85	G	169	Rfam.seed.gz	15.1	41f014f4ab5628620935f089b1bb77987ebc162fda7c72bff368a32c9cccabac	6VMY	1	A	A	1	85	85	286	NA	84	286	G	G	no	no	yes	yes	84	A:286	ok
RF00174__6VMY_A	RF00174	URS0001A24B44_1423/1-130	86	86	C	170	Rfam.seed.gz	15.1	41f014f4ab5628620935f089b1bb77987ebc162fda7c72bff368a32c9cccabac	6VMY	1	A	A	1	86	86	287	NA	85	287	C	C	no	no	yes	yes	85	A:287	ok
RF00174__6VMY_A	RF00174	URS0001A24B44_1423/1-130	87	87	C	171	Rfam.seed.gz	15.1	41f014f4ab5628620935f089b1bb77987ebc162fda7c72bff368a32c9cccabac	6VMY	1	A	A	1	87	87	288	NA	86	288	C	C	no	no	yes	yes	86	A:288	ok
RF00174__6VMY_A	RF00174	URS0001A24B44_1423/1-130	88	88	A	175	Rfam.seed.gz	15.1	41f014f4ab5628620935f089b1bb77987ebc162fda7c72bff368a32c9cccabac	6VMY	1	A	A	1	88	88	289	NA	87	289	A	A	no	no	yes	yes	87	A:289	ok
RF00174__6VMY_A	RF00174	URS0001A24B44_1423/1-130	89	89	A	176	Rfam.seed.gz	15.1	41f014f4ab5628620935f089b1bb77987ebc162fda7c72bff368a32c9cccabac	6VMY	1	A	A	1	89	89	290	NA	88	290	A	A	no	no	yes	yes	88	A:290	ok
RF00174__6VMY_A	RF00174	URS0001A24B44_1423/1-130	90	90	G	177	Rfam.seed.gz	15.1	41f014f4ab5628620935f089b1bb77987ebc162fda7c72bff368a32c9cccabac	6VMY	1	A	A	1	90	90	291	NA	89	291	G	G	no	no	yes	yes	89	A:291	ok
RF00174__6VMY_A	RF00174	URS0001A24B44_1423/1-130	91	91	C	178	Rfam.seed.gz	15.1	41f014f4ab5628620935f089b1bb77987ebc162fda7c72bff368a32c9cccabac	6VMY	1	A	A	1	91	91	292	NA	90	292	C	C	no	no	yes	yes	90	A:292	ok
RF00174__6VMY_A	RF00174	URS0001A24B44_1423/1-130	92	92	G	398	Rfam.seed.gz	15.1	41f014f4ab5628620935f089b1bb77987ebc162fda7c72bff368a32c9cccabac	6VMY	1	A	A	1	92	92	293	NA	91	293	G	G	no	no	yes	yes	91	A:293	ok
RF00174__6VMY_A	RF00174	URS0001A24B44_1423/1-130	93	93	C	399	Rfam.seed.gz	15.1	41f014f4ab5628620935f089b1bb77987ebc162fda7c72bff368a32c9cccabac	6VMY	1	A	A	1	93	93	294	NA	92	294	C	C	no	no	yes	yes	92	A:294	ok
RF00174__6VMY_A	RF00174	URS0001A24B44_1423/1-130	94	94	C	400	Rfam.seed.gz	15.1	41f014f4ab5628620935f089b1bb77987ebc162fda7c72bff368a32c9cccabac	6VMY	1	A	A	1	94	94	295	NA	93	295	C	C	no	no	yes	yes	93	A:295	ok
RF00174__6VMY_A	RF00174	URS0001A24B44_1423/1-130	95	95	A	401	Rfam.seed.gz	15.1	41f014f4ab5628620935f089b1bb77987ebc162fda7c72bff368a32c9cccabac	6VMY	1	A	A	1	95	95	296	NA	94	296	A	A	no	no	yes	yes	94	A:296	ok
RF00174__6VMY_A	RF00174	URS0001A24B44_1423/1-130	96	96	A	402	Rfam.seed.gz	15.1	41f014f4ab5628620935f089b1bb77987ebc162fda7c72bff368a32c9cccabac	6VMY	1	A	A	1	96	96	297	NA	95	297	A	A	no	no	yes	yes	95	A:297	ok
RF00174__6VMY_A	RF00174	URS0001A24B44_1423/1-130	97	97	G	403	Rfam.seed.gz	15.1	41f014f4ab5628620935f089b1bb77987ebc162fda7c72bff368a32c9cccabac	6VMY	1	A	A	1	97	97	298	NA	96	298	G	G	no	no	yes	yes	96	A:298	ok
RF00174__6VMY_A	RF00174	URS0001A24B44_1423/1-130	98	98	A	404	Rfam.seed.gz	15.1	41f014f4ab5628620935f089b1bb77987ebc162fda7c72bff368a32c9cccabac	6VMY	1	A	A	1	98	98	299	NA	97	299	A	A	no	no	yes	yes	97	A:299	ok
RF00174__6VMY_A	RF00174	URS0001A24B44_1423/1-130	99	99	G	405	Rfam.seed.gz	15.1	41f014f4ab5628620935f089b1bb77987ebc162fda7c72bff368a32c9cccabac	6VMY	1	A	A	1	99	99	300	NA	98	300	G	G	no	no	yes	yes	98	A:300	ok
RF00174__6VMY_A	RF00174	URS0001A24B44_1423/1-130	100	100	C	406	Rfam.seed.gz	15.1	41f014f4ab5628620935f089b1bb77987ebc162fda7c72bff368a32c9cccabac	6VMY	1	A	A	1	100	100	301	NA	99	301	C	C	no	no	yes	yes	99	A:301	ok
RF00174__6VMY_A	RF00174	URS0001A24B44_1423/1-130	101	101	C	407	Rfam.seed.gz	15.1	41f014f4ab5628620935f089b1bb77987ebc162fda7c72bff368a32c9cccabac	6VMY	1	A	A	1	101	101	302	NA	100	302	C	C	no	no	yes	yes	100	A:302	ok
RF00174__6VMY_A	RF00174	URS0001A24B44_1423/1-130	102	102	A	408	Rfam.seed.gz	15.1	41f014f4ab5628620935f089b1bb77987ebc162fda7c72bff368a32c9cccabac	6VMY	1	A	A	1	102	102	303	NA	101	303	A	A	no	no	yes	yes	101	A:303	ok
RF00174__6VMY_A	RF00174	URS0001A24B44_1423/1-130	103	103	G	409	Rfam.seed.gz	15.1	41f014f4ab5628620935f089b1bb77987ebc162fda7c72bff368a32c9cccabac	6VMY	1	A	A	1	103	103	304	NA	102	304	G	G	no	no	yes	yes	102	A:304	ok
RF00174__6VMY_A	RF00174	URS0001A24B44_1423/1-130	104	104	G	410	Rfam.seed.gz	15.1	41f014f4ab5628620935f089b1bb77987ebc162fda7c72bff368a32c9cccabac	6VMY	1	A	A	1	104	104	305	NA	103	305	G	G	no	no	yes	yes	103	A:305	ok
RF00174__6VMY_A	RF00174	URS0001A24B44_1423/1-130	105	105	A	411	Rfam.seed.gz	15.1	41f014f4ab5628620935f089b1bb77987ebc162fda7c72bff368a32c9cccabac	6VMY	1	A	A	1	105	105	306	NA	104	306	A	A	no	no	yes	yes	104	A:306	ok
RF00174__6VMY_A	RF00174	URS0001A24B44_1423/1-130	106	106	U	412	Rfam.seed.gz	15.1	41f014f4ab5628620935f089b1bb77987ebc162fda7c72bff368a32c9cccabac	6VMY	1	A	A	1	106	106	307	NA	105	307	U	U	no	no	yes	yes	105	A:307	ok
RF00174__6VMY_A	RF00174	URS0001A24B44_1423/1-130	107	107	A	413	Rfam.seed.gz	15.1	41f014f4ab5628620935f089b1bb77987ebc162fda7c72bff368a32c9cccabac	6VMY	1	A	A	1	107	107	308	NA	106	308	A	A	no	no	yes	yes	106	A:308	ok
RF00174__6VMY_A	RF00174	URS0001A24B44_1423/1-130	108	108	C	414	Rfam.seed.gz	15.1	41f014f4ab5628620935f089b1bb77987ebc162fda7c72bff368a32c9cccabac	6VMY	1	A	A	1	108	108	309	NA	107	309	C	C	no	no	yes	yes	107	A:309	ok
RF00174__6VMY_A	RF00174	URS0001A24B44_1423/1-130	109	109	C	415	Rfam.seed.gz	15.1	41f014f4ab5628620935f089b1bb77987ebc162fda7c72bff368a32c9cccabac	6VMY	1	A	A	1	109	109	310	NA	108	310	C	C	no	no	yes	yes	108	A:310	ok
RF00174__6VMY_A	RF00174	URS0001A24B44_1423/1-130	110	110	U	416	Rfam.seed.gz	15.1	41f014f4ab5628620935f089b1bb77987ebc162fda7c72bff368a32c9cccabac	6VMY	1	A	A	1	110	110	311	NA	109	311	U	U	no	no	yes	yes	109	A:311	ok
RF00174__6VMY_A	RF00174	URS0001A24B44_1423/1-130	111	111	G	417	Rfam.seed.gz	15.1	41f014f4ab5628620935f089b1bb77987ebc162fda7c72bff368a32c9cccabac	6VMY	1	A	A	1	111	111	312	NA	110	312	G	G	no	no	yes	yes	110	A:312	ok
RF00174__6VMY_A	RF00174	URS0001A24B44_1423/1-130	112	112	C	418	Rfam.seed.gz	15.1	41f014f4ab5628620935f089b1bb77987ebc162fda7c72bff368a32c9cccabac	6VMY	1	A	A	1	112	112	313	NA	111	313	C	C	no	no	yes	yes	111	A:313	ok
RF00174__6VMY_A	RF00174	URS0001A24B44_1423/1-130	113	113	C	419	Rfam.seed.gz	15.1	41f014f4ab5628620935f089b1bb77987ebc162fda7c72bff368a32c9cccabac	6VMY	1	A	A	1	113	113	314	NA	112	314	C	C	no	no	yes	yes	112	A:314	ok
RF00174__6VMY_A	RF00174	URS0001A24B44_1423/1-130	114	114	U	420	Rfam.seed.gz	15.1	41f014f4ab5628620935f089b1bb77987ebc162fda7c72bff368a32c9cccabac	6VMY	1	A	A	1	114	114	315	NA	113	315	U	U	no	no	yes	yes	113	A:315	ok
RF00174__6VMY_A	RF00174	URS0001A24B44_1423/1-130	115	115	G	421	Rfam.seed.gz	15.1	41f014f4ab5628620935f089b1bb77987ebc162fda7c72bff368a32c9cccabac	6VMY	1	A	A	1	115	115	316	NA	114	316	G	G	no	no	yes	yes	114	A:316	ok
RF00174__6VMY_A	RF00174	URS0001A24B44_1423/1-130	116	116	U	422	Rfam.seed.gz	15.1	41f014f4ab5628620935f089b1bb77987ebc162fda7c72bff368a32c9cccabac	6VMY	1	A	A	1	116	116	317	NA	115	317	U	U	no	no	yes	yes	115	A:317	ok
RF00174__6VMY_A	RF00174	URS0001A24B44_1423/1-130	117	117	U	423	Rfam.seed.gz	15.1	41f014f4ab5628620935f089b1bb77987ebc162fda7c72bff368a32c9cccabac	6VMY	1	A	A	1	117	117	318	NA	116	318	U	U	no	no	yes	yes	116	A:318	ok
RF00174__6VMY_A	RF00174	URS0001A24B44_1423/1-130	118	118	U	424	Rfam.seed.gz	15.1	41f014f4ab5628620935f089b1bb77987ebc162fda7c72bff368a32c9cccabac	6VMY	1	A	A	1	118	118	319	NA	117	319	U	U	no	no	yes	yes	117	A:319	ok
RF00174__6VMY_A	RF00174	URS0001A24B44_1423/1-130	119	119	G	425	Rfam.seed.gz	15.1	41f014f4ab5628620935f089b1bb77987ebc162fda7c72bff368a32c9cccabac	6VMY	1	A	A	1	119	119	320	NA	118	320	G	G	no	no	yes	yes	118	A:320	ok
RF00174__6VMY_A	RF00174	URS0001A24B44_1423/1-130	120	120	A	426	Rfam.seed.gz	15.1	41f014f4ab5628620935f089b1bb77987ebc162fda7c72bff368a32c9cccabac	6VMY	1	A	A	1	120	120	321	NA	119	321	A	A	no	no	yes	yes	119	A:321	ok
RF00174__6VMY_A	RF00174	URS0001A24B44_1423/1-130	121	121	U	427	Rfam.seed.gz	15.1	41f014f4ab5628620935f089b1bb77987ebc162fda7c72bff368a32c9cccabac	6VMY	1	A	A	1	121	121	322	NA	120	322	U	U	no	no	yes	yes	120	A:322	ok
RF00174__6VMY_A	RF00174	URS0001A24B44_1423/1-130	122	122	C	428	Rfam.seed.gz	15.1	41f014f4ab5628620935f089b1bb77987ebc162fda7c72bff368a32c9cccabac	6VMY	1	A	A	1	122	122	323	NA	121	323	C	C	no	no	yes	yes	121	A:323	ok
RF00174__6VMY_A	RF00174	URS0001A24B44_1423/1-130	123	123	A	429	Rfam.seed.gz	15.1	41f014f4ab5628620935f089b1bb77987ebc162fda7c72bff368a32c9cccabac	6VMY	1	A	A	1	123	123	324	NA	122	324	A	A	no	no	yes	yes	122	A:324	ok
RF00174__6VMY_A	RF00174	URS0001A24B44_1423/1-130	124	124	G	430	Rfam.seed.gz	15.1	41f014f4ab5628620935f089b1bb77987ebc162fda7c72bff368a32c9cccabac	6VMY	1	A	A	1	124	124	325	NA	123	325	G	G	no	no	yes	yes	123	A:325	ok
RF00174__6VMY_A	RF00174	URS0001A24B44_1423/1-130	125	125	C	431	Rfam.seed.gz	15.1	41f014f4ab5628620935f089b1bb77987ebc162fda7c72bff368a32c9cccabac	6VMY	1	A	A	1	125	125	326	NA	124	326	C	C	no	no	yes	yes	124	A:326	ok
RF00174__6VMY_A	RF00174	URS0001A24B44_1423/1-130	126	126	A	432	Rfam.seed.gz	15.1	41f014f4ab5628620935f089b1bb77987ebc162fda7c72bff368a32c9cccabac	6VMY	1	A	A	1	126	126	327	NA	125	327	A	A	no	no	yes	yes	125	A:327	ok
RF00174__6VMY_A	RF00174	URS0001A24B44_1423/1-130	127	127	C	433	Rfam.seed.gz	15.1	41f014f4ab5628620935f089b1bb77987ebc162fda7c72bff368a32c9cccabac	6VMY	1	A	A	1	127	127	328	NA	126	328	C	C	no	no	yes	yes	126	A:328	ok
RF00174__6VMY_A	RF00174	URS0001A24B44_1423/1-130	128	128	G	434	Rfam.seed.gz	15.1	41f014f4ab5628620935f089b1bb77987ebc162fda7c72bff368a32c9cccabac	6VMY	1	A	A	1	128	128	329	NA	127	329	G	G	no	no	yes	yes	127	A:329	ok
RF00174__6VMY_A	RF00174	URS0001A24B44_1423/1-130	129	129	A	435	Rfam.seed.gz	15.1	41f014f4ab5628620935f089b1bb77987ebc162fda7c72bff368a32c9cccabac	6VMY	1	A	A	1	129	129	330	NA	128	330	A	A	no	no	yes	yes	128	A:330	ok
RF00174__6VMY_A	RF00174	URS0001A24B44_1423/1-130	130	130	A	436	Rfam.seed.gz	15.1	41f014f4ab5628620935f089b1bb77987ebc162fda7c72bff368a32c9cccabac	6VMY	1	A	A	1	130	130	331	NA	129	331	A	A	no	no	yes	yes	129	A:331	ok
RF00059__2GDI_X	RF00059	URS000080DDEB_32630/1-80	1	1	G	6	Rfam.seed.gz	15.1	41f014f4ab5628620935f089b1bb77987ebc162fda7c72bff368a32c9cccabac	2GDI	1	A	X	1	1	1	10	NA	9	10	GTP	G	yes	yes	yes	no	0	X:10	ok
RF00059__2GDI_X	RF00059	URS000080DDEB_32630/1-80	2	2	G	7	Rfam.seed.gz	15.1	41f014f4ab5628620935f089b1bb77987ebc162fda7c72bff368a32c9cccabac	2GDI	1	A	X	1	2	2	11	NA	11	11	G	G	no	no	yes	yes	1	X:11	ok
RF00059__2GDI_X	RF00059	URS000080DDEB_32630/1-80	3	3	A	8	Rfam.seed.gz	15.1	41f014f4ab5628620935f089b1bb77987ebc162fda7c72bff368a32c9cccabac	2GDI	1	A	X	1	3	3	12	NA	12	12	A	A	no	no	yes	yes	2	X:12	ok
RF00059__2GDI_X	RF00059	URS000080DDEB_32630/1-80	4	4	C	9	Rfam.seed.gz	15.1	41f014f4ab5628620935f089b1bb77987ebc162fda7c72bff368a32c9cccabac	2GDI	1	A	X	1	4	4	13	NA	13	13	C	C	no	no	yes	yes	3	X:13	ok
RF00059__2GDI_X	RF00059	URS000080DDEB_32630/1-80	5	5	U	10	Rfam.seed.gz	15.1	41f014f4ab5628620935f089b1bb77987ebc162fda7c72bff368a32c9cccabac	2GDI	1	A	X	1	5	5	14	NA	14	14	U	U	no	no	yes	yes	4	X:14	ok
RF00059__2GDI_X	RF00059	URS000080DDEB_32630/1-80	6	6	C	11	Rfam.seed.gz	15.1	41f014f4ab5628620935f089b1bb77987ebc162fda7c72bff368a32c9cccabac	2GDI	1	A	X	1	6	6	15	NA	15	15	C	C	no	no	yes	yes	5	X:15	ok
RF00059__2GDI_X	RF00059	URS000080DDEB_32630/1-80	7	7	G	12	Rfam.seed.gz	15.1	41f014f4ab5628620935f089b1bb77987ebc162fda7c72bff368a32c9cccabac	2GDI	1	A	X	1	7	7	16	NA	16	16	G	G	no	no	yes	yes	6	X:16	ok
RF00059__2GDI_X	RF00059	URS000080DDEB_32630/1-80	8	8	G	13	Rfam.seed.gz	15.1	41f014f4ab5628620935f089b1bb77987ebc162fda7c72bff368a32c9cccabac	2GDI	1	A	X	1	8	8	17	NA	17	17	G	G	no	no	yes	yes	7	X:17	ok
RF00059__2GDI_X	RF00059	URS000080DDEB_32630/1-80	9	9	G	14	Rfam.seed.gz	15.1	41f014f4ab5628620935f089b1bb77987ebc162fda7c72bff368a32c9cccabac	2GDI	1	A	X	1	9	9	18	NA	18	18	G	G	no	no	yes	yes	8	X:18	ok
RF00059__2GDI_X	RF00059	URS000080DDEB_32630/1-80	10	10	G	15	Rfam.seed.gz	15.1	41f014f4ab5628620935f089b1bb77987ebc162fda7c72bff368a32c9cccabac	2GDI	1	A	X	1	10	10	19	NA	19	19	G	G	no	no	yes	yes	9	X:19	ok
RF00059__2GDI_X	RF00059	URS000080DDEB_32630/1-80	11	11	U	16	Rfam.seed.gz	15.1	41f014f4ab5628620935f089b1bb77987ebc162fda7c72bff368a32c9cccabac	2GDI	1	A	X	1	11	11	20	NA	20	20	U	U	no	no	yes	yes	10	X:20	ok
RF00059__2GDI_X	RF00059	URS000080DDEB_32630/1-80	12	12	G	17	Rfam.seed.gz	15.1	41f014f4ab5628620935f089b1bb77987ebc162fda7c72bff368a32c9cccabac	2GDI	1	A	X	1	12	12	21	NA	21	21	G	G	no	no	yes	yes	11	X:21	ok
RF00059__2GDI_X	RF00059	URS000080DDEB_32630/1-80	13	13	C	18	Rfam.seed.gz	15.1	41f014f4ab5628620935f089b1bb77987ebc162fda7c72bff368a32c9cccabac	2GDI	1	A	X	1	13	13	22	NA	22	22	C	C	no	no	yes	yes	12	X:22	ok
RF00059__2GDI_X	RF00059	URS000080DDEB_32630/1-80	14	14	C	19	Rfam.seed.gz	15.1	41f014f4ab5628620935f089b1bb77987ebc162fda7c72bff368a32c9cccabac	2GDI	1	A	X	1	14	14	23	NA	23	23	C	C	no	no	yes	yes	13	X:23	ok
RF00059__2GDI_X	RF00059	URS000080DDEB_32630/1-80	15	15	C	20	Rfam.seed.gz	15.1	41f014f4ab5628620935f089b1bb77987ebc162fda7c72bff368a32c9cccabac	2GDI	1	A	X	1	15	15	24	NA	24	24	C	C	no	no	yes	yes	14	X:24	ok
RF00059__2GDI_X	RF00059	URS000080DDEB_32630/1-80	16	16	U	21	Rfam.seed.gz	15.1	41f014f4ab5628620935f089b1bb77987ebc162fda7c72bff368a32c9cccabac	2GDI	1	A	X	1	16	16	25	NA	25	25	U	U	no	no	yes	yes	15	X:25	ok
RF00059__2GDI_X	RF00059	URS000080DDEB_32630/1-80	17	17	U	22	Rfam.seed.gz	15.1	41f014f4ab5628620935f089b1bb77987ebc162fda7c72bff368a32c9cccabac	2GDI	1	A	X	1	17	17	26	NA	26	26	U	U	no	no	yes	yes	16	X:26	ok
RF00059__2GDI_X	RF00059	URS000080DDEB_32630/1-80	18	18	C	23	Rfam.seed.gz	15.1	41f014f4ab5628620935f089b1bb77987ebc162fda7c72bff368a32c9cccabac	2GDI	1	A	X	1	18	18	27	NA	27	27	C	C	no	no	yes	yes	17	X:27	ok
RF00059__2GDI_X	RF00059	URS000080DDEB_32630/1-80	19	19	U	24	Rfam.seed.gz	15.1	41f014f4ab5628620935f089b1bb77987ebc162fda7c72bff368a32c9cccabac	2GDI	1	A	X	1	19	19	28	NA	28	28	U	U	no	no	yes	yes	18	X:28	ok
RF00059__2GDI_X	RF00059	URS000080DDEB_32630/1-80	20	20	G	25	Rfam.seed.gz	15.1	41f014f4ab5628620935f089b1bb77987ebc162fda7c72bff368a32c9cccabac	2GDI	1	A	X	1	20	20	29	NA	29	29	G	G	no	no	yes	yes	19	X:29	ok
RF00059__2GDI_X	RF00059	URS000080DDEB_32630/1-80	21	21	C	73	Rfam.seed.gz	15.1	41f014f4ab5628620935f089b1bb77987ebc162fda7c72bff368a32c9cccabac	2GDI	1	A	X	1	21	21	30	NA	30	30	C	C	no	no	yes	yes	20	X:30	ok
RF00059__2GDI_X	RF00059	URS000080DDEB_32630/1-80	22	22	G	74	Rfam.seed.gz	15.1	41f014f4ab5628620935f089b1bb77987ebc162fda7c72bff368a32c9cccabac	2GDI	1	A	X	1	22	22	31	NA	31	31	G	G	no	no	yes	yes	21	X:31	ok
RF00059__2GDI_X	RF00059	URS000080DDEB_32630/1-80	23	23	U	75	Rfam.seed.gz	15.1	41f014f4ab5628620935f089b1bb77987ebc162fda7c72bff368a32c9cccabac	2GDI	1	A	X	1	23	23	32	NA	32	32	U	U	no	no	yes	yes	22	X:32	ok
RF00059__2GDI_X	RF00059	URS000080DDEB_32630/1-80	24	24	G	76	Rfam.seed.gz	15.1	41f014f4ab5628620935f089b1bb77987ebc162fda7c72bff368a32c9cccabac	2GDI	1	A	X	1	24	24	33	NA	33	33	G	G	no	no	yes	yes	23	X:33	ok
RF00059__2GDI_X	RF00059	URS000080DDEB_32630/1-80	25	25	A	77	Rfam.seed.gz	15.1	41f014f4ab5628620935f089b1bb77987ebc162fda7c72bff368a32c9cccabac	2GDI	1	A	X	1	25	25	34	NA	34	34	A	A	no	no	yes	yes	24	X:34	ok
RF00059__2GDI_X	RF00059	URS000080DDEB_32630/1-80	26	26	A	78	Rfam.seed.gz	15.1	41f014f4ab5628620935f089b1bb77987ebc162fda7c72bff368a32c9cccabac	2GDI	1	A	X	1	26	26	35	NA	35	35	A	A	no	no	yes	yes	25	X:35	ok
RF00059__2GDI_X	RF00059	URS000080DDEB_32630/1-80	27	27	G	79	Rfam.seed.gz	15.1	41f014f4ab5628620935f089b1bb77987ebc162fda7c72bff368a32c9cccabac	2GDI	1	A	X	1	27	27	36	NA	36	36	G	G	no	no	yes	yes	26	X:36	ok
RF00059__2GDI_X	RF00059	URS000080DDEB_32630/1-80	28	28	G	81	Rfam.seed.gz	15.1	41f014f4ab5628620935f089b1bb77987ebc162fda7c72bff368a32c9cccabac	2GDI	1	A	X	1	28	28	37	NA	37	37	G	G	no	no	yes	yes	27	X:37	ok
RF00059__2GDI_X	RF00059	URS000080DDEB_32630/1-80	29	29	C	82	Rfam.seed.gz	15.1	41f014f4ab5628620935f089b1bb77987ebc162fda7c72bff368a32c9cccabac	2GDI	1	A	X	1	29	29	38	NA	38	38	C	C	no	no	yes	yes	28	X:38	ok
RF00059__2GDI_X	RF00059	URS000080DDEB_32630/1-80	30	30	U	83	Rfam.seed.gz	15.1	41f014f4ab5628620935f089b1bb77987ebc162fda7c72bff368a32c9cccabac	2GDI	1	A	X	1	30	30	39	NA	39	39	U	U	no	no	yes	yes	29	X:39	ok
RF00059__2GDI_X	RF00059	URS000080DDEB_32630/1-80	31	31	G	84	Rfam.seed.gz	15.1	41f014f4ab5628620935f089b1bb77987ebc162fda7c72bff368a32c9cccabac	2GDI	1	A	X	1	31	31	40	NA	40	40	G	G	no	no	yes	yes	30	X:40	ok
RF00059__2GDI_X	RF00059	URS000080DDEB_32630/1-80	32	32	A	85	Rfam.seed.gz	15.1	41f014f4ab5628620935f089b1bb77987ebc162fda7c72bff368a32c9cccabac	2GDI	1	A	X	1	32	32	41	NA	41	41	A	A	no	no	yes	yes	31	X:41	ok
RF00059__2GDI_X	RF00059	URS000080DDEB_32630/1-80	33	33	G	86	Rfam.seed.gz	15.1	41f014f4ab5628620935f089b1bb77987ebc162fda7c72bff368a32c9cccabac	2GDI	1	A	X	1	33	33	42	NA	42	42	G	G	no	no	yes	yes	32	X:42	ok
RF00059__2GDI_X	RF00059	URS000080DDEB_32630/1-80	34	34	A	87	Rfam.seed.gz	15.1	41f014f4ab5628620935f089b1bb77987ebc162fda7c72bff368a32c9cccabac	2GDI	1	A	X	1	34	34	43	NA	43	43	A	A	no	no	yes	yes	33	X:43	ok
RF00059__2GDI_X	RF00059	URS000080DDEB_32630/1-80	35	35	A	88	Rfam.seed.gz	15.1	41f014f4ab5628620935f089b1bb77987ebc162fda7c72bff368a32c9cccabac	2GDI	1	A	X	1	35	35	44	NA	44	44	A	A	no	no	yes	yes	34	X:44	ok
RF00059__2GDI_X	RF00059	URS000080DDEB_32630/1-80	36	36	A	149	Rfam.seed.gz	15.1	41f014f4ab5628620935f089b1bb77987ebc162fda7c72bff368a32c9cccabac	2GDI	1	A	X	1	36	36	45	NA	45	45	A	A	no	no	yes	yes	35	X:45	ok
RF00059__2GDI_X	RF00059	URS000080DDEB_32630/1-80	37	37	U	150	Rfam.seed.gz	15.1	41f014f4ab5628620935f089b1bb77987ebc162fda7c72bff368a32c9cccabac	2GDI	1	A	X	1	37	37	46	NA	46	46	U	U	no	no	yes	yes	36	X:46	ok
RF00059__2GDI_X	RF00059	URS000080DDEB_32630/1-80	38	38	A	151	Rfam.seed.gz	15.1	41f014f4ab5628620935f089b1bb77987ebc162fda7c72bff368a32c9cccabac	2GDI	1	A	X	1	38	38	47	NA	47	47	A	A	no	no	yes	yes	37	X:47	ok
RF00059__2GDI_X	RF00059	URS000080DDEB_32630/1-80	39	39	C	153	Rfam.seed.gz	15.1	41f014f4ab5628620935f089b1bb77987ebc162fda7c72bff368a32c9cccabac	2GDI	1	A	X	1	39	39	48	NA	48	48	C	C	no	no	yes	yes	38	X:48	ok
RF00059__2GDI_X	RF00059	URS000080DDEB_32630/1-80	40	40	C	154	Rfam.seed.gz	15.1	41f014f4ab5628620935f089b1bb77987ebc162fda7c72bff368a32c9cccabac	2GDI	1	A	X	1	40	40	49	NA	49	49	C	C	no	no	yes	yes	39	X:49	ok
RF00059__2GDI_X	RF00059	URS000080DDEB_32630/1-80	41	41	C	155	Rfam.seed.gz	15.1	41f014f4ab5628620935f089b1bb77987ebc162fda7c72bff368a32c9cccabac	2GDI	1	A	X	1	41	41	50	NA	50	50	C	C	no	no	yes	yes	40	X:50	ok
RF00059__2GDI_X	RF00059	URS000080DDEB_32630/1-80	42	42	G	156	Rfam.seed.gz	15.1	41f014f4ab5628620935f089b1bb77987ebc162fda7c72bff368a32c9cccabac	2GDI	1	A	X	1	42	42	51	NA	51	51	G	G	no	no	yes	yes	41	X:51	ok
RF00059__2GDI_X	RF00059	URS000080DDEB_32630/1-80	43	43	U	157	Rfam.seed.gz	15.1	41f014f4ab5628620935f089b1bb77987ebc162fda7c72bff368a32c9cccabac	2GDI	1	A	X	1	43	43	52	NA	52	52	U	U	no	no	yes	yes	42	X:52	ok
RF00059__2GDI_X	RF00059	URS000080DDEB_32630/1-80	44	44	A	158	Rfam.seed.gz	15.1	41f014f4ab5628620935f089b1bb77987ebc162fda7c72bff368a32c9cccabac	2GDI	1	A	X	1	44	44	53	NA	53	53	A	A	no	no	yes	yes	43	X:53	ok
RF00059__2GDI_X	RF00059	URS000080DDEB_32630/1-80	45	45	U	159	Rfam.seed.gz	15.1	41f014f4ab5628620935f089b1bb77987ebc162fda7c72bff368a32c9cccabac	2GDI	1	A	X	1	45	45	54	NA	54	54	U	U	no	no	yes	yes	44	X:54	ok
RF00059__2GDI_X	RF00059	URS000080DDEB_32630/1-80	46	46	C	160	Rfam.seed.gz	15.1	41f014f4ab5628620935f089b1bb77987ebc162fda7c72bff368a32c9cccabac	2GDI	1	A	X	1	46	46	55	NA	55	55	C	C	no	no	yes	yes	45	X:55	ok
RF00059__2GDI_X	RF00059	URS000080DDEB_32630/1-80	47	47	A	162	Rfam.seed.gz	15.1	41f014f4ab5628620935f089b1bb77987ebc162fda7c72bff368a32c9cccabac	2GDI	1	A	X	1	47	47	56	NA	56	56	A	A	no	no	yes	yes	46	X:56	ok
RF00059__2GDI_X	RF00059	URS000080DDEB_32630/1-80	48	48	C	163	Rfam.seed.gz	15.1	41f014f4ab5628620935f089b1bb77987ebc162fda7c72bff368a32c9cccabac	2GDI	1	A	X	1	48	48	57	NA	57	57	C	C	no	no	yes	yes	47	X:57	ok
RF00059__2GDI_X	RF00059	URS000080DDEB_32630/1-80	49	49	C	164	Rfam.seed.gz	15.1	41f014f4ab5628620935f089b1bb77987ebc162fda7c72bff368a32c9cccabac	2GDI	1	A	X	1	49	49	58	NA	58	58	C	C	no	no	yes	yes	48	X:58	ok
RF00059__2GDI_X	RF00059	URS000080DDEB_32630/1-80	50	50	U	165	Rfam.seed.gz	15.1	41f014f4ab5628620935f089b1bb77987ebc162fda7c72bff368a32c9cccabac	2GDI	1	A	X	1	50	50	59	NA	59	59	U	U	no	no	yes	yes	49	X:59	ok
RF00059__2GDI_X	RF00059	URS000080DDEB_32630/1-80	51	51	G	166	Rfam.seed.gz	15.1	41f014f4ab5628620935f089b1bb77987ebc162fda7c72bff368a32c9cccabac	2GDI	1	A	X	1	51	51	60	NA	60	60	G	G	no	no	yes	yes	50	X:60	ok
RF00059__2GDI_X	RF00059	URS000080DDEB_32630/1-80	52	52	A	167	Rfam.seed.gz	15.1	41f014f4ab5628620935f089b1bb77987ebc162fda7c72bff368a32c9cccabac	2GDI	1	A	X	1	52	52	61	NA	61	61	A	A	no	no	yes	yes	51	X:61	ok
RF00059__2GDI_X	RF00059	URS000080DDEB_32630/1-80	53	53	U	169	Rfam.seed.gz	15.1	41f014f4ab5628620935f089b1bb77987ebc162fda7c72bff368a32c9cccabac	2GDI	1	A	X	1	53	53	62	NA	62	62	U	U	no	no	yes	yes	52	X:62	ok
RF00059__2GDI_X	RF00059	URS000080DDEB_32630/1-80	54	54	C	170	Rfam.seed.gz	15.1	41f014f4ab5628620935f089b1bb77987ebc162fda7c72bff368a32c9cccabac	2GDI	1	A	X	1	54	54	63	NA	63	63	C	C	no	no	yes	yes	53	X:63	ok
RF00059__2GDI_X	RF00059	URS000080DDEB_32630/1-80	55	55	U	171	Rfam.seed.gz	15.1	41f014f4ab5628620935f089b1bb77987ebc162fda7c72bff368a32c9cccabac	2GDI	1	A	X	1	55	55	64	NA	64	64	U	U	no	no	yes	yes	54	X:64	ok
RF00059__2GDI_X	RF00059	URS000080DDEB_32630/1-80	56	56	G	172	Rfam.seed.gz	15.1	41f014f4ab5628620935f089b1bb77987ebc162fda7c72bff368a32c9cccabac	2GDI	1	A	X	1	56	56	65	NA	65	65	G	G	no	no	yes	yes	55	X:65	ok
RF00059__2GDI_X	RF00059	URS000080DDEB_32630/1-80	57	57	G	173	Rfam.seed.gz	15.1	41f014f4ab5628620935f089b1bb77987ebc162fda7c72bff368a32c9cccabac	2GDI	1	A	X	1	57	57	66	NA	66	66	G	G	no	no	yes	yes	56	X:66	ok
RF00059__2GDI_X	RF00059	URS000080DDEB_32630/1-80	58	58	A	174	Rfam.seed.gz	15.1	41f014f4ab5628620935f089b1bb77987ebc162fda7c72bff368a32c9cccabac	2GDI	1	A	X	1	58	58	67	NA	67	67	A	A	no	no	yes	yes	57	X:67	ok
RF00059__2GDI_X	RF00059	URS000080DDEB_32630/1-80	59	59	U	175	Rfam.seed.gz	15.1	41f014f4ab5628620935f089b1bb77987ebc162fda7c72bff368a32c9cccabac	2GDI	1	A	X	1	59	59	68	NA	68	68	U	U	no	no	yes	yes	58	X:68	ok
RF00059__2GDI_X	RF00059	URS000080DDEB_32630/1-80	60	60	A	176	Rfam.seed.gz	15.1	41f014f4ab5628620935f089b1bb77987ebc162fda7c72bff368a32c9cccabac	2GDI	1	A	X	1	60	60	69	NA	69	69	A	A	no	no	yes	yes	59	X:69	ok
RF00059__2GDI_X	RF00059	URS000080DDEB_32630/1-80	61	61	A	177	Rfam.seed.gz	15.1	41f014f4ab5628620935f089b1bb77987ebc162fda7c72bff368a32c9cccabac	2GDI	1	A	X	1	61	61	70	NA	70	70	A	A	no	no	yes	yes	60	X:70	ok
RF00059__2GDI_X	RF00059	URS000080DDEB_32630/1-80	62	62	U	178	Rfam.seed.gz	15.1	41f014f4ab5628620935f089b1bb77987ebc162fda7c72bff368a32c9cccabac	2GDI	1	A	X	1	62	62	71	NA	71	71	U	U	no	no	yes	yes	61	X:71	ok
RF00059__2GDI_X	RF00059	URS000080DDEB_32630/1-80	63	63	G	179	Rfam.seed.gz	15.1	41f014f4ab5628620935f089b1bb77987ebc162fda7c72bff368a32c9cccabac	2GDI	1	A	X	1	63	63	72	NA	72	72	G	G	no	no	yes	yes	62	X:72	ok
RF00059__2GDI_X	RF00059	URS000080DDEB_32630/1-80	64	64	C	180	Rfam.seed.gz	15.1	41f014f4ab5628620935f089b1bb77987ebc162fda7c72bff368a32c9cccabac	2GDI	1	A	X	1	64	64	73	NA	73	73	C	C	no	no	yes	yes	63	X:73	ok
RF00059__2GDI_X	RF00059	URS000080DDEB_32630/1-80	65	65	C	181	Rfam.seed.gz	15.1	41f014f4ab5628620935f089b1bb77987ebc162fda7c72bff368a32c9cccabac	2GDI	1	A	X	1	65	65	74	NA	74	74	C	C	no	no	yes	yes	64	X:74	ok
RF00059__2GDI_X	RF00059	URS000080DDEB_32630/1-80	66	66	A	182	Rfam.seed.gz	15.1	41f014f4ab5628620935f089b1bb77987ebc162fda7c72bff368a32c9cccabac	2GDI	1	A	X	1	66	66	75	NA	75	75	A	A	no	no	yes	yes	65	X:75	ok
RF00059__2GDI_X	RF00059	URS000080DDEB_32630/1-80	67	67	G	183	Rfam.seed.gz	15.1	41f014f4ab5628620935f089b1bb77987ebc162fda7c72bff368a32c9cccabac	2GDI	1	A	X	1	67	67	76	NA	76	76	G	G	no	no	yes	yes	66	X:76	ok
RF00059__2GDI_X	RF00059	URS000080DDEB_32630/1-80	68	68	C	184	Rfam.seed.gz	15.1	41f014f4ab5628620935f089b1bb77987ebc162fda7c72bff368a32c9cccabac	2GDI	1	A	X	1	68	68	77	NA	77	77	C	C	no	no	yes	yes	67	X:77	ok
RF00059__2GDI_X	RF00059	URS000080DDEB_32630/1-80	69	69	G	185	Rfam.seed.gz	15.1	41f014f4ab5628620935f089b1bb77987ebc162fda7c72bff368a32c9cccabac	2GDI	1	A	X	1	69	69	78	NA	78	78	G	G	no	no	yes	yes	68	X:78	ok
RF00059__2GDI_X	RF00059	URS000080DDEB_32630/1-80	70	70	U	187	Rfam.seed.gz	15.1	41f014f4ab5628620935f089b1bb77987ebc162fda7c72bff368a32c9cccabac	2GDI	1	A	X	1	70	70	79	NA	79	79	U	U	no	no	yes	yes	69	X:79	ok
RF00059__2GDI_X	RF00059	URS000080DDEB_32630/1-80	71	71	A	188	Rfam.seed.gz	15.1	41f014f4ab5628620935f089b1bb77987ebc162fda7c72bff368a32c9cccabac	2GDI	1	A	X	1	71	71	80	NA	80	80	A	A	no	no	yes	yes	70	X:80	ok
RF00059__2GDI_X	RF00059	URS000080DDEB_32630/1-80	72	72	G	189	Rfam.seed.gz	15.1	41f014f4ab5628620935f089b1bb77987ebc162fda7c72bff368a32c9cccabac	2GDI	1	A	X	1	72	72	81	NA	81	81	G	G	no	no	yes	yes	71	X:81	ok
RF00059__2GDI_X	RF00059	URS000080DDEB_32630/1-80	73	73	G	190	Rfam.seed.gz	15.1	41f014f4ab5628620935f089b1bb77987ebc162fda7c72bff368a32c9cccabac	2GDI	1	A	X	1	73	73	82	NA	82	82	G	G	no	no	yes	yes	72	X:82	ok
RF00059__2GDI_X	RF00059	URS000080DDEB_32630/1-80	74	74	G	191	Rfam.seed.gz	15.1	41f014f4ab5628620935f089b1bb77987ebc162fda7c72bff368a32c9cccabac	2GDI	1	A	X	1	74	74	83	NA	83	83	G	G	no	no	yes	yes	73	X:83	ok
RF00059__2GDI_X	RF00059	URS000080DDEB_32630/1-80	75	75	A	192	Rfam.seed.gz	15.1	41f014f4ab5628620935f089b1bb77987ebc162fda7c72bff368a32c9cccabac	2GDI	1	A	X	1	75	75	84	NA	84	84	A	A	no	no	yes	yes	74	X:84	ok
RF00059__2GDI_X	RF00059	URS000080DDEB_32630/1-80	76	76	A	195	Rfam.seed.gz	15.1	41f014f4ab5628620935f089b1bb77987ebc162fda7c72bff368a32c9cccabac	2GDI	1	A	X	1	76	76	85	NA	85	85	A	A	no	no	yes	yes	75	X:85	ok
RF00059__2GDI_X	RF00059	URS000080DDEB_32630/1-80	77	77	G	196	Rfam.seed.gz	15.1	41f014f4ab5628620935f089b1bb77987ebc162fda7c72bff368a32c9cccabac	2GDI	1	A	X	1	77	77	86	NA	86	86	G	G	no	no	yes	yes	76	X:86	ok
RF00059__2GDI_X	RF00059	URS000080DDEB_32630/1-80	78	78	U	197	Rfam.seed.gz	15.1	41f014f4ab5628620935f089b1bb77987ebc162fda7c72bff368a32c9cccabac	2GDI	1	A	X	1	78	78	87	NA	87	87	U	U	no	no	yes	yes	77	X:87	ok
RF00059__2GDI_X	RF00059	URS000080DDEB_32630/1-80	79	79	U	198	Rfam.seed.gz	15.1	41f014f4ab5628620935f089b1bb77987ebc162fda7c72bff368a32c9cccabac	2GDI	1	A	X	1	79	79	88	NA	88	88	U	U	no	yes	yes	yes	78	X:88	ok
RF00059__2GDI_X	RF00059	URS000080DDEB_32630/1-80	80	80	C	199	Rfam.seed.gz	15.1	41f014f4ab5628620935f089b1bb77987ebc162fda7c72bff368a32c9cccabac	2GDI	1	A	X	1	80	80	89	NA	89	89	CCC	C	yes	yes	yes	yes	79	X:89	ok
RF00059__3D2G_A	RF00059	URS000080DE9F_3702/1-77	1	1	G	5	Rfam.seed.gz	15.1	41f014f4ab5628620935f089b1bb77987ebc162fda7c72bff368a32c9cccabac	3D2G	1	A	A	1	1	1	1	NA	1	1	G	G	no	yes	yes	yes	0	A:1	ok
RF00059__3D2G_A	RF00059	URS000080DE9F_3702/1-77	2	2	G	6	Rfam.seed.gz	15.1	41f014f4ab5628620935f089b1bb77987ebc162fda7c72bff368a32c9cccabac	3D2G	1	A	A	1	2	2	2	NA	2	2	G	G	no	yes	yes	yes	1	A:2	ok
RF00059__3D2G_A	RF00059	URS000080DE9F_3702/1-77	3	3	G	7	Rfam.seed.gz	15.1	41f014f4ab5628620935f089b1bb77987ebc162fda7c72bff368a32c9cccabac	3D2G	1	A	A	1	3	3	3	NA	3	3	G	G	no	yes	yes	yes	2	A:3	ok
RF00059__3D2G_A	RF00059	URS000080DE9F_3702/1-77	4	4	A	8	Rfam.seed.gz	15.1	41f014f4ab5628620935f089b1bb77987ebc162fda7c72bff368a32c9cccabac	3D2G	1	A	A	1	4	4	4	NA	4	4	A	A	no	yes	yes	yes	3	A:4	ok
RF00059__3D2G_A	RF00059	URS000080DE9F_3702/1-77	5	5	C	9	Rfam.seed.gz	15.1	41f014f4ab5628620935f089b1bb77987ebc162fda7c72bff368a32c9cccabac	3D2G	1	A	A	1	5	5	5	NA	5	5	C	C	no	yes	yes	yes	4	A:5	ok
RF00059__3D2G_A	RF00059	URS000080DE9F_3702/1-77	6	6	C	10	Rfam.seed.gz	15.1	41f014f4ab5628620935f089b1bb77987ebc162fda7c72bff368a32c9cccabac	3D2G	1	A	A	1	6	6	6	NA	6	6	C	C	no	yes	yes	yes	5	A:6	ok
RF00059__3D2G_A	RF00059	URS000080DE9F_3702/1-77	7	7	A	11	Rfam.seed.gz	15.1	41f014f4ab5628620935f089b1bb77987ebc162fda7c72bff368a32c9cccabac	3D2G	1	A	A	1	7	7	7	NA	7	7	A	A	no	yes	yes	yes	6	A:7	ok
RF00059__3D2G_A	RF00059	URS000080DE9F_3702/1-77	8	8	G	12	Rfam.seed.gz	15.1	41f014f4ab5628620935f089b1bb77987ebc162fda7c72bff368a32c9cccabac	3D2G	1	A	A	1	8	8	8	NA	8	8	G	G	no	yes	yes	yes	7	A:8	ok
RF00059__3D2G_A	RF00059	URS000080DE9F_3702/1-77	9	9	G	13	Rfam.seed.gz	15.1	41f014f4ab5628620935f089b1bb77987ebc162fda7c72bff368a32c9cccabac	3D2G	1	A	A	1	9	9	9	NA	9	9	G	G	no	yes	yes	yes	8	A:9	ok
RF00059__3D2G_A	RF00059	URS000080DE9F_3702/1-77	10	10	G	14	Rfam.seed.gz	15.1	41f014f4ab5628620935f089b1bb77987ebc162fda7c72bff368a32c9cccabac	3D2G	1	A	A	1	10	10	10	NA	10	10	G	G	no	yes	yes	yes	9	A:10	ok
RF00059__3D2G_A	RF00059	URS000080DE9F_3702/1-77	11	11	G	15	Rfam.seed.gz	15.1	41f014f4ab5628620935f089b1bb77987ebc162fda7c72bff368a32c9cccabac	3D2G	1	A	A	1	11	11	11	NA	11	11	G	G	no	yes	yes	yes	10	A:11	ok
RF00059__3D2G_A	RF00059	URS000080DE9F_3702/1-77	12	12	U	16	Rfam.seed.gz	15.1	41f014f4ab5628620935f089b1bb77987ebc162fda7c72bff368a32c9cccabac	3D2G	1	A	A	1	12	12	12	NA	12	12	U	U	no	yes	yes	yes	11	A:12	ok
RF00059__3D2G_A	RF00059	URS000080DE9F_3702/1-77	13	13	G	17	Rfam.seed.gz	15.1	41f014f4ab5628620935f089b1bb77987ebc162fda7c72bff368a32c9cccabac	3D2G	1	A	A	1	13	13	13	NA	13	13	G	G	no	yes	yes	yes	12	A:13	ok
RF00059__3D2G_A	RF00059	URS000080DE9F_3702/1-77	14	14	C	18	Rfam.seed.gz	15.1	41f014f4ab5628620935f089b1bb77987ebc162fda7c72bff368a32c9cccabac	3D2G	1	A	A	1	14	14	14	NA	14	14	C	C	no	yes	yes	yes	13	A:14	ok
RF00059__3D2G_A	RF00059	URS000080DE9F_3702/1-77	15	15	U	19	Rfam.seed.gz	15.1	41f014f4ab5628620935f089b1bb77987ebc162fda7c72bff368a32c9cccabac	3D2G	1	A	A	1	15	15	15	NA	15	15	U	U	no	yes	yes	yes	14	A:15	ok
RF00059__3D2G_A	RF00059	URS000080DE9F_3702/1-77	16	16	U	20	Rfam.seed.gz	15.1	41f014f4ab5628620935f089b1bb77987ebc162fda7c72bff368a32c9cccabac	3D2G	1	A	A	1	16	16	16	NA	16	16	U	U	no	yes	yes	yes	15	A:16	ok
RF00059__3D2G_A	RF00059	URS000080DE9F_3702/1-77	17	17	G	21	Rfam.seed.gz	15.1	41f014f4ab5628620935f089b1bb77987ebc162fda7c72bff368a32c9cccabac	3D2G	1	A	A	1	17	17	17	NA	17	17	G	G	no	yes	yes	yes	16	A:17	ok
RF00059__3D2G_A	RF00059	URS000080DE9F_3702/1-77	18	18	U	22	Rfam.seed.gz	15.1	41f014f4ab5628620935f089b1bb77987ebc162fda7c72bff368a32c9cccabac	3D2G	1	A	A	1	18	18	18	NA	18	18	U	U	no	yes	yes	yes	17	A:18	ok
RF00059__3D2G_A	RF00059	URS000080DE9F_3702/1-77	19	19	U	23	Rfam.seed.gz	15.1	41f014f4ab5628620935f089b1bb77987ebc162fda7c72bff368a32c9cccabac	3D2G	1	A	A	1	19	19	19	NA	19	19	U	U	no	yes	yes	yes	18	A:19	ok
RF00059__3D2G_A	RF00059	URS000080DE9F_3702/1-77	20	20	C	24	Rfam.seed.gz	15.1	41f014f4ab5628620935f089b1bb77987ebc162fda7c72bff368a32c9cccabac	3D2G	1	A	A	1	20	20	20	NA	20	20	C	C	no	yes	yes	yes	19	A:20	ok
RF00059__3D2G_A	RF00059	URS000080DE9F_3702/1-77	21	21	A	76	Rfam.seed.gz	15.1	41f014f4ab5628620935f089b1bb77987ebc162fda7c72bff368a32c9cccabac	3D2G	1	A	A	1	21	21	21	NA	21	21	A	A	no	yes	yes	yes	20	A:21	ok
RF00059__3D2G_A	RF00059	URS000080DE9F_3702/1-77	22	22	C	77	Rfam.seed.gz	15.1	41f014f4ab5628620935f089b1bb77987ebc162fda7c72bff368a32c9cccabac	3D2G	1	A	A	1	22	22	22	NA	22	22	C	C	no	no	yes	yes	21	A:22	ok
RF00059__3D2G_A	RF00059	URS000080DE9F_3702/1-77	23	23	A	78	Rfam.seed.gz	15.1	41f014f4ab5628620935f089b1bb77987ebc162fda7c72bff368a32c9cccabac	3D2G	1	A	A	1	23	23	23	NA	23	23	A	A	no	no	yes	yes	22	A:23	ok
RF00059__3D2G_A	RF00059	URS000080DE9F_3702/1-77	24	24	G	79	Rfam.seed.gz	15.1	41f014f4ab5628620935f089b1bb77987ebc162fda7c72bff368a32c9cccabac	3D2G	1	A	A	1	24	24	24	NA	24	24	G	G	no	no	yes	yes	23	A:24	ok
RF00059__3D2G_A	RF00059	URS000080DE9F_3702/1-77	25	25	G	81	Rfam.seed.gz	15.1	41f014f4ab5628620935f089b1bb77987ebc162fda7c72bff368a32c9cccabac	3D2G	1	A	A	1	25	25	25	NA	25	25	G	G	no	no	yes	yes	24	A:25	ok
RF00059__3D2G_A	RF00059	URS000080DE9F_3702/1-77	26	26	C	82	Rfam.seed.gz	15.1	41f014f4ab5628620935f089b1bb77987ebc162fda7c72bff368a32c9cccabac	3D2G	1	A	A	1	26	26	26	NA	26	26	C	C	no	no	yes	yes	25	A:26	ok
RF00059__3D2G_A	RF00059	URS000080DE9F_3702/1-77	27	27	U	83	Rfam.seed.gz	15.1	41f014f4ab5628620935f089b1bb77987ebc162fda7c72bff368a32c9cccabac	3D2G	1	A	A	1	27	27	27	NA	27	27	U	U	no	no	yes	yes	26	A:27	ok
RF00059__3D2G_A	RF00059	URS000080DE9F_3702/1-77	28	28	G	84	Rfam.seed.gz	15.1	41f014f4ab5628620935f089b1bb77987ebc162fda7c72bff368a32c9cccabac	3D2G	1	A	A	1	28	28	28	NA	28	28	G	G	no	no	yes	yes	27	A:28	ok
RF00059__3D2G_A	RF00059	URS000080DE9F_3702/1-77	29	29	A	85	Rfam.seed.gz	15.1	41f014f4ab5628620935f089b1bb77987ebc162fda7c72bff368a32c9cccabac	3D2G	1	A	A	1	29	29	29	NA	29	29	A	A	no	no	yes	yes	28	A:29	ok
RF00059__3D2G_A	RF00059	URS000080DE9F_3702/1-77	30	30	G	86	Rfam.seed.gz	15.1	41f014f4ab5628620935f089b1bb77987ebc162fda7c72bff368a32c9cccabac	3D2G	1	A	A	1	30	30	30	NA	30	30	G	G	no	no	yes	yes	29	A:30	ok
RF00059__3D2G_A	RF00059	URS000080DE9F_3702/1-77	31	31	A	87	Rfam.seed.gz	15.1	41f014f4ab5628620935f089b1bb77987ebc162fda7c72bff368a32c9cccabac	3D2G	1	A	A	1	31	31	31	NA	31	31	A	A	no	no	yes	yes	30	A:31	ok
RF00059__3D2G_A	RF00059	URS000080DE9F_3702/1-77	32	32	A	88	Rfam.seed.gz	15.1	41f014f4ab5628620935f089b1bb77987ebc162fda7c72bff368a32c9cccabac	3D2G	1	A	A	1	32	32	32	NA	32	32	A	A	no	no	yes	yes	31	A:32	ok
RF00059__3D2G_A	RF00059	URS000080DE9F_3702/1-77	33	33	A	149	Rfam.seed.gz	15.1	41f014f4ab5628620935f089b1bb77987ebc162fda7c72bff368a32c9cccabac	3D2G	1	A	A	1	33	33	33	NA	33	33	A	A	no	no	yes	yes	32	A:33	ok
RF00059__3D2G_A	RF00059	URS000080DE9F_3702/1-77	34	34	G	150	Rfam.seed.gz	15.1	41f014f4ab5628620935f089b1bb77987ebc162fda7c72bff368a32c9cccabac	3D2G	1	A	A	1	34	34	34	NA	34	34	G	G	no	no	yes	yes	33	A:34	ok
RF00059__3D2G_A	RF00059	URS000080DE9F_3702/1-77	35	35	U	151	Rfam.seed.gz	15.1	41f014f4ab5628620935f089b1bb77987ebc162fda7c72bff368a32c9cccabac	3D2G	1	A	A	1	35	35	35	NA	35	35	U	U	no	no	yes	yes	34	A:35	ok
RF00059__3D2G_A	RF00059	URS000080DE9F_3702/1-77	36	36	C	153	Rfam.seed.gz	15.1	41f014f4ab5628620935f089b1bb77987ebc162fda7c72bff368a32c9cccabac	3D2G	1	A	A	1	36	36	36	NA	36	36	C	C	no	no	yes	yes	35	A:36	ok
RF00059__3D2G_A	RF00059	URS000080DE9F_3702/1-77	37	37	C	154	Rfam.seed.gz	15.1	41f014f4ab5628620935f089b1bb77987ebc162fda7c72bff368a32c9cccabac	3D2G	1	A	A	1	37	37	37	NA	37	37	C	C	no	no	yes	yes	36	A:37	ok
RF00059__3D2G_A	RF00059	URS000080DE9F_3702/1-77	38	38	C	155	Rfam.seed.gz	15.1	41f014f4ab5628620935f089b1bb77987ebc162fda7c72bff368a32c9cccabac	3D2G	1	A	A	1	38	38	38	NA	38	38	C	C	no	no	yes	yes	37	A:38	ok
RF00059__3D2G_A	RF00059	URS000080DE9F_3702/1-77	39	39	U	156	Rfam.seed.gz	15.1	41f014f4ab5628620935f089b1bb77987ebc162fda7c72bff368a32c9cccabac	3D2G	1	A	A	1	39	39	39	NA	39	39	U	U	no	no	yes	yes	38	A:39	ok
RF00059__3D2G_A	RF00059	URS000080DE9F_3702/1-77	40	40	U	157	Rfam.seed.gz	15.1	41f014f4ab5628620935f089b1bb77987ebc162fda7c72bff368a32c9cccabac	3D2G	1	A	A	1	40	40	40	NA	40	40	U	U	no	no	yes	yes	39	A:40	ok
RF00059__3D2G_A	RF00059	URS000080DE9F_3702/1-77	41	41	U	158	Rfam.seed.gz	15.1	41f014f4ab5628620935f089b1bb77987ebc162fda7c72bff368a32c9cccabac	3D2G	1	A	A	1	41	41	41	NA	41	41	U	U	no	no	yes	yes	40	A:41	ok
RF00059__3D2G_A	RF00059	URS000080DE9F_3702/1-77	42	42	G	159	Rfam.seed.gz	15.1	41f014f4ab5628620935f089b1bb77987ebc162fda7c72bff368a32c9cccabac	3D2G	1	A	A	1	42	42	42	NA	42	42	G	G	no	no	yes	yes	41	A:42	ok
RF00059__3D2G_A	RF00059	URS000080DE9F_3702/1-77	43	43	A	160	Rfam.seed.gz	15.1	41f014f4ab5628620935f089b1bb77987ebc162fda7c72bff368a32c9cccabac	3D2G	1	A	A	1	43	43	43	NA	43	43	A	A	no	no	yes	yes	42	A:43	ok
RF00059__3D2G_A	RF00059	URS000080DE9F_3702/1-77	44	44	A	162	Rfam.seed.gz	15.1	41f014f4ab5628620935f089b1bb77987ebc162fda7c72bff368a32c9cccabac	3D2G	1	A	A	1	44	44	44	NA	44	44	A	A	no	no	yes	yes	43	A:44	ok
RF00059__3D2G_A	RF00059	URS000080DE9F_3702/1-77	45	45	C	163	Rfam.seed.gz	15.1	41f014f4ab5628620935f089b1bb77987ebc162fda7c72bff368a32c9cccabac	3D2G	1	A	A	1	45	45	45	NA	45	45	C	C	no	no	yes	yes	44	A:45	ok
RF00059__3D2G_A	RF00059	URS000080DE9F_3702/1-77	46	46	C	164	Rfam.seed.gz	15.1	41f014f4ab5628620935f089b1bb77987ebc162fda7c72bff368a32c9cccabac	3D2G	1	A	A	1	46	46	46	NA	46	46	C	C	no	no	yes	yes	45	A:46	ok
RF00059__3D2G_A	RF00059	URS000080DE9F_3702/1-77	47	47	U	165	Rfam.seed.gz	15.1	41f014f4ab5628620935f089b1bb77987ebc162fda7c72bff368a32c9cccabac	3D2G	1	A	A	1	47	47	47	NA	47	47	U	U	no	no	yes	yes	46	A:47	ok
RF00059__3D2G_A	RF00059	URS000080DE9F_3702/1-77	48	48	G	166	Rfam.seed.gz	15.1	41f014f4ab5628620935f089b1bb77987ebc162fda7c72bff368a32c9cccabac	3D2G	1	A	A	1	48	48	48	NA	48	48	G	G	no	no	yes	yes	47	A:48	ok
RF00059__3D2G_A	RF00059	URS000080DE9F_3702/1-77	49	49	A	167	Rfam.seed.gz	15.1	41f014f4ab5628620935f089b1bb77987ebc162fda7c72bff368a32c9cccabac	3D2G	1	A	A	1	49	49	49	NA	49	49	A	A	no	no	yes	yes	48	A:49	ok
RF00059__3D2G_A	RF00059	URS000080DE9F_3702/1-77	50	50	A	169	Rfam.seed.gz	15.1	41f014f4ab5628620935f089b1bb77987ebc162fda7c72bff368a32c9cccabac	3D2G	1	A	A	1	50	50	50	NA	50	50	A	A	no	no	yes	yes	49	A:50	ok
RF00059__3D2G_A	RF00059	URS000080DE9F_3702/1-77	51	51	C	170	Rfam.seed.gz	15.1	41f014f4ab5628620935f089b1bb77987ebc162fda7c72bff368a32c9cccabac	3D2G	1	A	A	1	51	51	51	NA	51	51	C	C	no	no	yes	yes	50	A:51	ok
RF00059__3D2G_A	RF00059	URS000080DE9F_3702/1-77	52	52	A	171	Rfam.seed.gz	15.1	41f014f4ab5628620935f089b1bb77987ebc162fda7c72bff368a32c9cccabac	3D2G	1	A	A	1	52	52	52	NA	52	52	A	A	no	no	yes	yes	51	A:52	ok
RF00059__3D2G_A	RF00059	URS000080DE9F_3702/1-77	53	53	G	172	Rfam.seed.gz	15.1	41f014f4ab5628620935f089b1bb77987ebc162fda7c72bff368a32c9cccabac	3D2G	1	A	A	1	53	53	53	NA	53	53	G	G	no	no	yes	yes	52	A:53	ok
RF00059__3D2G_A	RF00059	URS000080DE9F_3702/1-77	54	54	G	173	Rfam.seed.gz	15.1	41f014f4ab5628620935f089b1bb77987ebc162fda7c72bff368a32c9cccabac	3D2G	1	A	A	1	54	54	54	NA	54	54	G	G	no	no	yes	yes	53	A:54	ok
RF00059__3D2G_A	RF00059	URS000080DE9F_3702/1-77	55	55	G	174	Rfam.seed.gz	15.1	41f014f4ab5628620935f089b1bb77987ebc162fda7c72bff368a32c9cccabac	3D2G	1	A	A	1	55	55	55	NA	55	55	G	G	no	no	yes	yes	54	A:55	ok
RF00059__3D2G_A	RF00059	URS000080DE9F_3702/1-77	56	56	U	175	Rfam.seed.gz	15.1	41f014f4ab5628620935f089b1bb77987ebc162fda7c72bff368a32c9cccabac	3D2G	1	A	A	1	56	56	56	NA	56	56	U	U	no	no	yes	yes	55	A:56	ok
RF00059__3D2G_A	RF00059	URS000080DE9F_3702/1-77	57	57	A	176	Rfam.seed.gz	15.1	41f014f4ab5628620935f089b1bb77987ebc162fda7c72bff368a32c9cccabac	3D2G	1	A	A	1	57	57	57	NA	57	57	A	A	no	no	yes	yes	56	A:57	ok
RF00059__3D2G_A	RF00059	URS000080DE9F_3702/1-77	58	58	A	177	Rfam.seed.gz	15.1	41f014f4ab5628620935f089b1bb77987ebc162fda7c72bff368a32c9cccabac	3D2G	1	A	A	1	58	58	58	NA	58	58	A	A	no	no	yes	yes	57	A:58	ok
RF00059__3D2G_A	RF00059	URS000080DE9F_3702/1-77	59	59	U	178	Rfam.seed.gz	15.1	41f014f4ab5628620935f089b1bb77987ebc162fda7c72bff368a32c9cccabac	3D2G	1	A	A	1	59	59	59	NA	59	59	U	U	no	no	yes	yes	58	A:59	ok
RF00059__3D2G_A	RF00059	URS000080DE9F_3702/1-77	60	60	G	179	Rfam.seed.gz	15.1	41f014f4ab5628620935f089b1bb77987ebc162fda7c72bff368a32c9cccabac	3D2G	1	A	A	1	60	60	60	NA	60	60	G	G	no	no	yes	yes	59	A:60	ok
RF00059__3D2G_A	RF00059	URS000080DE9F_3702/1-77	61	61	C	180	Rfam.seed.gz	15.1	41f014f4ab5628620935f089b1bb77987ebc162fda7c72bff368a32c9cccabac	3D2G	1	A	A	1	61	61	61	NA	61	61	C	C	no	no	yes	yes	60	A:61	ok
RF00059__3D2G_A	RF00059	URS000080DE9F_3702/1-77	62	62	C	181	Rfam.seed.gz	15.1	41f014f4ab5628620935f089b1bb77987ebc162fda7c72bff368a32c9cccabac	3D2G	1	A	A	1	62	62	62	NA	62	62	C	C	no	no	yes	yes	61	A:62	ok
RF00059__3D2G_A	RF00059	URS000080DE9F_3702/1-77	63	63	U	182	Rfam.seed.gz	15.1	41f014f4ab5628620935f089b1bb77987ebc162fda7c72bff368a32c9cccabac	3D2G	1	A	A	1	63	63	63	NA	63	63	U	U	no	no	yes	yes	62	A:63	ok
RF00059__3D2G_A	RF00059	URS000080DE9F_3702/1-77	64	64	G	183	Rfam.seed.gz	15.1	41f014f4ab5628620935f089b1bb77987ebc162fda7c72bff368a32c9cccabac	3D2G	1	A	A	1	64	64	64	NA	64	64	G	G	no	no	yes	yes	63	A:64	ok
RF00059__3D2G_A	RF00059	URS000080DE9F_3702/1-77	65	65	C	184	Rfam.seed.gz	15.1	41f014f4ab5628620935f089b1bb77987ebc162fda7c72bff368a32c9cccabac	3D2G	1	A	A	1	65	65	65	NA	65	65	C	C	no	no	yes	yes	64	A:65	ok
RF00059__3D2G_A	RF00059	URS000080DE9F_3702/1-77	66	66	G	185	Rfam.seed.gz	15.1	41f014f4ab5628620935f089b1bb77987ebc162fda7c72bff368a32c9cccabac	3D2G	1	A	A	1	66	66	66	NA	66	66	G	G	no	no	yes	yes	65	A:66	ok
RF00059__3D2G_A	RF00059	URS000080DE9F_3702/1-77	67	67	C	187	Rfam.seed.gz	15.1	41f014f4ab5628620935f089b1bb77987ebc162fda7c72bff368a32c9cccabac	3D2G	1	A	A	1	67	67	67	NA	67	67	C	C	no	no	yes	yes	66	A:67	ok
RF00059__3D2G_A	RF00059	URS000080DE9F_3702/1-77	68	68	A	188	Rfam.seed.gz	15.1	41f014f4ab5628620935f089b1bb77987ebc162fda7c72bff368a32c9cccabac	3D2G	1	A	A	1	68	68	68	NA	68	68	A	A	no	no	yes	yes	67	A:68	ok
RF00059__3D2G_A	RF00059	URS000080DE9F_3702/1-77	69	69	G	189	Rfam.seed.gz	15.1	41f014f4ab5628620935f089b1bb77987ebc162fda7c72bff368a32c9cccabac	3D2G	1	A	A	1	69	69	69	NA	69	69	G	G	no	no	yes	yes	68	A:69	ok
RF00059__3D2G_A	RF00059	URS000080DE9F_3702/1-77	70	70	G	190	Rfam.seed.gz	15.1	41f014f4ab5628620935f089b1bb77987ebc162fda7c72bff368a32c9cccabac	3D2G	1	A	A	1	70	70	70	NA	70	70	G	G	no	no	yes	yes	69	A:70	ok
RF00059__3D2G_A	RF00059	URS000080DE9F_3702/1-77	71	71	G	191	Rfam.seed.gz	15.1	41f014f4ab5628620935f089b1bb77987ebc162fda7c72bff368a32c9cccabac	3D2G	1	A	A	1	71	71	71	NA	71	71	G	G	no	no	yes	yes	70	A:71	ok
RF00059__3D2G_A	RF00059	URS000080DE9F_3702/1-77	72	72	A	192	Rfam.seed.gz	15.1	41f014f4ab5628620935f089b1bb77987ebc162fda7c72bff368a32c9cccabac	3D2G	1	A	A	1	72	72	72	NA	72	72	A	A	no	no	yes	yes	71	A:72	ok
RF00059__3D2G_A	RF00059	URS000080DE9F_3702/1-77	73	73	G	194	Rfam.seed.gz	15.1	41f014f4ab5628620935f089b1bb77987ebc162fda7c72bff368a32c9cccabac	3D2G	1	A	A	1	73	73	73	NA	73	73	G	G	no	no	yes	yes	72	A:73	ok
RF00059__3D2G_A	RF00059	URS000080DE9F_3702/1-77	74	74	U	195	Rfam.seed.gz	15.1	41f014f4ab5628620935f089b1bb77987ebc162fda7c72bff368a32c9cccabac	3D2G	1	A	A	1	74	74	74	NA	74	74	U	U	no	no	yes	yes	73	A:74	ok
RF00059__3D2G_A	RF00059	URS000080DE9F_3702/1-77	75	75	G	196	Rfam.seed.gz	15.1	41f014f4ab5628620935f089b1bb77987ebc162fda7c72bff368a32c9cccabac	3D2G	1	A	A	1	75	75	75	NA	75	75	G	G	no	no	yes	yes	74	A:75	ok
RF00059__3D2G_A	RF00059	URS000080DE9F_3702/1-77	76	76	U	197	Rfam.seed.gz	15.1	41f014f4ab5628620935f089b1bb77987ebc162fda7c72bff368a32c9cccabac	3D2G	1	A	A	1	76	76	76	NA	76	76	U	U	no	no	yes	yes	75	A:76	ok
RF00059__3D2G_A	RF00059	URS000080DE9F_3702/1-77	77	77	C	198	Rfam.seed.gz	15.1	41f014f4ab5628620935f089b1bb77987ebc162fda7c72bff368a32c9cccabac	3D2G	1	A	A	1	77	77	77	NA	77	77	C	C	no	yes	yes	yes	76	A:77	ok
RF00442__5U3G_B	RF00442	URS0000B21DF0_204038/1-85	1	1	G	8	Rfam.seed.gz	15.1	41f014f4ab5628620935f089b1bb77987ebc162fda7c72bff368a32c9cccabac	5U3G	1	A	B	1	1	1	1	NA	1	1	GTP	G	yes	no	yes	no	0	B:1	ok
RF00442__5U3G_B	RF00442	URS0000B21DF0_204038/1-85	2	2	G	9	Rfam.seed.gz	15.1	41f014f4ab5628620935f089b1bb77987ebc162fda7c72bff368a32c9cccabac	5U3G	1	A	B	1	2	2	2	NA	2	2	G	G	no	no	yes	yes	1	B:2	ok
RF00442__5U3G_B	RF00442	URS0000B21DF0_204038/1-85	3	3	U	10	Rfam.seed.gz	15.1	41f014f4ab5628620935f089b1bb77987ebc162fda7c72bff368a32c9cccabac	5U3G	1	A	B	1	3	3	3	NA	3	3	U	U	no	no	yes	yes	2	B:3	ok
RF00442__5U3G_B	RF00442	URS0000B21DF0_204038/1-85	4	4	G	11	Rfam.seed.gz	15.1	41f014f4ab5628620935f089b1bb77987ebc162fda7c72bff368a32c9cccabac	5U3G	1	A	B	1	4	4	4	NA	4	4	G	G	no	no	yes	yes	3	B:4	ok
RF00442__5U3G_B	RF00442	URS0000B21DF0_204038/1-85	5	5	A	12	Rfam.seed.gz	15.1	41f014f4ab5628620935f089b1bb77987ebc162fda7c72bff368a32c9cccabac	5U3G	1	A	B	1	5	5	5	NA	5	5	A	A	no	no	yes	yes	4	B:5	ok
RF00442__5U3G_B	RF00442	URS0000B21DF0_204038/1-85	6	6	C	13	Rfam.seed.gz	15.1	41f014f4ab5628620935f089b1bb77987ebc162fda7c72bff368a32c9cccabac	5U3G	1	A	B	1	6	6	6	NA	6	6	C	C	no	no	yes	yes	5	B:6	ok
RF00442__5U3G_B	RF00442	URS0000B21DF0_204038/1-85	7	7	U	14	Rfam.seed.gz	15.1	41f014f4ab5628620935f089b1bb77987ebc162fda7c72bff368a32c9cccabac	5U3G	1	A	B	1	7	7	7	NA	7	7	U	U	no	no	yes	yes	6	B:7	ok
RF00442__5U3G_B	RF00442	URS0000B21DF0_204038/1-85	8	8	A	15	Rfam.seed.gz	15.1	41f014f4ab5628620935f089b1bb77987ebc162fda7c72bff368a32c9cccabac	5U3G	1	A	B	1	8	8	8	NA	8	8	A	A	no	no	yes	yes	7	B:8	ok
RF00442__5U3G_B	RF00442	URS0000B21DF0_204038/1-85	9	9	G	16	Rfam.seed.gz	15.1	41f014f4ab5628620935f089b1bb77987ebc162fda7c72bff368a32c9cccabac	5U3G	1	A	B	1	9	9	9	NA	9	9	G	G	no	no	yes	yes	8	B:9	ok
RF00442__5U3G_B	RF00442	URS0000B21DF0_204038/1-85	10	10	G	17	Rfam.seed.gz	15.1	41f014f4ab5628620935f089b1bb77987ebc162fda7c72bff368a32c9cccabac	5U3G	1	A	B	1	10	10	10	NA	10	10	G	G	no	no	yes	yes	9	B:10	ok
RF00442__5U3G_B	RF00442	URS0000B21DF0_204038/1-85	11	11	G	18	Rfam.seed.gz	15.1	41f014f4ab5628620935f089b1bb77987ebc162fda7c72bff368a32c9cccabac	5U3G	1	A	B	1	11	11	11	NA	11	11	G	G	no	no	yes	yes	10	B:11	ok
RF00442__5U3G_B	RF00442	URS0000B21DF0_204038/1-85	12	12	U	19	Rfam.seed.gz	15.1	41f014f4ab5628620935f089b1bb77987ebc162fda7c72bff368a32c9cccabac	5U3G	1	A	B	1	12	12	12	NA	12	12	U	U	no	no	yes	yes	11	B:12	ok
RF00442__5U3G_B	RF00442	URS0000B21DF0_204038/1-85	13	13	U	20	Rfam.seed.gz	15.1	41f014f4ab5628620935f089b1bb77987ebc162fda7c72bff368a32c9cccabac	5U3G	1	A	B	1	13	13	13	NA	13	13	U	U	no	no	yes	yes	12	B:13	ok
RF00442__5U3G_B	RF00442	URS0000B21DF0_204038/1-85	14	14	C	21	Rfam.seed.gz	15.1	41f014f4ab5628620935f089b1bb77987ebc162fda7c72bff368a32c9cccabac	5U3G	1	A	B	1	14	14	14	NA	14	14	C	C	no	no	yes	yes	13	B:14	ok
RF00442__5U3G_B	RF00442	URS0000B21DF0_204038/1-85	15	15	C	22	Rfam.seed.gz	15.1	41f014f4ab5628620935f089b1bb77987ebc162fda7c72bff368a32c9cccabac	5U3G	1	A	B	1	15	15	15	NA	15	15	C	C	no	no	yes	yes	14	B:15	ok
RF00442__5U3G_B	RF00442	URS0000B21DF0_204038/1-85	16	16	G	23	Rfam.seed.gz	15.1	41f014f4ab5628620935f089b1bb77987ebc162fda7c72bff368a32c9cccabac	5U3G	1	A	B	1	16	16	16	NA	16	16	G	G	no	no	yes	yes	15	B:16	ok
RF00442__5U3G_B	RF00442	URS0000B21DF0_204038/1-85	17	17	G	24	Rfam.seed.gz	15.1	41f014f4ab5628620935f089b1bb77987ebc162fda7c72bff368a32c9cccabac	5U3G	1	A	B	1	17	17	17	NA	17	17	G	G	no	no	yes	yes	16	B:17	ok
RF00442__5U3G_B	RF00442	URS0000B21DF0_204038/1-85	18	18	C	25	Rfam.seed.gz	15.1	41f014f4ab5628620935f089b1bb77987ebc162fda7c72bff368a32c9cccabac	5U3G	1	A	B	1	18	18	18	NA	18	18	C	C	no	no	yes	yes	17	B:18	ok
RF00442__5U3G_B	RF00442	URS0000B21DF0_204038/1-85	19	19	G	32	Rfam.seed.gz	15.1	41f014f4ab5628620935f089b1bb77987ebc162fda7c72bff368a32c9cccabac	5U3G	1	A	B	1	19	19	19	NA	19	19	G	G	no	yes	yes	yes	18	B:19	ok
RF00442__5U3G_B	RF00442	URS0000B21DF0_204038/1-85	20	20	A	33	Rfam.seed.gz	15.1	41f014f4ab5628620935f089b1bb77987ebc162fda7c72bff368a32c9cccabac	5U3G	1	A	B	1	20	20	20	NA	20	20	A	A	no	yes	yes	yes	19	B:20	ok
RF00442__5U3G_B	RF00442	URS0000B21DF0_204038/1-85	21	21	A	34	Rfam.seed.gz	15.1	41f014f4ab5628620935f089b1bb77987ebc162fda7c72bff368a32c9cccabac	5U3G	1	A	B	1	21	21	21	NA	21	21	A	A	no	yes	yes	yes	20	B:21	ok
RF00442__5U3G_B	RF00442	URS0000B21DF0_204038/1-85	22	22	A	35	Rfam.seed.gz	15.1	41f014f4ab5628620935f089b1bb77987ebc162fda7c72bff368a32c9cccabac	5U3G	1	A	B	1	22	22	22	NA	22	22	A	A	no	yes	yes	yes	21	B:22	ok
RF00442__5U3G_B	RF00442	URS0000B21DF0_204038/1-85	23	23	G	63	Rfam.seed.gz	15.1	41f014f4ab5628620935f089b1bb77987ebc162fda7c72bff368a32c9cccabac	5U3G	1	A	B	1	23	23	23	NA	23	23	G	G	no	no	yes	yes	22	B:23	ok
RF00442__5U3G_B	RF00442	URS0000B21DF0_204038/1-85	24	24	C	67	Rfam.seed.gz	15.1	41f014f4ab5628620935f089b1bb77987ebc162fda7c72bff368a32c9cccabac	5U3G	1	A	B	1	24	24	24	NA	24	24	C	C	no	no	yes	yes	23	B:24	ok
RF00442__5U3G_B	RF00442	URS0000B21DF0_204038/1-85	25	25	C	68	Rfam.seed.gz	15.1	41f014f4ab5628620935f089b1bb77987ebc162fda7c72bff368a32c9cccabac	5U3G	1	A	B	1	25	25	25	NA	25	25	C	C	no	yes	yes	yes	24	B:25	ok
RF00442__5U3G_B	RF00442	URS0000B21DF0_204038/1-85	26	26	G	69	Rfam.seed.gz	15.1	41f014f4ab5628620935f089b1bb77987ebc162fda7c72bff368a32c9cccabac	5U3G	1	A	B	1	26	26	26	NA	26	26	G	G	no	no	yes	yes	25	B:26	ok
RF00442__5U3G_B	RF00442	URS0000B21DF0_204038/1-85	27	27	G	71	Rfam.seed.gz	15.1	41f014f4ab5628620935f089b1bb77987ebc162fda7c72bff368a32c9cccabac	5U3G	1	A	B	1	27	27	27	NA	27	27	G	G	no	no	yes	yes	26	B:27	ok
RF00442__5U3G_B	RF00442	URS0000B21DF0_204038/1-85	28	28	U	72	Rfam.seed.gz	15.1	41f014f4ab5628620935f089b1bb77987ebc162fda7c72bff368a32c9cccabac	5U3G	1	A	B	1	28	28	28	NA	28	28	U	U	no	no	yes	yes	27	B:28	ok
RF00442__5U3G_B	RF00442	URS0000B21DF0_204038/1-85	29	29	C	73	Rfam.seed.gz	15.1	41f014f4ab5628620935f089b1bb77987ebc162fda7c72bff368a32c9cccabac	5U3G	1	A	B	1	29	29	29	NA	29	29	C	C	no	no	yes	yes	28	B:29	ok
RF00442__5U3G_B	RF00442	URS0000B21DF0_204038/1-85	30	30	C	74	Rfam.seed.gz	15.1	41f014f4ab5628620935f089b1bb77987ebc162fda7c72bff368a32c9cccabac	5U3G	1	A	B	1	30	30	30	NA	30	30	C	C	no	no	yes	yes	29	B:30	ok
RF00442__5U3G_B	RF00442	URS0000B21DF0_204038/1-85	31	31	G	75	Rfam.seed.gz	15.1	41f014f4ab5628620935f089b1bb77987ebc162fda7c72bff368a32c9cccabac	5U3G	1	A	B	1	31	31	31	NA	31	31	G	G	no	no	yes	yes	30	B:31	ok
RF00442__5U3G_B	RF00442	URS0000B21DF0_204038/1-85	32	32	A	76	Rfam.seed.gz	15.1	41f014f4ab5628620935f089b1bb77987ebc162fda7c72bff368a32c9cccabac	5U3G	1	A	B	1	32	32	32	NA	32	32	A	A	no	no	yes	yes	31	B:32	ok
RF00442__5U3G_B	RF00442	URS0000B21DF0_204038/1-85	33	33	G	77	Rfam.seed.gz	15.1	41f014f4ab5628620935f089b1bb77987ebc162fda7c72bff368a32c9cccabac	5U3G	1	A	B	1	33	33	33	NA	33	33	G	G	no	no	yes	yes	32	B:33	ok
RF00442__5U3G_B	RF00442	URS0000B21DF0_204038/1-85	34	34	A	78	Rfam.seed.gz	15.1	41f014f4ab5628620935f089b1bb77987ebc162fda7c72bff368a32c9cccabac	5U3G	1	A	B	1	34	34	34	NA	34	34	A	A	no	no	yes	yes	33	B:34	ok
RF00442__5U3G_B	RF00442	URS0000B21DF0_204038/1-85	35	35	G	79	Rfam.seed.gz	15.1	41f014f4ab5628620935f089b1bb77987ebc162fda7c72bff368a32c9cccabac	5U3G	1	A	B	1	35	35	35	NA	35	35	G	G	no	no	yes	yes	34	B:35	ok
RF00442__5U3G_B	RF00442	URS0000B21DF0_204038/1-85	36	36	U	80	Rfam.seed.gz	15.1	41f014f4ab5628620935f089b1bb77987ebc162fda7c72bff368a32c9cccabac	5U3G	1	A	B	1	36	36	36	NA	36	36	U	U	no	no	yes	yes	35	B:36	ok
RF00442__5U3G_B	RF00442	URS0000B21DF0_204038/1-85	37	37	U	81	Rfam.seed.gz	15.1	41f014f4ab5628620935f089b1bb77987ebc162fda7c72bff368a32c9cccabac	5U3G	1	A	B	1	37	37	37	NA	37	37	U	U	no	yes	yes	yes	36	B:37	ok
RF00442__5U3G_B	RF00442	URS0000B21DF0_204038/1-85	38	38	A	83	Rfam.seed.gz	15.1	41f014f4ab5628620935f089b1bb77987ebc162fda7c72bff368a32c9cccabac	5U3G	1	A	B	1	38	38	38	NA	38	38	A	A	no	no	yes	yes	37	B:38	ok
RF00442__5U3G_B	RF00442	URS0000B21DF0_204038/1-85	39	39	C	84	Rfam.seed.gz	15.1	41f014f4ab5628620935f089b1bb77987ebc162fda7c72bff368a32c9cccabac	5U3G	1	A	B	1	39	39	39	NA	39	39	C	C	no	no	yes	yes	38	B:39	ok
RF00442__5U3G_B	RF00442	URS0000B21DF0_204038/1-85	40	40	C	85	Rfam.seed.gz	15.1	41f014f4ab5628620935f089b1bb77987ebc162fda7c72bff368a32c9cccabac	5U3G	1	A	B	1	40	40	40	NA	40	40	C	C	no	no	yes	yes	39	B:40	ok
RF00442__5U3G_B	RF00442	URS0000B21DF0_204038/1-85	41	41	G	87	Rfam.seed.gz	15.1	41f014f4ab5628620935f089b1bb77987ebc162fda7c72bff368a32c9cccabac	5U3G	1	A	B	1	41	41	41	NA	41	41	G	G	no	no	yes	yes	40	B:41	ok
RF00442__5U3G_B	RF00442	URS0000B21DF0_204038/1-85	42	42	A	88	Rfam.seed.gz	15.1	41f014f4ab5628620935f089b1bb77987ebc162fda7c72bff368a32c9cccabac	5U3G	1	A	B	1	42	42	42	NA	42	42	A	A	no	no	yes	yes	41	B:42	ok
RF00442__5U3G_B	RF00442	URS0000B21DF0_204038/1-85	43	43	C	89	Rfam.seed.gz	15.1	41f014f4ab5628620935f089b1bb77987ebc162fda7c72bff368a32c9cccabac	5U3G	1	A	B	1	43	43	43	NA	43	43	C	C	no	no	yes	yes	42	B:43	ok
RF00442__5U3G_B	RF00442	URS0000B21DF0_204038/1-85	44	44	C	90	Rfam.seed.gz	15.1	41f014f4ab5628620935f089b1bb77987ebc162fda7c72bff368a32c9cccabac	5U3G	1	A	B	1	44	44	44	NA	44	44	C	C	no	no	yes	yes	43	B:44	ok
RF00442__5U3G_B	RF00442	URS0000B21DF0_204038/1-85	45	45	G	91	Rfam.seed.gz	15.1	41f014f4ab5628620935f089b1bb77987ebc162fda7c72bff368a32c9cccabac	5U3G	1	A	B	1	45	45	45	NA	45	45	G	G	no	no	yes	yes	44	B:45	ok
RF00442__5U3G_B	RF00442	URS0000B21DF0_204038/1-85	46	46	C	92	Rfam.seed.gz	15.1	41f014f4ab5628620935f089b1bb77987ebc162fda7c72bff368a32c9cccabac	5U3G	1	A	B	1	46	46	46	NA	46	46	C	C	no	no	yes	yes	45	B:46	ok
RF00442__5U3G_B	RF00442	URS0000B21DF0_204038/1-85	47	47	C	93	Rfam.seed.gz	15.1	41f014f4ab5628620935f089b1bb77987ebc162fda7c72bff368a32c9cccabac	5U3G	1	A	B	1	47	47	47	NA	47	47	C	C	no	no	yes	yes	46	B:47	ok
RF00442__5U3G_B	RF00442	URS0000B21DF0_204038/1-85	48	48	G	118	Rfam.seed.gz	15.1	41f014f4ab5628620935f089b1bb77987ebc162fda7c72bff368a32c9cccabac	5U3G	1	A	B	1	48	48	48	NA	48	48	G	G	no	yes	yes	yes	47	B:48	ok
RF00442__5U3G_B	RF00442	URS0000B21DF0_204038/1-85	49	49	A	119	Rfam.seed.gz	15.1	41f014f4ab5628620935f089b1bb77987ebc162fda7c72bff368a32c9cccabac	5U3G	1	A	B	1	49	49	49	NA	49	49	A	A	no	yes	yes	yes	48	B:49	ok
RF00442__5U3G_B	RF00442	URS0000B21DF0_204038/1-85	50	50	A	120	Rfam.seed.gz	15.1	41f014f4ab5628620935f089b1bb77987ebc162fda7c72bff368a32c9cccabac	5U3G	1	A	B	1	50	50	50	NA	50	50	A	A	no	yes	yes	yes	49	B:50	ok
RF00442__5U3G_B	RF00442	URS0000B21DF0_204038/1-85	51	51	A	121	Rfam.seed.gz	15.1	41f014f4ab5628620935f089b1bb77987ebc162fda7c72bff368a32c9cccabac	5U3G	1	A	B	1	51	51	51	NA	51	51	A	A	no	yes	yes	yes	50	B:51	ok
RF00442__5U3G_B	RF00442	URS0000B21DF0_204038/1-85	52	52	G	141	Rfam.seed.gz	15.1	41f014f4ab5628620935f089b1bb77987ebc162fda7c72bff368a32c9cccabac	5U3G	1	A	B	1	52	52	52	NA	52	52	G	G	no	no	yes	yes	51	B:52	ok
RF00442__5U3G_B	RF00442	URS0000B21DF0_204038/1-85	53	53	G	144	Rfam.seed.gz	15.1	41f014f4ab5628620935f089b1bb77987ebc162fda7c72bff368a32c9cccabac	5U3G	1	A	B	1	53	53	53	NA	53	53	G	G	no	no	yes	yes	52	B:53	ok
RF00442__5U3G_B	RF00442	URS0000B21DF0_204038/1-85	54	54	C	146	Rfam.seed.gz	15.1	41f014f4ab5628620935f089b1bb77987ebc162fda7c72bff368a32c9cccabac	5U3G	1	A	B	1	54	54	54	NA	54	54	C	C	no	no	yes	yes	53	B:54	ok
RF00442__5U3G_B	RF00442	URS0000B21DF0_204038/1-85	55	55	G	147	Rfam.seed.gz	15.1	41f014f4ab5628620935f089b1bb77987ebc162fda7c72bff368a32c9cccabac	5U3G	1	A	B	1	55	55	55	NA	55	55	G	G	no	no	yes	yes	54	B:55	ok
RF00442__5U3G_B	RF00442	URS0000B21DF0_204038/1-85	56	56	G	148	Rfam.seed.gz	15.1	41f014f4ab5628620935f089b1bb77987ebc162fda7c72bff368a32c9cccabac	5U3G	1	A	B	1	56	56	56	NA	56	56	G	G	no	no	yes	yes	55	B:56	ok
RF00442__5U3G_B	RF00442	URS0000B21DF0_204038/1-85	57	57	U	149	Rfam.seed.gz	15.1	41f014f4ab5628620935f089b1bb77987ebc162fda7c72bff368a32c9cccabac	5U3G	1	A	B	1	57	57	57	NA	57	57	U	U	no	no	yes	yes	56	B:57	ok
RF00442__5U3G_B	RF00442	URS0000B21DF0_204038/1-85	58	58	U	151	Rfam.seed.gz	15.1	41f014f4ab5628620935f089b1bb77987ebc162fda7c72bff368a32c9cccabac	5U3G	1	A	B	1	58	58	58	NA	58	58	U	U	no	no	yes	yes	57	B:58	ok
RF00442__5U3G_B	RF00442	URS0000B21DF0_204038/1-85	59	59	A	152	Rfam.seed.gz	15.1	41f014f4ab5628620935f089b1bb77987ebc162fda7c72bff368a32c9cccabac	5U3G	1	A	B	1	59	59	59	NA	59	59	A	A	no	no	yes	yes	58	B:59	ok
RF00442__5U3G_B	RF00442	URS0000B21DF0_204038/1-85	60	60	C	153	Rfam.seed.gz	15.1	41f014f4ab5628620935f089b1bb77987ebc162fda7c72bff368a32c9cccabac	5U3G	1	A	B	1	60	60	60	NA	60	60	C	C	no	no	yes	yes	59	B:60	ok
RF00442__5U3G_B	RF00442	URS0000B21DF0_204038/1-85	61	61	A	154	Rfam.seed.gz	15.1	41f014f4ab5628620935f089b1bb77987ebc162fda7c72bff368a32c9cccabac	5U3G	1	A	B	1	61	61	61	NA	61	61	A	A	no	no	yes	yes	60	B:61	ok
RF00442__5U3G_B	RF00442	URS0000B21DF0_204038/1-85	62	62	C	155	Rfam.seed.gz	15.1	41f014f4ab5628620935f089b1bb77987ebc162fda7c72bff368a32c9cccabac	5U3G	1	A	B	1	62	62	62	NA	62	62	C	C	no	no	yes	yes	61	B:62	ok
RF00442__5U3G_B	RF00442	URS0000B21DF0_204038/1-85	63	63	G	156	Rfam.seed.gz	15.1	41f014f4ab5628620935f089b1bb77987ebc162fda7c72bff368a32c9cccabac	5U3G	1	A	B	1	63	63	63	NA	63	63	G	G	no	no	yes	yes	62	B:63	ok
RF00442__5U3G_B	RF00442	URS0000B21DF0_204038/1-85	64	64	G	157	Rfam.seed.gz	15.1	41f014f4ab5628620935f089b1bb77987ebc162fda7c72bff368a32c9cccabac	5U3G	1	A	B	1	64	64	64	NA	64	64	G	G	no	no	yes	yes	63	B:64	ok
RF00442__5U3G_B	RF00442	URS0000B21DF0_204038/1-85	65	65	C	158	Rfam.seed.gz	15.1	41f014f4ab5628620935f089b1bb77987ebc162fda7c72bff368a32c9cccabac	5U3G	1	A	B	1	65	65	65	NA	65	65	C	C	no	no	yes	yes	64	B:65	ok
RF00442__5U3G_B	RF00442	URS0000B21DF0_204038/1-85	66	66	G	159	Rfam.seed.gz	15.1	41f014f4ab5628620935f089b1bb77987ebc162fda7c72bff368a32c9cccabac	5U3G	1	A	B	1	66	66	66	NA	66	66	G	G	no	no	yes	yes	65	B:66	ok
RF00442__5U3G_B	RF00442	URS0000B21DF0_204038/1-85	67	67	G	160	Rfam.seed.gz	15.1	41f014f4ab5628620935f089b1bb77987ebc162fda7c72bff368a32c9cccabac	5U3G	1	A	B	1	67	67	67	NA	67	67	G	G	no	no	yes	yes	66	B:67	ok
RF00442__5U3G_B	RF00442	URS0000B21DF0_204038/1-85	68	68	G	161	Rfam.seed.gz	15.1	41f014f4ab5628620935f089b1bb77987ebc162fda7c72bff368a32c9cccabac	5U3G	1	A	B	1	68	68	68	NA	68	68	G	G	no	no	yes	yes	67	B:68	ok
RF00442__5U3G_B	RF00442	URS0000B21DF0_204038/1-85	69	69	A	162	Rfam.seed.gz	15.1	41f014f4ab5628620935f089b1bb77987ebc162fda7c72bff368a32c9cccabac	5U3G	1	A	B	1	69	69	69	NA	69	69	A	A	no	no	yes	yes	68	B:69	ok
RF00442__5U3G_B	RF00442	URS0000B21DF0_204038/1-85	70	70	A	163	Rfam.seed.gz	15.1	41f014f4ab5628620935f089b1bb77987ebc162fda7c72bff368a32c9cccabac	5U3G	1	A	B	1	70	70	70	NA	70	70	A	A	no	yes	yes	yes	69	B:70	ok
RF00442__5U3G_B	RF00442	URS0000B21DF0_204038/1-85	71	71	A	164	Rfam.seed.gz	15.1	41f014f4ab5628620935f089b1bb77987ebc162fda7c72bff368a32c9cccabac	5U3G	1	A	B	1	71	71	71	NA	71	71	A	A	no	no	yes	yes	70	B:71	ok
RF00442__5U3G_B	RF00442	URS0000B21DF0_204038/1-85	72	72	A	165	Rfam.seed.gz	15.1	41f014f4ab5628620935f089b1bb77987ebc162fda7c72bff368a32c9cccabac	5U3G	1	A	B	1	72	72	72	NA	72	72	A	A	no	no	yes	yes	71	B:72	ok
RF00442__5U3G_B	RF00442	URS0000B21DF0_204038/1-85	73	73	A	166	Rfam.seed.gz	15.1	41f014f4ab5628620935f089b1bb77987ebc162fda7c72bff368a32c9cccabac	5U3G	1	A	B	1	73	73	73	NA	73	73	A	A	no	no	yes	yes	72	B:73	ok
RF00442__5U3G_B	RF00442	URS0000B21DF0_204038/1-85	74	74	A	167	Rfam.seed.gz	15.1	41f014f4ab5628620935f089b1bb77987ebc162fda7c72bff368a32c9cccabac	5U3G	1	A	B	1	74	74	74	NA	74	74	A	A	no	no	yes	yes	73	B:74	ok
RF00442__5U3G_B	RF00442	URS0000B21DF0_204038/1-85	75	75	G	168	Rfam.seed.gz	15.1	41f014f4ab5628620935f089b1bb77987ebc162fda7c72bff368a32c9cccabac	5U3G	1	A	B	1	75	75	75	NA	75	75	G	G	no	no	yes	yes	74	B:75	ok
RF00442__5U3G_B	RF00442	URS0000B21DF0_204038/1-85	76	76	C	169	Rfam.seed.gz	15.1	41f014f4ab5628620935f089b1bb77987ebc162fda7c72bff368a32c9cccabac	5U3G	1	A	B	1	76	76	76	NA	76	76	C	C	no	no	yes	yes	75	B:76	ok
RF00442__5U3G_B	RF00442	URS0000B21DF0_204038/1-85	77	77	C	170	Rfam.seed.gz	15.1	41f014f4ab5628620935f089b1bb77987ebc162fda7c72bff368a32c9cccabac	5U3G	1	A	B	1	77	77	77	NA	77	77	C	C	no	no	yes	yes	76	B:77	ok
RF00442__5U3G_B	RF00442	URS0000B21DF0_204038/1-85	78	78	C	171	Rfam.seed.gz	15.1	41f014f4ab5628620935f089b1bb77987ebc162fda7c72bff368a32c9cccabac	5U3G	1	A	B	1	78	78	78	NA	78	78	C	C	no	no	yes	yes	77	B:78	ok
RF00442__5U3G_B	RF00442	URS0000B21DF0_204038/1-85	79	79	G	172	Rfam.seed.gz	15.1	41f014f4ab5628620935f089b1bb77987ebc162fda7c72bff368a32c9cccabac	5U3G	1	A	B	1	79	79	79	NA	79	79	G	G	no	no	yes	yes	78	B:79	ok
RF00442__5U3G_B	RF00442	URS0000B21DF0_204038/1-85	80	80	G	173	Rfam.seed.gz	15.1	41f014f4ab5628620935f089b1bb77987ebc162fda7c72bff368a32c9cccabac	5U3G	1	A	B	1	80	80	80	NA	80	80	G	G	no	no	yes	yes	79	B:80	ok
RF00442__5U3G_B	RF00442	URS0000B21DF0_204038/1-85	81	81	G	174	Rfam.seed.gz	15.1	41f014f4ab5628620935f089b1bb77987ebc162fda7c72bff368a32c9cccabac	5U3G	1	A	B	1	81	81	81	NA	81	81	G	G	no	no	yes	yes	80	B:81	ok
RF00442__5U3G_B	RF00442	URS0000B21DF0_204038/1-85	82	82	A	175	Rfam.seed.gz	15.1	41f014f4ab5628620935f089b1bb77987ebc162fda7c72bff368a32c9cccabac	5U3G	1	A	B	1	82	82	82	NA	82	82	A	A	no	no	yes	yes	81	B:82	ok
RF00442__5U3G_B	RF00442	URS0000B21DF0_204038/1-85	83	83	G	176	Rfam.seed.gz	15.1	41f014f4ab5628620935f089b1bb77987ebc162fda7c72bff368a32c9cccabac	5U3G	1	A	B	1	83	83	83	NA	83	83	G	G	no	no	yes	yes	82	B:83	ok
RF00442__5U3G_B	RF00442	URS0000B21DF0_204038/1-85	84	84	G	177	Rfam.seed.gz	15.1	41f014f4ab5628620935f089b1bb77987ebc162fda7c72bff368a32c9cccabac	5U3G	1	A	B	1	84	84	84	NA	84	84	G	G	no	no	yes	yes	83	B:84	ok
RF00442__5U3G_B	RF00442	URS0000B21DF0_204038/1-85	85	85	A	178	Rfam.seed.gz	15.1	41f014f4ab5628620935f089b1bb77987ebc162fda7c72bff368a32c9cccabac	5U3G	1	A	B	1	85	85	85	NA	85	85	A	A	no	no	yes	yes	84	B:85	ok
RF00442__7MLW_F	RF00442	URS00023119BD_987057/1-128	1	1	G	7	Rfam.seed.gz	15.1	41f014f4ab5628620935f089b1bb77987ebc162fda7c72bff368a32c9cccabac	7MLW	1	A	F	1	1	1	1	NA	1	1	G	G	no	no	yes	no	0	F:1	ok
RF00442__7MLW_F	RF00442	URS00023119BD_987057/1-128	2	2	G	8	Rfam.seed.gz	15.1	41f014f4ab5628620935f089b1bb77987ebc162fda7c72bff368a32c9cccabac	7MLW	1	A	F	1	2	2	2	NA	2	2	G	G	no	no	yes	yes	1	F:2	ok
RF00442__7MLW_F	RF00442	URS00023119BD_987057/1-128	3	3	A	9	Rfam.seed.gz	15.1	41f014f4ab5628620935f089b1bb77987ebc162fda7c72bff368a32c9cccabac	7MLW	1	A	F	1	3	3	3	NA	3	3	A	A	no	no	yes	yes	2	F:3	ok
RF00442__7MLW_F	RF00442	URS00023119BD_987057/1-128	4	4	U	10	Rfam.seed.gz	15.1	41f014f4ab5628620935f089b1bb77987ebc162fda7c72bff368a32c9cccabac	7MLW	1	A	F	1	4	4	4	NA	4	4	U	U	no	no	yes	yes	3	F:4	ok
RF00442__7MLW_F	RF00442	URS00023119BD_987057/1-128	5	5	C	11	Rfam.seed.gz	15.1	41f014f4ab5628620935f089b1bb77987ebc162fda7c72bff368a32c9cccabac	7MLW	1	A	F	1	5	5	5	NA	5	5	C	C	no	no	yes	yes	4	F:5	ok
RF00442__7MLW_F	RF00442	URS00023119BD_987057/1-128	6	6	G	12	Rfam.seed.gz	15.1	41f014f4ab5628620935f089b1bb77987ebc162fda7c72bff368a32c9cccabac	7MLW	1	A	F	1	6	6	6	NA	6	6	G	G	no	no	yes	yes	5	F:6	ok
RF00442__7MLW_F	RF00442	URS00023119BD_987057/1-128	7	7	C	13	Rfam.seed.gz	15.1	41f014f4ab5628620935f089b1bb77987ebc162fda7c72bff368a32c9cccabac	7MLW	1	A	F	1	7	7	7	NA	7	7	C	C	no	no	yes	yes	6	F:7	ok
RF00442__7MLW_F	RF00442	URS00023119BD_987057/1-128	8	8	U	14	Rfam.seed.gz	15.1	41f014f4ab5628620935f089b1bb77987ebc162fda7c72bff368a32c9cccabac	7MLW	1	A	F	1	8	8	8	NA	8	8	U	U	no	no	yes	yes	7	F:8	ok
RF00442__7MLW_F	RF00442	URS00023119BD_987057/1-128	9	9	A	15	Rfam.seed.gz	15.1	41f014f4ab5628620935f089b1bb77987ebc162fda7c72bff368a32c9cccabac	7MLW	1	A	F	1	9	9	9	NA	9	9	A	A	no	no	yes	yes	8	F:9	ok
RF00442__7MLW_F	RF00442	URS00023119BD_987057/1-128	10	10	G	16	Rfam.seed.gz	15.1	41f014f4ab5628620935f089b1bb77987ebc162fda7c72bff368a32c9cccabac	7MLW	1	A	F	1	10	10	10	NA	10	10	G	G	no	no	yes	yes	9	F:10	ok
RF00442__7MLW_F	RF00442	URS00023119BD_987057/1-128	11	11	G	17	Rfam.seed.gz	15.1	41f014f4ab5628620935f089b1bb77987ebc162fda7c72bff368a32c9cccabac	7MLW	1	A	F	1	11	11	11	NA	11	11	G	G	no	no	yes	yes	10	F:11	ok
RF00442__7MLW_F	RF00442	URS00023119BD_987057/1-128	12	12	G	18	Rfam.seed.gz	15.1	41f014f4ab5628620935f089b1bb77987ebc162fda7c72bff368a32c9cccabac	7MLW	1	A	F	1	12	12	12	NA	12	12	G	G	no	no	yes	yes	11	F:12	ok
RF00442__7MLW_F	RF00442	URS00023119BD_987057/1-128	13	13	U	19	Rfam.seed.gz	15.1	41f014f4ab5628620935f089b1bb77987ebc162fda7c72bff368a32c9cccabac	7MLW	1	A	F	1	13	13	13	NA	13	13	U	U	no	no	yes	yes	12	F:13	ok
RF00442__7MLW_F	RF00442	URS00023119BD_987057/1-128	14	14	U	20	Rfam.seed.gz	15.1	41f014f4ab5628620935f089b1bb77987ebc162fda7c72bff368a32c9cccabac	7MLW	1	A	F	1	14	14	14	NA	14	14	U	U	no	no	yes	yes	13	F:14	ok
RF00442__7MLW_F	RF00442	URS00023119BD_987057/1-128	15	15	C	21	Rfam.seed.gz	15.1	41f014f4ab5628620935f089b1bb77987ebc162fda7c72bff368a32c9cccabac	7MLW	1	A	F	1	15	15	15	NA	15	15	C	C	no	no	yes	yes	14	F:15	ok
RF00442__7MLW_F	RF00442	URS00023119BD_987057/1-128	16	16	C	22	Rfam.seed.gz	15.1	41f014f4ab5628620935f089b1bb77987ebc162fda7c72bff368a32c9cccabac	7MLW	1	A	F	1	16	16	16	NA	16	16	C	C	no	no	yes	yes	15	F:16	ok
RF00442__7MLW_F	RF00442	URS00023119BD_987057/1-128	17	17	G	23	Rfam.seed.gz	15.1	41f014f4ab5628620935f089b1bb77987ebc162fda7c72bff368a32c9cccabac	7MLW	1	A	F	1	17	17	17	NA	17	17	G	G	no	no	yes	yes	16	F:17	ok
RF00442__7MLW_F	RF00442	URS00023119BD_987057/1-128	18	18	G	24	Rfam.seed.gz	15.1	41f014f4ab5628620935f089b1bb77987ebc162fda7c72bff368a32c9cccabac	7MLW	1	A	F	1	18	18	18	NA	18	18	G	G	no	no	yes	yes	17	F:18	ok
RF00442__7MLW_F	RF00442	URS00023119BD_987057/1-128	19	19	U	25	Rfam.seed.gz	15.1	41f014f4ab5628620935f089b1bb77987ebc162fda7c72bff368a32c9cccabac	7MLW	1	A	F	1	19	19	19	NA	19	19	U	U	no	no	yes	yes	18	F:19	ok
RF00442__7MLW_F	RF00442	URS00023119BD_987057/1-128	20	20	C	26	Rfam.seed.gz	15.1	41f014f4ab5628620935f089b1bb77987ebc162fda7c72bff368a32c9cccabac	7MLW	1	A	F	1	20	20	20	NA	20	20	C	C	no	no	yes	yes	19	F:20	ok
RF00442__7MLW_F	RF00442	URS00023119BD_987057/1-128	21	21	G	27	Rfam.seed.gz	15.1	41f014f4ab5628620935f089b1bb77987ebc162fda7c72bff368a32c9cccabac	7MLW	1	A	F	1	21	21	21	NA	21	21	G	G	no	no	yes	yes	20	F:21	ok
RF00442__7MLW_F	RF00442	URS00023119BD_987057/1-128	22	22	U	30	Rfam.seed.gz	15.1	41f014f4ab5628620935f089b1bb77987ebc162fda7c72bff368a32c9cccabac	7MLW	1	A	F	1	22	22	22	NA	22	22	U	U	no	no	yes	yes	21	F:22	ok
RF00442__7MLW_F	RF00442	URS00023119BD_987057/1-128	23	23	G	31	Rfam.seed.gz	15.1	41f014f4ab5628620935f089b1bb77987ebc162fda7c72bff368a32c9cccabac	7MLW	1	A	F	1	23	23	23	NA	23	23	G	G	no	no	yes	yes	22	F:23	ok
RF00442__7MLW_F	RF00442	URS00023119BD_987057/1-128	24	24	C	32	Rfam.seed.gz	15.1	41f014f4ab5628620935f089b1bb77987ebc162fda7c72bff368a32c9cccabac	7MLW	1	A	F	1	24	24	24	NA	24	24	C	C	no	no	yes	yes	23	F:24	ok
RF00442__7MLW_F	RF00442	URS00023119BD_987057/1-128	25	25	G	33	Rfam.seed.gz	15.1	41f014f4ab5628620935f089b1bb77987ebc162fda7c72bff368a32c9cccabac	7MLW	1	A	F	1	25	25	25	NA	25	25	G	G	no	no	yes	yes	24	F:25	ok
RF00442__7MLW_F	RF00442	URS00023119BD_987057/1-128	26	26	G	34	Rfam.seed.gz	15.1	41f014f4ab5628620935f089b1bb77987ebc162fda7c72bff368a32c9cccabac	7MLW	1	A	F	1	26	26	26	NA	26	26	G	G	no	no	yes	yes	25	F:26	ok
RF00442__7MLW_F	RF00442	URS00023119BD_987057/1-128	27	27	C	35	Rfam.seed.gz	15.1	41f014f4ab5628620935f089b1bb77987ebc162fda7c72bff368a32c9cccabac	7MLW	1	A	F	1	27	27	27	NA	27	27	C	C	no	no	yes	yes	26	F:27	ok
RF00442__7MLW_F	RF00442	URS00023119BD_987057/1-128	28	28	G	36	Rfam.seed.gz	15.1	41f014f4ab5628620935f089b1bb77987ebc162fda7c72bff368a32c9cccabac	7MLW	1	A	F	1	28	28	28	NA	28	28	G	G	no	no	yes	yes	27	F:28	ok
RF00442__7MLW_F	RF00442	URS00023119BD_987057/1-128	29	29	U	37	Rfam.seed.gz	15.1	41f014f4ab5628620935f089b1bb77987ebc162fda7c72bff368a32c9cccabac	7MLW	1	A	F	1	29	29	29	NA	29	29	U	U	no	no	yes	yes	28	F:29	ok
RF00442__7MLW_F	RF00442	URS00023119BD_987057/1-128	30	30	U	38	Rfam.seed.gz	15.1	41f014f4ab5628620935f089b1bb77987ebc162fda7c72bff368a32c9cccabac	7MLW	1	A	F	1	30	30	30	NA	NA	30	U	U	no	no	no	no	NA	NA	ok
RF00442__7MLW_F	RF00442	URS00023119BD_987057/1-128	31	31	C	39	Rfam.seed.gz	15.1	41f014f4ab5628620935f089b1bb77987ebc162fda7c72bff368a32c9cccabac	7MLW	1	A	F	1	31	31	31	NA	NA	31	C	C	no	no	no	no	NA	NA	ok
RF00442__7MLW_F	RF00442	URS00023119BD_987057/1-128	32	32	G	51	Rfam.seed.gz	15.1	41f014f4ab5628620935f089b1bb77987ebc162fda7c72bff368a32c9cccabac	7MLW	1	A	F	1	32	32	32	NA	NA	32	G	G	no	no	no	no	NA	NA	ok
RF00442__7MLW_F	RF00442	URS00023119BD_987057/1-128	33	33	C	52	Rfam.seed.gz	15.1	41f014f4ab5628620935f089b1bb77987ebc162fda7c72bff368a32c9cccabac	7MLW	1	A	F	1	33	33	33	NA	33	33	C	C	no	no	yes	yes	29	F:33	ok
RF00442__7MLW_F	RF00442	URS00023119BD_987057/1-128	34	34	G	53	Rfam.seed.gz	15.1	41f014f4ab5628620935f089b1bb77987ebc162fda7c72bff368a32c9cccabac	7MLW	1	A	F	1	34	34	34	NA	34	34	G	G	no	no	yes	yes	30	F:34	ok
RF00442__7MLW_F	RF00442	URS00023119BD_987057/1-128	35	35	C	54	Rfam.seed.gz	15.1	41f014f4ab5628620935f089b1bb77987ebc162fda7c72bff368a32c9cccabac	7MLW	1	A	F	1	35	35	35	NA	35	35	C	C	no	no	yes	yes	31	F:35	ok
RF00442__7MLW_F	RF00442	URS00023119BD_987057/1-128	36	36	C	55	Rfam.seed.gz	15.1	41f014f4ab5628620935f089b1bb77987ebc162fda7c72bff368a32c9cccabac	7MLW	1	A	F	1	36	36	36	NA	36	36	C	C	no	no	yes	yes	32	F:36	ok
RF00442__7MLW_F	RF00442	URS00023119BD_987057/1-128	37	37	G	56	Rfam.seed.gz	15.1	41f014f4ab5628620935f089b1bb77987ebc162fda7c72bff368a32c9cccabac	7MLW	1	A	F	1	37	37	37	NA	37	37	G	G	no	no	yes	yes	33	F:37	ok
RF00442__7MLW_F	RF00442	URS00023119BD_987057/1-128	38	38	C	57	Rfam.seed.gz	15.1	41f014f4ab5628620935f089b1bb77987ebc162fda7c72bff368a32c9cccabac	7MLW	1	A	F	1	38	38	38	NA	38	38	C	C	no	no	yes	yes	34	F:38	ok
RF00442__7MLW_F	RF00442	URS00023119BD_987057/1-128	39	39	A	58	Rfam.seed.gz	15.1	41f014f4ab5628620935f089b1bb77987ebc162fda7c72bff368a32c9cccabac	7MLW	1	A	F	1	39	39	39	NA	39	39	A	A	no	no	yes	yes	35	F:39	ok
RF00442__7MLW_F	RF00442	URS00023119BD_987057/1-128	40	40	C	61	Rfam.seed.gz	15.1	41f014f4ab5628620935f089b1bb77987ebc162fda7c72bff368a32c9cccabac	7MLW	1	A	F	1	40	40	40	NA	40	40	C	C	no	no	yes	yes	36	F:40	ok
RF00442__7MLW_F	RF00442	URS00023119BD_987057/1-128	41	41	G	62	Rfam.seed.gz	15.1	41f014f4ab5628620935f089b1bb77987ebc162fda7c72bff368a32c9cccabac	7MLW	1	A	F	1	41	41	41	NA	41	41	G	G	no	no	yes	yes	37	F:41	ok
RF00442__7MLW_F	RF00442	URS00023119BD_987057/1-128	42	42	A	63	Rfam.seed.gz	15.1	41f014f4ab5628620935f089b1bb77987ebc162fda7c72bff368a32c9cccabac	7MLW	1	A	F	1	42	42	42	NA	42	42	A	A	no	no	yes	yes	38	F:42	ok
RF00442__7MLW_F	RF00442	URS00023119BD_987057/1-128	43	43	U	64	Rfam.seed.gz	15.1	41f014f4ab5628620935f089b1bb77987ebc162fda7c72bff368a32c9cccabac	7MLW	1	A	F	1	43	43	43	NA	43	43	U	U	no	yes	yes	yes	39	F:43	ok
RF00442__7MLW_F	RF00442	URS00023119BD_987057/1-128	44	44	G	65	Rfam.seed.gz	15.1	41f014f4ab5628620935f089b1bb77987ebc162fda7c72bff368a32c9cccabac	7MLW	1	A	F	1	44	44	44	NA	44	44	G	G	no	no	yes	yes	40	F:44	ok
RF00442__7MLW_F	RF00442	URS00023119BD_987057/1-128	45	45	C	67	Rfam.seed.gz	15.1	41f014f4ab5628620935f089b1bb77987ebc162fda7c72bff368a32c9cccabac	7MLW	1	A	F	1	45	45	45	NA	45	45	C	C	no	no	yes	yes	41	F:45	ok
RF00442__7MLW_F	RF00442	URS00023119BD_987057/1-128	46	46	U	68	Rfam.seed.gz	15.1	41f014f4ab5628620935f089b1bb77987ebc162fda7c72bff368a32c9cccabac	7MLW	1	A	F	1	46	46	46	NA	46	46	U	U	no	no	yes	yes	42	F:46	ok
RF00442__7MLW_F	RF00442	URS00023119BD_987057/1-128	47	47	G	69	Rfam.seed.gz	15.1	41f014f4ab5628620935f089b1bb77987ebc162fda7c72bff368a32c9cccabac	7MLW	1	A	F	1	47	47	47	NA	47	47	G	G	no	no	yes	yes	43	F:47	ok
RF00442__7MLW_F	RF00442	URS00023119BD_987057/1-128	48	48	G	71	Rfam.seed.gz	15.1	41f014f4ab5628620935f089b1bb77987ebc162fda7c72bff368a32c9cccabac	7MLW	1	A	F	1	48	48	48	NA	48	48	G	G	no	no	yes	yes	44	F:48	ok
RF00442__7MLW_F	RF00442	URS00023119BD_987057/1-128	49	49	U	72	Rfam.seed.gz	15.1	41f014f4ab5628620935f089b1bb77987ebc162fda7c72bff368a32c9cccabac	7MLW	1	A	F	1	49	49	49	NA	49	49	U	U	no	no	yes	yes	45	F:49	ok
RF00442__7MLW_F	RF00442	URS00023119BD_987057/1-128	50	50	C	73	Rfam.seed.gz	15.1	41f014f4ab5628620935f089b1bb77987ebc162fda7c72bff368a32c9cccabac	7MLW	1	A	F	1	50	50	50	NA	50	50	C	C	no	no	yes	yes	46	F:50	ok
RF00442__7MLW_F	RF00442	URS00023119BD_987057/1-128	51	51	C	74	Rfam.seed.gz	15.1	41f014f4ab5628620935f089b1bb77987ebc162fda7c72bff368a32c9cccabac	7MLW	1	A	F	1	51	51	51	NA	51	51	C	C	no	no	yes	yes	47	F:51	ok
RF00442__7MLW_F	RF00442	URS00023119BD_987057/1-128	52	52	G	75	Rfam.seed.gz	15.1	41f014f4ab5628620935f089b1bb77987ebc162fda7c72bff368a32c9cccabac	7MLW	1	A	F	1	52	52	52	NA	52	52	G	G	no	no	yes	yes	48	F:52	ok
RF00442__7MLW_F	RF00442	URS00023119BD_987057/1-128	53	53	A	76	Rfam.seed.gz	15.1	41f014f4ab5628620935f089b1bb77987ebc162fda7c72bff368a32c9cccabac	7MLW	1	A	F	1	53	53	53	NA	53	53	A	A	no	no	yes	yes	49	F:53	ok
RF00442__7MLW_F	RF00442	URS00023119BD_987057/1-128	54	54	G	77	Rfam.seed.gz	15.1	41f014f4ab5628620935f089b1bb77987ebc162fda7c72bff368a32c9cccabac	7MLW	1	A	F	1	54	54	54	NA	54	54	G	G	no	no	yes	yes	50	F:54	ok
RF00442__7MLW_F	RF00442	URS00023119BD_987057/1-128	55	55	A	78	Rfam.seed.gz	15.1	41f014f4ab5628620935f089b1bb77987ebc162fda7c72bff368a32c9cccabac	7MLW	1	A	F	1	55	55	55	NA	55	55	A	A	no	no	yes	yes	51	F:55	ok
RF00442__7MLW_F	RF00442	URS00023119BD_987057/1-128	56	56	G	79	Rfam.seed.gz	15.1	41f014f4ab5628620935f089b1bb77987ebc162fda7c72bff368a32c9cccabac	7MLW	1	A	F	1	56	56	56	NA	56	56	G	G	no	no	yes	yes	52	F:56	ok
RF00442__7MLW_F	RF00442	URS00023119BD_987057/1-128	57	57	C	80	Rfam.seed.gz	15.1	41f014f4ab5628620935f089b1bb77987ebc162fda7c72bff368a32c9cccabac	7MLW	1	A	F	1	57	57	57	NA	57	57	C	C	no	no	yes	yes	53	F:57	ok
RF00442__7MLW_F	RF00442	URS00023119BD_987057/1-128	58	58	A	81	Rfam.seed.gz	15.1	41f014f4ab5628620935f089b1bb77987ebc162fda7c72bff368a32c9cccabac	7MLW	1	A	F	1	58	58	58	NA	58	58	A	A	no	no	yes	yes	54	F:58	ok
RF00442__7MLW_F	RF00442	URS00023119BD_987057/1-128	59	59	A	83	Rfam.seed.gz	15.1	41f014f4ab5628620935f089b1bb77987ebc162fda7c72bff368a32c9cccabac	7MLW	1	A	F	1	59	59	59	NA	59	59	A	A	no	no	yes	yes	55	F:59	ok
RF00442__7MLW_F	RF00442	URS00023119BD_987057/1-128	60	60	U	84	Rfam.seed.gz	15.1	41f014f4ab5628620935f089b1bb77987ebc162fda7c72bff368a32c9cccabac	7MLW	1	A	F	1	60	60	60	NA	60	60	U	U	no	no	yes	yes	56	F:60	ok
RF00442__7MLW_F	RF00442	URS00023119BD_987057/1-128	61	61	C	85	Rfam.seed.gz	15.1	41f014f4ab5628620935f089b1bb77987ebc162fda7c72bff368a32c9cccabac	7MLW	1	A	F	1	61	61	61	NA	61	61	C	C	no	no	yes	yes	57	F:61	ok
RF00442__7MLW_F	RF00442	URS00023119BD_987057/1-128	62	62	C	86	Rfam.seed.gz	15.1	41f014f4ab5628620935f089b1bb77987ebc162fda7c72bff368a32c9cccabac	7MLW	1	A	F	1	62	62	62	NA	62	62	C	C	no	no	yes	yes	58	F:62	ok
RF00442__7MLW_F	RF00442	URS00023119BD_987057/1-128	63	63	G	87	Rfam.seed.gz	15.1	41f014f4ab5628620935f089b1bb77987ebc162fda7c72bff368a32c9cccabac	7MLW	1	A	F	1	63	63	63	NA	63	63	G	G	no	no	yes	yes	59	F:63	ok
RF00442__7MLW_F	RF00442	URS00023119BD_987057/1-128	64	64	G	88	Rfam.seed.gz	15.1	41f014f4ab5628620935f089b1bb77987ebc162fda7c72bff368a32c9cccabac	7MLW	1	A	F	1	64	64	64	NA	64	64	G	G	no	no	yes	yes	60	F:64	ok
RF00442__7MLW_F	RF00442	URS00023119BD_987057/1-128	65	65	U	89	Rfam.seed.gz	15.1	41f014f4ab5628620935f089b1bb77987ebc162fda7c72bff368a32c9cccabac	7MLW	1	A	F	1	65	65	65	NA	65	65	U	U	no	no	yes	yes	61	F:65	ok
RF00442__7MLW_F	RF00442	URS00023119BD_987057/1-128	66	66	C	90	Rfam.seed.gz	15.1	41f014f4ab5628620935f089b1bb77987ebc162fda7c72bff368a32c9cccabac	7MLW	1	A	F	1	66	66	66	NA	66	66	C	C	no	no	yes	yes	62	F:66	ok
RF00442__7MLW_F	RF00442	URS00023119BD_987057/1-128	67	67	U	91	Rfam.seed.gz	15.1	41f014f4ab5628620935f089b1bb77987ebc162fda7c72bff368a32c9cccabac	7MLW	1	A	F	1	67	67	67	NA	67	67	U	U	no	no	yes	yes	63	F:67	ok
RF00442__7MLW_F	RF00442	URS00023119BD_987057/1-128	68	68	U	92	Rfam.seed.gz	15.1	41f014f4ab5628620935f089b1bb77987ebc162fda7c72bff368a32c9cccabac	7MLW	1	A	F	1	68	68	68	NA	68	68	U	U	no	no	yes	yes	64	F:68	ok
RF00442__7MLW_F	RF00442	URS00023119BD_987057/1-128	69	69	G	93	Rfam.seed.gz	15.1	41f014f4ab5628620935f089b1bb77987ebc162fda7c72bff368a32c9cccabac	7MLW	1	A	F	1	69	69	69	NA	69	69	G	G	no	no	yes	yes	65	F:69	ok
RF00442__7MLW_F	RF00442	URS00023119BD_987057/1-128	70	70	C	94	Rfam.seed.gz	15.1	41f014f4ab5628620935f089b1bb77987ebc162fda7c72bff368a32c9cccabac	7MLW	1	A	F	1	70	70	70	NA	70	70	C	C	no	no	yes	yes	66	F:70	ok
RF00442__7MLW_F	RF00442	URS00023119BD_987057/1-128	71	71	C	95	Rfam.seed.gz	15.1	41f014f4ab5628620935f089b1bb77987ebc162fda7c72bff368a32c9cccabac	7MLW	1	A	F	1	71	71	71	NA	71	71	C	C	no	no	yes	yes	67	F:71	ok
RF00442__7MLW_F	RF00442	URS00023119BD_987057/1-128	72	72	U	96	Rfam.seed.gz	15.1	41f014f4ab5628620935f089b1bb77987ebc162fda7c72bff368a32c9cccabac	7MLW	1	A	F	1	72	72	72	NA	72	72	U	U	no	no	yes	yes	68	F:72	ok
RF00442__7MLW_F	RF00442	URS00023119BD_987057/1-128	73	73	U	97	Rfam.seed.gz	15.1	41f014f4ab5628620935f089b1bb77987ebc162fda7c72bff368a32c9cccabac	7MLW	1	A	F	1	73	73	73	NA	73	73	U	U	no	no	yes	yes	69	F:73	ok
RF00442__7MLW_F	RF00442	URS00023119BD_987057/1-128	74	74	C	98	Rfam.seed.gz	15.1	41f014f4ab5628620935f089b1bb77987ebc162fda7c72bff368a32c9cccabac	7MLW	1	A	F	1	74	74	74	NA	74	74	C	C	no	no	yes	yes	70	F:74	ok
RF00442__7MLW_F	RF00442	URS00023119BD_987057/1-128	75	75	G	99	Rfam.seed.gz	15.1	41f014f4ab5628620935f089b1bb77987ebc162fda7c72bff368a32c9cccabac	7MLW	1	A	F	1	75	75	75	NA	75	75	G	G	no	no	yes	yes	71	F:75	ok
RF00442__7MLW_F	RF00442	URS00023119BD_987057/1-128	76	76	C	100	Rfam.seed.gz	15.1	41f014f4ab5628620935f089b1bb77987ebc162fda7c72bff368a32c9cccabac	7MLW	1	A	F	1	76	76	76	NA	76	76	C	C	no	no	yes	yes	72	F:76	ok
RF00442__7MLW_F	RF00442	URS00023119BD_987057/1-128	77	77	C	101	Rfam.seed.gz	15.1	41f014f4ab5628620935f089b1bb77987ebc162fda7c72bff368a32c9cccabac	7MLW	1	A	F	1	77	77	77	NA	77	77	C	C	no	no	yes	yes	73	F:77	ok
RF00442__7MLW_F	RF00442	URS00023119BD_987057/1-128	78	78	U	102	Rfam.seed.gz	15.1	41f014f4ab5628620935f089b1bb77987ebc162fda7c72bff368a32c9cccabac	7MLW	1	A	F	1	78	78	78	NA	78	78	U	U	no	no	yes	yes	74	F:78	ok
RF00442__7MLW_F	RF00442	URS00023119BD_987057/1-128	79	79	C	103	Rfam.seed.gz	15.1	41f014f4ab5628620935f089b1bb77987ebc162fda7c72bff368a32c9cccabac	7MLW	1	A	F	1	79	79	79	NA	79	79	C	C	no	no	yes	yes	75	F:79	ok
RF00442__7MLW_F	RF00442	URS00023119BD_987057/1-128	80	80	G	104	Rfam.seed.gz	15.1	41f014f4ab5628620935f089b1bb77987ebc162fda7c72bff368a32c9cccabac	7MLW	1	A	F	1	80	80	80	NA	80	80	G	G	no	no	yes	yes	76	F:80	ok
RF00442__7MLW_F	RF00442	URS00023119BD_987057/1-128	81	81	U	109	Rfam.seed.gz	15.1	41f014f4ab5628620935f089b1bb77987ebc162fda7c72bff368a32c9cccabac	7MLW	1	A	F	1	81	81	81	NA	81	81	U	U	no	yes	yes	yes	77	F:81	ok
RF00442__7MLW_F	RF00442	URS00023119BD_987057/1-128	82	82	U	110	Rfam.seed.gz	15.1	41f014f4ab5628620935f089b1bb77987ebc162fda7c72bff368a32c9cccabac	7MLW	1	A	F	1	82	82	82	NA	82	82	U	U	no	no	yes	yes	78	F:82	ok
RF00442__7MLW_F	RF00442	URS00023119BD_987057/1-128	83	83	C	111	Rfam.seed.gz	15.1	41f014f4ab5628620935f089b1bb77987ebc162fda7c72bff368a32c9cccabac	7MLW	1	A	F	1	83	83	83	NA	83	83	C	C	no	yes	yes	yes	79	F:83	ok
RF00442__7MLW_F	RF00442	URS00023119BD_987057/1-128	84	84	G	112	Rfam.seed.gz	15.1	41f014f4ab5628620935f089b1bb77987ebc162fda7c72bff368a32c9cccabac	7MLW	1	A	F	1	84	84	84	NA	84	84	G	G	no	yes	yes	yes	80	F:84	ok
RF00442__7MLW_F	RF00442	URS00023119BD_987057/1-128	85	85	C	113	Rfam.seed.gz	15.1	41f014f4ab5628620935f089b1bb77987ebc162fda7c72bff368a32c9cccabac	7MLW	1	A	F	1	85	85	85	NA	85	85	C	C	no	no	yes	yes	81	F:85	ok
RF00442__7MLW_F	RF00442	URS00023119BD_987057/1-128	86	86	G	114	Rfam.seed.gz	15.1	41f014f4ab5628620935f089b1bb77987ebc162fda7c72bff368a32c9cccabac	7MLW	1	A	F	1	86	86	86	NA	86	86	G	G	no	no	yes	yes	82	F:86	ok
RF00442__7MLW_F	RF00442	URS00023119BD_987057/1-128	87	87	A	115	Rfam.seed.gz	15.1	41f014f4ab5628620935f089b1bb77987ebc162fda7c72bff368a32c9cccabac	7MLW	1	A	F	1	87	87	87	NA	87	87	A	A	no	no	yes	yes	83	F:87	ok
RF00442__7MLW_F	RF00442	URS00023119BD_987057/1-128	88	88	G	116	Rfam.seed.gz	15.1	41f014f4ab5628620935f089b1bb77987ebc162fda7c72bff368a32c9cccabac	7MLW	1	A	F	1	88	88	88	NA	88	88	G	G	no	no	yes	yes	84	F:88	ok
RF00442__7MLW_F	RF00442	URS00023119BD_987057/1-128	89	89	G	117	Rfam.seed.gz	15.1	41f014f4ab5628620935f089b1bb77987ebc162fda7c72bff368a32c9cccabac	7MLW	1	A	F	1	89	89	89	NA	89	89	G	G	no	no	yes	yes	85	F:89	ok
RF00442__7MLW_F	RF00442	URS00023119BD_987057/1-128	90	90	A	118	Rfam.seed.gz	15.1	41f014f4ab5628620935f089b1bb77987ebc162fda7c72bff368a32c9cccabac	7MLW	1	A	F	1	90	90	90	NA	90	90	A	A	no	no	yes	yes	86	F:90	ok
RF00442__7MLW_F	RF00442	URS00023119BD_987057/1-128	91	91	A	119	Rfam.seed.gz	15.1	41f014f4ab5628620935f089b1bb77987ebc162fda7c72bff368a32c9cccabac	7MLW	1	A	F	1	91	91	91	NA	91	91	A	A	no	no	yes	yes	87	F:91	ok
RF00442__7MLW_F	RF00442	URS00023119BD_987057/1-128	92	92	A	120	Rfam.seed.gz	15.1	41f014f4ab5628620935f089b1bb77987ebc162fda7c72bff368a32c9cccabac	7MLW	1	A	F	1	92	92	92	NA	92	92	A	A	no	no	yes	yes	88	F:92	ok
RF00442__7MLW_F	RF00442	URS00023119BD_987057/1-128	93	93	C	121	Rfam.seed.gz	15.1	41f014f4ab5628620935f089b1bb77987ebc162fda7c72bff368a32c9cccabac	7MLW	1	A	F	1	93	93	93	NA	93	93	C	C	no	no	yes	yes	89	F:93	ok
RF00442__7MLW_F	RF00442	URS00023119BD_987057/1-128	94	94	G	139	Rfam.seed.gz	15.1	41f014f4ab5628620935f089b1bb77987ebc162fda7c72bff368a32c9cccabac	7MLW	1	A	F	1	94	94	94	NA	94	94	G	G	no	no	yes	yes	90	F:94	ok
RF00442__7MLW_F	RF00442	URS00023119BD_987057/1-128	95	95	G	140	Rfam.seed.gz	15.1	41f014f4ab5628620935f089b1bb77987ebc162fda7c72bff368a32c9cccabac	7MLW	1	A	F	1	95	95	95	NA	95	95	G	G	no	no	yes	yes	91	F:95	ok
RF00442__7MLW_F	RF00442	URS00023119BD_987057/1-128	96	96	C	141	Rfam.seed.gz	15.1	41f014f4ab5628620935f089b1bb77987ebc162fda7c72bff368a32c9cccabac	7MLW	1	A	F	1	96	96	96	NA	96	96	C	C	no	no	yes	yes	92	F:96	ok
RF00442__7MLW_F	RF00442	URS00023119BD_987057/1-128	97	97	G	144	Rfam.seed.gz	15.1	41f014f4ab5628620935f089b1bb77987ebc162fda7c72bff368a32c9cccabac	7MLW	1	A	F	1	97	97	97	NA	97	97	G	G	no	no	yes	yes	93	F:97	ok
RF00442__7MLW_F	RF00442	URS00023119BD_987057/1-128	98	98	A	146	Rfam.seed.gz	15.1	41f014f4ab5628620935f089b1bb77987ebc162fda7c72bff368a32c9cccabac	7MLW	1	A	F	1	98	98	98	NA	98	98	A	A	no	no	yes	yes	94	F:98	ok
RF00442__7MLW_F	RF00442	URS00023119BD_987057/1-128	99	99	G	147	Rfam.seed.gz	15.1	41f014f4ab5628620935f089b1bb77987ebc162fda7c72bff368a32c9cccabac	7MLW	1	A	F	1	99	99	99	NA	99	99	G	G	no	no	yes	yes	95	F:99	ok
RF00442__7MLW_F	RF00442	URS00023119BD_987057/1-128	100	100	G	148	Rfam.seed.gz	15.1	41f014f4ab5628620935f089b1bb77987ebc162fda7c72bff368a32c9cccabac	7MLW	1	A	F	1	100	100	100	NA	100	100	G	G	no	no	yes	yes	96	F:100	ok
RF00442__7MLW_F	RF00442	URS00023119BD_987057/1-128	101	101	C	149	Rfam.seed.gz	15.1	41f014f4ab5628620935f089b1bb77987ebc162fda7c72bff368a32c9cccabac	7MLW	1	A	F	1	101	101	101	NA	101	101	C	C	no	no	yes	yes	97	F:101	ok
RF00442__7MLW_F	RF00442	URS00023119BD_987057/1-128	102	102	U	151	Rfam.seed.gz	15.1	41f014f4ab5628620935f089b1bb77987ebc162fda7c72bff368a32c9cccabac	7MLW	1	A	F	1	102	102	102	NA	102	102	U	U	no	no	yes	yes	98	F:102	ok
RF00442__7MLW_F	RF00442	URS00023119BD_987057/1-128	103	103	C	152	Rfam.seed.gz	15.1	41f014f4ab5628620935f089b1bb77987ebc162fda7c72bff368a32c9cccabac	7MLW	1	A	F	1	103	103	103	NA	103	103	C	C	no	no	yes	yes	99	F:103	ok
RF00442__7MLW_F	RF00442	URS00023119BD_987057/1-128	104	104	C	153	Rfam.seed.gz	15.1	41f014f4ab5628620935f089b1bb77987ebc162fda7c72bff368a32c9cccabac	7MLW	1	A	F	1	104	104	104	NA	104	104	C	C	no	no	yes	yes	100	F:104	ok
RF00442__7MLW_F	RF00442	URS00023119BD_987057/1-128	105	105	A	154	Rfam.seed.gz	15.1	41f014f4ab5628620935f089b1bb77987ebc162fda7c72bff368a32c9cccabac	7MLW	1	A	F	1	105	105	105	NA	105	105	A	A	no	no	yes	yes	101	F:105	ok
RF00442__7MLW_F	RF00442	URS00023119BD_987057/1-128	106	106	C	155	Rfam.seed.gz	15.1	41f014f4ab5628620935f089b1bb77987ebc162fda7c72bff368a32c9cccabac	7MLW	1	A	F	1	106	106	106	NA	106	106	C	C	no	no	yes	yes	102	F:106	ok
RF00442__7MLW_F	RF00442	URS00023119BD_987057/1-128	107	107	G	156	Rfam.seed.gz	15.1	41f014f4ab5628620935f089b1bb77987ebc162fda7c72bff368a32c9cccabac	7MLW	1	A	F	1	107	107	107	NA	107	107	G	G	no	no	yes	yes	103	F:107	ok
RF00442__7MLW_F	RF00442	URS00023119BD_987057/1-128	108	108	G	157	Rfam.seed.gz	15.1	41f014f4ab5628620935f089b1bb77987ebc162fda7c72bff368a32c9cccabac	7MLW	1	A	F	1	108	108	108	NA	108	108	G	G	no	no	yes	yes	104	F:108	ok
RF00442__7MLW_F	RF00442	URS00023119BD_987057/1-128	109	109	A	158	Rfam.seed.gz	15.1	41f014f4ab5628620935f089b1bb77987ebc162fda7c72bff368a32c9cccabac	7MLW	1	A	F	1	109	109	109	NA	109	109	A	A	no	no	yes	yes	105	F:109	ok
RF00442__7MLW_F	RF00442	URS00023119BD_987057/1-128	110	110	G	159	Rfam.seed.gz	15.1	41f014f4ab5628620935f089b1bb77987ebc162fda7c72bff368a32c9cccabac	7MLW	1	A	F	1	110	110	110	NA	110	110	G	G	no	no	yes	yes	106	F:110	ok
RF00442__7MLW_F	RF00442	URS00023119BD_987057/1-128	111	111	G	160	Rfam.seed.gz	15.1	41f014f4ab5628620935f089b1bb77987ebc162fda7c72bff368a32c9cccabac	7MLW	1	A	F	1	111	111	111	NA	111	111	G	G	no	no	yes	yes	107	F:111	ok
RF00442__7MLW_F	RF00442	URS00023119BD_987057/1-128	112	112	G	161	Rfam.seed.gz	15.1	41f014f4ab5628620935f089b1bb77987ebc162fda7c72bff368a32c9cccabac	7MLW	1	A	F	1	112	112	112	NA	112	112	G	G	no	no	yes	yes	108	F:112	ok
RF00442__7MLW_F	RF00442	URS00023119BD_987057/1-128	113	113	A	162	Rfam.seed.gz	15.1	41f014f4ab5628620935f089b1bb77987ebc162fda7c72bff368a32c9cccabac	7MLW	1	A	F	1	113	113	113	NA	113	113	A	A	no	no	yes	yes	109	F:113	ok
RF00442__7MLW_F	RF00442	URS00023119BD_987057/1-128	114	114	U	163	Rfam.seed.gz	15.1	41f014f4ab5628620935f089b1bb77987ebc162fda7c72bff368a32c9cccabac	7MLW	1	A	F	1	114	114	114	NA	114	114	U	U	no	no	yes	yes	110	F:114	ok
RF00442__7MLW_F	RF00442	URS00023119BD_987057/1-128	115	115	A	164	Rfam.seed.gz	15.1	41f014f4ab5628620935f089b1bb77987ebc162fda7c72bff368a32c9cccabac	7MLW	1	A	F	1	115	115	115	NA	115	115	A	A	no	no	yes	yes	111	F:115	ok
RF00442__7MLW_F	RF00442	URS00023119BD_987057/1-128	116	116	A	165	Rfam.seed.gz	15.1	41f014f4ab5628620935f089b1bb77987ebc162fda7c72bff368a32c9cccabac	7MLW	1	A	F	1	116	116	116	NA	116	116	A	A	no	no	yes	yes	112	F:116	ok
RF00442__7MLW_F	RF00442	URS00023119BD_987057/1-128	117	117	A	166	Rfam.seed.gz	15.1	41f014f4ab5628620935f089b1bb77987ebc162fda7c72bff368a32c9cccabac	7MLW	1	A	F	1	117	117	117	NA	117	117	A	A	no	no	yes	yes	113	F:117	ok
RF00442__7MLW_F	RF00442	URS00023119BD_987057/1-128	118	118	A	167	Rfam.seed.gz	15.1	41f014f4ab5628620935f089b1bb77987ebc162fda7c72bff368a32c9cccabac	7MLW	1	A	F	1	118	118	118	NA	118	118	A	A	no	no	yes	yes	114	F:118	ok
RF00442__7MLW_F	RF00442	URS00023119BD_987057/1-128	119	119	G	168	Rfam.seed.gz	15.1	41f014f4ab5628620935f089b1bb77987ebc162fda7c72bff368a32c9cccabac	7MLW	1	A	F	1	119	119	119	NA	119	119	G	G	no	no	yes	yes	115	F:119	ok
RF00442__7MLW_F	RF00442	URS00023119BD_987057/1-128	120	120	C	169	Rfam.seed.gz	15.1	41f014f4ab5628620935f089b1bb77987ebc162fda7c72bff368a32c9cccabac	7MLW	1	A	F	1	120	120	120	NA	120	120	C	C	no	no	yes	yes	116	F:120	ok
RF00442__7MLW_F	RF00442	URS00023119BD_987057/1-128	121	121	C	170	Rfam.seed.gz	15.1	41f014f4ab5628620935f089b1bb77987ebc162fda7c72bff368a32c9cccabac	7MLW	1	A	F	1	121	121	121	NA	121	121	C	C	no	no	yes	yes	117	F:121	ok
RF00442__7MLW_F	RF00442	URS00023119BD_987057/1-128	122	122	C	171	Rfam.seed.gz	15.1	41f014f4ab5628620935f089b1bb77987ebc162fda7c72bff368a32c9cccabac	7MLW	1	A	F	1	122	122	122	NA	122	122	C	C	no	no	yes	yes	118	F:122	ok
RF00442__7MLW_F	RF00442	URS00023119BD_987057/1-128	123	123	G	172	Rfam.seed.gz	15.1	41f014f4ab5628620935f089b1bb77987ebc162fda7c72bff368a32c9cccabac	7MLW	1	A	F	1	123	123	123	NA	123	123	G	G	no	no	yes	yes	119	F:123	ok
RF00442__7MLW_F	RF00442	URS00023119BD_987057/1-128	124	124	G	173	Rfam.seed.gz	15.1	41f014f4ab5628620935f089b1bb77987ebc162fda7c72bff368a32c9cccabac	7MLW	1	A	F	1	124	124	124	NA	124	124	G	G	no	no	yes	yes	120	F:124	ok
RF00442__7MLW_F	RF00442	URS00023119BD_987057/1-128	125	125	G	174	Rfam.seed.gz	15.1	41f014f4ab5628620935f089b1bb77987ebc162fda7c72bff368a32c9cccabac	7MLW	1	A	F	1	125	125	125	NA	125	125	G	G	no	no	yes	yes	121	F:125	ok
RF00442__7MLW_F	RF00442	URS00023119BD_987057/1-128	126	126	A	175	Rfam.seed.gz	15.1	41f014f4ab5628620935f089b1bb77987ebc162fda7c72bff368a32c9cccabac	7MLW	1	A	F	1	126	126	126	NA	126	126	A	A	no	no	yes	yes	122	F:126	ok
RF00442__7MLW_F	RF00442	URS00023119BD_987057/1-128	127	127	G	176	Rfam.seed.gz	15.1	41f014f4ab5628620935f089b1bb77987ebc162fda7c72bff368a32c9cccabac	7MLW	1	A	F	1	127	127	127	NA	127	127	G	G	no	no	yes	yes	123	F:127	ok
RF00442__7MLW_F	RF00442	URS00023119BD_987057/1-128	128	128	G	177	Rfam.seed.gz	15.1	41f014f4ab5628620935f089b1bb77987ebc162fda7c72bff368a32c9cccabac	7MLW	1	A	F	1	128	128	128	NA	128	128	G	G	no	no	yes	yes	124	F:128	ok
