pair_id	source_side	source_rep	target_rep	i	j	label	pair_class	kind	source_masked	rfam_status	star3d_forward_status	star3d_reverse_status	rfam_target	star3d_forward_target	star3d_reverse_target	common_assessable_rfam_vs_star3d_forward	target_masked_rfam	reference_source	rfam_release
RF00059__2GDI_X__3D2G_A	query	RF00059__2GDI_X	RF00059__3D2G_A	2	79	cWW	wobble	basepair	yes	exact_class_preserved	exact_class_preserved	exact_class_preserved	3-77	3-77	3-77	yes	yes	Rfam.seed.gz	15.1
RF00059__2GDI_X__3D2G_A	query	RF00059__2GDI_X	RF00059__3D2G_A	3	78	cWW	canonical	basepair	no	exact_class_preserved	exact_class_preserved	exact_class_preserved	4-76	4-76	4-76	yes	yes	Rfam.seed.gz	15.1
RF00059__2GDI_X__3D2G_A	query	RF00059__2GDI_X	RF00059__3D2G_A	4	77	cWW	canonical	basepair	no	exact_class_preserved	exact_class_preserved	exact_class_preserved	5-75	5-75	5-75	yes	yes	Rfam.seed.gz	15.1
RF00059__2GDI_X__3D2G_A	query	RF00059__2GDI_X	RF00059__3D2G_A	5	76	cWW	canonical	basepair	no	no_annotated_target_pair	exact_class_preserved	exact_class_preserved	6-74	6-73	6-73	yes	yes	Rfam.seed.gz	15.1
RF00059__2GDI_X__3D2G_A	query	RF00059__2GDI_X	RF00059__3D2G_A	6	42	cWW	canonical	basepair	no	exact_class_preserved	exact_class_preserved	exact_class_preserved	7-39	7-39	7-39	yes	yes	Rfam.seed.gz	15.1
RF00059__2GDI_X__3D2G_A	query	RF00059__2GDI_X	RF00059__3D2G_A	7	75	cSS	noncanonical	basepair	no	exact_class_preserved	exact_class_preserved	exact_class_preserved	8-72	8-72	8-72	yes	yes	Rfam.seed.gz	15.1
RF00059__2GDI_X__3D2G_A	query	RF00059__2GDI_X	RF00059__3D2G_A	7	41	cWW	canonical	basepair	no	exact_class_preserved	exact_class_preserved	exact_class_preserved	8-38	8-38	8-38	yes	yes	Rfam.seed.gz	15.1
RF00059__2GDI_X__3D2G_A	query	RF00059__2GDI_X	RF00059__3D2G_A	8	40	cWW	canonical	basepair	no	exact_class_preserved	exact_class_preserved	exact_class_preserved	9-37	9-37	9-37	yes	yes	Rfam.seed.gz	15.1
RF00059__2GDI_X__3D2G_A	query	RF00059__2GDI_X	RF00059__3D2G_A	8	47	tSS	noncanonical	basepair	no	exact_class_preserved	exact_class_preserved	exact_class_preserved	9-44	9-44	9-44	yes	yes	Rfam.seed.gz	15.1
RF00059__2GDI_X__3D2G_A	query	RF00059__2GDI_X	RF00059__3D2G_A	9	39	cWW	canonical	basepair	no	exact_class_preserved	exact_class_preserved	exact_class_preserved	10-36	10-36	10-36	yes	yes	Rfam.seed.gz	15.1
RF00059__2GDI_X__3D2G_A	query	RF00059__2GDI_X	RF00059__3D2G_A	10	38	cWW	noncanonical	basepair	no	no_annotated_target_pair	no_annotated_target_pair	no_annotated_target_pair	11-35	11-35	11-35	yes	yes	Rfam.seed.gz	15.1
RF00059__2GDI_X__3D2G_A	query	RF00059__2GDI_X	RF00059__3D2G_A	10	33	tSS	noncanonical	basepair	no	exact_class_preserved	exact_class_preserved	exact_class_preserved	11-30	11-30	11-30	yes	yes	Rfam.seed.gz	15.1
RF00059__2GDI_X__3D2G_A	query	RF00059__2GDI_X	RF00059__3D2G_A	11	36	cWW	canonical	basepair	no	different_class	different_class	different_class	12-33	12-33	12-33	yes	yes	Rfam.seed.gz	15.1
RF00059__2GDI_X__3D2G_A	query	RF00059__2GDI_X	RF00059__3D2G_A	12	62	cSS	noncanonical	basepair	no	exact_class_preserved	exact_class_preserved	exact_class_preserved	13-59	13-59	13-59	yes	yes	Rfam.seed.gz	15.1
RF00059__2GDI_X__3D2G_A	query	RF00059__2GDI_X	RF00059__3D2G_A	12	29	cWW	canonical	basepair	no	exact_class_preserved	exact_class_preserved	exact_class_preserved	13-26	13-26	13-26	yes	yes	Rfam.seed.gz	15.1
RF00059__2GDI_X__3D2G_A	query	RF00059__2GDI_X	RF00059__3D2G_A	13	61	cSS	noncanonical	basepair	no	exact_class_preserved	exact_class_preserved	exact_class_preserved	14-58	14-58	14-58	yes	yes	Rfam.seed.gz	15.1
RF00059__2GDI_X__3D2G_A	query	RF00059__2GDI_X	RF00059__3D2G_A	13	28	cWW	canonical	basepair	no	exact_class_preserved	exact_class_preserved	exact_class_preserved	14-25	14-25	14-25	yes	yes	Rfam.seed.gz	15.1
RF00059__2GDI_X__3D2G_A	query	RF00059__2GDI_X	RF00059__3D2G_A	14	27	cWW	canonical	basepair	no	exact_class_preserved	exact_class_preserved	exact_class_preserved	15-24	15-24	15-24	yes	yes	Rfam.seed.gz	15.1
RF00059__2GDI_X__3D2G_A	query	RF00059__2GDI_X	RF00059__3D2G_A	16	26	cWW	canonical	basepair	no	different_class	different_class	different_class	17-23	17-23	17-23	yes	yes	Rfam.seed.gz	15.1
RF00059__2GDI_X__3D2G_A	query	RF00059__2GDI_X	RF00059__3D2G_A	17	25	cWW	canonical	basepair	no	no_annotated_target_pair	unmapped_endpoint	unmapped_endpoint	18-22	None-22	None-22	no	yes	Rfam.seed.gz	15.1
RF00059__2GDI_X__3D2G_A	query	RF00059__2GDI_X	RF00059__3D2G_A	18	24	cWW	canonical	basepair	no	different_class	unmapped_endpoint	unmapped_endpoint	19-21	None-21	None-21	no	yes	Rfam.seed.gz	15.1
RF00059__2GDI_X__3D2G_A	query	RF00059__2GDI_X	RF00059__3D2G_A	19	23	tWW	noncanonical	basepair	no	unmapped_endpoint	unmapped_endpoint	unmapped_endpoint	20-None	None-20	None-20	no	yes	Rfam.seed.gz	15.1
RF00059__2GDI_X__3D2G_A	query	RF00059__2GDI_X	RF00059__3D2G_A	30	34	tWH	noncanonical	basepair	no	exact_class_preserved	exact_class_preserved	exact_class_preserved	27-31	27-31	27-31	yes	no	Rfam.seed.gz	15.1
RF00059__2GDI_X__3D2G_A	query	RF00059__2GDI_X	RF00059__3D2G_A	32	39	cSS	noncanonical	basepair	no	exact_class_preserved	exact_class_preserved	exact_class_preserved	29-36	29-36	29-36	yes	no	Rfam.seed.gz	15.1
RF00059__2GDI_X__3D2G_A	query	RF00059__2GDI_X	RF00059__3D2G_A	41	75	tSS	noncanonical	basepair	no	exact_class_preserved	exact_class_preserved	exact_class_preserved	38-72	38-72	38-72	yes	no	Rfam.seed.gz	15.1
RF00059__2GDI_X__3D2G_A	query	RF00059__2GDI_X	RF00059__3D2G_A	44	75	tHH	noncanonical	basepair	no	no_annotated_target_pair	no_annotated_target_pair	no_annotated_target_pair	41-72	41-72	41-72	yes	no	Rfam.seed.gz	15.1
RF00059__2GDI_X__3D2G_A	query	RF00059__2GDI_X	RF00059__3D2G_A	47	74	tHS	noncanonical	basepair	no	exact_class_preserved	exact_class_preserved	exact_class_preserved	44-71	44-71	44-71	yes	no	Rfam.seed.gz	15.1
RF00059__2GDI_X__3D2G_A	query	RF00059__2GDI_X	RF00059__3D2G_A	48	73	cWW	canonical	basepair	no	exact_class_preserved	exact_class_preserved	exact_class_preserved	45-70	45-70	45-70	yes	no	Rfam.seed.gz	15.1
RF00059__2GDI_X__3D2G_A	query	RF00059__2GDI_X	RF00059__3D2G_A	49	72	cWW	canonical	basepair	no	exact_class_preserved	exact_class_preserved	exact_class_preserved	46-69	46-69	46-69	yes	no	Rfam.seed.gz	15.1
RF00059__2GDI_X__3D2G_A	query	RF00059__2GDI_X	RF00059__3D2G_A	50	71	cWW	canonical	basepair	no	exact_class_preserved	exact_class_preserved	exact_class_preserved	47-68	47-68	47-68	yes	no	Rfam.seed.gz	15.1
RF00059__2GDI_X__3D2G_A	query	RF00059__2GDI_X	RF00059__3D2G_A	51	69	cWH	noncanonical	basepair	no	exact_class_preserved	exact_class_preserved	exact_class_preserved	48-66	48-66	48-66	yes	no	Rfam.seed.gz	15.1
RF00059__2GDI_X__3D2G_A	query	RF00059__2GDI_X	RF00059__3D2G_A	54	67	cWW	canonical	basepair	no	exact_class_preserved	exact_class_preserved	exact_class_preserved	51-64	51-64	51-64	yes	no	Rfam.seed.gz	15.1
RF00059__2GDI_X__3D2G_A	query	RF00059__2GDI_X	RF00059__3D2G_A	55	66	cWW	canonical	basepair	no	exact_class_preserved	exact_class_preserved	exact_class_preserved	52-63	52-63	52-63	yes	no	Rfam.seed.gz	15.1
RF00059__2GDI_X__3D2G_A	query	RF00059__2GDI_X	RF00059__3D2G_A	56	65	cWW	canonical	basepair	no	exact_class_preserved	exact_class_preserved	exact_class_preserved	53-62	53-62	53-62	yes	no	Rfam.seed.gz	15.1
RF00059__2GDI_X__3D2G_A	query	RF00059__2GDI_X	RF00059__3D2G_A	57	64	cWW	canonical	basepair	no	exact_class_preserved	exact_class_preserved	exact_class_preserved	54-61	54-61	54-61	yes	no	Rfam.seed.gz	15.1
RF00059__2GDI_X__3D2G_A	query	RF00059__2GDI_X	RF00059__3D2G_A	2	3	s35	stack	stack	no	exact_class_preserved	exact_class_preserved	exact_class_preserved	3-4	3-4	3-4	yes	yes	Rfam.seed.gz	15.1
RF00059__2GDI_X__3D2G_A	query	RF00059__2GDI_X	RF00059__3D2G_A	2	80	s55	stack	stack	yes	unmapped_endpoint	unmapped_endpoint	unmapped_endpoint	3-None	3-None	3-None	no	yes	Rfam.seed.gz	15.1
RF00059__2GDI_X__3D2G_A	query	RF00059__2GDI_X	RF00059__3D2G_A	3	4	s35	stack	stack	no	exact_class_preserved	exact_class_preserved	exact_class_preserved	4-5	4-5	4-5	yes	yes	Rfam.seed.gz	15.1
RF00059__2GDI_X__3D2G_A	query	RF00059__2GDI_X	RF00059__3D2G_A	4	5	s35	stack	stack	no	exact_class_preserved	exact_class_preserved	exact_class_preserved	5-6	5-6	5-6	yes	yes	Rfam.seed.gz	15.1
RF00059__2GDI_X__3D2G_A	query	RF00059__2GDI_X	RF00059__3D2G_A	5	77	ns55	stack	stack	no	different_class	different_class	different_class	6-75	6-75	6-75	yes	yes	Rfam.seed.gz	15.1
RF00059__2GDI_X__3D2G_A	query	RF00059__2GDI_X	RF00059__3D2G_A	5	6	s35	stack	stack	no	exact_class_preserved	exact_class_preserved	exact_class_preserved	6-7	6-7	6-7	yes	yes	Rfam.seed.gz	15.1
RF00059__2GDI_X__3D2G_A	query	RF00059__2GDI_X	RF00059__3D2G_A	6	76	ns55	stack	stack	no	no_annotated_target_pair	different_class	different_class	7-74	7-73	7-73	yes	yes	Rfam.seed.gz	15.1
RF00059__2GDI_X__3D2G_A	query	RF00059__2GDI_X	RF00059__3D2G_A	6	7	s35	stack	stack	no	exact_class_preserved	exact_class_preserved	exact_class_preserved	7-8	7-8	7-8	yes	yes	Rfam.seed.gz	15.1
RF00059__2GDI_X__3D2G_A	query	RF00059__2GDI_X	RF00059__3D2G_A	7	8	s35	stack	stack	no	exact_class_preserved	exact_class_preserved	exact_class_preserved	8-9	8-9	8-9	yes	yes	Rfam.seed.gz	15.1
RF00059__2GDI_X__3D2G_A	query	RF00059__2GDI_X	RF00059__3D2G_A	7	42	s55	stack	stack	no	exact_class_preserved	exact_class_preserved	exact_class_preserved	8-39	8-39	8-39	yes	yes	Rfam.seed.gz	15.1
RF00059__2GDI_X__3D2G_A	query	RF00059__2GDI_X	RF00059__3D2G_A	8	9	s35	stack	stack	no	exact_class_preserved	exact_class_preserved	exact_class_preserved	9-10	9-10	9-10	yes	yes	Rfam.seed.gz	15.1
RF00059__2GDI_X__3D2G_A	query	RF00059__2GDI_X	RF00059__3D2G_A	8	41	s55	stack	stack	no	exact_class_preserved	exact_class_preserved	exact_class_preserved	9-38	9-38	9-38	yes	yes	Rfam.seed.gz	15.1
RF00059__2GDI_X__3D2G_A	query	RF00059__2GDI_X	RF00059__3D2G_A	9	10	s35	stack	stack	no	exact_class_preserved	exact_class_preserved	exact_class_preserved	10-11	10-11	10-11	yes	yes	Rfam.seed.gz	15.1
RF00059__2GDI_X__3D2G_A	query	RF00059__2GDI_X	RF00059__3D2G_A	9	40	s55	stack	stack	no	exact_class_preserved	exact_class_preserved	exact_class_preserved	10-37	10-37	10-37	yes	yes	Rfam.seed.gz	15.1
RF00059__2GDI_X__3D2G_A	query	RF00059__2GDI_X	RF00059__3D2G_A	10	11	s35	stack	stack	no	exact_class_preserved	exact_class_preserved	exact_class_preserved	11-12	11-12	11-12	yes	yes	Rfam.seed.gz	15.1
RF00059__2GDI_X__3D2G_A	query	RF00059__2GDI_X	RF00059__3D2G_A	11	35	s35	stack	stack	no	different_class	different_class	different_class	12-32	12-32	12-32	yes	yes	Rfam.seed.gz	15.1
RF00059__2GDI_X__3D2G_A	query	RF00059__2GDI_X	RF00059__3D2G_A	12	30	ns55	stack	stack	no	exact_class_preserved	exact_class_preserved	exact_class_preserved	13-27	13-27	13-27	yes	yes	Rfam.seed.gz	15.1
RF00059__2GDI_X__3D2G_A	query	RF00059__2GDI_X	RF00059__3D2G_A	12	13	s35	stack	stack	no	exact_class_preserved	exact_class_preserved	exact_class_preserved	13-14	13-14	13-14	yes	yes	Rfam.seed.gz	15.1
RF00059__2GDI_X__3D2G_A	query	RF00059__2GDI_X	RF00059__3D2G_A	12	34	s53	stack	stack	no	exact_class_preserved	exact_class_preserved	exact_class_preserved	13-31	13-31	13-31	yes	yes	Rfam.seed.gz	15.1
RF00059__2GDI_X__3D2G_A	query	RF00059__2GDI_X	RF00059__3D2G_A	13	14	s35	stack	stack	no	exact_class_preserved	exact_class_preserved	exact_class_preserved	14-15	14-15	14-15	yes	yes	Rfam.seed.gz	15.1
RF00059__2GDI_X__3D2G_A	query	RF00059__2GDI_X	RF00059__3D2G_A	14	28	s55	stack	stack	no	exact_class_preserved	exact_class_preserved	exact_class_preserved	15-25	15-25	15-25	yes	yes	Rfam.seed.gz	15.1
RF00059__2GDI_X__3D2G_A	query	RF00059__2GDI_X	RF00059__3D2G_A	15	60	s55	stack	stack	no	no_annotated_target_pair	no_annotated_target_pair	no_annotated_target_pair	16-57	16-57	16-57	yes	yes	Rfam.seed.gz	15.1
RF00059__2GDI_X__3D2G_A	query	RF00059__2GDI_X	RF00059__3D2G_A	16	17	s35	stack	stack	no	no_annotated_target_pair	unmapped_endpoint	unmapped_endpoint	17-18	17-None	17-None	no	yes	Rfam.seed.gz	15.1
RF00059__2GDI_X__3D2G_A	query	RF00059__2GDI_X	RF00059__3D2G_A	16	27	s55	stack	stack	no	no_annotated_target_pair	no_annotated_target_pair	no_annotated_target_pair	17-24	17-24	17-24	yes	yes	Rfam.seed.gz	15.1
RF00059__2GDI_X__3D2G_A	query	RF00059__2GDI_X	RF00059__3D2G_A	17	18	s35	stack	stack	no	no_annotated_target_pair	unmapped_endpoint	unmapped_endpoint	18-19	None-None	None-None	no	yes	Rfam.seed.gz	15.1
RF00059__2GDI_X__3D2G_A	query	RF00059__2GDI_X	RF00059__3D2G_A	17	26	s55	stack	stack	no	no_annotated_target_pair	unmapped_endpoint	unmapped_endpoint	18-23	None-23	None-23	no	yes	Rfam.seed.gz	15.1
RF00059__2GDI_X__3D2G_A	query	RF00059__2GDI_X	RF00059__3D2G_A	18	25	ns55	stack	stack	no	no_annotated_target_pair	unmapped_endpoint	unmapped_endpoint	19-22	None-22	None-22	no	yes	Rfam.seed.gz	15.1
RF00059__2GDI_X__3D2G_A	query	RF00059__2GDI_X	RF00059__3D2G_A	18	19	s33	stack	stack	no	different_class	unmapped_endpoint	unmapped_endpoint	19-20	None-None	None-None	no	yes	Rfam.seed.gz	15.1
RF00059__2GDI_X__3D2G_A	query	RF00059__2GDI_X	RF00059__3D2G_A	19	24	ns35	stack	stack	no	different_class	unmapped_endpoint	unmapped_endpoint	20-21	None-21	None-21	no	yes	Rfam.seed.gz	15.1
RF00059__2GDI_X__3D2G_A	query	RF00059__2GDI_X	RF00059__3D2G_A	19	22	ns53	stack	stack	no	unmapped_endpoint	unmapped_endpoint	unmapped_endpoint	20-None	None-19	None-19	no	yes	Rfam.seed.gz	15.1
RF00059__2GDI_X__3D2G_A	query	RF00059__2GDI_X	RF00059__3D2G_A	20	21	s35	stack	stack	no	unmapped_endpoint	unmapped_endpoint	unmapped_endpoint	None-None	None-18	None-18	no	no	Rfam.seed.gz	15.1
RF00059__2GDI_X__3D2G_A	query	RF00059__2GDI_X	RF00059__3D2G_A	21	22	s35	stack	stack	no	unmapped_endpoint	no_annotated_target_pair	no_annotated_target_pair	None-None	18-19	18-19	no	no	Rfam.seed.gz	15.1
RF00059__2GDI_X__3D2G_A	query	RF00059__2GDI_X	RF00059__3D2G_A	22	23	s35	stack	stack	no	unmapped_endpoint	different_class	different_class	None-None	19-20	19-20	no	no	Rfam.seed.gz	15.1
RF00059__2GDI_X__3D2G_A	query	RF00059__2GDI_X	RF00059__3D2G_A	23	24	s35	stack	stack	no	unmapped_endpoint	exact_class_preserved	exact_class_preserved	None-21	20-21	20-21	no	yes	Rfam.seed.gz	15.1
RF00059__2GDI_X__3D2G_A	query	RF00059__2GDI_X	RF00059__3D2G_A	24	25	s35	stack	stack	no	exact_class_preserved	exact_class_preserved	exact_class_preserved	21-22	21-22	21-22	yes	yes	Rfam.seed.gz	15.1
RF00059__2GDI_X__3D2G_A	query	RF00059__2GDI_X	RF00059__3D2G_A	25	26	s35	stack	stack	no	exact_class_preserved	exact_class_preserved	exact_class_preserved	22-23	22-23	22-23	yes	no	Rfam.seed.gz	15.1
RF00059__2GDI_X__3D2G_A	query	RF00059__2GDI_X	RF00059__3D2G_A	26	27	s35	stack	stack	no	exact_class_preserved	exact_class_preserved	exact_class_preserved	23-24	23-24	23-24	yes	no	Rfam.seed.gz	15.1
RF00059__2GDI_X__3D2G_A	query	RF00059__2GDI_X	RF00059__3D2G_A	27	28	s35	stack	stack	no	exact_class_preserved	exact_class_preserved	exact_class_preserved	24-25	24-25	24-25	yes	no	Rfam.seed.gz	15.1
RF00059__2GDI_X__3D2G_A	query	RF00059__2GDI_X	RF00059__3D2G_A	28	61	ns35	stack	stack	no	no_annotated_target_pair	no_annotated_target_pair	no_annotated_target_pair	25-58	25-58	25-58	yes	no	Rfam.seed.gz	15.1
RF00059__2GDI_X__3D2G_A	query	RF00059__2GDI_X	RF00059__3D2G_A	28	29	s35	stack	stack	no	exact_class_preserved	exact_class_preserved	exact_class_preserved	25-26	25-26	25-26	yes	no	Rfam.seed.gz	15.1
RF00059__2GDI_X__3D2G_A	query	RF00059__2GDI_X	RF00059__3D2G_A	29	30	s35	stack	stack	no	exact_class_preserved	exact_class_preserved	exact_class_preserved	26-27	26-27	26-27	yes	no	Rfam.seed.gz	15.1
RF00059__2GDI_X__3D2G_A	query	RF00059__2GDI_X	RF00059__3D2G_A	30	31	s35	stack	stack	no	exact_class_preserved	exact_class_preserved	exact_class_preserved	27-28	27-28	27-28	yes	no	Rfam.seed.gz	15.1
RF00059__2GDI_X__3D2G_A	query	RF00059__2GDI_X	RF00059__3D2G_A	31	33	s33	stack	stack	no	exact_class_preserved	exact_class_preserved	exact_class_preserved	28-30	28-30	28-30	yes	no	Rfam.seed.gz	15.1
RF00059__2GDI_X__3D2G_A	query	RF00059__2GDI_X	RF00059__3D2G_A	31	34	s55	stack	stack	no	exact_class_preserved	exact_class_preserved	exact_class_preserved	28-31	28-31	28-31	yes	no	Rfam.seed.gz	15.1
RF00059__2GDI_X__3D2G_A	query	RF00059__2GDI_X	RF00059__3D2G_A	32	33	s35	stack	stack	no	exact_class_preserved	exact_class_preserved	exact_class_preserved	29-30	29-30	29-30	yes	no	Rfam.seed.gz	15.1
RF00059__2GDI_X__3D2G_A	query	RF00059__2GDI_X	RF00059__3D2G_A	35	36	s55	stack	stack	no	no_annotated_target_pair	no_annotated_target_pair	no_annotated_target_pair	32-33	32-33	32-33	yes	no	Rfam.seed.gz	15.1
RF00059__2GDI_X__3D2G_A	query	RF00059__2GDI_X	RF00059__3D2G_A	36	38	s35	stack	stack	no	no_annotated_target_pair	no_annotated_target_pair	no_annotated_target_pair	33-35	33-35	33-35	yes	no	Rfam.seed.gz	15.1
RF00059__2GDI_X__3D2G_A	query	RF00059__2GDI_X	RF00059__3D2G_A	38	39	s35	stack	stack	no	different_class	different_class	different_class	35-36	35-36	35-36	yes	no	Rfam.seed.gz	15.1
RF00059__2GDI_X__3D2G_A	query	RF00059__2GDI_X	RF00059__3D2G_A	39	40	s35	stack	stack	no	exact_class_preserved	exact_class_preserved	exact_class_preserved	36-37	36-37	36-37	yes	no	Rfam.seed.gz	15.1
RF00059__2GDI_X__3D2G_A	query	RF00059__2GDI_X	RF00059__3D2G_A	40	41	s35	stack	stack	no	exact_class_preserved	exact_class_preserved	exact_class_preserved	37-38	37-38	37-38	yes	no	Rfam.seed.gz	15.1
RF00059__2GDI_X__3D2G_A	query	RF00059__2GDI_X	RF00059__3D2G_A	41	42	s35	stack	stack	no	exact_class_preserved	exact_class_preserved	exact_class_preserved	38-39	38-39	38-39	yes	no	Rfam.seed.gz	15.1
RF00059__2GDI_X__3D2G_A	query	RF00059__2GDI_X	RF00059__3D2G_A	42	76	s35	stack	stack	no	no_annotated_target_pair	no_annotated_target_pair	no_annotated_target_pair	39-74	39-73	39-73	yes	no	Rfam.seed.gz	15.1
RF00059__2GDI_X__3D2G_A	query	RF00059__2GDI_X	RF00059__3D2G_A	43	44	s53	stack	stack	no	no_annotated_target_pair	no_annotated_target_pair	no_annotated_target_pair	40-41	40-41	40-41	yes	no	Rfam.seed.gz	15.1
RF00059__2GDI_X__3D2G_A	query	RF00059__2GDI_X	RF00059__3D2G_A	44	74	s53	stack	stack	no	no_annotated_target_pair	no_annotated_target_pair	no_annotated_target_pair	41-71	41-71	41-71	yes	no	Rfam.seed.gz	15.1
RF00059__2GDI_X__3D2G_A	query	RF00059__2GDI_X	RF00059__3D2G_A	45	70	s55	stack	stack	no	no_annotated_target_pair	no_annotated_target_pair	no_annotated_target_pair	42-67	42-67	42-67	yes	no	Rfam.seed.gz	15.1
RF00059__2GDI_X__3D2G_A	query	RF00059__2GDI_X	RF00059__3D2G_A	47	48	s35	stack	stack	no	exact_class_preserved	exact_class_preserved	exact_class_preserved	44-45	44-45	44-45	yes	no	Rfam.seed.gz	15.1
RF00059__2GDI_X__3D2G_A	query	RF00059__2GDI_X	RF00059__3D2G_A	47	75	s55	stack	stack	no	exact_class_preserved	exact_class_preserved	exact_class_preserved	44-72	44-72	44-72	yes	no	Rfam.seed.gz	15.1
RF00059__2GDI_X__3D2G_A	query	RF00059__2GDI_X	RF00059__3D2G_A	48	49	s35	stack	stack	no	exact_class_preserved	exact_class_preserved	exact_class_preserved	45-46	45-46	45-46	yes	no	Rfam.seed.gz	15.1
RF00059__2GDI_X__3D2G_A	query	RF00059__2GDI_X	RF00059__3D2G_A	48	74	s55	stack	stack	no	exact_class_preserved	exact_class_preserved	exact_class_preserved	45-71	45-71	45-71	yes	no	Rfam.seed.gz	15.1
RF00059__2GDI_X__3D2G_A	query	RF00059__2GDI_X	RF00059__3D2G_A	49	50	s35	stack	stack	no	exact_class_preserved	exact_class_preserved	exact_class_preserved	46-47	46-47	46-47	yes	no	Rfam.seed.gz	15.1
RF00059__2GDI_X__3D2G_A	query	RF00059__2GDI_X	RF00059__3D2G_A	49	73	s55	stack	stack	no	exact_class_preserved	exact_class_preserved	exact_class_preserved	46-70	46-70	46-70	yes	no	Rfam.seed.gz	15.1
RF00059__2GDI_X__3D2G_A	query	RF00059__2GDI_X	RF00059__3D2G_A	50	51	s35	stack	stack	no	exact_class_preserved	exact_class_preserved	exact_class_preserved	47-48	47-48	47-48	yes	no	Rfam.seed.gz	15.1
RF00059__2GDI_X__3D2G_A	query	RF00059__2GDI_X	RF00059__3D2G_A	50	72	s55	stack	stack	no	exact_class_preserved	exact_class_preserved	exact_class_preserved	47-69	47-69	47-69	yes	no	Rfam.seed.gz	15.1
RF00059__2GDI_X__3D2G_A	query	RF00059__2GDI_X	RF00059__3D2G_A	51	52	s33	stack	stack	no	exact_class_preserved	exact_class_preserved	exact_class_preserved	48-49	48-49	48-49	yes	no	Rfam.seed.gz	15.1
RF00059__2GDI_X__3D2G_A	query	RF00059__2GDI_X	RF00059__3D2G_A	51	71	s55	stack	stack	no	exact_class_preserved	exact_class_preserved	exact_class_preserved	48-68	48-68	48-68	yes	no	Rfam.seed.gz	15.1
RF00059__2GDI_X__3D2G_A	query	RF00059__2GDI_X	RF00059__3D2G_A	52	54	s55	stack	stack	no	exact_class_preserved	exact_class_preserved	exact_class_preserved	49-51	49-51	49-51	yes	no	Rfam.seed.gz	15.1
RF00059__2GDI_X__3D2G_A	query	RF00059__2GDI_X	RF00059__3D2G_A	54	55	s35	stack	stack	no	exact_class_preserved	exact_class_preserved	exact_class_preserved	51-52	51-52	51-52	yes	no	Rfam.seed.gz	15.1
RF00059__2GDI_X__3D2G_A	query	RF00059__2GDI_X	RF00059__3D2G_A	55	56	s35	stack	stack	no	exact_class_preserved	exact_class_preserved	exact_class_preserved	52-53	52-53	52-53	yes	no	Rfam.seed.gz	15.1
RF00059__2GDI_X__3D2G_A	query	RF00059__2GDI_X	RF00059__3D2G_A	55	67	s55	stack	stack	no	exact_class_preserved	exact_class_preserved	exact_class_preserved	52-64	52-64	52-64	yes	no	Rfam.seed.gz	15.1
RF00059__2GDI_X__3D2G_A	query	RF00059__2GDI_X	RF00059__3D2G_A	56	57	s35	stack	stack	no	exact_class_preserved	exact_class_preserved	exact_class_preserved	53-54	53-54	53-54	yes	no	Rfam.seed.gz	15.1
RF00059__2GDI_X__3D2G_A	query	RF00059__2GDI_X	RF00059__3D2G_A	56	66	s55	stack	stack	no	exact_class_preserved	exact_class_preserved	exact_class_preserved	53-63	53-63	53-63	yes	no	Rfam.seed.gz	15.1
RF00059__2GDI_X__3D2G_A	query	RF00059__2GDI_X	RF00059__3D2G_A	57	58	s35	stack	stack	no	exact_class_preserved	exact_class_preserved	exact_class_preserved	54-55	54-55	54-55	yes	no	Rfam.seed.gz	15.1
RF00059__2GDI_X__3D2G_A	query	RF00059__2GDI_X	RF00059__3D2G_A	57	65	s55	stack	stack	no	exact_class_preserved	exact_class_preserved	exact_class_preserved	54-62	54-62	54-62	yes	no	Rfam.seed.gz	15.1
RF00059__2GDI_X__3D2G_A	query	RF00059__2GDI_X	RF00059__3D2G_A	58	64	ns55	stack	stack	no	different_class	different_class	different_class	55-61	55-61	55-61	yes	no	Rfam.seed.gz	15.1
RF00059__2GDI_X__3D2G_A	query	RF00059__2GDI_X	RF00059__3D2G_A	58	59	s35	stack	stack	no	exact_class_preserved	exact_class_preserved	exact_class_preserved	55-56	55-56	55-56	yes	no	Rfam.seed.gz	15.1
RF00059__2GDI_X__3D2G_A	query	RF00059__2GDI_X	RF00059__3D2G_A	60	61	s35	stack	stack	no	exact_class_preserved	exact_class_preserved	exact_class_preserved	57-58	57-58	57-58	yes	no	Rfam.seed.gz	15.1
RF00059__2GDI_X__3D2G_A	query	RF00059__2GDI_X	RF00059__3D2G_A	61	62	s35	stack	stack	no	exact_class_preserved	exact_class_preserved	exact_class_preserved	58-59	58-59	58-59	yes	no	Rfam.seed.gz	15.1
RF00059__2GDI_X__3D2G_A	query	RF00059__2GDI_X	RF00059__3D2G_A	62	64	s35	stack	stack	no	exact_class_preserved	exact_class_preserved	exact_class_preserved	59-61	59-61	59-61	yes	no	Rfam.seed.gz	15.1
RF00059__2GDI_X__3D2G_A	query	RF00059__2GDI_X	RF00059__3D2G_A	64	65	s35	stack	stack	no	exact_class_preserved	exact_class_preserved	exact_class_preserved	61-62	61-62	61-62	yes	no	Rfam.seed.gz	15.1
RF00059__2GDI_X__3D2G_A	query	RF00059__2GDI_X	RF00059__3D2G_A	65	66	s35	stack	stack	no	exact_class_preserved	exact_class_preserved	exact_class_preserved	62-63	62-63	62-63	yes	no	Rfam.seed.gz	15.1
RF00059__2GDI_X__3D2G_A	query	RF00059__2GDI_X	RF00059__3D2G_A	66	67	s35	stack	stack	no	exact_class_preserved	exact_class_preserved	exact_class_preserved	63-64	63-64	63-64	yes	no	Rfam.seed.gz	15.1
RF00059__2GDI_X__3D2G_A	query	RF00059__2GDI_X	RF00059__3D2G_A	67	68	s35	stack	stack	no	exact_class_preserved	exact_class_preserved	exact_class_preserved	64-65	64-65	64-65	yes	no	Rfam.seed.gz	15.1
RF00059__2GDI_X__3D2G_A	query	RF00059__2GDI_X	RF00059__3D2G_A	68	69	s33	stack	stack	no	exact_class_preserved	exact_class_preserved	exact_class_preserved	65-66	65-66	65-66	yes	no	Rfam.seed.gz	15.1
RF00059__2GDI_X__3D2G_A	query	RF00059__2GDI_X	RF00059__3D2G_A	69	71	s55	stack	stack	no	exact_class_preserved	exact_class_preserved	exact_class_preserved	66-68	66-68	66-68	yes	no	Rfam.seed.gz	15.1
RF00059__2GDI_X__3D2G_A	query	RF00059__2GDI_X	RF00059__3D2G_A	71	72	s35	stack	stack	no	exact_class_preserved	exact_class_preserved	exact_class_preserved	68-69	68-69	68-69	yes	no	Rfam.seed.gz	15.1
RF00059__2GDI_X__3D2G_A	query	RF00059__2GDI_X	RF00059__3D2G_A	72	73	s35	stack	stack	no	exact_class_preserved	exact_class_preserved	exact_class_preserved	69-70	69-70	69-70	yes	no	Rfam.seed.gz	15.1
RF00059__2GDI_X__3D2G_A	query	RF00059__2GDI_X	RF00059__3D2G_A	73	74	s35	stack	stack	no	exact_class_preserved	exact_class_preserved	exact_class_preserved	70-71	70-71	70-71	yes	no	Rfam.seed.gz	15.1
RF00059__2GDI_X__3D2G_A	query	RF00059__2GDI_X	RF00059__3D2G_A	74	75	ns35	stack	stack	no	exact_class_preserved	exact_class_preserved	exact_class_preserved	71-72	71-72	71-72	yes	no	Rfam.seed.gz	15.1
RF00059__2GDI_X__3D2G_A	query	RF00059__2GDI_X	RF00059__3D2G_A	76	77	s35	stack	stack	no	no_annotated_target_pair	exact_class_preserved	exact_class_preserved	74-75	73-75	73-75	yes	no	Rfam.seed.gz	15.1
RF00059__2GDI_X__3D2G_A	query	RF00059__2GDI_X	RF00059__3D2G_A	77	78	s35	stack	stack	no	exact_class_preserved	exact_class_preserved	exact_class_preserved	75-76	75-76	75-76	yes	no	Rfam.seed.gz	15.1
RF00059__2GDI_X__3D2G_A	query	RF00059__2GDI_X	RF00059__3D2G_A	78	79	s35	stack	stack	yes	exact_class_preserved	exact_class_preserved	exact_class_preserved	76-77	76-77	76-77	yes	yes	Rfam.seed.gz	15.1
RF00059__2GDI_X__3D2G_A	query	RF00059__2GDI_X	RF00059__3D2G_A	79	80	s35	stack	stack	yes	unmapped_endpoint	unmapped_endpoint	unmapped_endpoint	77-None	77-None	77-None	no	yes	Rfam.seed.gz	15.1
RF00059__2GDI_X__3D2G_A	target	RF00059__3D2G_A	RF00059__2GDI_X	3	77	cWW	canonical	basepair	yes	exact_class_preserved	exact_class_preserved	exact_class_preserved	2-79	2-79	2-79	yes	yes	Rfam.seed.gz	15.1
RF00059__2GDI_X__3D2G_A	target	RF00059__3D2G_A	RF00059__2GDI_X	4	76	cWW	canonical	basepair	yes	exact_class_preserved	exact_class_preserved	exact_class_preserved	3-78	3-78	3-78	yes	no	Rfam.seed.gz	15.1
RF00059__2GDI_X__3D2G_A	target	RF00059__3D2G_A	RF00059__2GDI_X	5	75	cWW	canonical	basepair	yes	exact_class_preserved	exact_class_preserved	exact_class_preserved	4-77	4-77	4-77	yes	no	Rfam.seed.gz	15.1
RF00059__2GDI_X__3D2G_A	target	RF00059__3D2G_A	RF00059__2GDI_X	6	73	cWW	canonical	basepair	yes	unmapped_endpoint	exact_class_preserved	exact_class_preserved	5-None	5-76	5-76	no	no	Rfam.seed.gz	15.1
RF00059__2GDI_X__3D2G_A	target	RF00059__3D2G_A	RF00059__2GDI_X	7	39	cWW	canonical	basepair	yes	exact_class_preserved	exact_class_preserved	exact_class_preserved	6-42	6-42	6-42	yes	no	Rfam.seed.gz	15.1
RF00059__2GDI_X__3D2G_A	target	RF00059__3D2G_A	RF00059__2GDI_X	8	72	cSS	noncanonical	basepair	yes	exact_class_preserved	exact_class_preserved	exact_class_preserved	7-75	7-75	7-75	yes	no	Rfam.seed.gz	15.1
RF00059__2GDI_X__3D2G_A	target	RF00059__3D2G_A	RF00059__2GDI_X	8	38	cWW	canonical	basepair	yes	exact_class_preserved	exact_class_preserved	exact_class_preserved	7-41	7-41	7-41	yes	no	Rfam.seed.gz	15.1
RF00059__2GDI_X__3D2G_A	target	RF00059__3D2G_A	RF00059__2GDI_X	9	37	cWW	canonical	basepair	yes	exact_class_preserved	exact_class_preserved	exact_class_preserved	8-40	8-40	8-40	yes	no	Rfam.seed.gz	15.1
RF00059__2GDI_X__3D2G_A	target	RF00059__3D2G_A	RF00059__2GDI_X	9	44	tSS	noncanonical	basepair	yes	exact_class_preserved	exact_class_preserved	exact_class_preserved	8-47	8-47	8-47	yes	no	Rfam.seed.gz	15.1
RF00059__2GDI_X__3D2G_A	target	RF00059__3D2G_A	RF00059__2GDI_X	10	36	cWW	canonical	basepair	yes	exact_class_preserved	exact_class_preserved	exact_class_preserved	9-39	9-39	9-39	yes	no	Rfam.seed.gz	15.1
RF00059__2GDI_X__3D2G_A	target	RF00059__3D2G_A	RF00059__2GDI_X	11	30	tSS	noncanonical	basepair	yes	exact_class_preserved	exact_class_preserved	exact_class_preserved	10-33	10-33	10-33	yes	no	Rfam.seed.gz	15.1
RF00059__2GDI_X__3D2G_A	target	RF00059__3D2G_A	RF00059__2GDI_X	12	33	cWH	noncanonical	basepair	yes	different_class	different_class	different_class	11-36	11-36	11-36	yes	no	Rfam.seed.gz	15.1
RF00059__2GDI_X__3D2G_A	target	RF00059__3D2G_A	RF00059__2GDI_X	13	59	cSS	noncanonical	basepair	yes	exact_class_preserved	exact_class_preserved	exact_class_preserved	12-62	12-62	12-62	yes	no	Rfam.seed.gz	15.1
RF00059__2GDI_X__3D2G_A	target	RF00059__3D2G_A	RF00059__2GDI_X	13	26	cWW	canonical	basepair	yes	exact_class_preserved	exact_class_preserved	exact_class_preserved	12-29	12-29	12-29	yes	no	Rfam.seed.gz	15.1
RF00059__2GDI_X__3D2G_A	target	RF00059__3D2G_A	RF00059__2GDI_X	14	58	cSS	noncanonical	basepair	yes	exact_class_preserved	exact_class_preserved	exact_class_preserved	13-61	13-61	13-61	yes	no	Rfam.seed.gz	15.1
RF00059__2GDI_X__3D2G_A	target	RF00059__3D2G_A	RF00059__2GDI_X	14	25	cWW	canonical	basepair	yes	exact_class_preserved	exact_class_preserved	exact_class_preserved	13-28	13-28	13-28	yes	no	Rfam.seed.gz	15.1
RF00059__2GDI_X__3D2G_A	target	RF00059__3D2G_A	RF00059__2GDI_X	15	24	cWW	wobble	basepair	yes	exact_class_preserved	exact_class_preserved	exact_class_preserved	14-27	14-27	14-27	yes	no	Rfam.seed.gz	15.1
RF00059__2GDI_X__3D2G_A	target	RF00059__3D2G_A	RF00059__2GDI_X	16	23	cWW	canonical	basepair	yes	no_annotated_target_pair	no_annotated_target_pair	no_annotated_target_pair	15-26	15-26	15-26	yes	no	Rfam.seed.gz	15.1
RF00059__2GDI_X__3D2G_A	target	RF00059__3D2G_A	RF00059__2GDI_X	17	22	cWW	canonical	basepair	yes	no_annotated_target_pair	no_annotated_target_pair	no_annotated_target_pair	16-25	16-25	16-25	yes	no	Rfam.seed.gz	15.1
RF00059__2GDI_X__3D2G_A	target	RF00059__3D2G_A	RF00059__2GDI_X	19	21	cWH	noncanonical	basepair	yes	different_class	no_annotated_target_pair	no_annotated_target_pair	18-24	22-24	22-24	yes	no	Rfam.seed.gz	15.1
RF00059__2GDI_X__3D2G_A	target	RF00059__3D2G_A	RF00059__2GDI_X	27	31	tWH	noncanonical	basepair	no	exact_class_preserved	exact_class_preserved	exact_class_preserved	30-34	30-34	30-34	yes	no	Rfam.seed.gz	15.1
RF00059__2GDI_X__3D2G_A	target	RF00059__3D2G_A	RF00059__2GDI_X	29	36	cSS	noncanonical	basepair	no	exact_class_preserved	exact_class_preserved	exact_class_preserved	32-39	32-39	32-39	yes	no	Rfam.seed.gz	15.1
RF00059__2GDI_X__3D2G_A	target	RF00059__3D2G_A	RF00059__2GDI_X	37	44	cSS	noncanonical	basepair	no	no_annotated_target_pair	no_annotated_target_pair	no_annotated_target_pair	40-47	40-47	40-47	yes	no	Rfam.seed.gz	15.1
RF00059__2GDI_X__3D2G_A	target	RF00059__3D2G_A	RF00059__2GDI_X	38	72	tSS	noncanonical	basepair	no	exact_class_preserved	exact_class_preserved	exact_class_preserved	41-75	41-75	41-75	yes	no	Rfam.seed.gz	15.1
RF00059__2GDI_X__3D2G_A	target	RF00059__3D2G_A	RF00059__2GDI_X	42	72	tSH	noncanonical	basepair	no	no_annotated_target_pair	no_annotated_target_pair	no_annotated_target_pair	45-75	45-75	45-75	yes	no	Rfam.seed.gz	15.1
RF00059__2GDI_X__3D2G_A	target	RF00059__3D2G_A	RF00059__2GDI_X	43	68	tWH	noncanonical	basepair	no	no_annotated_target_pair	no_annotated_target_pair	no_annotated_target_pair	46-71	46-71	46-71	yes	no	Rfam.seed.gz	15.1
RF00059__2GDI_X__3D2G_A	target	RF00059__3D2G_A	RF00059__2GDI_X	44	71	tHS	noncanonical	basepair	no	exact_class_preserved	exact_class_preserved	exact_class_preserved	47-74	47-74	47-74	yes	no	Rfam.seed.gz	15.1
RF00059__2GDI_X__3D2G_A	target	RF00059__3D2G_A	RF00059__2GDI_X	45	70	cWW	canonical	basepair	no	exact_class_preserved	exact_class_preserved	exact_class_preserved	48-73	48-73	48-73	yes	no	Rfam.seed.gz	15.1
RF00059__2GDI_X__3D2G_A	target	RF00059__3D2G_A	RF00059__2GDI_X	46	69	cWW	canonical	basepair	no	exact_class_preserved	exact_class_preserved	exact_class_preserved	49-72	49-72	49-72	yes	no	Rfam.seed.gz	15.1
RF00059__2GDI_X__3D2G_A	target	RF00059__3D2G_A	RF00059__2GDI_X	47	68	cWW	canonical	basepair	no	exact_class_preserved	exact_class_preserved	exact_class_preserved	50-71	50-71	50-71	yes	no	Rfam.seed.gz	15.1
RF00059__2GDI_X__3D2G_A	target	RF00059__3D2G_A	RF00059__2GDI_X	48	66	cWH	noncanonical	basepair	no	exact_class_preserved	exact_class_preserved	exact_class_preserved	51-69	51-69	51-69	yes	no	Rfam.seed.gz	15.1
RF00059__2GDI_X__3D2G_A	target	RF00059__3D2G_A	RF00059__2GDI_X	51	64	cWW	canonical	basepair	no	exact_class_preserved	exact_class_preserved	exact_class_preserved	54-67	54-67	54-67	yes	no	Rfam.seed.gz	15.1
RF00059__2GDI_X__3D2G_A	target	RF00059__3D2G_A	RF00059__2GDI_X	52	63	cWW	canonical	basepair	no	exact_class_preserved	exact_class_preserved	exact_class_preserved	55-66	55-66	55-66	yes	no	Rfam.seed.gz	15.1
RF00059__2GDI_X__3D2G_A	target	RF00059__3D2G_A	RF00059__2GDI_X	53	62	cWW	canonical	basepair	no	exact_class_preserved	exact_class_preserved	exact_class_preserved	56-65	56-65	56-65	yes	no	Rfam.seed.gz	15.1
RF00059__2GDI_X__3D2G_A	target	RF00059__3D2G_A	RF00059__2GDI_X	54	61	cWW	canonical	basepair	no	exact_class_preserved	exact_class_preserved	exact_class_preserved	57-64	57-64	57-64	yes	no	Rfam.seed.gz	15.1
RF00059__2GDI_X__3D2G_A	target	RF00059__3D2G_A	RF00059__2GDI_X	1	2	s35	stack	stack	yes	unmapped_endpoint	unmapped_endpoint	unmapped_endpoint	None-1	None-1	None-1	no	yes	Rfam.seed.gz	15.1
RF00059__2GDI_X__3D2G_A	target	RF00059__3D2G_A	RF00059__2GDI_X	2	3	s35	stack	stack	yes	no_annotated_target_pair	no_annotated_target_pair	no_annotated_target_pair	1-2	1-2	1-2	yes	yes	Rfam.seed.gz	15.1
RF00059__2GDI_X__3D2G_A	target	RF00059__3D2G_A	RF00059__2GDI_X	3	4	s35	stack	stack	yes	exact_class_preserved	exact_class_preserved	exact_class_preserved	2-3	2-3	2-3	yes	no	Rfam.seed.gz	15.1
RF00059__2GDI_X__3D2G_A	target	RF00059__3D2G_A	RF00059__2GDI_X	4	5	s35	stack	stack	yes	exact_class_preserved	exact_class_preserved	exact_class_preserved	3-4	3-4	3-4	yes	no	Rfam.seed.gz	15.1
RF00059__2GDI_X__3D2G_A	target	RF00059__3D2G_A	RF00059__2GDI_X	5	6	s35	stack	stack	yes	exact_class_preserved	exact_class_preserved	exact_class_preserved	4-5	4-5	4-5	yes	no	Rfam.seed.gz	15.1
RF00059__2GDI_X__3D2G_A	target	RF00059__3D2G_A	RF00059__2GDI_X	6	7	s35	stack	stack	yes	exact_class_preserved	exact_class_preserved	exact_class_preserved	5-6	5-6	5-6	yes	no	Rfam.seed.gz	15.1
RF00059__2GDI_X__3D2G_A	target	RF00059__3D2G_A	RF00059__2GDI_X	6	75	s55	stack	stack	yes	different_class	different_class	different_class	5-77	5-77	5-77	yes	no	Rfam.seed.gz	15.1
RF00059__2GDI_X__3D2G_A	target	RF00059__3D2G_A	RF00059__2GDI_X	7	8	s35	stack	stack	yes	exact_class_preserved	exact_class_preserved	exact_class_preserved	6-7	6-7	6-7	yes	no	Rfam.seed.gz	15.1
RF00059__2GDI_X__3D2G_A	target	RF00059__3D2G_A	RF00059__2GDI_X	7	73	s55	stack	stack	yes	unmapped_endpoint	different_class	different_class	6-None	6-76	6-76	no	no	Rfam.seed.gz	15.1
RF00059__2GDI_X__3D2G_A	target	RF00059__3D2G_A	RF00059__2GDI_X	8	9	s35	stack	stack	yes	exact_class_preserved	exact_class_preserved	exact_class_preserved	7-8	7-8	7-8	yes	no	Rfam.seed.gz	15.1
RF00059__2GDI_X__3D2G_A	target	RF00059__3D2G_A	RF00059__2GDI_X	8	39	s55	stack	stack	yes	exact_class_preserved	exact_class_preserved	exact_class_preserved	7-42	7-42	7-42	yes	no	Rfam.seed.gz	15.1
RF00059__2GDI_X__3D2G_A	target	RF00059__3D2G_A	RF00059__2GDI_X	9	10	s35	stack	stack	yes	exact_class_preserved	exact_class_preserved	exact_class_preserved	8-9	8-9	8-9	yes	no	Rfam.seed.gz	15.1
RF00059__2GDI_X__3D2G_A	target	RF00059__3D2G_A	RF00059__2GDI_X	9	38	s55	stack	stack	yes	exact_class_preserved	exact_class_preserved	exact_class_preserved	8-41	8-41	8-41	yes	no	Rfam.seed.gz	15.1
RF00059__2GDI_X__3D2G_A	target	RF00059__3D2G_A	RF00059__2GDI_X	10	11	s35	stack	stack	yes	exact_class_preserved	exact_class_preserved	exact_class_preserved	9-10	9-10	9-10	yes	no	Rfam.seed.gz	15.1
RF00059__2GDI_X__3D2G_A	target	RF00059__3D2G_A	RF00059__2GDI_X	10	37	s55	stack	stack	yes	exact_class_preserved	exact_class_preserved	exact_class_preserved	9-40	9-40	9-40	yes	no	Rfam.seed.gz	15.1
RF00059__2GDI_X__3D2G_A	target	RF00059__3D2G_A	RF00059__2GDI_X	11	12	s35	stack	stack	yes	exact_class_preserved	exact_class_preserved	exact_class_preserved	10-11	10-11	10-11	yes	no	Rfam.seed.gz	15.1
RF00059__2GDI_X__3D2G_A	target	RF00059__3D2G_A	RF00059__2GDI_X	12	32	s33	stack	stack	yes	different_class	different_class	different_class	11-35	11-35	11-35	yes	no	Rfam.seed.gz	15.1
RF00059__2GDI_X__3D2G_A	target	RF00059__3D2G_A	RF00059__2GDI_X	13	27	ns55	stack	stack	yes	exact_class_preserved	exact_class_preserved	exact_class_preserved	12-30	12-30	12-30	yes	no	Rfam.seed.gz	15.1
RF00059__2GDI_X__3D2G_A	target	RF00059__3D2G_A	RF00059__2GDI_X	13	14	s35	stack	stack	yes	exact_class_preserved	exact_class_preserved	exact_class_preserved	12-13	12-13	12-13	yes	no	Rfam.seed.gz	15.1
RF00059__2GDI_X__3D2G_A	target	RF00059__3D2G_A	RF00059__2GDI_X	13	31	s53	stack	stack	yes	exact_class_preserved	exact_class_preserved	exact_class_preserved	12-34	12-34	12-34	yes	no	Rfam.seed.gz	15.1
RF00059__2GDI_X__3D2G_A	target	RF00059__3D2G_A	RF00059__2GDI_X	14	15	s35	stack	stack	yes	exact_class_preserved	exact_class_preserved	exact_class_preserved	13-14	13-14	13-14	yes	no	Rfam.seed.gz	15.1
RF00059__2GDI_X__3D2G_A	target	RF00059__3D2G_A	RF00059__2GDI_X	15	16	s35	stack	stack	yes	no_annotated_target_pair	no_annotated_target_pair	no_annotated_target_pair	14-15	14-15	14-15	yes	no	Rfam.seed.gz	15.1
RF00059__2GDI_X__3D2G_A	target	RF00059__3D2G_A	RF00059__2GDI_X	15	25	s55	stack	stack	yes	exact_class_preserved	exact_class_preserved	exact_class_preserved	14-28	14-28	14-28	yes	no	Rfam.seed.gz	15.1
RF00059__2GDI_X__3D2G_A	target	RF00059__3D2G_A	RF00059__2GDI_X	16	17	s35	stack	stack	yes	no_annotated_target_pair	no_annotated_target_pair	no_annotated_target_pair	15-16	15-16	15-16	yes	no	Rfam.seed.gz	15.1
RF00059__2GDI_X__3D2G_A	target	RF00059__3D2G_A	RF00059__2GDI_X	16	24	s55	stack	stack	yes	no_annotated_target_pair	no_annotated_target_pair	no_annotated_target_pair	15-27	15-27	15-27	yes	no	Rfam.seed.gz	15.1
RF00059__2GDI_X__3D2G_A	target	RF00059__3D2G_A	RF00059__2GDI_X	17	21	ns33	stack	stack	yes	no_annotated_target_pair	no_annotated_target_pair	no_annotated_target_pair	16-24	16-24	16-24	yes	no	Rfam.seed.gz	15.1
RF00059__2GDI_X__3D2G_A	target	RF00059__3D2G_A	RF00059__2GDI_X	17	19	s33	stack	stack	yes	no_annotated_target_pair	no_annotated_target_pair	no_annotated_target_pair	16-18	16-22	16-22	yes	no	Rfam.seed.gz	15.1
RF00059__2GDI_X__3D2G_A	target	RF00059__3D2G_A	RF00059__2GDI_X	17	23	s55	stack	stack	yes	different_class	different_class	different_class	16-26	16-26	16-26	yes	no	Rfam.seed.gz	15.1
RF00059__2GDI_X__3D2G_A	target	RF00059__3D2G_A	RF00059__2GDI_X	19	20	s53	stack	stack	yes	different_class	different_class	different_class	18-19	22-23	22-23	yes	no	Rfam.seed.gz	15.1
RF00059__2GDI_X__3D2G_A	target	RF00059__3D2G_A	RF00059__2GDI_X	20	21	s35	stack	stack	yes	different_class	exact_class_preserved	exact_class_preserved	19-24	23-24	23-24	yes	no	Rfam.seed.gz	15.1
RF00059__2GDI_X__3D2G_A	target	RF00059__3D2G_A	RF00059__2GDI_X	21	22	s35	stack	stack	yes	exact_class_preserved	exact_class_preserved	exact_class_preserved	24-25	24-25	24-25	yes	no	Rfam.seed.gz	15.1
RF00059__2GDI_X__3D2G_A	target	RF00059__3D2G_A	RF00059__2GDI_X	22	23	s35	stack	stack	no	exact_class_preserved	exact_class_preserved	exact_class_preserved	25-26	25-26	25-26	yes	no	Rfam.seed.gz	15.1
RF00059__2GDI_X__3D2G_A	target	RF00059__3D2G_A	RF00059__2GDI_X	23	24	s35	stack	stack	no	exact_class_preserved	exact_class_preserved	exact_class_preserved	26-27	26-27	26-27	yes	no	Rfam.seed.gz	15.1
RF00059__2GDI_X__3D2G_A	target	RF00059__3D2G_A	RF00059__2GDI_X	24	25	s35	stack	stack	no	exact_class_preserved	exact_class_preserved	exact_class_preserved	27-28	27-28	27-28	yes	no	Rfam.seed.gz	15.1
RF00059__2GDI_X__3D2G_A	target	RF00059__3D2G_A	RF00059__2GDI_X	25	26	s35	stack	stack	no	exact_class_preserved	exact_class_preserved	exact_class_preserved	28-29	28-29	28-29	yes	no	Rfam.seed.gz	15.1
RF00059__2GDI_X__3D2G_A	target	RF00059__3D2G_A	RF00059__2GDI_X	26	27	s35	stack	stack	no	exact_class_preserved	exact_class_preserved	exact_class_preserved	29-30	29-30	29-30	yes	no	Rfam.seed.gz	15.1
RF00059__2GDI_X__3D2G_A	target	RF00059__3D2G_A	RF00059__2GDI_X	27	28	s35	stack	stack	no	exact_class_preserved	exact_class_preserved	exact_class_preserved	30-31	30-31	30-31	yes	no	Rfam.seed.gz	15.1
RF00059__2GDI_X__3D2G_A	target	RF00059__3D2G_A	RF00059__2GDI_X	28	30	s33	stack	stack	no	exact_class_preserved	exact_class_preserved	exact_class_preserved	31-33	31-33	31-33	yes	no	Rfam.seed.gz	15.1
RF00059__2GDI_X__3D2G_A	target	RF00059__3D2G_A	RF00059__2GDI_X	28	31	s55	stack	stack	no	exact_class_preserved	exact_class_preserved	exact_class_preserved	31-34	31-34	31-34	yes	no	Rfam.seed.gz	15.1
RF00059__2GDI_X__3D2G_A	target	RF00059__3D2G_A	RF00059__2GDI_X	29	30	s35	stack	stack	no	exact_class_preserved	exact_class_preserved	exact_class_preserved	32-33	32-33	32-33	yes	no	Rfam.seed.gz	15.1
RF00059__2GDI_X__3D2G_A	target	RF00059__3D2G_A	RF00059__2GDI_X	33	34	s53	stack	stack	no	no_annotated_target_pair	no_annotated_target_pair	no_annotated_target_pair	36-37	36-37	36-37	yes	no	Rfam.seed.gz	15.1
RF00059__2GDI_X__3D2G_A	target	RF00059__3D2G_A	RF00059__2GDI_X	34	36	s55	stack	stack	no	no_annotated_target_pair	no_annotated_target_pair	no_annotated_target_pair	37-39	37-39	37-39	yes	no	Rfam.seed.gz	15.1
RF00059__2GDI_X__3D2G_A	target	RF00059__3D2G_A	RF00059__2GDI_X	35	36	ns33	stack	stack	no	different_class	different_class	different_class	38-39	38-39	38-39	yes	no	Rfam.seed.gz	15.1
RF00059__2GDI_X__3D2G_A	target	RF00059__3D2G_A	RF00059__2GDI_X	36	37	s35	stack	stack	no	exact_class_preserved	exact_class_preserved	exact_class_preserved	39-40	39-40	39-40	yes	no	Rfam.seed.gz	15.1
RF00059__2GDI_X__3D2G_A	target	RF00059__3D2G_A	RF00059__2GDI_X	37	38	s35	stack	stack	no	exact_class_preserved	exact_class_preserved	exact_class_preserved	40-41	40-41	40-41	yes	no	Rfam.seed.gz	15.1
RF00059__2GDI_X__3D2G_A	target	RF00059__3D2G_A	RF00059__2GDI_X	38	39	s35	stack	stack	no	exact_class_preserved	exact_class_preserved	exact_class_preserved	41-42	41-42	41-42	yes	no	Rfam.seed.gz	15.1
RF00059__2GDI_X__3D2G_A	target	RF00059__3D2G_A	RF00059__2GDI_X	40	72	ns53	stack	stack	no	no_annotated_target_pair	no_annotated_target_pair	no_annotated_target_pair	43-75	43-75	43-75	yes	no	Rfam.seed.gz	15.1
RF00059__2GDI_X__3D2G_A	target	RF00059__3D2G_A	RF00059__2GDI_X	40	42	s55	stack	stack	no	no_annotated_target_pair	no_annotated_target_pair	no_annotated_target_pair	43-45	43-45	43-45	yes	no	Rfam.seed.gz	15.1
RF00059__2GDI_X__3D2G_A	target	RF00059__3D2G_A	RF00059__2GDI_X	42	71	s33	stack	stack	no	no_annotated_target_pair	no_annotated_target_pair	no_annotated_target_pair	45-74	45-74	45-74	yes	no	Rfam.seed.gz	15.1
RF00059__2GDI_X__3D2G_A	target	RF00059__3D2G_A	RF00059__2GDI_X	43	66	s35	stack	stack	no	no_annotated_target_pair	no_annotated_target_pair	no_annotated_target_pair	46-69	46-69	46-69	yes	no	Rfam.seed.gz	15.1
RF00059__2GDI_X__3D2G_A	target	RF00059__3D2G_A	RF00059__2GDI_X	44	45	s35	stack	stack	no	exact_class_preserved	exact_class_preserved	exact_class_preserved	47-48	47-48	47-48	yes	no	Rfam.seed.gz	15.1
RF00059__2GDI_X__3D2G_A	target	RF00059__3D2G_A	RF00059__2GDI_X	44	72	s55	stack	stack	no	exact_class_preserved	exact_class_preserved	exact_class_preserved	47-75	47-75	47-75	yes	no	Rfam.seed.gz	15.1
RF00059__2GDI_X__3D2G_A	target	RF00059__3D2G_A	RF00059__2GDI_X	45	46	s35	stack	stack	no	exact_class_preserved	exact_class_preserved	exact_class_preserved	48-49	48-49	48-49	yes	no	Rfam.seed.gz	15.1
RF00059__2GDI_X__3D2G_A	target	RF00059__3D2G_A	RF00059__2GDI_X	45	71	s55	stack	stack	no	exact_class_preserved	exact_class_preserved	exact_class_preserved	48-74	48-74	48-74	yes	no	Rfam.seed.gz	15.1
RF00059__2GDI_X__3D2G_A	target	RF00059__3D2G_A	RF00059__2GDI_X	46	47	s35	stack	stack	no	exact_class_preserved	exact_class_preserved	exact_class_preserved	49-50	49-50	49-50	yes	no	Rfam.seed.gz	15.1
RF00059__2GDI_X__3D2G_A	target	RF00059__3D2G_A	RF00059__2GDI_X	46	70	s55	stack	stack	no	exact_class_preserved	exact_class_preserved	exact_class_preserved	49-73	49-73	49-73	yes	no	Rfam.seed.gz	15.1
RF00059__2GDI_X__3D2G_A	target	RF00059__3D2G_A	RF00059__2GDI_X	47	48	s35	stack	stack	no	exact_class_preserved	exact_class_preserved	exact_class_preserved	50-51	50-51	50-51	yes	no	Rfam.seed.gz	15.1
RF00059__2GDI_X__3D2G_A	target	RF00059__3D2G_A	RF00059__2GDI_X	47	69	s55	stack	stack	no	exact_class_preserved	exact_class_preserved	exact_class_preserved	50-72	50-72	50-72	yes	no	Rfam.seed.gz	15.1
RF00059__2GDI_X__3D2G_A	target	RF00059__3D2G_A	RF00059__2GDI_X	48	49	s33	stack	stack	no	exact_class_preserved	exact_class_preserved	exact_class_preserved	51-52	51-52	51-52	yes	no	Rfam.seed.gz	15.1
RF00059__2GDI_X__3D2G_A	target	RF00059__3D2G_A	RF00059__2GDI_X	48	68	s55	stack	stack	no	exact_class_preserved	exact_class_preserved	exact_class_preserved	51-71	51-71	51-71	yes	no	Rfam.seed.gz	15.1
RF00059__2GDI_X__3D2G_A	target	RF00059__3D2G_A	RF00059__2GDI_X	49	51	s55	stack	stack	no	exact_class_preserved	exact_class_preserved	exact_class_preserved	52-54	52-54	52-54	yes	no	Rfam.seed.gz	15.1
RF00059__2GDI_X__3D2G_A	target	RF00059__3D2G_A	RF00059__2GDI_X	51	52	s35	stack	stack	no	exact_class_preserved	exact_class_preserved	exact_class_preserved	54-55	54-55	54-55	yes	no	Rfam.seed.gz	15.1
RF00059__2GDI_X__3D2G_A	target	RF00059__3D2G_A	RF00059__2GDI_X	52	53	s35	stack	stack	no	exact_class_preserved	exact_class_preserved	exact_class_preserved	55-56	55-56	55-56	yes	no	Rfam.seed.gz	15.1
RF00059__2GDI_X__3D2G_A	target	RF00059__3D2G_A	RF00059__2GDI_X	52	64	s55	stack	stack	no	exact_class_preserved	exact_class_preserved	exact_class_preserved	55-67	55-67	55-67	yes	no	Rfam.seed.gz	15.1
RF00059__2GDI_X__3D2G_A	target	RF00059__3D2G_A	RF00059__2GDI_X	53	54	s35	stack	stack	no	exact_class_preserved	exact_class_preserved	exact_class_preserved	56-57	56-57	56-57	yes	no	Rfam.seed.gz	15.1
RF00059__2GDI_X__3D2G_A	target	RF00059__3D2G_A	RF00059__2GDI_X	53	63	s55	stack	stack	no	exact_class_preserved	exact_class_preserved	exact_class_preserved	56-66	56-66	56-66	yes	no	Rfam.seed.gz	15.1
RF00059__2GDI_X__3D2G_A	target	RF00059__3D2G_A	RF00059__2GDI_X	54	55	s35	stack	stack	no	exact_class_preserved	exact_class_preserved	exact_class_preserved	57-58	57-58	57-58	yes	no	Rfam.seed.gz	15.1
RF00059__2GDI_X__3D2G_A	target	RF00059__3D2G_A	RF00059__2GDI_X	54	62	s55	stack	stack	no	exact_class_preserved	exact_class_preserved	exact_class_preserved	57-65	57-65	57-65	yes	no	Rfam.seed.gz	15.1
RF00059__2GDI_X__3D2G_A	target	RF00059__3D2G_A	RF00059__2GDI_X	55	56	s35	stack	stack	no	exact_class_preserved	exact_class_preserved	exact_class_preserved	58-59	58-59	58-59	yes	no	Rfam.seed.gz	15.1
RF00059__2GDI_X__3D2G_A	target	RF00059__3D2G_A	RF00059__2GDI_X	55	61	s55	stack	stack	no	different_class	different_class	different_class	58-64	58-64	58-64	yes	no	Rfam.seed.gz	15.1
RF00059__2GDI_X__3D2G_A	target	RF00059__3D2G_A	RF00059__2GDI_X	57	58	s35	stack	stack	no	exact_class_preserved	exact_class_preserved	exact_class_preserved	60-61	60-61	60-61	yes	no	Rfam.seed.gz	15.1
RF00059__2GDI_X__3D2G_A	target	RF00059__3D2G_A	RF00059__2GDI_X	58	59	s35	stack	stack	no	exact_class_preserved	exact_class_preserved	exact_class_preserved	61-62	61-62	61-62	yes	no	Rfam.seed.gz	15.1
RF00059__2GDI_X__3D2G_A	target	RF00059__3D2G_A	RF00059__2GDI_X	59	61	s35	stack	stack	no	exact_class_preserved	exact_class_preserved	exact_class_preserved	62-64	62-64	62-64	yes	no	Rfam.seed.gz	15.1
RF00059__2GDI_X__3D2G_A	target	RF00059__3D2G_A	RF00059__2GDI_X	61	62	s35	stack	stack	no	exact_class_preserved	exact_class_preserved	exact_class_preserved	64-65	64-65	64-65	yes	no	Rfam.seed.gz	15.1
RF00059__2GDI_X__3D2G_A	target	RF00059__3D2G_A	RF00059__2GDI_X	62	63	s35	stack	stack	no	exact_class_preserved	exact_class_preserved	exact_class_preserved	65-66	65-66	65-66	yes	no	Rfam.seed.gz	15.1
RF00059__2GDI_X__3D2G_A	target	RF00059__3D2G_A	RF00059__2GDI_X	63	64	s35	stack	stack	no	exact_class_preserved	exact_class_preserved	exact_class_preserved	66-67	66-67	66-67	yes	no	Rfam.seed.gz	15.1
RF00059__2GDI_X__3D2G_A	target	RF00059__3D2G_A	RF00059__2GDI_X	64	65	s35	stack	stack	no	exact_class_preserved	exact_class_preserved	exact_class_preserved	67-68	67-68	67-68	yes	no	Rfam.seed.gz	15.1
RF00059__2GDI_X__3D2G_A	target	RF00059__3D2G_A	RF00059__2GDI_X	65	66	s33	stack	stack	no	exact_class_preserved	exact_class_preserved	exact_class_preserved	68-69	68-69	68-69	yes	no	Rfam.seed.gz	15.1
RF00059__2GDI_X__3D2G_A	target	RF00059__3D2G_A	RF00059__2GDI_X	66	68	s55	stack	stack	no	exact_class_preserved	exact_class_preserved	exact_class_preserved	69-71	69-71	69-71	yes	no	Rfam.seed.gz	15.1
RF00059__2GDI_X__3D2G_A	target	RF00059__3D2G_A	RF00059__2GDI_X	68	69	s35	stack	stack	no	exact_class_preserved	exact_class_preserved	exact_class_preserved	71-72	71-72	71-72	yes	no	Rfam.seed.gz	15.1
RF00059__2GDI_X__3D2G_A	target	RF00059__3D2G_A	RF00059__2GDI_X	69	70	s35	stack	stack	no	exact_class_preserved	exact_class_preserved	exact_class_preserved	72-73	72-73	72-73	yes	no	Rfam.seed.gz	15.1
RF00059__2GDI_X__3D2G_A	target	RF00059__3D2G_A	RF00059__2GDI_X	70	71	s35	stack	stack	no	exact_class_preserved	exact_class_preserved	exact_class_preserved	73-74	73-74	73-74	yes	no	Rfam.seed.gz	15.1
RF00059__2GDI_X__3D2G_A	target	RF00059__3D2G_A	RF00059__2GDI_X	71	72	ns35	stack	stack	no	exact_class_preserved	exact_class_preserved	exact_class_preserved	74-75	74-75	74-75	yes	no	Rfam.seed.gz	15.1
RF00059__2GDI_X__3D2G_A	target	RF00059__3D2G_A	RF00059__2GDI_X	73	75	s35	stack	stack	no	unmapped_endpoint	exact_class_preserved	exact_class_preserved	None-77	76-77	76-77	no	no	Rfam.seed.gz	15.1
RF00059__2GDI_X__3D2G_A	target	RF00059__3D2G_A	RF00059__2GDI_X	75	76	s35	stack	stack	no	exact_class_preserved	exact_class_preserved	exact_class_preserved	77-78	77-78	77-78	yes	no	Rfam.seed.gz	15.1
RF00059__2GDI_X__3D2G_A	target	RF00059__3D2G_A	RF00059__2GDI_X	76	77	s35	stack	stack	yes	exact_class_preserved	exact_class_preserved	exact_class_preserved	78-79	78-79	78-79	yes	yes	Rfam.seed.gz	15.1
RF00162__2GIS_A__4KQY_A	query	RF00162__2GIS_A	RF00162__4KQY_A	1	93	cWW	canonical	basepair	yes	no_annotated_target_pair	unmapped_endpoint	unmapped_endpoint	1-119	None-None	None-None	no	no	Rfam.seed.gz	15.1
RF00162__2GIS_A__4KQY_A	query	RF00162__2GIS_A	RF00162__4KQY_A	2	92	cWW	canonical	basepair	yes	exact_class_preserved	unmapped_endpoint	unmapped_endpoint	3-117	None-None	None-None	no	no	Rfam.seed.gz	15.1
RF00162__2GIS_A__4KQY_A	query	RF00162__2GIS_A	RF00162__4KQY_A	3	91	cWW	canonical	basepair	no	exact_class_preserved	unmapped_endpoint	unmapped_endpoint	4-116	None-None	None-None	no	no	Rfam.seed.gz	15.1
RF00162__2GIS_A__4KQY_A	query	RF00162__2GIS_A	RF00162__4KQY_A	4	90	cWW	canonical	basepair	no	exact_class_preserved	unmapped_endpoint	unmapped_endpoint	5-115	None-None	None-None	no	no	Rfam.seed.gz	15.1
RF00162__2GIS_A__4KQY_A	query	RF00162__2GIS_A	RF00162__4KQY_A	5	89	cWW	wobble	basepair	no	exact_class_preserved	unmapped_endpoint	unmapped_endpoint	6-114	None-None	None-None	no	no	Rfam.seed.gz	15.1
RF00162__2GIS_A__4KQY_A	query	RF00162__2GIS_A	RF00162__4KQY_A	6	88	cWW	canonical	basepair	no	exact_class_preserved	unmapped_endpoint	unmapped_endpoint	7-113	None-None	None-None	no	no	Rfam.seed.gz	15.1
RF00162__2GIS_A__4KQY_A	query	RF00162__2GIS_A	RF00162__4KQY_A	7	87	cWW	canonical	basepair	no	exact_class_preserved	unmapped_endpoint	unmapped_endpoint	8-112	None-None	None-None	no	no	Rfam.seed.gz	15.1
RF00162__2GIS_A__4KQY_A	query	RF00162__2GIS_A	RF00162__4KQY_A	8	86	cWW	canonical	basepair	no	exact_class_preserved	unmapped_endpoint	unmapped_endpoint	9-111	None-None	None-None	no	no	Rfam.seed.gz	15.1
RF00162__2GIS_A__4KQY_A	query	RF00162__2GIS_A	RF00162__4KQY_A	12	43	cSS	noncanonical	basepair	no	exact_class_preserved	unmapped_endpoint	unmapped_endpoint	13-45	None-53	None-53	no	no	Rfam.seed.gz	15.1
RF00162__2GIS_A__4KQY_A	query	RF00162__2GIS_A	RF00162__4KQY_A	12	59	tSS	noncanonical	basepair	no	exact_class_preserved	unmapped_endpoint	unmapped_endpoint	13-81	None-72	None-72	no	no	Rfam.seed.gz	15.1
RF00162__2GIS_A__4KQY_A	query	RF00162__2GIS_A	RF00162__4KQY_A	13	41	cWW	canonical	basepair	no	exact_class_preserved	unmapped_endpoint	unmapped_endpoint	14-43	None-50	None-50	no	no	Rfam.seed.gz	15.1
RF00162__2GIS_A__4KQY_A	query	RF00162__2GIS_A	RF00162__4KQY_A	15	40	cWW	canonical	basepair	no	no_annotated_target_pair	unmapped_endpoint	unmapped_endpoint	16-41	None-49	None-49	no	no	Rfam.seed.gz	15.1
RF00162__2GIS_A__4KQY_A	query	RF00162__2GIS_A	RF00162__4KQY_A	16	39	cWW	canonical	basepair	no	exact_class_preserved	unmapped_endpoint	unmapped_endpoint	17-40	None-48	None-48	no	no	Rfam.seed.gz	15.1
RF00162__2GIS_A__4KQY_A	query	RF00162__2GIS_A	RF00162__4KQY_A	17	38	cWW	canonical	basepair	no	exact_class_preserved	unmapped_endpoint	unmapped_endpoint	18-39	None-47	None-47	no	no	Rfam.seed.gz	15.1
RF00162__2GIS_A__4KQY_A	query	RF00162__2GIS_A	RF00162__4KQY_A	18	37	tSH	noncanonical	basepair	no	no_annotated_target_pair	unmapped_endpoint	unmapped_endpoint	19-38	None-46	None-46	no	no	Rfam.seed.gz	15.1
RF00162__2GIS_A__4KQY_A	query	RF00162__2GIS_A	RF00162__4KQY_A	19	36	tSH	noncanonical	basepair	no	exact_class_preserved	unmapped_endpoint	unmapped_endpoint	20-37	45-None	45-None	no	no	Rfam.seed.gz	15.1
RF00162__2GIS_A__4KQY_A	query	RF00162__2GIS_A	RF00162__4KQY_A	20	35	tHS	noncanonical	basepair	no	no_annotated_target_pair	unmapped_endpoint	unmapped_endpoint	21-36	None-None	None-None	no	no	Rfam.seed.gz	15.1
RF00162__2GIS_A__4KQY_A	query	RF00162__2GIS_A	RF00162__4KQY_A	21	31	cWW	canonical	basepair	no	exact_class_preserved	unmapped_endpoint	unmapped_endpoint	22-32	None-None	None-None	no	no	Rfam.seed.gz	15.1
RF00162__2GIS_A__4KQY_A	query	RF00162__2GIS_A	RF00162__4KQY_A	22	30	cWW	canonical	basepair	no	exact_class_preserved	unmapped_endpoint	unmapped_endpoint	23-31	None-None	None-None	no	no	Rfam.seed.gz	15.1
RF00162__2GIS_A__4KQY_A	query	RF00162__2GIS_A	RF00162__4KQY_A	23	29	cWW	canonical	basepair	no	exact_class_preserved	unmapped_endpoint	unmapped_endpoint	24-30	None-None	None-None	no	no	Rfam.seed.gz	15.1
RF00162__2GIS_A__4KQY_A	query	RF00162__2GIS_A	RF00162__4KQY_A	23	62	tSW	noncanonical	basepair	no	exact_class_preserved	unmapped_endpoint	unmapped_endpoint	24-84	None-None	None-None	no	no	Rfam.seed.gz	15.1
RF00162__2GIS_A__4KQY_A	query	RF00162__2GIS_A	RF00162__4KQY_A	25	68	cWW	canonical	basepair	no	exact_class_preserved	unmapped_endpoint	unmapped_endpoint	26-90	None-None	None-None	no	no	Rfam.seed.gz	15.1
RF00162__2GIS_A__4KQY_A	query	RF00162__2GIS_A	RF00162__4KQY_A	26	67	cWW	noncanonical	basepair	no	exact_class_preserved	unmapped_endpoint	unmapped_endpoint	27-89	None-None	None-None	no	no	Rfam.seed.gz	15.1
RF00162__2GIS_A__4KQY_A	query	RF00162__2GIS_A	RF00162__4KQY_A	27	66	cWW	canonical	basepair	no	exact_class_preserved	unmapped_endpoint	unmapped_endpoint	28-88	None-None	None-None	no	no	Rfam.seed.gz	15.1
RF00162__2GIS_A__4KQY_A	query	RF00162__2GIS_A	RF00162__4KQY_A	28	65	cWW	canonical	basepair	no	exact_class_preserved	unmapped_endpoint	unmapped_endpoint	29-87	None-None	None-None	no	no	Rfam.seed.gz	15.1
RF00162__2GIS_A__4KQY_A	query	RF00162__2GIS_A	RF00162__4KQY_A	30	61	cSW	noncanonical	basepair	no	exact_class_preserved	unmapped_endpoint	unmapped_endpoint	31-83	None-None	None-None	no	no	Rfam.seed.gz	15.1
RF00162__2GIS_A__4KQY_A	query	RF00162__2GIS_A	RF00162__4KQY_A	42	60	cWW	canonical	basepair	no	exact_class_preserved	exact_class_preserved	exact_class_preserved	44-82	52-73	52-73	yes	no	Rfam.seed.gz	15.1
RF00162__2GIS_A__4KQY_A	query	RF00162__2GIS_A	RF00162__4KQY_A	43	59	cWW	canonical	basepair	no	exact_class_preserved	exact_class_preserved	exact_class_preserved	45-81	53-72	53-72	yes	no	Rfam.seed.gz	15.1
RF00162__2GIS_A__4KQY_A	query	RF00162__2GIS_A	RF00162__4KQY_A	44	58	cWW	canonical	basepair	no	exact_class_preserved	no_annotated_target_pair	no_annotated_target_pair	46-80	54-71	54-71	yes	no	Rfam.seed.gz	15.1
RF00162__2GIS_A__4KQY_A	query	RF00162__2GIS_A	RF00162__4KQY_A	45	57	tSH	noncanonical	basepair	no	no_annotated_target_pair	no_annotated_target_pair	no_annotated_target_pair	47-79	56-70	56-70	yes	no	Rfam.seed.gz	15.1
RF00162__2GIS_A__4KQY_A	query	RF00162__2GIS_A	RF00162__4KQY_A	47	56	cWW	canonical	basepair	no	exact_class_preserved	exact_class_preserved	exact_class_preserved	49-78	58-69	58-69	yes	no	Rfam.seed.gz	15.1
RF00162__2GIS_A__4KQY_A	query	RF00162__2GIS_A	RF00162__4KQY_A	48	55	cWW	canonical	basepair	no	exact_class_preserved	exact_class_preserved	exact_class_preserved	50-77	59-68	59-68	yes	no	Rfam.seed.gz	15.1
RF00162__2GIS_A__4KQY_A	query	RF00162__2GIS_A	RF00162__4KQY_A	49	54	cWW	canonical	basepair	yes	unmapped_endpoint	exact_class_preserved	exact_class_preserved	None-76	60-67	60-67	no	no	Rfam.seed.gz	15.1
RF00162__2GIS_A__4KQY_A	query	RF00162__2GIS_A	RF00162__4KQY_A	50	53	tSH	noncanonical	basepair	yes	unmapped_endpoint	different_class	different_class	None-75	61-66	61-66	no	no	Rfam.seed.gz	15.1
RF00162__2GIS_A__4KQY_A	query	RF00162__2GIS_A	RF00162__4KQY_A	64	85	cWW	canonical	basepair	no	exact_class_preserved	unmapped_endpoint	unmapped_endpoint	86-110	None-None	None-None	no	no	Rfam.seed.gz	15.1
RF00162__2GIS_A__4KQY_A	query	RF00162__2GIS_A	RF00162__4KQY_A	69	82	cWW	canonical	basepair	no	exact_class_preserved	unmapped_endpoint	unmapped_endpoint	91-107	None-None	None-None	no	no	Rfam.seed.gz	15.1
RF00162__2GIS_A__4KQY_A	query	RF00162__2GIS_A	RF00162__4KQY_A	70	81	cWW	canonical	basepair	no	exact_class_preserved	unmapped_endpoint	unmapped_endpoint	92-106	None-None	None-None	no	no	Rfam.seed.gz	15.1
RF00162__2GIS_A__4KQY_A	query	RF00162__2GIS_A	RF00162__4KQY_A	71	80	cWW	wobble	basepair	yes	no_annotated_target_pair	unmapped_endpoint	unmapped_endpoint	93-105	None-None	None-None	no	no	Rfam.seed.gz	15.1
RF00162__2GIS_A__4KQY_A	query	RF00162__2GIS_A	RF00162__4KQY_A	72	79	cWW	canonical	basepair	no	exact_class_preserved	unmapped_endpoint	unmapped_endpoint	94-104	None-None	None-None	no	no	Rfam.seed.gz	15.1
RF00162__2GIS_A__4KQY_A	query	RF00162__2GIS_A	RF00162__4KQY_A	73	78	cWW	canonical	basepair	no	exact_class_preserved	unmapped_endpoint	unmapped_endpoint	95-103	None-None	None-None	no	no	Rfam.seed.gz	15.1
RF00162__2GIS_A__4KQY_A	query	RF00162__2GIS_A	RF00162__4KQY_A	1	2	s35	stack	stack	yes	no_annotated_target_pair	unmapped_endpoint	unmapped_endpoint	1-3	None-None	None-None	no	no	Rfam.seed.gz	15.1
RF00162__2GIS_A__4KQY_A	query	RF00162__2GIS_A	RF00162__4KQY_A	1	94	s55	stack	stack	yes	unmapped_endpoint	unmapped_endpoint	unmapped_endpoint	1-None	None-None	None-None	no	no	Rfam.seed.gz	15.1
RF00162__2GIS_A__4KQY_A	query	RF00162__2GIS_A	RF00162__4KQY_A	2	3	s35	stack	stack	yes	exact_class_preserved	unmapped_endpoint	unmapped_endpoint	3-4	None-None	None-None	no	no	Rfam.seed.gz	15.1
RF00162__2GIS_A__4KQY_A	query	RF00162__2GIS_A	RF00162__4KQY_A	2	93	s55	stack	stack	yes	no_annotated_target_pair	unmapped_endpoint	unmapped_endpoint	3-119	None-None	None-None	no	no	Rfam.seed.gz	15.1
RF00162__2GIS_A__4KQY_A	query	RF00162__2GIS_A	RF00162__4KQY_A	3	4	s35	stack	stack	no	exact_class_preserved	unmapped_endpoint	unmapped_endpoint	4-5	None-None	None-None	no	no	Rfam.seed.gz	15.1
RF00162__2GIS_A__4KQY_A	query	RF00162__2GIS_A	RF00162__4KQY_A	4	5	s35	stack	stack	no	exact_class_preserved	unmapped_endpoint	unmapped_endpoint	5-6	None-None	None-None	no	no	Rfam.seed.gz	15.1
RF00162__2GIS_A__4KQY_A	query	RF00162__2GIS_A	RF00162__4KQY_A	4	91	s55	stack	stack	no	exact_class_preserved	unmapped_endpoint	unmapped_endpoint	5-116	None-None	None-None	no	no	Rfam.seed.gz	15.1
RF00162__2GIS_A__4KQY_A	query	RF00162__2GIS_A	RF00162__4KQY_A	5	6	s35	stack	stack	no	exact_class_preserved	unmapped_endpoint	unmapped_endpoint	6-7	None-None	None-None	no	no	Rfam.seed.gz	15.1
RF00162__2GIS_A__4KQY_A	query	RF00162__2GIS_A	RF00162__4KQY_A	6	7	s35	stack	stack	no	exact_class_preserved	unmapped_endpoint	unmapped_endpoint	7-8	None-None	None-None	no	no	Rfam.seed.gz	15.1
RF00162__2GIS_A__4KQY_A	query	RF00162__2GIS_A	RF00162__4KQY_A	6	89	s55	stack	stack	no	exact_class_preserved	unmapped_endpoint	unmapped_endpoint	7-114	None-None	None-None	no	no	Rfam.seed.gz	15.1
RF00162__2GIS_A__4KQY_A	query	RF00162__2GIS_A	RF00162__4KQY_A	7	8	s35	stack	stack	no	exact_class_preserved	unmapped_endpoint	unmapped_endpoint	8-9	None-None	None-None	no	no	Rfam.seed.gz	15.1
RF00162__2GIS_A__4KQY_A	query	RF00162__2GIS_A	RF00162__4KQY_A	8	64	ns35	stack	stack	no	exact_class_preserved	unmapped_endpoint	unmapped_endpoint	9-86	None-None	None-None	no	no	Rfam.seed.gz	15.1
RF00162__2GIS_A__4KQY_A	query	RF00162__2GIS_A	RF00162__4KQY_A	8	87	s55	stack	stack	no	different_class	unmapped_endpoint	unmapped_endpoint	9-112	None-None	None-None	no	no	Rfam.seed.gz	15.1
RF00162__2GIS_A__4KQY_A	query	RF00162__2GIS_A	RF00162__4KQY_A	10	11	s35	stack	stack	no	exact_class_preserved	unmapped_endpoint	unmapped_endpoint	11-12	None-None	None-None	no	no	Rfam.seed.gz	15.1
RF00162__2GIS_A__4KQY_A	query	RF00162__2GIS_A	RF00162__4KQY_A	11	12	s35	stack	stack	no	exact_class_preserved	unmapped_endpoint	unmapped_endpoint	12-13	None-None	None-None	no	no	Rfam.seed.gz	15.1
RF00162__2GIS_A__4KQY_A	query	RF00162__2GIS_A	RF00162__4KQY_A	12	60	ns35	stack	stack	no	no_annotated_target_pair	unmapped_endpoint	unmapped_endpoint	13-82	None-73	None-73	no	no	Rfam.seed.gz	15.1
RF00162__2GIS_A__4KQY_A	query	RF00162__2GIS_A	RF00162__4KQY_A	13	15	s35	stack	stack	no	no_annotated_target_pair	unmapped_endpoint	unmapped_endpoint	14-16	None-None	None-None	no	no	Rfam.seed.gz	15.1
RF00162__2GIS_A__4KQY_A	query	RF00162__2GIS_A	RF00162__4KQY_A	13	42	s55	stack	stack	no	exact_class_preserved	unmapped_endpoint	unmapped_endpoint	14-44	None-52	None-52	no	no	Rfam.seed.gz	15.1
RF00162__2GIS_A__4KQY_A	query	RF00162__2GIS_A	RF00162__4KQY_A	15	41	ns55	stack	stack	no	no_annotated_target_pair	unmapped_endpoint	unmapped_endpoint	16-43	None-50	None-50	no	no	Rfam.seed.gz	15.1
RF00162__2GIS_A__4KQY_A	query	RF00162__2GIS_A	RF00162__4KQY_A	15	16	s35	stack	stack	no	exact_class_preserved	unmapped_endpoint	unmapped_endpoint	16-17	None-None	None-None	no	no	Rfam.seed.gz	15.1
RF00162__2GIS_A__4KQY_A	query	RF00162__2GIS_A	RF00162__4KQY_A	16	17	s35	stack	stack	no	exact_class_preserved	unmapped_endpoint	unmapped_endpoint	17-18	None-None	None-None	no	no	Rfam.seed.gz	15.1
RF00162__2GIS_A__4KQY_A	query	RF00162__2GIS_A	RF00162__4KQY_A	16	40	s55	stack	stack	no	exact_class_preserved	unmapped_endpoint	unmapped_endpoint	17-41	None-49	None-49	no	no	Rfam.seed.gz	15.1
RF00162__2GIS_A__4KQY_A	query	RF00162__2GIS_A	RF00162__4KQY_A	17	18	s35	stack	stack	no	exact_class_preserved	unmapped_endpoint	unmapped_endpoint	18-19	None-None	None-None	no	no	Rfam.seed.gz	15.1
RF00162__2GIS_A__4KQY_A	query	RF00162__2GIS_A	RF00162__4KQY_A	18	36	s33	stack	stack	no	no_annotated_target_pair	unmapped_endpoint	unmapped_endpoint	19-37	None-None	None-None	no	no	Rfam.seed.gz	15.1
RF00162__2GIS_A__4KQY_A	query	RF00162__2GIS_A	RF00162__4KQY_A	18	19	s35	stack	stack	no	exact_class_preserved	unmapped_endpoint	unmapped_endpoint	19-20	None-45	None-45	no	no	Rfam.seed.gz	15.1
RF00162__2GIS_A__4KQY_A	query	RF00162__2GIS_A	RF00162__4KQY_A	18	38	s55	stack	stack	no	no_annotated_target_pair	unmapped_endpoint	unmapped_endpoint	19-39	None-47	None-47	no	no	Rfam.seed.gz	15.1
RF00162__2GIS_A__4KQY_A	query	RF00162__2GIS_A	RF00162__4KQY_A	19	20	ns35	stack	stack	no	no_annotated_target_pair	unmapped_endpoint	unmapped_endpoint	20-21	45-None	45-None	no	no	Rfam.seed.gz	15.1
RF00162__2GIS_A__4KQY_A	query	RF00162__2GIS_A	RF00162__4KQY_A	19	35	s33	stack	stack	no	exact_class_preserved	unmapped_endpoint	unmapped_endpoint	20-36	45-None	45-None	no	no	Rfam.seed.gz	15.1
RF00162__2GIS_A__4KQY_A	query	RF00162__2GIS_A	RF00162__4KQY_A	20	33	s33	stack	stack	no	exact_class_preserved	unmapped_endpoint	unmapped_endpoint	21-34	None-None	None-None	no	no	Rfam.seed.gz	15.1
RF00162__2GIS_A__4KQY_A	query	RF00162__2GIS_A	RF00162__4KQY_A	20	36	s55	stack	stack	no	exact_class_preserved	unmapped_endpoint	unmapped_endpoint	21-37	None-None	None-None	no	no	Rfam.seed.gz	15.1
RF00162__2GIS_A__4KQY_A	query	RF00162__2GIS_A	RF00162__4KQY_A	21	22	s35	stack	stack	no	exact_class_preserved	unmapped_endpoint	unmapped_endpoint	22-23	None-None	None-None	no	no	Rfam.seed.gz	15.1
RF00162__2GIS_A__4KQY_A	query	RF00162__2GIS_A	RF00162__4KQY_A	21	32	s55	stack	stack	no	exact_class_preserved	unmapped_endpoint	unmapped_endpoint	22-33	None-None	None-None	no	no	Rfam.seed.gz	15.1
RF00162__2GIS_A__4KQY_A	query	RF00162__2GIS_A	RF00162__4KQY_A	22	23	s35	stack	stack	no	exact_class_preserved	unmapped_endpoint	unmapped_endpoint	23-24	None-None	None-None	no	no	Rfam.seed.gz	15.1
RF00162__2GIS_A__4KQY_A	query	RF00162__2GIS_A	RF00162__4KQY_A	22	31	s55	stack	stack	no	exact_class_preserved	unmapped_endpoint	unmapped_endpoint	23-32	None-None	None-None	no	no	Rfam.seed.gz	15.1
RF00162__2GIS_A__4KQY_A	query	RF00162__2GIS_A	RF00162__4KQY_A	23	28	ns33	stack	stack	no	no_annotated_target_pair	unmapped_endpoint	unmapped_endpoint	24-29	None-None	None-None	no	no	Rfam.seed.gz	15.1
RF00162__2GIS_A__4KQY_A	query	RF00162__2GIS_A	RF00162__4KQY_A	23	65	s35	stack	stack	no	different_class	unmapped_endpoint	unmapped_endpoint	24-87	None-None	None-None	no	no	Rfam.seed.gz	15.1
RF00162__2GIS_A__4KQY_A	query	RF00162__2GIS_A	RF00162__4KQY_A	23	30	s55	stack	stack	no	exact_class_preserved	unmapped_endpoint	unmapped_endpoint	24-31	None-None	None-None	no	no	Rfam.seed.gz	15.1
RF00162__2GIS_A__4KQY_A	query	RF00162__2GIS_A	RF00162__4KQY_A	24	25	s35	stack	stack	no	exact_class_preserved	unmapped_endpoint	unmapped_endpoint	25-26	None-None	None-None	no	no	Rfam.seed.gz	15.1
RF00162__2GIS_A__4KQY_A	query	RF00162__2GIS_A	RF00162__4KQY_A	25	26	ns35	stack	stack	no	different_class	unmapped_endpoint	unmapped_endpoint	26-27	None-None	None-None	no	no	Rfam.seed.gz	15.1
RF00162__2GIS_A__4KQY_A	query	RF00162__2GIS_A	RF00162__4KQY_A	26	27	s35	stack	stack	no	exact_class_preserved	unmapped_endpoint	unmapped_endpoint	27-28	None-None	None-None	no	no	Rfam.seed.gz	15.1
RF00162__2GIS_A__4KQY_A	query	RF00162__2GIS_A	RF00162__4KQY_A	26	68	s55	stack	stack	no	exact_class_preserved	unmapped_endpoint	unmapped_endpoint	27-90	None-None	None-None	no	no	Rfam.seed.gz	15.1
RF00162__2GIS_A__4KQY_A	query	RF00162__2GIS_A	RF00162__4KQY_A	27	67	ns55	stack	stack	no	different_class	unmapped_endpoint	unmapped_endpoint	28-89	None-None	None-None	no	no	Rfam.seed.gz	15.1
RF00162__2GIS_A__4KQY_A	query	RF00162__2GIS_A	RF00162__4KQY_A	27	28	s35	stack	stack	no	exact_class_preserved	unmapped_endpoint	unmapped_endpoint	28-29	None-None	None-None	no	no	Rfam.seed.gz	15.1
RF00162__2GIS_A__4KQY_A	query	RF00162__2GIS_A	RF00162__4KQY_A	28	29	s35	stack	stack	no	exact_class_preserved	unmapped_endpoint	unmapped_endpoint	29-30	None-None	None-None	no	no	Rfam.seed.gz	15.1
RF00162__2GIS_A__4KQY_A	query	RF00162__2GIS_A	RF00162__4KQY_A	28	66	s55	stack	stack	no	exact_class_preserved	unmapped_endpoint	unmapped_endpoint	29-88	None-None	None-None	no	no	Rfam.seed.gz	15.1
RF00162__2GIS_A__4KQY_A	query	RF00162__2GIS_A	RF00162__4KQY_A	29	30	s35	stack	stack	no	exact_class_preserved	unmapped_endpoint	unmapped_endpoint	30-31	None-None	None-None	no	no	Rfam.seed.gz	15.1
RF00162__2GIS_A__4KQY_A	query	RF00162__2GIS_A	RF00162__4KQY_A	30	31	s35	stack	stack	no	exact_class_preserved	unmapped_endpoint	unmapped_endpoint	31-32	None-None	None-None	no	no	Rfam.seed.gz	15.1
RF00162__2GIS_A__4KQY_A	query	RF00162__2GIS_A	RF00162__4KQY_A	31	32	s35	stack	stack	no	exact_class_preserved	unmapped_endpoint	unmapped_endpoint	32-33	None-None	None-None	no	no	Rfam.seed.gz	15.1
RF00162__2GIS_A__4KQY_A	query	RF00162__2GIS_A	RF00162__4KQY_A	33	35	s35	stack	stack	no	exact_class_preserved	unmapped_endpoint	unmapped_endpoint	34-36	None-None	None-None	no	no	Rfam.seed.gz	15.1
RF00162__2GIS_A__4KQY_A	query	RF00162__2GIS_A	RF00162__4KQY_A	36	37	s35	stack	stack	no	exact_class_preserved	unmapped_endpoint	unmapped_endpoint	37-38	None-46	None-46	no	no	Rfam.seed.gz	15.1
RF00162__2GIS_A__4KQY_A	query	RF00162__2GIS_A	RF00162__4KQY_A	37	38	s35	stack	stack	no	exact_class_preserved	exact_class_preserved	exact_class_preserved	38-39	46-47	46-47	yes	no	Rfam.seed.gz	15.1
RF00162__2GIS_A__4KQY_A	query	RF00162__2GIS_A	RF00162__4KQY_A	38	39	s35	stack	stack	no	exact_class_preserved	exact_class_preserved	exact_class_preserved	39-40	47-48	47-48	yes	no	Rfam.seed.gz	15.1
RF00162__2GIS_A__4KQY_A	query	RF00162__2GIS_A	RF00162__4KQY_A	39	40	s35	stack	stack	no	exact_class_preserved	different_class	different_class	40-41	48-49	48-49	yes	no	Rfam.seed.gz	15.1
RF00162__2GIS_A__4KQY_A	query	RF00162__2GIS_A	RF00162__4KQY_A	40	41	s35	stack	stack	no	no_annotated_target_pair	exact_class_preserved	exact_class_preserved	41-43	49-50	49-50	yes	no	Rfam.seed.gz	15.1
RF00162__2GIS_A__4KQY_A	query	RF00162__2GIS_A	RF00162__4KQY_A	41	42	s35	stack	stack	no	exact_class_preserved	no_annotated_target_pair	no_annotated_target_pair	43-44	50-52	50-52	yes	no	Rfam.seed.gz	15.1
RF00162__2GIS_A__4KQY_A	query	RF00162__2GIS_A	RF00162__4KQY_A	42	43	s35	stack	stack	no	exact_class_preserved	exact_class_preserved	exact_class_preserved	44-45	52-53	52-53	yes	no	Rfam.seed.gz	15.1
RF00162__2GIS_A__4KQY_A	query	RF00162__2GIS_A	RF00162__4KQY_A	43	44	s35	stack	stack	no	exact_class_preserved	exact_class_preserved	exact_class_preserved	45-46	53-54	53-54	yes	no	Rfam.seed.gz	15.1
RF00162__2GIS_A__4KQY_A	query	RF00162__2GIS_A	RF00162__4KQY_A	43	60	s55	stack	stack	no	exact_class_preserved	no_annotated_target_pair	no_annotated_target_pair	45-82	53-73	53-73	yes	no	Rfam.seed.gz	15.1
RF00162__2GIS_A__4KQY_A	query	RF00162__2GIS_A	RF00162__4KQY_A	44	45	s35	stack	stack	no	exact_class_preserved	exact_class_preserved	exact_class_preserved	46-47	54-56	54-56	yes	no	Rfam.seed.gz	15.1
RF00162__2GIS_A__4KQY_A	query	RF00162__2GIS_A	RF00162__4KQY_A	45	46	s35	stack	stack	no	exact_class_preserved	exact_class_preserved	exact_class_preserved	47-48	56-57	56-57	yes	no	Rfam.seed.gz	15.1
RF00162__2GIS_A__4KQY_A	query	RF00162__2GIS_A	RF00162__4KQY_A	45	58	s55	stack	stack	no	different_class	exact_class_preserved	exact_class_preserved	47-80	56-71	56-71	yes	no	Rfam.seed.gz	15.1
RF00162__2GIS_A__4KQY_A	query	RF00162__2GIS_A	RF00162__4KQY_A	47	48	s35	stack	stack	no	exact_class_preserved	exact_class_preserved	exact_class_preserved	49-50	58-59	58-59	yes	no	Rfam.seed.gz	15.1
RF00162__2GIS_A__4KQY_A	query	RF00162__2GIS_A	RF00162__4KQY_A	48	49	s35	stack	stack	yes	unmapped_endpoint	exact_class_preserved	exact_class_preserved	50-None	59-60	59-60	no	no	Rfam.seed.gz	15.1
RF00162__2GIS_A__4KQY_A	query	RF00162__2GIS_A	RF00162__4KQY_A	48	56	s55	stack	stack	no	exact_class_preserved	exact_class_preserved	exact_class_preserved	50-78	59-69	59-69	yes	no	Rfam.seed.gz	15.1
RF00162__2GIS_A__4KQY_A	query	RF00162__2GIS_A	RF00162__4KQY_A	49	50	s35	stack	stack	yes	unmapped_endpoint	exact_class_preserved	exact_class_preserved	None-None	60-61	60-61	no	no	Rfam.seed.gz	15.1
RF00162__2GIS_A__4KQY_A	query	RF00162__2GIS_A	RF00162__4KQY_A	49	55	s55	stack	stack	yes	unmapped_endpoint	exact_class_preserved	exact_class_preserved	None-77	60-68	60-68	no	no	Rfam.seed.gz	15.1
RF00162__2GIS_A__4KQY_A	query	RF00162__2GIS_A	RF00162__4KQY_A	50	52	s33	stack	stack	yes	unmapped_endpoint	no_annotated_target_pair	no_annotated_target_pair	None-None	61-65	61-65	no	no	Rfam.seed.gz	15.1
RF00162__2GIS_A__4KQY_A	query	RF00162__2GIS_A	RF00162__4KQY_A	50	54	s55	stack	stack	yes	unmapped_endpoint	no_annotated_target_pair	no_annotated_target_pair	None-76	61-67	61-67	no	no	Rfam.seed.gz	15.1
RF00162__2GIS_A__4KQY_A	query	RF00162__2GIS_A	RF00162__4KQY_A	51	52	s35	stack	stack	yes	unmapped_endpoint	exact_class_preserved	exact_class_preserved	None-None	64-65	64-65	no	no	Rfam.seed.gz	15.1
RF00162__2GIS_A__4KQY_A	query	RF00162__2GIS_A	RF00162__4KQY_A	52	53	s35	stack	stack	yes	unmapped_endpoint	different_class	different_class	None-75	65-66	65-66	no	no	Rfam.seed.gz	15.1
RF00162__2GIS_A__4KQY_A	query	RF00162__2GIS_A	RF00162__4KQY_A	53	54	ns35	stack	stack	no	no_annotated_target_pair	different_class	different_class	75-76	66-67	66-67	yes	no	Rfam.seed.gz	15.1
RF00162__2GIS_A__4KQY_A	query	RF00162__2GIS_A	RF00162__4KQY_A	54	55	s35	stack	stack	no	no_annotated_target_pair	exact_class_preserved	exact_class_preserved	76-77	67-68	67-68	yes	no	Rfam.seed.gz	15.1
RF00162__2GIS_A__4KQY_A	query	RF00162__2GIS_A	RF00162__4KQY_A	55	56	s35	stack	stack	no	exact_class_preserved	exact_class_preserved	exact_class_preserved	77-78	68-69	68-69	yes	no	Rfam.seed.gz	15.1
RF00162__2GIS_A__4KQY_A	query	RF00162__2GIS_A	RF00162__4KQY_A	56	57	s35	stack	stack	no	exact_class_preserved	exact_class_preserved	exact_class_preserved	78-79	69-70	69-70	yes	no	Rfam.seed.gz	15.1
RF00162__2GIS_A__4KQY_A	query	RF00162__2GIS_A	RF00162__4KQY_A	57	58	s35	stack	stack	no	exact_class_preserved	no_annotated_target_pair	no_annotated_target_pair	79-80	70-71	70-71	yes	no	Rfam.seed.gz	15.1
RF00162__2GIS_A__4KQY_A	query	RF00162__2GIS_A	RF00162__4KQY_A	58	59	s35	stack	stack	no	exact_class_preserved	exact_class_preserved	exact_class_preserved	80-81	71-72	71-72	yes	no	Rfam.seed.gz	15.1
RF00162__2GIS_A__4KQY_A	query	RF00162__2GIS_A	RF00162__4KQY_A	59	60	s35	stack	stack	no	exact_class_preserved	exact_class_preserved	exact_class_preserved	81-82	72-73	72-73	yes	no	Rfam.seed.gz	15.1
RF00162__2GIS_A__4KQY_A	query	RF00162__2GIS_A	RF00162__4KQY_A	61	62	s35	stack	stack	no	exact_class_preserved	unmapped_endpoint	unmapped_endpoint	83-84	None-None	None-None	no	no	Rfam.seed.gz	15.1
RF00162__2GIS_A__4KQY_A	query	RF00162__2GIS_A	RF00162__4KQY_A	62	65	s35	stack	stack	no	exact_class_preserved	unmapped_endpoint	unmapped_endpoint	84-87	None-None	None-None	no	no	Rfam.seed.gz	15.1
RF00162__2GIS_A__4KQY_A	query	RF00162__2GIS_A	RF00162__4KQY_A	64	86	s55	stack	stack	no	exact_class_preserved	unmapped_endpoint	unmapped_endpoint	86-111	None-None	None-None	no	no	Rfam.seed.gz	15.1
RF00162__2GIS_A__4KQY_A	query	RF00162__2GIS_A	RF00162__4KQY_A	65	66	s35	stack	stack	no	exact_class_preserved	unmapped_endpoint	unmapped_endpoint	87-88	None-None	None-None	no	no	Rfam.seed.gz	15.1
RF00162__2GIS_A__4KQY_A	query	RF00162__2GIS_A	RF00162__4KQY_A	66	67	s35	stack	stack	no	exact_class_preserved	unmapped_endpoint	unmapped_endpoint	88-89	None-None	None-None	no	no	Rfam.seed.gz	15.1
RF00162__2GIS_A__4KQY_A	query	RF00162__2GIS_A	RF00162__4KQY_A	67	68	s35	stack	stack	no	exact_class_preserved	unmapped_endpoint	unmapped_endpoint	89-90	None-None	None-None	no	no	Rfam.seed.gz	15.1
RF00162__2GIS_A__4KQY_A	query	RF00162__2GIS_A	RF00162__4KQY_A	69	70	s35	stack	stack	no	exact_class_preserved	unmapped_endpoint	unmapped_endpoint	91-92	None-None	None-None	no	no	Rfam.seed.gz	15.1
RF00162__2GIS_A__4KQY_A	query	RF00162__2GIS_A	RF00162__4KQY_A	69	83	s55	stack	stack	no	exact_class_preserved	unmapped_endpoint	unmapped_endpoint	91-108	None-None	None-None	no	no	Rfam.seed.gz	15.1
RF00162__2GIS_A__4KQY_A	query	RF00162__2GIS_A	RF00162__4KQY_A	70	71	s35	stack	stack	no	exact_class_preserved	unmapped_endpoint	unmapped_endpoint	92-93	None-None	None-None	no	no	Rfam.seed.gz	15.1
RF00162__2GIS_A__4KQY_A	query	RF00162__2GIS_A	RF00162__4KQY_A	70	82	s55	stack	stack	no	exact_class_preserved	unmapped_endpoint	unmapped_endpoint	92-107	None-None	None-None	no	no	Rfam.seed.gz	15.1
RF00162__2GIS_A__4KQY_A	query	RF00162__2GIS_A	RF00162__4KQY_A	71	72	s35	stack	stack	no	exact_class_preserved	unmapped_endpoint	unmapped_endpoint	93-94	None-None	None-None	no	no	Rfam.seed.gz	15.1
RF00162__2GIS_A__4KQY_A	query	RF00162__2GIS_A	RF00162__4KQY_A	71	81	s55	stack	stack	no	exact_class_preserved	unmapped_endpoint	unmapped_endpoint	93-106	None-None	None-None	no	no	Rfam.seed.gz	15.1
RF00162__2GIS_A__4KQY_A	query	RF00162__2GIS_A	RF00162__4KQY_A	72	73	s35	stack	stack	no	exact_class_preserved	unmapped_endpoint	unmapped_endpoint	94-95	None-None	None-None	no	no	Rfam.seed.gz	15.1
RF00162__2GIS_A__4KQY_A	query	RF00162__2GIS_A	RF00162__4KQY_A	73	74	s35	stack	stack	no	no_annotated_target_pair	unmapped_endpoint	unmapped_endpoint	95-99	None-None	None-None	no	no	Rfam.seed.gz	15.1
RF00162__2GIS_A__4KQY_A	query	RF00162__2GIS_A	RF00162__4KQY_A	73	79	s55	stack	stack	no	no_annotated_target_pair	unmapped_endpoint	unmapped_endpoint	95-104	None-None	None-None	no	no	Rfam.seed.gz	15.1
RF00162__2GIS_A__4KQY_A	query	RF00162__2GIS_A	RF00162__4KQY_A	74	76	ns33	stack	stack	yes	no_annotated_target_pair	unmapped_endpoint	unmapped_endpoint	99-101	None-None	None-None	no	no	Rfam.seed.gz	15.1
RF00162__2GIS_A__4KQY_A	query	RF00162__2GIS_A	RF00162__4KQY_A	74	78	s55	stack	stack	no	no_annotated_target_pair	unmapped_endpoint	unmapped_endpoint	99-103	None-None	None-None	no	no	Rfam.seed.gz	15.1
RF00162__2GIS_A__4KQY_A	query	RF00162__2GIS_A	RF00162__4KQY_A	75	76	s35	stack	stack	yes	exact_class_preserved	unmapped_endpoint	unmapped_endpoint	100-101	None-None	None-None	no	no	Rfam.seed.gz	15.1
RF00162__2GIS_A__4KQY_A	query	RF00162__2GIS_A	RF00162__4KQY_A	76	77	s35	stack	stack	yes	no_annotated_target_pair	unmapped_endpoint	unmapped_endpoint	101-102	None-None	None-None	no	no	Rfam.seed.gz	15.1
RF00162__2GIS_A__4KQY_A	query	RF00162__2GIS_A	RF00162__4KQY_A	77	78	ns35	stack	stack	yes	no_annotated_target_pair	unmapped_endpoint	unmapped_endpoint	102-103	None-None	None-None	no	no	Rfam.seed.gz	15.1
RF00162__2GIS_A__4KQY_A	query	RF00162__2GIS_A	RF00162__4KQY_A	78	79	s35	stack	stack	no	exact_class_preserved	unmapped_endpoint	unmapped_endpoint	103-104	None-None	None-None	no	no	Rfam.seed.gz	15.1
RF00162__2GIS_A__4KQY_A	query	RF00162__2GIS_A	RF00162__4KQY_A	79	80	s35	stack	stack	yes	different_class	unmapped_endpoint	unmapped_endpoint	104-105	None-None	None-None	no	no	Rfam.seed.gz	15.1
RF00162__2GIS_A__4KQY_A	query	RF00162__2GIS_A	RF00162__4KQY_A	80	81	s35	stack	stack	yes	exact_class_preserved	unmapped_endpoint	unmapped_endpoint	105-106	None-None	None-None	no	no	Rfam.seed.gz	15.1
RF00162__2GIS_A__4KQY_A	query	RF00162__2GIS_A	RF00162__4KQY_A	81	82	s35	stack	stack	no	exact_class_preserved	unmapped_endpoint	unmapped_endpoint	106-107	None-None	None-None	no	no	Rfam.seed.gz	15.1
RF00162__2GIS_A__4KQY_A	query	RF00162__2GIS_A	RF00162__4KQY_A	82	83	s35	stack	stack	no	exact_class_preserved	unmapped_endpoint	unmapped_endpoint	107-108	None-None	None-None	no	no	Rfam.seed.gz	15.1
RF00162__2GIS_A__4KQY_A	query	RF00162__2GIS_A	RF00162__4KQY_A	83	84	s35	stack	stack	no	exact_class_preserved	unmapped_endpoint	unmapped_endpoint	108-109	None-None	None-None	no	no	Rfam.seed.gz	15.1
RF00162__2GIS_A__4KQY_A	query	RF00162__2GIS_A	RF00162__4KQY_A	84	85	s35	stack	stack	no	exact_class_preserved	unmapped_endpoint	unmapped_endpoint	109-110	None-None	None-None	no	no	Rfam.seed.gz	15.1
RF00162__2GIS_A__4KQY_A	query	RF00162__2GIS_A	RF00162__4KQY_A	85	86	s35	stack	stack	no	exact_class_preserved	unmapped_endpoint	unmapped_endpoint	110-111	None-None	None-None	no	no	Rfam.seed.gz	15.1
RF00162__2GIS_A__4KQY_A	query	RF00162__2GIS_A	RF00162__4KQY_A	86	87	s35	stack	stack	no	exact_class_preserved	unmapped_endpoint	unmapped_endpoint	111-112	None-None	None-None	no	no	Rfam.seed.gz	15.1
RF00162__2GIS_A__4KQY_A	query	RF00162__2GIS_A	RF00162__4KQY_A	87	88	s35	stack	stack	no	exact_class_preserved	unmapped_endpoint	unmapped_endpoint	112-113	None-None	None-None	no	no	Rfam.seed.gz	15.1
RF00162__2GIS_A__4KQY_A	query	RF00162__2GIS_A	RF00162__4KQY_A	88	89	s35	stack	stack	no	exact_class_preserved	unmapped_endpoint	unmapped_endpoint	113-114	None-None	None-None	no	no	Rfam.seed.gz	15.1
RF00162__2GIS_A__4KQY_A	query	RF00162__2GIS_A	RF00162__4KQY_A	89	90	s35	stack	stack	no	exact_class_preserved	unmapped_endpoint	unmapped_endpoint	114-115	None-None	None-None	no	no	Rfam.seed.gz	15.1
RF00162__2GIS_A__4KQY_A	query	RF00162__2GIS_A	RF00162__4KQY_A	90	91	s35	stack	stack	no	exact_class_preserved	unmapped_endpoint	unmapped_endpoint	115-116	None-None	None-None	no	no	Rfam.seed.gz	15.1
RF00162__2GIS_A__4KQY_A	query	RF00162__2GIS_A	RF00162__4KQY_A	91	92	s35	stack	stack	yes	exact_class_preserved	unmapped_endpoint	unmapped_endpoint	116-117	None-None	None-None	no	no	Rfam.seed.gz	15.1
RF00162__2GIS_A__4KQY_A	query	RF00162__2GIS_A	RF00162__4KQY_A	92	93	s35	stack	stack	yes	no_annotated_target_pair	unmapped_endpoint	unmapped_endpoint	117-119	None-None	None-None	no	no	Rfam.seed.gz	15.1
RF00162__2GIS_A__4KQY_A	query	RF00162__2GIS_A	RF00162__4KQY_A	93	94	s35	stack	stack	yes	unmapped_endpoint	unmapped_endpoint	unmapped_endpoint	119-None	None-None	None-None	no	no	Rfam.seed.gz	15.1
RF00162__2GIS_A__4KQY_A	target	RF00162__4KQY_A	RF00162__2GIS_A	2	118	cWW	canonical	basepair	no	unmapped_endpoint	unmapped_endpoint	unmapped_endpoint	None-None	None-None	None-None	no	no	Rfam.seed.gz	15.1
RF00162__2GIS_A__4KQY_A	target	RF00162__4KQY_A	RF00162__2GIS_A	3	117	cWW	canonical	basepair	no	exact_class_preserved	unmapped_endpoint	unmapped_endpoint	2-92	None-None	None-None	no	yes	Rfam.seed.gz	15.1
RF00162__2GIS_A__4KQY_A	target	RF00162__4KQY_A	RF00162__2GIS_A	4	116	cWW	canonical	basepair	no	exact_class_preserved	unmapped_endpoint	unmapped_endpoint	3-91	None-None	None-None	no	no	Rfam.seed.gz	15.1
RF00162__2GIS_A__4KQY_A	target	RF00162__4KQY_A	RF00162__2GIS_A	5	115	cWW	canonical	basepair	no	exact_class_preserved	unmapped_endpoint	unmapped_endpoint	4-90	None-None	None-None	no	no	Rfam.seed.gz	15.1
RF00162__2GIS_A__4KQY_A	target	RF00162__4KQY_A	RF00162__2GIS_A	6	114	cWW	canonical	basepair	no	exact_class_preserved	unmapped_endpoint	unmapped_endpoint	5-89	None-None	None-None	no	no	Rfam.seed.gz	15.1
RF00162__2GIS_A__4KQY_A	target	RF00162__4KQY_A	RF00162__2GIS_A	7	113	cWW	canonical	basepair	no	exact_class_preserved	unmapped_endpoint	unmapped_endpoint	6-88	None-None	None-None	no	no	Rfam.seed.gz	15.1
RF00162__2GIS_A__4KQY_A	target	RF00162__4KQY_A	RF00162__2GIS_A	8	112	cWW	canonical	basepair	no	exact_class_preserved	unmapped_endpoint	unmapped_endpoint	7-87	None-None	None-None	no	no	Rfam.seed.gz	15.1
RF00162__2GIS_A__4KQY_A	target	RF00162__4KQY_A	RF00162__2GIS_A	9	111	cWW	canonical	basepair	no	exact_class_preserved	unmapped_endpoint	unmapped_endpoint	8-86	None-None	None-None	no	no	Rfam.seed.gz	15.1
RF00162__2GIS_A__4KQY_A	target	RF00162__4KQY_A	RF00162__2GIS_A	13	45	cSS	noncanonical	basepair	no	exact_class_preserved	unmapped_endpoint	unmapped_endpoint	12-43	None-19	None-19	no	no	Rfam.seed.gz	15.1
RF00162__2GIS_A__4KQY_A	target	RF00162__4KQY_A	RF00162__2GIS_A	13	81	tSS	noncanonical	basepair	no	exact_class_preserved	unmapped_endpoint	unmapped_endpoint	12-59	None-None	None-None	no	no	Rfam.seed.gz	15.1
RF00162__2GIS_A__4KQY_A	target	RF00162__4KQY_A	RF00162__2GIS_A	14	43	cWW	canonical	basepair	no	exact_class_preserved	unmapped_endpoint	unmapped_endpoint	13-41	None-None	None-None	no	no	Rfam.seed.gz	15.1
RF00162__2GIS_A__4KQY_A	target	RF00162__4KQY_A	RF00162__2GIS_A	15	42	cWW	canonical	basepair	no	unmapped_endpoint	unmapped_endpoint	unmapped_endpoint	14-None	None-None	None-None	no	no	Rfam.seed.gz	15.1
RF00162__2GIS_A__4KQY_A	target	RF00162__4KQY_A	RF00162__2GIS_A	17	40	cWW	canonical	basepair	no	exact_class_preserved	unmapped_endpoint	unmapped_endpoint	16-39	None-None	None-None	no	no	Rfam.seed.gz	15.1
RF00162__2GIS_A__4KQY_A	target	RF00162__4KQY_A	RF00162__2GIS_A	18	39	cWW	canonical	basepair	no	exact_class_preserved	unmapped_endpoint	unmapped_endpoint	17-38	None-None	None-None	no	no	Rfam.seed.gz	15.1
RF00162__2GIS_A__4KQY_A	target	RF00162__4KQY_A	RF00162__2GIS_A	20	37	tSH	noncanonical	basepair	no	exact_class_preserved	unmapped_endpoint	unmapped_endpoint	19-36	None-None	None-None	no	no	Rfam.seed.gz	15.1
RF00162__2GIS_A__4KQY_A	target	RF00162__4KQY_A	RF00162__2GIS_A	22	32	cWW	canonical	basepair	no	exact_class_preserved	unmapped_endpoint	unmapped_endpoint	21-31	None-None	None-None	no	no	Rfam.seed.gz	15.1
RF00162__2GIS_A__4KQY_A	target	RF00162__4KQY_A	RF00162__2GIS_A	23	31	cWW	canonical	basepair	no	exact_class_preserved	unmapped_endpoint	unmapped_endpoint	22-30	None-None	None-None	no	no	Rfam.seed.gz	15.1
RF00162__2GIS_A__4KQY_A	target	RF00162__4KQY_A	RF00162__2GIS_A	24	30	cWW	canonical	basepair	no	exact_class_preserved	unmapped_endpoint	unmapped_endpoint	23-29	None-None	None-None	no	no	Rfam.seed.gz	15.1
RF00162__2GIS_A__4KQY_A	target	RF00162__4KQY_A	RF00162__2GIS_A	24	84	tSW	noncanonical	basepair	no	exact_class_preserved	unmapped_endpoint	unmapped_endpoint	23-62	None-None	None-None	no	no	Rfam.seed.gz	15.1
RF00162__2GIS_A__4KQY_A	target	RF00162__4KQY_A	RF00162__2GIS_A	25	110	cWS	noncanonical	basepair	no	no_annotated_target_pair	unmapped_endpoint	unmapped_endpoint	24-85	None-None	None-None	no	no	Rfam.seed.gz	15.1
RF00162__2GIS_A__4KQY_A	target	RF00162__4KQY_A	RF00162__2GIS_A	26	90	cWW	canonical	basepair	no	exact_class_preserved	unmapped_endpoint	unmapped_endpoint	25-68	None-None	None-None	no	no	Rfam.seed.gz	15.1
RF00162__2GIS_A__4KQY_A	target	RF00162__4KQY_A	RF00162__2GIS_A	27	89	cWW	canonical	basepair	no	exact_class_preserved	unmapped_endpoint	unmapped_endpoint	26-67	None-None	None-None	no	no	Rfam.seed.gz	15.1
RF00162__2GIS_A__4KQY_A	target	RF00162__4KQY_A	RF00162__2GIS_A	28	88	cWW	canonical	basepair	no	exact_class_preserved	unmapped_endpoint	unmapped_endpoint	27-66	None-None	None-None	no	no	Rfam.seed.gz	15.1
RF00162__2GIS_A__4KQY_A	target	RF00162__4KQY_A	RF00162__2GIS_A	29	87	cWW	canonical	basepair	no	exact_class_preserved	unmapped_endpoint	unmapped_endpoint	28-65	None-None	None-None	no	no	Rfam.seed.gz	15.1
RF00162__2GIS_A__4KQY_A	target	RF00162__4KQY_A	RF00162__2GIS_A	31	83	cSW	noncanonical	basepair	no	exact_class_preserved	unmapped_endpoint	unmapped_endpoint	30-61	None-None	None-None	no	no	Rfam.seed.gz	15.1
RF00162__2GIS_A__4KQY_A	target	RF00162__4KQY_A	RF00162__2GIS_A	44	82	cWW	canonical	basepair	no	exact_class_preserved	unmapped_endpoint	unmapped_endpoint	42-60	None-None	None-None	no	no	Rfam.seed.gz	15.1
RF00162__2GIS_A__4KQY_A	target	RF00162__4KQY_A	RF00162__2GIS_A	45	81	cWW	canonical	basepair	no	exact_class_preserved	unmapped_endpoint	unmapped_endpoint	43-59	19-None	19-None	no	no	Rfam.seed.gz	15.1
RF00162__2GIS_A__4KQY_A	target	RF00162__4KQY_A	RF00162__2GIS_A	46	80	cWW	canonical	basepair	no	exact_class_preserved	unmapped_endpoint	unmapped_endpoint	44-58	37-None	37-None	no	no	Rfam.seed.gz	15.1
RF00162__2GIS_A__4KQY_A	target	RF00162__4KQY_A	RF00162__2GIS_A	48	49	cSH	noncanonical	basepair	no	no_annotated_target_pair	different_class	different_class	46-47	39-40	39-40	yes	no	Rfam.seed.gz	15.1
RF00162__2GIS_A__4KQY_A	target	RF00162__4KQY_A	RF00162__2GIS_A	49	78	cWW	canonical	basepair	no	exact_class_preserved	unmapped_endpoint	unmapped_endpoint	47-56	40-None	40-None	no	no	Rfam.seed.gz	15.1
RF00162__2GIS_A__4KQY_A	target	RF00162__4KQY_A	RF00162__2GIS_A	50	77	cWW	canonical	basepair	no	exact_class_preserved	unmapped_endpoint	unmapped_endpoint	48-55	41-None	41-None	no	no	Rfam.seed.gz	15.1
RF00162__2GIS_A__4KQY_A	target	RF00162__4KQY_A	RF00162__2GIS_A	51	74	cWW	canonical	basepair	no	unmapped_endpoint	unmapped_endpoint	unmapped_endpoint	None-None	None-None	None-None	no	no	Rfam.seed.gz	15.1
RF00162__2GIS_A__4KQY_A	target	RF00162__4KQY_A	RF00162__2GIS_A	52	73	cWW	canonical	basepair	no	unmapped_endpoint	exact_class_preserved	exact_class_preserved	None-None	42-60	42-60	no	no	Rfam.seed.gz	15.1
RF00162__2GIS_A__4KQY_A	target	RF00162__4KQY_A	RF00162__2GIS_A	53	72	cWW	canonical	basepair	no	unmapped_endpoint	exact_class_preserved	exact_class_preserved	None-None	43-59	43-59	no	no	Rfam.seed.gz	15.1
RF00162__2GIS_A__4KQY_A	target	RF00162__4KQY_A	RF00162__2GIS_A	57	70	cWW	canonical	basepair	no	unmapped_endpoint	no_annotated_target_pair	no_annotated_target_pair	None-None	46-57	46-57	no	no	Rfam.seed.gz	15.1
RF00162__2GIS_A__4KQY_A	target	RF00162__4KQY_A	RF00162__2GIS_A	58	69	cWW	canonical	basepair	no	unmapped_endpoint	exact_class_preserved	exact_class_preserved	None-None	47-56	47-56	no	no	Rfam.seed.gz	15.1
RF00162__2GIS_A__4KQY_A	target	RF00162__4KQY_A	RF00162__2GIS_A	59	68	cWW	canonical	basepair	no	unmapped_endpoint	exact_class_preserved	exact_class_preserved	None-None	48-55	48-55	no	no	Rfam.seed.gz	15.1
RF00162__2GIS_A__4KQY_A	target	RF00162__4KQY_A	RF00162__2GIS_A	60	67	cWW	canonical	basepair	no	unmapped_endpoint	exact_class_preserved	exact_class_preserved	None-None	49-54	49-54	no	no	Rfam.seed.gz	15.1
RF00162__2GIS_A__4KQY_A	target	RF00162__4KQY_A	RF00162__2GIS_A	61	66	cWW	canonical	basepair	no	unmapped_endpoint	different_class	different_class	None-None	50-53	50-53	no	no	Rfam.seed.gz	15.1
RF00162__2GIS_A__4KQY_A	target	RF00162__4KQY_A	RF00162__2GIS_A	86	110	cWW	canonical	basepair	no	exact_class_preserved	unmapped_endpoint	unmapped_endpoint	64-85	None-None	None-None	no	no	Rfam.seed.gz	15.1
RF00162__2GIS_A__4KQY_A	target	RF00162__4KQY_A	RF00162__2GIS_A	91	107	cWW	canonical	basepair	no	exact_class_preserved	unmapped_endpoint	unmapped_endpoint	69-82	None-None	None-None	no	no	Rfam.seed.gz	15.1
RF00162__2GIS_A__4KQY_A	target	RF00162__4KQY_A	RF00162__2GIS_A	92	106	cWW	canonical	basepair	no	exact_class_preserved	unmapped_endpoint	unmapped_endpoint	70-81	None-None	None-None	no	no	Rfam.seed.gz	15.1
RF00162__2GIS_A__4KQY_A	target	RF00162__4KQY_A	RF00162__2GIS_A	94	104	cWW	canonical	basepair	no	exact_class_preserved	unmapped_endpoint	unmapped_endpoint	72-79	None-None	None-None	no	no	Rfam.seed.gz	15.1
RF00162__2GIS_A__4KQY_A	target	RF00162__4KQY_A	RF00162__2GIS_A	95	103	cWW	canonical	basepair	no	exact_class_preserved	unmapped_endpoint	unmapped_endpoint	73-78	None-None	None-None	no	no	Rfam.seed.gz	15.1
RF00162__2GIS_A__4KQY_A	target	RF00162__4KQY_A	RF00162__2GIS_A	1	2	s35	stack	stack	no	unmapped_endpoint	unmapped_endpoint	unmapped_endpoint	1-None	None-None	None-None	no	yes	Rfam.seed.gz	15.1
RF00162__2GIS_A__4KQY_A	target	RF00162__4KQY_A	RF00162__2GIS_A	2	3	s35	stack	stack	no	unmapped_endpoint	unmapped_endpoint	unmapped_endpoint	None-2	None-None	None-None	no	yes	Rfam.seed.gz	15.1
RF00162__2GIS_A__4KQY_A	target	RF00162__4KQY_A	RF00162__2GIS_A	3	118	ns55	stack	stack	no	unmapped_endpoint	unmapped_endpoint	unmapped_endpoint	2-None	None-None	None-None	no	yes	Rfam.seed.gz	15.1
RF00162__2GIS_A__4KQY_A	target	RF00162__4KQY_A	RF00162__2GIS_A	3	4	s35	stack	stack	no	exact_class_preserved	unmapped_endpoint	unmapped_endpoint	2-3	None-None	None-None	no	yes	Rfam.seed.gz	15.1
RF00162__2GIS_A__4KQY_A	target	RF00162__4KQY_A	RF00162__2GIS_A	4	117	ns55	stack	stack	no	no_annotated_target_pair	unmapped_endpoint	unmapped_endpoint	3-92	None-None	None-None	no	yes	Rfam.seed.gz	15.1
RF00162__2GIS_A__4KQY_A	target	RF00162__4KQY_A	RF00162__2GIS_A	4	5	s35	stack	stack	no	exact_class_preserved	unmapped_endpoint	unmapped_endpoint	3-4	None-None	None-None	no	no	Rfam.seed.gz	15.1
RF00162__2GIS_A__4KQY_A	target	RF00162__4KQY_A	RF00162__2GIS_A	5	6	s35	stack	stack	no	exact_class_preserved	unmapped_endpoint	unmapped_endpoint	4-5	None-None	None-None	no	no	Rfam.seed.gz	15.1
RF00162__2GIS_A__4KQY_A	target	RF00162__4KQY_A	RF00162__2GIS_A	5	116	s55	stack	stack	no	exact_class_preserved	unmapped_endpoint	unmapped_endpoint	4-91	None-None	None-None	no	no	Rfam.seed.gz	15.1
RF00162__2GIS_A__4KQY_A	target	RF00162__4KQY_A	RF00162__2GIS_A	6	7	s35	stack	stack	no	exact_class_preserved	unmapped_endpoint	unmapped_endpoint	5-6	None-None	None-None	no	no	Rfam.seed.gz	15.1
RF00162__2GIS_A__4KQY_A	target	RF00162__4KQY_A	RF00162__2GIS_A	7	8	s35	stack	stack	no	exact_class_preserved	unmapped_endpoint	unmapped_endpoint	6-7	None-None	None-None	no	no	Rfam.seed.gz	15.1
RF00162__2GIS_A__4KQY_A	target	RF00162__4KQY_A	RF00162__2GIS_A	7	114	s55	stack	stack	no	exact_class_preserved	unmapped_endpoint	unmapped_endpoint	6-89	None-None	None-None	no	no	Rfam.seed.gz	15.1
RF00162__2GIS_A__4KQY_A	target	RF00162__4KQY_A	RF00162__2GIS_A	8	9	s35	stack	stack	no	exact_class_preserved	unmapped_endpoint	unmapped_endpoint	7-8	None-None	None-None	no	no	Rfam.seed.gz	15.1
RF00162__2GIS_A__4KQY_A	target	RF00162__4KQY_A	RF00162__2GIS_A	9	86	ns35	stack	stack	no	exact_class_preserved	unmapped_endpoint	unmapped_endpoint	8-64	None-None	None-None	no	no	Rfam.seed.gz	15.1
RF00162__2GIS_A__4KQY_A	target	RF00162__4KQY_A	RF00162__2GIS_A	9	112	ns55	stack	stack	no	different_class	unmapped_endpoint	unmapped_endpoint	8-87	None-None	None-None	no	no	Rfam.seed.gz	15.1
RF00162__2GIS_A__4KQY_A	target	RF00162__4KQY_A	RF00162__2GIS_A	10	10	s33	stack	stack	no	no_annotated_target_pair	unmapped_endpoint	unmapped_endpoint	9-9	None-None	None-None	no	no	Rfam.seed.gz	15.1
RF00162__2GIS_A__4KQY_A	target	RF00162__4KQY_A	RF00162__2GIS_A	10	85	s55	stack	stack	no	no_annotated_target_pair	unmapped_endpoint	unmapped_endpoint	9-63	None-None	None-None	no	no	Rfam.seed.gz	15.1
RF00162__2GIS_A__4KQY_A	target	RF00162__4KQY_A	RF00162__2GIS_A	11	12	s35	stack	stack	no	exact_class_preserved	unmapped_endpoint	unmapped_endpoint	10-11	None-None	None-None	no	no	Rfam.seed.gz	15.1
RF00162__2GIS_A__4KQY_A	target	RF00162__4KQY_A	RF00162__2GIS_A	12	13	s35	stack	stack	no	exact_class_preserved	unmapped_endpoint	unmapped_endpoint	11-12	None-None	None-None	no	no	Rfam.seed.gz	15.1
RF00162__2GIS_A__4KQY_A	target	RF00162__4KQY_A	RF00162__2GIS_A	14	82	ns53	stack	stack	no	no_annotated_target_pair	unmapped_endpoint	unmapped_endpoint	13-60	None-None	None-None	no	no	Rfam.seed.gz	15.1
RF00162__2GIS_A__4KQY_A	target	RF00162__4KQY_A	RF00162__2GIS_A	14	15	s35	stack	stack	no	no_annotated_target_pair	unmapped_endpoint	unmapped_endpoint	13-14	None-None	None-None	no	no	Rfam.seed.gz	15.1
RF00162__2GIS_A__4KQY_A	target	RF00162__4KQY_A	RF00162__2GIS_A	14	44	s55	stack	stack	no	exact_class_preserved	unmapped_endpoint	unmapped_endpoint	13-42	None-None	None-None	no	no	Rfam.seed.gz	15.1
RF00162__2GIS_A__4KQY_A	target	RF00162__4KQY_A	RF00162__2GIS_A	15	16	s35	stack	stack	no	no_annotated_target_pair	unmapped_endpoint	unmapped_endpoint	14-15	None-None	None-None	no	no	Rfam.seed.gz	15.1
RF00162__2GIS_A__4KQY_A	target	RF00162__4KQY_A	RF00162__2GIS_A	16	42	ns55	stack	stack	no	unmapped_endpoint	unmapped_endpoint	unmapped_endpoint	15-None	None-None	None-None	no	no	Rfam.seed.gz	15.1
RF00162__2GIS_A__4KQY_A	target	RF00162__4KQY_A	RF00162__2GIS_A	16	17	s35	stack	stack	no	exact_class_preserved	unmapped_endpoint	unmapped_endpoint	15-16	None-None	None-None	no	no	Rfam.seed.gz	15.1
RF00162__2GIS_A__4KQY_A	target	RF00162__4KQY_A	RF00162__2GIS_A	17	18	s35	stack	stack	no	exact_class_preserved	unmapped_endpoint	unmapped_endpoint	16-17	None-None	None-None	no	no	Rfam.seed.gz	15.1
RF00162__2GIS_A__4KQY_A	target	RF00162__4KQY_A	RF00162__2GIS_A	17	41	s55	stack	stack	no	exact_class_preserved	unmapped_endpoint	unmapped_endpoint	16-40	None-None	None-None	no	no	Rfam.seed.gz	15.1
RF00162__2GIS_A__4KQY_A	target	RF00162__4KQY_A	RF00162__2GIS_A	18	19	s35	stack	stack	no	exact_class_preserved	unmapped_endpoint	unmapped_endpoint	17-18	None-None	None-None	no	no	Rfam.seed.gz	15.1
RF00162__2GIS_A__4KQY_A	target	RF00162__4KQY_A	RF00162__2GIS_A	19	20	s35	stack	stack	no	exact_class_preserved	unmapped_endpoint	unmapped_endpoint	18-19	None-None	None-None	no	no	Rfam.seed.gz	15.1
RF00162__2GIS_A__4KQY_A	target	RF00162__4KQY_A	RF00162__2GIS_A	20	36	s33	stack	stack	no	exact_class_preserved	unmapped_endpoint	unmapped_endpoint	19-35	None-None	None-None	no	no	Rfam.seed.gz	15.1
RF00162__2GIS_A__4KQY_A	target	RF00162__4KQY_A	RF00162__2GIS_A	21	22	ns55	stack	stack	no	no_annotated_target_pair	unmapped_endpoint	unmapped_endpoint	20-21	None-None	None-None	no	no	Rfam.seed.gz	15.1
RF00162__2GIS_A__4KQY_A	target	RF00162__4KQY_A	RF00162__2GIS_A	21	34	s33	stack	stack	no	exact_class_preserved	unmapped_endpoint	unmapped_endpoint	20-33	None-None	None-None	no	no	Rfam.seed.gz	15.1
RF00162__2GIS_A__4KQY_A	target	RF00162__4KQY_A	RF00162__2GIS_A	21	37	s55	stack	stack	no	exact_class_preserved	unmapped_endpoint	unmapped_endpoint	20-36	None-None	None-None	no	no	Rfam.seed.gz	15.1
RF00162__2GIS_A__4KQY_A	target	RF00162__4KQY_A	RF00162__2GIS_A	22	23	s35	stack	stack	no	exact_class_preserved	unmapped_endpoint	unmapped_endpoint	21-22	None-None	None-None	no	no	Rfam.seed.gz	15.1
RF00162__2GIS_A__4KQY_A	target	RF00162__4KQY_A	RF00162__2GIS_A	22	33	s55	stack	stack	no	exact_class_preserved	unmapped_endpoint	unmapped_endpoint	21-32	None-None	None-None	no	no	Rfam.seed.gz	15.1
RF00162__2GIS_A__4KQY_A	target	RF00162__4KQY_A	RF00162__2GIS_A	23	24	s35	stack	stack	no	exact_class_preserved	unmapped_endpoint	unmapped_endpoint	22-23	None-None	None-None	no	no	Rfam.seed.gz	15.1
RF00162__2GIS_A__4KQY_A	target	RF00162__4KQY_A	RF00162__2GIS_A	23	32	s55	stack	stack	no	exact_class_preserved	unmapped_endpoint	unmapped_endpoint	22-31	None-None	None-None	no	no	Rfam.seed.gz	15.1
RF00162__2GIS_A__4KQY_A	target	RF00162__4KQY_A	RF00162__2GIS_A	24	87	ns35	stack	stack	no	different_class	unmapped_endpoint	unmapped_endpoint	23-65	None-None	None-None	no	no	Rfam.seed.gz	15.1
RF00162__2GIS_A__4KQY_A	target	RF00162__4KQY_A	RF00162__2GIS_A	24	31	s55	stack	stack	no	exact_class_preserved	unmapped_endpoint	unmapped_endpoint	23-30	None-None	None-None	no	no	Rfam.seed.gz	15.1
RF00162__2GIS_A__4KQY_A	target	RF00162__4KQY_A	RF00162__2GIS_A	25	26	s35	stack	stack	no	exact_class_preserved	unmapped_endpoint	unmapped_endpoint	24-25	None-None	None-None	no	no	Rfam.seed.gz	15.1
RF00162__2GIS_A__4KQY_A	target	RF00162__4KQY_A	RF00162__2GIS_A	26	27	s35	stack	stack	no	different_class	unmapped_endpoint	unmapped_endpoint	25-26	None-None	None-None	no	no	Rfam.seed.gz	15.1
RF00162__2GIS_A__4KQY_A	target	RF00162__4KQY_A	RF00162__2GIS_A	27	28	s35	stack	stack	no	exact_class_preserved	unmapped_endpoint	unmapped_endpoint	26-27	None-None	None-None	no	no	Rfam.seed.gz	15.1
RF00162__2GIS_A__4KQY_A	target	RF00162__4KQY_A	RF00162__2GIS_A	27	90	s55	stack	stack	no	exact_class_preserved	unmapped_endpoint	unmapped_endpoint	26-68	None-None	None-None	no	no	Rfam.seed.gz	15.1
RF00162__2GIS_A__4KQY_A	target	RF00162__4KQY_A	RF00162__2GIS_A	28	29	s35	stack	stack	no	exact_class_preserved	unmapped_endpoint	unmapped_endpoint	27-28	None-None	None-None	no	no	Rfam.seed.gz	15.1
RF00162__2GIS_A__4KQY_A	target	RF00162__4KQY_A	RF00162__2GIS_A	28	89	s55	stack	stack	no	different_class	unmapped_endpoint	unmapped_endpoint	27-67	None-None	None-None	no	no	Rfam.seed.gz	15.1
RF00162__2GIS_A__4KQY_A	target	RF00162__4KQY_A	RF00162__2GIS_A	29	30	s35	stack	stack	no	exact_class_preserved	unmapped_endpoint	unmapped_endpoint	28-29	None-None	None-None	no	no	Rfam.seed.gz	15.1
RF00162__2GIS_A__4KQY_A	target	RF00162__4KQY_A	RF00162__2GIS_A	29	88	s55	stack	stack	no	exact_class_preserved	unmapped_endpoint	unmapped_endpoint	28-66	None-None	None-None	no	no	Rfam.seed.gz	15.1
RF00162__2GIS_A__4KQY_A	target	RF00162__4KQY_A	RF00162__2GIS_A	30	31	s35	stack	stack	no	exact_class_preserved	unmapped_endpoint	unmapped_endpoint	29-30	None-None	None-None	no	no	Rfam.seed.gz	15.1
RF00162__2GIS_A__4KQY_A	target	RF00162__4KQY_A	RF00162__2GIS_A	31	32	s35	stack	stack	no	exact_class_preserved	unmapped_endpoint	unmapped_endpoint	30-31	None-None	None-None	no	no	Rfam.seed.gz	15.1
RF00162__2GIS_A__4KQY_A	target	RF00162__4KQY_A	RF00162__2GIS_A	32	33	s35	stack	stack	no	exact_class_preserved	unmapped_endpoint	unmapped_endpoint	31-32	None-None	None-None	no	no	Rfam.seed.gz	15.1
RF00162__2GIS_A__4KQY_A	target	RF00162__4KQY_A	RF00162__2GIS_A	34	36	s35	stack	stack	no	exact_class_preserved	unmapped_endpoint	unmapped_endpoint	33-35	None-None	None-None	no	no	Rfam.seed.gz	15.1
RF00162__2GIS_A__4KQY_A	target	RF00162__4KQY_A	RF00162__2GIS_A	37	38	s35	stack	stack	no	exact_class_preserved	unmapped_endpoint	unmapped_endpoint	36-37	None-None	None-None	no	no	Rfam.seed.gz	15.1
RF00162__2GIS_A__4KQY_A	target	RF00162__4KQY_A	RF00162__2GIS_A	38	39	s35	stack	stack	no	exact_class_preserved	unmapped_endpoint	unmapped_endpoint	37-38	None-None	None-None	no	no	Rfam.seed.gz	15.1
RF00162__2GIS_A__4KQY_A	target	RF00162__4KQY_A	RF00162__2GIS_A	39	40	s35	stack	stack	no	exact_class_preserved	unmapped_endpoint	unmapped_endpoint	38-39	None-None	None-None	no	no	Rfam.seed.gz	15.1
RF00162__2GIS_A__4KQY_A	target	RF00162__4KQY_A	RF00162__2GIS_A	40	41	s35	stack	stack	no	exact_class_preserved	unmapped_endpoint	unmapped_endpoint	39-40	None-None	None-None	no	no	Rfam.seed.gz	15.1
RF00162__2GIS_A__4KQY_A	target	RF00162__4KQY_A	RF00162__2GIS_A	41	42	s35	stack	stack	no	unmapped_endpoint	unmapped_endpoint	unmapped_endpoint	40-None	None-None	None-None	no	no	Rfam.seed.gz	15.1
RF00162__2GIS_A__4KQY_A	target	RF00162__4KQY_A	RF00162__2GIS_A	42	43	s35	stack	stack	no	unmapped_endpoint	unmapped_endpoint	unmapped_endpoint	None-41	None-None	None-None	no	no	Rfam.seed.gz	15.1
RF00162__2GIS_A__4KQY_A	target	RF00162__4KQY_A	RF00162__2GIS_A	43	44	s35	stack	stack	no	exact_class_preserved	unmapped_endpoint	unmapped_endpoint	41-42	None-None	None-None	no	no	Rfam.seed.gz	15.1
RF00162__2GIS_A__4KQY_A	target	RF00162__4KQY_A	RF00162__2GIS_A	44	45	s35	stack	stack	no	exact_class_preserved	unmapped_endpoint	unmapped_endpoint	42-43	None-19	None-19	no	no	Rfam.seed.gz	15.1
RF00162__2GIS_A__4KQY_A	target	RF00162__4KQY_A	RF00162__2GIS_A	45	46	s35	stack	stack	no	exact_class_preserved	no_annotated_target_pair	no_annotated_target_pair	43-44	19-37	19-37	yes	no	Rfam.seed.gz	15.1
RF00162__2GIS_A__4KQY_A	target	RF00162__4KQY_A	RF00162__2GIS_A	45	82	s55	stack	stack	no	exact_class_preserved	unmapped_endpoint	unmapped_endpoint	43-60	19-None	19-None	no	no	Rfam.seed.gz	15.1
RF00162__2GIS_A__4KQY_A	target	RF00162__4KQY_A	RF00162__2GIS_A	46	47	s35	stack	stack	no	exact_class_preserved	exact_class_preserved	exact_class_preserved	44-45	37-38	37-38	yes	no	Rfam.seed.gz	15.1
RF00162__2GIS_A__4KQY_A	target	RF00162__4KQY_A	RF00162__2GIS_A	47	80	ns55	stack	stack	no	different_class	unmapped_endpoint	unmapped_endpoint	45-58	38-None	38-None	no	no	Rfam.seed.gz	15.1
RF00162__2GIS_A__4KQY_A	target	RF00162__4KQY_A	RF00162__2GIS_A	47	48	s35	stack	stack	no	exact_class_preserved	exact_class_preserved	exact_class_preserved	45-46	38-39	38-39	yes	no	Rfam.seed.gz	15.1
RF00162__2GIS_A__4KQY_A	target	RF00162__4KQY_A	RF00162__2GIS_A	48	75	s33	stack	stack	no	no_annotated_target_pair	unmapped_endpoint	unmapped_endpoint	46-53	39-None	39-None	no	no	Rfam.seed.gz	15.1
RF00162__2GIS_A__4KQY_A	target	RF00162__4KQY_A	RF00162__2GIS_A	49	50	s35	stack	stack	no	exact_class_preserved	exact_class_preserved	exact_class_preserved	47-48	40-41	40-41	yes	no	Rfam.seed.gz	15.1
RF00162__2GIS_A__4KQY_A	target	RF00162__4KQY_A	RF00162__2GIS_A	50	51	s35	stack	stack	no	unmapped_endpoint	unmapped_endpoint	unmapped_endpoint	48-None	41-None	41-None	no	no	Rfam.seed.gz	15.1
RF00162__2GIS_A__4KQY_A	target	RF00162__4KQY_A	RF00162__2GIS_A	50	78	s55	stack	stack	no	exact_class_preserved	unmapped_endpoint	unmapped_endpoint	48-56	41-None	41-None	no	no	Rfam.seed.gz	15.1
RF00162__2GIS_A__4KQY_A	target	RF00162__4KQY_A	RF00162__2GIS_A	51	52	s35	stack	stack	no	unmapped_endpoint	unmapped_endpoint	unmapped_endpoint	None-None	None-42	None-42	no	no	Rfam.seed.gz	15.1
RF00162__2GIS_A__4KQY_A	target	RF00162__4KQY_A	RF00162__2GIS_A	51	75	s55	stack	stack	no	unmapped_endpoint	unmapped_endpoint	unmapped_endpoint	None-53	None-None	None-None	no	no	Rfam.seed.gz	15.1
RF00162__2GIS_A__4KQY_A	target	RF00162__4KQY_A	RF00162__2GIS_A	52	53	s35	stack	stack	no	unmapped_endpoint	exact_class_preserved	exact_class_preserved	None-None	42-43	42-43	no	no	Rfam.seed.gz	15.1
RF00162__2GIS_A__4KQY_A	target	RF00162__4KQY_A	RF00162__2GIS_A	52	74	s55	stack	stack	no	unmapped_endpoint	unmapped_endpoint	unmapped_endpoint	None-None	42-None	42-None	no	no	Rfam.seed.gz	15.1
RF00162__2GIS_A__4KQY_A	target	RF00162__4KQY_A	RF00162__2GIS_A	53	54	s35	stack	stack	no	unmapped_endpoint	exact_class_preserved	exact_class_preserved	None-None	43-44	43-44	no	no	Rfam.seed.gz	15.1
RF00162__2GIS_A__4KQY_A	target	RF00162__4KQY_A	RF00162__2GIS_A	54	72	ns55	stack	stack	no	unmapped_endpoint	no_annotated_target_pair	no_annotated_target_pair	None-None	44-59	44-59	no	no	Rfam.seed.gz	15.1
RF00162__2GIS_A__4KQY_A	target	RF00162__4KQY_A	RF00162__2GIS_A	54	56	s35	stack	stack	no	unmapped_endpoint	exact_class_preserved	exact_class_preserved	None-None	44-45	44-45	no	no	Rfam.seed.gz	15.1
RF00162__2GIS_A__4KQY_A	target	RF00162__4KQY_A	RF00162__2GIS_A	56	57	s35	stack	stack	no	unmapped_endpoint	exact_class_preserved	exact_class_preserved	None-None	45-46	45-46	no	no	Rfam.seed.gz	15.1
RF00162__2GIS_A__4KQY_A	target	RF00162__4KQY_A	RF00162__2GIS_A	56	71	s55	stack	stack	no	unmapped_endpoint	exact_class_preserved	exact_class_preserved	None-None	45-58	45-58	no	no	Rfam.seed.gz	15.1
RF00162__2GIS_A__4KQY_A	target	RF00162__4KQY_A	RF00162__2GIS_A	57	58	s35	stack	stack	no	unmapped_endpoint	no_annotated_target_pair	no_annotated_target_pair	None-None	46-47	46-47	no	no	Rfam.seed.gz	15.1
RF00162__2GIS_A__4KQY_A	target	RF00162__4KQY_A	RF00162__2GIS_A	58	59	s35	stack	stack	no	unmapped_endpoint	exact_class_preserved	exact_class_preserved	None-None	47-48	47-48	no	no	Rfam.seed.gz	15.1
RF00162__2GIS_A__4KQY_A	target	RF00162__4KQY_A	RF00162__2GIS_A	59	60	s35	stack	stack	no	unmapped_endpoint	exact_class_preserved	exact_class_preserved	None-None	48-49	48-49	no	no	Rfam.seed.gz	15.1
RF00162__2GIS_A__4KQY_A	target	RF00162__4KQY_A	RF00162__2GIS_A	59	69	s55	stack	stack	no	unmapped_endpoint	exact_class_preserved	exact_class_preserved	None-None	48-56	48-56	no	no	Rfam.seed.gz	15.1
RF00162__2GIS_A__4KQY_A	target	RF00162__4KQY_A	RF00162__2GIS_A	60	61	s35	stack	stack	no	unmapped_endpoint	exact_class_preserved	exact_class_preserved	None-None	49-50	49-50	no	no	Rfam.seed.gz	15.1
RF00162__2GIS_A__4KQY_A	target	RF00162__4KQY_A	RF00162__2GIS_A	60	68	s55	stack	stack	no	unmapped_endpoint	exact_class_preserved	exact_class_preserved	None-None	49-55	49-55	no	no	Rfam.seed.gz	15.1
RF00162__2GIS_A__4KQY_A	target	RF00162__4KQY_A	RF00162__2GIS_A	61	62	s35	stack	stack	no	unmapped_endpoint	unmapped_endpoint	unmapped_endpoint	None-None	50-None	50-None	no	no	Rfam.seed.gz	15.1
RF00162__2GIS_A__4KQY_A	target	RF00162__4KQY_A	RF00162__2GIS_A	62	66	s55	stack	stack	no	unmapped_endpoint	unmapped_endpoint	unmapped_endpoint	None-None	None-53	None-53	no	no	Rfam.seed.gz	15.1
RF00162__2GIS_A__4KQY_A	target	RF00162__4KQY_A	RF00162__2GIS_A	63	64	ns35	stack	stack	yes	unmapped_endpoint	unmapped_endpoint	unmapped_endpoint	None-None	None-51	None-51	no	no	Rfam.seed.gz	15.1
RF00162__2GIS_A__4KQY_A	target	RF00162__4KQY_A	RF00162__2GIS_A	64	65	s35	stack	stack	yes	unmapped_endpoint	exact_class_preserved	exact_class_preserved	None-None	51-52	51-52	no	no	Rfam.seed.gz	15.1
RF00162__2GIS_A__4KQY_A	target	RF00162__4KQY_A	RF00162__2GIS_A	65	66	ns35	stack	stack	no	unmapped_endpoint	different_class	different_class	None-None	52-53	52-53	no	no	Rfam.seed.gz	15.1
RF00162__2GIS_A__4KQY_A	target	RF00162__4KQY_A	RF00162__2GIS_A	66	67	s35	stack	stack	no	unmapped_endpoint	different_class	different_class	None-None	53-54	53-54	no	no	Rfam.seed.gz	15.1
RF00162__2GIS_A__4KQY_A	target	RF00162__4KQY_A	RF00162__2GIS_A	67	68	s35	stack	stack	no	unmapped_endpoint	exact_class_preserved	exact_class_preserved	None-None	54-55	54-55	no	no	Rfam.seed.gz	15.1
RF00162__2GIS_A__4KQY_A	target	RF00162__4KQY_A	RF00162__2GIS_A	68	69	s35	stack	stack	no	unmapped_endpoint	exact_class_preserved	exact_class_preserved	None-None	55-56	55-56	no	no	Rfam.seed.gz	15.1
RF00162__2GIS_A__4KQY_A	target	RF00162__4KQY_A	RF00162__2GIS_A	69	70	s35	stack	stack	no	unmapped_endpoint	exact_class_preserved	exact_class_preserved	None-None	56-57	56-57	no	no	Rfam.seed.gz	15.1
RF00162__2GIS_A__4KQY_A	target	RF00162__4KQY_A	RF00162__2GIS_A	71	72	s35	stack	stack	no	unmapped_endpoint	exact_class_preserved	exact_class_preserved	None-None	58-59	58-59	no	no	Rfam.seed.gz	15.1
RF00162__2GIS_A__4KQY_A	target	RF00162__4KQY_A	RF00162__2GIS_A	72	73	s35	stack	stack	no	unmapped_endpoint	exact_class_preserved	exact_class_preserved	None-None	59-60	59-60	no	no	Rfam.seed.gz	15.1
RF00162__2GIS_A__4KQY_A	target	RF00162__4KQY_A	RF00162__2GIS_A	73	74	s35	stack	stack	no	unmapped_endpoint	unmapped_endpoint	unmapped_endpoint	None-None	60-None	60-None	no	no	Rfam.seed.gz	15.1
RF00162__2GIS_A__4KQY_A	target	RF00162__4KQY_A	RF00162__2GIS_A	74	75	s35	stack	stack	no	unmapped_endpoint	unmapped_endpoint	unmapped_endpoint	None-53	None-None	None-None	no	no	Rfam.seed.gz	15.1
RF00162__2GIS_A__4KQY_A	target	RF00162__4KQY_A	RF00162__2GIS_A	77	78	s35	stack	stack	no	exact_class_preserved	unmapped_endpoint	unmapped_endpoint	55-56	None-None	None-None	no	no	Rfam.seed.gz	15.1
RF00162__2GIS_A__4KQY_A	target	RF00162__4KQY_A	RF00162__2GIS_A	78	79	s35	stack	stack	no	exact_class_preserved	unmapped_endpoint	unmapped_endpoint	56-57	None-None	None-None	no	no	Rfam.seed.gz	15.1
RF00162__2GIS_A__4KQY_A	target	RF00162__4KQY_A	RF00162__2GIS_A	79	80	s35	stack	stack	no	exact_class_preserved	unmapped_endpoint	unmapped_endpoint	57-58	None-None	None-None	no	no	Rfam.seed.gz	15.1
RF00162__2GIS_A__4KQY_A	target	RF00162__4KQY_A	RF00162__2GIS_A	80	81	s35	stack	stack	no	exact_class_preserved	unmapped_endpoint	unmapped_endpoint	58-59	None-None	None-None	no	no	Rfam.seed.gz	15.1
RF00162__2GIS_A__4KQY_A	target	RF00162__4KQY_A	RF00162__2GIS_A	81	82	s35	stack	stack	no	exact_class_preserved	unmapped_endpoint	unmapped_endpoint	59-60	None-None	None-None	no	no	Rfam.seed.gz	15.1
RF00162__2GIS_A__4KQY_A	target	RF00162__4KQY_A	RF00162__2GIS_A	83	84	s35	stack	stack	no	exact_class_preserved	unmapped_endpoint	unmapped_endpoint	61-62	None-None	None-None	no	no	Rfam.seed.gz	15.1
RF00162__2GIS_A__4KQY_A	target	RF00162__4KQY_A	RF00162__2GIS_A	84	87	s35	stack	stack	no	exact_class_preserved	unmapped_endpoint	unmapped_endpoint	62-65	None-None	None-None	no	no	Rfam.seed.gz	15.1
RF00162__2GIS_A__4KQY_A	target	RF00162__4KQY_A	RF00162__2GIS_A	86	111	s55	stack	stack	no	exact_class_preserved	unmapped_endpoint	unmapped_endpoint	64-86	None-None	None-None	no	no	Rfam.seed.gz	15.1
RF00162__2GIS_A__4KQY_A	target	RF00162__4KQY_A	RF00162__2GIS_A	87	88	s35	stack	stack	no	exact_class_preserved	unmapped_endpoint	unmapped_endpoint	65-66	None-None	None-None	no	no	Rfam.seed.gz	15.1
RF00162__2GIS_A__4KQY_A	target	RF00162__4KQY_A	RF00162__2GIS_A	88	89	s35	stack	stack	no	exact_class_preserved	unmapped_endpoint	unmapped_endpoint	66-67	None-None	None-None	no	no	Rfam.seed.gz	15.1
RF00162__2GIS_A__4KQY_A	target	RF00162__4KQY_A	RF00162__2GIS_A	89	90	s35	stack	stack	no	exact_class_preserved	unmapped_endpoint	unmapped_endpoint	67-68	None-None	None-None	no	no	Rfam.seed.gz	15.1
RF00162__2GIS_A__4KQY_A	target	RF00162__4KQY_A	RF00162__2GIS_A	91	92	s35	stack	stack	no	exact_class_preserved	unmapped_endpoint	unmapped_endpoint	69-70	None-None	None-None	no	no	Rfam.seed.gz	15.1
RF00162__2GIS_A__4KQY_A	target	RF00162__4KQY_A	RF00162__2GIS_A	91	108	s55	stack	stack	no	exact_class_preserved	unmapped_endpoint	unmapped_endpoint	69-83	None-None	None-None	no	no	Rfam.seed.gz	15.1
RF00162__2GIS_A__4KQY_A	target	RF00162__4KQY_A	RF00162__2GIS_A	92	93	s35	stack	stack	no	exact_class_preserved	unmapped_endpoint	unmapped_endpoint	70-71	None-None	None-None	no	no	Rfam.seed.gz	15.1
RF00162__2GIS_A__4KQY_A	target	RF00162__4KQY_A	RF00162__2GIS_A	92	107	s55	stack	stack	no	exact_class_preserved	unmapped_endpoint	unmapped_endpoint	70-82	None-None	None-None	no	no	Rfam.seed.gz	15.1
RF00162__2GIS_A__4KQY_A	target	RF00162__4KQY_A	RF00162__2GIS_A	93	94	s35	stack	stack	no	exact_class_preserved	unmapped_endpoint	unmapped_endpoint	71-72	None-None	None-None	no	no	Rfam.seed.gz	15.1
RF00162__2GIS_A__4KQY_A	target	RF00162__4KQY_A	RF00162__2GIS_A	93	106	s55	stack	stack	no	exact_class_preserved	unmapped_endpoint	unmapped_endpoint	71-81	None-None	None-None	no	no	Rfam.seed.gz	15.1
RF00162__2GIS_A__4KQY_A	target	RF00162__4KQY_A	RF00162__2GIS_A	94	95	s35	stack	stack	no	exact_class_preserved	unmapped_endpoint	unmapped_endpoint	72-73	None-None	None-None	no	no	Rfam.seed.gz	15.1
RF00162__2GIS_A__4KQY_A	target	RF00162__4KQY_A	RF00162__2GIS_A	94	105	s55	stack	stack	no	no_annotated_target_pair	unmapped_endpoint	unmapped_endpoint	72-80	None-None	None-None	no	yes	Rfam.seed.gz	15.1
RF00162__2GIS_A__4KQY_A	target	RF00162__4KQY_A	RF00162__2GIS_A	95	96	s35	stack	stack	no	unmapped_endpoint	unmapped_endpoint	unmapped_endpoint	73-None	None-None	None-None	no	no	Rfam.seed.gz	15.1
RF00162__2GIS_A__4KQY_A	target	RF00162__4KQY_A	RF00162__2GIS_A	96	97	s35	stack	stack	no	unmapped_endpoint	unmapped_endpoint	unmapped_endpoint	None-None	None-None	None-None	no	no	Rfam.seed.gz	15.1
RF00162__2GIS_A__4KQY_A	target	RF00162__4KQY_A	RF00162__2GIS_A	96	103	s55	stack	stack	no	unmapped_endpoint	unmapped_endpoint	unmapped_endpoint	None-78	None-None	None-None	no	no	Rfam.seed.gz	15.1
RF00162__2GIS_A__4KQY_A	target	RF00162__4KQY_A	RF00162__2GIS_A	97	99	ns33	stack	stack	no	unmapped_endpoint	unmapped_endpoint	unmapped_endpoint	None-74	None-None	None-None	no	no	Rfam.seed.gz	15.1
RF00162__2GIS_A__4KQY_A	target	RF00162__4KQY_A	RF00162__2GIS_A	98	99	s35	stack	stack	no	unmapped_endpoint	unmapped_endpoint	unmapped_endpoint	None-74	None-None	None-None	no	no	Rfam.seed.gz	15.1
RF00162__2GIS_A__4KQY_A	target	RF00162__4KQY_A	RF00162__2GIS_A	99	100	s35	stack	stack	no	no_annotated_target_pair	unmapped_endpoint	unmapped_endpoint	74-75	None-None	None-None	no	yes	Rfam.seed.gz	15.1
RF00162__2GIS_A__4KQY_A	target	RF00162__4KQY_A	RF00162__2GIS_A	100	101	s35	stack	stack	no	exact_class_preserved	unmapped_endpoint	unmapped_endpoint	75-76	None-None	None-None	no	yes	Rfam.seed.gz	15.1
RF00162__2GIS_A__4KQY_A	target	RF00162__4KQY_A	RF00162__2GIS_A	103	104	s35	stack	stack	no	exact_class_preserved	unmapped_endpoint	unmapped_endpoint	78-79	None-None	None-None	no	no	Rfam.seed.gz	15.1
RF00162__2GIS_A__4KQY_A	target	RF00162__4KQY_A	RF00162__2GIS_A	104	105	ns35	stack	stack	no	different_class	unmapped_endpoint	unmapped_endpoint	79-80	None-None	None-None	no	yes	Rfam.seed.gz	15.1
RF00162__2GIS_A__4KQY_A	target	RF00162__4KQY_A	RF00162__2GIS_A	105	106	s35	stack	stack	no	exact_class_preserved	unmapped_endpoint	unmapped_endpoint	80-81	None-None	None-None	no	yes	Rfam.seed.gz	15.1
RF00162__2GIS_A__4KQY_A	target	RF00162__4KQY_A	RF00162__2GIS_A	106	107	s35	stack	stack	no	exact_class_preserved	unmapped_endpoint	unmapped_endpoint	81-82	None-None	None-None	no	no	Rfam.seed.gz	15.1
RF00162__2GIS_A__4KQY_A	target	RF00162__4KQY_A	RF00162__2GIS_A	107	108	s35	stack	stack	no	exact_class_preserved	unmapped_endpoint	unmapped_endpoint	82-83	None-None	None-None	no	no	Rfam.seed.gz	15.1
RF00162__2GIS_A__4KQY_A	target	RF00162__4KQY_A	RF00162__2GIS_A	108	109	s35	stack	stack	no	exact_class_preserved	unmapped_endpoint	unmapped_endpoint	83-84	None-None	None-None	no	no	Rfam.seed.gz	15.1
RF00162__2GIS_A__4KQY_A	target	RF00162__4KQY_A	RF00162__2GIS_A	109	110	s35	stack	stack	no	exact_class_preserved	unmapped_endpoint	unmapped_endpoint	84-85	None-None	None-None	no	no	Rfam.seed.gz	15.1
RF00162__2GIS_A__4KQY_A	target	RF00162__4KQY_A	RF00162__2GIS_A	110	111	s35	stack	stack	no	exact_class_preserved	unmapped_endpoint	unmapped_endpoint	85-86	None-None	None-None	no	no	Rfam.seed.gz	15.1
RF00162__2GIS_A__4KQY_A	target	RF00162__4KQY_A	RF00162__2GIS_A	111	112	s35	stack	stack	no	exact_class_preserved	unmapped_endpoint	unmapped_endpoint	86-87	None-None	None-None	no	no	Rfam.seed.gz	15.1
RF00162__2GIS_A__4KQY_A	target	RF00162__4KQY_A	RF00162__2GIS_A	112	113	s35	stack	stack	no	exact_class_preserved	unmapped_endpoint	unmapped_endpoint	87-88	None-None	None-None	no	no	Rfam.seed.gz	15.1
RF00162__2GIS_A__4KQY_A	target	RF00162__4KQY_A	RF00162__2GIS_A	113	114	s35	stack	stack	no	exact_class_preserved	unmapped_endpoint	unmapped_endpoint	88-89	None-None	None-None	no	no	Rfam.seed.gz	15.1
RF00162__2GIS_A__4KQY_A	target	RF00162__4KQY_A	RF00162__2GIS_A	114	115	s35	stack	stack	no	exact_class_preserved	unmapped_endpoint	unmapped_endpoint	89-90	None-None	None-None	no	no	Rfam.seed.gz	15.1
RF00162__2GIS_A__4KQY_A	target	RF00162__4KQY_A	RF00162__2GIS_A	115	116	s35	stack	stack	no	exact_class_preserved	unmapped_endpoint	unmapped_endpoint	90-91	None-None	None-None	no	no	Rfam.seed.gz	15.1
RF00162__2GIS_A__4KQY_A	target	RF00162__4KQY_A	RF00162__2GIS_A	116	117	s35	stack	stack	no	exact_class_preserved	unmapped_endpoint	unmapped_endpoint	91-92	None-None	None-None	no	yes	Rfam.seed.gz	15.1
RF00162__2GIS_A__4KQY_A	target	RF00162__4KQY_A	RF00162__2GIS_A	117	118	s35	stack	stack	no	unmapped_endpoint	unmapped_endpoint	unmapped_endpoint	92-None	None-None	None-None	no	yes	Rfam.seed.gz	15.1
RF00162__2GIS_A__4KQY_A	target	RF00162__4KQY_A	RF00162__2GIS_A	118	119	s35	stack	stack	no	unmapped_endpoint	unmapped_endpoint	unmapped_endpoint	None-93	None-None	None-None	no	yes	Rfam.seed.gz	15.1
RF00174__4GXY_A__6VMY_A	query	RF00174__4GXY_A	RF00174__6VMY_A	2	171	cWW	wobble	basepair	yes	no_annotated_target_pair	unmapped_endpoint	unmapped_endpoint	4-121	None-None	None-None	no	no	Rfam.seed.gz	15.1
RF00174__4GXY_A__6VMY_A	query	RF00174__4GXY_A	RF00174__6VMY_A	3	170	cWW	canonical	basepair	no	no_annotated_target_pair	unmapped_endpoint	unmapped_endpoint	5-120	None-None	None-None	no	no	Rfam.seed.gz	15.1
RF00174__4GXY_A__6VMY_A	query	RF00174__4GXY_A	RF00174__6VMY_A	4	169	cWW	canonical	basepair	no	no_annotated_target_pair	unmapped_endpoint	unmapped_endpoint	6-118	None-None	None-None	no	no	Rfam.seed.gz	15.1
RF00174__4GXY_A__6VMY_A	query	RF00174__4GXY_A	RF00174__6VMY_A	6	167	cWW	canonical	basepair	no	no_annotated_target_pair	unmapped_endpoint	unmapped_endpoint	8-116	None-None	None-None	no	no	Rfam.seed.gz	15.1
RF00174__4GXY_A__6VMY_A	query	RF00174__4GXY_A	RF00174__6VMY_A	7	166	cWW	canonical	basepair	no	exact_class_preserved	unmapped_endpoint	unmapped_endpoint	9-114	None-None	None-None	no	no	Rfam.seed.gz	15.1
RF00174__4GXY_A__6VMY_A	query	RF00174__4GXY_A	RF00174__6VMY_A	8	165	cWW	canonical	basepair	no	exact_class_preserved	unmapped_endpoint	unmapped_endpoint	10-113	None-None	None-None	no	no	Rfam.seed.gz	15.1
RF00174__4GXY_A__6VMY_A	query	RF00174__4GXY_A	RF00174__6VMY_A	9	164	cWW	canonical	basepair	no	exact_class_preserved	unmapped_endpoint	unmapped_endpoint	11-112	None-None	None-None	no	no	Rfam.seed.gz	15.1
RF00174__4GXY_A__6VMY_A	query	RF00174__4GXY_A	RF00174__6VMY_A	9	37	tSS	noncanonical	basepair	no	exact_class_preserved	unmapped_endpoint	unmapped_endpoint	11-40	None-None	None-None	no	no	Rfam.seed.gz	15.1
RF00174__4GXY_A__6VMY_A	query	RF00174__4GXY_A	RF00174__6VMY_A	10	163	cWW	wobble	basepair	no	exact_class_preserved	unmapped_endpoint	unmapped_endpoint	12-111	None-None	None-None	no	no	Rfam.seed.gz	15.1
RF00174__4GXY_A__6VMY_A	query	RF00174__4GXY_A	RF00174__6VMY_A	11	40	cWH	noncanonical	basepair	no	unmapped_endpoint	unmapped_endpoint	unmapped_endpoint	None-43	None-None	None-None	no	no	Rfam.seed.gz	15.1
RF00174__4GXY_A__6VMY_A	query	RF00174__4GXY_A	RF00174__6VMY_A	12	33	cWW	canonical	basepair	no	exact_class_preserved	unmapped_endpoint	unmapped_endpoint	13-36	None-None	None-None	no	no	Rfam.seed.gz	15.1
RF00174__4GXY_A__6VMY_A	query	RF00174__4GXY_A	RF00174__6VMY_A	14	31	cWW	canonical	basepair	no	exact_class_preserved	unmapped_endpoint	unmapped_endpoint	15-34	None-None	None-None	no	no	Rfam.seed.gz	15.1
RF00174__4GXY_A__6VMY_A	query	RF00174__4GXY_A	RF00174__6VMY_A	17	28	cWW	canonical	basepair	no	exact_class_preserved	unmapped_endpoint	unmapped_endpoint	18-31	None-None	None-None	no	no	Rfam.seed.gz	15.1
RF00174__4GXY_A__6VMY_A	query	RF00174__4GXY_A	RF00174__6VMY_A	18	27	cWW	canonical	basepair	no	no_annotated_target_pair	unmapped_endpoint	unmapped_endpoint	19-30	None-None	None-None	no	no	Rfam.seed.gz	15.1
RF00174__4GXY_A__6VMY_A	query	RF00174__4GXY_A	RF00174__6VMY_A	34	38	tWH	noncanonical	basepair	no	exact_class_preserved	unmapped_endpoint	unmapped_endpoint	37-41	None-None	None-None	no	no	Rfam.seed.gz	15.1
RF00174__4GXY_A__6VMY_A	query	RF00174__4GXY_A	RF00174__6VMY_A	39	162	cWW	canonical	basepair	no	exact_class_preserved	unmapped_endpoint	unmapped_endpoint	42-110	None-None	None-None	no	no	Rfam.seed.gz	15.1
RF00174__4GXY_A__6VMY_A	query	RF00174__4GXY_A	RF00174__6VMY_A	39	158	tHW	noncanonical	basepair	no	no_annotated_target_pair	unmapped_endpoint	unmapped_endpoint	42-106	None-None	None-None	no	no	Rfam.seed.gz	15.1
RF00174__4GXY_A__6VMY_A	query	RF00174__4GXY_A	RF00174__6VMY_A	40	161	cWW	canonical	basepair	no	exact_class_preserved	unmapped_endpoint	unmapped_endpoint	43-109	None-None	None-None	no	no	Rfam.seed.gz	15.1
RF00174__4GXY_A__6VMY_A	query	RF00174__4GXY_A	RF00174__6VMY_A	44	151	tSS	noncanonical	basepair	no	exact_class_preserved	unmapped_endpoint	unmapped_endpoint	47-99	None-None	None-None	no	no	Rfam.seed.gz	15.1
RF00174__4GXY_A__6VMY_A	query	RF00174__4GXY_A	RF00174__6VMY_A	45	61	cWW	canonical	basepair	no	exact_class_preserved	unmapped_endpoint	unmapped_endpoint	48-63	None-None	None-None	no	no	Rfam.seed.gz	15.1
RF00174__4GXY_A__6VMY_A	query	RF00174__4GXY_A	RF00174__6VMY_A	46	60	cWW	canonical	basepair	no	exact_class_preserved	unmapped_endpoint	unmapped_endpoint	49-62	None-None	None-None	no	no	Rfam.seed.gz	15.1
RF00174__4GXY_A__6VMY_A	query	RF00174__4GXY_A	RF00174__6VMY_A	47	59	cWW	canonical	basepair	no	exact_class_preserved	unmapped_endpoint	unmapped_endpoint	50-61	None-None	None-None	no	no	Rfam.seed.gz	15.1
RF00174__4GXY_A__6VMY_A	query	RF00174__4GXY_A	RF00174__6VMY_A	48	58	cWW	canonical	basepair	no	exact_class_preserved	unmapped_endpoint	unmapped_endpoint	51-60	None-None	None-None	no	no	Rfam.seed.gz	15.1
RF00174__4GXY_A__6VMY_A	query	RF00174__4GXY_A	RF00174__6VMY_A	49	57	cWW	canonical	basepair	no	exact_class_preserved	unmapped_endpoint	unmapped_endpoint	52-59	None-None	None-None	no	no	Rfam.seed.gz	15.1
RF00174__4GXY_A__6VMY_A	query	RF00174__4GXY_A	RF00174__6VMY_A	50	54	tWH	noncanonical	basepair	no	no_annotated_target_pair	unmapped_endpoint	unmapped_endpoint	53-56	None-None	None-None	no	no	Rfam.seed.gz	15.1
RF00174__4GXY_A__6VMY_A	query	RF00174__4GXY_A	RF00174__6VMY_A	62	152	cWW	canonical	basepair	no	exact_class_preserved	unmapped_endpoint	unmapped_endpoint	64-100	None-None	None-None	no	no	Rfam.seed.gz	15.1
RF00174__4GXY_A__6VMY_A	query	RF00174__4GXY_A	RF00174__6VMY_A	63	151	cWW	canonical	basepair	no	exact_class_preserved	unmapped_endpoint	unmapped_endpoint	65-99	None-None	None-None	no	no	Rfam.seed.gz	15.1
RF00174__4GXY_A__6VMY_A	query	RF00174__4GXY_A	RF00174__6VMY_A	64	72	cWW	canonical	basepair	no	exact_class_preserved	unmapped_endpoint	unmapped_endpoint	66-74	None-None	None-None	no	no	Rfam.seed.gz	15.1
RF00174__4GXY_A__6VMY_A	query	RF00174__4GXY_A	RF00174__6VMY_A	65	71	cWW	canonical	basepair	no	exact_class_preserved	unmapped_endpoint	unmapped_endpoint	67-73	None-None	None-None	no	no	Rfam.seed.gz	15.1
RF00174__4GXY_A__6VMY_A	query	RF00174__4GXY_A	RF00174__6VMY_A	73	156	cWW	noncanonical	basepair	no	no_annotated_target_pair	unmapped_endpoint	unmapped_endpoint	75-104	None-None	None-None	no	no	Rfam.seed.gz	15.1
RF00174__4GXY_A__6VMY_A	query	RF00174__4GXY_A	RF00174__6VMY_A	74	155	cWW	canonical	basepair	no	exact_class_preserved	unmapped_endpoint	unmapped_endpoint	76-103	None-None	None-None	no	no	Rfam.seed.gz	15.1
RF00174__4GXY_A__6VMY_A	query	RF00174__4GXY_A	RF00174__6VMY_A	74	125	tSS	noncanonical	basepair	no	unmapped_endpoint	unmapped_endpoint	unmapped_endpoint	76-None	None-100	None-100	no	no	Rfam.seed.gz	15.1
RF00174__4GXY_A__6VMY_A	query	RF00174__4GXY_A	RF00174__6VMY_A	75	154	cWW	canonical	basepair	no	exact_class_preserved	unmapped_endpoint	unmapped_endpoint	77-102	None-None	None-None	no	no	Rfam.seed.gz	15.1
RF00174__4GXY_A__6VMY_A	query	RF00174__4GXY_A	RF00174__6VMY_A	76	153	cWW	canonical	basepair	no	exact_class_preserved	unmapped_endpoint	unmapped_endpoint	78-101	None-None	None-None	no	no	Rfam.seed.gz	15.1
RF00174__4GXY_A__6VMY_A	query	RF00174__4GXY_A	RF00174__6VMY_A	77	150	tWH	noncanonical	basepair	no	exact_class_preserved	unmapped_endpoint	unmapped_endpoint	79-98	49-None	None-None	no	no	Rfam.seed.gz	15.1
RF00174__4GXY_A__6VMY_A	query	RF00174__4GXY_A	RF00174__6VMY_A	80	148	cWW	canonical	basepair	no	no_annotated_target_pair	unmapped_endpoint	unmapped_endpoint	82-95	None-None	None-None	no	no	Rfam.seed.gz	15.1
RF00174__4GXY_A__6VMY_A	query	RF00174__4GXY_A	RF00174__6VMY_A	81	147	cWW	canonical	basepair	no	no_annotated_target_pair	unmapped_endpoint	unmapped_endpoint	83-94	None-None	None-None	no	no	Rfam.seed.gz	15.1
RF00174__4GXY_A__6VMY_A	query	RF00174__4GXY_A	RF00174__6VMY_A	82	146	cWW	canonical	basepair	no	no_annotated_target_pair	unmapped_endpoint	unmapped_endpoint	84-93	None-None	None-None	no	no	Rfam.seed.gz	15.1
RF00174__4GXY_A__6VMY_A	query	RF00174__4GXY_A	RF00174__6VMY_A	85	143	tHS	noncanonical	basepair	no	unmapped_endpoint	unmapped_endpoint	unmapped_endpoint	88-None	None-None	None-None	no	no	Rfam.seed.gz	15.1
RF00174__4GXY_A__6VMY_A	query	RF00174__4GXY_A	RF00174__6VMY_A	86	139	cWW	canonical	basepair	no	unmapped_endpoint	unmapped_endpoint	unmapped_endpoint	89-None	None-None	None-None	no	no	Rfam.seed.gz	15.1
RF00174__4GXY_A__6VMY_A	query	RF00174__4GXY_A	RF00174__6VMY_A	87	138	cWW	wobble	basepair	no	unmapped_endpoint	unmapped_endpoint	unmapped_endpoint	90-None	None-None	None-None	no	no	Rfam.seed.gz	15.1
RF00174__4GXY_A__6VMY_A	query	RF00174__4GXY_A	RF00174__6VMY_A	88	137	cWW	canonical	basepair	no	unmapped_endpoint	unmapped_endpoint	unmapped_endpoint	91-None	None-None	None-None	no	no	Rfam.seed.gz	15.1
RF00174__4GXY_A__6VMY_A	query	RF00174__4GXY_A	RF00174__6VMY_A	89	136	cWW	canonical	basepair	no	unmapped_endpoint	unmapped_endpoint	unmapped_endpoint	None-None	None-None	None-None	no	no	Rfam.seed.gz	15.1
RF00174__4GXY_A__6VMY_A	query	RF00174__4GXY_A	RF00174__6VMY_A	90	135	cWW	canonical	basepair	no	unmapped_endpoint	unmapped_endpoint	unmapped_endpoint	None-None	None-None	None-None	no	no	Rfam.seed.gz	15.1
RF00174__4GXY_A__6VMY_A	query	RF00174__4GXY_A	RF00174__6VMY_A	92	133	cWW	canonical	basepair	no	unmapped_endpoint	unmapped_endpoint	unmapped_endpoint	None-None	None-None	None-None	no	no	Rfam.seed.gz	15.1
RF00174__4GXY_A__6VMY_A	query	RF00174__4GXY_A	RF00174__6VMY_A	95	130	cWW	canonical	basepair	no	unmapped_endpoint	unmapped_endpoint	unmapped_endpoint	None-None	None-None	14-None	no	no	Rfam.seed.gz	15.1
RF00174__4GXY_A__6VMY_A	query	RF00174__4GXY_A	RF00174__6VMY_A	103	128	cWW	canonical	basepair	no	unmapped_endpoint	exact_class_preserved	exact_class_preserved	None-None	76-103	76-103	no	no	Rfam.seed.gz	15.1
RF00174__4GXY_A__6VMY_A	query	RF00174__4GXY_A	RF00174__6VMY_A	104	127	cWW	canonical	basepair	no	unmapped_endpoint	exact_class_preserved	exact_class_preserved	None-None	77-102	77-102	no	no	Rfam.seed.gz	15.1
RF00174__4GXY_A__6VMY_A	query	RF00174__4GXY_A	RF00174__6VMY_A	105	126	cWW	canonical	basepair	no	unmapped_endpoint	exact_class_preserved	exact_class_preserved	None-None	78-101	78-101	no	no	Rfam.seed.gz	15.1
RF00174__4GXY_A__6VMY_A	query	RF00174__4GXY_A	RF00174__6VMY_A	106	123	tHS	noncanonical	basepair	no	unmapped_endpoint	different_class	different_class	None-None	79-98	79-98	no	no	Rfam.seed.gz	15.1
RF00174__4GXY_A__6VMY_A	query	RF00174__4GXY_A	RF00174__6VMY_A	107	122	cWW	canonical	basepair	no	unmapped_endpoint	no_annotated_target_pair	no_annotated_target_pair	None-None	81-97	81-97	no	no	Rfam.seed.gz	15.1
RF00174__4GXY_A__6VMY_A	query	RF00174__4GXY_A	RF00174__6VMY_A	108	121	cWW	wobble	basepair	no	unmapped_endpoint	exact_class_preserved	exact_class_preserved	None-None	82-96	82-96	no	no	Rfam.seed.gz	15.1
RF00174__4GXY_A__6VMY_A	query	RF00174__4GXY_A	RF00174__6VMY_A	109	120	cWW	canonical	basepair	no	unmapped_endpoint	exact_class_preserved	exact_class_preserved	None-None	83-95	83-95	no	no	Rfam.seed.gz	15.1
RF00174__4GXY_A__6VMY_A	query	RF00174__4GXY_A	RF00174__6VMY_A	110	119	cWW	canonical	basepair	no	unmapped_endpoint	exact_class_preserved	exact_class_preserved	None-None	84-94	84-94	no	no	Rfam.seed.gz	15.1
RF00174__4GXY_A__6VMY_A	query	RF00174__4GXY_A	RF00174__6VMY_A	111	118	cWW	canonical	basepair	no	unmapped_endpoint	exact_class_preserved	exact_class_preserved	None-None	85-93	85-93	no	no	Rfam.seed.gz	15.1
RF00174__4GXY_A__6VMY_A	query	RF00174__4GXY_A	RF00174__6VMY_A	112	117	cWW	canonical	basepair	no	unmapped_endpoint	exact_class_preserved	exact_class_preserved	None-None	86-92	86-92	no	no	Rfam.seed.gz	15.1
RF00174__4GXY_A__6VMY_A	query	RF00174__4GXY_A	RF00174__6VMY_A	125	155	cSS	noncanonical	basepair	no	unmapped_endpoint	unmapped_endpoint	unmapped_endpoint	None-103	100-None	100-None	no	no	Rfam.seed.gz	15.1
RF00174__4GXY_A__6VMY_A	query	RF00174__4GXY_A	RF00174__6VMY_A	2	3	s35	stack	stack	no	exact_class_preserved	unmapped_endpoint	unmapped_endpoint	4-5	None-None	None-None	no	no	Rfam.seed.gz	15.1
RF00174__4GXY_A__6VMY_A	query	RF00174__4GXY_A	RF00174__6VMY_A	2	172	s55	stack	stack	yes	no_annotated_target_pair	unmapped_endpoint	unmapped_endpoint	4-122	None-None	None-None	no	no	Rfam.seed.gz	15.1
RF00174__4GXY_A__6VMY_A	query	RF00174__4GXY_A	RF00174__6VMY_A	3	4	ns35	stack	stack	no	different_class	unmapped_endpoint	unmapped_endpoint	5-6	None-None	None-None	no	no	Rfam.seed.gz	15.1
RF00174__4GXY_A__6VMY_A	query	RF00174__4GXY_A	RF00174__6VMY_A	4	5	s35	stack	stack	no	exact_class_preserved	unmapped_endpoint	unmapped_endpoint	6-7	None-None	None-None	no	no	Rfam.seed.gz	15.1
RF00174__4GXY_A__6VMY_A	query	RF00174__4GXY_A	RF00174__6VMY_A	4	170	s55	stack	stack	no	no_annotated_target_pair	unmapped_endpoint	unmapped_endpoint	6-120	None-None	None-None	no	no	Rfam.seed.gz	15.1
RF00174__4GXY_A__6VMY_A	query	RF00174__4GXY_A	RF00174__6VMY_A	5	6	s35	stack	stack	no	exact_class_preserved	unmapped_endpoint	unmapped_endpoint	7-8	None-None	None-None	no	no	Rfam.seed.gz	15.1
RF00174__4GXY_A__6VMY_A	query	RF00174__4GXY_A	RF00174__6VMY_A	5	169	s55	stack	stack	no	no_annotated_target_pair	unmapped_endpoint	unmapped_endpoint	7-118	None-None	None-None	no	no	Rfam.seed.gz	15.1
RF00174__4GXY_A__6VMY_A	query	RF00174__4GXY_A	RF00174__6VMY_A	6	7	ns35	stack	stack	no	different_class	unmapped_endpoint	unmapped_endpoint	8-9	None-None	None-None	no	no	Rfam.seed.gz	15.1
RF00174__4GXY_A__6VMY_A	query	RF00174__4GXY_A	RF00174__6VMY_A	7	8	s35	stack	stack	no	exact_class_preserved	unmapped_endpoint	unmapped_endpoint	9-10	None-None	None-None	no	no	Rfam.seed.gz	15.1
RF00174__4GXY_A__6VMY_A	query	RF00174__4GXY_A	RF00174__6VMY_A	7	167	s55	stack	stack	no	no_annotated_target_pair	unmapped_endpoint	unmapped_endpoint	9-116	None-None	None-None	no	no	Rfam.seed.gz	15.1
RF00174__4GXY_A__6VMY_A	query	RF00174__4GXY_A	RF00174__6VMY_A	8	9	s35	stack	stack	no	exact_class_preserved	unmapped_endpoint	unmapped_endpoint	10-11	None-None	None-None	no	no	Rfam.seed.gz	15.1
RF00174__4GXY_A__6VMY_A	query	RF00174__4GXY_A	RF00174__6VMY_A	8	166	s55	stack	stack	no	exact_class_preserved	unmapped_endpoint	unmapped_endpoint	10-114	None-None	None-None	no	no	Rfam.seed.gz	15.1
RF00174__4GXY_A__6VMY_A	query	RF00174__4GXY_A	RF00174__6VMY_A	9	10	s35	stack	stack	no	exact_class_preserved	unmapped_endpoint	unmapped_endpoint	11-12	None-None	None-None	no	no	Rfam.seed.gz	15.1
RF00174__4GXY_A__6VMY_A	query	RF00174__4GXY_A	RF00174__6VMY_A	9	165	s55	stack	stack	no	exact_class_preserved	unmapped_endpoint	unmapped_endpoint	11-113	None-None	None-None	no	no	Rfam.seed.gz	15.1
RF00174__4GXY_A__6VMY_A	query	RF00174__4GXY_A	RF00174__6VMY_A	10	158	s33	stack	stack	no	no_annotated_target_pair	unmapped_endpoint	unmapped_endpoint	12-106	None-None	None-None	no	no	Rfam.seed.gz	15.1
RF00174__4GXY_A__6VMY_A	query	RF00174__4GXY_A	RF00174__6VMY_A	11	39	s53	stack	stack	no	unmapped_endpoint	unmapped_endpoint	unmapped_endpoint	None-42	None-None	None-None	no	no	Rfam.seed.gz	15.1
RF00174__4GXY_A__6VMY_A	query	RF00174__4GXY_A	RF00174__6VMY_A	11	158	s55	stack	stack	no	unmapped_endpoint	unmapped_endpoint	unmapped_endpoint	None-106	None-None	None-None	no	no	Rfam.seed.gz	15.1
RF00174__4GXY_A__6VMY_A	query	RF00174__4GXY_A	RF00174__6VMY_A	12	13	s35	stack	stack	no	exact_class_preserved	unmapped_endpoint	unmapped_endpoint	13-14	None-None	None-None	no	no	Rfam.seed.gz	15.1
RF00174__4GXY_A__6VMY_A	query	RF00174__4GXY_A	RF00174__6VMY_A	12	38	s53	stack	stack	no	exact_class_preserved	unmapped_endpoint	unmapped_endpoint	13-41	None-None	None-None	no	no	Rfam.seed.gz	15.1
RF00174__4GXY_A__6VMY_A	query	RF00174__4GXY_A	RF00174__6VMY_A	13	14	s35	stack	stack	no	exact_class_preserved	unmapped_endpoint	unmapped_endpoint	14-15	None-None	None-None	no	no	Rfam.seed.gz	15.1
RF00174__4GXY_A__6VMY_A	query	RF00174__4GXY_A	RF00174__6VMY_A	13	33	s55	stack	stack	no	no_annotated_target_pair	unmapped_endpoint	unmapped_endpoint	14-36	None-None	None-None	no	no	Rfam.seed.gz	15.1
RF00174__4GXY_A__6VMY_A	query	RF00174__4GXY_A	RF00174__6VMY_A	14	32	ns55	stack	stack	no	different_class	unmapped_endpoint	unmapped_endpoint	15-35	None-None	None-None	no	no	Rfam.seed.gz	15.1
RF00174__4GXY_A__6VMY_A	query	RF00174__4GXY_A	RF00174__6VMY_A	14	15	s35	stack	stack	no	exact_class_preserved	unmapped_endpoint	unmapped_endpoint	15-16	None-None	None-None	no	no	Rfam.seed.gz	15.1
RF00174__4GXY_A__6VMY_A	query	RF00174__4GXY_A	RF00174__6VMY_A	15	31	ns55	stack	stack	no	different_class	unmapped_endpoint	unmapped_endpoint	16-34	None-None	None-None	no	no	Rfam.seed.gz	15.1
RF00174__4GXY_A__6VMY_A	query	RF00174__4GXY_A	RF00174__6VMY_A	15	16	s35	stack	stack	no	exact_class_preserved	unmapped_endpoint	unmapped_endpoint	16-17	None-None	None-None	no	no	Rfam.seed.gz	15.1
RF00174__4GXY_A__6VMY_A	query	RF00174__4GXY_A	RF00174__6VMY_A	17	18	s35	stack	stack	no	no_annotated_target_pair	unmapped_endpoint	unmapped_endpoint	18-19	None-None	None-None	no	no	Rfam.seed.gz	15.1
RF00174__4GXY_A__6VMY_A	query	RF00174__4GXY_A	RF00174__6VMY_A	17	29	s55	stack	stack	no	no_annotated_target_pair	unmapped_endpoint	unmapped_endpoint	18-32	None-None	None-None	no	no	Rfam.seed.gz	15.1
RF00174__4GXY_A__6VMY_A	query	RF00174__4GXY_A	RF00174__6VMY_A	18	28	ns55	stack	stack	no	different_class	unmapped_endpoint	unmapped_endpoint	19-31	None-None	None-None	no	no	Rfam.seed.gz	15.1
RF00174__4GXY_A__6VMY_A	query	RF00174__4GXY_A	RF00174__6VMY_A	18	19	s35	stack	stack	no	exact_class_preserved	unmapped_endpoint	unmapped_endpoint	19-20	None-None	None-None	no	no	Rfam.seed.gz	15.1
RF00174__4GXY_A__6VMY_A	query	RF00174__4GXY_A	RF00174__6VMY_A	26	27	s35	stack	stack	no	no_annotated_target_pair	unmapped_endpoint	unmapped_endpoint	29-30	None-None	None-None	no	no	Rfam.seed.gz	15.1
RF00174__4GXY_A__6VMY_A	query	RF00174__4GXY_A	RF00174__6VMY_A	27	28	s35	stack	stack	no	different_class	unmapped_endpoint	unmapped_endpoint	30-31	None-None	None-None	no	no	Rfam.seed.gz	15.1
RF00174__4GXY_A__6VMY_A	query	RF00174__4GXY_A	RF00174__6VMY_A	28	29	s35	stack	stack	no	exact_class_preserved	unmapped_endpoint	unmapped_endpoint	31-32	None-None	None-None	no	no	Rfam.seed.gz	15.1
RF00174__4GXY_A__6VMY_A	query	RF00174__4GXY_A	RF00174__6VMY_A	29	30	s35	stack	stack	no	exact_class_preserved	unmapped_endpoint	unmapped_endpoint	32-33	None-None	None-None	no	no	Rfam.seed.gz	15.1
RF00174__4GXY_A__6VMY_A	query	RF00174__4GXY_A	RF00174__6VMY_A	30	31	s35	stack	stack	no	exact_class_preserved	unmapped_endpoint	unmapped_endpoint	33-34	None-None	None-None	no	no	Rfam.seed.gz	15.1
RF00174__4GXY_A__6VMY_A	query	RF00174__4GXY_A	RF00174__6VMY_A	31	32	s35	stack	stack	no	exact_class_preserved	unmapped_endpoint	unmapped_endpoint	34-35	None-None	None-None	no	no	Rfam.seed.gz	15.1
RF00174__4GXY_A__6VMY_A	query	RF00174__4GXY_A	RF00174__6VMY_A	32	33	s35	stack	stack	no	exact_class_preserved	unmapped_endpoint	unmapped_endpoint	35-36	None-None	None-None	no	no	Rfam.seed.gz	15.1
RF00174__4GXY_A__6VMY_A	query	RF00174__4GXY_A	RF00174__6VMY_A	33	34	s35	stack	stack	no	exact_class_preserved	unmapped_endpoint	unmapped_endpoint	36-37	None-None	None-None	no	no	Rfam.seed.gz	15.1
RF00174__4GXY_A__6VMY_A	query	RF00174__4GXY_A	RF00174__6VMY_A	34	35	s35	stack	stack	no	exact_class_preserved	unmapped_endpoint	unmapped_endpoint	37-38	None-None	None-None	no	no	Rfam.seed.gz	15.1
RF00174__4GXY_A__6VMY_A	query	RF00174__4GXY_A	RF00174__6VMY_A	35	38	ns55	stack	stack	no	exact_class_preserved	unmapped_endpoint	unmapped_endpoint	38-41	None-None	None-None	no	no	Rfam.seed.gz	15.1
RF00174__4GXY_A__6VMY_A	query	RF00174__4GXY_A	RF00174__6VMY_A	36	37	s35	stack	stack	no	exact_class_preserved	unmapped_endpoint	unmapped_endpoint	39-40	None-None	None-None	no	no	Rfam.seed.gz	15.1
RF00174__4GXY_A__6VMY_A	query	RF00174__4GXY_A	RF00174__6VMY_A	39	40	s35	stack	stack	no	exact_class_preserved	unmapped_endpoint	unmapped_endpoint	42-43	None-None	None-None	no	no	Rfam.seed.gz	15.1
RF00174__4GXY_A__6VMY_A	query	RF00174__4GXY_A	RF00174__6VMY_A	39	163	s55	stack	stack	no	exact_class_preserved	unmapped_endpoint	unmapped_endpoint	42-111	None-None	None-None	no	no	Rfam.seed.gz	15.1
RF00174__4GXY_A__6VMY_A	query	RF00174__4GXY_A	RF00174__6VMY_A	40	41	s35	stack	stack	no	exact_class_preserved	unmapped_endpoint	unmapped_endpoint	43-44	None-None	None-None	no	no	Rfam.seed.gz	15.1
RF00174__4GXY_A__6VMY_A	query	RF00174__4GXY_A	RF00174__6VMY_A	40	162	s55	stack	stack	no	exact_class_preserved	unmapped_endpoint	unmapped_endpoint	43-110	None-None	None-None	no	no	Rfam.seed.gz	15.1
RF00174__4GXY_A__6VMY_A	query	RF00174__4GXY_A	RF00174__6VMY_A	41	42	s35	stack	stack	no	exact_class_preserved	unmapped_endpoint	unmapped_endpoint	44-45	None-None	None-None	no	no	Rfam.seed.gz	15.1
RF00174__4GXY_A__6VMY_A	query	RF00174__4GXY_A	RF00174__6VMY_A	41	161	s55	stack	stack	no	exact_class_preserved	unmapped_endpoint	unmapped_endpoint	44-109	None-None	None-None	no	no	Rfam.seed.gz	15.1
RF00174__4GXY_A__6VMY_A	query	RF00174__4GXY_A	RF00174__6VMY_A	43	65	ns55	stack	stack	no	no_annotated_target_pair	unmapped_endpoint	unmapped_endpoint	46-67	None-None	None-None	no	no	Rfam.seed.gz	15.1
RF00174__4GXY_A__6VMY_A	query	RF00174__4GXY_A	RF00174__6VMY_A	43	44	s35	stack	stack	no	exact_class_preserved	unmapped_endpoint	unmapped_endpoint	46-47	None-None	None-None	no	no	Rfam.seed.gz	15.1
RF00174__4GXY_A__6VMY_A	query	RF00174__4GXY_A	RF00174__6VMY_A	44	64	ns55	stack	stack	no	exact_class_preserved	unmapped_endpoint	unmapped_endpoint	47-66	None-None	None-None	no	no	Rfam.seed.gz	15.1
RF00174__4GXY_A__6VMY_A	query	RF00174__4GXY_A	RF00174__6VMY_A	45	152	ns53	stack	stack	no	exact_class_preserved	unmapped_endpoint	unmapped_endpoint	48-100	None-None	None-None	no	no	Rfam.seed.gz	15.1
RF00174__4GXY_A__6VMY_A	query	RF00174__4GXY_A	RF00174__6VMY_A	45	46	s35	stack	stack	no	exact_class_preserved	unmapped_endpoint	unmapped_endpoint	48-49	None-None	None-None	no	no	Rfam.seed.gz	15.1
RF00174__4GXY_A__6VMY_A	query	RF00174__4GXY_A	RF00174__6VMY_A	45	62	s55	stack	stack	no	exact_class_preserved	unmapped_endpoint	unmapped_endpoint	48-64	None-None	None-None	no	no	Rfam.seed.gz	15.1
RF00174__4GXY_A__6VMY_A	query	RF00174__4GXY_A	RF00174__6VMY_A	46	47	s35	stack	stack	no	exact_class_preserved	unmapped_endpoint	unmapped_endpoint	49-50	None-None	None-None	no	no	Rfam.seed.gz	15.1
RF00174__4GXY_A__6VMY_A	query	RF00174__4GXY_A	RF00174__6VMY_A	47	48	s35	stack	stack	no	exact_class_preserved	unmapped_endpoint	unmapped_endpoint	50-51	None-None	None-None	no	no	Rfam.seed.gz	15.1
RF00174__4GXY_A__6VMY_A	query	RF00174__4GXY_A	RF00174__6VMY_A	47	60	s55	stack	stack	no	exact_class_preserved	unmapped_endpoint	unmapped_endpoint	50-62	None-None	None-None	no	no	Rfam.seed.gz	15.1
RF00174__4GXY_A__6VMY_A	query	RF00174__4GXY_A	RF00174__6VMY_A	48	49	s35	stack	stack	no	exact_class_preserved	unmapped_endpoint	unmapped_endpoint	51-52	None-None	None-None	no	no	Rfam.seed.gz	15.1
RF00174__4GXY_A__6VMY_A	query	RF00174__4GXY_A	RF00174__6VMY_A	48	59	s55	stack	stack	no	exact_class_preserved	unmapped_endpoint	unmapped_endpoint	51-61	None-None	None-None	no	no	Rfam.seed.gz	15.1
RF00174__4GXY_A__6VMY_A	query	RF00174__4GXY_A	RF00174__6VMY_A	49	50	s35	stack	stack	no	different_class	unmapped_endpoint	unmapped_endpoint	52-53	None-None	None-None	no	no	Rfam.seed.gz	15.1
RF00174__4GXY_A__6VMY_A	query	RF00174__4GXY_A	RF00174__6VMY_A	49	58	s55	stack	stack	no	exact_class_preserved	unmapped_endpoint	unmapped_endpoint	52-60	None-None	None-None	no	no	Rfam.seed.gz	15.1
RF00174__4GXY_A__6VMY_A	query	RF00174__4GXY_A	RF00174__6VMY_A	50	51	s35	stack	stack	no	unmapped_endpoint	unmapped_endpoint	unmapped_endpoint	53-None	None-None	None-None	no	no	Rfam.seed.gz	15.1
RF00174__4GXY_A__6VMY_A	query	RF00174__4GXY_A	RF00174__6VMY_A	51	53	ns33	stack	stack	no	unmapped_endpoint	unmapped_endpoint	unmapped_endpoint	None-55	None-None	None-None	no	no	Rfam.seed.gz	15.1
RF00174__4GXY_A__6VMY_A	query	RF00174__4GXY_A	RF00174__6VMY_A	51	54	s55	stack	stack	no	unmapped_endpoint	unmapped_endpoint	unmapped_endpoint	None-56	None-None	None-None	no	no	Rfam.seed.gz	15.1
RF00174__4GXY_A__6VMY_A	query	RF00174__4GXY_A	RF00174__6VMY_A	52	53	s35	stack	stack	no	no_annotated_target_pair	unmapped_endpoint	unmapped_endpoint	54-55	None-None	None-None	no	no	Rfam.seed.gz	15.1
RF00174__4GXY_A__6VMY_A	query	RF00174__4GXY_A	RF00174__6VMY_A	53	79	s35	stack	stack	no	no_annotated_target_pair	unmapped_endpoint	unmapped_endpoint	55-81	None-None	None-None	no	no	Rfam.seed.gz	15.1
RF00174__4GXY_A__6VMY_A	query	RF00174__4GXY_A	RF00174__6VMY_A	54	57	s35	stack	stack	no	exact_class_preserved	unmapped_endpoint	unmapped_endpoint	56-59	None-None	None-None	no	no	Rfam.seed.gz	15.1
RF00174__4GXY_A__6VMY_A	query	RF00174__4GXY_A	RF00174__6VMY_A	54	79	s53	stack	stack	no	exact_class_preserved	unmapped_endpoint	unmapped_endpoint	56-81	None-None	None-None	no	no	Rfam.seed.gz	15.1
RF00174__4GXY_A__6VMY_A	query	RF00174__4GXY_A	RF00174__6VMY_A	55	56	s35	stack	stack	no	different_class	unmapped_endpoint	unmapped_endpoint	57-58	None-None	None-None	no	no	Rfam.seed.gz	15.1
RF00174__4GXY_A__6VMY_A	query	RF00174__4GXY_A	RF00174__6VMY_A	56	150	s55	stack	stack	no	no_annotated_target_pair	unmapped_endpoint	unmapped_endpoint	58-98	None-None	None-None	no	no	Rfam.seed.gz	15.1
RF00174__4GXY_A__6VMY_A	query	RF00174__4GXY_A	RF00174__6VMY_A	57	58	ns35	stack	stack	no	different_class	unmapped_endpoint	unmapped_endpoint	59-60	None-None	None-None	no	no	Rfam.seed.gz	15.1
RF00174__4GXY_A__6VMY_A	query	RF00174__4GXY_A	RF00174__6VMY_A	58	59	s35	stack	stack	no	exact_class_preserved	unmapped_endpoint	unmapped_endpoint	60-61	None-None	None-None	no	no	Rfam.seed.gz	15.1
RF00174__4GXY_A__6VMY_A	query	RF00174__4GXY_A	RF00174__6VMY_A	59	60	s35	stack	stack	no	exact_class_preserved	unmapped_endpoint	unmapped_endpoint	61-62	None-None	None-None	no	no	Rfam.seed.gz	15.1
RF00174__4GXY_A__6VMY_A	query	RF00174__4GXY_A	RF00174__6VMY_A	60	61	s35	stack	stack	no	exact_class_preserved	unmapped_endpoint	unmapped_endpoint	62-63	None-None	None-None	no	no	Rfam.seed.gz	15.1
RF00174__4GXY_A__6VMY_A	query	RF00174__4GXY_A	RF00174__6VMY_A	61	62	s35	stack	stack	no	exact_class_preserved	unmapped_endpoint	unmapped_endpoint	63-64	None-None	None-None	no	no	Rfam.seed.gz	15.1
RF00174__4GXY_A__6VMY_A	query	RF00174__4GXY_A	RF00174__6VMY_A	62	63	s35	stack	stack	no	exact_class_preserved	unmapped_endpoint	unmapped_endpoint	64-65	None-None	None-None	no	no	Rfam.seed.gz	15.1
RF00174__4GXY_A__6VMY_A	query	RF00174__4GXY_A	RF00174__6VMY_A	64	65	s35	stack	stack	no	exact_class_preserved	unmapped_endpoint	unmapped_endpoint	66-67	None-None	None-None	no	no	Rfam.seed.gz	15.1
RF00174__4GXY_A__6VMY_A	query	RF00174__4GXY_A	RF00174__6VMY_A	64	151	s55	stack	stack	no	exact_class_preserved	unmapped_endpoint	unmapped_endpoint	66-99	None-None	None-None	no	no	Rfam.seed.gz	15.1
RF00174__4GXY_A__6VMY_A	query	RF00174__4GXY_A	RF00174__6VMY_A	65	72	ns55	stack	stack	no	different_class	unmapped_endpoint	unmapped_endpoint	67-74	None-None	None-None	no	no	Rfam.seed.gz	15.1
RF00174__4GXY_A__6VMY_A	query	RF00174__4GXY_A	RF00174__6VMY_A	67	68	ns35	stack	stack	no	different_class	unmapped_endpoint	unmapped_endpoint	69-70	None-None	None-None	no	no	Rfam.seed.gz	15.1
RF00174__4GXY_A__6VMY_A	query	RF00174__4GXY_A	RF00174__6VMY_A	68	69	s35	stack	stack	no	exact_class_preserved	unmapped_endpoint	unmapped_endpoint	70-71	None-None	None-None	no	no	Rfam.seed.gz	15.1
RF00174__4GXY_A__6VMY_A	query	RF00174__4GXY_A	RF00174__6VMY_A	69	70	s35	stack	stack	no	exact_class_preserved	unmapped_endpoint	unmapped_endpoint	71-72	None-None	None-None	no	no	Rfam.seed.gz	15.1
RF00174__4GXY_A__6VMY_A	query	RF00174__4GXY_A	RF00174__6VMY_A	70	71	s35	stack	stack	no	exact_class_preserved	unmapped_endpoint	unmapped_endpoint	72-73	None-None	None-None	no	no	Rfam.seed.gz	15.1
RF00174__4GXY_A__6VMY_A	query	RF00174__4GXY_A	RF00174__6VMY_A	71	72	s35	stack	stack	no	exact_class_preserved	unmapped_endpoint	unmapped_endpoint	73-74	None-None	None-None	no	no	Rfam.seed.gz	15.1
RF00174__4GXY_A__6VMY_A	query	RF00174__4GXY_A	RF00174__6VMY_A	72	151	s35	stack	stack	no	exact_class_preserved	unmapped_endpoint	unmapped_endpoint	74-99	None-None	None-None	no	no	Rfam.seed.gz	15.1
RF00174__4GXY_A__6VMY_A	query	RF00174__4GXY_A	RF00174__6VMY_A	73	74	s35	stack	stack	no	exact_class_preserved	unmapped_endpoint	unmapped_endpoint	75-76	None-None	None-None	no	no	Rfam.seed.gz	15.1
RF00174__4GXY_A__6VMY_A	query	RF00174__4GXY_A	RF00174__6VMY_A	74	156	ns55	stack	stack	no	no_annotated_target_pair	unmapped_endpoint	unmapped_endpoint	76-104	None-None	None-None	no	no	Rfam.seed.gz	15.1
RF00174__4GXY_A__6VMY_A	query	RF00174__4GXY_A	RF00174__6VMY_A	74	75	s35	stack	stack	no	exact_class_preserved	unmapped_endpoint	unmapped_endpoint	76-77	None-None	None-None	no	no	Rfam.seed.gz	15.1
RF00174__4GXY_A__6VMY_A	query	RF00174__4GXY_A	RF00174__6VMY_A	75	76	s35	stack	stack	no	exact_class_preserved	unmapped_endpoint	unmapped_endpoint	77-78	None-None	None-None	no	no	Rfam.seed.gz	15.1
RF00174__4GXY_A__6VMY_A	query	RF00174__4GXY_A	RF00174__6VMY_A	75	155	s55	stack	stack	no	exact_class_preserved	unmapped_endpoint	unmapped_endpoint	77-103	None-None	None-None	no	no	Rfam.seed.gz	15.1
RF00174__4GXY_A__6VMY_A	query	RF00174__4GXY_A	RF00174__6VMY_A	76	77	s35	stack	stack	no	exact_class_preserved	unmapped_endpoint	unmapped_endpoint	78-79	None-49	None-None	no	no	Rfam.seed.gz	15.1
RF00174__4GXY_A__6VMY_A	query	RF00174__4GXY_A	RF00174__6VMY_A	76	154	s55	stack	stack	no	exact_class_preserved	unmapped_endpoint	unmapped_endpoint	78-102	None-None	None-None	no	no	Rfam.seed.gz	15.1
RF00174__4GXY_A__6VMY_A	query	RF00174__4GXY_A	RF00174__6VMY_A	77	78	s35	stack	stack	no	exact_class_preserved	exact_class_preserved	unmapped_endpoint	79-80	49-50	None-None	yes	no	Rfam.seed.gz	15.1
RF00174__4GXY_A__6VMY_A	query	RF00174__4GXY_A	RF00174__6VMY_A	78	150	ns55	stack	stack	no	exact_class_preserved	unmapped_endpoint	unmapped_endpoint	80-98	50-None	None-None	no	no	Rfam.seed.gz	15.1
RF00174__4GXY_A__6VMY_A	query	RF00174__4GXY_A	RF00174__6VMY_A	78	149	s33	stack	stack	no	exact_class_preserved	unmapped_endpoint	unmapped_endpoint	80-97	50-None	None-None	no	no	Rfam.seed.gz	15.1
RF00174__4GXY_A__6VMY_A	query	RF00174__4GXY_A	RF00174__6VMY_A	80	81	s35	stack	stack	no	exact_class_preserved	unmapped_endpoint	unmapped_endpoint	82-83	None-None	None-None	no	no	Rfam.seed.gz	15.1
RF00174__4GXY_A__6VMY_A	query	RF00174__4GXY_A	RF00174__6VMY_A	80	149	s55	stack	stack	no	exact_class_preserved	unmapped_endpoint	unmapped_endpoint	82-97	None-None	None-None	no	no	Rfam.seed.gz	15.1
RF00174__4GXY_A__6VMY_A	query	RF00174__4GXY_A	RF00174__6VMY_A	81	82	s35	stack	stack	no	exact_class_preserved	unmapped_endpoint	unmapped_endpoint	83-84	None-None	None-None	no	no	Rfam.seed.gz	15.1
RF00174__4GXY_A__6VMY_A	query	RF00174__4GXY_A	RF00174__6VMY_A	81	148	s55	stack	stack	no	different_class	unmapped_endpoint	unmapped_endpoint	83-95	None-None	None-None	no	no	Rfam.seed.gz	15.1
RF00174__4GXY_A__6VMY_A	query	RF00174__4GXY_A	RF00174__6VMY_A	82	83	s35	stack	stack	no	unmapped_endpoint	unmapped_endpoint	unmapped_endpoint	84-None	None-None	None-None	no	no	Rfam.seed.gz	15.1
RF00174__4GXY_A__6VMY_A	query	RF00174__4GXY_A	RF00174__6VMY_A	82	147	s55	stack	stack	no	different_class	unmapped_endpoint	unmapped_endpoint	84-94	None-None	None-None	no	no	Rfam.seed.gz	15.1
RF00174__4GXY_A__6VMY_A	query	RF00174__4GXY_A	RF00174__6VMY_A	83	84	s35	stack	stack	no	unmapped_endpoint	unmapped_endpoint	unmapped_endpoint	None-None	None-None	None-None	no	no	Rfam.seed.gz	15.1
RF00174__4GXY_A__6VMY_A	query	RF00174__4GXY_A	RF00174__6VMY_A	84	85	ns35	stack	stack	no	unmapped_endpoint	unmapped_endpoint	unmapped_endpoint	None-88	None-None	None-None	no	no	Rfam.seed.gz	15.1
RF00174__4GXY_A__6VMY_A	query	RF00174__4GXY_A	RF00174__6VMY_A	84	143	s33	stack	stack	no	unmapped_endpoint	unmapped_endpoint	unmapped_endpoint	None-None	None-None	None-None	no	no	Rfam.seed.gz	15.1
RF00174__4GXY_A__6VMY_A	query	RF00174__4GXY_A	RF00174__6VMY_A	85	141	s33	stack	stack	no	unmapped_endpoint	unmapped_endpoint	unmapped_endpoint	88-None	None-None	None-None	no	no	Rfam.seed.gz	15.1
RF00174__4GXY_A__6VMY_A	query	RF00174__4GXY_A	RF00174__6VMY_A	85	144	s55	stack	stack	no	unmapped_endpoint	unmapped_endpoint	unmapped_endpoint	88-None	None-None	None-None	no	no	Rfam.seed.gz	15.1
RF00174__4GXY_A__6VMY_A	query	RF00174__4GXY_A	RF00174__6VMY_A	86	87	s35	stack	stack	no	different_class	unmapped_endpoint	unmapped_endpoint	89-90	None-None	None-None	no	no	Rfam.seed.gz	15.1
RF00174__4GXY_A__6VMY_A	query	RF00174__4GXY_A	RF00174__6VMY_A	86	140	s55	stack	stack	no	unmapped_endpoint	unmapped_endpoint	unmapped_endpoint	89-None	None-None	None-None	no	no	Rfam.seed.gz	15.1
RF00174__4GXY_A__6VMY_A	query	RF00174__4GXY_A	RF00174__6VMY_A	87	88	s35	stack	stack	no	no_annotated_target_pair	unmapped_endpoint	unmapped_endpoint	90-91	None-None	None-None	no	no	Rfam.seed.gz	15.1
RF00174__4GXY_A__6VMY_A	query	RF00174__4GXY_A	RF00174__6VMY_A	88	89	s35	stack	stack	no	unmapped_endpoint	unmapped_endpoint	unmapped_endpoint	91-None	None-None	None-None	no	no	Rfam.seed.gz	15.1
RF00174__4GXY_A__6VMY_A	query	RF00174__4GXY_A	RF00174__6VMY_A	88	138	s55	stack	stack	no	unmapped_endpoint	unmapped_endpoint	unmapped_endpoint	91-None	None-None	None-None	no	no	Rfam.seed.gz	15.1
RF00174__4GXY_A__6VMY_A	query	RF00174__4GXY_A	RF00174__6VMY_A	89	90	s35	stack	stack	no	unmapped_endpoint	unmapped_endpoint	unmapped_endpoint	None-None	None-None	None-None	no	no	Rfam.seed.gz	15.1
RF00174__4GXY_A__6VMY_A	query	RF00174__4GXY_A	RF00174__6VMY_A	89	137	s55	stack	stack	no	unmapped_endpoint	unmapped_endpoint	unmapped_endpoint	None-None	None-None	None-None	no	no	Rfam.seed.gz	15.1
RF00174__4GXY_A__6VMY_A	query	RF00174__4GXY_A	RF00174__6VMY_A	90	91	s35	stack	stack	no	unmapped_endpoint	unmapped_endpoint	unmapped_endpoint	None-None	None-None	None-None	no	no	Rfam.seed.gz	15.1
RF00174__4GXY_A__6VMY_A	query	RF00174__4GXY_A	RF00174__6VMY_A	91	135	ns55	stack	stack	no	unmapped_endpoint	unmapped_endpoint	unmapped_endpoint	None-None	None-None	None-None	no	no	Rfam.seed.gz	15.1
RF00174__4GXY_A__6VMY_A	query	RF00174__4GXY_A	RF00174__6VMY_A	91	92	s35	stack	stack	no	unmapped_endpoint	unmapped_endpoint	unmapped_endpoint	None-None	None-None	None-None	no	no	Rfam.seed.gz	15.1
RF00174__4GXY_A__6VMY_A	query	RF00174__4GXY_A	RF00174__6VMY_A	92	93	s35	stack	stack	no	unmapped_endpoint	unmapped_endpoint	unmapped_endpoint	None-None	None-None	None-None	no	no	Rfam.seed.gz	15.1
RF00174__4GXY_A__6VMY_A	query	RF00174__4GXY_A	RF00174__6VMY_A	92	134	s55	stack	stack	no	unmapped_endpoint	unmapped_endpoint	unmapped_endpoint	None-None	None-None	None-None	no	no	Rfam.seed.gz	15.1
RF00174__4GXY_A__6VMY_A	query	RF00174__4GXY_A	RF00174__6VMY_A	93	94	ns35	stack	stack	no	unmapped_endpoint	unmapped_endpoint	unmapped_endpoint	None-None	None-None	None-13	no	no	Rfam.seed.gz	15.1
RF00174__4GXY_A__6VMY_A	query	RF00174__4GXY_A	RF00174__6VMY_A	93	133	s55	stack	stack	no	unmapped_endpoint	unmapped_endpoint	unmapped_endpoint	None-None	None-None	None-None	no	no	Rfam.seed.gz	15.1
RF00174__4GXY_A__6VMY_A	query	RF00174__4GXY_A	RF00174__6VMY_A	94	95	s35	stack	stack	no	unmapped_endpoint	unmapped_endpoint	exact_class_preserved	None-None	None-None	13-14	no	no	Rfam.seed.gz	15.1
RF00174__4GXY_A__6VMY_A	query	RF00174__4GXY_A	RF00174__6VMY_A	94	132	s55	stack	stack	no	unmapped_endpoint	unmapped_endpoint	unmapped_endpoint	None-None	None-None	13-None	no	no	Rfam.seed.gz	15.1
RF00174__4GXY_A__6VMY_A	query	RF00174__4GXY_A	RF00174__6VMY_A	96	97	s35	stack	stack	no	unmapped_endpoint	unmapped_endpoint	unmapped_endpoint	None-None	None-None	None-None	no	no	Rfam.seed.gz	15.1
RF00174__4GXY_A__6VMY_A	query	RF00174__4GXY_A	RF00174__6VMY_A	97	98	s35	stack	stack	no	unmapped_endpoint	unmapped_endpoint	unmapped_endpoint	None-None	None-None	None-None	no	no	Rfam.seed.gz	15.1
RF00174__4GXY_A__6VMY_A	query	RF00174__4GXY_A	RF00174__6VMY_A	98	99	s35	stack	stack	no	unmapped_endpoint	unmapped_endpoint	unmapped_endpoint	None-None	None-None	None-None	no	no	Rfam.seed.gz	15.1
RF00174__4GXY_A__6VMY_A	query	RF00174__4GXY_A	RF00174__6VMY_A	100	129	s53	stack	stack	no	unmapped_endpoint	unmapped_endpoint	unmapped_endpoint	None-None	None-104	None-104	no	no	Rfam.seed.gz	15.1
RF00174__4GXY_A__6VMY_A	query	RF00174__4GXY_A	RF00174__6VMY_A	101	103	s35	stack	stack	no	unmapped_endpoint	unmapped_endpoint	unmapped_endpoint	None-None	None-76	None-76	no	no	Rfam.seed.gz	15.1
RF00174__4GXY_A__6VMY_A	query	RF00174__4GXY_A	RF00174__6VMY_A	103	104	s35	stack	stack	no	unmapped_endpoint	exact_class_preserved	exact_class_preserved	None-None	76-77	76-77	no	no	Rfam.seed.gz	15.1
RF00174__4GXY_A__6VMY_A	query	RF00174__4GXY_A	RF00174__6VMY_A	103	129	s55	stack	stack	no	unmapped_endpoint	no_annotated_target_pair	no_annotated_target_pair	None-None	76-104	76-104	no	no	Rfam.seed.gz	15.1
RF00174__4GXY_A__6VMY_A	query	RF00174__4GXY_A	RF00174__6VMY_A	104	105	s35	stack	stack	no	unmapped_endpoint	exact_class_preserved	exact_class_preserved	None-None	77-78	77-78	no	no	Rfam.seed.gz	15.1
RF00174__4GXY_A__6VMY_A	query	RF00174__4GXY_A	RF00174__6VMY_A	105	123	s33	stack	stack	no	unmapped_endpoint	no_annotated_target_pair	no_annotated_target_pair	None-None	78-98	78-98	no	no	Rfam.seed.gz	15.1
RF00174__4GXY_A__6VMY_A	query	RF00174__4GXY_A	RF00174__6VMY_A	105	106	s35	stack	stack	no	unmapped_endpoint	exact_class_preserved	exact_class_preserved	None-None	78-79	78-79	no	no	Rfam.seed.gz	15.1
RF00174__4GXY_A__6VMY_A	query	RF00174__4GXY_A	RF00174__6VMY_A	105	127	s55	stack	stack	no	unmapped_endpoint	exact_class_preserved	exact_class_preserved	None-None	78-102	78-102	no	no	Rfam.seed.gz	15.1
RF00174__4GXY_A__6VMY_A	query	RF00174__4GXY_A	RF00174__6VMY_A	106	107	s35	stack	stack	no	unmapped_endpoint	no_annotated_target_pair	no_annotated_target_pair	None-None	79-81	79-81	no	no	Rfam.seed.gz	15.1
RF00174__4GXY_A__6VMY_A	query	RF00174__4GXY_A	RF00174__6VMY_A	106	126	s55	stack	stack	no	unmapped_endpoint	no_annotated_target_pair	no_annotated_target_pair	None-None	79-101	79-101	no	no	Rfam.seed.gz	15.1
RF00174__4GXY_A__6VMY_A	query	RF00174__4GXY_A	RF00174__6VMY_A	107	108	s35	stack	stack	no	unmapped_endpoint	no_annotated_target_pair	no_annotated_target_pair	None-None	81-82	81-82	no	no	Rfam.seed.gz	15.1
RF00174__4GXY_A__6VMY_A	query	RF00174__4GXY_A	RF00174__6VMY_A	107	123	s55	stack	stack	no	unmapped_endpoint	no_annotated_target_pair	no_annotated_target_pair	None-None	81-98	81-98	no	no	Rfam.seed.gz	15.1
RF00174__4GXY_A__6VMY_A	query	RF00174__4GXY_A	RF00174__6VMY_A	108	122	s55	stack	stack	no	unmapped_endpoint	exact_class_preserved	exact_class_preserved	None-None	82-97	82-97	no	no	Rfam.seed.gz	15.1
RF00174__4GXY_A__6VMY_A	query	RF00174__4GXY_A	RF00174__6VMY_A	109	110	s35	stack	stack	no	unmapped_endpoint	exact_class_preserved	exact_class_preserved	None-None	83-84	83-84	no	no	Rfam.seed.gz	15.1
RF00174__4GXY_A__6VMY_A	query	RF00174__4GXY_A	RF00174__6VMY_A	109	121	s55	stack	stack	no	unmapped_endpoint	exact_class_preserved	exact_class_preserved	None-None	83-96	83-96	no	no	Rfam.seed.gz	15.1
RF00174__4GXY_A__6VMY_A	query	RF00174__4GXY_A	RF00174__6VMY_A	110	111	s35	stack	stack	no	unmapped_endpoint	exact_class_preserved	exact_class_preserved	None-None	84-85	84-85	no	no	Rfam.seed.gz	15.1
RF00174__4GXY_A__6VMY_A	query	RF00174__4GXY_A	RF00174__6VMY_A	110	120	s55	stack	stack	no	unmapped_endpoint	exact_class_preserved	exact_class_preserved	None-None	84-95	84-95	no	no	Rfam.seed.gz	15.1
RF00174__4GXY_A__6VMY_A	query	RF00174__4GXY_A	RF00174__6VMY_A	111	112	s35	stack	stack	no	unmapped_endpoint	exact_class_preserved	exact_class_preserved	None-None	85-86	85-86	no	no	Rfam.seed.gz	15.1
RF00174__4GXY_A__6VMY_A	query	RF00174__4GXY_A	RF00174__6VMY_A	112	118	s55	stack	stack	no	unmapped_endpoint	no_annotated_target_pair	no_annotated_target_pair	None-None	86-93	86-93	no	no	Rfam.seed.gz	15.1
RF00174__4GXY_A__6VMY_A	query	RF00174__4GXY_A	RF00174__6VMY_A	117	118	s35	stack	stack	no	unmapped_endpoint	exact_class_preserved	exact_class_preserved	None-None	92-93	92-93	no	no	Rfam.seed.gz	15.1
RF00174__4GXY_A__6VMY_A	query	RF00174__4GXY_A	RF00174__6VMY_A	118	119	s35	stack	stack	no	unmapped_endpoint	exact_class_preserved	exact_class_preserved	None-None	93-94	93-94	no	no	Rfam.seed.gz	15.1
RF00174__4GXY_A__6VMY_A	query	RF00174__4GXY_A	RF00174__6VMY_A	119	120	s35	stack	stack	no	unmapped_endpoint	exact_class_preserved	exact_class_preserved	None-None	94-95	94-95	no	no	Rfam.seed.gz	15.1
RF00174__4GXY_A__6VMY_A	query	RF00174__4GXY_A	RF00174__6VMY_A	120	121	ns35	stack	stack	no	unmapped_endpoint	different_class	different_class	None-None	95-96	95-96	no	no	Rfam.seed.gz	15.1
RF00174__4GXY_A__6VMY_A	query	RF00174__4GXY_A	RF00174__6VMY_A	121	122	s35	stack	stack	no	unmapped_endpoint	exact_class_preserved	exact_class_preserved	None-None	96-97	96-97	no	no	Rfam.seed.gz	15.1
RF00174__4GXY_A__6VMY_A	query	RF00174__4GXY_A	RF00174__6VMY_A	122	123	s35	stack	stack	no	unmapped_endpoint	no_annotated_target_pair	no_annotated_target_pair	None-None	97-98	97-98	no	no	Rfam.seed.gz	15.1
RF00174__4GXY_A__6VMY_A	query	RF00174__4GXY_A	RF00174__6VMY_A	124	125	s35	stack	stack	no	unmapped_endpoint	exact_class_preserved	exact_class_preserved	None-None	99-100	99-100	no	no	Rfam.seed.gz	15.1
RF00174__4GXY_A__6VMY_A	query	RF00174__4GXY_A	RF00174__6VMY_A	124	157	s55	stack	stack	no	unmapped_endpoint	unmapped_endpoint	unmapped_endpoint	None-105	99-None	99-None	no	no	Rfam.seed.gz	15.1
RF00174__4GXY_A__6VMY_A	query	RF00174__4GXY_A	RF00174__6VMY_A	126	127	s35	stack	stack	no	unmapped_endpoint	exact_class_preserved	exact_class_preserved	None-None	101-102	101-102	no	no	Rfam.seed.gz	15.1
RF00174__4GXY_A__6VMY_A	query	RF00174__4GXY_A	RF00174__6VMY_A	127	128	s35	stack	stack	no	unmapped_endpoint	exact_class_preserved	exact_class_preserved	None-None	102-103	102-103	no	no	Rfam.seed.gz	15.1
RF00174__4GXY_A__6VMY_A	query	RF00174__4GXY_A	RF00174__6VMY_A	128	129	s35	stack	stack	no	unmapped_endpoint	no_annotated_target_pair	no_annotated_target_pair	None-None	103-104	103-104	no	no	Rfam.seed.gz	15.1
RF00174__4GXY_A__6VMY_A	query	RF00174__4GXY_A	RF00174__6VMY_A	130	131	s35	stack	stack	no	unmapped_endpoint	unmapped_endpoint	unmapped_endpoint	None-None	None-None	None-None	no	no	Rfam.seed.gz	15.1
RF00174__4GXY_A__6VMY_A	query	RF00174__4GXY_A	RF00174__6VMY_A	131	132	s35	stack	stack	no	unmapped_endpoint	unmapped_endpoint	unmapped_endpoint	None-None	None-None	None-None	no	no	Rfam.seed.gz	15.1
RF00174__4GXY_A__6VMY_A	query	RF00174__4GXY_A	RF00174__6VMY_A	132	133	ns35	stack	stack	no	unmapped_endpoint	unmapped_endpoint	unmapped_endpoint	None-None	None-None	None-None	no	no	Rfam.seed.gz	15.1
RF00174__4GXY_A__6VMY_A	query	RF00174__4GXY_A	RF00174__6VMY_A	133	134	s35	stack	stack	no	unmapped_endpoint	unmapped_endpoint	unmapped_endpoint	None-None	None-None	None-None	no	no	Rfam.seed.gz	15.1
RF00174__4GXY_A__6VMY_A	query	RF00174__4GXY_A	RF00174__6VMY_A	134	135	s35	stack	stack	no	unmapped_endpoint	unmapped_endpoint	unmapped_endpoint	None-None	None-None	None-None	no	no	Rfam.seed.gz	15.1
RF00174__4GXY_A__6VMY_A	query	RF00174__4GXY_A	RF00174__6VMY_A	135	136	s35	stack	stack	no	unmapped_endpoint	unmapped_endpoint	unmapped_endpoint	None-None	None-None	None-None	no	no	Rfam.seed.gz	15.1
RF00174__4GXY_A__6VMY_A	query	RF00174__4GXY_A	RF00174__6VMY_A	136	137	s35	stack	stack	no	unmapped_endpoint	unmapped_endpoint	unmapped_endpoint	None-None	None-None	None-None	no	no	Rfam.seed.gz	15.1
RF00174__4GXY_A__6VMY_A	query	RF00174__4GXY_A	RF00174__6VMY_A	137	138	s35	stack	stack	no	unmapped_endpoint	unmapped_endpoint	unmapped_endpoint	None-None	None-None	None-None	no	no	Rfam.seed.gz	15.1
RF00174__4GXY_A__6VMY_A	query	RF00174__4GXY_A	RF00174__6VMY_A	138	139	s35	stack	stack	no	unmapped_endpoint	unmapped_endpoint	unmapped_endpoint	None-None	None-None	None-None	no	no	Rfam.seed.gz	15.1
RF00174__4GXY_A__6VMY_A	query	RF00174__4GXY_A	RF00174__6VMY_A	139	140	s35	stack	stack	no	unmapped_endpoint	unmapped_endpoint	unmapped_endpoint	None-None	None-None	None-None	no	no	Rfam.seed.gz	15.1
RF00174__4GXY_A__6VMY_A	query	RF00174__4GXY_A	RF00174__6VMY_A	141	143	s35	stack	stack	no	unmapped_endpoint	unmapped_endpoint	unmapped_endpoint	None-None	None-None	None-None	no	no	Rfam.seed.gz	15.1
RF00174__4GXY_A__6VMY_A	query	RF00174__4GXY_A	RF00174__6VMY_A	144	145	s35	stack	stack	no	unmapped_endpoint	unmapped_endpoint	unmapped_endpoint	None-92	None-None	None-None	no	no	Rfam.seed.gz	15.1
RF00174__4GXY_A__6VMY_A	query	RF00174__4GXY_A	RF00174__6VMY_A	145	146	s35	stack	stack	no	exact_class_preserved	unmapped_endpoint	unmapped_endpoint	92-93	None-None	None-None	no	no	Rfam.seed.gz	15.1
RF00174__4GXY_A__6VMY_A	query	RF00174__4GXY_A	RF00174__6VMY_A	146	147	s35	stack	stack	no	exact_class_preserved	unmapped_endpoint	unmapped_endpoint	93-94	None-None	None-None	no	no	Rfam.seed.gz	15.1
RF00174__4GXY_A__6VMY_A	query	RF00174__4GXY_A	RF00174__6VMY_A	147	148	s35	stack	stack	no	exact_class_preserved	unmapped_endpoint	unmapped_endpoint	94-95	None-None	None-None	no	no	Rfam.seed.gz	15.1
RF00174__4GXY_A__6VMY_A	query	RF00174__4GXY_A	RF00174__6VMY_A	148	149	s35	stack	stack	no	no_annotated_target_pair	unmapped_endpoint	unmapped_endpoint	95-97	None-None	None-None	no	no	Rfam.seed.gz	15.1
RF00174__4GXY_A__6VMY_A	query	RF00174__4GXY_A	RF00174__6VMY_A	150	153	s35	stack	stack	no	exact_class_preserved	unmapped_endpoint	unmapped_endpoint	98-101	None-None	None-None	no	no	Rfam.seed.gz	15.1
RF00174__4GXY_A__6VMY_A	query	RF00174__4GXY_A	RF00174__6VMY_A	151	152	s35	stack	stack	no	exact_class_preserved	unmapped_endpoint	unmapped_endpoint	99-100	None-None	None-None	no	no	Rfam.seed.gz	15.1
RF00174__4GXY_A__6VMY_A	query	RF00174__4GXY_A	RF00174__6VMY_A	153	154	s35	stack	stack	no	exact_class_preserved	unmapped_endpoint	unmapped_endpoint	101-102	None-None	None-None	no	no	Rfam.seed.gz	15.1
RF00174__4GXY_A__6VMY_A	query	RF00174__4GXY_A	RF00174__6VMY_A	154	155	s35	stack	stack	no	exact_class_preserved	unmapped_endpoint	unmapped_endpoint	102-103	None-None	None-None	no	no	Rfam.seed.gz	15.1
RF00174__4GXY_A__6VMY_A	query	RF00174__4GXY_A	RF00174__6VMY_A	155	156	s35	stack	stack	no	no_annotated_target_pair	unmapped_endpoint	unmapped_endpoint	103-104	None-None	None-None	no	no	Rfam.seed.gz	15.1
RF00174__4GXY_A__6VMY_A	query	RF00174__4GXY_A	RF00174__6VMY_A	157	159	s35	stack	stack	no	no_annotated_target_pair	unmapped_endpoint	unmapped_endpoint	105-107	None-None	None-None	no	no	Rfam.seed.gz	15.1
RF00174__4GXY_A__6VMY_A	query	RF00174__4GXY_A	RF00174__6VMY_A	159	160	s35	stack	stack	no	exact_class_preserved	unmapped_endpoint	unmapped_endpoint	107-108	None-None	None-None	no	no	Rfam.seed.gz	15.1
RF00174__4GXY_A__6VMY_A	query	RF00174__4GXY_A	RF00174__6VMY_A	160	161	ns35	stack	stack	no	different_class	unmapped_endpoint	unmapped_endpoint	108-109	None-None	None-None	no	no	Rfam.seed.gz	15.1
RF00174__4GXY_A__6VMY_A	query	RF00174__4GXY_A	RF00174__6VMY_A	161	162	s35	stack	stack	no	exact_class_preserved	unmapped_endpoint	unmapped_endpoint	109-110	None-None	None-None	no	no	Rfam.seed.gz	15.1
RF00174__4GXY_A__6VMY_A	query	RF00174__4GXY_A	RF00174__6VMY_A	162	163	s35	stack	stack	no	exact_class_preserved	unmapped_endpoint	unmapped_endpoint	110-111	None-None	None-None	no	no	Rfam.seed.gz	15.1
RF00174__4GXY_A__6VMY_A	query	RF00174__4GXY_A	RF00174__6VMY_A	163	164	s35	stack	stack	no	exact_class_preserved	unmapped_endpoint	unmapped_endpoint	111-112	None-None	None-None	no	no	Rfam.seed.gz	15.1
RF00174__4GXY_A__6VMY_A	query	RF00174__4GXY_A	RF00174__6VMY_A	164	165	s35	stack	stack	no	exact_class_preserved	unmapped_endpoint	unmapped_endpoint	112-113	None-None	None-None	no	no	Rfam.seed.gz	15.1
RF00174__4GXY_A__6VMY_A	query	RF00174__4GXY_A	RF00174__6VMY_A	165	166	s35	stack	stack	no	exact_class_preserved	unmapped_endpoint	unmapped_endpoint	113-114	None-None	None-None	no	no	Rfam.seed.gz	15.1
RF00174__4GXY_A__6VMY_A	query	RF00174__4GXY_A	RF00174__6VMY_A	166	167	s35	stack	stack	no	no_annotated_target_pair	unmapped_endpoint	unmapped_endpoint	114-116	None-None	None-None	no	no	Rfam.seed.gz	15.1
RF00174__4GXY_A__6VMY_A	query	RF00174__4GXY_A	RF00174__6VMY_A	167	168	s35	stack	stack	no	exact_class_preserved	unmapped_endpoint	unmapped_endpoint	116-117	None-None	None-None	no	no	Rfam.seed.gz	15.1
RF00174__4GXY_A__6VMY_A	query	RF00174__4GXY_A	RF00174__6VMY_A	168	169	ns35	stack	stack	no	different_class	unmapped_endpoint	unmapped_endpoint	117-118	None-None	None-None	no	no	Rfam.seed.gz	15.1
RF00174__4GXY_A__6VMY_A	query	RF00174__4GXY_A	RF00174__6VMY_A	169	170	s35	stack	stack	no	no_annotated_target_pair	unmapped_endpoint	unmapped_endpoint	118-120	None-None	None-None	no	no	Rfam.seed.gz	15.1
RF00174__4GXY_A__6VMY_A	query	RF00174__4GXY_A	RF00174__6VMY_A	170	171	s35	stack	stack	yes	exact_class_preserved	unmapped_endpoint	unmapped_endpoint	120-121	None-None	None-None	no	no	Rfam.seed.gz	15.1
RF00174__4GXY_A__6VMY_A	query	RF00174__4GXY_A	RF00174__6VMY_A	171	172	s35	stack	stack	yes	exact_class_preserved	unmapped_endpoint	unmapped_endpoint	121-122	None-None	None-None	no	no	Rfam.seed.gz	15.1
RF00174__4GXY_A__6VMY_A	target	RF00174__6VMY_A	RF00174__4GXY_A	2	121	cWW	wobble	basepair	no	unmapped_endpoint	unmapped_endpoint	unmapped_endpoint	None-171	None-None	None-None	no	yes	Rfam.seed.gz	15.1
RF00174__4GXY_A__6VMY_A	target	RF00174__6VMY_A	RF00174__4GXY_A	3	120	cWW	canonical	basepair	no	no_annotated_target_pair	unmapped_endpoint	unmapped_endpoint	1-170	None-None	None-None	no	yes	Rfam.seed.gz	15.1
RF00174__4GXY_A__6VMY_A	target	RF00174__6VMY_A	RF00174__4GXY_A	4	119	cWW	canonical	basepair	no	unmapped_endpoint	unmapped_endpoint	unmapped_endpoint	2-None	None-None	None-None	no	no	Rfam.seed.gz	15.1
RF00174__4GXY_A__6VMY_A	target	RF00174__6VMY_A	RF00174__4GXY_A	5	118	cWW	canonical	basepair	no	no_annotated_target_pair	unmapped_endpoint	unmapped_endpoint	3-169	None-None	None-None	no	no	Rfam.seed.gz	15.1
RF00174__4GXY_A__6VMY_A	target	RF00174__6VMY_A	RF00174__4GXY_A	6	117	cWW	canonical	basepair	no	no_annotated_target_pair	unmapped_endpoint	unmapped_endpoint	4-168	None-None	None-None	no	no	Rfam.seed.gz	15.1
RF00174__4GXY_A__6VMY_A	target	RF00174__6VMY_A	RF00174__4GXY_A	7	116	cWW	canonical	basepair	no	no_annotated_target_pair	unmapped_endpoint	unmapped_endpoint	5-167	None-None	None-None	no	no	Rfam.seed.gz	15.1
RF00174__4GXY_A__6VMY_A	target	RF00174__6VMY_A	RF00174__4GXY_A	8	115	cWW	wobble	basepair	no	unmapped_endpoint	unmapped_endpoint	unmapped_endpoint	6-None	None-None	None-None	no	no	Rfam.seed.gz	15.1
RF00174__4GXY_A__6VMY_A	target	RF00174__6VMY_A	RF00174__4GXY_A	9	114	cWW	canonical	basepair	no	exact_class_preserved	unmapped_endpoint	unmapped_endpoint	7-166	None-None	None-None	no	no	Rfam.seed.gz	15.1
RF00174__4GXY_A__6VMY_A	target	RF00174__6VMY_A	RF00174__4GXY_A	10	113	cWW	canonical	basepair	no	exact_class_preserved	unmapped_endpoint	unmapped_endpoint	8-165	None-None	None-None	no	no	Rfam.seed.gz	15.1
RF00174__4GXY_A__6VMY_A	target	RF00174__6VMY_A	RF00174__4GXY_A	11	112	cWW	canonical	basepair	no	exact_class_preserved	unmapped_endpoint	unmapped_endpoint	9-164	None-None	None-None	no	no	Rfam.seed.gz	15.1
RF00174__4GXY_A__6VMY_A	target	RF00174__6VMY_A	RF00174__4GXY_A	11	40	tSS	noncanonical	basepair	no	exact_class_preserved	unmapped_endpoint	unmapped_endpoint	9-37	None-None	None-None	no	no	Rfam.seed.gz	15.1
RF00174__4GXY_A__6VMY_A	target	RF00174__6VMY_A	RF00174__4GXY_A	12	111	cWW	wobble	basepair	no	exact_class_preserved	unmapped_endpoint	unmapped_endpoint	10-163	None-None	None-None	no	no	Rfam.seed.gz	15.1
RF00174__4GXY_A__6VMY_A	target	RF00174__6VMY_A	RF00174__4GXY_A	13	36	cWW	canonical	basepair	no	exact_class_preserved	unmapped_endpoint	unmapped_endpoint	12-33	None-None	94-None	no	no	Rfam.seed.gz	15.1
RF00174__4GXY_A__6VMY_A	target	RF00174__6VMY_A	RF00174__4GXY_A	14	35	cWW	canonical	basepair	no	no_annotated_target_pair	unmapped_endpoint	unmapped_endpoint	13-32	None-None	95-None	no	no	Rfam.seed.gz	15.1
RF00174__4GXY_A__6VMY_A	target	RF00174__6VMY_A	RF00174__4GXY_A	15	34	cWW	canonical	basepair	no	exact_class_preserved	unmapped_endpoint	unmapped_endpoint	14-31	None-None	None-None	no	no	Rfam.seed.gz	15.1
RF00174__4GXY_A__6VMY_A	target	RF00174__6VMY_A	RF00174__4GXY_A	16	33	cWW	canonical	basepair	no	no_annotated_target_pair	unmapped_endpoint	unmapped_endpoint	15-30	None-None	None-None	no	no	Rfam.seed.gz	15.1
RF00174__4GXY_A__6VMY_A	target	RF00174__6VMY_A	RF00174__4GXY_A	17	32	cWW	canonical	basepair	no	no_annotated_target_pair	unmapped_endpoint	unmapped_endpoint	16-29	None-None	None-None	no	no	Rfam.seed.gz	15.1
RF00174__4GXY_A__6VMY_A	target	RF00174__6VMY_A	RF00174__4GXY_A	18	31	cWW	wobble	basepair	no	exact_class_preserved	unmapped_endpoint	unmapped_endpoint	17-28	None-None	None-None	no	no	Rfam.seed.gz	15.1
RF00174__4GXY_A__6VMY_A	target	RF00174__6VMY_A	RF00174__4GXY_A	20	104	cWW	canonical	basepair	no	no_annotated_target_pair	unmapped_endpoint	unmapped_endpoint	19-156	None-129	None-129	no	no	Rfam.seed.gz	15.1
RF00174__4GXY_A__6VMY_A	target	RF00174__6VMY_A	RF00174__4GXY_A	21	29	cWW	canonical	basepair	no	target_endpoint_unobserved	unmapped_endpoint	unmapped_endpoint	20-26	None-None	None-None	no	no	Rfam.seed.gz	15.1
RF00174__4GXY_A__6VMY_A	target	RF00174__6VMY_A	RF00174__4GXY_A	22	28	cWW	canonical	basepair	no	unmapped_endpoint	unmapped_endpoint	unmapped_endpoint	None-25	None-None	None-None	no	no	Rfam.seed.gz	15.1
RF00174__4GXY_A__6VMY_A	target	RF00174__6VMY_A	RF00174__4GXY_A	37	41	tWH	noncanonical	basepair	no	exact_class_preserved	unmapped_endpoint	unmapped_endpoint	34-38	None-None	None-None	no	no	Rfam.seed.gz	15.1
RF00174__4GXY_A__6VMY_A	target	RF00174__6VMY_A	RF00174__4GXY_A	42	110	cWW	canonical	basepair	no	exact_class_preserved	unmapped_endpoint	unmapped_endpoint	39-162	None-None	None-None	no	no	Rfam.seed.gz	15.1
RF00174__4GXY_A__6VMY_A	target	RF00174__6VMY_A	RF00174__4GXY_A	43	109	cWW	canonical	basepair	no	exact_class_preserved	unmapped_endpoint	unmapped_endpoint	40-161	None-None	None-None	no	no	Rfam.seed.gz	15.1
RF00174__4GXY_A__6VMY_A	target	RF00174__6VMY_A	RF00174__4GXY_A	44	108	cWW	canonical	basepair	no	no_annotated_target_pair	unmapped_endpoint	unmapped_endpoint	41-160	None-None	None-None	no	no	Rfam.seed.gz	15.1
RF00174__4GXY_A__6VMY_A	target	RF00174__6VMY_A	RF00174__4GXY_A	45	107	cWW	noncanonical	basepair	no	no_annotated_target_pair	unmapped_endpoint	unmapped_endpoint	42-159	None-None	None-None	no	no	Rfam.seed.gz	15.1
RF00174__4GXY_A__6VMY_A	target	RF00174__6VMY_A	RF00174__4GXY_A	47	99	tSS	noncanonical	basepair	no	exact_class_preserved	unmapped_endpoint	unmapped_endpoint	44-151	None-124	None-124	no	no	Rfam.seed.gz	15.1
RF00174__4GXY_A__6VMY_A	target	RF00174__6VMY_A	RF00174__4GXY_A	48	63	cWW	canonical	basepair	no	exact_class_preserved	unmapped_endpoint	unmapped_endpoint	45-61	None-None	None-None	no	no	Rfam.seed.gz	15.1
RF00174__4GXY_A__6VMY_A	target	RF00174__6VMY_A	RF00174__4GXY_A	49	62	cWW	canonical	basepair	no	exact_class_preserved	unmapped_endpoint	unmapped_endpoint	46-60	77-None	None-None	no	no	Rfam.seed.gz	15.1
RF00174__4GXY_A__6VMY_A	target	RF00174__6VMY_A	RF00174__4GXY_A	50	61	cWW	canonical	basepair	no	exact_class_preserved	unmapped_endpoint	unmapped_endpoint	47-59	78-None	None-None	no	no	Rfam.seed.gz	15.1
RF00174__4GXY_A__6VMY_A	target	RF00174__6VMY_A	RF00174__4GXY_A	51	60	cWW	canonical	basepair	no	exact_class_preserved	unmapped_endpoint	unmapped_endpoint	48-58	None-None	None-None	no	no	Rfam.seed.gz	15.1
RF00174__4GXY_A__6VMY_A	target	RF00174__6VMY_A	RF00174__4GXY_A	52	59	cWW	canonical	basepair	no	exact_class_preserved	unmapped_endpoint	unmapped_endpoint	49-57	None-None	None-None	no	no	Rfam.seed.gz	15.1
RF00174__4GXY_A__6VMY_A	target	RF00174__6VMY_A	RF00174__4GXY_A	64	100	cWW	canonical	basepair	no	exact_class_preserved	unmapped_endpoint	unmapped_endpoint	62-152	None-125	None-125	no	no	Rfam.seed.gz	15.1
RF00174__4GXY_A__6VMY_A	target	RF00174__6VMY_A	RF00174__4GXY_A	65	99	cWW	canonical	basepair	no	exact_class_preserved	unmapped_endpoint	unmapped_endpoint	63-151	None-124	None-124	no	no	Rfam.seed.gz	15.1
RF00174__4GXY_A__6VMY_A	target	RF00174__6VMY_A	RF00174__4GXY_A	66	74	cWW	canonical	basepair	no	exact_class_preserved	unmapped_endpoint	unmapped_endpoint	64-72	None-None	None-None	no	no	Rfam.seed.gz	15.1
RF00174__4GXY_A__6VMY_A	target	RF00174__6VMY_A	RF00174__4GXY_A	67	73	cWW	canonical	basepair	no	exact_class_preserved	unmapped_endpoint	unmapped_endpoint	65-71	None-None	None-None	no	no	Rfam.seed.gz	15.1
RF00174__4GXY_A__6VMY_A	target	RF00174__6VMY_A	RF00174__4GXY_A	75	105	cWW	noncanonical	basepair	no	no_annotated_target_pair	unmapped_endpoint	unmapped_endpoint	73-157	102-None	102-None	no	no	Rfam.seed.gz	15.1
RF00174__4GXY_A__6VMY_A	target	RF00174__6VMY_A	RF00174__4GXY_A	76	103	cWW	canonical	basepair	no	exact_class_preserved	exact_class_preserved	exact_class_preserved	74-155	103-128	103-128	yes	no	Rfam.seed.gz	15.1
RF00174__4GXY_A__6VMY_A	target	RF00174__6VMY_A	RF00174__4GXY_A	77	102	cWW	canonical	basepair	no	exact_class_preserved	exact_class_preserved	exact_class_preserved	75-154	104-127	104-127	yes	no	Rfam.seed.gz	15.1
RF00174__4GXY_A__6VMY_A	target	RF00174__6VMY_A	RF00174__4GXY_A	78	101	cWW	canonical	basepair	no	exact_class_preserved	exact_class_preserved	exact_class_preserved	76-153	105-126	105-126	yes	no	Rfam.seed.gz	15.1
RF00174__4GXY_A__6VMY_A	target	RF00174__6VMY_A	RF00174__4GXY_A	79	98	tWH	noncanonical	basepair	no	exact_class_preserved	different_class	different_class	77-150	106-123	106-123	yes	no	Rfam.seed.gz	15.1
RF00174__4GXY_A__6VMY_A	target	RF00174__6VMY_A	RF00174__4GXY_A	82	96	cWW	canonical	basepair	no	unmapped_endpoint	exact_class_preserved	exact_class_preserved	80-None	108-121	108-121	no	no	Rfam.seed.gz	15.1
RF00174__4GXY_A__6VMY_A	target	RF00174__6VMY_A	RF00174__4GXY_A	83	95	cWW	canonical	basepair	no	different_class	exact_class_preserved	exact_class_preserved	81-148	109-120	109-120	yes	no	Rfam.seed.gz	15.1
RF00174__4GXY_A__6VMY_A	target	RF00174__6VMY_A	RF00174__4GXY_A	84	94	cWW	canonical	basepair	no	different_class	exact_class_preserved	exact_class_preserved	82-147	110-119	110-119	yes	no	Rfam.seed.gz	15.1
RF00174__4GXY_A__6VMY_A	target	RF00174__6VMY_A	RF00174__4GXY_A	85	93	cWW	canonical	basepair	no	unmapped_endpoint	exact_class_preserved	exact_class_preserved	None-146	111-118	111-118	no	no	Rfam.seed.gz	15.1
RF00174__4GXY_A__6VMY_A	target	RF00174__6VMY_A	RF00174__4GXY_A	86	92	cWW	canonical	basepair	no	unmapped_endpoint	exact_class_preserved	exact_class_preserved	None-145	112-117	112-117	no	no	Rfam.seed.gz	15.1
RF00174__4GXY_A__6VMY_A	target	RF00174__6VMY_A	RF00174__4GXY_A	2	3	s35	stack	stack	no	unmapped_endpoint	unmapped_endpoint	unmapped_endpoint	None-1	None-None	None-None	no	yes	Rfam.seed.gz	15.1
RF00174__4GXY_A__6VMY_A	target	RF00174__6VMY_A	RF00174__4GXY_A	2	122	s55	stack	stack	no	unmapped_endpoint	unmapped_endpoint	unmapped_endpoint	None-172	None-None	None-None	no	yes	Rfam.seed.gz	15.1
RF00174__4GXY_A__6VMY_A	target	RF00174__6VMY_A	RF00174__4GXY_A	3	4	s35	stack	stack	no	no_annotated_target_pair	unmapped_endpoint	unmapped_endpoint	1-2	None-None	None-None	no	yes	Rfam.seed.gz	15.1
RF00174__4GXY_A__6VMY_A	target	RF00174__6VMY_A	RF00174__4GXY_A	4	120	ns55	stack	stack	no	no_annotated_target_pair	unmapped_endpoint	unmapped_endpoint	2-170	None-None	None-None	no	no	Rfam.seed.gz	15.1
RF00174__4GXY_A__6VMY_A	target	RF00174__6VMY_A	RF00174__4GXY_A	4	5	s35	stack	stack	no	exact_class_preserved	unmapped_endpoint	unmapped_endpoint	2-3	None-None	None-None	no	no	Rfam.seed.gz	15.1
RF00174__4GXY_A__6VMY_A	target	RF00174__6VMY_A	RF00174__4GXY_A	5	6	s35	stack	stack	no	different_class	unmapped_endpoint	unmapped_endpoint	3-4	None-None	None-None	no	no	Rfam.seed.gz	15.1
RF00174__4GXY_A__6VMY_A	target	RF00174__6VMY_A	RF00174__4GXY_A	5	119	s55	stack	stack	no	unmapped_endpoint	unmapped_endpoint	unmapped_endpoint	3-None	None-None	None-None	no	no	Rfam.seed.gz	15.1
RF00174__4GXY_A__6VMY_A	target	RF00174__6VMY_A	RF00174__4GXY_A	6	7	s35	stack	stack	no	exact_class_preserved	unmapped_endpoint	unmapped_endpoint	4-5	None-None	None-None	no	no	Rfam.seed.gz	15.1
RF00174__4GXY_A__6VMY_A	target	RF00174__6VMY_A	RF00174__4GXY_A	7	8	s35	stack	stack	no	exact_class_preserved	unmapped_endpoint	unmapped_endpoint	5-6	None-None	None-None	no	no	Rfam.seed.gz	15.1
RF00174__4GXY_A__6VMY_A	target	RF00174__6VMY_A	RF00174__4GXY_A	7	117	s55	stack	stack	no	no_annotated_target_pair	unmapped_endpoint	unmapped_endpoint	5-168	None-None	None-None	no	no	Rfam.seed.gz	15.1
RF00174__4GXY_A__6VMY_A	target	RF00174__6VMY_A	RF00174__4GXY_A	8	9	s35	stack	stack	no	different_class	unmapped_endpoint	unmapped_endpoint	6-7	None-None	None-None	no	no	Rfam.seed.gz	15.1
RF00174__4GXY_A__6VMY_A	target	RF00174__6VMY_A	RF00174__4GXY_A	9	10	s35	stack	stack	no	exact_class_preserved	unmapped_endpoint	unmapped_endpoint	7-8	None-None	None-None	no	no	Rfam.seed.gz	15.1
RF00174__4GXY_A__6VMY_A	target	RF00174__6VMY_A	RF00174__4GXY_A	9	115	s55	stack	stack	no	unmapped_endpoint	unmapped_endpoint	unmapped_endpoint	7-None	None-None	None-None	no	no	Rfam.seed.gz	15.1
RF00174__4GXY_A__6VMY_A	target	RF00174__6VMY_A	RF00174__4GXY_A	10	11	s35	stack	stack	no	exact_class_preserved	unmapped_endpoint	unmapped_endpoint	8-9	None-None	None-None	no	no	Rfam.seed.gz	15.1
RF00174__4GXY_A__6VMY_A	target	RF00174__6VMY_A	RF00174__4GXY_A	10	114	s55	stack	stack	no	exact_class_preserved	unmapped_endpoint	unmapped_endpoint	8-166	None-None	None-None	no	no	Rfam.seed.gz	15.1
RF00174__4GXY_A__6VMY_A	target	RF00174__6VMY_A	RF00174__4GXY_A	11	12	s35	stack	stack	no	exact_class_preserved	unmapped_endpoint	unmapped_endpoint	9-10	None-None	None-None	no	no	Rfam.seed.gz	15.1
RF00174__4GXY_A__6VMY_A	target	RF00174__6VMY_A	RF00174__4GXY_A	11	113	s55	stack	stack	no	exact_class_preserved	unmapped_endpoint	unmapped_endpoint	9-165	None-None	None-None	no	no	Rfam.seed.gz	15.1
RF00174__4GXY_A__6VMY_A	target	RF00174__6VMY_A	RF00174__4GXY_A	13	14	s35	stack	stack	no	exact_class_preserved	unmapped_endpoint	exact_class_preserved	12-13	None-None	94-95	no	no	Rfam.seed.gz	15.1
RF00174__4GXY_A__6VMY_A	target	RF00174__6VMY_A	RF00174__4GXY_A	13	41	s53	stack	stack	no	exact_class_preserved	unmapped_endpoint	unmapped_endpoint	12-38	None-None	94-None	no	no	Rfam.seed.gz	15.1
RF00174__4GXY_A__6VMY_A	target	RF00174__6VMY_A	RF00174__4GXY_A	13	37	s55	stack	stack	no	no_annotated_target_pair	unmapped_endpoint	unmapped_endpoint	12-34	None-None	94-None	no	no	Rfam.seed.gz	15.1
RF00174__4GXY_A__6VMY_A	target	RF00174__6VMY_A	RF00174__4GXY_A	14	15	s35	stack	stack	no	exact_class_preserved	unmapped_endpoint	unmapped_endpoint	13-14	None-None	95-None	no	no	Rfam.seed.gz	15.1
RF00174__4GXY_A__6VMY_A	target	RF00174__6VMY_A	RF00174__4GXY_A	15	16	s35	stack	stack	no	exact_class_preserved	unmapped_endpoint	unmapped_endpoint	14-15	None-None	None-None	no	no	Rfam.seed.gz	15.1
RF00174__4GXY_A__6VMY_A	target	RF00174__6VMY_A	RF00174__4GXY_A	15	35	s55	stack	stack	no	different_class	unmapped_endpoint	unmapped_endpoint	14-32	None-None	None-None	no	no	Rfam.seed.gz	15.1
RF00174__4GXY_A__6VMY_A	target	RF00174__6VMY_A	RF00174__4GXY_A	16	17	s35	stack	stack	no	exact_class_preserved	unmapped_endpoint	unmapped_endpoint	15-16	None-None	None-None	no	no	Rfam.seed.gz	15.1
RF00174__4GXY_A__6VMY_A	target	RF00174__6VMY_A	RF00174__4GXY_A	16	34	s55	stack	stack	no	different_class	unmapped_endpoint	unmapped_endpoint	15-31	None-None	None-None	no	no	Rfam.seed.gz	15.1
RF00174__4GXY_A__6VMY_A	target	RF00174__6VMY_A	RF00174__4GXY_A	17	18	s35	stack	stack	no	no_annotated_target_pair	unmapped_endpoint	unmapped_endpoint	16-17	None-None	None-None	no	no	Rfam.seed.gz	15.1
RF00174__4GXY_A__6VMY_A	target	RF00174__6VMY_A	RF00174__4GXY_A	17	33	s55	stack	stack	no	no_annotated_target_pair	unmapped_endpoint	unmapped_endpoint	16-30	None-None	None-None	no	no	Rfam.seed.gz	15.1
RF00174__4GXY_A__6VMY_A	target	RF00174__6VMY_A	RF00174__4GXY_A	19	20	s35	stack	stack	no	exact_class_preserved	unmapped_endpoint	unmapped_endpoint	18-19	None-None	None-None	no	no	Rfam.seed.gz	15.1
RF00174__4GXY_A__6VMY_A	target	RF00174__6VMY_A	RF00174__4GXY_A	19	31	s55	stack	stack	no	different_class	unmapped_endpoint	unmapped_endpoint	18-28	None-None	None-None	no	no	Rfam.seed.gz	15.1
RF00174__4GXY_A__6VMY_A	target	RF00174__6VMY_A	RF00174__4GXY_A	20	30	ns55	stack	stack	no	no_annotated_target_pair	unmapped_endpoint	unmapped_endpoint	19-27	None-None	None-None	no	no	Rfam.seed.gz	15.1
RF00174__4GXY_A__6VMY_A	target	RF00174__6VMY_A	RF00174__4GXY_A	20	21	s35	stack	stack	no	target_endpoint_unobserved	unmapped_endpoint	unmapped_endpoint	19-20	None-None	None-None	no	no	Rfam.seed.gz	15.1
RF00174__4GXY_A__6VMY_A	target	RF00174__6VMY_A	RF00174__4GXY_A	21	22	s35	stack	stack	no	unmapped_endpoint	unmapped_endpoint	unmapped_endpoint	20-None	None-None	None-None	no	no	Rfam.seed.gz	15.1
RF00174__4GXY_A__6VMY_A	target	RF00174__6VMY_A	RF00174__4GXY_A	21	104	s55	stack	stack	no	target_endpoint_unobserved	unmapped_endpoint	unmapped_endpoint	20-156	None-129	None-129	no	no	Rfam.seed.gz	15.1
RF00174__4GXY_A__6VMY_A	target	RF00174__6VMY_A	RF00174__4GXY_A	22	23	s35	stack	stack	no	unmapped_endpoint	unmapped_endpoint	unmapped_endpoint	None-None	None-None	None-None	no	no	Rfam.seed.gz	15.1
RF00174__4GXY_A__6VMY_A	target	RF00174__6VMY_A	RF00174__4GXY_A	23	28	s55	stack	stack	no	unmapped_endpoint	unmapped_endpoint	unmapped_endpoint	None-25	None-None	None-None	no	no	Rfam.seed.gz	15.1
RF00174__4GXY_A__6VMY_A	target	RF00174__6VMY_A	RF00174__4GXY_A	24	25	s35	stack	stack	no	target_endpoint_unobserved	unmapped_endpoint	unmapped_endpoint	21-22	None-None	None-None	no	no	Rfam.seed.gz	15.1
RF00174__4GXY_A__6VMY_A	target	RF00174__6VMY_A	RF00174__4GXY_A	25	27	s35	stack	stack	no	target_endpoint_unobserved	unmapped_endpoint	unmapped_endpoint	22-24	None-None	None-None	no	no	Rfam.seed.gz	15.1
RF00174__4GXY_A__6VMY_A	target	RF00174__6VMY_A	RF00174__4GXY_A	27	28	s35	stack	stack	no	target_endpoint_unobserved	unmapped_endpoint	unmapped_endpoint	24-25	None-None	None-None	no	no	Rfam.seed.gz	15.1
RF00174__4GXY_A__6VMY_A	target	RF00174__6VMY_A	RF00174__4GXY_A	28	29	s35	stack	stack	no	target_endpoint_unobserved	unmapped_endpoint	unmapped_endpoint	25-26	None-None	None-None	no	no	Rfam.seed.gz	15.1
RF00174__4GXY_A__6VMY_A	target	RF00174__6VMY_A	RF00174__4GXY_A	30	31	ns35	stack	stack	no	different_class	unmapped_endpoint	unmapped_endpoint	27-28	None-None	None-None	no	no	Rfam.seed.gz	15.1
RF00174__4GXY_A__6VMY_A	target	RF00174__6VMY_A	RF00174__4GXY_A	30	104	s53	stack	stack	no	no_annotated_target_pair	unmapped_endpoint	unmapped_endpoint	27-156	None-129	None-129	no	no	Rfam.seed.gz	15.1
RF00174__4GXY_A__6VMY_A	target	RF00174__6VMY_A	RF00174__4GXY_A	31	32	s35	stack	stack	no	exact_class_preserved	unmapped_endpoint	unmapped_endpoint	28-29	None-None	None-None	no	no	Rfam.seed.gz	15.1
RF00174__4GXY_A__6VMY_A	target	RF00174__6VMY_A	RF00174__4GXY_A	32	33	s35	stack	stack	no	exact_class_preserved	unmapped_endpoint	unmapped_endpoint	29-30	None-None	None-None	no	no	Rfam.seed.gz	15.1
RF00174__4GXY_A__6VMY_A	target	RF00174__6VMY_A	RF00174__4GXY_A	33	34	s35	stack	stack	no	exact_class_preserved	unmapped_endpoint	unmapped_endpoint	30-31	None-None	None-None	no	no	Rfam.seed.gz	15.1
RF00174__4GXY_A__6VMY_A	target	RF00174__6VMY_A	RF00174__4GXY_A	34	35	s35	stack	stack	no	exact_class_preserved	unmapped_endpoint	unmapped_endpoint	31-32	None-None	None-None	no	no	Rfam.seed.gz	15.1
RF00174__4GXY_A__6VMY_A	target	RF00174__6VMY_A	RF00174__4GXY_A	35	36	s35	stack	stack	no	exact_class_preserved	unmapped_endpoint	unmapped_endpoint	32-33	None-None	None-None	no	no	Rfam.seed.gz	15.1
RF00174__4GXY_A__6VMY_A	target	RF00174__6VMY_A	RF00174__4GXY_A	36	37	s35	stack	stack	no	exact_class_preserved	unmapped_endpoint	unmapped_endpoint	33-34	None-None	None-None	no	no	Rfam.seed.gz	15.1
RF00174__4GXY_A__6VMY_A	target	RF00174__6VMY_A	RF00174__4GXY_A	37	38	s35	stack	stack	no	exact_class_preserved	unmapped_endpoint	unmapped_endpoint	34-35	None-None	None-None	no	no	Rfam.seed.gz	15.1
RF00174__4GXY_A__6VMY_A	target	RF00174__6VMY_A	RF00174__4GXY_A	38	41	ns55	stack	stack	no	exact_class_preserved	unmapped_endpoint	unmapped_endpoint	35-38	None-None	None-None	no	no	Rfam.seed.gz	15.1
RF00174__4GXY_A__6VMY_A	target	RF00174__6VMY_A	RF00174__4GXY_A	39	40	s35	stack	stack	no	exact_class_preserved	unmapped_endpoint	unmapped_endpoint	36-37	None-None	None-None	no	no	Rfam.seed.gz	15.1
RF00174__4GXY_A__6VMY_A	target	RF00174__6VMY_A	RF00174__4GXY_A	40	41	s35	stack	stack	no	no_annotated_target_pair	unmapped_endpoint	unmapped_endpoint	37-38	None-None	None-None	no	no	Rfam.seed.gz	15.1
RF00174__4GXY_A__6VMY_A	target	RF00174__6VMY_A	RF00174__4GXY_A	42	43	s35	stack	stack	no	exact_class_preserved	unmapped_endpoint	unmapped_endpoint	39-40	None-None	None-None	no	no	Rfam.seed.gz	15.1
RF00174__4GXY_A__6VMY_A	target	RF00174__6VMY_A	RF00174__4GXY_A	42	111	s55	stack	stack	no	exact_class_preserved	unmapped_endpoint	unmapped_endpoint	39-163	None-None	None-None	no	no	Rfam.seed.gz	15.1
RF00174__4GXY_A__6VMY_A	target	RF00174__6VMY_A	RF00174__4GXY_A	43	44	s35	stack	stack	no	exact_class_preserved	unmapped_endpoint	unmapped_endpoint	40-41	None-None	None-None	no	no	Rfam.seed.gz	15.1
RF00174__4GXY_A__6VMY_A	target	RF00174__6VMY_A	RF00174__4GXY_A	43	110	s55	stack	stack	no	exact_class_preserved	unmapped_endpoint	unmapped_endpoint	40-162	None-None	None-None	no	no	Rfam.seed.gz	15.1
RF00174__4GXY_A__6VMY_A	target	RF00174__6VMY_A	RF00174__4GXY_A	44	45	s35	stack	stack	no	exact_class_preserved	unmapped_endpoint	unmapped_endpoint	41-42	None-None	None-None	no	no	Rfam.seed.gz	15.1
RF00174__4GXY_A__6VMY_A	target	RF00174__6VMY_A	RF00174__4GXY_A	44	109	s55	stack	stack	no	exact_class_preserved	unmapped_endpoint	unmapped_endpoint	41-161	None-None	None-None	no	no	Rfam.seed.gz	15.1
RF00174__4GXY_A__6VMY_A	target	RF00174__6VMY_A	RF00174__4GXY_A	46	47	s35	stack	stack	no	exact_class_preserved	unmapped_endpoint	unmapped_endpoint	43-44	None-None	None-None	no	no	Rfam.seed.gz	15.1
RF00174__4GXY_A__6VMY_A	target	RF00174__6VMY_A	RF00174__4GXY_A	47	100	ns35	stack	stack	no	no_annotated_target_pair	unmapped_endpoint	unmapped_endpoint	44-152	None-125	None-125	no	no	Rfam.seed.gz	15.1
RF00174__4GXY_A__6VMY_A	target	RF00174__6VMY_A	RF00174__4GXY_A	47	66	ns55	stack	stack	no	exact_class_preserved	unmapped_endpoint	unmapped_endpoint	44-64	None-None	None-None	no	no	Rfam.seed.gz	15.1
RF00174__4GXY_A__6VMY_A	target	RF00174__6VMY_A	RF00174__4GXY_A	48	100	ns53	stack	stack	no	exact_class_preserved	unmapped_endpoint	unmapped_endpoint	45-152	None-125	None-125	no	no	Rfam.seed.gz	15.1
RF00174__4GXY_A__6VMY_A	target	RF00174__6VMY_A	RF00174__4GXY_A	48	49	s35	stack	stack	no	exact_class_preserved	unmapped_endpoint	unmapped_endpoint	45-46	None-77	None-None	no	no	Rfam.seed.gz	15.1
RF00174__4GXY_A__6VMY_A	target	RF00174__6VMY_A	RF00174__4GXY_A	48	64	s55	stack	stack	no	exact_class_preserved	unmapped_endpoint	unmapped_endpoint	45-62	None-None	None-None	no	no	Rfam.seed.gz	15.1
RF00174__4GXY_A__6VMY_A	target	RF00174__6VMY_A	RF00174__4GXY_A	49	50	s35	stack	stack	no	exact_class_preserved	exact_class_preserved	unmapped_endpoint	46-47	77-78	None-None	yes	no	Rfam.seed.gz	15.1
RF00174__4GXY_A__6VMY_A	target	RF00174__6VMY_A	RF00174__4GXY_A	50	51	s35	stack	stack	no	exact_class_preserved	unmapped_endpoint	unmapped_endpoint	47-48	78-None	None-None	no	no	Rfam.seed.gz	15.1
RF00174__4GXY_A__6VMY_A	target	RF00174__6VMY_A	RF00174__4GXY_A	50	62	s55	stack	stack	no	exact_class_preserved	unmapped_endpoint	unmapped_endpoint	47-60	78-None	None-None	no	no	Rfam.seed.gz	15.1
RF00174__4GXY_A__6VMY_A	target	RF00174__6VMY_A	RF00174__4GXY_A	51	52	s35	stack	stack	no	exact_class_preserved	unmapped_endpoint	unmapped_endpoint	48-49	None-None	None-None	no	no	Rfam.seed.gz	15.1
RF00174__4GXY_A__6VMY_A	target	RF00174__6VMY_A	RF00174__4GXY_A	51	61	s55	stack	stack	no	exact_class_preserved	unmapped_endpoint	unmapped_endpoint	48-59	None-None	None-None	no	no	Rfam.seed.gz	15.1
RF00174__4GXY_A__6VMY_A	target	RF00174__6VMY_A	RF00174__4GXY_A	52	56	ns33	stack	stack	no	no_annotated_target_pair	unmapped_endpoint	unmapped_endpoint	49-54	None-None	None-None	no	no	Rfam.seed.gz	15.1
RF00174__4GXY_A__6VMY_A	target	RF00174__6VMY_A	RF00174__4GXY_A	52	53	s33	stack	stack	no	different_class	unmapped_endpoint	unmapped_endpoint	49-50	None-None	None-None	no	no	Rfam.seed.gz	15.1
RF00174__4GXY_A__6VMY_A	target	RF00174__6VMY_A	RF00174__4GXY_A	52	60	s55	stack	stack	no	exact_class_preserved	unmapped_endpoint	unmapped_endpoint	49-58	None-None	None-None	no	no	Rfam.seed.gz	15.1
RF00174__4GXY_A__6VMY_A	target	RF00174__6VMY_A	RF00174__4GXY_A	53	54	s53	stack	stack	no	no_annotated_target_pair	unmapped_endpoint	unmapped_endpoint	50-52	None-None	None-None	no	no	Rfam.seed.gz	15.1
RF00174__4GXY_A__6VMY_A	target	RF00174__6VMY_A	RF00174__4GXY_A	56	59	s35	stack	stack	no	exact_class_preserved	unmapped_endpoint	unmapped_endpoint	54-57	None-None	None-None	no	no	Rfam.seed.gz	15.1
RF00174__4GXY_A__6VMY_A	target	RF00174__6VMY_A	RF00174__4GXY_A	56	81	s53	stack	stack	no	exact_class_preserved	unmapped_endpoint	unmapped_endpoint	54-79	None-107	None-107	no	no	Rfam.seed.gz	15.1
RF00174__4GXY_A__6VMY_A	target	RF00174__6VMY_A	RF00174__4GXY_A	57	58	s33	stack	stack	no	different_class	unmapped_endpoint	unmapped_endpoint	55-56	None-None	None-None	no	no	Rfam.seed.gz	15.1
RF00174__4GXY_A__6VMY_A	target	RF00174__6VMY_A	RF00174__4GXY_A	59	60	s35	stack	stack	no	different_class	unmapped_endpoint	unmapped_endpoint	57-58	None-None	None-None	no	no	Rfam.seed.gz	15.1
RF00174__4GXY_A__6VMY_A	target	RF00174__6VMY_A	RF00174__4GXY_A	60	61	s35	stack	stack	no	exact_class_preserved	unmapped_endpoint	unmapped_endpoint	58-59	None-None	None-None	no	no	Rfam.seed.gz	15.1
RF00174__4GXY_A__6VMY_A	target	RF00174__6VMY_A	RF00174__4GXY_A	61	62	s35	stack	stack	no	exact_class_preserved	unmapped_endpoint	unmapped_endpoint	59-60	None-None	None-None	no	no	Rfam.seed.gz	15.1
RF00174__4GXY_A__6VMY_A	target	RF00174__6VMY_A	RF00174__4GXY_A	62	63	s35	stack	stack	no	exact_class_preserved	unmapped_endpoint	unmapped_endpoint	60-61	None-None	None-None	no	no	Rfam.seed.gz	15.1
RF00174__4GXY_A__6VMY_A	target	RF00174__6VMY_A	RF00174__4GXY_A	63	64	s35	stack	stack	no	exact_class_preserved	unmapped_endpoint	unmapped_endpoint	61-62	None-None	None-None	no	no	Rfam.seed.gz	15.1
RF00174__4GXY_A__6VMY_A	target	RF00174__6VMY_A	RF00174__4GXY_A	64	65	s35	stack	stack	no	exact_class_preserved	unmapped_endpoint	unmapped_endpoint	62-63	None-None	None-None	no	no	Rfam.seed.gz	15.1
RF00174__4GXY_A__6VMY_A	target	RF00174__6VMY_A	RF00174__4GXY_A	65	66	ns35	stack	stack	no	no_annotated_target_pair	unmapped_endpoint	unmapped_endpoint	63-64	None-None	None-None	no	no	Rfam.seed.gz	15.1
RF00174__4GXY_A__6VMY_A	target	RF00174__6VMY_A	RF00174__4GXY_A	66	67	s35	stack	stack	no	exact_class_preserved	unmapped_endpoint	unmapped_endpoint	64-65	None-None	None-None	no	no	Rfam.seed.gz	15.1
RF00174__4GXY_A__6VMY_A	target	RF00174__6VMY_A	RF00174__4GXY_A	66	99	s55	stack	stack	no	exact_class_preserved	unmapped_endpoint	unmapped_endpoint	64-151	None-124	None-124	no	no	Rfam.seed.gz	15.1
RF00174__4GXY_A__6VMY_A	target	RF00174__6VMY_A	RF00174__4GXY_A	67	74	s55	stack	stack	no	different_class	unmapped_endpoint	unmapped_endpoint	65-72	None-None	None-None	no	no	Rfam.seed.gz	15.1
RF00174__4GXY_A__6VMY_A	target	RF00174__6VMY_A	RF00174__4GXY_A	68	69	s55	stack	stack	no	no_annotated_target_pair	unmapped_endpoint	unmapped_endpoint	66-67	None-None	None-None	no	no	Rfam.seed.gz	15.1
RF00174__4GXY_A__6VMY_A	target	RF00174__6VMY_A	RF00174__4GXY_A	69	70	s35	stack	stack	no	different_class	unmapped_endpoint	unmapped_endpoint	67-68	None-None	None-None	no	no	Rfam.seed.gz	15.1
RF00174__4GXY_A__6VMY_A	target	RF00174__6VMY_A	RF00174__4GXY_A	70	71	s35	stack	stack	no	exact_class_preserved	unmapped_endpoint	unmapped_endpoint	68-69	None-None	None-None	no	no	Rfam.seed.gz	15.1
RF00174__4GXY_A__6VMY_A	target	RF00174__6VMY_A	RF00174__4GXY_A	71	72	s35	stack	stack	no	exact_class_preserved	unmapped_endpoint	unmapped_endpoint	69-70	None-None	None-None	no	no	Rfam.seed.gz	15.1
RF00174__4GXY_A__6VMY_A	target	RF00174__6VMY_A	RF00174__4GXY_A	72	73	s35	stack	stack	no	exact_class_preserved	unmapped_endpoint	unmapped_endpoint	70-71	None-None	None-None	no	no	Rfam.seed.gz	15.1
RF00174__4GXY_A__6VMY_A	target	RF00174__6VMY_A	RF00174__4GXY_A	73	74	s35	stack	stack	no	exact_class_preserved	unmapped_endpoint	unmapped_endpoint	71-72	None-None	None-None	no	no	Rfam.seed.gz	15.1
RF00174__4GXY_A__6VMY_A	target	RF00174__6VMY_A	RF00174__4GXY_A	74	99	s35	stack	stack	no	exact_class_preserved	unmapped_endpoint	unmapped_endpoint	72-151	None-124	None-124	no	no	Rfam.seed.gz	15.1
RF00174__4GXY_A__6VMY_A	target	RF00174__6VMY_A	RF00174__4GXY_A	75	76	s35	stack	stack	no	exact_class_preserved	no_annotated_target_pair	no_annotated_target_pair	73-74	102-103	102-103	yes	no	Rfam.seed.gz	15.1
RF00174__4GXY_A__6VMY_A	target	RF00174__6VMY_A	RF00174__4GXY_A	76	77	s35	stack	stack	no	exact_class_preserved	exact_class_preserved	exact_class_preserved	74-75	103-104	103-104	yes	no	Rfam.seed.gz	15.1
RF00174__4GXY_A__6VMY_A	target	RF00174__6VMY_A	RF00174__4GXY_A	77	78	s35	stack	stack	no	exact_class_preserved	exact_class_preserved	exact_class_preserved	75-76	104-105	104-105	yes	no	Rfam.seed.gz	15.1
RF00174__4GXY_A__6VMY_A	target	RF00174__6VMY_A	RF00174__4GXY_A	77	103	s55	stack	stack	no	exact_class_preserved	no_annotated_target_pair	no_annotated_target_pair	75-155	104-128	104-128	yes	no	Rfam.seed.gz	15.1
RF00174__4GXY_A__6VMY_A	target	RF00174__6VMY_A	RF00174__4GXY_A	78	79	s35	stack	stack	no	exact_class_preserved	exact_class_preserved	exact_class_preserved	76-77	105-106	105-106	yes	no	Rfam.seed.gz	15.1
RF00174__4GXY_A__6VMY_A	target	RF00174__6VMY_A	RF00174__4GXY_A	78	102	s55	stack	stack	no	exact_class_preserved	exact_class_preserved	exact_class_preserved	76-154	105-127	105-127	yes	no	Rfam.seed.gz	15.1
RF00174__4GXY_A__6VMY_A	target	RF00174__6VMY_A	RF00174__4GXY_A	79	80	s35	stack	stack	no	exact_class_preserved	unmapped_endpoint	unmapped_endpoint	77-78	106-None	106-None	no	no	Rfam.seed.gz	15.1
RF00174__4GXY_A__6VMY_A	target	RF00174__6VMY_A	RF00174__4GXY_A	80	98	ns55	stack	stack	no	exact_class_preserved	unmapped_endpoint	unmapped_endpoint	78-150	None-123	None-123	no	no	Rfam.seed.gz	15.1
RF00174__4GXY_A__6VMY_A	target	RF00174__6VMY_A	RF00174__4GXY_A	80	97	s33	stack	stack	no	exact_class_preserved	unmapped_endpoint	unmapped_endpoint	78-149	None-122	None-122	no	no	Rfam.seed.gz	15.1
RF00174__4GXY_A__6VMY_A	target	RF00174__6VMY_A	RF00174__4GXY_A	82	83	s35	stack	stack	no	exact_class_preserved	no_annotated_target_pair	no_annotated_target_pair	80-81	108-109	108-109	yes	no	Rfam.seed.gz	15.1
RF00174__4GXY_A__6VMY_A	target	RF00174__6VMY_A	RF00174__4GXY_A	82	97	s55	stack	stack	no	exact_class_preserved	exact_class_preserved	exact_class_preserved	80-149	108-122	108-122	yes	no	Rfam.seed.gz	15.1
RF00174__4GXY_A__6VMY_A	target	RF00174__6VMY_A	RF00174__4GXY_A	83	84	s35	stack	stack	no	exact_class_preserved	exact_class_preserved	exact_class_preserved	81-82	109-110	109-110	yes	no	Rfam.seed.gz	15.1
RF00174__4GXY_A__6VMY_A	target	RF00174__6VMY_A	RF00174__4GXY_A	83	96	s55	stack	stack	no	unmapped_endpoint	exact_class_preserved	exact_class_preserved	81-None	109-121	109-121	no	no	Rfam.seed.gz	15.1
RF00174__4GXY_A__6VMY_A	target	RF00174__6VMY_A	RF00174__4GXY_A	84	85	s35	stack	stack	no	unmapped_endpoint	exact_class_preserved	exact_class_preserved	82-None	110-111	110-111	no	no	Rfam.seed.gz	15.1
RF00174__4GXY_A__6VMY_A	target	RF00174__6VMY_A	RF00174__4GXY_A	84	95	s55	stack	stack	no	no_annotated_target_pair	exact_class_preserved	exact_class_preserved	82-148	110-120	110-120	yes	no	Rfam.seed.gz	15.1
RF00174__4GXY_A__6VMY_A	target	RF00174__6VMY_A	RF00174__4GXY_A	85	86	s35	stack	stack	no	unmapped_endpoint	exact_class_preserved	exact_class_preserved	None-None	111-112	111-112	no	no	Rfam.seed.gz	15.1
RF00174__4GXY_A__6VMY_A	target	RF00174__6VMY_A	RF00174__4GXY_A	85	94	s55	stack	stack	no	unmapped_endpoint	no_annotated_target_pair	no_annotated_target_pair	None-147	111-119	111-119	no	no	Rfam.seed.gz	15.1
RF00174__4GXY_A__6VMY_A	target	RF00174__6VMY_A	RF00174__4GXY_A	86	87	s35	stack	stack	no	unmapped_endpoint	unmapped_endpoint	unmapped_endpoint	None-None	112-None	112-None	no	no	Rfam.seed.gz	15.1
RF00174__4GXY_A__6VMY_A	target	RF00174__6VMY_A	RF00174__4GXY_A	87	92	ns55	stack	stack	no	unmapped_endpoint	unmapped_endpoint	unmapped_endpoint	None-145	None-117	None-117	no	no	Rfam.seed.gz	15.1
RF00174__4GXY_A__6VMY_A	target	RF00174__6VMY_A	RF00174__4GXY_A	87	89	s35	stack	stack	no	unmapped_endpoint	unmapped_endpoint	unmapped_endpoint	None-86	None-None	None-None	no	no	Rfam.seed.gz	15.1
RF00174__4GXY_A__6VMY_A	target	RF00174__6VMY_A	RF00174__4GXY_A	89	90	ns53	stack	stack	no	different_class	unmapped_endpoint	unmapped_endpoint	86-87	None-None	None-None	no	no	Rfam.seed.gz	15.1
RF00174__4GXY_A__6VMY_A	target	RF00174__6VMY_A	RF00174__4GXY_A	90	92	s55	stack	stack	no	no_annotated_target_pair	unmapped_endpoint	unmapped_endpoint	87-145	None-117	None-117	no	no	Rfam.seed.gz	15.1
RF00174__4GXY_A__6VMY_A	target	RF00174__6VMY_A	RF00174__4GXY_A	92	93	s35	stack	stack	no	exact_class_preserved	exact_class_preserved	exact_class_preserved	145-146	117-118	117-118	yes	no	Rfam.seed.gz	15.1
RF00174__4GXY_A__6VMY_A	target	RF00174__6VMY_A	RF00174__4GXY_A	93	94	s35	stack	stack	no	exact_class_preserved	exact_class_preserved	exact_class_preserved	146-147	118-119	118-119	yes	no	Rfam.seed.gz	15.1
RF00174__4GXY_A__6VMY_A	target	RF00174__6VMY_A	RF00174__4GXY_A	94	95	s35	stack	stack	no	exact_class_preserved	exact_class_preserved	exact_class_preserved	147-148	119-120	119-120	yes	no	Rfam.seed.gz	15.1
RF00174__4GXY_A__6VMY_A	target	RF00174__6VMY_A	RF00174__4GXY_A	95	96	s35	stack	stack	no	unmapped_endpoint	different_class	different_class	148-None	120-121	120-121	no	no	Rfam.seed.gz	15.1
RF00174__4GXY_A__6VMY_A	target	RF00174__6VMY_A	RF00174__4GXY_A	96	97	s35	stack	stack	no	unmapped_endpoint	exact_class_preserved	exact_class_preserved	None-149	121-122	121-122	no	no	Rfam.seed.gz	15.1
RF00174__4GXY_A__6VMY_A	target	RF00174__6VMY_A	RF00174__4GXY_A	98	101	s35	stack	stack	no	exact_class_preserved	no_annotated_target_pair	no_annotated_target_pair	150-153	123-126	123-126	yes	no	Rfam.seed.gz	15.1
RF00174__4GXY_A__6VMY_A	target	RF00174__6VMY_A	RF00174__4GXY_A	99	100	s35	stack	stack	no	exact_class_preserved	exact_class_preserved	exact_class_preserved	151-152	124-125	124-125	yes	no	Rfam.seed.gz	15.1
RF00174__4GXY_A__6VMY_A	target	RF00174__6VMY_A	RF00174__4GXY_A	101	102	s35	stack	stack	no	exact_class_preserved	exact_class_preserved	exact_class_preserved	153-154	126-127	126-127	yes	no	Rfam.seed.gz	15.1
RF00174__4GXY_A__6VMY_A	target	RF00174__6VMY_A	RF00174__4GXY_A	102	103	s35	stack	stack	no	exact_class_preserved	exact_class_preserved	exact_class_preserved	154-155	127-128	127-128	yes	no	Rfam.seed.gz	15.1
RF00174__4GXY_A__6VMY_A	target	RF00174__6VMY_A	RF00174__4GXY_A	103	105	s35	stack	stack	no	no_annotated_target_pair	unmapped_endpoint	unmapped_endpoint	155-157	128-None	128-None	no	no	Rfam.seed.gz	15.1
RF00174__4GXY_A__6VMY_A	target	RF00174__6VMY_A	RF00174__4GXY_A	107	108	s35	stack	stack	no	exact_class_preserved	unmapped_endpoint	unmapped_endpoint	159-160	None-None	None-None	no	no	Rfam.seed.gz	15.1
RF00174__4GXY_A__6VMY_A	target	RF00174__6VMY_A	RF00174__4GXY_A	108	109	s35	stack	stack	no	different_class	unmapped_endpoint	unmapped_endpoint	160-161	None-None	None-None	no	no	Rfam.seed.gz	15.1
RF00174__4GXY_A__6VMY_A	target	RF00174__6VMY_A	RF00174__4GXY_A	109	110	s35	stack	stack	no	exact_class_preserved	unmapped_endpoint	unmapped_endpoint	161-162	None-None	None-None	no	no	Rfam.seed.gz	15.1
RF00174__4GXY_A__6VMY_A	target	RF00174__6VMY_A	RF00174__4GXY_A	110	111	s35	stack	stack	no	exact_class_preserved	unmapped_endpoint	unmapped_endpoint	162-163	None-None	None-None	no	no	Rfam.seed.gz	15.1
RF00174__4GXY_A__6VMY_A	target	RF00174__6VMY_A	RF00174__4GXY_A	111	112	s35	stack	stack	no	exact_class_preserved	unmapped_endpoint	unmapped_endpoint	163-164	None-None	None-None	no	no	Rfam.seed.gz	15.1
RF00174__4GXY_A__6VMY_A	target	RF00174__6VMY_A	RF00174__4GXY_A	112	113	s35	stack	stack	no	exact_class_preserved	unmapped_endpoint	unmapped_endpoint	164-165	None-None	None-None	no	no	Rfam.seed.gz	15.1
RF00174__4GXY_A__6VMY_A	target	RF00174__6VMY_A	RF00174__4GXY_A	113	114	s35	stack	stack	no	exact_class_preserved	unmapped_endpoint	unmapped_endpoint	165-166	None-None	None-None	no	no	Rfam.seed.gz	15.1
RF00174__4GXY_A__6VMY_A	target	RF00174__6VMY_A	RF00174__4GXY_A	114	115	s35	stack	stack	no	unmapped_endpoint	unmapped_endpoint	unmapped_endpoint	166-None	None-None	None-None	no	no	Rfam.seed.gz	15.1
RF00174__4GXY_A__6VMY_A	target	RF00174__6VMY_A	RF00174__4GXY_A	115	116	s35	stack	stack	no	unmapped_endpoint	unmapped_endpoint	unmapped_endpoint	None-167	None-None	None-None	no	no	Rfam.seed.gz	15.1
RF00174__4GXY_A__6VMY_A	target	RF00174__6VMY_A	RF00174__4GXY_A	116	117	s35	stack	stack	no	exact_class_preserved	unmapped_endpoint	unmapped_endpoint	167-168	None-None	None-None	no	no	Rfam.seed.gz	15.1
RF00174__4GXY_A__6VMY_A	target	RF00174__6VMY_A	RF00174__4GXY_A	117	118	s35	stack	stack	no	different_class	unmapped_endpoint	unmapped_endpoint	168-169	None-None	None-None	no	no	Rfam.seed.gz	15.1
RF00174__4GXY_A__6VMY_A	target	RF00174__6VMY_A	RF00174__4GXY_A	118	119	s35	stack	stack	no	unmapped_endpoint	unmapped_endpoint	unmapped_endpoint	169-None	None-None	None-None	no	no	Rfam.seed.gz	15.1
RF00174__4GXY_A__6VMY_A	target	RF00174__6VMY_A	RF00174__4GXY_A	119	120	s35	stack	stack	no	unmapped_endpoint	unmapped_endpoint	unmapped_endpoint	None-170	None-None	None-None	no	no	Rfam.seed.gz	15.1
RF00174__4GXY_A__6VMY_A	target	RF00174__6VMY_A	RF00174__4GXY_A	120	121	s35	stack	stack	no	exact_class_preserved	unmapped_endpoint	unmapped_endpoint	170-171	None-None	None-None	no	yes	Rfam.seed.gz	15.1
RF00174__4GXY_A__6VMY_A	target	RF00174__6VMY_A	RF00174__4GXY_A	121	122	s35	stack	stack	no	exact_class_preserved	unmapped_endpoint	unmapped_endpoint	171-172	None-None	None-None	no	yes	Rfam.seed.gz	15.1
RF00174__4GXY_A__6VMY_A	target	RF00174__6VMY_A	RF00174__4GXY_A	122	123	s35	stack	stack	no	unmapped_endpoint	unmapped_endpoint	unmapped_endpoint	172-None	None-None	None-None	no	yes	Rfam.seed.gz	15.1
RF00174__4GXY_A__6VMY_A	target	RF00174__6VMY_A	RF00174__4GXY_A	123	124	s35	stack	stack	no	unmapped_endpoint	unmapped_endpoint	unmapped_endpoint	None-None	None-None	None-None	no	no	Rfam.seed.gz	15.1
RF00174__4GXY_A__6VMY_A	target	RF00174__6VMY_A	RF00174__4GXY_A	124	125	s35	stack	stack	no	unmapped_endpoint	unmapped_endpoint	unmapped_endpoint	None-None	None-None	None-None	no	no	Rfam.seed.gz	15.1
RF00174__4GXY_A__6VMY_A	target	RF00174__6VMY_A	RF00174__4GXY_A	125	126	s33	stack	stack	no	unmapped_endpoint	unmapped_endpoint	unmapped_endpoint	None-None	None-None	None-None	no	no	Rfam.seed.gz	15.1
RF00174__4GXY_A__6VMY_A	target	RF00174__6VMY_A	RF00174__4GXY_A	126	127	s55	stack	stack	no	unmapped_endpoint	unmapped_endpoint	unmapped_endpoint	None-None	None-None	None-None	no	no	Rfam.seed.gz	15.1
RF00174__4GXY_A__6VMY_A	target	RF00174__6VMY_A	RF00174__4GXY_A	128	129	s33	stack	stack	no	unmapped_endpoint	unmapped_endpoint	unmapped_endpoint	None-None	None-None	None-None	no	no	Rfam.seed.gz	15.1
RF00442__5U3G_B__7MLW_F	query	RF00442__5U3G_B	RF00442__7MLW_F	2	39	cWW	canonical	basepair	no	exact_class_preserved	exact_class_preserved	exact_class_preserved	3-60	3-60	3-60	yes	no	Rfam.seed.gz	15.1
RF00442__5U3G_B__7MLW_F	query	RF00442__5U3G_B	RF00442__7MLW_F	3	38	cWW	canonical	basepair	no	exact_class_preserved	exact_class_preserved	exact_class_preserved	4-59	4-59	4-59	yes	no	Rfam.seed.gz	15.1
RF00442__5U3G_B__7MLW_F	query	RF00442__5U3G_B	RF00442__7MLW_F	4	37	cWW	wobble	basepair	yes	no_annotated_target_pair	no_annotated_target_pair	no_annotated_target_pair	5-58	5-58	5-58	yes	no	Rfam.seed.gz	15.1
RF00442__5U3G_B__7MLW_F	query	RF00442__5U3G_B	RF00442__7MLW_F	5	36	cWW	canonical	basepair	no	exact_class_preserved	exact_class_preserved	exact_class_preserved	6-57	6-57	6-57	yes	no	Rfam.seed.gz	15.1
RF00442__5U3G_B__7MLW_F	query	RF00442__5U3G_B	RF00442__7MLW_F	6	35	cWW	canonical	basepair	no	exact_class_preserved	exact_class_preserved	exact_class_preserved	7-56	7-56	7-56	yes	no	Rfam.seed.gz	15.1
RF00442__5U3G_B__7MLW_F	query	RF00442__5U3G_B	RF00442__7MLW_F	7	32	tWH	noncanonical	basepair	no	exact_class_preserved	exact_class_preserved	exact_class_preserved	8-53	8-53	8-53	yes	no	Rfam.seed.gz	15.1
RF00442__5U3G_B__7MLW_F	query	RF00442__5U3G_B	RF00442__7MLW_F	8	31	tHS	noncanonical	basepair	no	exact_class_preserved	exact_class_preserved	exact_class_preserved	9-52	9-52	9-52	yes	no	Rfam.seed.gz	15.1
RF00442__5U3G_B__7MLW_F	query	RF00442__5U3G_B	RF00442__7MLW_F	9	30	cWW	canonical	basepair	no	exact_class_preserved	exact_class_preserved	exact_class_preserved	10-51	10-51	10-51	yes	no	Rfam.seed.gz	15.1
RF00442__5U3G_B__7MLW_F	query	RF00442__5U3G_B	RF00442__7MLW_F	10	29	cWW	canonical	basepair	no	exact_class_preserved	exact_class_preserved	exact_class_preserved	11-50	11-50	11-50	yes	no	Rfam.seed.gz	15.1
RF00442__5U3G_B__7MLW_F	query	RF00442__5U3G_B	RF00442__7MLW_F	12	14	cSH	noncanonical	basepair	no	exact_class_preserved	exact_class_preserved	exact_class_preserved	13-15	13-15	13-15	yes	no	Rfam.seed.gz	15.1
RF00442__5U3G_B__7MLW_F	query	RF00442__5U3G_B	RF00442__7MLW_F	14	27	cWW	canonical	basepair	no	exact_class_preserved	exact_class_preserved	exact_class_preserved	15-48	15-48	15-48	yes	no	Rfam.seed.gz	15.1
RF00442__5U3G_B__7MLW_F	query	RF00442__5U3G_B	RF00442__7MLW_F	15	26	cWW	canonical	basepair	no	exact_class_preserved	exact_class_preserved	exact_class_preserved	16-47	16-47	16-47	yes	no	Rfam.seed.gz	15.1
RF00442__5U3G_B__7MLW_F	query	RF00442__5U3G_B	RF00442__7MLW_F	16	25	cWW	canonical	basepair	yes	different_class	different_class	different_class	17-46	17-46	17-46	yes	no	Rfam.seed.gz	15.1
RF00442__5U3G_B__7MLW_F	query	RF00442__5U3G_B	RF00442__7MLW_F	17	24	cWW	canonical	basepair	no	different_class	unmapped_endpoint	unmapped_endpoint	18-45	None-45	None-45	no	no	Rfam.seed.gz	15.1
RF00442__5U3G_B__7MLW_F	query	RF00442__5U3G_B	RF00442__7MLW_F	18	23	cWW	canonical	basepair	no	exact_class_preserved	no_annotated_target_pair	no_annotated_target_pair	19-42	18-44	18-44	yes	no	Rfam.seed.gz	15.1
RF00442__5U3G_B__7MLW_F	query	RF00442__5U3G_B	RF00442__7MLW_F	29	71	tSW	noncanonical	basepair	no	no_annotated_target_pair	no_annotated_target_pair	no_annotated_target_pair	50-115	50-115	50-115	yes	no	Rfam.seed.gz	15.1
RF00442__5U3G_B__7MLW_F	query	RF00442__5U3G_B	RF00442__7MLW_F	33	61	tSS	noncanonical	basepair	no	exact_class_preserved	exact_class_preserved	exact_class_preserved	54-105	54-105	54-105	yes	no	Rfam.seed.gz	15.1
RF00442__5U3G_B__7MLW_F	query	RF00442__5U3G_B	RF00442__7MLW_F	41	58	cWW	wobble	basepair	no	exact_class_preserved	no_annotated_target_pair	no_annotated_target_pair	63-102	62-102	62-102	yes	no	Rfam.seed.gz	15.1
RF00442__5U3G_B__7MLW_F	query	RF00442__5U3G_B	RF00442__7MLW_F	42	57	cWW	canonical	basepair	no	no_annotated_target_pair	no_annotated_target_pair	no_annotated_target_pair	64-101	63-101	63-101	yes	no	Rfam.seed.gz	15.1
RF00442__5U3G_B__7MLW_F	query	RF00442__5U3G_B	RF00442__7MLW_F	43	56	cWW	canonical	basepair	no	no_annotated_target_pair	no_annotated_target_pair	no_annotated_target_pair	65-100	64-100	64-100	yes	no	Rfam.seed.gz	15.1
RF00442__5U3G_B__7MLW_F	query	RF00442__5U3G_B	RF00442__7MLW_F	44	55	cWW	canonical	basepair	no	no_annotated_target_pair	unmapped_endpoint	unmapped_endpoint	66-99	65-None	65-None	no	no	Rfam.seed.gz	15.1
RF00442__5U3G_B__7MLW_F	query	RF00442__5U3G_B	RF00442__7MLW_F	45	54	cWW	canonical	basepair	no	exact_class_preserved	no_annotated_target_pair	no_annotated_target_pair	67-98	66-99	66-99	yes	no	Rfam.seed.gz	15.1
RF00442__5U3G_B__7MLW_F	query	RF00442__5U3G_B	RF00442__7MLW_F	46	53	cWW	canonical	basepair	no	exact_class_preserved	exact_class_preserved	exact_class_preserved	68-97	67-98	67-98	yes	no	Rfam.seed.gz	15.1
RF00442__5U3G_B__7MLW_F	query	RF00442__5U3G_B	RF00442__7MLW_F	47	52	cWW	canonical	basepair	no	exact_class_preserved	exact_class_preserved	exact_class_preserved	69-96	68-97	68-97	yes	no	Rfam.seed.gz	15.1
RF00442__5U3G_B__7MLW_F	query	RF00442__5U3G_B	RF00442__7MLW_F	60	80	cWW	canonical	basepair	no	exact_class_preserved	exact_class_preserved	exact_class_preserved	104-124	104-124	104-124	yes	no	Rfam.seed.gz	15.1
RF00442__5U3G_B__7MLW_F	query	RF00442__5U3G_B	RF00442__7MLW_F	62	83	cWW	canonical	basepair	no	exact_class_preserved	exact_class_preserved	exact_class_preserved	106-127	106-127	106-127	yes	no	Rfam.seed.gz	15.1
RF00442__5U3G_B__7MLW_F	query	RF00442__5U3G_B	RF00442__7MLW_F	63	82	tSH	noncanonical	basepair	no	exact_class_preserved	exact_class_preserved	exact_class_preserved	107-126	107-126	107-126	yes	no	Rfam.seed.gz	15.1
RF00442__5U3G_B__7MLW_F	query	RF00442__5U3G_B	RF00442__7MLW_F	64	81	tHW	noncanonical	basepair	no	exact_class_preserved	exact_class_preserved	exact_class_preserved	108-125	108-125	108-125	yes	no	Rfam.seed.gz	15.1
RF00442__5U3G_B__7MLW_F	query	RF00442__5U3G_B	RF00442__7MLW_F	66	78	cWW	canonical	basepair	no	exact_class_preserved	exact_class_preserved	exact_class_preserved	110-122	110-122	110-122	yes	no	Rfam.seed.gz	15.1
RF00442__5U3G_B__7MLW_F	query	RF00442__5U3G_B	RF00442__7MLW_F	67	77	cWW	canonical	basepair	no	exact_class_preserved	exact_class_preserved	exact_class_preserved	111-121	111-121	111-121	yes	no	Rfam.seed.gz	15.1
RF00442__5U3G_B__7MLW_F	query	RF00442__5U3G_B	RF00442__7MLW_F	68	76	cWW	canonical	basepair	no	exact_class_preserved	exact_class_preserved	exact_class_preserved	112-120	112-120	112-120	yes	no	Rfam.seed.gz	15.1
RF00442__5U3G_B__7MLW_F	query	RF00442__5U3G_B	RF00442__7MLW_F	69	74	tHH	noncanonical	basepair	no	different_class	different_class	different_class	113-118	113-118	113-118	yes	no	Rfam.seed.gz	15.1
RF00442__5U3G_B__7MLW_F	query	RF00442__5U3G_B	RF00442__7MLW_F	84	85	cSH	noncanonical	basepair	no	unmapped_endpoint	unmapped_endpoint	unmapped_endpoint	128-None	128-None	128-None	no	no	Rfam.seed.gz	15.1
RF00442__5U3G_B__7MLW_F	query	RF00442__5U3G_B	RF00442__7MLW_F	2	3	s35	stack	stack	no	exact_class_preserved	exact_class_preserved	exact_class_preserved	3-4	3-4	3-4	yes	no	Rfam.seed.gz	15.1
RF00442__5U3G_B__7MLW_F	query	RF00442__5U3G_B	RF00442__7MLW_F	2	40	s55	stack	stack	no	different_class	different_class	different_class	3-61	3-61	3-61	yes	no	Rfam.seed.gz	15.1
RF00442__5U3G_B__7MLW_F	query	RF00442__5U3G_B	RF00442__7MLW_F	3	4	s35	stack	stack	no	exact_class_preserved	exact_class_preserved	exact_class_preserved	4-5	4-5	4-5	yes	no	Rfam.seed.gz	15.1
RF00442__5U3G_B__7MLW_F	query	RF00442__5U3G_B	RF00442__7MLW_F	4	5	s35	stack	stack	no	exact_class_preserved	exact_class_preserved	exact_class_preserved	5-6	5-6	5-6	yes	no	Rfam.seed.gz	15.1
RF00442__5U3G_B__7MLW_F	query	RF00442__5U3G_B	RF00442__7MLW_F	4	38	s55	stack	stack	no	different_class	different_class	different_class	5-59	5-59	5-59	yes	no	Rfam.seed.gz	15.1
RF00442__5U3G_B__7MLW_F	query	RF00442__5U3G_B	RF00442__7MLW_F	5	6	s35	stack	stack	no	exact_class_preserved	exact_class_preserved	exact_class_preserved	6-7	6-7	6-7	yes	no	Rfam.seed.gz	15.1
RF00442__5U3G_B__7MLW_F	query	RF00442__5U3G_B	RF00442__7MLW_F	6	7	s35	stack	stack	no	exact_class_preserved	exact_class_preserved	exact_class_preserved	7-8	7-8	7-8	yes	no	Rfam.seed.gz	15.1
RF00442__5U3G_B__7MLW_F	query	RF00442__5U3G_B	RF00442__7MLW_F	7	31	s33	stack	stack	no	exact_class_preserved	exact_class_preserved	exact_class_preserved	8-52	8-52	8-52	yes	no	Rfam.seed.gz	15.1
RF00442__5U3G_B__7MLW_F	query	RF00442__5U3G_B	RF00442__7MLW_F	7	8	s35	stack	stack	no	exact_class_preserved	exact_class_preserved	exact_class_preserved	8-9	8-9	8-9	yes	no	Rfam.seed.gz	15.1
RF00442__5U3G_B__7MLW_F	query	RF00442__5U3G_B	RF00442__7MLW_F	7	35	s55	stack	stack	no	exact_class_preserved	exact_class_preserved	exact_class_preserved	8-56	8-56	8-56	yes	no	Rfam.seed.gz	15.1
RF00442__5U3G_B__7MLW_F	query	RF00442__5U3G_B	RF00442__7MLW_F	8	75	ns33	stack	stack	no	no_annotated_target_pair	no_annotated_target_pair	no_annotated_target_pair	9-119	9-119	9-119	yes	no	Rfam.seed.gz	15.1
RF00442__5U3G_B__7MLW_F	query	RF00442__5U3G_B	RF00442__7MLW_F	8	9	s35	stack	stack	no	exact_class_preserved	exact_class_preserved	exact_class_preserved	9-10	9-10	9-10	yes	no	Rfam.seed.gz	15.1
RF00442__5U3G_B__7MLW_F	query	RF00442__5U3G_B	RF00442__7MLW_F	8	32	s55	stack	stack	no	exact_class_preserved	exact_class_preserved	exact_class_preserved	9-53	9-53	9-53	yes	no	Rfam.seed.gz	15.1
RF00442__5U3G_B__7MLW_F	query	RF00442__5U3G_B	RF00442__7MLW_F	9	10	s35	stack	stack	no	exact_class_preserved	exact_class_preserved	exact_class_preserved	10-11	10-11	10-11	yes	no	Rfam.seed.gz	15.1
RF00442__5U3G_B__7MLW_F	query	RF00442__5U3G_B	RF00442__7MLW_F	9	31	s55	stack	stack	no	exact_class_preserved	exact_class_preserved	exact_class_preserved	10-52	10-52	10-52	yes	no	Rfam.seed.gz	15.1
RF00442__5U3G_B__7MLW_F	query	RF00442__5U3G_B	RF00442__7MLW_F	10	11	s35	stack	stack	no	exact_class_preserved	exact_class_preserved	exact_class_preserved	11-12	11-12	11-12	yes	no	Rfam.seed.gz	15.1
RF00442__5U3G_B__7MLW_F	query	RF00442__5U3G_B	RF00442__7MLW_F	10	30	s55	stack	stack	no	exact_class_preserved	exact_class_preserved	exact_class_preserved	11-51	11-51	11-51	yes	no	Rfam.seed.gz	15.1
RF00442__5U3G_B__7MLW_F	query	RF00442__5U3G_B	RF00442__7MLW_F	11	12	s35	stack	stack	no	exact_class_preserved	exact_class_preserved	exact_class_preserved	12-13	12-13	12-13	yes	no	Rfam.seed.gz	15.1
RF00442__5U3G_B__7MLW_F	query	RF00442__5U3G_B	RF00442__7MLW_F	13	14	s35	stack	stack	no	exact_class_preserved	exact_class_preserved	exact_class_preserved	14-15	14-15	14-15	yes	no	Rfam.seed.gz	15.1
RF00442__5U3G_B__7MLW_F	query	RF00442__5U3G_B	RF00442__7MLW_F	13	71	s55	stack	stack	no	exact_class_preserved	exact_class_preserved	exact_class_preserved	14-115	14-115	14-115	yes	no	Rfam.seed.gz	15.1
RF00442__5U3G_B__7MLW_F	query	RF00442__5U3G_B	RF00442__7MLW_F	14	15	s35	stack	stack	no	exact_class_preserved	exact_class_preserved	exact_class_preserved	15-16	15-16	15-16	yes	no	Rfam.seed.gz	15.1
RF00442__5U3G_B__7MLW_F	query	RF00442__5U3G_B	RF00442__7MLW_F	15	16	s35	stack	stack	no	exact_class_preserved	exact_class_preserved	exact_class_preserved	16-17	16-17	16-17	yes	no	Rfam.seed.gz	15.1
RF00442__5U3G_B__7MLW_F	query	RF00442__5U3G_B	RF00442__7MLW_F	15	27	s55	stack	stack	no	exact_class_preserved	exact_class_preserved	exact_class_preserved	16-48	16-48	16-48	yes	no	Rfam.seed.gz	15.1
RF00442__5U3G_B__7MLW_F	query	RF00442__5U3G_B	RF00442__7MLW_F	16	17	s35	stack	stack	no	exact_class_preserved	unmapped_endpoint	unmapped_endpoint	17-18	17-None	17-None	no	no	Rfam.seed.gz	15.1
RF00442__5U3G_B__7MLW_F	query	RF00442__5U3G_B	RF00442__7MLW_F	16	26	s55	stack	stack	no	exact_class_preserved	exact_class_preserved	exact_class_preserved	17-47	17-47	17-47	yes	no	Rfam.seed.gz	15.1
RF00442__5U3G_B__7MLW_F	query	RF00442__5U3G_B	RF00442__7MLW_F	17	18	s35	stack	stack	no	exact_class_preserved	unmapped_endpoint	unmapped_endpoint	18-19	None-18	None-18	no	no	Rfam.seed.gz	15.1
RF00442__5U3G_B__7MLW_F	query	RF00442__5U3G_B	RF00442__7MLW_F	17	25	s55	stack	stack	yes	no_annotated_target_pair	unmapped_endpoint	unmapped_endpoint	18-46	None-46	None-46	no	no	Rfam.seed.gz	15.1
RF00442__5U3G_B__7MLW_F	query	RF00442__5U3G_B	RF00442__7MLW_F	18	19	s35	stack	stack	yes	no_annotated_target_pair	exact_class_preserved	exact_class_preserved	19-24	18-19	18-19	yes	no	Rfam.seed.gz	15.1
RF00442__5U3G_B__7MLW_F	query	RF00442__5U3G_B	RF00442__7MLW_F	19	23	s55	stack	stack	yes	no_annotated_target_pair	no_annotated_target_pair	no_annotated_target_pair	24-42	19-44	19-44	yes	no	Rfam.seed.gz	15.1
RF00442__5U3G_B__7MLW_F	query	RF00442__5U3G_B	RF00442__7MLW_F	23	24	s35	stack	stack	no	no_annotated_target_pair	different_class	different_class	42-45	44-45	44-45	yes	no	Rfam.seed.gz	15.1
RF00442__5U3G_B__7MLW_F	query	RF00442__5U3G_B	RF00442__7MLW_F	24	25	s35	stack	stack	yes	no_annotated_target_pair	no_annotated_target_pair	no_annotated_target_pair	45-46	45-46	45-46	yes	no	Rfam.seed.gz	15.1
RF00442__5U3G_B__7MLW_F	query	RF00442__5U3G_B	RF00442__7MLW_F	25	26	s35	stack	stack	yes	exact_class_preserved	exact_class_preserved	exact_class_preserved	46-47	46-47	46-47	yes	no	Rfam.seed.gz	15.1
RF00442__5U3G_B__7MLW_F	query	RF00442__5U3G_B	RF00442__7MLW_F	26	27	s35	stack	stack	no	exact_class_preserved	exact_class_preserved	exact_class_preserved	47-48	47-48	47-48	yes	no	Rfam.seed.gz	15.1
RF00442__5U3G_B__7MLW_F	query	RF00442__5U3G_B	RF00442__7MLW_F	27	28	s35	stack	stack	no	exact_class_preserved	exact_class_preserved	exact_class_preserved	48-49	48-49	48-49	yes	no	Rfam.seed.gz	15.1
RF00442__5U3G_B__7MLW_F	query	RF00442__5U3G_B	RF00442__7MLW_F	28	29	s35	stack	stack	no	exact_class_preserved	exact_class_preserved	exact_class_preserved	49-50	49-50	49-50	yes	no	Rfam.seed.gz	15.1
RF00442__5U3G_B__7MLW_F	query	RF00442__5U3G_B	RF00442__7MLW_F	29	30	s35	stack	stack	no	exact_class_preserved	exact_class_preserved	exact_class_preserved	50-51	50-51	50-51	yes	no	Rfam.seed.gz	15.1
RF00442__5U3G_B__7MLW_F	query	RF00442__5U3G_B	RF00442__7MLW_F	30	31	s35	stack	stack	no	exact_class_preserved	exact_class_preserved	exact_class_preserved	51-52	51-52	51-52	yes	no	Rfam.seed.gz	15.1
RF00442__5U3G_B__7MLW_F	query	RF00442__5U3G_B	RF00442__7MLW_F	32	35	s35	stack	stack	no	exact_class_preserved	exact_class_preserved	exact_class_preserved	53-56	53-56	53-56	yes	no	Rfam.seed.gz	15.1
RF00442__5U3G_B__7MLW_F	query	RF00442__5U3G_B	RF00442__7MLW_F	33	34	s35	stack	stack	no	exact_class_preserved	exact_class_preserved	exact_class_preserved	54-55	54-55	54-55	yes	no	Rfam.seed.gz	15.1
RF00442__5U3G_B__7MLW_F	query	RF00442__5U3G_B	RF00442__7MLW_F	33	80	s55	stack	stack	no	different_class	different_class	different_class	54-124	54-124	54-124	yes	no	Rfam.seed.gz	15.1
RF00442__5U3G_B__7MLW_F	query	RF00442__5U3G_B	RF00442__7MLW_F	35	36	s35	stack	stack	no	exact_class_preserved	exact_class_preserved	exact_class_preserved	56-57	56-57	56-57	yes	no	Rfam.seed.gz	15.1
RF00442__5U3G_B__7MLW_F	query	RF00442__5U3G_B	RF00442__7MLW_F	36	37	s35	stack	stack	yes	exact_class_preserved	exact_class_preserved	exact_class_preserved	57-58	57-58	57-58	yes	no	Rfam.seed.gz	15.1
RF00442__5U3G_B__7MLW_F	query	RF00442__5U3G_B	RF00442__7MLW_F	37	38	s35	stack	stack	yes	exact_class_preserved	exact_class_preserved	exact_class_preserved	58-59	58-59	58-59	yes	no	Rfam.seed.gz	15.1
RF00442__5U3G_B__7MLW_F	query	RF00442__5U3G_B	RF00442__7MLW_F	38	39	s35	stack	stack	no	exact_class_preserved	exact_class_preserved	exact_class_preserved	59-60	59-60	59-60	yes	no	Rfam.seed.gz	15.1
RF00442__5U3G_B__7MLW_F	query	RF00442__5U3G_B	RF00442__7MLW_F	39	40	s35	stack	stack	no	exact_class_preserved	exact_class_preserved	exact_class_preserved	60-61	60-61	60-61	yes	no	Rfam.seed.gz	15.1
RF00442__5U3G_B__7MLW_F	query	RF00442__5U3G_B	RF00442__7MLW_F	40	41	s35	stack	stack	no	no_annotated_target_pair	exact_class_preserved	exact_class_preserved	61-63	61-62	61-62	yes	no	Rfam.seed.gz	15.1
RF00442__5U3G_B__7MLW_F	query	RF00442__5U3G_B	RF00442__7MLW_F	41	42	s35	stack	stack	no	different_class	exact_class_preserved	exact_class_preserved	63-64	62-63	62-63	yes	no	Rfam.seed.gz	15.1
RF00442__5U3G_B__7MLW_F	query	RF00442__5U3G_B	RF00442__7MLW_F	42	43	s35	stack	stack	no	different_class	different_class	different_class	64-65	63-64	63-64	yes	no	Rfam.seed.gz	15.1
RF00442__5U3G_B__7MLW_F	query	RF00442__5U3G_B	RF00442__7MLW_F	43	44	s35	stack	stack	no	different_class	different_class	different_class	65-66	64-65	64-65	yes	no	Rfam.seed.gz	15.1
RF00442__5U3G_B__7MLW_F	query	RF00442__5U3G_B	RF00442__7MLW_F	44	45	s35	stack	stack	no	different_class	different_class	different_class	66-67	65-66	65-66	yes	no	Rfam.seed.gz	15.1
RF00442__5U3G_B__7MLW_F	query	RF00442__5U3G_B	RF00442__7MLW_F	44	56	s55	stack	stack	no	different_class	no_annotated_target_pair	no_annotated_target_pair	66-100	65-100	65-100	yes	no	Rfam.seed.gz	15.1
RF00442__5U3G_B__7MLW_F	query	RF00442__5U3G_B	RF00442__7MLW_F	45	46	s35	stack	stack	no	exact_class_preserved	different_class	different_class	67-68	66-67	66-67	yes	no	Rfam.seed.gz	15.1
RF00442__5U3G_B__7MLW_F	query	RF00442__5U3G_B	RF00442__7MLW_F	45	55	s55	stack	stack	no	exact_class_preserved	unmapped_endpoint	unmapped_endpoint	67-99	66-None	66-None	no	no	Rfam.seed.gz	15.1
RF00442__5U3G_B__7MLW_F	query	RF00442__5U3G_B	RF00442__7MLW_F	46	47	s35	stack	stack	no	exact_class_preserved	exact_class_preserved	exact_class_preserved	68-69	67-68	67-68	yes	no	Rfam.seed.gz	15.1
RF00442__5U3G_B__7MLW_F	query	RF00442__5U3G_B	RF00442__7MLW_F	47	48	s35	stack	stack	yes	no_annotated_target_pair	exact_class_preserved	exact_class_preserved	69-90	68-69	68-69	yes	no	Rfam.seed.gz	15.1
RF00442__5U3G_B__7MLW_F	query	RF00442__5U3G_B	RF00442__7MLW_F	47	53	s55	stack	stack	no	exact_class_preserved	different_class	different_class	69-97	68-98	68-98	yes	no	Rfam.seed.gz	15.1
RF00442__5U3G_B__7MLW_F	query	RF00442__5U3G_B	RF00442__7MLW_F	48	52	s55	stack	stack	yes	no_annotated_target_pair	exact_class_preserved	exact_class_preserved	90-96	69-97	69-97	yes	no	Rfam.seed.gz	15.1
RF00442__5U3G_B__7MLW_F	query	RF00442__5U3G_B	RF00442__7MLW_F	49	50	s35	stack	stack	yes	exact_class_preserved	unmapped_endpoint	unmapped_endpoint	91-92	None-None	None-None	no	no	Rfam.seed.gz	15.1
RF00442__5U3G_B__7MLW_F	query	RF00442__5U3G_B	RF00442__7MLW_F	50	51	s35	stack	stack	yes	exact_class_preserved	unmapped_endpoint	unmapped_endpoint	92-93	None-96	None-96	no	no	Rfam.seed.gz	15.1
RF00442__5U3G_B__7MLW_F	query	RF00442__5U3G_B	RF00442__7MLW_F	52	53	s35	stack	stack	no	exact_class_preserved	exact_class_preserved	exact_class_preserved	96-97	97-98	97-98	yes	no	Rfam.seed.gz	15.1
RF00442__5U3G_B__7MLW_F	query	RF00442__5U3G_B	RF00442__7MLW_F	53	54	s35	stack	stack	no	exact_class_preserved	exact_class_preserved	exact_class_preserved	97-98	98-99	98-99	yes	no	Rfam.seed.gz	15.1
RF00442__5U3G_B__7MLW_F	query	RF00442__5U3G_B	RF00442__7MLW_F	54	55	s35	stack	stack	no	exact_class_preserved	unmapped_endpoint	unmapped_endpoint	98-99	99-None	99-None	no	no	Rfam.seed.gz	15.1
RF00442__5U3G_B__7MLW_F	query	RF00442__5U3G_B	RF00442__7MLW_F	55	56	s35	stack	stack	no	exact_class_preserved	unmapped_endpoint	unmapped_endpoint	99-100	None-100	None-100	no	no	Rfam.seed.gz	15.1
RF00442__5U3G_B__7MLW_F	query	RF00442__5U3G_B	RF00442__7MLW_F	56	57	s35	stack	stack	no	exact_class_preserved	exact_class_preserved	exact_class_preserved	100-101	100-101	100-101	yes	no	Rfam.seed.gz	15.1
RF00442__5U3G_B__7MLW_F	query	RF00442__5U3G_B	RF00442__7MLW_F	57	58	s35	stack	stack	no	exact_class_preserved	exact_class_preserved	exact_class_preserved	101-102	101-102	101-102	yes	no	Rfam.seed.gz	15.1
RF00442__5U3G_B__7MLW_F	query	RF00442__5U3G_B	RF00442__7MLW_F	59	60	s35	stack	stack	no	exact_class_preserved	exact_class_preserved	exact_class_preserved	103-104	103-104	103-104	yes	no	Rfam.seed.gz	15.1
RF00442__5U3G_B__7MLW_F	query	RF00442__5U3G_B	RF00442__7MLW_F	60	61	s35	stack	stack	no	exact_class_preserved	exact_class_preserved	exact_class_preserved	104-105	104-105	104-105	yes	no	Rfam.seed.gz	15.1
RF00442__5U3G_B__7MLW_F	query	RF00442__5U3G_B	RF00442__7MLW_F	61	80	s55	stack	stack	no	different_class	different_class	different_class	105-124	105-124	105-124	yes	no	Rfam.seed.gz	15.1
RF00442__5U3G_B__7MLW_F	query	RF00442__5U3G_B	RF00442__7MLW_F	62	85	ns55	stack	stack	no	unmapped_endpoint	unmapped_endpoint	unmapped_endpoint	106-None	106-None	106-None	no	no	Rfam.seed.gz	15.1
RF00442__5U3G_B__7MLW_F	query	RF00442__5U3G_B	RF00442__7MLW_F	62	63	s35	stack	stack	no	exact_class_preserved	exact_class_preserved	exact_class_preserved	106-107	106-107	106-107	yes	no	Rfam.seed.gz	15.1
RF00442__5U3G_B__7MLW_F	query	RF00442__5U3G_B	RF00442__7MLW_F	62	84	s55	stack	stack	no	exact_class_preserved	exact_class_preserved	exact_class_preserved	106-128	106-128	106-128	yes	no	Rfam.seed.gz	15.1
RF00442__5U3G_B__7MLW_F	query	RF00442__5U3G_B	RF00442__7MLW_F	63	83	ns55	stack	stack	no	different_class	different_class	different_class	107-127	107-127	107-127	yes	no	Rfam.seed.gz	15.1
RF00442__5U3G_B__7MLW_F	query	RF00442__5U3G_B	RF00442__7MLW_F	64	65	s35	stack	stack	no	exact_class_preserved	exact_class_preserved	exact_class_preserved	108-109	108-109	108-109	yes	no	Rfam.seed.gz	15.1
RF00442__5U3G_B__7MLW_F	query	RF00442__5U3G_B	RF00442__7MLW_F	64	82	s55	stack	stack	no	exact_class_preserved	exact_class_preserved	exact_class_preserved	108-126	108-126	108-126	yes	no	Rfam.seed.gz	15.1
RF00442__5U3G_B__7MLW_F	query	RF00442__5U3G_B	RF00442__7MLW_F	65	66	s35	stack	stack	no	exact_class_preserved	exact_class_preserved	exact_class_preserved	109-110	109-110	109-110	yes	no	Rfam.seed.gz	15.1
RF00442__5U3G_B__7MLW_F	query	RF00442__5U3G_B	RF00442__7MLW_F	66	67	s35	stack	stack	no	exact_class_preserved	exact_class_preserved	exact_class_preserved	110-111	110-111	110-111	yes	no	Rfam.seed.gz	15.1
RF00442__5U3G_B__7MLW_F	query	RF00442__5U3G_B	RF00442__7MLW_F	67	68	s35	stack	stack	no	exact_class_preserved	exact_class_preserved	exact_class_preserved	111-112	111-112	111-112	yes	no	Rfam.seed.gz	15.1
RF00442__5U3G_B__7MLW_F	query	RF00442__5U3G_B	RF00442__7MLW_F	67	78	s55	stack	stack	no	exact_class_preserved	exact_class_preserved	exact_class_preserved	111-122	111-122	111-122	yes	no	Rfam.seed.gz	15.1
RF00442__5U3G_B__7MLW_F	query	RF00442__5U3G_B	RF00442__7MLW_F	68	69	s33	stack	stack	no	different_class	different_class	different_class	112-113	112-113	112-113	yes	no	Rfam.seed.gz	15.1
RF00442__5U3G_B__7MLW_F	query	RF00442__5U3G_B	RF00442__7MLW_F	68	77	s55	stack	stack	no	exact_class_preserved	exact_class_preserved	exact_class_preserved	112-121	112-121	112-121	yes	no	Rfam.seed.gz	15.1
RF00442__5U3G_B__7MLW_F	query	RF00442__5U3G_B	RF00442__7MLW_F	69	73	s53	stack	stack	no	no_annotated_target_pair	no_annotated_target_pair	no_annotated_target_pair	113-117	113-117	113-117	yes	no	Rfam.seed.gz	15.1
RF00442__5U3G_B__7MLW_F	query	RF00442__5U3G_B	RF00442__7MLW_F	71	72	s35	stack	stack	no	exact_class_preserved	exact_class_preserved	exact_class_preserved	115-116	115-116	115-116	yes	no	Rfam.seed.gz	15.1
RF00442__5U3G_B__7MLW_F	query	RF00442__5U3G_B	RF00442__7MLW_F	72	73	s35	stack	stack	no	exact_class_preserved	exact_class_preserved	exact_class_preserved	116-117	116-117	116-117	yes	no	Rfam.seed.gz	15.1
RF00442__5U3G_B__7MLW_F	query	RF00442__5U3G_B	RF00442__7MLW_F	73	74	s35	stack	stack	no	exact_class_preserved	exact_class_preserved	exact_class_preserved	117-118	117-118	117-118	yes	no	Rfam.seed.gz	15.1
RF00442__5U3G_B__7MLW_F	query	RF00442__5U3G_B	RF00442__7MLW_F	74	76	s35	stack	stack	no	exact_class_preserved	exact_class_preserved	exact_class_preserved	118-120	118-120	118-120	yes	no	Rfam.seed.gz	15.1
RF00442__5U3G_B__7MLW_F	query	RF00442__5U3G_B	RF00442__7MLW_F	76	77	s35	stack	stack	no	exact_class_preserved	exact_class_preserved	exact_class_preserved	120-121	120-121	120-121	yes	no	Rfam.seed.gz	15.1
RF00442__5U3G_B__7MLW_F	query	RF00442__5U3G_B	RF00442__7MLW_F	77	78	s35	stack	stack	no	exact_class_preserved	exact_class_preserved	exact_class_preserved	121-122	121-122	121-122	yes	no	Rfam.seed.gz	15.1
RF00442__5U3G_B__7MLW_F	query	RF00442__5U3G_B	RF00442__7MLW_F	78	79	s33	stack	stack	no	exact_class_preserved	exact_class_preserved	exact_class_preserved	122-123	122-123	122-123	yes	no	Rfam.seed.gz	15.1
RF00442__5U3G_B__7MLW_F	query	RF00442__5U3G_B	RF00442__7MLW_F	79	81	s55	stack	stack	no	exact_class_preserved	exact_class_preserved	exact_class_preserved	123-125	123-125	123-125	yes	no	Rfam.seed.gz	15.1
RF00442__5U3G_B__7MLW_F	query	RF00442__5U3G_B	RF00442__7MLW_F	81	82	s35	stack	stack	no	exact_class_preserved	exact_class_preserved	exact_class_preserved	125-126	125-126	125-126	yes	no	Rfam.seed.gz	15.1
RF00442__5U3G_B__7MLW_F	query	RF00442__5U3G_B	RF00442__7MLW_F	82	83	s35	stack	stack	no	exact_class_preserved	exact_class_preserved	exact_class_preserved	126-127	126-127	126-127	yes	no	Rfam.seed.gz	15.1
RF00442__5U3G_B__7MLW_F	query	RF00442__5U3G_B	RF00442__7MLW_F	83	84	s35	stack	stack	no	exact_class_preserved	exact_class_preserved	exact_class_preserved	127-128	127-128	127-128	yes	no	Rfam.seed.gz	15.1
RF00442__5U3G_B__7MLW_F	target	RF00442__7MLW_F	RF00442__5U3G_B	1	62	cWW	canonical	basepair	no	unmapped_endpoint	unmapped_endpoint	unmapped_endpoint	None-None	None-41	None-41	no	no	Rfam.seed.gz	15.1
RF00442__5U3G_B__7MLW_F	target	RF00442__7MLW_F	RF00442__5U3G_B	2	61	cWW	canonical	basepair	no	no_annotated_target_pair	no_annotated_target_pair	no_annotated_target_pair	1-40	1-40	1-40	yes	no	Rfam.seed.gz	15.1
RF00442__5U3G_B__7MLW_F	target	RF00442__7MLW_F	RF00442__5U3G_B	3	60	cWW	canonical	basepair	no	exact_class_preserved	exact_class_preserved	exact_class_preserved	2-39	2-39	2-39	yes	no	Rfam.seed.gz	15.1
RF00442__5U3G_B__7MLW_F	target	RF00442__7MLW_F	RF00442__5U3G_B	4	59	cWW	canonical	basepair	no	exact_class_preserved	exact_class_preserved	exact_class_preserved	3-38	3-38	3-38	yes	no	Rfam.seed.gz	15.1
RF00442__5U3G_B__7MLW_F	target	RF00442__7MLW_F	RF00442__5U3G_B	6	57	cWW	canonical	basepair	no	exact_class_preserved	exact_class_preserved	exact_class_preserved	5-36	5-36	5-36	yes	no	Rfam.seed.gz	15.1
RF00442__5U3G_B__7MLW_F	target	RF00442__7MLW_F	RF00442__5U3G_B	7	56	cWW	canonical	basepair	no	exact_class_preserved	exact_class_preserved	exact_class_preserved	6-35	6-35	6-35	yes	no	Rfam.seed.gz	15.1
RF00442__5U3G_B__7MLW_F	target	RF00442__7MLW_F	RF00442__5U3G_B	8	53	tWH	noncanonical	basepair	no	exact_class_preserved	exact_class_preserved	exact_class_preserved	7-32	7-32	7-32	yes	no	Rfam.seed.gz	15.1
RF00442__5U3G_B__7MLW_F	target	RF00442__7MLW_F	RF00442__5U3G_B	9	52	tHS	noncanonical	basepair	no	exact_class_preserved	exact_class_preserved	exact_class_preserved	8-31	8-31	8-31	yes	no	Rfam.seed.gz	15.1
RF00442__5U3G_B__7MLW_F	target	RF00442__7MLW_F	RF00442__5U3G_B	10	118	cSS	noncanonical	basepair	no	no_annotated_target_pair	no_annotated_target_pair	no_annotated_target_pair	9-74	9-74	9-74	yes	no	Rfam.seed.gz	15.1
RF00442__5U3G_B__7MLW_F	target	RF00442__7MLW_F	RF00442__5U3G_B	10	51	cWW	canonical	basepair	no	exact_class_preserved	exact_class_preserved	exact_class_preserved	9-30	9-30	9-30	yes	no	Rfam.seed.gz	15.1
RF00442__5U3G_B__7MLW_F	target	RF00442__7MLW_F	RF00442__5U3G_B	11	50	cWW	canonical	basepair	no	exact_class_preserved	exact_class_preserved	exact_class_preserved	10-29	10-29	10-29	yes	no	Rfam.seed.gz	15.1
RF00442__5U3G_B__7MLW_F	target	RF00442__7MLW_F	RF00442__5U3G_B	13	15	cSH	noncanonical	basepair	no	exact_class_preserved	exact_class_preserved	exact_class_preserved	12-14	12-14	12-14	yes	no	Rfam.seed.gz	15.1
RF00442__5U3G_B__7MLW_F	target	RF00442__7MLW_F	RF00442__5U3G_B	13	14	cSH	noncanonical	basepair	no	no_annotated_target_pair	no_annotated_target_pair	no_annotated_target_pair	12-13	12-13	12-13	yes	no	Rfam.seed.gz	15.1
RF00442__5U3G_B__7MLW_F	target	RF00442__7MLW_F	RF00442__5U3G_B	15	48	cWW	canonical	basepair	no	exact_class_preserved	exact_class_preserved	exact_class_preserved	14-27	14-27	14-27	yes	no	Rfam.seed.gz	15.1
RF00442__5U3G_B__7MLW_F	target	RF00442__7MLW_F	RF00442__5U3G_B	16	47	cWW	canonical	basepair	no	exact_class_preserved	exact_class_preserved	exact_class_preserved	15-26	15-26	15-26	yes	no	Rfam.seed.gz	15.1
RF00442__5U3G_B__7MLW_F	target	RF00442__7MLW_F	RF00442__5U3G_B	17	45	cWW	canonical	basepair	no	no_annotated_target_pair	no_annotated_target_pair	no_annotated_target_pair	16-24	16-24	16-24	yes	no	Rfam.seed.gz	15.1
RF00442__5U3G_B__7MLW_F	target	RF00442__7MLW_F	RF00442__5U3G_B	17	46	tSH	noncanonical	basepair	no	different_class	different_class	different_class	16-25	16-25	16-25	yes	yes	Rfam.seed.gz	15.1
RF00442__5U3G_B__7MLW_F	target	RF00442__7MLW_F	RF00442__5U3G_B	18	43	cWW	wobble	basepair	yes	unmapped_endpoint	unmapped_endpoint	unmapped_endpoint	17-None	18-None	18-None	no	no	Rfam.seed.gz	15.1
RF00442__5U3G_B__7MLW_F	target	RF00442__7MLW_F	RF00442__5U3G_B	19	42	cWW	canonical	basepair	no	exact_class_preserved	unmapped_endpoint	unmapped_endpoint	18-23	19-None	19-None	no	no	Rfam.seed.gz	15.1
RF00442__5U3G_B__7MLW_F	target	RF00442__7MLW_F	RF00442__5U3G_B	20	41	cWW	canonical	basepair	no	unmapped_endpoint	unmapped_endpoint	unmapped_endpoint	None-None	20-None	20-None	no	no	Rfam.seed.gz	15.1
RF00442__5U3G_B__7MLW_F	target	RF00442__7MLW_F	RF00442__5U3G_B	21	40	cWW	canonical	basepair	no	unmapped_endpoint	unmapped_endpoint	unmapped_endpoint	None-None	None-None	None-None	no	no	Rfam.seed.gz	15.1
RF00442__5U3G_B__7MLW_F	target	RF00442__7MLW_F	RF00442__5U3G_B	22	39	cWW	canonical	basepair	no	unmapped_endpoint	unmapped_endpoint	unmapped_endpoint	None-None	None-None	None-None	no	no	Rfam.seed.gz	15.1
RF00442__5U3G_B__7MLW_F	target	RF00442__7MLW_F	RF00442__5U3G_B	23	38	cWW	canonical	basepair	no	unmapped_endpoint	unmapped_endpoint	unmapped_endpoint	None-None	None-None	None-None	no	no	Rfam.seed.gz	15.1
RF00442__5U3G_B__7MLW_F	target	RF00442__7MLW_F	RF00442__5U3G_B	24	37	cWW	canonical	basepair	no	unmapped_endpoint	unmapped_endpoint	unmapped_endpoint	19-None	None-None	None-None	no	yes	Rfam.seed.gz	15.1
RF00442__5U3G_B__7MLW_F	target	RF00442__7MLW_F	RF00442__5U3G_B	26	35	cWW	canonical	basepair	no	unmapped_endpoint	unmapped_endpoint	unmapped_endpoint	21-None	None-None	None-None	no	yes	Rfam.seed.gz	15.1
RF00442__5U3G_B__7MLW_F	target	RF00442__7MLW_F	RF00442__5U3G_B	27	34	cWW	canonical	basepair	no	unmapped_endpoint	unmapped_endpoint	unmapped_endpoint	22-None	None-None	None-None	no	yes	Rfam.seed.gz	15.1
RF00442__5U3G_B__7MLW_F	target	RF00442__7MLW_F	RF00442__5U3G_B	28	33	cWW	canonical	basepair	no	unmapped_endpoint	unmapped_endpoint	unmapped_endpoint	None-None	None-None	None-None	no	no	Rfam.seed.gz	15.1
RF00442__5U3G_B__7MLW_F	target	RF00442__7MLW_F	RF00442__5U3G_B	44	47	cWH	noncanonical	basepair	no	unmapped_endpoint	no_annotated_target_pair	no_annotated_target_pair	None-26	23-26	23-26	no	no	Rfam.seed.gz	15.1
RF00442__5U3G_B__7MLW_F	target	RF00442__7MLW_F	RF00442__5U3G_B	54	105	tSS	noncanonical	basepair	no	exact_class_preserved	exact_class_preserved	exact_class_preserved	33-61	33-61	33-61	yes	no	Rfam.seed.gz	15.1
RF00442__5U3G_B__7MLW_F	target	RF00442__7MLW_F	RF00442__5U3G_B	63	102	cWW	wobble	basepair	no	exact_class_preserved	no_annotated_target_pair	no_annotated_target_pair	41-58	42-58	42-58	yes	no	Rfam.seed.gz	15.1
RF00442__5U3G_B__7MLW_F	target	RF00442__7MLW_F	RF00442__5U3G_B	67	98	cWW	canonical	basepair	no	exact_class_preserved	exact_class_preserved	exact_class_preserved	45-54	46-53	46-53	yes	no	Rfam.seed.gz	15.1
RF00442__5U3G_B__7MLW_F	target	RF00442__7MLW_F	RF00442__5U3G_B	68	97	cWW	wobble	basepair	no	exact_class_preserved	exact_class_preserved	exact_class_preserved	46-53	47-52	47-52	yes	no	Rfam.seed.gz	15.1
RF00442__5U3G_B__7MLW_F	target	RF00442__7MLW_F	RF00442__5U3G_B	69	96	cWW	canonical	basepair	no	exact_class_preserved	no_annotated_target_pair	no_annotated_target_pair	47-52	48-51	48-51	yes	no	Rfam.seed.gz	15.1
RF00442__5U3G_B__7MLW_F	target	RF00442__7MLW_F	RF00442__5U3G_B	71	94	cWW	canonical	basepair	no	unmapped_endpoint	unmapped_endpoint	unmapped_endpoint	None-None	None-None	None-None	no	no	Rfam.seed.gz	15.1
RF00442__5U3G_B__7MLW_F	target	RF00442__7MLW_F	RF00442__5U3G_B	73	92	cWW	canonical	basepair	no	unmapped_endpoint	unmapped_endpoint	unmapped_endpoint	None-50	None-None	None-None	no	yes	Rfam.seed.gz	15.1
RF00442__5U3G_B__7MLW_F	target	RF00442__7MLW_F	RF00442__5U3G_B	75	90	cWW	noncanonical	basepair	no	unmapped_endpoint	unmapped_endpoint	unmapped_endpoint	None-48	None-None	None-None	no	yes	Rfam.seed.gz	15.1
RF00442__5U3G_B__7MLW_F	target	RF00442__7MLW_F	RF00442__5U3G_B	76	89	cWW	canonical	basepair	no	unmapped_endpoint	unmapped_endpoint	unmapped_endpoint	None-None	None-None	None-None	no	no	Rfam.seed.gz	15.1
RF00442__5U3G_B__7MLW_F	target	RF00442__7MLW_F	RF00442__5U3G_B	77	88	cWW	canonical	basepair	no	unmapped_endpoint	unmapped_endpoint	unmapped_endpoint	None-None	None-None	None-None	no	no	Rfam.seed.gz	15.1
RF00442__5U3G_B__7MLW_F	target	RF00442__7MLW_F	RF00442__5U3G_B	78	87	cWW	canonical	basepair	no	unmapped_endpoint	unmapped_endpoint	unmapped_endpoint	None-None	None-None	None-None	no	no	Rfam.seed.gz	15.1
RF00442__5U3G_B__7MLW_F	target	RF00442__7MLW_F	RF00442__5U3G_B	79	86	cWW	canonical	basepair	no	unmapped_endpoint	unmapped_endpoint	unmapped_endpoint	None-None	None-None	None-None	no	no	Rfam.seed.gz	15.1
RF00442__5U3G_B__7MLW_F	target	RF00442__7MLW_F	RF00442__5U3G_B	104	124	cWW	canonical	basepair	no	exact_class_preserved	exact_class_preserved	exact_class_preserved	60-80	60-80	60-80	yes	no	Rfam.seed.gz	15.1
RF00442__5U3G_B__7MLW_F	target	RF00442__7MLW_F	RF00442__5U3G_B	106	127	cWW	canonical	basepair	no	exact_class_preserved	exact_class_preserved	exact_class_preserved	62-83	62-83	62-83	yes	no	Rfam.seed.gz	15.1
RF00442__5U3G_B__7MLW_F	target	RF00442__7MLW_F	RF00442__5U3G_B	107	126	tSH	noncanonical	basepair	no	exact_class_preserved	exact_class_preserved	exact_class_preserved	63-82	63-82	63-82	yes	no	Rfam.seed.gz	15.1
RF00442__5U3G_B__7MLW_F	target	RF00442__7MLW_F	RF00442__5U3G_B	108	125	tHW	noncanonical	basepair	no	exact_class_preserved	exact_class_preserved	exact_class_preserved	64-81	64-81	64-81	yes	no	Rfam.seed.gz	15.1
RF00442__5U3G_B__7MLW_F	target	RF00442__7MLW_F	RF00442__5U3G_B	110	122	cWW	canonical	basepair	no	exact_class_preserved	exact_class_preserved	exact_class_preserved	66-78	66-78	66-78	yes	no	Rfam.seed.gz	15.1
RF00442__5U3G_B__7MLW_F	target	RF00442__7MLW_F	RF00442__5U3G_B	111	121	cWW	canonical	basepair	no	exact_class_preserved	exact_class_preserved	exact_class_preserved	67-77	67-77	67-77	yes	no	Rfam.seed.gz	15.1
RF00442__5U3G_B__7MLW_F	target	RF00442__7MLW_F	RF00442__5U3G_B	112	120	cWW	canonical	basepair	no	exact_class_preserved	exact_class_preserved	exact_class_preserved	68-76	68-76	68-76	yes	no	Rfam.seed.gz	15.1
RF00442__5U3G_B__7MLW_F	target	RF00442__7MLW_F	RF00442__5U3G_B	113	118	tWH	noncanonical	basepair	no	different_class	different_class	different_class	69-74	69-74	69-74	yes	no	Rfam.seed.gz	15.1
RF00442__5U3G_B__7MLW_F	target	RF00442__7MLW_F	RF00442__5U3G_B	114	117	tWH	noncanonical	basepair	no	no_annotated_target_pair	no_annotated_target_pair	no_annotated_target_pair	70-73	70-73	70-73	yes	yes	Rfam.seed.gz	15.1
RF00442__5U3G_B__7MLW_F	target	RF00442__7MLW_F	RF00442__5U3G_B	1	2	s35	stack	stack	no	unmapped_endpoint	unmapped_endpoint	unmapped_endpoint	None-1	None-1	None-1	no	no	Rfam.seed.gz	15.1
RF00442__5U3G_B__7MLW_F	target	RF00442__7MLW_F	RF00442__5U3G_B	1	63	s55	stack	stack	no	unmapped_endpoint	unmapped_endpoint	unmapped_endpoint	None-41	None-42	None-42	no	no	Rfam.seed.gz	15.1
RF00442__5U3G_B__7MLW_F	target	RF00442__7MLW_F	RF00442__5U3G_B	2	3	s35	stack	stack	no	no_annotated_target_pair	no_annotated_target_pair	no_annotated_target_pair	1-2	1-2	1-2	yes	no	Rfam.seed.gz	15.1
RF00442__5U3G_B__7MLW_F	target	RF00442__7MLW_F	RF00442__5U3G_B	2	62	s55	stack	stack	no	unmapped_endpoint	no_annotated_target_pair	no_annotated_target_pair	1-None	1-41	1-41	no	no	Rfam.seed.gz	15.1
RF00442__5U3G_B__7MLW_F	target	RF00442__7MLW_F	RF00442__5U3G_B	3	61	ns55	stack	stack	no	different_class	different_class	different_class	2-40	2-40	2-40	yes	no	Rfam.seed.gz	15.1
RF00442__5U3G_B__7MLW_F	target	RF00442__7MLW_F	RF00442__5U3G_B	3	4	s35	stack	stack	no	exact_class_preserved	exact_class_preserved	exact_class_preserved	2-3	2-3	2-3	yes	no	Rfam.seed.gz	15.1
RF00442__5U3G_B__7MLW_F	target	RF00442__7MLW_F	RF00442__5U3G_B	4	5	s35	stack	stack	no	exact_class_preserved	exact_class_preserved	exact_class_preserved	3-4	3-4	3-4	yes	no	Rfam.seed.gz	15.1
RF00442__5U3G_B__7MLW_F	target	RF00442__7MLW_F	RF00442__5U3G_B	5	59	ns55	stack	stack	no	different_class	different_class	different_class	4-38	4-38	4-38	yes	no	Rfam.seed.gz	15.1
RF00442__5U3G_B__7MLW_F	target	RF00442__7MLW_F	RF00442__5U3G_B	5	6	s35	stack	stack	no	exact_class_preserved	exact_class_preserved	exact_class_preserved	4-5	4-5	4-5	yes	no	Rfam.seed.gz	15.1
RF00442__5U3G_B__7MLW_F	target	RF00442__7MLW_F	RF00442__5U3G_B	6	7	s35	stack	stack	no	exact_class_preserved	exact_class_preserved	exact_class_preserved	5-6	5-6	5-6	yes	no	Rfam.seed.gz	15.1
RF00442__5U3G_B__7MLW_F	target	RF00442__7MLW_F	RF00442__5U3G_B	6	58	s55	stack	stack	no	no_annotated_target_pair	no_annotated_target_pair	no_annotated_target_pair	5-37	5-37	5-37	yes	yes	Rfam.seed.gz	15.1
RF00442__5U3G_B__7MLW_F	target	RF00442__7MLW_F	RF00442__5U3G_B	7	8	s35	stack	stack	no	exact_class_preserved	exact_class_preserved	exact_class_preserved	6-7	6-7	6-7	yes	no	Rfam.seed.gz	15.1
RF00442__5U3G_B__7MLW_F	target	RF00442__7MLW_F	RF00442__5U3G_B	8	52	s33	stack	stack	no	exact_class_preserved	exact_class_preserved	exact_class_preserved	7-31	7-31	7-31	yes	no	Rfam.seed.gz	15.1
RF00442__5U3G_B__7MLW_F	target	RF00442__7MLW_F	RF00442__5U3G_B	8	9	s35	stack	stack	no	exact_class_preserved	exact_class_preserved	exact_class_preserved	7-8	7-8	7-8	yes	no	Rfam.seed.gz	15.1
RF00442__5U3G_B__7MLW_F	target	RF00442__7MLW_F	RF00442__5U3G_B	8	56	s55	stack	stack	no	exact_class_preserved	exact_class_preserved	exact_class_preserved	7-35	7-35	7-35	yes	no	Rfam.seed.gz	15.1
RF00442__5U3G_B__7MLW_F	target	RF00442__7MLW_F	RF00442__5U3G_B	9	10	s35	stack	stack	no	exact_class_preserved	exact_class_preserved	exact_class_preserved	8-9	8-9	8-9	yes	no	Rfam.seed.gz	15.1
RF00442__5U3G_B__7MLW_F	target	RF00442__7MLW_F	RF00442__5U3G_B	9	53	s55	stack	stack	no	exact_class_preserved	exact_class_preserved	exact_class_preserved	8-32	8-32	8-32	yes	no	Rfam.seed.gz	15.1
RF00442__5U3G_B__7MLW_F	target	RF00442__7MLW_F	RF00442__5U3G_B	10	11	s35	stack	stack	no	exact_class_preserved	exact_class_preserved	exact_class_preserved	9-10	9-10	9-10	yes	no	Rfam.seed.gz	15.1
RF00442__5U3G_B__7MLW_F	target	RF00442__7MLW_F	RF00442__5U3G_B	10	52	s55	stack	stack	no	exact_class_preserved	exact_class_preserved	exact_class_preserved	9-31	9-31	9-31	yes	no	Rfam.seed.gz	15.1
RF00442__5U3G_B__7MLW_F	target	RF00442__7MLW_F	RF00442__5U3G_B	11	12	s35	stack	stack	no	exact_class_preserved	exact_class_preserved	exact_class_preserved	10-11	10-11	10-11	yes	no	Rfam.seed.gz	15.1
RF00442__5U3G_B__7MLW_F	target	RF00442__7MLW_F	RF00442__5U3G_B	11	51	s55	stack	stack	no	exact_class_preserved	exact_class_preserved	exact_class_preserved	10-30	10-30	10-30	yes	no	Rfam.seed.gz	15.1
RF00442__5U3G_B__7MLW_F	target	RF00442__7MLW_F	RF00442__5U3G_B	12	50	ns55	stack	stack	no	no_annotated_target_pair	no_annotated_target_pair	no_annotated_target_pair	11-29	11-29	11-29	yes	no	Rfam.seed.gz	15.1
RF00442__5U3G_B__7MLW_F	target	RF00442__7MLW_F	RF00442__5U3G_B	12	13	s35	stack	stack	no	exact_class_preserved	exact_class_preserved	exact_class_preserved	11-12	11-12	11-12	yes	no	Rfam.seed.gz	15.1
RF00442__5U3G_B__7MLW_F	target	RF00442__7MLW_F	RF00442__5U3G_B	13	44	s33	stack	stack	no	unmapped_endpoint	no_annotated_target_pair	no_annotated_target_pair	12-None	12-23	12-23	no	no	Rfam.seed.gz	15.1
RF00442__5U3G_B__7MLW_F	target	RF00442__7MLW_F	RF00442__5U3G_B	14	15	s35	stack	stack	no	exact_class_preserved	exact_class_preserved	exact_class_preserved	13-14	13-14	13-14	yes	no	Rfam.seed.gz	15.1
RF00442__5U3G_B__7MLW_F	target	RF00442__7MLW_F	RF00442__5U3G_B	14	115	s55	stack	stack	no	exact_class_preserved	exact_class_preserved	exact_class_preserved	13-71	13-71	13-71	yes	no	Rfam.seed.gz	15.1
RF00442__5U3G_B__7MLW_F	target	RF00442__7MLW_F	RF00442__5U3G_B	15	16	s35	stack	stack	no	exact_class_preserved	exact_class_preserved	exact_class_preserved	14-15	14-15	14-15	yes	no	Rfam.seed.gz	15.1
RF00442__5U3G_B__7MLW_F	target	RF00442__7MLW_F	RF00442__5U3G_B	16	17	s35	stack	stack	no	exact_class_preserved	exact_class_preserved	exact_class_preserved	15-16	15-16	15-16	yes	no	Rfam.seed.gz	15.1
RF00442__5U3G_B__7MLW_F	target	RF00442__7MLW_F	RF00442__5U3G_B	16	48	s55	stack	stack	no	exact_class_preserved	exact_class_preserved	exact_class_preserved	15-27	15-27	15-27	yes	no	Rfam.seed.gz	15.1
RF00442__5U3G_B__7MLW_F	target	RF00442__7MLW_F	RF00442__5U3G_B	17	18	s35	stack	stack	no	exact_class_preserved	no_annotated_target_pair	no_annotated_target_pair	16-17	16-18	16-18	yes	no	Rfam.seed.gz	15.1
RF00442__5U3G_B__7MLW_F	target	RF00442__7MLW_F	RF00442__5U3G_B	17	47	s55	stack	stack	no	exact_class_preserved	exact_class_preserved	exact_class_preserved	16-26	16-26	16-26	yes	no	Rfam.seed.gz	15.1
RF00442__5U3G_B__7MLW_F	target	RF00442__7MLW_F	RF00442__5U3G_B	18	19	s35	stack	stack	no	exact_class_preserved	exact_class_preserved	exact_class_preserved	17-18	18-19	18-19	yes	no	Rfam.seed.gz	15.1
RF00442__5U3G_B__7MLW_F	target	RF00442__7MLW_F	RF00442__5U3G_B	18	45	s55	stack	stack	no	different_class	no_annotated_target_pair	no_annotated_target_pair	17-24	18-24	18-24	yes	no	Rfam.seed.gz	15.1
RF00442__5U3G_B__7MLW_F	target	RF00442__7MLW_F	RF00442__5U3G_B	19	20	s35	stack	stack	no	unmapped_endpoint	no_annotated_target_pair	no_annotated_target_pair	18-None	19-20	19-20	no	no	Rfam.seed.gz	15.1
RF00442__5U3G_B__7MLW_F	target	RF00442__7MLW_F	RF00442__5U3G_B	20	42	ns55	stack	stack	no	unmapped_endpoint	unmapped_endpoint	unmapped_endpoint	None-23	20-None	20-None	no	no	Rfam.seed.gz	15.1
RF00442__5U3G_B__7MLW_F	target	RF00442__7MLW_F	RF00442__5U3G_B	20	21	s35	stack	stack	no	unmapped_endpoint	unmapped_endpoint	unmapped_endpoint	None-None	20-None	20-None	no	no	Rfam.seed.gz	15.1
RF00442__5U3G_B__7MLW_F	target	RF00442__7MLW_F	RF00442__5U3G_B	21	22	s35	stack	stack	no	unmapped_endpoint	unmapped_endpoint	unmapped_endpoint	None-None	None-None	None-None	no	no	Rfam.seed.gz	15.1
RF00442__5U3G_B__7MLW_F	target	RF00442__7MLW_F	RF00442__5U3G_B	21	41	s55	stack	stack	no	unmapped_endpoint	unmapped_endpoint	unmapped_endpoint	None-None	None-None	None-None	no	no	Rfam.seed.gz	15.1
RF00442__5U3G_B__7MLW_F	target	RF00442__7MLW_F	RF00442__5U3G_B	22	23	s35	stack	stack	no	unmapped_endpoint	unmapped_endpoint	unmapped_endpoint	None-None	None-None	None-None	no	no	Rfam.seed.gz	15.1
RF00442__5U3G_B__7MLW_F	target	RF00442__7MLW_F	RF00442__5U3G_B	23	24	s35	stack	stack	no	unmapped_endpoint	unmapped_endpoint	unmapped_endpoint	None-19	None-None	None-None	no	yes	Rfam.seed.gz	15.1
RF00442__5U3G_B__7MLW_F	target	RF00442__7MLW_F	RF00442__5U3G_B	23	39	s55	stack	stack	no	unmapped_endpoint	unmapped_endpoint	unmapped_endpoint	None-None	None-None	None-None	no	no	Rfam.seed.gz	15.1
RF00442__5U3G_B__7MLW_F	target	RF00442__7MLW_F	RF00442__5U3G_B	24	25	ns35	stack	stack	no	no_annotated_target_pair	unmapped_endpoint	unmapped_endpoint	19-20	None-None	None-None	no	yes	Rfam.seed.gz	15.1
RF00442__5U3G_B__7MLW_F	target	RF00442__7MLW_F	RF00442__5U3G_B	25	26	s35	stack	stack	no	no_annotated_target_pair	unmapped_endpoint	unmapped_endpoint	20-21	None-None	None-None	no	yes	Rfam.seed.gz	15.1
RF00442__5U3G_B__7MLW_F	target	RF00442__7MLW_F	RF00442__5U3G_B	25	37	s55	stack	stack	no	unmapped_endpoint	unmapped_endpoint	unmapped_endpoint	20-None	None-None	None-None	no	yes	Rfam.seed.gz	15.1
RF00442__5U3G_B__7MLW_F	target	RF00442__7MLW_F	RF00442__5U3G_B	26	36	ns55	stack	stack	no	unmapped_endpoint	unmapped_endpoint	unmapped_endpoint	21-None	None-None	None-None	no	yes	Rfam.seed.gz	15.1
RF00442__5U3G_B__7MLW_F	target	RF00442__7MLW_F	RF00442__5U3G_B	26	27	s35	stack	stack	no	no_annotated_target_pair	unmapped_endpoint	unmapped_endpoint	21-22	None-None	None-None	no	yes	Rfam.seed.gz	15.1
RF00442__5U3G_B__7MLW_F	target	RF00442__7MLW_F	RF00442__5U3G_B	27	28	s35	stack	stack	no	unmapped_endpoint	unmapped_endpoint	unmapped_endpoint	22-None	None-None	None-None	no	yes	Rfam.seed.gz	15.1
RF00442__5U3G_B__7MLW_F	target	RF00442__7MLW_F	RF00442__5U3G_B	28	29	ns35	stack	stack	no	unmapped_endpoint	unmapped_endpoint	unmapped_endpoint	None-None	None-None	None-None	no	no	Rfam.seed.gz	15.1
RF00442__5U3G_B__7MLW_F	target	RF00442__7MLW_F	RF00442__5U3G_B	28	34	s55	stack	stack	no	unmapped_endpoint	unmapped_endpoint	unmapped_endpoint	None-None	None-None	None-None	no	no	Rfam.seed.gz	15.1
RF00442__5U3G_B__7MLW_F	target	RF00442__7MLW_F	RF00442__5U3G_B	33	34	s35	stack	stack	no	unmapped_endpoint	unmapped_endpoint	unmapped_endpoint	None-None	None-None	None-None	no	no	Rfam.seed.gz	15.1
RF00442__5U3G_B__7MLW_F	target	RF00442__7MLW_F	RF00442__5U3G_B	34	35	s35	stack	stack	no	unmapped_endpoint	unmapped_endpoint	unmapped_endpoint	None-None	None-None	None-None	no	no	Rfam.seed.gz	15.1
RF00442__5U3G_B__7MLW_F	target	RF00442__7MLW_F	RF00442__5U3G_B	35	36	s35	stack	stack	no	unmapped_endpoint	unmapped_endpoint	unmapped_endpoint	None-None	None-None	None-None	no	no	Rfam.seed.gz	15.1
RF00442__5U3G_B__7MLW_F	target	RF00442__7MLW_F	RF00442__5U3G_B	36	37	ns35	stack	stack	no	unmapped_endpoint	unmapped_endpoint	unmapped_endpoint	None-None	None-None	None-None	no	no	Rfam.seed.gz	15.1
RF00442__5U3G_B__7MLW_F	target	RF00442__7MLW_F	RF00442__5U3G_B	37	38	s35	stack	stack	no	unmapped_endpoint	unmapped_endpoint	unmapped_endpoint	None-None	None-None	None-None	no	no	Rfam.seed.gz	15.1
RF00442__5U3G_B__7MLW_F	target	RF00442__7MLW_F	RF00442__5U3G_B	38	39	s35	stack	stack	no	unmapped_endpoint	unmapped_endpoint	unmapped_endpoint	None-None	None-None	None-None	no	no	Rfam.seed.gz	15.1
RF00442__5U3G_B__7MLW_F	target	RF00442__7MLW_F	RF00442__5U3G_B	39	40	s35	stack	stack	no	unmapped_endpoint	unmapped_endpoint	unmapped_endpoint	None-None	None-None	None-None	no	no	Rfam.seed.gz	15.1
RF00442__5U3G_B__7MLW_F	target	RF00442__7MLW_F	RF00442__5U3G_B	40	41	s35	stack	stack	no	unmapped_endpoint	unmapped_endpoint	unmapped_endpoint	None-None	None-None	None-None	no	no	Rfam.seed.gz	15.1
RF00442__5U3G_B__7MLW_F	target	RF00442__7MLW_F	RF00442__5U3G_B	41	42	s35	stack	stack	no	unmapped_endpoint	unmapped_endpoint	unmapped_endpoint	None-23	None-None	None-None	no	no	Rfam.seed.gz	15.1
RF00442__5U3G_B__7MLW_F	target	RF00442__7MLW_F	RF00442__5U3G_B	42	43	s35	stack	stack	yes	unmapped_endpoint	unmapped_endpoint	unmapped_endpoint	23-None	None-None	None-None	no	no	Rfam.seed.gz	15.1
RF00442__5U3G_B__7MLW_F	target	RF00442__7MLW_F	RF00442__5U3G_B	44	45	s53	stack	stack	no	unmapped_endpoint	different_class	different_class	None-24	23-24	23-24	no	no	Rfam.seed.gz	15.1
RF00442__5U3G_B__7MLW_F	target	RF00442__7MLW_F	RF00442__5U3G_B	46	47	s35	stack	stack	no	exact_class_preserved	exact_class_preserved	exact_class_preserved	25-26	25-26	25-26	yes	yes	Rfam.seed.gz	15.1
RF00442__5U3G_B__7MLW_F	target	RF00442__7MLW_F	RF00442__5U3G_B	47	48	s35	stack	stack	no	exact_class_preserved	exact_class_preserved	exact_class_preserved	26-27	26-27	26-27	yes	no	Rfam.seed.gz	15.1
RF00442__5U3G_B__7MLW_F	target	RF00442__7MLW_F	RF00442__5U3G_B	48	49	s35	stack	stack	no	exact_class_preserved	exact_class_preserved	exact_class_preserved	27-28	27-28	27-28	yes	no	Rfam.seed.gz	15.1
RF00442__5U3G_B__7MLW_F	target	RF00442__7MLW_F	RF00442__5U3G_B	49	50	s35	stack	stack	no	exact_class_preserved	exact_class_preserved	exact_class_preserved	28-29	28-29	28-29	yes	no	Rfam.seed.gz	15.1
RF00442__5U3G_B__7MLW_F	target	RF00442__7MLW_F	RF00442__5U3G_B	50	51	s35	stack	stack	no	exact_class_preserved	exact_class_preserved	exact_class_preserved	29-30	29-30	29-30	yes	no	Rfam.seed.gz	15.1
RF00442__5U3G_B__7MLW_F	target	RF00442__7MLW_F	RF00442__5U3G_B	51	52	s35	stack	stack	no	exact_class_preserved	exact_class_preserved	exact_class_preserved	30-31	30-31	30-31	yes	no	Rfam.seed.gz	15.1
RF00442__5U3G_B__7MLW_F	target	RF00442__7MLW_F	RF00442__5U3G_B	53	56	s35	stack	stack	no	exact_class_preserved	exact_class_preserved	exact_class_preserved	32-35	32-35	32-35	yes	no	Rfam.seed.gz	15.1
RF00442__5U3G_B__7MLW_F	target	RF00442__7MLW_F	RF00442__5U3G_B	54	124	ns55	stack	stack	no	different_class	different_class	different_class	33-80	33-80	33-80	yes	no	Rfam.seed.gz	15.1
RF00442__5U3G_B__7MLW_F	target	RF00442__7MLW_F	RF00442__5U3G_B	54	55	s35	stack	stack	no	exact_class_preserved	exact_class_preserved	exact_class_preserved	33-34	33-34	33-34	yes	no	Rfam.seed.gz	15.1
RF00442__5U3G_B__7MLW_F	target	RF00442__7MLW_F	RF00442__5U3G_B	56	57	s35	stack	stack	no	exact_class_preserved	exact_class_preserved	exact_class_preserved	35-36	35-36	35-36	yes	no	Rfam.seed.gz	15.1
RF00442__5U3G_B__7MLW_F	target	RF00442__7MLW_F	RF00442__5U3G_B	57	58	s35	stack	stack	no	exact_class_preserved	exact_class_preserved	exact_class_preserved	36-37	36-37	36-37	yes	yes	Rfam.seed.gz	15.1
RF00442__5U3G_B__7MLW_F	target	RF00442__7MLW_F	RF00442__5U3G_B	58	59	s35	stack	stack	no	exact_class_preserved	exact_class_preserved	exact_class_preserved	37-38	37-38	37-38	yes	yes	Rfam.seed.gz	15.1
RF00442__5U3G_B__7MLW_F	target	RF00442__7MLW_F	RF00442__5U3G_B	59	60	s35	stack	stack	no	exact_class_preserved	exact_class_preserved	exact_class_preserved	38-39	38-39	38-39	yes	no	Rfam.seed.gz	15.1
RF00442__5U3G_B__7MLW_F	target	RF00442__7MLW_F	RF00442__5U3G_B	60	61	s35	stack	stack	no	exact_class_preserved	exact_class_preserved	exact_class_preserved	39-40	39-40	39-40	yes	no	Rfam.seed.gz	15.1
RF00442__5U3G_B__7MLW_F	target	RF00442__7MLW_F	RF00442__5U3G_B	61	62	s35	stack	stack	no	unmapped_endpoint	exact_class_preserved	exact_class_preserved	40-None	40-41	40-41	no	no	Rfam.seed.gz	15.1
RF00442__5U3G_B__7MLW_F	target	RF00442__7MLW_F	RF00442__5U3G_B	62	63	ns33	stack	stack	no	unmapped_endpoint	different_class	different_class	None-41	41-42	41-42	no	no	Rfam.seed.gz	15.1
RF00442__5U3G_B__7MLW_F	target	RF00442__7MLW_F	RF00442__5U3G_B	62	63	s35	stack	stack	no	unmapped_endpoint	exact_class_preserved	exact_class_preserved	None-41	41-42	41-42	no	no	Rfam.seed.gz	15.1
RF00442__5U3G_B__7MLW_F	target	RF00442__7MLW_F	RF00442__5U3G_B	63	64	s55	stack	stack	no	different_class	different_class	different_class	41-42	42-43	42-43	yes	no	Rfam.seed.gz	15.1
RF00442__5U3G_B__7MLW_F	target	RF00442__7MLW_F	RF00442__5U3G_B	64	65	ns35	stack	stack	no	different_class	different_class	different_class	42-43	43-44	43-44	yes	no	Rfam.seed.gz	15.1
RF00442__5U3G_B__7MLW_F	target	RF00442__7MLW_F	RF00442__5U3G_B	64	102	ns55	stack	stack	no	no_annotated_target_pair	no_annotated_target_pair	no_annotated_target_pair	42-58	43-58	43-58	yes	no	Rfam.seed.gz	15.1
RF00442__5U3G_B__7MLW_F	target	RF00442__7MLW_F	RF00442__5U3G_B	65	66	ns35	stack	stack	no	different_class	different_class	different_class	43-44	44-45	44-45	yes	no	Rfam.seed.gz	15.1
RF00442__5U3G_B__7MLW_F	target	RF00442__7MLW_F	RF00442__5U3G_B	66	100	ns35	stack	stack	no	different_class	no_annotated_target_pair	no_annotated_target_pair	44-56	45-56	45-56	yes	no	Rfam.seed.gz	15.1
RF00442__5U3G_B__7MLW_F	target	RF00442__7MLW_F	RF00442__5U3G_B	66	67	s55	stack	stack	no	different_class	different_class	different_class	44-45	45-46	45-46	yes	no	Rfam.seed.gz	15.1
RF00442__5U3G_B__7MLW_F	target	RF00442__7MLW_F	RF00442__5U3G_B	67	68	s35	stack	stack	no	exact_class_preserved	exact_class_preserved	exact_class_preserved	45-46	46-47	46-47	yes	no	Rfam.seed.gz	15.1
RF00442__5U3G_B__7MLW_F	target	RF00442__7MLW_F	RF00442__5U3G_B	67	99	s55	stack	stack	no	exact_class_preserved	no_annotated_target_pair	no_annotated_target_pair	45-55	46-54	46-54	yes	no	Rfam.seed.gz	15.1
RF00442__5U3G_B__7MLW_F	target	RF00442__7MLW_F	RF00442__5U3G_B	68	98	ns55	stack	stack	no	no_annotated_target_pair	different_class	different_class	46-54	47-53	47-53	yes	no	Rfam.seed.gz	15.1
RF00442__5U3G_B__7MLW_F	target	RF00442__7MLW_F	RF00442__5U3G_B	68	69	s35	stack	stack	no	exact_class_preserved	exact_class_preserved	exact_class_preserved	46-47	47-48	47-48	yes	no	Rfam.seed.gz	15.1
RF00442__5U3G_B__7MLW_F	target	RF00442__7MLW_F	RF00442__5U3G_B	69	70	s35	stack	stack	no	unmapped_endpoint	unmapped_endpoint	unmapped_endpoint	47-None	48-None	48-None	no	no	Rfam.seed.gz	15.1
RF00442__5U3G_B__7MLW_F	target	RF00442__7MLW_F	RF00442__5U3G_B	69	97	s55	stack	stack	no	exact_class_preserved	exact_class_preserved	exact_class_preserved	47-53	48-52	48-52	yes	no	Rfam.seed.gz	15.1
RF00442__5U3G_B__7MLW_F	target	RF00442__7MLW_F	RF00442__5U3G_B	70	71	ns35	stack	stack	no	unmapped_endpoint	unmapped_endpoint	unmapped_endpoint	None-None	None-None	None-None	no	no	Rfam.seed.gz	15.1
RF00442__5U3G_B__7MLW_F	target	RF00442__7MLW_F	RF00442__5U3G_B	71	72	ns33	stack	stack	no	unmapped_endpoint	unmapped_endpoint	unmapped_endpoint	None-None	None-None	None-None	no	no	Rfam.seed.gz	15.1
RF00442__5U3G_B__7MLW_F	target	RF00442__7MLW_F	RF00442__5U3G_B	71	95	s55	stack	stack	no	unmapped_endpoint	unmapped_endpoint	unmapped_endpoint	None-None	None-None	None-None	no	no	Rfam.seed.gz	15.1
RF00442__5U3G_B__7MLW_F	target	RF00442__7MLW_F	RF00442__5U3G_B	72	94	s35	stack	stack	no	unmapped_endpoint	unmapped_endpoint	unmapped_endpoint	None-None	None-None	None-None	no	no	Rfam.seed.gz	15.1
RF00442__5U3G_B__7MLW_F	target	RF00442__7MLW_F	RF00442__5U3G_B	72	73	s55	stack	stack	no	unmapped_endpoint	unmapped_endpoint	unmapped_endpoint	None-None	None-None	None-None	no	no	Rfam.seed.gz	15.1
RF00442__5U3G_B__7MLW_F	target	RF00442__7MLW_F	RF00442__5U3G_B	75	76	s35	stack	stack	no	unmapped_endpoint	unmapped_endpoint	unmapped_endpoint	None-None	None-None	None-None	no	no	Rfam.seed.gz	15.1
RF00442__5U3G_B__7MLW_F	target	RF00442__7MLW_F	RF00442__5U3G_B	76	90	ns55	stack	stack	no	unmapped_endpoint	unmapped_endpoint	unmapped_endpoint	None-48	None-None	None-None	no	yes	Rfam.seed.gz	15.1
RF00442__5U3G_B__7MLW_F	target	RF00442__7MLW_F	RF00442__5U3G_B	76	77	s35	stack	stack	no	unmapped_endpoint	unmapped_endpoint	unmapped_endpoint	None-None	None-None	None-None	no	no	Rfam.seed.gz	15.1
RF00442__5U3G_B__7MLW_F	target	RF00442__7MLW_F	RF00442__5U3G_B	77	78	s35	stack	stack	no	unmapped_endpoint	unmapped_endpoint	unmapped_endpoint	None-None	None-None	None-None	no	no	Rfam.seed.gz	15.1
RF00442__5U3G_B__7MLW_F	target	RF00442__7MLW_F	RF00442__5U3G_B	77	89	s55	stack	stack	no	unmapped_endpoint	unmapped_endpoint	unmapped_endpoint	None-None	None-None	None-None	no	no	Rfam.seed.gz	15.1
RF00442__5U3G_B__7MLW_F	target	RF00442__7MLW_F	RF00442__5U3G_B	78	79	s35	stack	stack	no	unmapped_endpoint	unmapped_endpoint	unmapped_endpoint	None-None	None-None	None-None	no	no	Rfam.seed.gz	15.1
RF00442__5U3G_B__7MLW_F	target	RF00442__7MLW_F	RF00442__5U3G_B	78	88	s55	stack	stack	no	unmapped_endpoint	unmapped_endpoint	unmapped_endpoint	None-None	None-None	None-None	no	no	Rfam.seed.gz	15.1
RF00442__5U3G_B__7MLW_F	target	RF00442__7MLW_F	RF00442__5U3G_B	79	80	s35	stack	stack	no	unmapped_endpoint	unmapped_endpoint	unmapped_endpoint	None-None	None-None	None-None	no	no	Rfam.seed.gz	15.1
RF00442__5U3G_B__7MLW_F	target	RF00442__7MLW_F	RF00442__5U3G_B	80	81	s35	stack	stack	yes	unmapped_endpoint	unmapped_endpoint	unmapped_endpoint	None-None	None-None	None-None	no	no	Rfam.seed.gz	15.1
RF00442__5U3G_B__7MLW_F	target	RF00442__7MLW_F	RF00442__5U3G_B	80	86	s55	stack	stack	no	unmapped_endpoint	unmapped_endpoint	unmapped_endpoint	None-None	None-None	None-None	no	no	Rfam.seed.gz	15.1
RF00442__5U3G_B__7MLW_F	target	RF00442__7MLW_F	RF00442__5U3G_B	81	83	s35	stack	stack	yes	unmapped_endpoint	unmapped_endpoint	unmapped_endpoint	None-None	None-None	None-None	no	no	Rfam.seed.gz	15.1
RF00442__5U3G_B__7MLW_F	target	RF00442__7MLW_F	RF00442__5U3G_B	83	84	ns53	stack	stack	yes	unmapped_endpoint	unmapped_endpoint	unmapped_endpoint	None-None	None-None	None-None	no	no	Rfam.seed.gz	15.1
RF00442__5U3G_B__7MLW_F	target	RF00442__7MLW_F	RF00442__5U3G_B	84	85	s55	stack	stack	yes	unmapped_endpoint	unmapped_endpoint	unmapped_endpoint	None-None	None-None	None-None	no	no	Rfam.seed.gz	15.1
RF00442__5U3G_B__7MLW_F	target	RF00442__7MLW_F	RF00442__5U3G_B	86	87	s35	stack	stack	no	unmapped_endpoint	unmapped_endpoint	unmapped_endpoint	None-None	None-None	None-None	no	no	Rfam.seed.gz	15.1
RF00442__5U3G_B__7MLW_F	target	RF00442__7MLW_F	RF00442__5U3G_B	87	88	s35	stack	stack	no	unmapped_endpoint	unmapped_endpoint	unmapped_endpoint	None-None	None-None	None-None	no	no	Rfam.seed.gz	15.1
RF00442__5U3G_B__7MLW_F	target	RF00442__7MLW_F	RF00442__5U3G_B	88	89	s35	stack	stack	no	unmapped_endpoint	unmapped_endpoint	unmapped_endpoint	None-None	None-None	None-None	no	no	Rfam.seed.gz	15.1
RF00442__5U3G_B__7MLW_F	target	RF00442__7MLW_F	RF00442__5U3G_B	89	90	s35	stack	stack	no	unmapped_endpoint	unmapped_endpoint	unmapped_endpoint	None-48	None-None	None-None	no	yes	Rfam.seed.gz	15.1
RF00442__5U3G_B__7MLW_F	target	RF00442__7MLW_F	RF00442__5U3G_B	90	91	s35	stack	stack	no	no_annotated_target_pair	unmapped_endpoint	unmapped_endpoint	48-49	None-None	None-None	no	yes	Rfam.seed.gz	15.1
RF00442__5U3G_B__7MLW_F	target	RF00442__7MLW_F	RF00442__5U3G_B	91	92	s35	stack	stack	no	exact_class_preserved	unmapped_endpoint	unmapped_endpoint	49-50	None-None	None-None	no	yes	Rfam.seed.gz	15.1
RF00442__5U3G_B__7MLW_F	target	RF00442__7MLW_F	RF00442__5U3G_B	92	93	s35	stack	stack	no	exact_class_preserved	unmapped_endpoint	unmapped_endpoint	50-51	None-None	None-None	no	yes	Rfam.seed.gz	15.1
RF00442__5U3G_B__7MLW_F	target	RF00442__7MLW_F	RF00442__5U3G_B	93	94	s35	stack	stack	no	unmapped_endpoint	unmapped_endpoint	unmapped_endpoint	51-None	None-None	None-None	no	yes	Rfam.seed.gz	15.1
RF00442__5U3G_B__7MLW_F	target	RF00442__7MLW_F	RF00442__5U3G_B	94	95	s35	stack	stack	no	unmapped_endpoint	unmapped_endpoint	unmapped_endpoint	None-None	None-None	None-None	no	no	Rfam.seed.gz	15.1
RF00442__5U3G_B__7MLW_F	target	RF00442__7MLW_F	RF00442__5U3G_B	95	96	s35	stack	stack	no	unmapped_endpoint	unmapped_endpoint	unmapped_endpoint	None-52	None-51	None-51	no	no	Rfam.seed.gz	15.1
RF00442__5U3G_B__7MLW_F	target	RF00442__7MLW_F	RF00442__5U3G_B	96	97	s35	stack	stack	no	exact_class_preserved	no_annotated_target_pair	no_annotated_target_pair	52-53	51-52	51-52	yes	no	Rfam.seed.gz	15.1
RF00442__5U3G_B__7MLW_F	target	RF00442__7MLW_F	RF00442__5U3G_B	97	98	s35	stack	stack	no	exact_class_preserved	exact_class_preserved	exact_class_preserved	53-54	52-53	52-53	yes	no	Rfam.seed.gz	15.1
RF00442__5U3G_B__7MLW_F	target	RF00442__7MLW_F	RF00442__5U3G_B	98	99	s35	stack	stack	no	exact_class_preserved	exact_class_preserved	exact_class_preserved	54-55	53-54	53-54	yes	no	Rfam.seed.gz	15.1
RF00442__5U3G_B__7MLW_F	target	RF00442__7MLW_F	RF00442__5U3G_B	99	100	s35	stack	stack	no	exact_class_preserved	no_annotated_target_pair	no_annotated_target_pair	55-56	54-56	54-56	yes	no	Rfam.seed.gz	15.1
RF00442__5U3G_B__7MLW_F	target	RF00442__7MLW_F	RF00442__5U3G_B	100	101	s35	stack	stack	no	exact_class_preserved	exact_class_preserved	exact_class_preserved	56-57	56-57	56-57	yes	no	Rfam.seed.gz	15.1
RF00442__5U3G_B__7MLW_F	target	RF00442__7MLW_F	RF00442__5U3G_B	101	102	s35	stack	stack	no	exact_class_preserved	exact_class_preserved	exact_class_preserved	57-58	57-58	57-58	yes	no	Rfam.seed.gz	15.1
RF00442__5U3G_B__7MLW_F	target	RF00442__7MLW_F	RF00442__5U3G_B	103	104	s35	stack	stack	no	exact_class_preserved	exact_class_preserved	exact_class_preserved	59-60	59-60	59-60	yes	no	Rfam.seed.gz	15.1
RF00442__5U3G_B__7MLW_F	target	RF00442__7MLW_F	RF00442__5U3G_B	104	105	s35	stack	stack	no	exact_class_preserved	exact_class_preserved	exact_class_preserved	60-61	60-61	60-61	yes	no	Rfam.seed.gz	15.1
RF00442__5U3G_B__7MLW_F	target	RF00442__7MLW_F	RF00442__5U3G_B	105	124	ns55	stack	stack	no	different_class	different_class	different_class	61-80	61-80	61-80	yes	no	Rfam.seed.gz	15.1
RF00442__5U3G_B__7MLW_F	target	RF00442__7MLW_F	RF00442__5U3G_B	106	107	s35	stack	stack	no	exact_class_preserved	exact_class_preserved	exact_class_preserved	62-63	62-63	62-63	yes	no	Rfam.seed.gz	15.1
RF00442__5U3G_B__7MLW_F	target	RF00442__7MLW_F	RF00442__5U3G_B	106	128	s55	stack	stack	no	exact_class_preserved	exact_class_preserved	exact_class_preserved	62-84	62-84	62-84	yes	no	Rfam.seed.gz	15.1
RF00442__5U3G_B__7MLW_F	target	RF00442__7MLW_F	RF00442__5U3G_B	107	127	s55	stack	stack	no	different_class	different_class	different_class	63-83	63-83	63-83	yes	no	Rfam.seed.gz	15.1
RF00442__5U3G_B__7MLW_F	target	RF00442__7MLW_F	RF00442__5U3G_B	108	109	s35	stack	stack	no	exact_class_preserved	exact_class_preserved	exact_class_preserved	64-65	64-65	64-65	yes	no	Rfam.seed.gz	15.1
RF00442__5U3G_B__7MLW_F	target	RF00442__7MLW_F	RF00442__5U3G_B	108	126	s55	stack	stack	no	exact_class_preserved	exact_class_preserved	exact_class_preserved	64-82	64-82	64-82	yes	no	Rfam.seed.gz	15.1
RF00442__5U3G_B__7MLW_F	target	RF00442__7MLW_F	RF00442__5U3G_B	109	125	ns55	stack	stack	no	no_annotated_target_pair	no_annotated_target_pair	no_annotated_target_pair	65-81	65-81	65-81	yes	no	Rfam.seed.gz	15.1
RF00442__5U3G_B__7MLW_F	target	RF00442__7MLW_F	RF00442__5U3G_B	109	110	s35	stack	stack	no	exact_class_preserved	exact_class_preserved	exact_class_preserved	65-66	65-66	65-66	yes	no	Rfam.seed.gz	15.1
RF00442__5U3G_B__7MLW_F	target	RF00442__7MLW_F	RF00442__5U3G_B	110	111	s35	stack	stack	no	exact_class_preserved	exact_class_preserved	exact_class_preserved	66-67	66-67	66-67	yes	no	Rfam.seed.gz	15.1
RF00442__5U3G_B__7MLW_F	target	RF00442__7MLW_F	RF00442__5U3G_B	111	112	s35	stack	stack	no	exact_class_preserved	exact_class_preserved	exact_class_preserved	67-68	67-68	67-68	yes	no	Rfam.seed.gz	15.1
RF00442__5U3G_B__7MLW_F	target	RF00442__7MLW_F	RF00442__5U3G_B	111	122	s55	stack	stack	no	exact_class_preserved	exact_class_preserved	exact_class_preserved	67-78	67-78	67-78	yes	no	Rfam.seed.gz	15.1
RF00442__5U3G_B__7MLW_F	target	RF00442__7MLW_F	RF00442__5U3G_B	112	113	s35	stack	stack	no	different_class	different_class	different_class	68-69	68-69	68-69	yes	no	Rfam.seed.gz	15.1
RF00442__5U3G_B__7MLW_F	target	RF00442__7MLW_F	RF00442__5U3G_B	112	121	s55	stack	stack	no	exact_class_preserved	exact_class_preserved	exact_class_preserved	68-77	68-77	68-77	yes	no	Rfam.seed.gz	15.1
RF00442__5U3G_B__7MLW_F	target	RF00442__7MLW_F	RF00442__5U3G_B	113	114	s35	stack	stack	no	no_annotated_target_pair	no_annotated_target_pair	no_annotated_target_pair	69-70	69-70	69-70	yes	yes	Rfam.seed.gz	15.1
RF00442__5U3G_B__7MLW_F	target	RF00442__7MLW_F	RF00442__5U3G_B	114	116	s33	stack	stack	no	no_annotated_target_pair	no_annotated_target_pair	no_annotated_target_pair	70-72	70-72	70-72	yes	yes	Rfam.seed.gz	15.1
RF00442__5U3G_B__7MLW_F	target	RF00442__7MLW_F	RF00442__5U3G_B	115	116	s35	stack	stack	no	exact_class_preserved	exact_class_preserved	exact_class_preserved	71-72	71-72	71-72	yes	no	Rfam.seed.gz	15.1
RF00442__5U3G_B__7MLW_F	target	RF00442__7MLW_F	RF00442__5U3G_B	116	117	s35	stack	stack	no	exact_class_preserved	exact_class_preserved	exact_class_preserved	72-73	72-73	72-73	yes	no	Rfam.seed.gz	15.1
RF00442__5U3G_B__7MLW_F	target	RF00442__7MLW_F	RF00442__5U3G_B	117	118	s35	stack	stack	no	exact_class_preserved	exact_class_preserved	exact_class_preserved	73-74	73-74	73-74	yes	no	Rfam.seed.gz	15.1
RF00442__5U3G_B__7MLW_F	target	RF00442__7MLW_F	RF00442__5U3G_B	118	120	s35	stack	stack	no	exact_class_preserved	exact_class_preserved	exact_class_preserved	74-76	74-76	74-76	yes	no	Rfam.seed.gz	15.1
RF00442__5U3G_B__7MLW_F	target	RF00442__7MLW_F	RF00442__5U3G_B	120	121	s35	stack	stack	no	exact_class_preserved	exact_class_preserved	exact_class_preserved	76-77	76-77	76-77	yes	no	Rfam.seed.gz	15.1
RF00442__5U3G_B__7MLW_F	target	RF00442__7MLW_F	RF00442__5U3G_B	121	122	s35	stack	stack	no	exact_class_preserved	exact_class_preserved	exact_class_preserved	77-78	77-78	77-78	yes	no	Rfam.seed.gz	15.1
RF00442__5U3G_B__7MLW_F	target	RF00442__7MLW_F	RF00442__5U3G_B	122	123	s33	stack	stack	no	exact_class_preserved	exact_class_preserved	exact_class_preserved	78-79	78-79	78-79	yes	no	Rfam.seed.gz	15.1
RF00442__5U3G_B__7MLW_F	target	RF00442__7MLW_F	RF00442__5U3G_B	123	125	s55	stack	stack	no	exact_class_preserved	exact_class_preserved	exact_class_preserved	79-81	79-81	79-81	yes	no	Rfam.seed.gz	15.1
RF00442__5U3G_B__7MLW_F	target	RF00442__7MLW_F	RF00442__5U3G_B	125	126	s35	stack	stack	no	exact_class_preserved	exact_class_preserved	exact_class_preserved	81-82	81-82	81-82	yes	no	Rfam.seed.gz	15.1
RF00442__5U3G_B__7MLW_F	target	RF00442__7MLW_F	RF00442__5U3G_B	126	127	s35	stack	stack	no	exact_class_preserved	exact_class_preserved	exact_class_preserved	82-83	82-83	82-83	yes	no	Rfam.seed.gz	15.1
RF00442__5U3G_B__7MLW_F	target	RF00442__7MLW_F	RF00442__5U3G_B	127	128	s35	stack	stack	no	exact_class_preserved	exact_class_preserved	exact_class_preserved	83-84	83-84	83-84	yes	no	Rfam.seed.gz	15.1
RF00522__3FU2_A__6VUI_A	query	RF00522__3FU2_A	RF00522__6VUI_A	1	22	cWW	canonical	basepair	no	exact_class_preserved	exact_class_preserved	exact_class_preserved	1-20	1-20	1-20	yes	no	Rfam.seed.gz	15.1
RF00522__3FU2_A__6VUI_A	query	RF00522__3FU2_A	RF00522__6VUI_A	2	21	cWW	canonical	basepair	no	exact_class_preserved	exact_class_preserved	exact_class_preserved	2-19	2-19	2-19	yes	no	Rfam.seed.gz	15.1
RF00522__3FU2_A__6VUI_A	query	RF00522__3FU2_A	RF00522__6VUI_A	3	20	cWW	canonical	basepair	no	exact_class_preserved	exact_class_preserved	exact_class_preserved	3-18	3-18	3-18	yes	no	Rfam.seed.gz	15.1
RF00522__3FU2_A__6VUI_A	query	RF00522__3FU2_A	RF00522__6VUI_A	4	19	cWW	canonical	basepair	no	exact_class_preserved	exact_class_preserved	exact_class_preserved	4-17	4-17	4-17	yes	no	Rfam.seed.gz	15.1
RF00522__3FU2_A__6VUI_A	query	RF00522__3FU2_A	RF00522__6VUI_A	5	18	cWW	canonical	basepair	no	exact_class_preserved	exact_class_preserved	exact_class_preserved	5-16	5-16	5-16	yes	no	Rfam.seed.gz	15.1
RF00522__3FU2_A__6VUI_A	query	RF00522__3FU2_A	RF00522__6VUI_A	5	28	tSW	noncanonical	basepair	no	exact_class_preserved	exact_class_preserved	exact_class_preserved	5-27	5-27	5-27	yes	no	Rfam.seed.gz	15.1
RF00522__3FU2_A__6VUI_A	query	RF00522__3FU2_A	RF00522__6VUI_A	6	29	cWH	noncanonical	basepair	no	exact_class_preserved	exact_class_preserved	exact_class_preserved	6-28	6-28	6-28	yes	no	Rfam.seed.gz	15.1
RF00522__3FU2_A__6VUI_A	query	RF00522__3FU2_A	RF00522__6VUI_A	7	30	cWH	noncanonical	basepair	no	unmapped_endpoint	no_annotated_target_pair	no_annotated_target_pair	None-29	7-29	7-29	no	no	Rfam.seed.gz	15.1
RF00522__3FU2_A__6VUI_A	query	RF00522__3FU2_A	RF00522__6VUI_A	9	33	cWW	canonical	basepair	no	no_annotated_target_pair	exact_class_preserved	no_annotated_target_pair	9-31	9-33	9-32	yes	no	Rfam.seed.gz	15.1
RF00522__3FU2_A__6VUI_A	query	RF00522__3FU2_A	RF00522__6VUI_A	10	32	cWW	canonical	basepair	no	unmapped_endpoint	different_class	different_class	10-None	10-32	10-31	no	no	Rfam.seed.gz	15.1
RF00522__3FU2_A__6VUI_A	query	RF00522__3FU2_A	RF00522__6VUI_A	11	31	cWW	canonical	basepair	no	exact_class_preserved	exact_class_preserved	exact_class_preserved	11-30	11-30	11-30	yes	no	Rfam.seed.gz	15.1
RF00522__3FU2_A__6VUI_A	query	RF00522__3FU2_A	RF00522__6VUI_A	11	16	tSW	noncanonical	basepair	no	exact_class_preserved	exact_class_preserved	exact_class_preserved	11-14	11-14	11-14	yes	no	Rfam.seed.gz	15.1
RF00522__3FU2_A__6VUI_A	query	RF00522__3FU2_A	RF00522__6VUI_A	18	29	cSW	noncanonical	basepair	no	exact_class_preserved	exact_class_preserved	exact_class_preserved	16-28	16-28	16-28	yes	no	Rfam.seed.gz	15.1
RF00522__3FU2_A__6VUI_A	query	RF00522__3FU2_A	RF00522__6VUI_A	19	27	cSW	noncanonical	basepair	no	exact_class_preserved	exact_class_preserved	exact_class_preserved	17-26	17-26	17-26	yes	no	Rfam.seed.gz	15.1
RF00522__3FU2_A__6VUI_A	query	RF00522__3FU2_A	RF00522__6VUI_A	20	26	cSW	noncanonical	basepair	no	no_annotated_target_pair	no_annotated_target_pair	no_annotated_target_pair	18-25	18-25	18-25	yes	no	Rfam.seed.gz	15.1
RF00522__3FU2_A__6VUI_A	query	RF00522__3FU2_A	RF00522__6VUI_A	21	25	cSW	noncanonical	basepair	no	no_annotated_target_pair	no_annotated_target_pair	no_annotated_target_pair	19-24	19-24	19-24	yes	no	Rfam.seed.gz	15.1
RF00522__3FU2_A__6VUI_A	query	RF00522__3FU2_A	RF00522__6VUI_A	1	2	s35	stack	stack	no	exact_class_preserved	exact_class_preserved	exact_class_preserved	1-2	1-2	1-2	yes	no	Rfam.seed.gz	15.1
RF00522__3FU2_A__6VUI_A	query	RF00522__3FU2_A	RF00522__6VUI_A	2	3	s35	stack	stack	no	exact_class_preserved	exact_class_preserved	exact_class_preserved	2-3	2-3	2-3	yes	no	Rfam.seed.gz	15.1
RF00522__3FU2_A__6VUI_A	query	RF00522__3FU2_A	RF00522__6VUI_A	2	22	s55	stack	stack	no	exact_class_preserved	exact_class_preserved	exact_class_preserved	2-20	2-20	2-20	yes	no	Rfam.seed.gz	15.1
RF00522__3FU2_A__6VUI_A	query	RF00522__3FU2_A	RF00522__6VUI_A	3	4	s35	stack	stack	no	exact_class_preserved	exact_class_preserved	exact_class_preserved	3-4	3-4	3-4	yes	no	Rfam.seed.gz	15.1
RF00522__3FU2_A__6VUI_A	query	RF00522__3FU2_A	RF00522__6VUI_A	4	5	s35	stack	stack	no	exact_class_preserved	exact_class_preserved	exact_class_preserved	4-5	4-5	4-5	yes	no	Rfam.seed.gz	15.1
RF00522__3FU2_A__6VUI_A	query	RF00522__3FU2_A	RF00522__6VUI_A	4	20	s55	stack	stack	no	exact_class_preserved	exact_class_preserved	exact_class_preserved	4-18	4-18	4-18	yes	no	Rfam.seed.gz	15.1
RF00522__3FU2_A__6VUI_A	query	RF00522__3FU2_A	RF00522__6VUI_A	5	19	s55	stack	stack	no	exact_class_preserved	exact_class_preserved	exact_class_preserved	5-17	5-17	5-17	yes	no	Rfam.seed.gz	15.1
RF00522__3FU2_A__6VUI_A	query	RF00522__3FU2_A	RF00522__6VUI_A	6	7	s35	stack	stack	no	unmapped_endpoint	exact_class_preserved	exact_class_preserved	6-None	6-7	6-7	no	no	Rfam.seed.gz	15.1
RF00522__3FU2_A__6VUI_A	query	RF00522__3FU2_A	RF00522__6VUI_A	6	28	s53	stack	stack	no	exact_class_preserved	exact_class_preserved	exact_class_preserved	6-27	6-27	6-27	yes	no	Rfam.seed.gz	15.1
RF00522__3FU2_A__6VUI_A	query	RF00522__3FU2_A	RF00522__6VUI_A	7	29	ns53	stack	stack	no	unmapped_endpoint	no_annotated_target_pair	no_annotated_target_pair	None-28	7-28	7-28	no	no	Rfam.seed.gz	15.1
RF00522__3FU2_A__6VUI_A	query	RF00522__3FU2_A	RF00522__6VUI_A	8	9	s35	stack	stack	no	no_annotated_target_pair	no_annotated_target_pair	no_annotated_target_pair	7-9	8-9	8-9	yes	no	Rfam.seed.gz	15.1
RF00522__3FU2_A__6VUI_A	query	RF00522__3FU2_A	RF00522__6VUI_A	9	10	s35	stack	stack	no	exact_class_preserved	exact_class_preserved	exact_class_preserved	9-10	9-10	9-10	yes	no	Rfam.seed.gz	15.1
RF00522__3FU2_A__6VUI_A	query	RF00522__3FU2_A	RF00522__6VUI_A	10	11	s35	stack	stack	no	no_annotated_target_pair	no_annotated_target_pair	no_annotated_target_pair	10-11	10-11	10-11	yes	no	Rfam.seed.gz	15.1
RF00522__3FU2_A__6VUI_A	query	RF00522__3FU2_A	RF00522__6VUI_A	10	33	s55	stack	stack	no	different_class	exact_class_preserved	different_class	10-31	10-33	10-32	yes	no	Rfam.seed.gz	15.1
RF00522__3FU2_A__6VUI_A	query	RF00522__3FU2_A	RF00522__6VUI_A	11	32	s55	stack	stack	no	unmapped_endpoint	no_annotated_target_pair	exact_class_preserved	11-None	11-32	11-31	no	no	Rfam.seed.gz	15.1
RF00522__3FU2_A__6VUI_A	query	RF00522__3FU2_A	RF00522__6VUI_A	15	16	s35	stack	stack	no	unmapped_endpoint	no_annotated_target_pair	no_annotated_target_pair	None-14	13-14	13-14	no	no	Rfam.seed.gz	15.1
RF00522__3FU2_A__6VUI_A	query	RF00522__3FU2_A	RF00522__6VUI_A	16	17	s35	stack	stack	no	exact_class_preserved	exact_class_preserved	exact_class_preserved	14-15	14-15	14-15	yes	no	Rfam.seed.gz	15.1
RF00522__3FU2_A__6VUI_A	query	RF00522__3FU2_A	RF00522__6VUI_A	17	18	ns35	stack	stack	no	exact_class_preserved	exact_class_preserved	exact_class_preserved	15-16	15-16	15-16	yes	no	Rfam.seed.gz	15.1
RF00522__3FU2_A__6VUI_A	query	RF00522__3FU2_A	RF00522__6VUI_A	18	19	s35	stack	stack	no	exact_class_preserved	exact_class_preserved	exact_class_preserved	16-17	16-17	16-17	yes	no	Rfam.seed.gz	15.1
RF00522__3FU2_A__6VUI_A	query	RF00522__3FU2_A	RF00522__6VUI_A	19	20	s35	stack	stack	no	exact_class_preserved	exact_class_preserved	exact_class_preserved	17-18	17-18	17-18	yes	no	Rfam.seed.gz	15.1
RF00522__3FU2_A__6VUI_A	query	RF00522__3FU2_A	RF00522__6VUI_A	20	21	s35	stack	stack	no	exact_class_preserved	exact_class_preserved	exact_class_preserved	18-19	18-19	18-19	yes	no	Rfam.seed.gz	15.1
RF00522__3FU2_A__6VUI_A	query	RF00522__3FU2_A	RF00522__6VUI_A	21	22	s35	stack	stack	no	exact_class_preserved	exact_class_preserved	exact_class_preserved	19-20	19-20	19-20	yes	no	Rfam.seed.gz	15.1
RF00522__3FU2_A__6VUI_A	query	RF00522__3FU2_A	RF00522__6VUI_A	23	24	s53	stack	stack	no	no_annotated_target_pair	no_annotated_target_pair	no_annotated_target_pair	22-23	21-22	21-22	yes	no	Rfam.seed.gz	15.1
RF00522__3FU2_A__6VUI_A	query	RF00522__3FU2_A	RF00522__6VUI_A	24	25	s55	stack	stack	no	no_annotated_target_pair	no_annotated_target_pair	no_annotated_target_pair	23-24	22-24	22-24	yes	no	Rfam.seed.gz	15.1
RF00522__3FU2_A__6VUI_A	query	RF00522__3FU2_A	RF00522__6VUI_A	25	26	s35	stack	stack	no	exact_class_preserved	exact_class_preserved	exact_class_preserved	24-25	24-25	24-25	yes	no	Rfam.seed.gz	15.1
RF00522__3FU2_A__6VUI_A	query	RF00522__3FU2_A	RF00522__6VUI_A	26	27	ns35	stack	stack	no	different_class	different_class	different_class	25-26	25-26	25-26	yes	no	Rfam.seed.gz	15.1
RF00522__3FU2_A__6VUI_A	query	RF00522__3FU2_A	RF00522__6VUI_A	27	28	s35	stack	stack	no	exact_class_preserved	exact_class_preserved	exact_class_preserved	26-27	26-27	26-27	yes	no	Rfam.seed.gz	15.1
RF00522__3FU2_A__6VUI_A	query	RF00522__3FU2_A	RF00522__6VUI_A	28	29	s35	stack	stack	no	exact_class_preserved	exact_class_preserved	exact_class_preserved	27-28	27-28	27-28	yes	no	Rfam.seed.gz	15.1
RF00522__3FU2_A__6VUI_A	query	RF00522__3FU2_A	RF00522__6VUI_A	29	30	s35	stack	stack	no	exact_class_preserved	exact_class_preserved	exact_class_preserved	28-29	28-29	28-29	yes	no	Rfam.seed.gz	15.1
RF00522__3FU2_A__6VUI_A	query	RF00522__3FU2_A	RF00522__6VUI_A	30	31	s35	stack	stack	no	exact_class_preserved	exact_class_preserved	exact_class_preserved	29-30	29-30	29-30	yes	no	Rfam.seed.gz	15.1
RF00522__3FU2_A__6VUI_A	query	RF00522__3FU2_A	RF00522__6VUI_A	31	32	s35	stack	stack	no	unmapped_endpoint	no_annotated_target_pair	exact_class_preserved	30-None	30-32	30-31	no	no	Rfam.seed.gz	15.1
RF00522__3FU2_A__6VUI_A	query	RF00522__3FU2_A	RF00522__6VUI_A	32	33	s35	stack	stack	no	unmapped_endpoint	different_class	no_annotated_target_pair	None-31	32-33	31-32	no	no	Rfam.seed.gz	15.1
RF00522__3FU2_A__6VUI_A	query	RF00522__3FU2_A	RF00522__6VUI_A	33	34	s35	stack	stack	no	no_annotated_target_pair	unmapped_endpoint	unmapped_endpoint	31-32	33-None	32-None	no	no	Rfam.seed.gz	15.1
RF00522__3FU2_A__6VUI_A	target	RF00522__6VUI_A	RF00522__3FU2_A	1	20	cWW	canonical	basepair	no	exact_class_preserved	exact_class_preserved	exact_class_preserved	1-22	1-22	1-22	yes	no	Rfam.seed.gz	15.1
RF00522__3FU2_A__6VUI_A	target	RF00522__6VUI_A	RF00522__3FU2_A	2	19	cWW	canonical	basepair	no	exact_class_preserved	exact_class_preserved	exact_class_preserved	2-21	2-21	2-21	yes	no	Rfam.seed.gz	15.1
RF00522__3FU2_A__6VUI_A	target	RF00522__6VUI_A	RF00522__3FU2_A	3	18	cWW	canonical	basepair	no	exact_class_preserved	exact_class_preserved	exact_class_preserved	3-20	3-20	3-20	yes	no	Rfam.seed.gz	15.1
RF00522__3FU2_A__6VUI_A	target	RF00522__6VUI_A	RF00522__3FU2_A	4	17	cWW	canonical	basepair	no	exact_class_preserved	exact_class_preserved	exact_class_preserved	4-19	4-19	4-19	yes	no	Rfam.seed.gz	15.1
RF00522__3FU2_A__6VUI_A	target	RF00522__6VUI_A	RF00522__3FU2_A	5	16	cWW	canonical	basepair	no	exact_class_preserved	exact_class_preserved	exact_class_preserved	5-18	5-18	5-18	yes	no	Rfam.seed.gz	15.1
RF00522__3FU2_A__6VUI_A	target	RF00522__6VUI_A	RF00522__3FU2_A	5	27	tSW	noncanonical	basepair	no	exact_class_preserved	exact_class_preserved	exact_class_preserved	5-28	5-28	5-28	yes	no	Rfam.seed.gz	15.1
RF00522__3FU2_A__6VUI_A	target	RF00522__6VUI_A	RF00522__3FU2_A	6	28	cWH	noncanonical	basepair	no	exact_class_preserved	exact_class_preserved	exact_class_preserved	6-29	6-29	6-29	yes	no	Rfam.seed.gz	15.1
RF00522__3FU2_A__6VUI_A	target	RF00522__6VUI_A	RF00522__3FU2_A	7	11	tWH	noncanonical	basepair	no	no_annotated_target_pair	no_annotated_target_pair	no_annotated_target_pair	8-11	7-11	7-11	yes	no	Rfam.seed.gz	15.1
RF00522__3FU2_A__6VUI_A	target	RF00522__6VUI_A	RF00522__3FU2_A	8	31	tSW	noncanonical	basepair	no	unmapped_endpoint	unmapped_endpoint	no_annotated_target_pair	None-33	8-None	8-32	no	no	Rfam.seed.gz	15.1
RF00522__3FU2_A__6VUI_A	target	RF00522__6VUI_A	RF00522__3FU2_A	9	33	cWW	canonical	basepair	no	unmapped_endpoint	exact_class_preserved	unmapped_endpoint	9-None	9-33	9-None	no	no	Rfam.seed.gz	15.1
RF00522__3FU2_A__6VUI_A	target	RF00522__6VUI_A	RF00522__3FU2_A	10	32	tSH	noncanonical	basepair	no	no_annotated_target_pair	different_class	different_class	10-34	10-32	10-33	yes	no	Rfam.seed.gz	15.1
RF00522__3FU2_A__6VUI_A	target	RF00522__6VUI_A	RF00522__3FU2_A	11	30	cWW	canonical	basepair	no	exact_class_preserved	exact_class_preserved	exact_class_preserved	11-31	11-31	11-31	yes	no	Rfam.seed.gz	15.1
RF00522__3FU2_A__6VUI_A	target	RF00522__6VUI_A	RF00522__3FU2_A	11	14	tSW	noncanonical	basepair	no	exact_class_preserved	exact_class_preserved	exact_class_preserved	11-16	11-16	11-16	yes	no	Rfam.seed.gz	15.1
RF00522__3FU2_A__6VUI_A	target	RF00522__6VUI_A	RF00522__3FU2_A	16	28	cSW	noncanonical	basepair	no	exact_class_preserved	exact_class_preserved	exact_class_preserved	18-29	18-29	18-29	yes	no	Rfam.seed.gz	15.1
RF00522__3FU2_A__6VUI_A	target	RF00522__6VUI_A	RF00522__3FU2_A	17	26	cSW	noncanonical	basepair	no	exact_class_preserved	exact_class_preserved	exact_class_preserved	19-27	19-27	19-27	yes	no	Rfam.seed.gz	15.1
RF00522__3FU2_A__6VUI_A	target	RF00522__6VUI_A	RF00522__3FU2_A	20	21	cSH	noncanonical	basepair	no	unmapped_endpoint	no_annotated_target_pair	no_annotated_target_pair	22-None	22-23	22-23	no	no	Rfam.seed.gz	15.1
RF00522__3FU2_A__6VUI_A	target	RF00522__6VUI_A	RF00522__3FU2_A	1	2	s35	stack	stack	no	exact_class_preserved	exact_class_preserved	exact_class_preserved	1-2	1-2	1-2	yes	no	Rfam.seed.gz	15.1
RF00522__3FU2_A__6VUI_A	target	RF00522__6VUI_A	RF00522__3FU2_A	2	3	s35	stack	stack	no	exact_class_preserved	exact_class_preserved	exact_class_preserved	2-3	2-3	2-3	yes	no	Rfam.seed.gz	15.1
RF00522__3FU2_A__6VUI_A	target	RF00522__6VUI_A	RF00522__3FU2_A	2	20	s55	stack	stack	no	exact_class_preserved	exact_class_preserved	exact_class_preserved	2-22	2-22	2-22	yes	no	Rfam.seed.gz	15.1
RF00522__3FU2_A__6VUI_A	target	RF00522__6VUI_A	RF00522__3FU2_A	3	4	s35	stack	stack	no	exact_class_preserved	exact_class_preserved	exact_class_preserved	3-4	3-4	3-4	yes	no	Rfam.seed.gz	15.1
RF00522__3FU2_A__6VUI_A	target	RF00522__6VUI_A	RF00522__3FU2_A	3	19	s55	stack	stack	no	no_annotated_target_pair	no_annotated_target_pair	no_annotated_target_pair	3-21	3-21	3-21	yes	no	Rfam.seed.gz	15.1
RF00522__3FU2_A__6VUI_A	target	RF00522__6VUI_A	RF00522__3FU2_A	4	5	s35	stack	stack	no	exact_class_preserved	exact_class_preserved	exact_class_preserved	4-5	4-5	4-5	yes	no	Rfam.seed.gz	15.1
RF00522__3FU2_A__6VUI_A	target	RF00522__6VUI_A	RF00522__3FU2_A	4	18	s55	stack	stack	no	exact_class_preserved	exact_class_preserved	exact_class_preserved	4-20	4-20	4-20	yes	no	Rfam.seed.gz	15.1
RF00522__3FU2_A__6VUI_A	target	RF00522__6VUI_A	RF00522__3FU2_A	5	17	s55	stack	stack	no	exact_class_preserved	exact_class_preserved	exact_class_preserved	5-19	5-19	5-19	yes	no	Rfam.seed.gz	15.1
RF00522__3FU2_A__6VUI_A	target	RF00522__6VUI_A	RF00522__3FU2_A	6	7	s35	stack	stack	no	no_annotated_target_pair	exact_class_preserved	exact_class_preserved	6-8	6-7	6-7	yes	no	Rfam.seed.gz	15.1
RF00522__3FU2_A__6VUI_A	target	RF00522__6VUI_A	RF00522__3FU2_A	6	27	s53	stack	stack	no	exact_class_preserved	exact_class_preserved	exact_class_preserved	6-28	6-28	6-28	yes	no	Rfam.seed.gz	15.1
RF00522__3FU2_A__6VUI_A	target	RF00522__6VUI_A	RF00522__3FU2_A	7	8	s35	stack	stack	no	unmapped_endpoint	no_annotated_target_pair	no_annotated_target_pair	8-None	7-8	7-8	no	no	Rfam.seed.gz	15.1
RF00522__3FU2_A__6VUI_A	target	RF00522__6VUI_A	RF00522__3FU2_A	8	10	ns33	stack	stack	no	unmapped_endpoint	no_annotated_target_pair	no_annotated_target_pair	None-10	8-10	8-10	no	no	Rfam.seed.gz	15.1
RF00522__3FU2_A__6VUI_A	target	RF00522__6VUI_A	RF00522__3FU2_A	8	11	s55	stack	stack	no	unmapped_endpoint	no_annotated_target_pair	no_annotated_target_pair	None-11	8-11	8-11	no	no	Rfam.seed.gz	15.1
RF00522__3FU2_A__6VUI_A	target	RF00522__6VUI_A	RF00522__3FU2_A	9	10	s35	stack	stack	no	exact_class_preserved	exact_class_preserved	exact_class_preserved	9-10	9-10	9-10	yes	no	Rfam.seed.gz	15.1
RF00522__3FU2_A__6VUI_A	target	RF00522__6VUI_A	RF00522__3FU2_A	10	31	s33	stack	stack	no	different_class	unmapped_endpoint	different_class	10-33	10-None	10-32	no	no	Rfam.seed.gz	15.1
RF00522__3FU2_A__6VUI_A	target	RF00522__6VUI_A	RF00522__3FU2_A	10	33	s55	stack	stack	no	unmapped_endpoint	exact_class_preserved	unmapped_endpoint	10-None	10-33	10-None	no	no	Rfam.seed.gz	15.1
RF00522__3FU2_A__6VUI_A	target	RF00522__6VUI_A	RF00522__3FU2_A	11	31	s55	stack	stack	no	no_annotated_target_pair	unmapped_endpoint	exact_class_preserved	11-33	11-None	11-32	no	no	Rfam.seed.gz	15.1
RF00522__3FU2_A__6VUI_A	target	RF00522__6VUI_A	RF00522__3FU2_A	14	15	s35	stack	stack	no	exact_class_preserved	exact_class_preserved	exact_class_preserved	16-17	16-17	16-17	yes	no	Rfam.seed.gz	15.1
RF00522__3FU2_A__6VUI_A	target	RF00522__6VUI_A	RF00522__3FU2_A	15	16	ns35	stack	stack	no	exact_class_preserved	exact_class_preserved	exact_class_preserved	17-18	17-18	17-18	yes	no	Rfam.seed.gz	15.1
RF00522__3FU2_A__6VUI_A	target	RF00522__6VUI_A	RF00522__3FU2_A	16	17	s35	stack	stack	no	exact_class_preserved	exact_class_preserved	exact_class_preserved	18-19	18-19	18-19	yes	no	Rfam.seed.gz	15.1
RF00522__3FU2_A__6VUI_A	target	RF00522__6VUI_A	RF00522__3FU2_A	17	18	s35	stack	stack	no	exact_class_preserved	exact_class_preserved	exact_class_preserved	19-20	19-20	19-20	yes	no	Rfam.seed.gz	15.1
RF00522__3FU2_A__6VUI_A	target	RF00522__6VUI_A	RF00522__3FU2_A	18	19	s35	stack	stack	no	exact_class_preserved	exact_class_preserved	exact_class_preserved	20-21	20-21	20-21	yes	no	Rfam.seed.gz	15.1
RF00522__3FU2_A__6VUI_A	target	RF00522__6VUI_A	RF00522__3FU2_A	19	20	s35	stack	stack	no	exact_class_preserved	exact_class_preserved	exact_class_preserved	21-22	21-22	21-22	yes	no	Rfam.seed.gz	15.1
RF00522__3FU2_A__6VUI_A	target	RF00522__6VUI_A	RF00522__3FU2_A	21	23	s55	stack	stack	no	unmapped_endpoint	unmapped_endpoint	unmapped_endpoint	None-24	23-None	23-None	no	no	Rfam.seed.gz	15.1
RF00522__3FU2_A__6VUI_A	target	RF00522__6VUI_A	RF00522__3FU2_A	24	25	s35	stack	stack	no	exact_class_preserved	exact_class_preserved	exact_class_preserved	25-26	25-26	25-26	yes	no	Rfam.seed.gz	15.1
RF00522__3FU2_A__6VUI_A	target	RF00522__6VUI_A	RF00522__3FU2_A	25	26	s35	stack	stack	no	different_class	different_class	different_class	26-27	26-27	26-27	yes	no	Rfam.seed.gz	15.1
RF00522__3FU2_A__6VUI_A	target	RF00522__6VUI_A	RF00522__3FU2_A	26	27	s35	stack	stack	no	exact_class_preserved	exact_class_preserved	exact_class_preserved	27-28	27-28	27-28	yes	no	Rfam.seed.gz	15.1
RF00522__3FU2_A__6VUI_A	target	RF00522__6VUI_A	RF00522__3FU2_A	27	28	s35	stack	stack	no	exact_class_preserved	exact_class_preserved	exact_class_preserved	28-29	28-29	28-29	yes	no	Rfam.seed.gz	15.1
RF00522__3FU2_A__6VUI_A	target	RF00522__6VUI_A	RF00522__3FU2_A	28	29	s35	stack	stack	no	exact_class_preserved	exact_class_preserved	exact_class_preserved	29-30	29-30	29-30	yes	no	Rfam.seed.gz	15.1
RF00522__3FU2_A__6VUI_A	target	RF00522__6VUI_A	RF00522__3FU2_A	29	30	s35	stack	stack	no	exact_class_preserved	exact_class_preserved	exact_class_preserved	30-31	30-31	30-31	yes	no	Rfam.seed.gz	15.1
RF00522__3FU2_A__6VUI_A	target	RF00522__6VUI_A	RF00522__3FU2_A	30	31	s35	stack	stack	no	no_annotated_target_pair	unmapped_endpoint	exact_class_preserved	31-33	31-None	31-32	no	no	Rfam.seed.gz	15.1
RF00522__3FU2_A__6VUI_A	target	RF00522__6VUI_A	RF00522__3FU2_A	32	33	ns35	stack	stack	no	unmapped_endpoint	different_class	unmapped_endpoint	34-None	32-33	33-None	no	no	Rfam.seed.gz	15.1
RF00522__3FU2_A__7REX_A	query	RF00522__3FU2_A	RF00522__7REX_A	1	22	cWW	canonical	basepair	no	no_annotated_target_pair	exact_class_preserved	exact_class_preserved	1-21	1-22	1-22	yes	no	Rfam.seed.gz	15.1
RF00522__3FU2_A__7REX_A	query	RF00522__3FU2_A	RF00522__7REX_A	2	21	cWW	canonical	basepair	no	no_annotated_target_pair	exact_class_preserved	exact_class_preserved	2-20	2-21	2-21	yes	no	Rfam.seed.gz	15.1
RF00522__3FU2_A__7REX_A	query	RF00522__3FU2_A	RF00522__7REX_A	3	20	cWW	canonical	basepair	no	no_annotated_target_pair	exact_class_preserved	exact_class_preserved	3-19	3-20	3-20	yes	no	Rfam.seed.gz	15.1
RF00522__3FU2_A__7REX_A	query	RF00522__3FU2_A	RF00522__7REX_A	4	19	cWW	canonical	basepair	no	no_annotated_target_pair	exact_class_preserved	exact_class_preserved	4-18	4-19	4-19	yes	no	Rfam.seed.gz	15.1
RF00522__3FU2_A__7REX_A	query	RF00522__3FU2_A	RF00522__7REX_A	5	18	cWW	canonical	basepair	no	no_annotated_target_pair	exact_class_preserved	exact_class_preserved	5-17	5-18	5-18	yes	no	Rfam.seed.gz	15.1
RF00522__3FU2_A__7REX_A	query	RF00522__3FU2_A	RF00522__7REX_A	5	28	tSW	noncanonical	basepair	no	exact_class_preserved	exact_class_preserved	exact_class_preserved	5-28	5-28	5-28	yes	no	Rfam.seed.gz	15.1
RF00522__3FU2_A__7REX_A	query	RF00522__3FU2_A	RF00522__7REX_A	6	29	cWH	noncanonical	basepair	no	exact_class_preserved	exact_class_preserved	exact_class_preserved	6-29	6-29	6-29	yes	no	Rfam.seed.gz	15.1
RF00522__3FU2_A__7REX_A	query	RF00522__3FU2_A	RF00522__7REX_A	7	30	cWH	noncanonical	basepair	no	exact_class_preserved	exact_class_preserved	exact_class_preserved	7-30	7-30	7-30	yes	no	Rfam.seed.gz	15.1
RF00522__3FU2_A__7REX_A	query	RF00522__3FU2_A	RF00522__7REX_A	9	33	cWW	canonical	basepair	no	no_annotated_target_pair	different_class	different_class	10-32	11-33	11-33	yes	no	Rfam.seed.gz	15.1
RF00522__3FU2_A__7REX_A	query	RF00522__3FU2_A	RF00522__7REX_A	10	32	cWW	canonical	basepair	no	unmapped_endpoint	different_class	different_class	11-None	12-32	12-32	no	no	Rfam.seed.gz	15.1
RF00522__3FU2_A__7REX_A	query	RF00522__3FU2_A	RF00522__7REX_A	11	31	cWW	canonical	basepair	no	no_annotated_target_pair	no_annotated_target_pair	no_annotated_target_pair	12-31	13-31	13-31	yes	no	Rfam.seed.gz	15.1
RF00522__3FU2_A__7REX_A	query	RF00522__3FU2_A	RF00522__7REX_A	11	16	tSW	noncanonical	basepair	no	no_annotated_target_pair	no_annotated_target_pair	no_annotated_target_pair	12-15	13-16	13-16	yes	no	Rfam.seed.gz	15.1
RF00522__3FU2_A__7REX_A	query	RF00522__3FU2_A	RF00522__7REX_A	18	29	cSW	noncanonical	basepair	no	no_annotated_target_pair	exact_class_preserved	exact_class_preserved	17-29	18-29	18-29	yes	no	Rfam.seed.gz	15.1
RF00522__3FU2_A__7REX_A	query	RF00522__3FU2_A	RF00522__7REX_A	19	27	cSW	noncanonical	basepair	no	no_annotated_target_pair	exact_class_preserved	exact_class_preserved	18-27	19-27	19-27	yes	no	Rfam.seed.gz	15.1
RF00522__3FU2_A__7REX_A	query	RF00522__3FU2_A	RF00522__7REX_A	20	26	cSW	noncanonical	basepair	no	no_annotated_target_pair	no_annotated_target_pair	no_annotated_target_pair	19-26	20-26	20-26	yes	no	Rfam.seed.gz	15.1
RF00522__3FU2_A__7REX_A	query	RF00522__3FU2_A	RF00522__7REX_A	21	25	cSW	noncanonical	basepair	no	no_annotated_target_pair	exact_class_preserved	exact_class_preserved	20-25	21-25	21-25	yes	no	Rfam.seed.gz	15.1
RF00522__3FU2_A__7REX_A	query	RF00522__3FU2_A	RF00522__7REX_A	1	2	s35	stack	stack	no	exact_class_preserved	exact_class_preserved	exact_class_preserved	1-2	1-2	1-2	yes	no	Rfam.seed.gz	15.1
RF00522__3FU2_A__7REX_A	query	RF00522__3FU2_A	RF00522__7REX_A	2	3	s35	stack	stack	no	exact_class_preserved	exact_class_preserved	exact_class_preserved	2-3	2-3	2-3	yes	no	Rfam.seed.gz	15.1
RF00522__3FU2_A__7REX_A	query	RF00522__3FU2_A	RF00522__7REX_A	2	22	s55	stack	stack	no	different_class	exact_class_preserved	exact_class_preserved	2-21	2-22	2-22	yes	no	Rfam.seed.gz	15.1
RF00522__3FU2_A__7REX_A	query	RF00522__3FU2_A	RF00522__7REX_A	3	4	s35	stack	stack	no	exact_class_preserved	exact_class_preserved	exact_class_preserved	3-4	3-4	3-4	yes	no	Rfam.seed.gz	15.1
RF00522__3FU2_A__7REX_A	query	RF00522__3FU2_A	RF00522__7REX_A	4	5	s35	stack	stack	no	exact_class_preserved	exact_class_preserved	exact_class_preserved	4-5	4-5	4-5	yes	no	Rfam.seed.gz	15.1
RF00522__3FU2_A__7REX_A	query	RF00522__3FU2_A	RF00522__7REX_A	4	20	s55	stack	stack	no	different_class	exact_class_preserved	exact_class_preserved	4-19	4-20	4-20	yes	no	Rfam.seed.gz	15.1
RF00522__3FU2_A__7REX_A	query	RF00522__3FU2_A	RF00522__7REX_A	5	19	s55	stack	stack	no	different_class	exact_class_preserved	exact_class_preserved	5-18	5-19	5-19	yes	no	Rfam.seed.gz	15.1
RF00522__3FU2_A__7REX_A	query	RF00522__3FU2_A	RF00522__7REX_A	6	7	s35	stack	stack	no	exact_class_preserved	exact_class_preserved	exact_class_preserved	6-7	6-7	6-7	yes	no	Rfam.seed.gz	15.1
RF00522__3FU2_A__7REX_A	query	RF00522__3FU2_A	RF00522__7REX_A	6	28	s53	stack	stack	no	exact_class_preserved	exact_class_preserved	exact_class_preserved	6-28	6-28	6-28	yes	no	Rfam.seed.gz	15.1
RF00522__3FU2_A__7REX_A	query	RF00522__3FU2_A	RF00522__7REX_A	7	29	ns53	stack	stack	no	no_annotated_target_pair	no_annotated_target_pair	no_annotated_target_pair	7-29	7-29	7-29	yes	no	Rfam.seed.gz	15.1
RF00522__3FU2_A__7REX_A	query	RF00522__3FU2_A	RF00522__7REX_A	8	9	s35	stack	stack	no	no_annotated_target_pair	no_annotated_target_pair	no_annotated_target_pair	8-10	8-11	8-11	yes	no	Rfam.seed.gz	15.1
RF00522__3FU2_A__7REX_A	query	RF00522__3FU2_A	RF00522__7REX_A	9	10	s35	stack	stack	no	exact_class_preserved	no_annotated_target_pair	no_annotated_target_pair	10-11	11-12	11-12	yes	no	Rfam.seed.gz	15.1
RF00522__3FU2_A__7REX_A	query	RF00522__3FU2_A	RF00522__7REX_A	10	11	s35	stack	stack	no	no_annotated_target_pair	no_annotated_target_pair	no_annotated_target_pair	11-12	12-13	12-13	yes	no	Rfam.seed.gz	15.1
RF00522__3FU2_A__7REX_A	query	RF00522__3FU2_A	RF00522__7REX_A	10	33	s55	stack	stack	no	no_annotated_target_pair	different_class	different_class	11-32	12-33	12-33	yes	no	Rfam.seed.gz	15.1
RF00522__3FU2_A__7REX_A	query	RF00522__3FU2_A	RF00522__7REX_A	11	32	s55	stack	stack	no	unmapped_endpoint	no_annotated_target_pair	no_annotated_target_pair	12-None	13-32	13-32	no	no	Rfam.seed.gz	15.1
RF00522__3FU2_A__7REX_A	query	RF00522__3FU2_A	RF00522__7REX_A	15	16	s35	stack	stack	no	unmapped_endpoint	exact_class_preserved	exact_class_preserved	None-15	15-16	15-16	no	no	Rfam.seed.gz	15.1
RF00522__3FU2_A__7REX_A	query	RF00522__3FU2_A	RF00522__7REX_A	16	17	s35	stack	stack	no	exact_class_preserved	exact_class_preserved	exact_class_preserved	15-16	16-17	16-17	yes	no	Rfam.seed.gz	15.1
RF00522__3FU2_A__7REX_A	query	RF00522__3FU2_A	RF00522__7REX_A	17	18	ns35	stack	stack	no	different_class	exact_class_preserved	exact_class_preserved	16-17	17-18	17-18	yes	no	Rfam.seed.gz	15.1
RF00522__3FU2_A__7REX_A	query	RF00522__3FU2_A	RF00522__7REX_A	18	19	s35	stack	stack	no	different_class	exact_class_preserved	exact_class_preserved	17-18	18-19	18-19	yes	no	Rfam.seed.gz	15.1
RF00522__3FU2_A__7REX_A	query	RF00522__3FU2_A	RF00522__7REX_A	19	20	s35	stack	stack	no	exact_class_preserved	exact_class_preserved	exact_class_preserved	18-19	19-20	19-20	yes	no	Rfam.seed.gz	15.1
RF00522__3FU2_A__7REX_A	query	RF00522__3FU2_A	RF00522__7REX_A	20	21	s35	stack	stack	no	exact_class_preserved	exact_class_preserved	exact_class_preserved	19-20	20-21	20-21	yes	no	Rfam.seed.gz	15.1
RF00522__3FU2_A__7REX_A	query	RF00522__3FU2_A	RF00522__7REX_A	21	22	s35	stack	stack	no	exact_class_preserved	exact_class_preserved	exact_class_preserved	20-21	21-22	21-22	yes	no	Rfam.seed.gz	15.1
RF00522__3FU2_A__7REX_A	query	RF00522__3FU2_A	RF00522__7REX_A	23	24	s53	stack	stack	no	different_class	different_class	different_class	23-24	23-24	23-24	yes	no	Rfam.seed.gz	15.1
RF00522__3FU2_A__7REX_A	query	RF00522__3FU2_A	RF00522__7REX_A	24	25	s55	stack	stack	no	different_class	different_class	different_class	24-25	24-25	24-25	yes	no	Rfam.seed.gz	15.1
RF00522__3FU2_A__7REX_A	query	RF00522__3FU2_A	RF00522__7REX_A	25	26	s35	stack	stack	no	different_class	different_class	different_class	25-26	25-26	25-26	yes	no	Rfam.seed.gz	15.1
RF00522__3FU2_A__7REX_A	query	RF00522__3FU2_A	RF00522__7REX_A	26	27	ns35	stack	stack	no	exact_class_preserved	exact_class_preserved	exact_class_preserved	26-27	26-27	26-27	yes	no	Rfam.seed.gz	15.1
RF00522__3FU2_A__7REX_A	query	RF00522__3FU2_A	RF00522__7REX_A	27	28	s35	stack	stack	no	exact_class_preserved	exact_class_preserved	exact_class_preserved	27-28	27-28	27-28	yes	no	Rfam.seed.gz	15.1
RF00522__3FU2_A__7REX_A	query	RF00522__3FU2_A	RF00522__7REX_A	28	29	s35	stack	stack	no	exact_class_preserved	exact_class_preserved	exact_class_preserved	28-29	28-29	28-29	yes	no	Rfam.seed.gz	15.1
RF00522__3FU2_A__7REX_A	query	RF00522__3FU2_A	RF00522__7REX_A	29	30	s35	stack	stack	no	exact_class_preserved	exact_class_preserved	exact_class_preserved	29-30	29-30	29-30	yes	no	Rfam.seed.gz	15.1
RF00522__3FU2_A__7REX_A	query	RF00522__3FU2_A	RF00522__7REX_A	30	31	s35	stack	stack	no	exact_class_preserved	exact_class_preserved	exact_class_preserved	30-31	30-31	30-31	yes	no	Rfam.seed.gz	15.1
RF00522__3FU2_A__7REX_A	query	RF00522__3FU2_A	RF00522__7REX_A	31	32	s35	stack	stack	no	unmapped_endpoint	exact_class_preserved	exact_class_preserved	31-None	31-32	31-32	no	no	Rfam.seed.gz	15.1
RF00522__3FU2_A__7REX_A	query	RF00522__3FU2_A	RF00522__7REX_A	32	33	s35	stack	stack	no	unmapped_endpoint	exact_class_preserved	exact_class_preserved	None-32	32-33	32-33	no	no	Rfam.seed.gz	15.1
RF00522__3FU2_A__7REX_A	query	RF00522__3FU2_A	RF00522__7REX_A	33	34	s35	stack	stack	no	exact_class_preserved	no_annotated_target_pair	no_annotated_target_pair	32-33	33-34	33-34	yes	no	Rfam.seed.gz	15.1
RF00522__3FU2_A__7REX_A	target	RF00522__7REX_A	RF00522__3FU2_A	1	22	cWW	canonical	basepair	no	unmapped_endpoint	exact_class_preserved	exact_class_preserved	1-None	1-22	1-22	no	no	Rfam.seed.gz	15.1
RF00522__3FU2_A__7REX_A	target	RF00522__7REX_A	RF00522__3FU2_A	2	21	cWW	canonical	basepair	no	different_class	exact_class_preserved	exact_class_preserved	2-22	2-21	2-21	yes	no	Rfam.seed.gz	15.1
RF00522__3FU2_A__7REX_A	target	RF00522__7REX_A	RF00522__3FU2_A	3	20	cWW	canonical	basepair	no	no_annotated_target_pair	exact_class_preserved	exact_class_preserved	3-21	3-20	3-20	yes	no	Rfam.seed.gz	15.1
RF00522__3FU2_A__7REX_A	target	RF00522__7REX_A	RF00522__3FU2_A	4	19	cWW	canonical	basepair	no	different_class	exact_class_preserved	exact_class_preserved	4-20	4-19	4-19	yes	no	Rfam.seed.gz	15.1
RF00522__3FU2_A__7REX_A	target	RF00522__7REX_A	RF00522__3FU2_A	5	18	cWW	canonical	basepair	no	different_class	exact_class_preserved	exact_class_preserved	5-19	5-18	5-18	yes	no	Rfam.seed.gz	15.1
RF00522__3FU2_A__7REX_A	target	RF00522__7REX_A	RF00522__3FU2_A	5	28	tSW	noncanonical	basepair	no	exact_class_preserved	exact_class_preserved	exact_class_preserved	5-28	5-28	5-28	yes	no	Rfam.seed.gz	15.1
RF00522__3FU2_A__7REX_A	target	RF00522__7REX_A	RF00522__3FU2_A	6	29	cWH	noncanonical	basepair	no	exact_class_preserved	exact_class_preserved	exact_class_preserved	6-29	6-29	6-29	yes	no	Rfam.seed.gz	15.1
RF00522__3FU2_A__7REX_A	target	RF00522__7REX_A	RF00522__3FU2_A	7	30	cWH	noncanonical	basepair	no	exact_class_preserved	exact_class_preserved	exact_class_preserved	7-30	7-30	7-30	yes	no	Rfam.seed.gz	15.1
RF00522__3FU2_A__7REX_A	target	RF00522__7REX_A	RF00522__3FU2_A	8	12	tWW	noncanonical	basepair	no	no_annotated_target_pair	no_annotated_target_pair	no_annotated_target_pair	8-11	8-10	8-10	yes	no	Rfam.seed.gz	15.1
RF00522__3FU2_A__7REX_A	target	RF00522__7REX_A	RF00522__3FU2_A	9	33	tSW	noncanonical	basepair	no	unmapped_endpoint	unmapped_endpoint	unmapped_endpoint	None-34	None-33	None-33	no	no	Rfam.seed.gz	15.1
RF00522__3FU2_A__7REX_A	target	RF00522__7REX_A	RF00522__3FU2_A	12	32	cHW	noncanonical	basepair	no	no_annotated_target_pair	different_class	different_class	11-33	10-32	10-32	yes	no	Rfam.seed.gz	15.1
RF00522__3FU2_A__7REX_A	target	RF00522__7REX_A	RF00522__3FU2_A	18	29	cSW	noncanonical	basepair	no	no_annotated_target_pair	exact_class_preserved	exact_class_preserved	19-29	18-29	18-29	yes	no	Rfam.seed.gz	15.1
RF00522__3FU2_A__7REX_A	target	RF00522__7REX_A	RF00522__3FU2_A	19	27	cSW	noncanonical	basepair	no	no_annotated_target_pair	exact_class_preserved	exact_class_preserved	20-27	19-27	19-27	yes	no	Rfam.seed.gz	15.1
RF00522__3FU2_A__7REX_A	target	RF00522__7REX_A	RF00522__3FU2_A	21	25	cSW	noncanonical	basepair	no	no_annotated_target_pair	exact_class_preserved	exact_class_preserved	22-25	21-25	21-25	yes	no	Rfam.seed.gz	15.1
RF00522__3FU2_A__7REX_A	target	RF00522__7REX_A	RF00522__3FU2_A	1	2	s35	stack	stack	no	exact_class_preserved	exact_class_preserved	exact_class_preserved	1-2	1-2	1-2	yes	no	Rfam.seed.gz	15.1
RF00522__3FU2_A__7REX_A	target	RF00522__7REX_A	RF00522__3FU2_A	2	3	s35	stack	stack	no	exact_class_preserved	exact_class_preserved	exact_class_preserved	2-3	2-3	2-3	yes	no	Rfam.seed.gz	15.1
RF00522__3FU2_A__7REX_A	target	RF00522__7REX_A	RF00522__3FU2_A	2	22	s55	stack	stack	no	unmapped_endpoint	exact_class_preserved	exact_class_preserved	2-None	2-22	2-22	no	no	Rfam.seed.gz	15.1
RF00522__3FU2_A__7REX_A	target	RF00522__7REX_A	RF00522__3FU2_A	3	4	s35	stack	stack	no	exact_class_preserved	exact_class_preserved	exact_class_preserved	3-4	3-4	3-4	yes	no	Rfam.seed.gz	15.1
RF00522__3FU2_A__7REX_A	target	RF00522__7REX_A	RF00522__3FU2_A	4	5	s35	stack	stack	no	exact_class_preserved	exact_class_preserved	exact_class_preserved	4-5	4-5	4-5	yes	no	Rfam.seed.gz	15.1
RF00522__3FU2_A__7REX_A	target	RF00522__7REX_A	RF00522__3FU2_A	4	20	s55	stack	stack	no	no_annotated_target_pair	exact_class_preserved	exact_class_preserved	4-21	4-20	4-20	yes	no	Rfam.seed.gz	15.1
RF00522__3FU2_A__7REX_A	target	RF00522__7REX_A	RF00522__3FU2_A	5	19	s55	stack	stack	no	no_annotated_target_pair	exact_class_preserved	exact_class_preserved	5-20	5-19	5-19	yes	no	Rfam.seed.gz	15.1
RF00522__3FU2_A__7REX_A	target	RF00522__7REX_A	RF00522__3FU2_A	6	7	s35	stack	stack	no	exact_class_preserved	exact_class_preserved	exact_class_preserved	6-7	6-7	6-7	yes	no	Rfam.seed.gz	15.1
RF00522__3FU2_A__7REX_A	target	RF00522__7REX_A	RF00522__3FU2_A	6	28	s53	stack	stack	no	exact_class_preserved	exact_class_preserved	exact_class_preserved	6-28	6-28	6-28	yes	no	Rfam.seed.gz	15.1
RF00522__3FU2_A__7REX_A	target	RF00522__7REX_A	RF00522__3FU2_A	7	8	s35	stack	stack	no	no_annotated_target_pair	no_annotated_target_pair	no_annotated_target_pair	7-8	7-8	7-8	yes	no	Rfam.seed.gz	15.1
RF00522__3FU2_A__7REX_A	target	RF00522__7REX_A	RF00522__3FU2_A	8	9	s35	stack	stack	no	unmapped_endpoint	unmapped_endpoint	unmapped_endpoint	8-None	8-None	8-None	no	no	Rfam.seed.gz	15.1
RF00522__3FU2_A__7REX_A	target	RF00522__7REX_A	RF00522__3FU2_A	9	11	ns33	stack	stack	no	unmapped_endpoint	unmapped_endpoint	unmapped_endpoint	None-10	None-9	None-9	no	no	Rfam.seed.gz	15.1
RF00522__3FU2_A__7REX_A	target	RF00522__7REX_A	RF00522__3FU2_A	9	12	s53	stack	stack	no	unmapped_endpoint	unmapped_endpoint	unmapped_endpoint	None-11	None-10	None-10	no	no	Rfam.seed.gz	15.1
RF00522__3FU2_A__7REX_A	target	RF00522__7REX_A	RF00522__3FU2_A	10	11	s35	stack	stack	no	exact_class_preserved	unmapped_endpoint	unmapped_endpoint	9-10	None-9	None-9	no	no	Rfam.seed.gz	15.1
RF00522__3FU2_A__7REX_A	target	RF00522__7REX_A	RF00522__3FU2_A	11	33	s33	stack	stack	no	no_annotated_target_pair	different_class	different_class	10-34	9-33	9-33	yes	no	Rfam.seed.gz	15.1
RF00522__3FU2_A__7REX_A	target	RF00522__7REX_A	RF00522__3FU2_A	12	33	s35	stack	stack	no	no_annotated_target_pair	different_class	different_class	11-34	10-33	10-33	yes	no	Rfam.seed.gz	15.1
RF00522__3FU2_A__7REX_A	target	RF00522__7REX_A	RF00522__3FU2_A	13	14	s35	stack	stack	no	target_endpoint_unobserved	no_annotated_target_pair	no_annotated_target_pair	12-13	11-12	11-12	no	no	Rfam.seed.gz	15.1
RF00522__3FU2_A__7REX_A	target	RF00522__7REX_A	RF00522__3FU2_A	14	15	ns35	stack	stack	no	target_endpoint_unobserved	no_annotated_target_pair	no_annotated_target_pair	13-16	12-15	12-15	no	no	Rfam.seed.gz	15.1
RF00522__3FU2_A__7REX_A	target	RF00522__7REX_A	RF00522__3FU2_A	15	16	s35	stack	stack	no	exact_class_preserved	exact_class_preserved	exact_class_preserved	16-17	15-16	15-16	yes	no	Rfam.seed.gz	15.1
RF00522__3FU2_A__7REX_A	target	RF00522__7REX_A	RF00522__3FU2_A	16	17	s35	stack	stack	no	different_class	exact_class_preserved	exact_class_preserved	17-18	16-17	16-17	yes	no	Rfam.seed.gz	15.1
RF00522__3FU2_A__7REX_A	target	RF00522__7REX_A	RF00522__3FU2_A	17	18	ns35	stack	stack	no	different_class	exact_class_preserved	exact_class_preserved	18-19	17-18	17-18	yes	no	Rfam.seed.gz	15.1
RF00522__3FU2_A__7REX_A	target	RF00522__7REX_A	RF00522__3FU2_A	18	19	s35	stack	stack	no	exact_class_preserved	exact_class_preserved	exact_class_preserved	19-20	18-19	18-19	yes	no	Rfam.seed.gz	15.1
RF00522__3FU2_A__7REX_A	target	RF00522__7REX_A	RF00522__3FU2_A	19	20	s35	stack	stack	no	exact_class_preserved	exact_class_preserved	exact_class_preserved	20-21	19-20	19-20	yes	no	Rfam.seed.gz	15.1
RF00522__3FU2_A__7REX_A	target	RF00522__7REX_A	RF00522__3FU2_A	20	21	s35	stack	stack	no	exact_class_preserved	exact_class_preserved	exact_class_preserved	21-22	20-21	20-21	yes	no	Rfam.seed.gz	15.1
RF00522__3FU2_A__7REX_A	target	RF00522__7REX_A	RF00522__3FU2_A	21	22	s35	stack	stack	no	unmapped_endpoint	exact_class_preserved	exact_class_preserved	22-None	21-22	21-22	no	no	Rfam.seed.gz	15.1
RF00522__3FU2_A__7REX_A	target	RF00522__7REX_A	RF00522__3FU2_A	23	24	s55	stack	stack	no	different_class	different_class	different_class	23-24	23-24	23-24	yes	no	Rfam.seed.gz	15.1
RF00522__3FU2_A__7REX_A	target	RF00522__7REX_A	RF00522__3FU2_A	24	25	s35	stack	stack	no	different_class	different_class	different_class	24-25	24-25	24-25	yes	no	Rfam.seed.gz	15.1
RF00522__3FU2_A__7REX_A	target	RF00522__7REX_A	RF00522__3FU2_A	25	26	ns35	stack	stack	no	different_class	different_class	different_class	25-26	25-26	25-26	yes	no	Rfam.seed.gz	15.1
RF00522__3FU2_A__7REX_A	target	RF00522__7REX_A	RF00522__3FU2_A	26	27	ns35	stack	stack	no	exact_class_preserved	exact_class_preserved	exact_class_preserved	26-27	26-27	26-27	yes	no	Rfam.seed.gz	15.1
RF00522__3FU2_A__7REX_A	target	RF00522__7REX_A	RF00522__3FU2_A	27	28	s35	stack	stack	no	exact_class_preserved	exact_class_preserved	exact_class_preserved	27-28	27-28	27-28	yes	no	Rfam.seed.gz	15.1
RF00522__3FU2_A__7REX_A	target	RF00522__7REX_A	RF00522__3FU2_A	28	29	s35	stack	stack	no	exact_class_preserved	exact_class_preserved	exact_class_preserved	28-29	28-29	28-29	yes	no	Rfam.seed.gz	15.1
RF00522__3FU2_A__7REX_A	target	RF00522__7REX_A	RF00522__3FU2_A	29	30	s35	stack	stack	no	exact_class_preserved	exact_class_preserved	exact_class_preserved	29-30	29-30	29-30	yes	no	Rfam.seed.gz	15.1
RF00522__3FU2_A__7REX_A	target	RF00522__7REX_A	RF00522__3FU2_A	30	31	s35	stack	stack	no	exact_class_preserved	exact_class_preserved	exact_class_preserved	30-31	30-31	30-31	yes	no	Rfam.seed.gz	15.1
RF00522__3FU2_A__7REX_A	target	RF00522__7REX_A	RF00522__3FU2_A	31	32	s35	stack	stack	no	no_annotated_target_pair	exact_class_preserved	exact_class_preserved	31-33	31-32	31-32	yes	no	Rfam.seed.gz	15.1
RF00522__3FU2_A__7REX_A	target	RF00522__7REX_A	RF00522__3FU2_A	32	33	s35	stack	stack	no	exact_class_preserved	exact_class_preserved	exact_class_preserved	33-34	32-33	32-33	yes	no	Rfam.seed.gz	15.1
RF00522__6VUI_A__7REX_A	query	RF00522__6VUI_A	RF00522__7REX_A	1	20	cWW	canonical	basepair	no	no_annotated_target_pair	exact_class_preserved	exact_class_preserved	1-21	1-22	1-22	yes	no	Rfam.seed.gz	15.1
RF00522__6VUI_A__7REX_A	query	RF00522__6VUI_A	RF00522__7REX_A	2	19	cWW	canonical	basepair	no	no_annotated_target_pair	exact_class_preserved	exact_class_preserved	2-20	2-21	2-21	yes	no	Rfam.seed.gz	15.1
RF00522__6VUI_A__7REX_A	query	RF00522__6VUI_A	RF00522__7REX_A	3	18	cWW	canonical	basepair	no	no_annotated_target_pair	exact_class_preserved	exact_class_preserved	3-19	3-20	3-20	yes	no	Rfam.seed.gz	15.1
RF00522__6VUI_A__7REX_A	query	RF00522__6VUI_A	RF00522__7REX_A	4	17	cWW	canonical	basepair	no	no_annotated_target_pair	exact_class_preserved	exact_class_preserved	4-18	4-19	4-19	yes	no	Rfam.seed.gz	15.1
RF00522__6VUI_A__7REX_A	query	RF00522__6VUI_A	RF00522__7REX_A	5	16	cWW	canonical	basepair	no	no_annotated_target_pair	exact_class_preserved	exact_class_preserved	5-17	5-18	5-18	yes	no	Rfam.seed.gz	15.1
RF00522__6VUI_A__7REX_A	query	RF00522__6VUI_A	RF00522__7REX_A	5	27	tSW	noncanonical	basepair	no	exact_class_preserved	exact_class_preserved	exact_class_preserved	5-28	5-28	5-28	yes	no	Rfam.seed.gz	15.1
RF00522__6VUI_A__7REX_A	query	RF00522__6VUI_A	RF00522__7REX_A	6	28	cWH	noncanonical	basepair	no	exact_class_preserved	exact_class_preserved	exact_class_preserved	6-29	6-29	6-29	yes	no	Rfam.seed.gz	15.1
RF00522__6VUI_A__7REX_A	query	RF00522__6VUI_A	RF00522__7REX_A	7	11	tWH	noncanonical	basepair	no	different_class	no_annotated_target_pair	no_annotated_target_pair	8-12	7-13	7-13	yes	no	Rfam.seed.gz	15.1
RF00522__6VUI_A__7REX_A	query	RF00522__6VUI_A	RF00522__7REX_A	8	31	tSW	noncanonical	basepair	no	no_annotated_target_pair	no_annotated_target_pair	no_annotated_target_pair	9-32	10-32	10-32	yes	no	Rfam.seed.gz	15.1
RF00522__6VUI_A__7REX_A	query	RF00522__6VUI_A	RF00522__7REX_A	9	33	cWW	canonical	basepair	no	no_annotated_target_pair	no_annotated_target_pair	no_annotated_target_pair	10-34	11-34	11-34	yes	no	Rfam.seed.gz	15.1
RF00522__6VUI_A__7REX_A	query	RF00522__6VUI_A	RF00522__7REX_A	10	32	tSH	noncanonical	basepair	no	different_class	different_class	different_class	11-33	12-33	12-33	yes	no	Rfam.seed.gz	15.1
RF00522__6VUI_A__7REX_A	query	RF00522__6VUI_A	RF00522__7REX_A	11	30	cWW	canonical	basepair	no	no_annotated_target_pair	no_annotated_target_pair	no_annotated_target_pair	12-31	13-31	13-31	yes	no	Rfam.seed.gz	15.1
RF00522__6VUI_A__7REX_A	query	RF00522__6VUI_A	RF00522__7REX_A	11	14	tSW	noncanonical	basepair	no	no_annotated_target_pair	no_annotated_target_pair	no_annotated_target_pair	12-15	13-16	13-16	yes	no	Rfam.seed.gz	15.1
RF00522__6VUI_A__7REX_A	query	RF00522__6VUI_A	RF00522__7REX_A	16	28	cSW	noncanonical	basepair	no	no_annotated_target_pair	exact_class_preserved	exact_class_preserved	17-29	18-29	18-29	yes	no	Rfam.seed.gz	15.1
RF00522__6VUI_A__7REX_A	query	RF00522__6VUI_A	RF00522__7REX_A	17	26	cSW	noncanonical	basepair	no	no_annotated_target_pair	exact_class_preserved	exact_class_preserved	18-27	19-27	19-27	yes	no	Rfam.seed.gz	15.1
RF00522__6VUI_A__7REX_A	query	RF00522__6VUI_A	RF00522__7REX_A	20	21	cSH	noncanonical	basepair	no	different_class	no_annotated_target_pair	no_annotated_target_pair	21-22	22-23	22-23	yes	no	Rfam.seed.gz	15.1
RF00522__6VUI_A__7REX_A	query	RF00522__6VUI_A	RF00522__7REX_A	1	2	s35	stack	stack	no	exact_class_preserved	exact_class_preserved	exact_class_preserved	1-2	1-2	1-2	yes	no	Rfam.seed.gz	15.1
RF00522__6VUI_A__7REX_A	query	RF00522__6VUI_A	RF00522__7REX_A	2	3	s35	stack	stack	no	exact_class_preserved	exact_class_preserved	exact_class_preserved	2-3	2-3	2-3	yes	no	Rfam.seed.gz	15.1
RF00522__6VUI_A__7REX_A	query	RF00522__6VUI_A	RF00522__7REX_A	2	20	s55	stack	stack	no	different_class	exact_class_preserved	exact_class_preserved	2-21	2-22	2-22	yes	no	Rfam.seed.gz	15.1
RF00522__6VUI_A__7REX_A	query	RF00522__6VUI_A	RF00522__7REX_A	3	4	s35	stack	stack	no	exact_class_preserved	exact_class_preserved	exact_class_preserved	3-4	3-4	3-4	yes	no	Rfam.seed.gz	15.1
RF00522__6VUI_A__7REX_A	query	RF00522__6VUI_A	RF00522__7REX_A	3	19	s55	stack	stack	no	different_class	no_annotated_target_pair	no_annotated_target_pair	3-20	3-21	3-21	yes	no	Rfam.seed.gz	15.1
RF00522__6VUI_A__7REX_A	query	RF00522__6VUI_A	RF00522__7REX_A	4	5	s35	stack	stack	no	exact_class_preserved	exact_class_preserved	exact_class_preserved	4-5	4-5	4-5	yes	no	Rfam.seed.gz	15.1
RF00522__6VUI_A__7REX_A	query	RF00522__6VUI_A	RF00522__7REX_A	4	18	s55	stack	stack	no	different_class	exact_class_preserved	exact_class_preserved	4-19	4-20	4-20	yes	no	Rfam.seed.gz	15.1
RF00522__6VUI_A__7REX_A	query	RF00522__6VUI_A	RF00522__7REX_A	5	17	s55	stack	stack	no	different_class	exact_class_preserved	exact_class_preserved	5-18	5-19	5-19	yes	no	Rfam.seed.gz	15.1
RF00522__6VUI_A__7REX_A	query	RF00522__6VUI_A	RF00522__7REX_A	6	7	s35	stack	stack	no	no_annotated_target_pair	exact_class_preserved	exact_class_preserved	6-8	6-7	6-7	yes	no	Rfam.seed.gz	15.1
RF00522__6VUI_A__7REX_A	query	RF00522__6VUI_A	RF00522__7REX_A	6	27	s53	stack	stack	no	exact_class_preserved	exact_class_preserved	exact_class_preserved	6-28	6-28	6-28	yes	no	Rfam.seed.gz	15.1
RF00522__6VUI_A__7REX_A	query	RF00522__6VUI_A	RF00522__7REX_A	7	8	s35	stack	stack	no	exact_class_preserved	no_annotated_target_pair	no_annotated_target_pair	8-9	7-10	7-10	yes	no	Rfam.seed.gz	15.1
RF00522__6VUI_A__7REX_A	query	RF00522__6VUI_A	RF00522__7REX_A	8	10	ns33	stack	stack	no	exact_class_preserved	no_annotated_target_pair	no_annotated_target_pair	9-11	10-12	10-12	yes	no	Rfam.seed.gz	15.1
RF00522__6VUI_A__7REX_A	query	RF00522__6VUI_A	RF00522__7REX_A	8	11	s55	stack	stack	no	different_class	no_annotated_target_pair	no_annotated_target_pair	9-12	10-13	10-13	yes	no	Rfam.seed.gz	15.1
RF00522__6VUI_A__7REX_A	query	RF00522__6VUI_A	RF00522__7REX_A	9	10	s35	stack	stack	no	exact_class_preserved	no_annotated_target_pair	no_annotated_target_pair	10-11	11-12	11-12	yes	no	Rfam.seed.gz	15.1
RF00522__6VUI_A__7REX_A	query	RF00522__6VUI_A	RF00522__7REX_A	10	31	s33	stack	stack	no	no_annotated_target_pair	different_class	different_class	11-32	12-32	12-32	yes	no	Rfam.seed.gz	15.1
RF00522__6VUI_A__7REX_A	query	RF00522__6VUI_A	RF00522__7REX_A	10	33	s55	stack	stack	no	no_annotated_target_pair	no_annotated_target_pair	no_annotated_target_pair	11-34	12-34	12-34	yes	no	Rfam.seed.gz	15.1
RF00522__6VUI_A__7REX_A	query	RF00522__6VUI_A	RF00522__7REX_A	11	31	s55	stack	stack	no	different_class	no_annotated_target_pair	no_annotated_target_pair	12-32	13-32	13-32	yes	no	Rfam.seed.gz	15.1
RF00522__6VUI_A__7REX_A	query	RF00522__6VUI_A	RF00522__7REX_A	14	15	s35	stack	stack	no	exact_class_preserved	exact_class_preserved	exact_class_preserved	15-16	16-17	16-17	yes	no	Rfam.seed.gz	15.1
RF00522__6VUI_A__7REX_A	query	RF00522__6VUI_A	RF00522__7REX_A	15	16	ns35	stack	stack	no	different_class	exact_class_preserved	exact_class_preserved	16-17	17-18	17-18	yes	no	Rfam.seed.gz	15.1
RF00522__6VUI_A__7REX_A	query	RF00522__6VUI_A	RF00522__7REX_A	16	17	s35	stack	stack	no	different_class	exact_class_preserved	exact_class_preserved	17-18	18-19	18-19	yes	no	Rfam.seed.gz	15.1
RF00522__6VUI_A__7REX_A	query	RF00522__6VUI_A	RF00522__7REX_A	17	18	s35	stack	stack	no	exact_class_preserved	exact_class_preserved	exact_class_preserved	18-19	19-20	19-20	yes	no	Rfam.seed.gz	15.1
RF00522__6VUI_A__7REX_A	query	RF00522__6VUI_A	RF00522__7REX_A	18	19	s35	stack	stack	no	exact_class_preserved	exact_class_preserved	exact_class_preserved	19-20	20-21	20-21	yes	no	Rfam.seed.gz	15.1
RF00522__6VUI_A__7REX_A	query	RF00522__6VUI_A	RF00522__7REX_A	19	20	s35	stack	stack	no	exact_class_preserved	exact_class_preserved	exact_class_preserved	20-21	21-22	21-22	yes	no	Rfam.seed.gz	15.1
RF00522__6VUI_A__7REX_A	query	RF00522__6VUI_A	RF00522__7REX_A	21	23	s55	stack	stack	no	no_annotated_target_pair	unmapped_endpoint	unmapped_endpoint	22-24	23-None	23-None	no	no	Rfam.seed.gz	15.1
RF00522__6VUI_A__7REX_A	query	RF00522__6VUI_A	RF00522__7REX_A	24	25	s35	stack	stack	no	different_class	different_class	different_class	25-26	25-26	25-26	yes	no	Rfam.seed.gz	15.1
RF00522__6VUI_A__7REX_A	query	RF00522__6VUI_A	RF00522__7REX_A	25	26	s35	stack	stack	no	different_class	different_class	different_class	26-27	26-27	26-27	yes	no	Rfam.seed.gz	15.1
RF00522__6VUI_A__7REX_A	query	RF00522__6VUI_A	RF00522__7REX_A	26	27	s35	stack	stack	no	exact_class_preserved	exact_class_preserved	exact_class_preserved	27-28	27-28	27-28	yes	no	Rfam.seed.gz	15.1
RF00522__6VUI_A__7REX_A	query	RF00522__6VUI_A	RF00522__7REX_A	27	28	s35	stack	stack	no	exact_class_preserved	exact_class_preserved	exact_class_preserved	28-29	28-29	28-29	yes	no	Rfam.seed.gz	15.1
RF00522__6VUI_A__7REX_A	query	RF00522__6VUI_A	RF00522__7REX_A	28	29	s35	stack	stack	no	exact_class_preserved	exact_class_preserved	exact_class_preserved	29-30	29-30	29-30	yes	no	Rfam.seed.gz	15.1
RF00522__6VUI_A__7REX_A	query	RF00522__6VUI_A	RF00522__7REX_A	29	30	s35	stack	stack	no	exact_class_preserved	exact_class_preserved	exact_class_preserved	30-31	30-31	30-31	yes	no	Rfam.seed.gz	15.1
RF00522__6VUI_A__7REX_A	query	RF00522__6VUI_A	RF00522__7REX_A	30	31	s35	stack	stack	no	exact_class_preserved	exact_class_preserved	exact_class_preserved	31-32	31-32	31-32	yes	no	Rfam.seed.gz	15.1
RF00522__6VUI_A__7REX_A	query	RF00522__6VUI_A	RF00522__7REX_A	32	33	ns35	stack	stack	no	no_annotated_target_pair	no_annotated_target_pair	no_annotated_target_pair	33-34	33-34	33-34	yes	no	Rfam.seed.gz	15.1
RF00522__6VUI_A__7REX_A	target	RF00522__7REX_A	RF00522__6VUI_A	1	22	cWW	canonical	basepair	no	no_annotated_target_pair	exact_class_preserved	exact_class_preserved	1-21	1-20	1-20	yes	no	Rfam.seed.gz	15.1
RF00522__6VUI_A__7REX_A	target	RF00522__7REX_A	RF00522__6VUI_A	2	21	cWW	canonical	basepair	no	different_class	exact_class_preserved	exact_class_preserved	2-20	2-19	2-19	yes	no	Rfam.seed.gz	15.1
RF00522__6VUI_A__7REX_A	target	RF00522__7REX_A	RF00522__6VUI_A	3	20	cWW	canonical	basepair	no	different_class	exact_class_preserved	exact_class_preserved	3-19	3-18	3-18	yes	no	Rfam.seed.gz	15.1
RF00522__6VUI_A__7REX_A	target	RF00522__7REX_A	RF00522__6VUI_A	4	19	cWW	canonical	basepair	no	different_class	exact_class_preserved	exact_class_preserved	4-18	4-17	4-17	yes	no	Rfam.seed.gz	15.1
RF00522__6VUI_A__7REX_A	target	RF00522__7REX_A	RF00522__6VUI_A	5	18	cWW	canonical	basepair	no	different_class	exact_class_preserved	exact_class_preserved	5-17	5-16	5-16	yes	no	Rfam.seed.gz	15.1
RF00522__6VUI_A__7REX_A	target	RF00522__7REX_A	RF00522__6VUI_A	5	28	tSW	noncanonical	basepair	no	exact_class_preserved	exact_class_preserved	exact_class_preserved	5-27	5-27	5-27	yes	no	Rfam.seed.gz	15.1
RF00522__6VUI_A__7REX_A	target	RF00522__7REX_A	RF00522__6VUI_A	6	29	cWH	noncanonical	basepair	no	exact_class_preserved	exact_class_preserved	exact_class_preserved	6-28	6-28	6-28	yes	no	Rfam.seed.gz	15.1
RF00522__6VUI_A__7REX_A	target	RF00522__7REX_A	RF00522__6VUI_A	7	30	cWH	noncanonical	basepair	no	unmapped_endpoint	no_annotated_target_pair	no_annotated_target_pair	None-29	7-29	7-29	no	no	Rfam.seed.gz	15.1
RF00522__6VUI_A__7REX_A	target	RF00522__7REX_A	RF00522__6VUI_A	8	12	tWW	noncanonical	basepair	no	different_class	unmapped_endpoint	unmapped_endpoint	7-11	None-10	None-10	no	no	Rfam.seed.gz	15.1
RF00522__6VUI_A__7REX_A	target	RF00522__7REX_A	RF00522__6VUI_A	9	33	tSW	noncanonical	basepair	no	no_annotated_target_pair	unmapped_endpoint	unmapped_endpoint	8-32	None-32	None-32	no	no	Rfam.seed.gz	15.1
RF00522__6VUI_A__7REX_A	target	RF00522__7REX_A	RF00522__6VUI_A	12	32	cHW	noncanonical	basepair	no	different_class	different_class	different_class	11-31	10-31	10-31	yes	no	Rfam.seed.gz	15.1
RF00522__6VUI_A__7REX_A	target	RF00522__7REX_A	RF00522__6VUI_A	18	29	cSW	noncanonical	basepair	no	no_annotated_target_pair	exact_class_preserved	exact_class_preserved	17-28	16-28	16-28	yes	no	Rfam.seed.gz	15.1
RF00522__6VUI_A__7REX_A	target	RF00522__7REX_A	RF00522__6VUI_A	19	27	cSW	noncanonical	basepair	no	no_annotated_target_pair	exact_class_preserved	exact_class_preserved	18-26	17-26	17-26	yes	no	Rfam.seed.gz	15.1
RF00522__6VUI_A__7REX_A	target	RF00522__7REX_A	RF00522__6VUI_A	21	25	cSW	noncanonical	basepair	no	no_annotated_target_pair	no_annotated_target_pair	no_annotated_target_pair	20-24	19-24	19-24	yes	no	Rfam.seed.gz	15.1
RF00522__6VUI_A__7REX_A	target	RF00522__7REX_A	RF00522__6VUI_A	1	2	s35	stack	stack	no	exact_class_preserved	exact_class_preserved	exact_class_preserved	1-2	1-2	1-2	yes	no	Rfam.seed.gz	15.1
RF00522__6VUI_A__7REX_A	target	RF00522__7REX_A	RF00522__6VUI_A	2	3	s35	stack	stack	no	exact_class_preserved	exact_class_preserved	exact_class_preserved	2-3	2-3	2-3	yes	no	Rfam.seed.gz	15.1
RF00522__6VUI_A__7REX_A	target	RF00522__7REX_A	RF00522__6VUI_A	2	22	s55	stack	stack	no	no_annotated_target_pair	exact_class_preserved	exact_class_preserved	2-21	2-20	2-20	yes	no	Rfam.seed.gz	15.1
RF00522__6VUI_A__7REX_A	target	RF00522__7REX_A	RF00522__6VUI_A	3	4	s35	stack	stack	no	exact_class_preserved	exact_class_preserved	exact_class_preserved	3-4	3-4	3-4	yes	no	Rfam.seed.gz	15.1
RF00522__6VUI_A__7REX_A	target	RF00522__7REX_A	RF00522__6VUI_A	4	5	s35	stack	stack	no	exact_class_preserved	exact_class_preserved	exact_class_preserved	4-5	4-5	4-5	yes	no	Rfam.seed.gz	15.1
RF00522__6VUI_A__7REX_A	target	RF00522__7REX_A	RF00522__6VUI_A	4	20	s55	stack	stack	no	no_annotated_target_pair	exact_class_preserved	exact_class_preserved	4-19	4-18	4-18	yes	no	Rfam.seed.gz	15.1
RF00522__6VUI_A__7REX_A	target	RF00522__7REX_A	RF00522__6VUI_A	5	19	s55	stack	stack	no	no_annotated_target_pair	exact_class_preserved	exact_class_preserved	5-18	5-17	5-17	yes	no	Rfam.seed.gz	15.1
RF00522__6VUI_A__7REX_A	target	RF00522__7REX_A	RF00522__6VUI_A	6	7	s35	stack	stack	no	unmapped_endpoint	exact_class_preserved	exact_class_preserved	6-None	6-7	6-7	no	no	Rfam.seed.gz	15.1
RF00522__6VUI_A__7REX_A	target	RF00522__7REX_A	RF00522__6VUI_A	6	28	s53	stack	stack	no	exact_class_preserved	exact_class_preserved	exact_class_preserved	6-27	6-27	6-27	yes	no	Rfam.seed.gz	15.1
RF00522__6VUI_A__7REX_A	target	RF00522__7REX_A	RF00522__6VUI_A	7	8	s35	stack	stack	no	unmapped_endpoint	unmapped_endpoint	unmapped_endpoint	None-7	7-None	7-None	no	no	Rfam.seed.gz	15.1
RF00522__6VUI_A__7REX_A	target	RF00522__7REX_A	RF00522__6VUI_A	8	9	s35	stack	stack	no	exact_class_preserved	unmapped_endpoint	unmapped_endpoint	7-8	None-None	None-None	no	no	Rfam.seed.gz	15.1
RF00522__6VUI_A__7REX_A	target	RF00522__7REX_A	RF00522__6VUI_A	9	11	ns33	stack	stack	no	exact_class_preserved	unmapped_endpoint	unmapped_endpoint	8-10	None-9	None-9	no	no	Rfam.seed.gz	15.1
RF00522__6VUI_A__7REX_A	target	RF00522__7REX_A	RF00522__6VUI_A	9	12	s53	stack	stack	no	different_class	unmapped_endpoint	unmapped_endpoint	8-11	None-10	None-10	no	no	Rfam.seed.gz	15.1
RF00522__6VUI_A__7REX_A	target	RF00522__7REX_A	RF00522__6VUI_A	10	11	s35	stack	stack	no	exact_class_preserved	no_annotated_target_pair	no_annotated_target_pair	9-10	8-9	8-9	yes	no	Rfam.seed.gz	15.1
RF00522__6VUI_A__7REX_A	target	RF00522__7REX_A	RF00522__6VUI_A	11	33	s33	stack	stack	no	different_class	no_annotated_target_pair	no_annotated_target_pair	10-32	9-32	9-32	yes	no	Rfam.seed.gz	15.1
RF00522__6VUI_A__7REX_A	target	RF00522__7REX_A	RF00522__6VUI_A	12	33	s35	stack	stack	no	no_annotated_target_pair	different_class	different_class	11-32	10-32	10-32	yes	no	Rfam.seed.gz	15.1
RF00522__6VUI_A__7REX_A	target	RF00522__7REX_A	RF00522__6VUI_A	13	14	s35	stack	stack	no	unmapped_endpoint	no_annotated_target_pair	no_annotated_target_pair	12-None	11-12	11-12	no	no	Rfam.seed.gz	15.1
RF00522__6VUI_A__7REX_A	target	RF00522__7REX_A	RF00522__6VUI_A	14	15	ns35	stack	stack	no	unmapped_endpoint	no_annotated_target_pair	no_annotated_target_pair	None-14	12-13	12-13	no	no	Rfam.seed.gz	15.1
RF00522__6VUI_A__7REX_A	target	RF00522__7REX_A	RF00522__6VUI_A	15	16	s35	stack	stack	no	exact_class_preserved	no_annotated_target_pair	no_annotated_target_pair	14-15	13-14	13-14	yes	no	Rfam.seed.gz	15.1
RF00522__6VUI_A__7REX_A	target	RF00522__7REX_A	RF00522__6VUI_A	16	17	s35	stack	stack	no	different_class	exact_class_preserved	exact_class_preserved	15-16	14-15	14-15	yes	no	Rfam.seed.gz	15.1
RF00522__6VUI_A__7REX_A	target	RF00522__7REX_A	RF00522__6VUI_A	17	18	ns35	stack	stack	no	different_class	exact_class_preserved	exact_class_preserved	16-17	15-16	15-16	yes	no	Rfam.seed.gz	15.1
RF00522__6VUI_A__7REX_A	target	RF00522__7REX_A	RF00522__6VUI_A	18	19	s35	stack	stack	no	exact_class_preserved	exact_class_preserved	exact_class_preserved	17-18	16-17	16-17	yes	no	Rfam.seed.gz	15.1
RF00522__6VUI_A__7REX_A	target	RF00522__7REX_A	RF00522__6VUI_A	19	20	s35	stack	stack	no	exact_class_preserved	exact_class_preserved	exact_class_preserved	18-19	17-18	17-18	yes	no	Rfam.seed.gz	15.1
RF00522__6VUI_A__7REX_A	target	RF00522__7REX_A	RF00522__6VUI_A	20	21	s35	stack	stack	no	exact_class_preserved	exact_class_preserved	exact_class_preserved	19-20	18-19	18-19	yes	no	Rfam.seed.gz	15.1
RF00522__6VUI_A__7REX_A	target	RF00522__7REX_A	RF00522__6VUI_A	21	22	s35	stack	stack	no	different_class	exact_class_preserved	exact_class_preserved	20-21	19-20	19-20	yes	no	Rfam.seed.gz	15.1
RF00522__6VUI_A__7REX_A	target	RF00522__7REX_A	RF00522__6VUI_A	23	24	s55	stack	stack	no	no_annotated_target_pair	no_annotated_target_pair	no_annotated_target_pair	22-23	21-22	21-22	yes	no	Rfam.seed.gz	15.1
RF00522__6VUI_A__7REX_A	target	RF00522__7REX_A	RF00522__6VUI_A	24	25	s35	stack	stack	no	no_annotated_target_pair	no_annotated_target_pair	no_annotated_target_pair	23-24	22-24	22-24	yes	no	Rfam.seed.gz	15.1
RF00522__6VUI_A__7REX_A	target	RF00522__7REX_A	RF00522__6VUI_A	25	26	ns35	stack	stack	no	different_class	different_class	different_class	24-25	24-25	24-25	yes	no	Rfam.seed.gz	15.1
RF00522__6VUI_A__7REX_A	target	RF00522__7REX_A	RF00522__6VUI_A	26	27	ns35	stack	stack	no	different_class	different_class	different_class	25-26	25-26	25-26	yes	no	Rfam.seed.gz	15.1
RF00522__6VUI_A__7REX_A	target	RF00522__7REX_A	RF00522__6VUI_A	27	28	s35	stack	stack	no	exact_class_preserved	exact_class_preserved	exact_class_preserved	26-27	26-27	26-27	yes	no	Rfam.seed.gz	15.1
RF00522__6VUI_A__7REX_A	target	RF00522__7REX_A	RF00522__6VUI_A	28	29	s35	stack	stack	no	exact_class_preserved	exact_class_preserved	exact_class_preserved	27-28	27-28	27-28	yes	no	Rfam.seed.gz	15.1
RF00522__6VUI_A__7REX_A	target	RF00522__7REX_A	RF00522__6VUI_A	29	30	s35	stack	stack	no	exact_class_preserved	exact_class_preserved	exact_class_preserved	28-29	28-29	28-29	yes	no	Rfam.seed.gz	15.1
RF00522__6VUI_A__7REX_A	target	RF00522__7REX_A	RF00522__6VUI_A	30	31	s35	stack	stack	no	exact_class_preserved	exact_class_preserved	exact_class_preserved	29-30	29-30	29-30	yes	no	Rfam.seed.gz	15.1
RF00522__6VUI_A__7REX_A	target	RF00522__7REX_A	RF00522__6VUI_A	31	32	s35	stack	stack	no	exact_class_preserved	exact_class_preserved	exact_class_preserved	30-31	30-31	30-31	yes	no	Rfam.seed.gz	15.1
RF00522__6VUI_A__7REX_A	target	RF00522__7REX_A	RF00522__6VUI_A	32	33	s35	stack	stack	no	no_annotated_target_pair	no_annotated_target_pair	no_annotated_target_pair	31-32	31-32	31-32	yes	no	Rfam.seed.gz	15.1
