pair_id	rfam_acc	original_column	ss_cons	row_A	row_A_index	row_A_nt	row_B	row_B_index	row_B_nt	A_label_seq_id	A_auth	B_label_seq_id	B_auth	A_status	B_status	structural_assessability	reference_source	rfam_release	seed_sha256
RF00059__2GDI_X__3D2G_A	RF00059	6	[	URS000080DDEB_32630/1-80	1	G	URS000080DE9F_3702/1-77	2	G	1	X:10	2	A:2	engineered_position_masked	engineered_position_masked	engineered_position_masked	Rfam.seed.gz	15.1	41f014f4ab5628620935f089b1bb77987ebc162fda7c72bff368a32c9cccabac
RF00059__2GDI_X__3D2G_A	RF00059	7	[	URS000080DDEB_32630/1-80	2	G	URS000080DE9F_3702/1-77	3	G	2	X:11	3	A:3	assessable	engineered_position_masked	engineered_position_masked	Rfam.seed.gz	15.1	41f014f4ab5628620935f089b1bb77987ebc162fda7c72bff368a32c9cccabac
RF00059__2GDI_X__3D2G_A	RF00059	8	[	URS000080DDEB_32630/1-80	3	A	URS000080DE9F_3702/1-77	4	A	3	X:12	4	A:4	assessable	engineered_position_masked	engineered_position_masked	Rfam.seed.gz	15.1	41f014f4ab5628620935f089b1bb77987ebc162fda7c72bff368a32c9cccabac
RF00059__2GDI_X__3D2G_A	RF00059	9	[	URS000080DDEB_32630/1-80	4	C	URS000080DE9F_3702/1-77	5	C	4	X:13	5	A:5	assessable	engineered_position_masked	engineered_position_masked	Rfam.seed.gz	15.1	41f014f4ab5628620935f089b1bb77987ebc162fda7c72bff368a32c9cccabac
RF00059__2GDI_X__3D2G_A	RF00059	10	[	URS000080DDEB_32630/1-80	5	U	URS000080DE9F_3702/1-77	6	C	5	X:14	6	A:6	assessable	engineered_position_masked	engineered_position_masked	Rfam.seed.gz	15.1	41f014f4ab5628620935f089b1bb77987ebc162fda7c72bff368a32c9cccabac
RF00059__2GDI_X__3D2G_A	RF00059	11	(	URS000080DDEB_32630/1-80	6	C	URS000080DE9F_3702/1-77	7	A	6	X:15	7	A:7	assessable	engineered_position_masked	engineered_position_masked	Rfam.seed.gz	15.1	41f014f4ab5628620935f089b1bb77987ebc162fda7c72bff368a32c9cccabac
RF00059__2GDI_X__3D2G_A	RF00059	12	(	URS000080DDEB_32630/1-80	7	G	URS000080DE9F_3702/1-77	8	G	7	X:16	8	A:8	assessable	engineered_position_masked	engineered_position_masked	Rfam.seed.gz	15.1	41f014f4ab5628620935f089b1bb77987ebc162fda7c72bff368a32c9cccabac
RF00059__2GDI_X__3D2G_A	RF00059	13	(	URS000080DDEB_32630/1-80	8	G	URS000080DE9F_3702/1-77	9	G	8	X:17	9	A:9	assessable	engineered_position_masked	engineered_position_masked	Rfam.seed.gz	15.1	41f014f4ab5628620935f089b1bb77987ebc162fda7c72bff368a32c9cccabac
RF00059__2GDI_X__3D2G_A	RF00059	14	(	URS000080DDEB_32630/1-80	9	G	URS000080DE9F_3702/1-77	10	G	9	X:18	10	A:10	assessable	engineered_position_masked	engineered_position_masked	Rfam.seed.gz	15.1	41f014f4ab5628620935f089b1bb77987ebc162fda7c72bff368a32c9cccabac
RF00059__2GDI_X__3D2G_A	RF00059	15	-	URS000080DDEB_32630/1-80	10	G	URS000080DE9F_3702/1-77	11	G	10	X:19	11	A:11	assessable	engineered_position_masked	engineered_position_masked	Rfam.seed.gz	15.1	41f014f4ab5628620935f089b1bb77987ebc162fda7c72bff368a32c9cccabac
RF00059__2GDI_X__3D2G_A	RF00059	16	(	URS000080DDEB_32630/1-80	11	U	URS000080DE9F_3702/1-77	12	U	11	X:20	12	A:12	assessable	engineered_position_masked	engineered_position_masked	Rfam.seed.gz	15.1	41f014f4ab5628620935f089b1bb77987ebc162fda7c72bff368a32c9cccabac
RF00059__2GDI_X__3D2G_A	RF00059	17	<	URS000080DDEB_32630/1-80	12	G	URS000080DE9F_3702/1-77	13	G	12	X:21	13	A:13	assessable	engineered_position_masked	engineered_position_masked	Rfam.seed.gz	15.1	41f014f4ab5628620935f089b1bb77987ebc162fda7c72bff368a32c9cccabac
RF00059__2GDI_X__3D2G_A	RF00059	18	<	URS000080DDEB_32630/1-80	13	C	URS000080DE9F_3702/1-77	14	C	13	X:22	14	A:14	assessable	engineered_position_masked	engineered_position_masked	Rfam.seed.gz	15.1	41f014f4ab5628620935f089b1bb77987ebc162fda7c72bff368a32c9cccabac
RF00059__2GDI_X__3D2G_A	RF00059	19	<	URS000080DDEB_32630/1-80	14	C	URS000080DE9F_3702/1-77	15	U	14	X:23	15	A:15	assessable	engineered_position_masked	engineered_position_masked	Rfam.seed.gz	15.1	41f014f4ab5628620935f089b1bb77987ebc162fda7c72bff368a32c9cccabac
RF00059__2GDI_X__3D2G_A	RF00059	20	<	URS000080DDEB_32630/1-80	15	C	URS000080DE9F_3702/1-77	16	U	15	X:24	16	A:16	assessable	engineered_position_masked	engineered_position_masked	Rfam.seed.gz	15.1	41f014f4ab5628620935f089b1bb77987ebc162fda7c72bff368a32c9cccabac
RF00059__2GDI_X__3D2G_A	RF00059	21	<	URS000080DDEB_32630/1-80	16	U	URS000080DE9F_3702/1-77	17	G	16	X:25	17	A:17	assessable	engineered_position_masked	engineered_position_masked	Rfam.seed.gz	15.1	41f014f4ab5628620935f089b1bb77987ebc162fda7c72bff368a32c9cccabac
RF00059__2GDI_X__3D2G_A	RF00059	22	_	URS000080DDEB_32630/1-80	17	U	URS000080DE9F_3702/1-77	18	U	17	X:26	18	A:18	assessable	engineered_position_masked	engineered_position_masked	Rfam.seed.gz	15.1	41f014f4ab5628620935f089b1bb77987ebc162fda7c72bff368a32c9cccabac
RF00059__2GDI_X__3D2G_A	RF00059	23	_	URS000080DDEB_32630/1-80	18	C	URS000080DE9F_3702/1-77	19	U	18	X:27	19	A:19	assessable	engineered_position_masked	engineered_position_masked	Rfam.seed.gz	15.1	41f014f4ab5628620935f089b1bb77987ebc162fda7c72bff368a32c9cccabac
RF00059__2GDI_X__3D2G_A	RF00059	24	_	URS000080DDEB_32630/1-80	19	U	URS000080DE9F_3702/1-77	20	C	19	X:28	20	A:20	assessable	engineered_position_masked	engineered_position_masked	Rfam.seed.gz	15.1	41f014f4ab5628620935f089b1bb77987ebc162fda7c72bff368a32c9cccabac
RF00059__2GDI_X__3D2G_A	RF00059	76	_	URS000080DDEB_32630/1-80	24	G	URS000080DE9F_3702/1-77	21	A	24	X:33	21	A:21	assessable	engineered_position_masked	engineered_position_masked	Rfam.seed.gz	15.1	41f014f4ab5628620935f089b1bb77987ebc162fda7c72bff368a32c9cccabac
RF00059__2GDI_X__3D2G_A	RF00059	77	>	URS000080DDEB_32630/1-80	25	A	URS000080DE9F_3702/1-77	22	C	25	X:34	22	A:22	assessable	assessable	assessable	Rfam.seed.gz	15.1	41f014f4ab5628620935f089b1bb77987ebc162fda7c72bff368a32c9cccabac
RF00059__2GDI_X__3D2G_A	RF00059	78	>	URS000080DDEB_32630/1-80	26	A	URS000080DE9F_3702/1-77	23	A	26	X:35	23	A:23	assessable	assessable	assessable	Rfam.seed.gz	15.1	41f014f4ab5628620935f089b1bb77987ebc162fda7c72bff368a32c9cccabac
RF00059__2GDI_X__3D2G_A	RF00059	79	>	URS000080DDEB_32630/1-80	27	G	URS000080DE9F_3702/1-77	24	G	27	X:36	24	A:24	assessable	assessable	assessable	Rfam.seed.gz	15.1	41f014f4ab5628620935f089b1bb77987ebc162fda7c72bff368a32c9cccabac
RF00059__2GDI_X__3D2G_A	RF00059	81	>	URS000080DDEB_32630/1-80	28	G	URS000080DE9F_3702/1-77	25	G	28	X:37	25	A:25	assessable	assessable	assessable	Rfam.seed.gz	15.1	41f014f4ab5628620935f089b1bb77987ebc162fda7c72bff368a32c9cccabac
RF00059__2GDI_X__3D2G_A	RF00059	82	>	URS000080DDEB_32630/1-80	29	C	URS000080DE9F_3702/1-77	26	C	29	X:38	26	A:26	assessable	assessable	assessable	Rfam.seed.gz	15.1	41f014f4ab5628620935f089b1bb77987ebc162fda7c72bff368a32c9cccabac
RF00059__2GDI_X__3D2G_A	RF00059	83	,	URS000080DDEB_32630/1-80	30	U	URS000080DE9F_3702/1-77	27	U	30	X:39	27	A:27	assessable	assessable	assessable	Rfam.seed.gz	15.1	41f014f4ab5628620935f089b1bb77987ebc162fda7c72bff368a32c9cccabac
RF00059__2GDI_X__3D2G_A	RF00059	84	,	URS000080DDEB_32630/1-80	31	G	URS000080DE9F_3702/1-77	28	G	31	X:40	28	A:28	assessable	assessable	assessable	Rfam.seed.gz	15.1	41f014f4ab5628620935f089b1bb77987ebc162fda7c72bff368a32c9cccabac
RF00059__2GDI_X__3D2G_A	RF00059	85	,	URS000080DDEB_32630/1-80	32	A	URS000080DE9F_3702/1-77	29	A	32	X:41	29	A:29	assessable	assessable	assessable	Rfam.seed.gz	15.1	41f014f4ab5628620935f089b1bb77987ebc162fda7c72bff368a32c9cccabac
RF00059__2GDI_X__3D2G_A	RF00059	86	,	URS000080DDEB_32630/1-80	33	G	URS000080DE9F_3702/1-77	30	G	33	X:42	30	A:30	assessable	assessable	assessable	Rfam.seed.gz	15.1	41f014f4ab5628620935f089b1bb77987ebc162fda7c72bff368a32c9cccabac
RF00059__2GDI_X__3D2G_A	RF00059	87	,	URS000080DDEB_32630/1-80	34	A	URS000080DE9F_3702/1-77	31	A	34	X:43	31	A:31	assessable	assessable	assessable	Rfam.seed.gz	15.1	41f014f4ab5628620935f089b1bb77987ebc162fda7c72bff368a32c9cccabac
RF00059__2GDI_X__3D2G_A	RF00059	88	,	URS000080DDEB_32630/1-80	35	A	URS000080DE9F_3702/1-77	32	A	35	X:44	32	A:32	assessable	assessable	assessable	Rfam.seed.gz	15.1	41f014f4ab5628620935f089b1bb77987ebc162fda7c72bff368a32c9cccabac
RF00059__2GDI_X__3D2G_A	RF00059	149	)	URS000080DDEB_32630/1-80	36	A	URS000080DE9F_3702/1-77	33	A	36	X:45	33	A:33	assessable	assessable	assessable	Rfam.seed.gz	15.1	41f014f4ab5628620935f089b1bb77987ebc162fda7c72bff368a32c9cccabac
RF00059__2GDI_X__3D2G_A	RF00059	150	-	URS000080DDEB_32630/1-80	37	U	URS000080DE9F_3702/1-77	34	G	37	X:46	34	A:34	assessable	assessable	assessable	Rfam.seed.gz	15.1	41f014f4ab5628620935f089b1bb77987ebc162fda7c72bff368a32c9cccabac
RF00059__2GDI_X__3D2G_A	RF00059	151	-	URS000080DDEB_32630/1-80	38	A	URS000080DE9F_3702/1-77	35	U	38	X:47	35	A:35	assessable	assessable	assessable	Rfam.seed.gz	15.1	41f014f4ab5628620935f089b1bb77987ebc162fda7c72bff368a32c9cccabac
RF00059__2GDI_X__3D2G_A	RF00059	153	)	URS000080DDEB_32630/1-80	39	C	URS000080DE9F_3702/1-77	36	C	39	X:48	36	A:36	assessable	assessable	assessable	Rfam.seed.gz	15.1	41f014f4ab5628620935f089b1bb77987ebc162fda7c72bff368a32c9cccabac
RF00059__2GDI_X__3D2G_A	RF00059	154	)	URS000080DDEB_32630/1-80	40	C	URS000080DE9F_3702/1-77	37	C	40	X:49	37	A:37	assessable	assessable	assessable	Rfam.seed.gz	15.1	41f014f4ab5628620935f089b1bb77987ebc162fda7c72bff368a32c9cccabac
RF00059__2GDI_X__3D2G_A	RF00059	155	)	URS000080DDEB_32630/1-80	41	C	URS000080DE9F_3702/1-77	38	C	41	X:50	38	A:38	assessable	assessable	assessable	Rfam.seed.gz	15.1	41f014f4ab5628620935f089b1bb77987ebc162fda7c72bff368a32c9cccabac
RF00059__2GDI_X__3D2G_A	RF00059	156	)	URS000080DDEB_32630/1-80	42	G	URS000080DE9F_3702/1-77	39	U	42	X:51	39	A:39	assessable	assessable	assessable	Rfam.seed.gz	15.1	41f014f4ab5628620935f089b1bb77987ebc162fda7c72bff368a32c9cccabac
RF00059__2GDI_X__3D2G_A	RF00059	157	,	URS000080DDEB_32630/1-80	43	U	URS000080DE9F_3702/1-77	40	U	43	X:52	40	A:40	assessable	assessable	assessable	Rfam.seed.gz	15.1	41f014f4ab5628620935f089b1bb77987ebc162fda7c72bff368a32c9cccabac
RF00059__2GDI_X__3D2G_A	RF00059	158	,	URS000080DDEB_32630/1-80	44	A	URS000080DE9F_3702/1-77	41	U	44	X:53	41	A:41	assessable	assessable	assessable	Rfam.seed.gz	15.1	41f014f4ab5628620935f089b1bb77987ebc162fda7c72bff368a32c9cccabac
RF00059__2GDI_X__3D2G_A	RF00059	159	,	URS000080DDEB_32630/1-80	45	U	URS000080DE9F_3702/1-77	42	G	45	X:54	42	A:42	assessable	assessable	assessable	Rfam.seed.gz	15.1	41f014f4ab5628620935f089b1bb77987ebc162fda7c72bff368a32c9cccabac
RF00059__2GDI_X__3D2G_A	RF00059	160	,	URS000080DDEB_32630/1-80	46	C	URS000080DE9F_3702/1-77	43	A	46	X:55	43	A:43	assessable	assessable	assessable	Rfam.seed.gz	15.1	41f014f4ab5628620935f089b1bb77987ebc162fda7c72bff368a32c9cccabac
RF00059__2GDI_X__3D2G_A	RF00059	162	,	URS000080DDEB_32630/1-80	47	A	URS000080DE9F_3702/1-77	44	A	47	X:56	44	A:44	assessable	assessable	assessable	Rfam.seed.gz	15.1	41f014f4ab5628620935f089b1bb77987ebc162fda7c72bff368a32c9cccabac
RF00059__2GDI_X__3D2G_A	RF00059	163	<	URS000080DDEB_32630/1-80	48	C	URS000080DE9F_3702/1-77	45	C	48	X:57	45	A:45	assessable	assessable	assessable	Rfam.seed.gz	15.1	41f014f4ab5628620935f089b1bb77987ebc162fda7c72bff368a32c9cccabac
RF00059__2GDI_X__3D2G_A	RF00059	164	<	URS000080DDEB_32630/1-80	49	C	URS000080DE9F_3702/1-77	46	C	49	X:58	46	A:46	assessable	assessable	assessable	Rfam.seed.gz	15.1	41f014f4ab5628620935f089b1bb77987ebc162fda7c72bff368a32c9cccabac
RF00059__2GDI_X__3D2G_A	RF00059	165	<	URS000080DDEB_32630/1-80	50	U	URS000080DE9F_3702/1-77	47	U	50	X:59	47	A:47	assessable	assessable	assessable	Rfam.seed.gz	15.1	41f014f4ab5628620935f089b1bb77987ebc162fda7c72bff368a32c9cccabac
RF00059__2GDI_X__3D2G_A	RF00059	166	<	URS000080DDEB_32630/1-80	51	G	URS000080DE9F_3702/1-77	48	G	51	X:60	48	A:48	assessable	assessable	assessable	Rfam.seed.gz	15.1	41f014f4ab5628620935f089b1bb77987ebc162fda7c72bff368a32c9cccabac
RF00059__2GDI_X__3D2G_A	RF00059	167	-	URS000080DDEB_32630/1-80	52	A	URS000080DE9F_3702/1-77	49	A	52	X:61	49	A:49	assessable	assessable	assessable	Rfam.seed.gz	15.1	41f014f4ab5628620935f089b1bb77987ebc162fda7c72bff368a32c9cccabac
RF00059__2GDI_X__3D2G_A	RF00059	169	-	URS000080DDEB_32630/1-80	53	U	URS000080DE9F_3702/1-77	50	A	53	X:62	50	A:50	assessable	assessable	assessable	Rfam.seed.gz	15.1	41f014f4ab5628620935f089b1bb77987ebc162fda7c72bff368a32c9cccabac
RF00059__2GDI_X__3D2G_A	RF00059	170	<	URS000080DDEB_32630/1-80	54	C	URS000080DE9F_3702/1-77	51	C	54	X:63	51	A:51	assessable	assessable	assessable	Rfam.seed.gz	15.1	41f014f4ab5628620935f089b1bb77987ebc162fda7c72bff368a32c9cccabac
RF00059__2GDI_X__3D2G_A	RF00059	171	<	URS000080DDEB_32630/1-80	55	U	URS000080DE9F_3702/1-77	52	A	55	X:64	52	A:52	assessable	assessable	assessable	Rfam.seed.gz	15.1	41f014f4ab5628620935f089b1bb77987ebc162fda7c72bff368a32c9cccabac
RF00059__2GDI_X__3D2G_A	RF00059	172	<	URS000080DDEB_32630/1-80	56	G	URS000080DE9F_3702/1-77	53	G	56	X:65	53	A:53	assessable	assessable	assessable	Rfam.seed.gz	15.1	41f014f4ab5628620935f089b1bb77987ebc162fda7c72bff368a32c9cccabac
RF00059__2GDI_X__3D2G_A	RF00059	173	<	URS000080DDEB_32630/1-80	57	G	URS000080DE9F_3702/1-77	54	G	57	X:66	54	A:54	assessable	assessable	assessable	Rfam.seed.gz	15.1	41f014f4ab5628620935f089b1bb77987ebc162fda7c72bff368a32c9cccabac
RF00059__2GDI_X__3D2G_A	RF00059	174	_	URS000080DDEB_32630/1-80	58	A	URS000080DE9F_3702/1-77	55	G	58	X:67	55	A:55	assessable	assessable	assessable	Rfam.seed.gz	15.1	41f014f4ab5628620935f089b1bb77987ebc162fda7c72bff368a32c9cccabac
RF00059__2GDI_X__3D2G_A	RF00059	175	_	URS000080DDEB_32630/1-80	59	U	URS000080DE9F_3702/1-77	56	U	59	X:68	56	A:56	assessable	assessable	assessable	Rfam.seed.gz	15.1	41f014f4ab5628620935f089b1bb77987ebc162fda7c72bff368a32c9cccabac
RF00059__2GDI_X__3D2G_A	RF00059	176	_	URS000080DDEB_32630/1-80	60	A	URS000080DE9F_3702/1-77	57	A	60	X:69	57	A:57	assessable	assessable	assessable	Rfam.seed.gz	15.1	41f014f4ab5628620935f089b1bb77987ebc162fda7c72bff368a32c9cccabac
RF00059__2GDI_X__3D2G_A	RF00059	177	_	URS000080DDEB_32630/1-80	61	A	URS000080DE9F_3702/1-77	58	A	61	X:70	58	A:58	assessable	assessable	assessable	Rfam.seed.gz	15.1	41f014f4ab5628620935f089b1bb77987ebc162fda7c72bff368a32c9cccabac
RF00059__2GDI_X__3D2G_A	RF00059	178	_	URS000080DDEB_32630/1-80	62	U	URS000080DE9F_3702/1-77	59	U	62	X:71	59	A:59	assessable	assessable	assessable	Rfam.seed.gz	15.1	41f014f4ab5628620935f089b1bb77987ebc162fda7c72bff368a32c9cccabac
RF00059__2GDI_X__3D2G_A	RF00059	179	_	URS000080DDEB_32630/1-80	63	G	URS000080DE9F_3702/1-77	60	G	63	X:72	60	A:60	assessable	assessable	assessable	Rfam.seed.gz	15.1	41f014f4ab5628620935f089b1bb77987ebc162fda7c72bff368a32c9cccabac
RF00059__2GDI_X__3D2G_A	RF00059	180	>	URS000080DDEB_32630/1-80	64	C	URS000080DE9F_3702/1-77	61	C	64	X:73	61	A:61	assessable	assessable	assessable	Rfam.seed.gz	15.1	41f014f4ab5628620935f089b1bb77987ebc162fda7c72bff368a32c9cccabac
RF00059__2GDI_X__3D2G_A	RF00059	181	>	URS000080DDEB_32630/1-80	65	C	URS000080DE9F_3702/1-77	62	C	65	X:74	62	A:62	assessable	assessable	assessable	Rfam.seed.gz	15.1	41f014f4ab5628620935f089b1bb77987ebc162fda7c72bff368a32c9cccabac
RF00059__2GDI_X__3D2G_A	RF00059	182	>	URS000080DDEB_32630/1-80	66	A	URS000080DE9F_3702/1-77	63	U	66	X:75	63	A:63	assessable	assessable	assessable	Rfam.seed.gz	15.1	41f014f4ab5628620935f089b1bb77987ebc162fda7c72bff368a32c9cccabac
RF00059__2GDI_X__3D2G_A	RF00059	183	>	URS000080DDEB_32630/1-80	67	G	URS000080DE9F_3702/1-77	64	G	67	X:76	64	A:64	assessable	assessable	assessable	Rfam.seed.gz	15.1	41f014f4ab5628620935f089b1bb77987ebc162fda7c72bff368a32c9cccabac
RF00059__2GDI_X__3D2G_A	RF00059	184	-	URS000080DDEB_32630/1-80	68	C	URS000080DE9F_3702/1-77	65	C	68	X:77	65	A:65	assessable	assessable	assessable	Rfam.seed.gz	15.1	41f014f4ab5628620935f089b1bb77987ebc162fda7c72bff368a32c9cccabac
RF00059__2GDI_X__3D2G_A	RF00059	185	-	URS000080DDEB_32630/1-80	69	G	URS000080DE9F_3702/1-77	66	G	69	X:78	66	A:66	assessable	assessable	assessable	Rfam.seed.gz	15.1	41f014f4ab5628620935f089b1bb77987ebc162fda7c72bff368a32c9cccabac
RF00059__2GDI_X__3D2G_A	RF00059	187	>	URS000080DDEB_32630/1-80	70	U	URS000080DE9F_3702/1-77	67	C	70	X:79	67	A:67	assessable	assessable	assessable	Rfam.seed.gz	15.1	41f014f4ab5628620935f089b1bb77987ebc162fda7c72bff368a32c9cccabac
RF00059__2GDI_X__3D2G_A	RF00059	188	>	URS000080DDEB_32630/1-80	71	A	URS000080DE9F_3702/1-77	68	A	71	X:80	68	A:68	assessable	assessable	assessable	Rfam.seed.gz	15.1	41f014f4ab5628620935f089b1bb77987ebc162fda7c72bff368a32c9cccabac
RF00059__2GDI_X__3D2G_A	RF00059	189	>	URS000080DDEB_32630/1-80	72	G	URS000080DE9F_3702/1-77	69	G	72	X:81	69	A:69	assessable	assessable	assessable	Rfam.seed.gz	15.1	41f014f4ab5628620935f089b1bb77987ebc162fda7c72bff368a32c9cccabac
RF00059__2GDI_X__3D2G_A	RF00059	190	>	URS000080DDEB_32630/1-80	73	G	URS000080DE9F_3702/1-77	70	G	73	X:82	70	A:70	assessable	assessable	assessable	Rfam.seed.gz	15.1	41f014f4ab5628620935f089b1bb77987ebc162fda7c72bff368a32c9cccabac
RF00059__2GDI_X__3D2G_A	RF00059	191	,	URS000080DDEB_32630/1-80	74	G	URS000080DE9F_3702/1-77	71	G	74	X:83	71	A:71	assessable	assessable	assessable	Rfam.seed.gz	15.1	41f014f4ab5628620935f089b1bb77987ebc162fda7c72bff368a32c9cccabac
RF00059__2GDI_X__3D2G_A	RF00059	192	,	URS000080DDEB_32630/1-80	75	A	URS000080DE9F_3702/1-77	72	A	75	X:84	72	A:72	assessable	assessable	assessable	Rfam.seed.gz	15.1	41f014f4ab5628620935f089b1bb77987ebc162fda7c72bff368a32c9cccabac
RF00059__2GDI_X__3D2G_A	RF00059	195	]	URS000080DDEB_32630/1-80	76	A	URS000080DE9F_3702/1-77	74	U	76	X:85	74	A:74	assessable	assessable	assessable	Rfam.seed.gz	15.1	41f014f4ab5628620935f089b1bb77987ebc162fda7c72bff368a32c9cccabac
RF00059__2GDI_X__3D2G_A	RF00059	196	]	URS000080DDEB_32630/1-80	77	G	URS000080DE9F_3702/1-77	75	G	77	X:86	75	A:75	assessable	assessable	assessable	Rfam.seed.gz	15.1	41f014f4ab5628620935f089b1bb77987ebc162fda7c72bff368a32c9cccabac
RF00059__2GDI_X__3D2G_A	RF00059	197	]	URS000080DDEB_32630/1-80	78	U	URS000080DE9F_3702/1-77	76	U	78	X:87	76	A:76	assessable	assessable	assessable	Rfam.seed.gz	15.1	41f014f4ab5628620935f089b1bb77987ebc162fda7c72bff368a32c9cccabac
RF00059__2GDI_X__3D2G_A	RF00059	198	]	URS000080DDEB_32630/1-80	79	U	URS000080DE9F_3702/1-77	77	C	79	X:88	77	A:77	engineered_position_masked	engineered_position_masked	engineered_position_masked	Rfam.seed.gz	15.1	41f014f4ab5628620935f089b1bb77987ebc162fda7c72bff368a32c9cccabac
RF00162__2GIS_A__4KQY_A	RF00162	1	(	URS000080DF35_32630/1-94	1	G	URS000080DDBE_1423/1-119	1	G	1	A:1	1	A:0	engineered_position_masked	assessable	engineered_position_masked	Rfam.seed.gz	15.1	41f014f4ab5628620935f089b1bb77987ebc162fda7c72bff368a32c9cccabac
RF00162__2GIS_A__4KQY_A	RF00162	3	(	URS000080DF35_32630/1-94	2	G	URS000080DDBE_1423/1-119	3	U	2	A:2	3	A:2	engineered_position_masked	assessable	engineered_position_masked	Rfam.seed.gz	15.1	41f014f4ab5628620935f089b1bb77987ebc162fda7c72bff368a32c9cccabac
RF00162__2GIS_A__4KQY_A	RF00162	4	(	URS000080DF35_32630/1-94	3	C	URS000080DDBE_1423/1-119	4	C	3	A:3	4	A:3	assessable	assessable	assessable	Rfam.seed.gz	15.1	41f014f4ab5628620935f089b1bb77987ebc162fda7c72bff368a32c9cccabac
RF00162__2GIS_A__4KQY_A	RF00162	5	(	URS000080DF35_32630/1-94	4	U	URS000080DDBE_1423/1-119	5	U	4	A:4	5	A:4	assessable	assessable	assessable	Rfam.seed.gz	15.1	41f014f4ab5628620935f089b1bb77987ebc162fda7c72bff368a32c9cccabac
RF00162__2GIS_A__4KQY_A	RF00162	6	(	URS000080DF35_32630/1-94	5	U	URS000080DDBE_1423/1-119	6	U	5	A:5	6	A:5	assessable	assessable	assessable	Rfam.seed.gz	15.1	41f014f4ab5628620935f089b1bb77987ebc162fda7c72bff368a32c9cccabac
RF00162__2GIS_A__4KQY_A	RF00162	7	(	URS000080DF35_32630/1-94	6	A	URS000080DDBE_1423/1-119	7	A	6	A:6	7	A:6	assessable	assessable	assessable	Rfam.seed.gz	15.1	41f014f4ab5628620935f089b1bb77987ebc162fda7c72bff368a32c9cccabac
RF00162__2GIS_A__4KQY_A	RF00162	8	(	URS000080DF35_32630/1-94	7	U	URS000080DDBE_1423/1-119	8	U	7	A:7	8	A:7	assessable	assessable	assessable	Rfam.seed.gz	15.1	41f014f4ab5628620935f089b1bb77987ebc162fda7c72bff368a32c9cccabac
RF00162__2GIS_A__4KQY_A	RF00162	9	(	URS000080DF35_32630/1-94	8	C	URS000080DDBE_1423/1-119	9	C	8	A:8	9	A:8	assessable	assessable	assessable	Rfam.seed.gz	15.1	41f014f4ab5628620935f089b1bb77987ebc162fda7c72bff368a32c9cccabac
RF00162__2GIS_A__4KQY_A	RF00162	10	,	URS000080DF35_32630/1-94	9	A	URS000080DDBE_1423/1-119	10	A	9	A:9	10	A:9	assessable	assessable	assessable	Rfam.seed.gz	15.1	41f014f4ab5628620935f089b1bb77987ebc162fda7c72bff368a32c9cccabac
RF00162__2GIS_A__4KQY_A	RF00162	11	,	URS000080DF35_32630/1-94	10	A	URS000080DDBE_1423/1-119	11	A	10	A:10	11	A:10	assessable	assessable	assessable	Rfam.seed.gz	15.1	41f014f4ab5628620935f089b1bb77987ebc162fda7c72bff368a32c9cccabac
RF00162__2GIS_A__4KQY_A	RF00162	12	,	URS000080DF35_32630/1-94	11	G	URS000080DDBE_1423/1-119	12	G	11	A:11	12	A:11	assessable	assessable	assessable	Rfam.seed.gz	15.1	41f014f4ab5628620935f089b1bb77987ebc162fda7c72bff368a32c9cccabac
RF00162__2GIS_A__4KQY_A	RF00162	13	,	URS000080DF35_32630/1-94	12	A	URS000080DDBE_1423/1-119	13	A	12	A:12	13	A:12	assessable	assessable	assessable	Rfam.seed.gz	15.1	41f014f4ab5628620935f089b1bb77987ebc162fda7c72bff368a32c9cccabac
RF00162__2GIS_A__4KQY_A	RF00162	14	<	URS000080DF35_32630/1-94	13	G	URS000080DDBE_1423/1-119	14	G	13	A:13	14	A:13	assessable	assessable	assessable	Rfam.seed.gz	15.1	41f014f4ab5628620935f089b1bb77987ebc162fda7c72bff368a32c9cccabac
RF00162__2GIS_A__4KQY_A	RF00162	16	<	URS000080DF35_32630/1-94	14	A	URS000080DDBE_1423/1-119	15	A	14	A:14	15	A:14	assessable	assessable	assessable	Rfam.seed.gz	15.1	41f014f4ab5628620935f089b1bb77987ebc162fda7c72bff368a32c9cccabac
RF00162__2GIS_A__4KQY_A	RF00162	17	<	URS000080DF35_32630/1-94	15	G	URS000080DDBE_1423/1-119	16	A	15	A:15	16	A:15	assessable	assessable	assessable	Rfam.seed.gz	15.1	41f014f4ab5628620935f089b1bb77987ebc162fda7c72bff368a32c9cccabac
RF00162__2GIS_A__4KQY_A	RF00162	18	<	URS000080DF35_32630/1-94	16	G	URS000080DDBE_1423/1-119	17	G	16	A:16	17	A:16	assessable	assessable	assessable	Rfam.seed.gz	15.1	41f014f4ab5628620935f089b1bb77987ebc162fda7c72bff368a32c9cccabac
RF00162__2GIS_A__4KQY_A	RF00162	20	<	URS000080DF35_32630/1-94	17	U	URS000080DDBE_1423/1-119	18	C	17	A:17	18	A:17	assessable	assessable	assessable	Rfam.seed.gz	15.1	41f014f4ab5628620935f089b1bb77987ebc162fda7c72bff368a32c9cccabac
RF00162__2GIS_A__4KQY_A	RF00162	22	-	URS000080DF35_32630/1-94	18	G	URS000080DDBE_1423/1-119	19	A	18	A:18	19	A:18	assessable	assessable	assessable	Rfam.seed.gz	15.1	41f014f4ab5628620935f089b1bb77987ebc162fda7c72bff368a32c9cccabac
RF00162__2GIS_A__4KQY_A	RF00162	23	-	URS000080DF35_32630/1-94	19	G	URS000080DDBE_1423/1-119	20	G	19	A:19	20	A:19	assessable	assessable	assessable	Rfam.seed.gz	15.1	41f014f4ab5628620935f089b1bb77987ebc162fda7c72bff368a32c9cccabac
RF00162__2GIS_A__4KQY_A	RF00162	41	-	URS000080DF35_32630/1-94	20	A	URS000080DDBE_1423/1-119	21	A	20	A:20	21	A:20	assessable	assessable	assessable	Rfam.seed.gz	15.1	41f014f4ab5628620935f089b1bb77987ebc162fda7c72bff368a32c9cccabac
RF00162__2GIS_A__4KQY_A	RF00162	42	<	URS000080DF35_32630/1-94	21	G	URS000080DDBE_1423/1-119	22	G	21	A:21	22	A:21	assessable	assessable	assessable	Rfam.seed.gz	15.1	41f014f4ab5628620935f089b1bb77987ebc162fda7c72bff368a32c9cccabac
RF00162__2GIS_A__4KQY_A	RF00162	43	<	URS000080DF35_32630/1-94	22	G	URS000080DDBE_1423/1-119	23	G	22	A:22	23	A:22	assessable	assessable	assessable	Rfam.seed.gz	15.1	41f014f4ab5628620935f089b1bb77987ebc162fda7c72bff368a32c9cccabac
RF00162__2GIS_A__4KQY_A	RF00162	44	<	URS000080DF35_32630/1-94	23	G	URS000080DDBE_1423/1-119	24	G	23	A:23	24	A:23	assessable	assessable	assessable	Rfam.seed.gz	15.1	41f014f4ab5628620935f089b1bb77987ebc162fda7c72bff368a32c9cccabac
RF00162__2GIS_A__4KQY_A	RF00162	45	_	URS000080DF35_32630/1-94	24	A	URS000080DDBE_1423/1-119	25	A	24	A:24	25	A:24	assessable	assessable	assessable	Rfam.seed.gz	15.1	41f014f4ab5628620935f089b1bb77987ebc162fda7c72bff368a32c9cccabac
RF00162__2GIS_A__4KQY_A	RF00162	48	A	URS000080DF35_32630/1-94	25	C	URS000080DDBE_1423/1-119	26	C	25	A:25	26	A:25	assessable	assessable	assessable	Rfam.seed.gz	15.1	41f014f4ab5628620935f089b1bb77987ebc162fda7c72bff368a32c9cccabac
RF00162__2GIS_A__4KQY_A	RF00162	49	A	URS000080DF35_32630/1-94	26	U	URS000080DDBE_1423/1-119	27	U	26	A:26	27	A:26	assessable	assessable	assessable	Rfam.seed.gz	15.1	41f014f4ab5628620935f089b1bb77987ebc162fda7c72bff368a32c9cccabac
RF00162__2GIS_A__4KQY_A	RF00162	50	A	URS000080DF35_32630/1-94	27	G	URS000080DDBE_1423/1-119	28	G	27	A:27	28	A:27	assessable	assessable	assessable	Rfam.seed.gz	15.1	41f014f4ab5628620935f089b1bb77987ebc162fda7c72bff368a32c9cccabac
RF00162__2GIS_A__4KQY_A	RF00162	51	A	URS000080DF35_32630/1-94	28	G	URS000080DDBE_1423/1-119	29	G	28	A:28	29	A:28	assessable	assessable	assessable	Rfam.seed.gz	15.1	41f014f4ab5628620935f089b1bb77987ebc162fda7c72bff368a32c9cccabac
RF00162__2GIS_A__4KQY_A	RF00162	53	>	URS000080DF35_32630/1-94	29	C	URS000080DDBE_1423/1-119	30	C	29	A:29	30	A:29	assessable	assessable	assessable	Rfam.seed.gz	15.1	41f014f4ab5628620935f089b1bb77987ebc162fda7c72bff368a32c9cccabac
RF00162__2GIS_A__4KQY_A	RF00162	54	>	URS000080DF35_32630/1-94	30	C	URS000080DDBE_1423/1-119	31	C	30	A:30	31	A:30	assessable	assessable	assessable	Rfam.seed.gz	15.1	41f014f4ab5628620935f089b1bb77987ebc162fda7c72bff368a32c9cccabac
RF00162__2GIS_A__4KQY_A	RF00162	55	>	URS000080DF35_32630/1-94	31	C	URS000080DDBE_1423/1-119	32	C	31	A:31	32	A:31	assessable	assessable	assessable	Rfam.seed.gz	15.1	41f014f4ab5628620935f089b1bb77987ebc162fda7c72bff368a32c9cccabac
RF00162__2GIS_A__4KQY_A	RF00162	56	-	URS000080DF35_32630/1-94	32	G	URS000080DDBE_1423/1-119	33	G	32	A:32	33	A:32	assessable	assessable	assessable	Rfam.seed.gz	15.1	41f014f4ab5628620935f089b1bb77987ebc162fda7c72bff368a32c9cccabac
RF00162__2GIS_A__4KQY_A	RF00162	57	-	URS000080DF35_32630/1-94	33	A	URS000080DDBE_1423/1-119	34	A	33	A:33	34	A:33	assessable	assessable	assessable	Rfam.seed.gz	15.1	41f014f4ab5628620935f089b1bb77987ebc162fda7c72bff368a32c9cccabac
RF00162__2GIS_A__4KQY_A	RF00162	60	-	URS000080DF35_32630/1-94	34	U	URS000080DDBE_1423/1-119	35	C	34	A:34	35	A:34	assessable	assessable	assessable	Rfam.seed.gz	15.1	41f014f4ab5628620935f089b1bb77987ebc162fda7c72bff368a32c9cccabac
RF00162__2GIS_A__4KQY_A	RF00162	61	-	URS000080DF35_32630/1-94	35	G	URS000080DDBE_1423/1-119	36	G	35	A:35	36	A:35	assessable	assessable	assessable	Rfam.seed.gz	15.1	41f014f4ab5628620935f089b1bb77987ebc162fda7c72bff368a32c9cccabac
RF00162__2GIS_A__4KQY_A	RF00162	62	-	URS000080DF35_32630/1-94	36	A	URS000080DDBE_1423/1-119	37	A	36	A:36	37	A:36	assessable	assessable	assessable	Rfam.seed.gz	15.1	41f014f4ab5628620935f089b1bb77987ebc162fda7c72bff368a32c9cccabac
RF00162__2GIS_A__4KQY_A	RF00162	63	-	URS000080DF35_32630/1-94	37	A	URS000080DDBE_1423/1-119	38	A	37	A:37	38	A:37	assessable	assessable	assessable	Rfam.seed.gz	15.1	41f014f4ab5628620935f089b1bb77987ebc162fda7c72bff368a32c9cccabac
RF00162__2GIS_A__4KQY_A	RF00162	65	>	URS000080DF35_32630/1-94	38	A	URS000080DDBE_1423/1-119	39	G	38	A:38	39	A:38	assessable	assessable	assessable	Rfam.seed.gz	15.1	41f014f4ab5628620935f089b1bb77987ebc162fda7c72bff368a32c9cccabac
RF00162__2GIS_A__4KQY_A	RF00162	66	>	URS000080DF35_32630/1-94	39	C	URS000080DDBE_1423/1-119	40	C	39	A:39	40	A:39	assessable	assessable	assessable	Rfam.seed.gz	15.1	41f014f4ab5628620935f089b1bb77987ebc162fda7c72bff368a32c9cccabac
RF00162__2GIS_A__4KQY_A	RF00162	67	>	URS000080DF35_32630/1-94	40	C	URS000080DDBE_1423/1-119	41	U	40	A:40	41	A:40	assessable	assessable	assessable	Rfam.seed.gz	15.1	41f014f4ab5628620935f089b1bb77987ebc162fda7c72bff368a32c9cccabac
RF00162__2GIS_A__4KQY_A	RF00162	70	>	URS000080DF35_32630/1-94	41	C	URS000080DDBE_1423/1-119	43	C	41	A:41	43	A:42	assessable	assessable	assessable	Rfam.seed.gz	15.1	41f014f4ab5628620935f089b1bb77987ebc162fda7c72bff368a32c9cccabac
RF00162__2GIS_A__4KQY_A	RF00162	71	<	URS000080DF35_32630/1-94	42	G	URS000080DDBE_1423/1-119	44	A	42	A:42	44	A:43	assessable	assessable	assessable	Rfam.seed.gz	15.1	41f014f4ab5628620935f089b1bb77987ebc162fda7c72bff368a32c9cccabac
RF00162__2GIS_A__4KQY_A	RF00162	72	<	URS000080DF35_32630/1-94	43	G	URS000080DDBE_1423/1-119	45	G	43	A:43	45	A:44	assessable	assessable	assessable	Rfam.seed.gz	15.1	41f014f4ab5628620935f089b1bb77987ebc162fda7c72bff368a32c9cccabac
RF00162__2GIS_A__4KQY_A	RF00162	73	<	URS000080DF35_32630/1-94	44	C	URS000080DDBE_1423/1-119	46	C	44	A:44	46	A:45	assessable	assessable	assessable	Rfam.seed.gz	15.1	41f014f4ab5628620935f089b1bb77987ebc162fda7c72bff368a32c9cccabac
RF00162__2GIS_A__4KQY_A	RF00162	74	<	URS000080DF35_32630/1-94	45	A	URS000080DDBE_1423/1-119	47	A	45	A:45	47	A:46	assessable	assessable	assessable	Rfam.seed.gz	15.1	41f014f4ab5628620935f089b1bb77987ebc162fda7c72bff368a32c9cccabac
RF00162__2GIS_A__4KQY_A	RF00162	75	-	URS000080DF35_32630/1-94	46	A	URS000080DDBE_1423/1-119	48	A	46	A:46	48	A:47	assessable	assessable	assessable	Rfam.seed.gz	15.1	41f014f4ab5628620935f089b1bb77987ebc162fda7c72bff368a32c9cccabac
RF00162__2GIS_A__4KQY_A	RF00162	76	<	URS000080DF35_32630/1-94	47	C	URS000080DDBE_1423/1-119	49	C	47	A:47	49	A:48	assessable	assessable	assessable	Rfam.seed.gz	15.1	41f014f4ab5628620935f089b1bb77987ebc162fda7c72bff368a32c9cccabac
RF00162__2GIS_A__4KQY_A	RF00162	77	<	URS000080DF35_32630/1-94	48	C	URS000080DDBE_1423/1-119	50	C	48	A:48	50	A:49	assessable	assessable	assessable	Rfam.seed.gz	15.1	41f014f4ab5628620935f089b1bb77987ebc162fda7c72bff368a32c9cccabac
RF00162__2GIS_A__4KQY_A	RF00162	156	-	URS000080DF35_32630/1-94	53	A	URS000080DDBE_1423/1-119	75	A	53	A:53	75	A:74	assessable	assessable	assessable	Rfam.seed.gz	15.1	41f014f4ab5628620935f089b1bb77987ebc162fda7c72bff368a32c9cccabac
RF00162__2GIS_A__4KQY_A	RF00162	157	-	URS000080DF35_32630/1-94	54	U	URS000080DDBE_1423/1-119	76	A	54	A:54	76	A:75	assessable	assessable	assessable	Rfam.seed.gz	15.1	41f014f4ab5628620935f089b1bb77987ebc162fda7c72bff368a32c9cccabac
RF00162__2GIS_A__4KQY_A	RF00162	160	>	URS000080DF35_32630/1-94	55	G	URS000080DDBE_1423/1-119	77	G	55	A:55	77	A:76	assessable	assessable	assessable	Rfam.seed.gz	15.1	41f014f4ab5628620935f089b1bb77987ebc162fda7c72bff368a32c9cccabac
RF00162__2GIS_A__4KQY_A	RF00162	161	>	URS000080DF35_32630/1-94	56	G	URS000080DDBE_1423/1-119	78	G	56	A:56	78	A:77	assessable	assessable	assessable	Rfam.seed.gz	15.1	41f014f4ab5628620935f089b1bb77987ebc162fda7c72bff368a32c9cccabac
RF00162__2GIS_A__4KQY_A	RF00162	162	>	URS000080DF35_32630/1-94	57	U	URS000080DDBE_1423/1-119	79	U	57	A:57	79	A:78	assessable	assessable	assessable	Rfam.seed.gz	15.1	41f014f4ab5628620935f089b1bb77987ebc162fda7c72bff368a32c9cccabac
RF00162__2GIS_A__4KQY_A	RF00162	163	>	URS000080DF35_32630/1-94	58	G	URS000080DDBE_1423/1-119	80	G	58	A:58	80	A:79	assessable	assessable	assessable	Rfam.seed.gz	15.1	41f014f4ab5628620935f089b1bb77987ebc162fda7c72bff368a32c9cccabac
RF00162__2GIS_A__4KQY_A	RF00162	164	>	URS000080DF35_32630/1-94	59	C	URS000080DDBE_1423/1-119	81	C	59	A:59	81	A:80	assessable	assessable	assessable	Rfam.seed.gz	15.1	41f014f4ab5628620935f089b1bb77987ebc162fda7c72bff368a32c9cccabac
RF00162__2GIS_A__4KQY_A	RF00162	165	>	URS000080DF35_32630/1-94	60	C	URS000080DDBE_1423/1-119	82	U	60	A:60	82	A:81	assessable	assessable	assessable	Rfam.seed.gz	15.1	41f014f4ab5628620935f089b1bb77987ebc162fda7c72bff368a32c9cccabac
RF00162__2GIS_A__4KQY_A	RF00162	166	,	URS000080DF35_32630/1-94	61	A	URS000080DDBE_1423/1-119	83	A	61	A:61	83	A:82	assessable	assessable	assessable	Rfam.seed.gz	15.1	41f014f4ab5628620935f089b1bb77987ebc162fda7c72bff368a32c9cccabac
RF00162__2GIS_A__4KQY_A	RF00162	168	,	URS000080DF35_32630/1-94	62	A	URS000080DDBE_1423/1-119	84	A	62	A:62	84	A:83	assessable	assessable	assessable	Rfam.seed.gz	15.1	41f014f4ab5628620935f089b1bb77987ebc162fda7c72bff368a32c9cccabac
RF00162__2GIS_A__4KQY_A	RF00162	169	,	URS000080DF35_32630/1-94	63	U	URS000080DDBE_1423/1-119	85	A	63	A:63	85	A:84	assessable	assessable	assessable	Rfam.seed.gz	15.1	41f014f4ab5628620935f089b1bb77987ebc162fda7c72bff368a32c9cccabac
RF00162__2GIS_A__4KQY_A	RF00162	170	<	URS000080DF35_32630/1-94	64	U	URS000080DDBE_1423/1-119	86	U	64	A:64	86	A:85	assessable	assessable	assessable	Rfam.seed.gz	15.1	41f014f4ab5628620935f089b1bb77987ebc162fda7c72bff368a32c9cccabac
RF00162__2GIS_A__4KQY_A	RF00162	171	a	URS000080DF35_32630/1-94	65	C	URS000080DDBE_1423/1-119	87	C	65	A:65	87	A:86	assessable	assessable	assessable	Rfam.seed.gz	15.1	41f014f4ab5628620935f089b1bb77987ebc162fda7c72bff368a32c9cccabac
RF00162__2GIS_A__4KQY_A	RF00162	174	a	URS000080DF35_32630/1-94	66	C	URS000080DDBE_1423/1-119	88	C	66	A:66	88	A:87	assessable	assessable	assessable	Rfam.seed.gz	15.1	41f014f4ab5628620935f089b1bb77987ebc162fda7c72bff368a32c9cccabac
RF00162__2GIS_A__4KQY_A	RF00162	175	a	URS000080DF35_32630/1-94	67	U	URS000080DDBE_1423/1-119	89	A	67	A:67	89	A:88	assessable	assessable	assessable	Rfam.seed.gz	15.1	41f014f4ab5628620935f089b1bb77987ebc162fda7c72bff368a32c9cccabac
RF00162__2GIS_A__4KQY_A	RF00162	176	a	URS000080DF35_32630/1-94	68	G	URS000080DDBE_1423/1-119	90	G	68	A:68	90	A:89	assessable	assessable	assessable	Rfam.seed.gz	15.1	41f014f4ab5628620935f089b1bb77987ebc162fda7c72bff368a32c9cccabac
RF00162__2GIS_A__4KQY_A	RF00162	178	<	URS000080DF35_32630/1-94	69	C	URS000080DDBE_1423/1-119	91	C	69	A:69	91	A:90	assessable	assessable	assessable	Rfam.seed.gz	15.1	41f014f4ab5628620935f089b1bb77987ebc162fda7c72bff368a32c9cccabac
RF00162__2GIS_A__4KQY_A	RF00162	179	<	URS000080DF35_32630/1-94	70	A	URS000080DDBE_1423/1-119	92	A	70	A:70	92	A:91	assessable	assessable	assessable	Rfam.seed.gz	15.1	41f014f4ab5628620935f089b1bb77987ebc162fda7c72bff368a32c9cccabac
RF00162__2GIS_A__4KQY_A	RF00162	180	<	URS000080DF35_32630/1-94	71	G	URS000080DDBE_1423/1-119	93	A	71	A:71	93	A:92	assessable	assessable	assessable	Rfam.seed.gz	15.1	41f014f4ab5628620935f089b1bb77987ebc162fda7c72bff368a32c9cccabac
RF00162__2GIS_A__4KQY_A	RF00162	181	<	URS000080DF35_32630/1-94	72	C	URS000080DDBE_1423/1-119	94	G	72	A:72	94	A:93	assessable	assessable	assessable	Rfam.seed.gz	15.1	41f014f4ab5628620935f089b1bb77987ebc162fda7c72bff368a32c9cccabac
RF00162__2GIS_A__4KQY_A	RF00162	182	<	URS000080DF35_32630/1-94	73	G	URS000080DDBE_1423/1-119	95	C	73	A:73	95	A:94	assessable	assessable	assessable	Rfam.seed.gz	15.1	41f014f4ab5628620935f089b1bb77987ebc162fda7c72bff368a32c9cccabac
RF00162__2GIS_A__4KQY_A	RF00162	191	_	URS000080DF35_32630/1-94	74	G	URS000080DDBE_1423/1-119	99	A	74	A:74	99	A:98	assessable	assessable	assessable	Rfam.seed.gz	15.1	41f014f4ab5628620935f089b1bb77987ebc162fda7c72bff368a32c9cccabac
RF00162__2GIS_A__4KQY_A	RF00162	192	_	URS000080DF35_32630/1-94	75	A	URS000080DDBE_1423/1-119	100	A	75	A:75	100	A:99	engineered_position_masked	assessable	engineered_position_masked	Rfam.seed.gz	15.1	41f014f4ab5628620935f089b1bb77987ebc162fda7c72bff368a32c9cccabac
RF00162__2GIS_A__4KQY_A	RF00162	193	_	URS000080DF35_32630/1-94	76	A	URS000080DDBE_1423/1-119	101	C	76	A:76	101	A:100	engineered_position_masked	assessable	engineered_position_masked	Rfam.seed.gz	15.1	41f014f4ab5628620935f089b1bb77987ebc162fda7c72bff368a32c9cccabac
RF00162__2GIS_A__4KQY_A	RF00162	216	>	URS000080DF35_32630/1-94	77	A	URS000080DDBE_1423/1-119	102	A	77	A:77	102	A:101	engineered_position_masked	assessable	engineered_position_masked	Rfam.seed.gz	15.1	41f014f4ab5628620935f089b1bb77987ebc162fda7c72bff368a32c9cccabac
RF00162__2GIS_A__4KQY_A	RF00162	217	>	URS000080DF35_32630/1-94	78	C	URS000080DDBE_1423/1-119	103	G	78	A:78	103	A:102	assessable	assessable	assessable	Rfam.seed.gz	15.1	41f014f4ab5628620935f089b1bb77987ebc162fda7c72bff368a32c9cccabac
RF00162__2GIS_A__4KQY_A	RF00162	218	>	URS000080DF35_32630/1-94	79	G	URS000080DDBE_1423/1-119	104	C	79	A:79	104	A:103	assessable	assessable	assessable	Rfam.seed.gz	15.1	41f014f4ab5628620935f089b1bb77987ebc162fda7c72bff368a32c9cccabac
RF00162__2GIS_A__4KQY_A	RF00162	219	>	URS000080DF35_32630/1-94	80	U	URS000080DDBE_1423/1-119	105	U	80	A:80	105	A:104	engineered_position_masked	assessable	engineered_position_masked	Rfam.seed.gz	15.1	41f014f4ab5628620935f089b1bb77987ebc162fda7c72bff368a32c9cccabac
RF00162__2GIS_A__4KQY_A	RF00162	221	>	URS000080DF35_32630/1-94	81	U	URS000080DDBE_1423/1-119	106	U	81	A:81	106	A:105	assessable	assessable	assessable	Rfam.seed.gz	15.1	41f014f4ab5628620935f089b1bb77987ebc162fda7c72bff368a32c9cccabac
RF00162__2GIS_A__4KQY_A	RF00162	222	>	URS000080DF35_32630/1-94	82	G	URS000080DDBE_1423/1-119	107	G	82	A:82	107	A:106	assessable	assessable	assessable	Rfam.seed.gz	15.1	41f014f4ab5628620935f089b1bb77987ebc162fda7c72bff368a32c9cccabac
RF00162__2GIS_A__4KQY_A	RF00162	224	-	URS000080DF35_32630/1-94	83	A	URS000080DDBE_1423/1-119	108	G	83	A:83	108	A:107	assessable	assessable	assessable	Rfam.seed.gz	15.1	41f014f4ab5628620935f089b1bb77987ebc162fda7c72bff368a32c9cccabac
RF00162__2GIS_A__4KQY_A	RF00162	226	-	URS000080DF35_32630/1-94	84	A	URS000080DDBE_1423/1-119	109	A	84	A:84	109	A:108	assessable	assessable	assessable	Rfam.seed.gz	15.1	41f014f4ab5628620935f089b1bb77987ebc162fda7c72bff368a32c9cccabac
RF00162__2GIS_A__4KQY_A	RF00162	227	>	URS000080DF35_32630/1-94	85	A	URS000080DDBE_1423/1-119	110	A	85	A:85	110	A:109	assessable	assessable	assessable	Rfam.seed.gz	15.1	41f014f4ab5628620935f089b1bb77987ebc162fda7c72bff368a32c9cccabac
RF00162__2GIS_A__4KQY_A	RF00162	229	)	URS000080DF35_32630/1-94	86	G	URS000080DDBE_1423/1-119	111	G	86	A:86	111	A:110	assessable	assessable	assessable	Rfam.seed.gz	15.1	41f014f4ab5628620935f089b1bb77987ebc162fda7c72bff368a32c9cccabac
RF00162__2GIS_A__4KQY_A	RF00162	230	)	URS000080DF35_32630/1-94	87	A	URS000080DDBE_1423/1-119	112	A	87	A:87	112	A:111	assessable	assessable	assessable	Rfam.seed.gz	15.1	41f014f4ab5628620935f089b1bb77987ebc162fda7c72bff368a32c9cccabac
RF00162__2GIS_A__4KQY_A	RF00162	231	)	URS000080DF35_32630/1-94	88	U	URS000080DDBE_1423/1-119	113	U	88	A:88	113	A:112	assessable	assessable	assessable	Rfam.seed.gz	15.1	41f014f4ab5628620935f089b1bb77987ebc162fda7c72bff368a32c9cccabac
RF00162__2GIS_A__4KQY_A	RF00162	232	)	URS000080DF35_32630/1-94	89	G	URS000080DDBE_1423/1-119	114	A	89	A:89	114	A:113	assessable	assessable	assessable	Rfam.seed.gz	15.1	41f014f4ab5628620935f089b1bb77987ebc162fda7c72bff368a32c9cccabac
RF00162__2GIS_A__4KQY_A	RF00162	233	)	URS000080DF35_32630/1-94	90	A	URS000080DDBE_1423/1-119	115	A	90	A:90	115	A:114	assessable	assessable	assessable	Rfam.seed.gz	15.1	41f014f4ab5628620935f089b1bb77987ebc162fda7c72bff368a32c9cccabac
RF00162__2GIS_A__4KQY_A	RF00162	234	)	URS000080DF35_32630/1-94	91	G	URS000080DDBE_1423/1-119	116	G	91	A:91	116	A:115	assessable	assessable	assessable	Rfam.seed.gz	15.1	41f014f4ab5628620935f089b1bb77987ebc162fda7c72bff368a32c9cccabac
RF00162__2GIS_A__4KQY_A	RF00162	235	)	URS000080DF35_32630/1-94	92	C	URS000080DDBE_1423/1-119	117	A	92	A:92	117	A:116	engineered_position_masked	assessable	engineered_position_masked	Rfam.seed.gz	15.1	41f014f4ab5628620935f089b1bb77987ebc162fda7c72bff368a32c9cccabac
RF00162__2GIS_A__4KQY_A	RF00162	237	)	URS000080DF35_32630/1-94	93	C	URS000080DDBE_1423/1-119	119	C	93	A:93	119	A:118	engineered_position_masked	assessable	engineered_position_masked	Rfam.seed.gz	15.1	41f014f4ab5628620935f089b1bb77987ebc162fda7c72bff368a32c9cccabac
RF00174__4GXY_A__6VMY_A	RF00174	12	[	URS000080DFBC_32630/1-172	1	G	URS0001A24B44_1423/1-130	3	U	1	A:1	3	A:204	engineered_position_masked	assessable	engineered_position_masked	Rfam.seed.gz	15.1	41f014f4ab5628620935f089b1bb77987ebc162fda7c72bff368a32c9cccabac
RF00174__4GXY_A__6VMY_A	RF00174	13	-	URS000080DFBC_32630/1-172	2	G	URS0001A24B44_1423/1-130	4	C	2	A:2	4	A:205	assessable	assessable	assessable	Rfam.seed.gz	15.1	41f014f4ab5628620935f089b1bb77987ebc162fda7c72bff368a32c9cccabac
RF00174__4GXY_A__6VMY_A	RF00174	14	[	URS000080DFBC_32630/1-172	3	C	URS0001A24B44_1423/1-130	5	A	3	A:3	5	A:206	assessable	assessable	assessable	Rfam.seed.gz	15.1	41f014f4ab5628620935f089b1bb77987ebc162fda7c72bff368a32c9cccabac
RF00174__4GXY_A__6VMY_A	RF00174	15	[	URS000080DFBC_32630/1-172	4	G	URS0001A24B44_1423/1-130	6	A	4	A:4	6	A:207	assessable	assessable	assessable	Rfam.seed.gz	15.1	41f014f4ab5628620935f089b1bb77987ebc162fda7c72bff368a32c9cccabac
RF00174__4GXY_A__6VMY_A	RF00174	16	[	URS000080DFBC_32630/1-172	5	G	URS0001A24B44_1423/1-130	7	A	5	A:5	7	A:208	assessable	assessable	assessable	Rfam.seed.gz	15.1	41f014f4ab5628620935f089b1bb77987ebc162fda7c72bff368a32c9cccabac
RF00174__4GXY_A__6VMY_A	RF00174	18	[	URS000080DFBC_32630/1-172	6	C	URS0001A24B44_1423/1-130	8	U	6	A:6	8	A:209	assessable	assessable	assessable	Rfam.seed.gz	15.1	41f014f4ab5628620935f089b1bb77987ebc162fda7c72bff368a32c9cccabac
RF00174__4GXY_A__6VMY_A	RF00174	20	[	URS000080DFBC_32630/1-172	7	A	URS0001A24B44_1423/1-130	9	A	7	A:7	9	A:210	assessable	assessable	assessable	Rfam.seed.gz	15.1	41f014f4ab5628620935f089b1bb77987ebc162fda7c72bff368a32c9cccabac
RF00174__4GXY_A__6VMY_A	RF00174	22	[	URS000080DFBC_32630/1-172	8	G	URS0001A24B44_1423/1-130	10	G	8	A:8	10	A:211	assessable	assessable	assessable	Rfam.seed.gz	15.1	41f014f4ab5628620935f089b1bb77987ebc162fda7c72bff368a32c9cccabac
RF00174__4GXY_A__6VMY_A	RF00174	24	[	URS000080DFBC_32630/1-172	9	G	URS0001A24B44_1423/1-130	11	G	9	A:9	11	A:212	assessable	assessable	assessable	Rfam.seed.gz	15.1	41f014f4ab5628620935f089b1bb77987ebc162fda7c72bff368a32c9cccabac
RF00174__4GXY_A__6VMY_A	RF00174	25	[	URS000080DFBC_32630/1-172	10	U	URS0001A24B44_1423/1-130	12	U	10	A:10	12	A:213	assessable	assessable	assessable	Rfam.seed.gz	15.1	41f014f4ab5628620935f089b1bb77987ebc162fda7c72bff368a32c9cccabac
RF00174__4GXY_A__6VMY_A	RF00174	30	<	URS000080DFBC_32630/1-172	12	C	URS0001A24B44_1423/1-130	13	G	12	A:12	13	A:214	assessable	assessable	assessable	Rfam.seed.gz	15.1	41f014f4ab5628620935f089b1bb77987ebc162fda7c72bff368a32c9cccabac
RF00174__4GXY_A__6VMY_A	RF00174	31	<	URS000080DFBC_32630/1-172	13	U	URS0001A24B44_1423/1-130	14	C	13	A:13	14	A:215	assessable	assessable	assessable	Rfam.seed.gz	15.1	41f014f4ab5628620935f089b1bb77987ebc162fda7c72bff368a32c9cccabac
RF00174__4GXY_A__6VMY_A	RF00174	32	<	URS000080DFBC_32630/1-172	14	C	URS0001A24B44_1423/1-130	15	C	14	A:14	15	A:216	assessable	assessable	assessable	Rfam.seed.gz	15.1	41f014f4ab5628620935f089b1bb77987ebc162fda7c72bff368a32c9cccabac
RF00174__4GXY_A__6VMY_A	RF00174	33	<	URS000080DFBC_32630/1-172	15	C	URS0001A24B44_1423/1-130	16	G	15	A:15	16	A:217	assessable	assessable	assessable	Rfam.seed.gz	15.1	41f014f4ab5628620935f089b1bb77987ebc162fda7c72bff368a32c9cccabac
RF00174__4GXY_A__6VMY_A	RF00174	34	<	URS000080DFBC_32630/1-172	16	C	URS0001A24B44_1423/1-130	17	G	16	A:16	17	A:218	assessable	assessable	assessable	Rfam.seed.gz	15.1	41f014f4ab5628620935f089b1bb77987ebc162fda7c72bff368a32c9cccabac
RF00174__4GXY_A__6VMY_A	RF00174	35	<	URS000080DFBC_32630/1-172	17	G	URS0001A24B44_1423/1-130	18	U	17	A:17	18	A:219	assessable	assessable	assessable	Rfam.seed.gz	15.1	41f014f4ab5628620935f089b1bb77987ebc162fda7c72bff368a32c9cccabac
RF00174__4GXY_A__6VMY_A	RF00174	36	_	URS000080DFBC_32630/1-172	18	A	URS0001A24B44_1423/1-130	19	C	18	A:18	19	A:220	assessable	assessable	assessable	Rfam.seed.gz	15.1	41f014f4ab5628620935f089b1bb77987ebc162fda7c72bff368a32c9cccabac
RF00174__4GXY_A__6VMY_A	RF00174	37	.	URS000080DFBC_32630/1-172	19	C	URS0001A24B44_1423/1-130	20	C	19	A:19	20	A:221	assessable	assessable	assessable	Rfam.seed.gz	15.1	41f014f4ab5628620935f089b1bb77987ebc162fda7c72bff368a32c9cccabac
RF00174__4GXY_A__6VMY_A	RF00174	38	.	URS000080DFBC_32630/1-172	20	C	URS0001A24B44_1423/1-130	21	G	20	A:20	21	A:222	missing_coordinates	assessable	missing_coordinates	Rfam.seed.gz	15.1	41f014f4ab5628620935f089b1bb77987ebc162fda7c72bff368a32c9cccabac
RF00174__4GXY_A__6VMY_A	RF00174	57	.	URS000080DFBC_32630/1-172	21	C	URS0001A24B44_1423/1-130	24	A	21	A:21	24	A:225	missing_coordinates	assessable	missing_coordinates	Rfam.seed.gz	15.1	41f014f4ab5628620935f089b1bb77987ebc162fda7c72bff368a32c9cccabac
RF00174__4GXY_A__6VMY_A	RF00174	58	.	URS000080DFBC_32630/1-172	22	U	URS0001A24B44_1423/1-130	25	A	22	A:22	25	A:226	missing_coordinates	assessable	missing_coordinates	Rfam.seed.gz	15.1	41f014f4ab5628620935f089b1bb77987ebc162fda7c72bff368a32c9cccabac
RF00174__4GXY_A__6VMY_A	RF00174	59	_	URS000080DFBC_32630/1-172	23	G	URS0001A24B44_1423/1-130	26	C	23	A:23	26	A:227	missing_coordinates	assessable	missing_coordinates	Rfam.seed.gz	15.1	41f014f4ab5628620935f089b1bb77987ebc162fda7c72bff368a32c9cccabac
RF00174__4GXY_A__6VMY_A	RF00174	60	_	URS000080DFBC_32630/1-172	24	C	URS0001A24B44_1423/1-130	27	A	24	A:24	27	A:228	missing_coordinates	assessable	missing_coordinates	Rfam.seed.gz	15.1	41f014f4ab5628620935f089b1bb77987ebc162fda7c72bff368a32c9cccabac
RF00174__4GXY_A__6VMY_A	RF00174	61	_	URS000080DFBC_32630/1-172	25	G	URS0001A24B44_1423/1-130	28	A	25	A:25	28	A:229	missing_coordinates	assessable	missing_coordinates	Rfam.seed.gz	15.1	41f014f4ab5628620935f089b1bb77987ebc162fda7c72bff368a32c9cccabac
RF00174__4GXY_A__6VMY_A	RF00174	62	_	URS000080DFBC_32630/1-172	26	G	URS0001A24B44_1423/1-130	29	C	26	A:26	29	A:230	assessable	assessable	assessable	Rfam.seed.gz	15.1	41f014f4ab5628620935f089b1bb77987ebc162fda7c72bff368a32c9cccabac
RF00174__4GXY_A__6VMY_A	RF00174	63	_	URS000080DFBC_32630/1-172	27	U	URS0001A24B44_1423/1-130	30	A	27	A:27	30	A:231	assessable	assessable	assessable	Rfam.seed.gz	15.1	41f014f4ab5628620935f089b1bb77987ebc162fda7c72bff368a32c9cccabac
RF00174__4GXY_A__6VMY_A	RF00174	65	>	URS000080DFBC_32630/1-172	28	C	URS0001A24B44_1423/1-130	31	G	28	A:28	31	A:232	assessable	assessable	assessable	Rfam.seed.gz	15.1	41f014f4ab5628620935f089b1bb77987ebc162fda7c72bff368a32c9cccabac
RF00174__4GXY_A__6VMY_A	RF00174	66	>	URS000080DFBC_32630/1-172	29	G	URS0001A24B44_1423/1-130	32	C	29	A:29	32	A:233	assessable	assessable	assessable	Rfam.seed.gz	15.1	41f014f4ab5628620935f089b1bb77987ebc162fda7c72bff368a32c9cccabac
RF00174__4GXY_A__6VMY_A	RF00174	67	>	URS000080DFBC_32630/1-172	30	G	URS0001A24B44_1423/1-130	33	C	30	A:30	33	A:234	assessable	assessable	assessable	Rfam.seed.gz	15.1	41f014f4ab5628620935f089b1bb77987ebc162fda7c72bff368a32c9cccabac
RF00174__4GXY_A__6VMY_A	RF00174	68	>	URS000080DFBC_32630/1-172	31	G	URS0001A24B44_1423/1-130	34	G	31	A:31	34	A:235	assessable	assessable	assessable	Rfam.seed.gz	15.1	41f014f4ab5628620935f089b1bb77987ebc162fda7c72bff368a32c9cccabac
RF00174__4GXY_A__6VMY_A	RF00174	69	>	URS000080DFBC_32630/1-172	32	A	URS0001A24B44_1423/1-130	35	G	32	A:32	35	A:236	assessable	assessable	assessable	Rfam.seed.gz	15.1	41f014f4ab5628620935f089b1bb77987ebc162fda7c72bff368a32c9cccabac
RF00174__4GXY_A__6VMY_A	RF00174	70	>	URS000080DFBC_32630/1-172	33	G	URS0001A24B44_1423/1-130	36	C	33	A:33	36	A:237	assessable	assessable	assessable	Rfam.seed.gz	15.1	41f014f4ab5628620935f089b1bb77987ebc162fda7c72bff368a32c9cccabac
RF00174__4GXY_A__6VMY_A	RF00174	71	<	URS000080DFBC_32630/1-172	34	U	URS0001A24B44_1423/1-130	37	U	34	A:34	37	A:238	assessable	assessable	assessable	Rfam.seed.gz	15.1	41f014f4ab5628620935f089b1bb77987ebc162fda7c72bff368a32c9cccabac
RF00174__4GXY_A__6VMY_A	RF00174	72	_	URS000080DFBC_32630/1-172	35	U	URS0001A24B44_1423/1-130	38	U	35	A:35	38	A:239	assessable	assessable	assessable	Rfam.seed.gz	15.1	41f014f4ab5628620935f089b1bb77987ebc162fda7c72bff368a32c9cccabac
RF00174__4GXY_A__6VMY_A	RF00174	77	_	URS000080DFBC_32630/1-172	36	A	URS0001A24B44_1423/1-130	39	A	36	A:36	39	A:240	assessable	assessable	assessable	Rfam.seed.gz	15.1	41f014f4ab5628620935f089b1bb77987ebc162fda7c72bff368a32c9cccabac
RF00174__4GXY_A__6VMY_A	RF00174	78	_	URS000080DFBC_32630/1-172	37	A	URS0001A24B44_1423/1-130	40	A	37	A:37	40	A:241	assessable	assessable	assessable	Rfam.seed.gz	15.1	41f014f4ab5628620935f089b1bb77987ebc162fda7c72bff368a32c9cccabac
RF00174__4GXY_A__6VMY_A	RF00174	79	>	URS000080DFBC_32630/1-172	38	A	URS0001A24B44_1423/1-130	41	A	38	A:38	41	A:242	assessable	assessable	assessable	Rfam.seed.gz	15.1	41f014f4ab5628620935f089b1bb77987ebc162fda7c72bff368a32c9cccabac
RF00174__4GXY_A__6VMY_A	RF00174	80	(	URS000080DFBC_32630/1-172	39	A	URS0001A24B44_1423/1-130	42	A	39	A:39	42	A:243	assessable	assessable	assessable	Rfam.seed.gz	15.1	41f014f4ab5628620935f089b1bb77987ebc162fda7c72bff368a32c9cccabac
RF00174__4GXY_A__6VMY_A	RF00174	82	(	URS000080DFBC_32630/1-172	40	G	URS0001A24B44_1423/1-130	43	G	40	A:40	43	A:244	assessable	assessable	assessable	Rfam.seed.gz	15.1	41f014f4ab5628620935f089b1bb77987ebc162fda7c72bff368a32c9cccabac
RF00174__4GXY_A__6VMY_A	RF00174	83	(	URS000080DFBC_32630/1-172	41	G	URS0001A24B44_1423/1-130	44	G	41	A:41	44	A:245	assessable	assessable	assessable	Rfam.seed.gz	15.1	41f014f4ab5628620935f089b1bb77987ebc162fda7c72bff368a32c9cccabac
RF00174__4GXY_A__6VMY_A	RF00174	84	,	URS000080DFBC_32630/1-172	42	G	URS0001A24B44_1423/1-130	45	G	42	A:42	45	A:246	assessable	assessable	assessable	Rfam.seed.gz	15.1	41f014f4ab5628620935f089b1bb77987ebc162fda7c72bff368a32c9cccabac
RF00174__4GXY_A__6VMY_A	RF00174	85	,	URS000080DFBC_32630/1-172	43	A	URS0001A24B44_1423/1-130	46	A	43	A:43	46	A:247	assessable	assessable	assessable	Rfam.seed.gz	15.1	41f014f4ab5628620935f089b1bb77987ebc162fda7c72bff368a32c9cccabac
RF00174__4GXY_A__6VMY_A	RF00174	86	,	URS000080DFBC_32630/1-172	44	A	URS0001A24B44_1423/1-130	47	A	44	A:44	47	A:248	assessable	assessable	assessable	Rfam.seed.gz	15.1	41f014f4ab5628620935f089b1bb77987ebc162fda7c72bff368a32c9cccabac
RF00174__4GXY_A__6VMY_A	RF00174	88	<	URS000080DFBC_32630/1-172	45	G	URS0001A24B44_1423/1-130	48	A	45	A:45	48	A:249	assessable	assessable	assessable	Rfam.seed.gz	15.1	41f014f4ab5628620935f089b1bb77987ebc162fda7c72bff368a32c9cccabac
RF00174__4GXY_A__6VMY_A	RF00174	90	<	URS000080DFBC_32630/1-172	46	C	URS0001A24B44_1423/1-130	49	C	46	A:46	49	A:250	assessable	assessable	assessable	Rfam.seed.gz	15.1	41f014f4ab5628620935f089b1bb77987ebc162fda7c72bff368a32c9cccabac
RF00174__4GXY_A__6VMY_A	RF00174	91	<	URS000080DFBC_32630/1-172	47	C	URS0001A24B44_1423/1-130	50	C	47	A:47	50	A:251	assessable	assessable	assessable	Rfam.seed.gz	15.1	41f014f4ab5628620935f089b1bb77987ebc162fda7c72bff368a32c9cccabac
RF00174__4GXY_A__6VMY_A	RF00174	93	<	URS000080DFBC_32630/1-172	48	G	URS0001A24B44_1423/1-130	51	G	48	A:48	51	A:252	assessable	assessable	assessable	Rfam.seed.gz	15.1	41f014f4ab5628620935f089b1bb77987ebc162fda7c72bff368a32c9cccabac
RF00174__4GXY_A__6VMY_A	RF00174	94	<	URS000080DFBC_32630/1-172	49	G	URS0001A24B44_1423/1-130	52	G	49	A:49	52	A:253	assessable	assessable	assessable	Rfam.seed.gz	15.1	41f014f4ab5628620935f089b1bb77987ebc162fda7c72bff368a32c9cccabac
RF00174__4GXY_A__6VMY_A	RF00174	96	_	URS000080DFBC_32630/1-172	50	U	URS0001A24B44_1423/1-130	53	U	50	A:50	53	A:254	assessable	assessable	assessable	Rfam.seed.gz	15.1	41f014f4ab5628620935f089b1bb77987ebc162fda7c72bff368a32c9cccabac
RF00174__4GXY_A__6VMY_A	RF00174	98	_	URS000080DFBC_32630/1-172	52	C	URS0001A24B44_1423/1-130	54	A	52	A:52	54	A:255	assessable	assessable	assessable	Rfam.seed.gz	15.1	41f014f4ab5628620935f089b1bb77987ebc162fda7c72bff368a32c9cccabac
RF00174__4GXY_A__6VMY_A	RF00174	130	_	URS000080DFBC_32630/1-172	53	A	URS0001A24B44_1423/1-130	55	A	53	A:53	55	A:256	assessable	assessable	assessable	Rfam.seed.gz	15.1	41f014f4ab5628620935f089b1bb77987ebc162fda7c72bff368a32c9cccabac
RF00174__4GXY_A__6VMY_A	RF00174	131	_	URS000080DFBC_32630/1-172	54	A	URS0001A24B44_1423/1-130	56	A	54	A:54	56	A:257	assessable	assessable	assessable	Rfam.seed.gz	15.1	41f014f4ab5628620935f089b1bb77987ebc162fda7c72bff368a32c9cccabac
RF00174__4GXY_A__6VMY_A	RF00174	132	_	URS000080DFBC_32630/1-172	55	G	URS0001A24B44_1423/1-130	57	A	55	A:55	57	A:258	assessable	assessable	assessable	Rfam.seed.gz	15.1	41f014f4ab5628620935f089b1bb77987ebc162fda7c72bff368a32c9cccabac
RF00174__4GXY_A__6VMY_A	RF00174	133	_	URS000080DFBC_32630/1-172	56	U	URS0001A24B44_1423/1-130	58	G	56	A:56	58	A:259	assessable	assessable	assessable	Rfam.seed.gz	15.1	41f014f4ab5628620935f089b1bb77987ebc162fda7c72bff368a32c9cccabac
RF00174__4GXY_A__6VMY_A	RF00174	134	>	URS000080DFBC_32630/1-172	57	C	URS0001A24B44_1423/1-130	59	C	57	A:57	59	A:260	assessable	assessable	assessable	Rfam.seed.gz	15.1	41f014f4ab5628620935f089b1bb77987ebc162fda7c72bff368a32c9cccabac
RF00174__4GXY_A__6VMY_A	RF00174	135	>	URS000080DFBC_32630/1-172	58	C	URS0001A24B44_1423/1-130	60	C	58	A:58	60	A:261	assessable	assessable	assessable	Rfam.seed.gz	15.1	41f014f4ab5628620935f089b1bb77987ebc162fda7c72bff368a32c9cccabac
RF00174__4GXY_A__6VMY_A	RF00174	136	>	URS000080DFBC_32630/1-172	59	G	URS0001A24B44_1423/1-130	61	G	59	A:59	61	A:262	assessable	assessable	assessable	Rfam.seed.gz	15.1	41f014f4ab5628620935f089b1bb77987ebc162fda7c72bff368a32c9cccabac
RF00174__4GXY_A__6VMY_A	RF00174	137	>	URS000080DFBC_32630/1-172	60	G	URS0001A24B44_1423/1-130	62	G	60	A:60	62	A:263	assessable	assessable	assessable	Rfam.seed.gz	15.1	41f014f4ab5628620935f089b1bb77987ebc162fda7c72bff368a32c9cccabac
RF00174__4GXY_A__6VMY_A	RF00174	139	>	URS000080DFBC_32630/1-172	61	C	URS0001A24B44_1423/1-130	63	U	61	A:61	63	A:264	assessable	assessable	assessable	Rfam.seed.gz	15.1	41f014f4ab5628620935f089b1bb77987ebc162fda7c72bff368a32c9cccabac
RF00174__4GXY_A__6VMY_A	RF00174	140	A	URS000080DFBC_32630/1-172	62	A	URS0001A24B44_1423/1-130	64	G	62	A:62	64	A:265	assessable	assessable	assessable	Rfam.seed.gz	15.1	41f014f4ab5628620935f089b1bb77987ebc162fda7c72bff368a32c9cccabac
RF00174__4GXY_A__6VMY_A	RF00174	141	A	URS000080DFBC_32630/1-172	63	C	URS0001A24B44_1423/1-130	65	C	63	A:63	65	A:266	assessable	assessable	assessable	Rfam.seed.gz	15.1	41f014f4ab5628620935f089b1bb77987ebc162fda7c72bff368a32c9cccabac
RF00174__4GXY_A__6VMY_A	RF00174	142	<	URS000080DFBC_32630/1-172	64	G	URS0001A24B44_1423/1-130	66	G	64	A:64	66	A:267	assessable	assessable	assessable	Rfam.seed.gz	15.1	41f014f4ab5628620935f089b1bb77987ebc162fda7c72bff368a32c9cccabac
RF00174__4GXY_A__6VMY_A	RF00174	143	<	URS000080DFBC_32630/1-172	65	G	URS0001A24B44_1423/1-130	67	G	65	A:65	67	A:268	assessable	assessable	assessable	Rfam.seed.gz	15.1	41f014f4ab5628620935f089b1bb77987ebc162fda7c72bff368a32c9cccabac
RF00174__4GXY_A__6VMY_A	RF00174	144	_	URS000080DFBC_32630/1-172	66	U	URS0001A24B44_1423/1-130	68	U	66	A:66	68	A:269	assessable	assessable	assessable	Rfam.seed.gz	15.1	41f014f4ab5628620935f089b1bb77987ebc162fda7c72bff368a32c9cccabac
RF00174__4GXY_A__6VMY_A	RF00174	146	_	URS000080DFBC_32630/1-172	67	C	URS0001A24B44_1423/1-130	69	C	67	A:67	69	A:270	assessable	assessable	assessable	Rfam.seed.gz	15.1	41f014f4ab5628620935f089b1bb77987ebc162fda7c72bff368a32c9cccabac
RF00174__4GXY_A__6VMY_A	RF00174	148	_	URS000080DFBC_32630/1-172	68	C	URS0001A24B44_1423/1-130	70	C	68	A:68	70	A:271	assessable	assessable	assessable	Rfam.seed.gz	15.1	41f014f4ab5628620935f089b1bb77987ebc162fda7c72bff368a32c9cccabac
RF00174__4GXY_A__6VMY_A	RF00174	149	_	URS000080DFBC_32630/1-172	69	C	URS0001A24B44_1423/1-130	71	C	69	A:69	71	A:272	assessable	assessable	assessable	Rfam.seed.gz	15.1	41f014f4ab5628620935f089b1bb77987ebc162fda7c72bff368a32c9cccabac
RF00174__4GXY_A__6VMY_A	RF00174	151	_	URS000080DFBC_32630/1-172	70	G	URS0001A24B44_1423/1-130	72	G	70	A:70	72	A:273	assessable	assessable	assessable	Rfam.seed.gz	15.1	41f014f4ab5628620935f089b1bb77987ebc162fda7c72bff368a32c9cccabac
RF00174__4GXY_A__6VMY_A	RF00174	152	>	URS000080DFBC_32630/1-172	71	C	URS0001A24B44_1423/1-130	73	C	71	A:71	73	A:274	assessable	assessable	assessable	Rfam.seed.gz	15.1	41f014f4ab5628620935f089b1bb77987ebc162fda7c72bff368a32c9cccabac
RF00174__4GXY_A__6VMY_A	RF00174	153	>	URS000080DFBC_32630/1-172	72	C	URS0001A24B44_1423/1-130	74	C	72	A:72	74	A:275	assessable	assessable	assessable	Rfam.seed.gz	15.1	41f014f4ab5628620935f089b1bb77987ebc162fda7c72bff368a32c9cccabac
RF00174__4GXY_A__6VMY_A	RF00174	154	<	URS000080DFBC_32630/1-172	73	A	URS0001A24B44_1423/1-130	75	A	73	A:73	75	A:276	assessable	assessable	assessable	Rfam.seed.gz	15.1	41f014f4ab5628620935f089b1bb77987ebc162fda7c72bff368a32c9cccabac
RF00174__4GXY_A__6VMY_A	RF00174	155	<	URS000080DFBC_32630/1-172	74	C	URS0001A24B44_1423/1-130	76	C	74	A:74	76	A:277	assessable	assessable	assessable	Rfam.seed.gz	15.1	41f014f4ab5628620935f089b1bb77987ebc162fda7c72bff368a32c9cccabac
RF00174__4GXY_A__6VMY_A	RF00174	156	<	URS000080DFBC_32630/1-172	75	U	URS0001A24B44_1423/1-130	77	U	75	A:75	77	A:278	assessable	assessable	assessable	Rfam.seed.gz	15.1	41f014f4ab5628620935f089b1bb77987ebc162fda7c72bff368a32c9cccabac
RF00174__4GXY_A__6VMY_A	RF00174	157	<	URS000080DFBC_32630/1-172	76	G	URS0001A24B44_1423/1-130	78	G	76	A:76	78	A:279	assessable	assessable	assessable	Rfam.seed.gz	15.1	41f014f4ab5628620935f089b1bb77987ebc162fda7c72bff368a32c9cccabac
RF00174__4GXY_A__6VMY_A	RF00174	158	-	URS000080DFBC_32630/1-172	77	U	URS0001A24B44_1423/1-130	79	U	77	A:77	79	A:280	assessable	assessable	assessable	Rfam.seed.gz	15.1	41f014f4ab5628620935f089b1bb77987ebc162fda7c72bff368a32c9cccabac
RF00174__4GXY_A__6VMY_A	RF00174	159	-	URS000080DFBC_32630/1-172	78	G	URS0001A24B44_1423/1-130	80	A	78	A:78	80	A:281	assessable	assessable	assessable	Rfam.seed.gz	15.1	41f014f4ab5628620935f089b1bb77987ebc162fda7c72bff368a32c9cccabac
RF00174__4GXY_A__6VMY_A	RF00174	160	-	URS000080DFBC_32630/1-172	79	A	URS0001A24B44_1423/1-130	81	A	79	A:79	81	A:282	assessable	assessable	assessable	Rfam.seed.gz	15.1	41f014f4ab5628620935f089b1bb77987ebc162fda7c72bff368a32c9cccabac
RF00174__4GXY_A__6VMY_A	RF00174	163	<	URS000080DFBC_32630/1-172	80	C	URS0001A24B44_1423/1-130	82	U	80	A:80	82	A:283	assessable	assessable	assessable	Rfam.seed.gz	15.1	41f014f4ab5628620935f089b1bb77987ebc162fda7c72bff368a32c9cccabac
RF00174__4GXY_A__6VMY_A	RF00174	164	<	URS000080DFBC_32630/1-172	81	G	URS0001A24B44_1423/1-130	83	U	81	A:81	83	A:284	assessable	assessable	assessable	Rfam.seed.gz	15.1	41f014f4ab5628620935f089b1bb77987ebc162fda7c72bff368a32c9cccabac
RF00174__4GXY_A__6VMY_A	RF00174	165	<	URS000080DFBC_32630/1-172	82	G	URS0001A24B44_1423/1-130	84	G	82	A:82	84	A:285	assessable	assessable	assessable	Rfam.seed.gz	15.1	41f014f4ab5628620935f089b1bb77987ebc162fda7c72bff368a32c9cccabac
RF00174__4GXY_A__6VMY_A	RF00174	175	-	URS000080DFBC_32630/1-172	85	A	URS0001A24B44_1423/1-130	88	A	85	A:85	88	A:289	assessable	assessable	assessable	Rfam.seed.gz	15.1	41f014f4ab5628620935f089b1bb77987ebc162fda7c72bff368a32c9cccabac
RF00174__4GXY_A__6VMY_A	RF00174	176	-	URS000080DFBC_32630/1-172	86	G	URS0001A24B44_1423/1-130	89	A	86	A:86	89	A:290	assessable	assessable	assessable	Rfam.seed.gz	15.1	41f014f4ab5628620935f089b1bb77987ebc162fda7c72bff368a32c9cccabac
RF00174__4GXY_A__6VMY_A	RF00174	177	<	URS000080DFBC_32630/1-172	87	U	URS0001A24B44_1423/1-130	90	G	87	A:87	90	A:291	assessable	assessable	assessable	Rfam.seed.gz	15.1	41f014f4ab5628620935f089b1bb77987ebc162fda7c72bff368a32c9cccabac
RF00174__4GXY_A__6VMY_A	RF00174	178	-	URS000080DFBC_32630/1-172	88	C	URS0001A24B44_1423/1-130	91	C	88	A:88	91	A:292	assessable	assessable	assessable	Rfam.seed.gz	15.1	41f014f4ab5628620935f089b1bb77987ebc162fda7c72bff368a32c9cccabac
RF00174__4GXY_A__6VMY_A	RF00174	398	>	URS000080DFBC_32630/1-172	145	U	URS0001A24B44_1423/1-130	92	G	145	A:145	92	A:293	assessable	assessable	assessable	Rfam.seed.gz	15.1	41f014f4ab5628620935f089b1bb77987ebc162fda7c72bff368a32c9cccabac
RF00174__4GXY_A__6VMY_A	RF00174	399	>	URS000080DFBC_32630/1-172	146	C	URS0001A24B44_1423/1-130	93	C	146	A:146	93	A:294	assessable	assessable	assessable	Rfam.seed.gz	15.1	41f014f4ab5628620935f089b1bb77987ebc162fda7c72bff368a32c9cccabac
RF00174__4GXY_A__6VMY_A	RF00174	400	>	URS000080DFBC_32630/1-172	147	C	URS0001A24B44_1423/1-130	94	C	147	A:147	94	A:295	assessable	assessable	assessable	Rfam.seed.gz	15.1	41f014f4ab5628620935f089b1bb77987ebc162fda7c72bff368a32c9cccabac
RF00174__4GXY_A__6VMY_A	RF00174	401	>	URS000080DFBC_32630/1-172	148	G	URS0001A24B44_1423/1-130	95	A	148	A:148	95	A:296	assessable	assessable	assessable	Rfam.seed.gz	15.1	41f014f4ab5628620935f089b1bb77987ebc162fda7c72bff368a32c9cccabac
RF00174__4GXY_A__6VMY_A	RF00174	403	-	URS000080DFBC_32630/1-172	149	G	URS0001A24B44_1423/1-130	97	G	149	A:149	97	A:298	assessable	assessable	assessable	Rfam.seed.gz	15.1	41f014f4ab5628620935f089b1bb77987ebc162fda7c72bff368a32c9cccabac
RF00174__4GXY_A__6VMY_A	RF00174	404	-	URS000080DFBC_32630/1-172	150	A	URS0001A24B44_1423/1-130	98	A	150	A:150	98	A:299	assessable	assessable	assessable	Rfam.seed.gz	15.1	41f014f4ab5628620935f089b1bb77987ebc162fda7c72bff368a32c9cccabac
RF00174__4GXY_A__6VMY_A	RF00174	405	a	URS000080DFBC_32630/1-172	151	G	URS0001A24B44_1423/1-130	99	G	151	A:151	99	A:300	assessable	assessable	assessable	Rfam.seed.gz	15.1	41f014f4ab5628620935f089b1bb77987ebc162fda7c72bff368a32c9cccabac
RF00174__4GXY_A__6VMY_A	RF00174	406	a	URS000080DFBC_32630/1-172	152	U	URS0001A24B44_1423/1-130	100	C	152	A:152	100	A:301	assessable	assessable	assessable	Rfam.seed.gz	15.1	41f014f4ab5628620935f089b1bb77987ebc162fda7c72bff368a32c9cccabac
RF00174__4GXY_A__6VMY_A	RF00174	407	>	URS000080DFBC_32630/1-172	153	C	URS0001A24B44_1423/1-130	101	C	153	A:153	101	A:302	assessable	assessable	assessable	Rfam.seed.gz	15.1	41f014f4ab5628620935f089b1bb77987ebc162fda7c72bff368a32c9cccabac
RF00174__4GXY_A__6VMY_A	RF00174	408	>	URS000080DFBC_32630/1-172	154	A	URS0001A24B44_1423/1-130	102	A	154	A:154	102	A:303	assessable	assessable	assessable	Rfam.seed.gz	15.1	41f014f4ab5628620935f089b1bb77987ebc162fda7c72bff368a32c9cccabac
RF00174__4GXY_A__6VMY_A	RF00174	409	-	URS000080DFBC_32630/1-172	155	G	URS0001A24B44_1423/1-130	103	G	155	A:155	103	A:304	assessable	assessable	assessable	Rfam.seed.gz	15.1	41f014f4ab5628620935f089b1bb77987ebc162fda7c72bff368a32c9cccabac
RF00174__4GXY_A__6VMY_A	RF00174	410	>	URS000080DFBC_32630/1-172	156	G	URS0001A24B44_1423/1-130	104	G	156	A:156	104	A:305	assessable	assessable	assessable	Rfam.seed.gz	15.1	41f014f4ab5628620935f089b1bb77987ebc162fda7c72bff368a32c9cccabac
RF00174__4GXY_A__6VMY_A	RF00174	411	,	URS000080DFBC_32630/1-172	157	A	URS0001A24B44_1423/1-130	105	A	157	A:157	105	A:306	assessable	assessable	assessable	Rfam.seed.gz	15.1	41f014f4ab5628620935f089b1bb77987ebc162fda7c72bff368a32c9cccabac
RF00174__4GXY_A__6VMY_A	RF00174	412	,	URS000080DFBC_32630/1-172	158	A	URS0001A24B44_1423/1-130	106	U	158	A:158	106	A:307	assessable	assessable	assessable	Rfam.seed.gz	15.1	41f014f4ab5628620935f089b1bb77987ebc162fda7c72bff368a32c9cccabac
RF00174__4GXY_A__6VMY_A	RF00174	413	,	URS000080DFBC_32630/1-172	159	A	URS0001A24B44_1423/1-130	107	A	159	A:159	107	A:308	assessable	assessable	assessable	Rfam.seed.gz	15.1	41f014f4ab5628620935f089b1bb77987ebc162fda7c72bff368a32c9cccabac
RF00174__4GXY_A__6VMY_A	RF00174	414	)	URS000080DFBC_32630/1-172	160	C	URS0001A24B44_1423/1-130	108	C	160	A:160	108	A:309	assessable	assessable	assessable	Rfam.seed.gz	15.1	41f014f4ab5628620935f089b1bb77987ebc162fda7c72bff368a32c9cccabac
RF00174__4GXY_A__6VMY_A	RF00174	415	)	URS000080DFBC_32630/1-172	161	C	URS0001A24B44_1423/1-130	109	C	161	A:161	109	A:310	assessable	assessable	assessable	Rfam.seed.gz	15.1	41f014f4ab5628620935f089b1bb77987ebc162fda7c72bff368a32c9cccabac
RF00174__4GXY_A__6VMY_A	RF00174	416	)	URS000080DFBC_32630/1-172	162	U	URS0001A24B44_1423/1-130	110	U	162	A:162	110	A:311	assessable	assessable	assessable	Rfam.seed.gz	15.1	41f014f4ab5628620935f089b1bb77987ebc162fda7c72bff368a32c9cccabac
RF00174__4GXY_A__6VMY_A	RF00174	417	]	URS000080DFBC_32630/1-172	163	G	URS0001A24B44_1423/1-130	111	G	163	A:163	111	A:312	assessable	assessable	assessable	Rfam.seed.gz	15.1	41f014f4ab5628620935f089b1bb77987ebc162fda7c72bff368a32c9cccabac
RF00174__4GXY_A__6VMY_A	RF00174	418	]	URS000080DFBC_32630/1-172	164	C	URS0001A24B44_1423/1-130	112	C	164	A:164	112	A:313	assessable	assessable	assessable	Rfam.seed.gz	15.1	41f014f4ab5628620935f089b1bb77987ebc162fda7c72bff368a32c9cccabac
RF00174__4GXY_A__6VMY_A	RF00174	419	]	URS000080DFBC_32630/1-172	165	C	URS0001A24B44_1423/1-130	113	C	165	A:165	113	A:314	assessable	assessable	assessable	Rfam.seed.gz	15.1	41f014f4ab5628620935f089b1bb77987ebc162fda7c72bff368a32c9cccabac
RF00174__4GXY_A__6VMY_A	RF00174	420	]	URS000080DFBC_32630/1-172	166	U	URS0001A24B44_1423/1-130	114	U	166	A:166	114	A:315	assessable	assessable	assessable	Rfam.seed.gz	15.1	41f014f4ab5628620935f089b1bb77987ebc162fda7c72bff368a32c9cccabac
RF00174__4GXY_A__6VMY_A	RF00174	422	]	URS000080DFBC_32630/1-172	167	G	URS0001A24B44_1423/1-130	116	U	167	A:167	116	A:317	assessable	assessable	assessable	Rfam.seed.gz	15.1	41f014f4ab5628620935f089b1bb77987ebc162fda7c72bff368a32c9cccabac
RF00174__4GXY_A__6VMY_A	RF00174	423	]	URS000080DFBC_32630/1-172	168	C	URS0001A24B44_1423/1-130	117	U	168	A:168	117	A:318	assessable	assessable	assessable	Rfam.seed.gz	15.1	41f014f4ab5628620935f089b1bb77987ebc162fda7c72bff368a32c9cccabac
RF00174__4GXY_A__6VMY_A	RF00174	424	]	URS000080DFBC_32630/1-172	169	C	URS0001A24B44_1423/1-130	118	U	169	A:169	118	A:319	assessable	assessable	assessable	Rfam.seed.gz	15.1	41f014f4ab5628620935f089b1bb77987ebc162fda7c72bff368a32c9cccabac
RF00174__4GXY_A__6VMY_A	RF00174	426	]	URS000080DFBC_32630/1-172	170	G	URS0001A24B44_1423/1-130	120	A	170	A:170	120	A:321	assessable	assessable	assessable	Rfam.seed.gz	15.1	41f014f4ab5628620935f089b1bb77987ebc162fda7c72bff368a32c9cccabac
RF00174__4GXY_A__6VMY_A	RF00174	427	-	URS000080DFBC_32630/1-172	171	U	URS0001A24B44_1423/1-130	121	U	171	A:171	121	A:322	engineered_position_masked	assessable	engineered_position_masked	Rfam.seed.gz	15.1	41f014f4ab5628620935f089b1bb77987ebc162fda7c72bff368a32c9cccabac
RF00174__4GXY_A__6VMY_A	RF00174	428	]	URS000080DFBC_32630/1-172	172	C	URS0001A24B44_1423/1-130	122	C	172	A:172	122	A:323	engineered_position_masked	assessable	engineered_position_masked	Rfam.seed.gz	15.1	41f014f4ab5628620935f089b1bb77987ebc162fda7c72bff368a32c9cccabac
RF00442__5U3G_B__7MLW_F	RF00442	8	<	URS0000B21DF0_204038/1-85	1	G	URS00023119BD_987057/1-128	2	G	1	B:1	2	F:2	assessable	assessable	assessable	Rfam.seed.gz	15.1	41f014f4ab5628620935f089b1bb77987ebc162fda7c72bff368a32c9cccabac
RF00442__5U3G_B__7MLW_F	RF00442	9	<	URS0000B21DF0_204038/1-85	2	G	URS00023119BD_987057/1-128	3	A	2	B:2	3	F:3	assessable	assessable	assessable	Rfam.seed.gz	15.1	41f014f4ab5628620935f089b1bb77987ebc162fda7c72bff368a32c9cccabac
RF00442__5U3G_B__7MLW_F	RF00442	10	<	URS0000B21DF0_204038/1-85	3	U	URS00023119BD_987057/1-128	4	U	3	B:3	4	F:4	assessable	assessable	assessable	Rfam.seed.gz	15.1	41f014f4ab5628620935f089b1bb77987ebc162fda7c72bff368a32c9cccabac
RF00442__5U3G_B__7MLW_F	RF00442	11	<	URS0000B21DF0_204038/1-85	4	G	URS00023119BD_987057/1-128	5	C	4	B:4	5	F:5	assessable	assessable	assessable	Rfam.seed.gz	15.1	41f014f4ab5628620935f089b1bb77987ebc162fda7c72bff368a32c9cccabac
RF00442__5U3G_B__7MLW_F	RF00442	12	<	URS0000B21DF0_204038/1-85	5	A	URS00023119BD_987057/1-128	6	G	5	B:5	6	F:6	assessable	assessable	assessable	Rfam.seed.gz	15.1	41f014f4ab5628620935f089b1bb77987ebc162fda7c72bff368a32c9cccabac
RF00442__5U3G_B__7MLW_F	RF00442	13	<	URS0000B21DF0_204038/1-85	6	C	URS00023119BD_987057/1-128	7	C	6	B:6	7	F:7	assessable	assessable	assessable	Rfam.seed.gz	15.1	41f014f4ab5628620935f089b1bb77987ebc162fda7c72bff368a32c9cccabac
RF00442__5U3G_B__7MLW_F	RF00442	14	-	URS0000B21DF0_204038/1-85	7	U	URS00023119BD_987057/1-128	8	U	7	B:7	8	F:8	assessable	assessable	assessable	Rfam.seed.gz	15.1	41f014f4ab5628620935f089b1bb77987ebc162fda7c72bff368a32c9cccabac
RF00442__5U3G_B__7MLW_F	RF00442	15	-	URS0000B21DF0_204038/1-85	8	A	URS00023119BD_987057/1-128	9	A	8	B:8	9	F:9	assessable	assessable	assessable	Rfam.seed.gz	15.1	41f014f4ab5628620935f089b1bb77987ebc162fda7c72bff368a32c9cccabac
RF00442__5U3G_B__7MLW_F	RF00442	16	<	URS0000B21DF0_204038/1-85	9	G	URS00023119BD_987057/1-128	10	G	9	B:9	10	F:10	assessable	assessable	assessable	Rfam.seed.gz	15.1	41f014f4ab5628620935f089b1bb77987ebc162fda7c72bff368a32c9cccabac
RF00442__5U3G_B__7MLW_F	RF00442	17	<	URS0000B21DF0_204038/1-85	10	G	URS00023119BD_987057/1-128	11	G	10	B:10	11	F:11	assessable	assessable	assessable	Rfam.seed.gz	15.1	41f014f4ab5628620935f089b1bb77987ebc162fda7c72bff368a32c9cccabac
RF00442__5U3G_B__7MLW_F	RF00442	18	-	URS0000B21DF0_204038/1-85	11	G	URS00023119BD_987057/1-128	12	G	11	B:11	12	F:12	assessable	assessable	assessable	Rfam.seed.gz	15.1	41f014f4ab5628620935f089b1bb77987ebc162fda7c72bff368a32c9cccabac
RF00442__5U3G_B__7MLW_F	RF00442	19	-	URS0000B21DF0_204038/1-85	12	U	URS00023119BD_987057/1-128	13	U	12	B:12	13	F:13	assessable	assessable	assessable	Rfam.seed.gz	15.1	41f014f4ab5628620935f089b1bb77987ebc162fda7c72bff368a32c9cccabac
RF00442__5U3G_B__7MLW_F	RF00442	20	-	URS0000B21DF0_204038/1-85	13	U	URS00023119BD_987057/1-128	14	U	13	B:13	14	F:14	assessable	assessable	assessable	Rfam.seed.gz	15.1	41f014f4ab5628620935f089b1bb77987ebc162fda7c72bff368a32c9cccabac
RF00442__5U3G_B__7MLW_F	RF00442	21	<	URS0000B21DF0_204038/1-85	14	C	URS00023119BD_987057/1-128	15	C	14	B:14	15	F:15	assessable	assessable	assessable	Rfam.seed.gz	15.1	41f014f4ab5628620935f089b1bb77987ebc162fda7c72bff368a32c9cccabac
RF00442__5U3G_B__7MLW_F	RF00442	22	<	URS0000B21DF0_204038/1-85	15	C	URS00023119BD_987057/1-128	16	C	15	B:15	16	F:16	assessable	assessable	assessable	Rfam.seed.gz	15.1	41f014f4ab5628620935f089b1bb77987ebc162fda7c72bff368a32c9cccabac
RF00442__5U3G_B__7MLW_F	RF00442	23	<	URS0000B21DF0_204038/1-85	16	G	URS00023119BD_987057/1-128	17	G	16	B:16	17	F:17	assessable	assessable	assessable	Rfam.seed.gz	15.1	41f014f4ab5628620935f089b1bb77987ebc162fda7c72bff368a32c9cccabac
RF00442__5U3G_B__7MLW_F	RF00442	24	<	URS0000B21DF0_204038/1-85	17	G	URS00023119BD_987057/1-128	18	G	17	B:17	18	F:18	assessable	assessable	assessable	Rfam.seed.gz	15.1	41f014f4ab5628620935f089b1bb77987ebc162fda7c72bff368a32c9cccabac
RF00442__5U3G_B__7MLW_F	RF00442	25	<	URS0000B21DF0_204038/1-85	18	C	URS00023119BD_987057/1-128	19	U	18	B:18	19	F:19	assessable	assessable	assessable	Rfam.seed.gz	15.1	41f014f4ab5628620935f089b1bb77987ebc162fda7c72bff368a32c9cccabac
RF00442__5U3G_B__7MLW_F	RF00442	32	_	URS0000B21DF0_204038/1-85	19	G	URS00023119BD_987057/1-128	24	C	19	B:19	24	F:24	engineered_position_masked	assessable	engineered_position_masked	Rfam.seed.gz	15.1	41f014f4ab5628620935f089b1bb77987ebc162fda7c72bff368a32c9cccabac
RF00442__5U3G_B__7MLW_F	RF00442	33	_	URS0000B21DF0_204038/1-85	20	A	URS00023119BD_987057/1-128	25	G	20	B:20	25	F:25	engineered_position_masked	assessable	engineered_position_masked	Rfam.seed.gz	15.1	41f014f4ab5628620935f089b1bb77987ebc162fda7c72bff368a32c9cccabac
RF00442__5U3G_B__7MLW_F	RF00442	34	_	URS0000B21DF0_204038/1-85	21	A	URS00023119BD_987057/1-128	26	G	21	B:21	26	F:26	engineered_position_masked	assessable	engineered_position_masked	Rfam.seed.gz	15.1	41f014f4ab5628620935f089b1bb77987ebc162fda7c72bff368a32c9cccabac
RF00442__5U3G_B__7MLW_F	RF00442	35	_	URS0000B21DF0_204038/1-85	22	A	URS00023119BD_987057/1-128	27	C	22	B:22	27	F:27	engineered_position_masked	assessable	engineered_position_masked	Rfam.seed.gz	15.1	41f014f4ab5628620935f089b1bb77987ebc162fda7c72bff368a32c9cccabac
RF00442__5U3G_B__7MLW_F	RF00442	63	>	URS0000B21DF0_204038/1-85	23	G	URS00023119BD_987057/1-128	42	A	23	B:23	42	F:42	assessable	assessable	assessable	Rfam.seed.gz	15.1	41f014f4ab5628620935f089b1bb77987ebc162fda7c72bff368a32c9cccabac
RF00442__5U3G_B__7MLW_F	RF00442	67	>	URS0000B21DF0_204038/1-85	24	C	URS00023119BD_987057/1-128	45	C	24	B:24	45	F:45	assessable	assessable	assessable	Rfam.seed.gz	15.1	41f014f4ab5628620935f089b1bb77987ebc162fda7c72bff368a32c9cccabac
RF00442__5U3G_B__7MLW_F	RF00442	68	-	URS0000B21DF0_204038/1-85	25	C	URS00023119BD_987057/1-128	46	U	25	B:25	46	F:46	engineered_position_masked	assessable	engineered_position_masked	Rfam.seed.gz	15.1	41f014f4ab5628620935f089b1bb77987ebc162fda7c72bff368a32c9cccabac
RF00442__5U3G_B__7MLW_F	RF00442	69	>	URS0000B21DF0_204038/1-85	26	G	URS00023119BD_987057/1-128	47	G	26	B:26	47	F:47	assessable	assessable	assessable	Rfam.seed.gz	15.1	41f014f4ab5628620935f089b1bb77987ebc162fda7c72bff368a32c9cccabac
RF00442__5U3G_B__7MLW_F	RF00442	71	>	URS0000B21DF0_204038/1-85	27	G	URS00023119BD_987057/1-128	48	G	27	B:27	48	F:48	assessable	assessable	assessable	Rfam.seed.gz	15.1	41f014f4ab5628620935f089b1bb77987ebc162fda7c72bff368a32c9cccabac
RF00442__5U3G_B__7MLW_F	RF00442	72	-	URS0000B21DF0_204038/1-85	28	U	URS00023119BD_987057/1-128	49	U	28	B:28	49	F:49	assessable	assessable	assessable	Rfam.seed.gz	15.1	41f014f4ab5628620935f089b1bb77987ebc162fda7c72bff368a32c9cccabac
RF00442__5U3G_B__7MLW_F	RF00442	73	>	URS0000B21DF0_204038/1-85	29	C	URS00023119BD_987057/1-128	50	C	29	B:29	50	F:50	assessable	assessable	assessable	Rfam.seed.gz	15.1	41f014f4ab5628620935f089b1bb77987ebc162fda7c72bff368a32c9cccabac
RF00442__5U3G_B__7MLW_F	RF00442	74	>	URS0000B21DF0_204038/1-85	30	C	URS00023119BD_987057/1-128	51	C	30	B:30	51	F:51	assessable	assessable	assessable	Rfam.seed.gz	15.1	41f014f4ab5628620935f089b1bb77987ebc162fda7c72bff368a32c9cccabac
RF00442__5U3G_B__7MLW_F	RF00442	75	-	URS0000B21DF0_204038/1-85	31	G	URS00023119BD_987057/1-128	52	G	31	B:31	52	F:52	assessable	assessable	assessable	Rfam.seed.gz	15.1	41f014f4ab5628620935f089b1bb77987ebc162fda7c72bff368a32c9cccabac
RF00442__5U3G_B__7MLW_F	RF00442	76	-	URS0000B21DF0_204038/1-85	32	A	URS00023119BD_987057/1-128	53	A	32	B:32	53	F:53	assessable	assessable	assessable	Rfam.seed.gz	15.1	41f014f4ab5628620935f089b1bb77987ebc162fda7c72bff368a32c9cccabac
RF00442__5U3G_B__7MLW_F	RF00442	77	-	URS0000B21DF0_204038/1-85	33	G	URS00023119BD_987057/1-128	54	G	33	B:33	54	F:54	assessable	assessable	assessable	Rfam.seed.gz	15.1	41f014f4ab5628620935f089b1bb77987ebc162fda7c72bff368a32c9cccabac
RF00442__5U3G_B__7MLW_F	RF00442	78	-	URS0000B21DF0_204038/1-85	34	A	URS00023119BD_987057/1-128	55	A	34	B:34	55	F:55	assessable	assessable	assessable	Rfam.seed.gz	15.1	41f014f4ab5628620935f089b1bb77987ebc162fda7c72bff368a32c9cccabac
RF00442__5U3G_B__7MLW_F	RF00442	79	>	URS0000B21DF0_204038/1-85	35	G	URS00023119BD_987057/1-128	56	G	35	B:35	56	F:56	assessable	assessable	assessable	Rfam.seed.gz	15.1	41f014f4ab5628620935f089b1bb77987ebc162fda7c72bff368a32c9cccabac
RF00442__5U3G_B__7MLW_F	RF00442	80	>	URS0000B21DF0_204038/1-85	36	U	URS00023119BD_987057/1-128	57	C	36	B:36	57	F:57	assessable	assessable	assessable	Rfam.seed.gz	15.1	41f014f4ab5628620935f089b1bb77987ebc162fda7c72bff368a32c9cccabac
RF00442__5U3G_B__7MLW_F	RF00442	81	>	URS0000B21DF0_204038/1-85	37	U	URS00023119BD_987057/1-128	58	A	37	B:37	58	F:58	engineered_position_masked	assessable	engineered_position_masked	Rfam.seed.gz	15.1	41f014f4ab5628620935f089b1bb77987ebc162fda7c72bff368a32c9cccabac
RF00442__5U3G_B__7MLW_F	RF00442	83	>	URS0000B21DF0_204038/1-85	38	A	URS00023119BD_987057/1-128	59	A	38	B:38	59	F:59	assessable	assessable	assessable	Rfam.seed.gz	15.1	41f014f4ab5628620935f089b1bb77987ebc162fda7c72bff368a32c9cccabac
RF00442__5U3G_B__7MLW_F	RF00442	84	>	URS0000B21DF0_204038/1-85	39	C	URS00023119BD_987057/1-128	60	U	39	B:39	60	F:60	assessable	assessable	assessable	Rfam.seed.gz	15.1	41f014f4ab5628620935f089b1bb77987ebc162fda7c72bff368a32c9cccabac
RF00442__5U3G_B__7MLW_F	RF00442	85	>	URS0000B21DF0_204038/1-85	40	C	URS00023119BD_987057/1-128	61	C	40	B:40	61	F:61	assessable	assessable	assessable	Rfam.seed.gz	15.1	41f014f4ab5628620935f089b1bb77987ebc162fda7c72bff368a32c9cccabac
RF00442__5U3G_B__7MLW_F	RF00442	87	<	URS0000B21DF0_204038/1-85	41	G	URS00023119BD_987057/1-128	63	G	41	B:41	63	F:63	assessable	assessable	assessable	Rfam.seed.gz	15.1	41f014f4ab5628620935f089b1bb77987ebc162fda7c72bff368a32c9cccabac
RF00442__5U3G_B__7MLW_F	RF00442	88	<	URS0000B21DF0_204038/1-85	42	A	URS00023119BD_987057/1-128	64	G	42	B:42	64	F:64	assessable	assessable	assessable	Rfam.seed.gz	15.1	41f014f4ab5628620935f089b1bb77987ebc162fda7c72bff368a32c9cccabac
RF00442__5U3G_B__7MLW_F	RF00442	89	<	URS0000B21DF0_204038/1-85	43	C	URS00023119BD_987057/1-128	65	U	43	B:43	65	F:65	assessable	assessable	assessable	Rfam.seed.gz	15.1	41f014f4ab5628620935f089b1bb77987ebc162fda7c72bff368a32c9cccabac
RF00442__5U3G_B__7MLW_F	RF00442	90	<	URS0000B21DF0_204038/1-85	44	C	URS00023119BD_987057/1-128	66	C	44	B:44	66	F:66	assessable	assessable	assessable	Rfam.seed.gz	15.1	41f014f4ab5628620935f089b1bb77987ebc162fda7c72bff368a32c9cccabac
RF00442__5U3G_B__7MLW_F	RF00442	91	<	URS0000B21DF0_204038/1-85	45	G	URS00023119BD_987057/1-128	67	U	45	B:45	67	F:67	assessable	assessable	assessable	Rfam.seed.gz	15.1	41f014f4ab5628620935f089b1bb77987ebc162fda7c72bff368a32c9cccabac
RF00442__5U3G_B__7MLW_F	RF00442	92	<	URS0000B21DF0_204038/1-85	46	C	URS00023119BD_987057/1-128	68	U	46	B:46	68	F:68	assessable	assessable	assessable	Rfam.seed.gz	15.1	41f014f4ab5628620935f089b1bb77987ebc162fda7c72bff368a32c9cccabac
RF00442__5U3G_B__7MLW_F	RF00442	93	<	URS0000B21DF0_204038/1-85	47	C	URS00023119BD_987057/1-128	69	G	47	B:47	69	F:69	assessable	assessable	assessable	Rfam.seed.gz	15.1	41f014f4ab5628620935f089b1bb77987ebc162fda7c72bff368a32c9cccabac
RF00442__5U3G_B__7MLW_F	RF00442	118	_	URS0000B21DF0_204038/1-85	48	G	URS00023119BD_987057/1-128	90	A	48	B:48	90	F:90	engineered_position_masked	assessable	engineered_position_masked	Rfam.seed.gz	15.1	41f014f4ab5628620935f089b1bb77987ebc162fda7c72bff368a32c9cccabac
RF00442__5U3G_B__7MLW_F	RF00442	119	_	URS0000B21DF0_204038/1-85	49	A	URS00023119BD_987057/1-128	91	A	49	B:49	91	F:91	engineered_position_masked	assessable	engineered_position_masked	Rfam.seed.gz	15.1	41f014f4ab5628620935f089b1bb77987ebc162fda7c72bff368a32c9cccabac
RF00442__5U3G_B__7MLW_F	RF00442	120	_	URS0000B21DF0_204038/1-85	50	A	URS00023119BD_987057/1-128	92	A	50	B:50	92	F:92	engineered_position_masked	assessable	engineered_position_masked	Rfam.seed.gz	15.1	41f014f4ab5628620935f089b1bb77987ebc162fda7c72bff368a32c9cccabac
RF00442__5U3G_B__7MLW_F	RF00442	121	_	URS0000B21DF0_204038/1-85	51	A	URS00023119BD_987057/1-128	93	C	51	B:51	93	F:93	engineered_position_masked	assessable	engineered_position_masked	Rfam.seed.gz	15.1	41f014f4ab5628620935f089b1bb77987ebc162fda7c72bff368a32c9cccabac
RF00442__5U3G_B__7MLW_F	RF00442	141	>	URS0000B21DF0_204038/1-85	52	G	URS00023119BD_987057/1-128	96	C	52	B:52	96	F:96	assessable	assessable	assessable	Rfam.seed.gz	15.1	41f014f4ab5628620935f089b1bb77987ebc162fda7c72bff368a32c9cccabac
RF00442__5U3G_B__7MLW_F	RF00442	144	>	URS0000B21DF0_204038/1-85	53	G	URS00023119BD_987057/1-128	97	G	53	B:53	97	F:97	assessable	assessable	assessable	Rfam.seed.gz	15.1	41f014f4ab5628620935f089b1bb77987ebc162fda7c72bff368a32c9cccabac
RF00442__5U3G_B__7MLW_F	RF00442	146	>	URS0000B21DF0_204038/1-85	54	C	URS00023119BD_987057/1-128	98	A	54	B:54	98	F:98	assessable	assessable	assessable	Rfam.seed.gz	15.1	41f014f4ab5628620935f089b1bb77987ebc162fda7c72bff368a32c9cccabac
RF00442__5U3G_B__7MLW_F	RF00442	147	>	URS0000B21DF0_204038/1-85	55	G	URS00023119BD_987057/1-128	99	G	55	B:55	99	F:99	assessable	assessable	assessable	Rfam.seed.gz	15.1	41f014f4ab5628620935f089b1bb77987ebc162fda7c72bff368a32c9cccabac
RF00442__5U3G_B__7MLW_F	RF00442	148	>	URS0000B21DF0_204038/1-85	56	G	URS00023119BD_987057/1-128	100	G	56	B:56	100	F:100	assessable	assessable	assessable	Rfam.seed.gz	15.1	41f014f4ab5628620935f089b1bb77987ebc162fda7c72bff368a32c9cccabac
RF00442__5U3G_B__7MLW_F	RF00442	149	>	URS0000B21DF0_204038/1-85	57	U	URS00023119BD_987057/1-128	101	C	57	B:57	101	F:101	assessable	assessable	assessable	Rfam.seed.gz	15.1	41f014f4ab5628620935f089b1bb77987ebc162fda7c72bff368a32c9cccabac
RF00442__5U3G_B__7MLW_F	RF00442	151	>	URS0000B21DF0_204038/1-85	58	U	URS00023119BD_987057/1-128	102	U	58	B:58	102	F:102	assessable	assessable	assessable	Rfam.seed.gz	15.1	41f014f4ab5628620935f089b1bb77987ebc162fda7c72bff368a32c9cccabac
RF00442__5U3G_B__7MLW_F	RF00442	152	:	URS0000B21DF0_204038/1-85	59	A	URS00023119BD_987057/1-128	103	C	59	B:59	103	F:103	assessable	assessable	assessable	Rfam.seed.gz	15.1	41f014f4ab5628620935f089b1bb77987ebc162fda7c72bff368a32c9cccabac
RF00442__5U3G_B__7MLW_F	RF00442	153	<	URS0000B21DF0_204038/1-85	60	C	URS00023119BD_987057/1-128	104	C	60	B:60	104	F:104	assessable	assessable	assessable	Rfam.seed.gz	15.1	41f014f4ab5628620935f089b1bb77987ebc162fda7c72bff368a32c9cccabac
RF00442__5U3G_B__7MLW_F	RF00442	154	-	URS0000B21DF0_204038/1-85	61	A	URS00023119BD_987057/1-128	105	A	61	B:61	105	F:105	assessable	assessable	assessable	Rfam.seed.gz	15.1	41f014f4ab5628620935f089b1bb77987ebc162fda7c72bff368a32c9cccabac
RF00442__5U3G_B__7MLW_F	RF00442	155	A	URS0000B21DF0_204038/1-85	62	C	URS00023119BD_987057/1-128	106	C	62	B:62	106	F:106	assessable	assessable	assessable	Rfam.seed.gz	15.1	41f014f4ab5628620935f089b1bb77987ebc162fda7c72bff368a32c9cccabac
RF00442__5U3G_B__7MLW_F	RF00442	156	-	URS0000B21DF0_204038/1-85	63	G	URS00023119BD_987057/1-128	107	G	63	B:63	107	F:107	assessable	assessable	assessable	Rfam.seed.gz	15.1	41f014f4ab5628620935f089b1bb77987ebc162fda7c72bff368a32c9cccabac
RF00442__5U3G_B__7MLW_F	RF00442	157	-	URS0000B21DF0_204038/1-85	64	G	URS00023119BD_987057/1-128	108	G	64	B:64	108	F:108	assessable	assessable	assessable	Rfam.seed.gz	15.1	41f014f4ab5628620935f089b1bb77987ebc162fda7c72bff368a32c9cccabac
RF00442__5U3G_B__7MLW_F	RF00442	158	-	URS0000B21DF0_204038/1-85	65	C	URS00023119BD_987057/1-128	109	A	65	B:65	109	F:109	assessable	assessable	assessable	Rfam.seed.gz	15.1	41f014f4ab5628620935f089b1bb77987ebc162fda7c72bff368a32c9cccabac
RF00442__5U3G_B__7MLW_F	RF00442	159	<	URS0000B21DF0_204038/1-85	66	G	URS00023119BD_987057/1-128	110	G	66	B:66	110	F:110	assessable	assessable	assessable	Rfam.seed.gz	15.1	41f014f4ab5628620935f089b1bb77987ebc162fda7c72bff368a32c9cccabac
RF00442__5U3G_B__7MLW_F	RF00442	160	<	URS0000B21DF0_204038/1-85	67	G	URS00023119BD_987057/1-128	111	G	67	B:67	111	F:111	assessable	assessable	assessable	Rfam.seed.gz	15.1	41f014f4ab5628620935f089b1bb77987ebc162fda7c72bff368a32c9cccabac
RF00442__5U3G_B__7MLW_F	RF00442	161	<	URS0000B21DF0_204038/1-85	68	G	URS00023119BD_987057/1-128	112	G	68	B:68	112	F:112	assessable	assessable	assessable	Rfam.seed.gz	15.1	41f014f4ab5628620935f089b1bb77987ebc162fda7c72bff368a32c9cccabac
RF00442__5U3G_B__7MLW_F	RF00442	162	_	URS0000B21DF0_204038/1-85	69	A	URS00023119BD_987057/1-128	113	A	69	B:69	113	F:113	assessable	assessable	assessable	Rfam.seed.gz	15.1	41f014f4ab5628620935f089b1bb77987ebc162fda7c72bff368a32c9cccabac
RF00442__5U3G_B__7MLW_F	RF00442	163	_	URS0000B21DF0_204038/1-85	70	A	URS00023119BD_987057/1-128	114	U	70	B:70	114	F:114	engineered_position_masked	assessable	engineered_position_masked	Rfam.seed.gz	15.1	41f014f4ab5628620935f089b1bb77987ebc162fda7c72bff368a32c9cccabac
RF00442__5U3G_B__7MLW_F	RF00442	164	_	URS0000B21DF0_204038/1-85	71	A	URS00023119BD_987057/1-128	115	A	71	B:71	115	F:115	assessable	assessable	assessable	Rfam.seed.gz	15.1	41f014f4ab5628620935f089b1bb77987ebc162fda7c72bff368a32c9cccabac
RF00442__5U3G_B__7MLW_F	RF00442	165	_	URS0000B21DF0_204038/1-85	72	A	URS00023119BD_987057/1-128	116	A	72	B:72	116	F:116	assessable	assessable	assessable	Rfam.seed.gz	15.1	41f014f4ab5628620935f089b1bb77987ebc162fda7c72bff368a32c9cccabac
RF00442__5U3G_B__7MLW_F	RF00442	166	_	URS0000B21DF0_204038/1-85	73	A	URS00023119BD_987057/1-128	117	A	73	B:73	117	F:117	assessable	assessable	assessable	Rfam.seed.gz	15.1	41f014f4ab5628620935f089b1bb77987ebc162fda7c72bff368a32c9cccabac
RF00442__5U3G_B__7MLW_F	RF00442	167	_	URS0000B21DF0_204038/1-85	74	A	URS00023119BD_987057/1-128	118	A	74	B:74	118	F:118	assessable	assessable	assessable	Rfam.seed.gz	15.1	41f014f4ab5628620935f089b1bb77987ebc162fda7c72bff368a32c9cccabac
RF00442__5U3G_B__7MLW_F	RF00442	168	_	URS0000B21DF0_204038/1-85	75	G	URS00023119BD_987057/1-128	119	G	75	B:75	119	F:119	assessable	assessable	assessable	Rfam.seed.gz	15.1	41f014f4ab5628620935f089b1bb77987ebc162fda7c72bff368a32c9cccabac
RF00442__5U3G_B__7MLW_F	RF00442	169	>	URS0000B21DF0_204038/1-85	76	C	URS00023119BD_987057/1-128	120	C	76	B:76	120	F:120	assessable	assessable	assessable	Rfam.seed.gz	15.1	41f014f4ab5628620935f089b1bb77987ebc162fda7c72bff368a32c9cccabac
RF00442__5U3G_B__7MLW_F	RF00442	170	>	URS0000B21DF0_204038/1-85	77	C	URS00023119BD_987057/1-128	121	C	77	B:77	121	F:121	assessable	assessable	assessable	Rfam.seed.gz	15.1	41f014f4ab5628620935f089b1bb77987ebc162fda7c72bff368a32c9cccabac
RF00442__5U3G_B__7MLW_F	RF00442	171	>	URS0000B21DF0_204038/1-85	78	C	URS00023119BD_987057/1-128	122	C	78	B:78	122	F:122	assessable	assessable	assessable	Rfam.seed.gz	15.1	41f014f4ab5628620935f089b1bb77987ebc162fda7c72bff368a32c9cccabac
RF00442__5U3G_B__7MLW_F	RF00442	172	-	URS0000B21DF0_204038/1-85	79	G	URS00023119BD_987057/1-128	123	G	79	B:79	123	F:123	assessable	assessable	assessable	Rfam.seed.gz	15.1	41f014f4ab5628620935f089b1bb77987ebc162fda7c72bff368a32c9cccabac
RF00442__5U3G_B__7MLW_F	RF00442	173	>	URS0000B21DF0_204038/1-85	80	G	URS00023119BD_987057/1-128	124	G	80	B:80	124	F:124	assessable	assessable	assessable	Rfam.seed.gz	15.1	41f014f4ab5628620935f089b1bb77987ebc162fda7c72bff368a32c9cccabac
RF00442__5U3G_B__7MLW_F	RF00442	174	:	URS0000B21DF0_204038/1-85	81	G	URS00023119BD_987057/1-128	125	G	81	B:81	125	F:125	assessable	assessable	assessable	Rfam.seed.gz	15.1	41f014f4ab5628620935f089b1bb77987ebc162fda7c72bff368a32c9cccabac
RF00442__5U3G_B__7MLW_F	RF00442	175	:	URS0000B21DF0_204038/1-85	82	A	URS00023119BD_987057/1-128	126	A	82	B:82	126	F:126	assessable	assessable	assessable	Rfam.seed.gz	15.1	41f014f4ab5628620935f089b1bb77987ebc162fda7c72bff368a32c9cccabac
RF00442__5U3G_B__7MLW_F	RF00442	176	a	URS0000B21DF0_204038/1-85	83	G	URS00023119BD_987057/1-128	127	G	83	B:83	127	F:127	assessable	assessable	assessable	Rfam.seed.gz	15.1	41f014f4ab5628620935f089b1bb77987ebc162fda7c72bff368a32c9cccabac
RF00442__5U3G_B__7MLW_F	RF00442	177	:	URS0000B21DF0_204038/1-85	84	G	URS00023119BD_987057/1-128	128	G	84	B:84	128	F:128	assessable	assessable	assessable	Rfam.seed.gz	15.1	41f014f4ab5628620935f089b1bb77987ebc162fda7c72bff368a32c9cccabac
RF00522__3FU2_A__6VUI_A	RF00522	6	<	URS000080E020_32630/1-34	1	A	URS000080E32E_119072/1-33	1	C	1	A:1	1	A:1	assessable	assessable	assessable	Rfam.seed.gz	15.1	41f014f4ab5628620935f089b1bb77987ebc162fda7c72bff368a32c9cccabac
RF00522__3FU2_A__6VUI_A	RF00522	7	<	URS000080E020_32630/1-34	2	G	URS000080E32E_119072/1-33	2	U	2	A:2	2	A:2	assessable	assessable	assessable	Rfam.seed.gz	15.1	41f014f4ab5628620935f089b1bb77987ebc162fda7c72bff368a32c9cccabac
RF00522__3FU2_A__6VUI_A	RF00522	8	<	URS000080E020_32630/1-34	3	A	URS000080E32E_119072/1-33	3	G	3	A:3	3	A:3	assessable	assessable	assessable	Rfam.seed.gz	15.1	41f014f4ab5628620935f089b1bb77987ebc162fda7c72bff368a32c9cccabac
RF00522__3FU2_A__6VUI_A	RF00522	9	<	URS000080E020_32630/1-34	4	G	URS000080E32E_119072/1-33	4	G	4	A:4	4	A:4	assessable	assessable	assessable	Rfam.seed.gz	15.1	41f014f4ab5628620935f089b1bb77987ebc162fda7c72bff368a32c9cccabac
RF00522__3FU2_A__6VUI_A	RF00522	10	<	URS000080E020_32630/1-34	5	G	URS000080E32E_119072/1-33	5	G	5	A:5	5	A:5	assessable	assessable	assessable	Rfam.seed.gz	15.1	41f014f4ab5628620935f089b1bb77987ebc162fda7c72bff368a32c9cccabac
RF00522__3FU2_A__6VUI_A	RF00522	11	_	URS000080E020_32630/1-34	6	U	URS000080E32E_119072/1-33	6	U	6	A:6	6	A:6	assessable	assessable	assessable	Rfam.seed.gz	15.1	41f014f4ab5628620935f089b1bb77987ebc162fda7c72bff368a32c9cccabac
RF00522__3FU2_A__6VUI_A	RF00522	13	_	URS000080E020_32630/1-34	8	C	URS000080E32E_119072/1-33	7	C	8	A:8	7	A:7	assessable	assessable	assessable	Rfam.seed.gz	15.1	41f014f4ab5628620935f089b1bb77987ebc162fda7c72bff368a32c9cccabac
RF00522__3FU2_A__6VUI_A	RF00522	15	A	URS000080E020_32630/1-34	9	U	URS000080E32E_119072/1-33	9	C	9	A:9	9	A:9	assessable	assessable	assessable	Rfam.seed.gz	15.1	41f014f4ab5628620935f089b1bb77987ebc162fda7c72bff368a32c9cccabac
RF00522__3FU2_A__6VUI_A	RF00522	16	A	URS000080E020_32630/1-34	10	A	URS000080E32E_119072/1-33	10	A	10	A:10	10	A:10	assessable	assessable	assessable	Rfam.seed.gz	15.1	41f014f4ab5628620935f089b1bb77987ebc162fda7c72bff368a32c9cccabac
RF00522__3FU2_A__6VUI_A	RF00522	17	_	URS000080E020_32630/1-34	11	G	URS000080E32E_119072/1-33	11	G	11	A:11	11	A:11	assessable	assessable	assessable	Rfam.seed.gz	15.1	41f014f4ab5628620935f089b1bb77987ebc162fda7c72bff368a32c9cccabac
RF00522__3FU2_A__6VUI_A	RF00522	20	_	URS000080E020_32630/1-34	12	C	URS000080E32E_119072/1-33	12	U	12	A:12	12	A:12	assessable	assessable	assessable	Rfam.seed.gz	15.1	41f014f4ab5628620935f089b1bb77987ebc162fda7c72bff368a32c9cccabac
RF00522__3FU2_A__6VUI_A	RF00522	22	_	URS000080E020_32630/1-34	14	A	URS000080E32E_119072/1-33	13	A	14	A:14	13	A:13	missing_coordinates	assessable	missing_coordinates	Rfam.seed.gz	15.1	41f014f4ab5628620935f089b1bb77987ebc162fda7c72bff368a32c9cccabac
RF00522__3FU2_A__6VUI_A	RF00522	25	_	URS000080E020_32630/1-34	16	A	URS000080E32E_119072/1-33	14	A	16	A:16	14	A:14	assessable	assessable	assessable	Rfam.seed.gz	15.1	41f014f4ab5628620935f089b1bb77987ebc162fda7c72bff368a32c9cccabac
RF00522__3FU2_A__6VUI_A	RF00522	26	_	URS000080E020_32630/1-34	17	C	URS000080E32E_119072/1-33	15	C	17	A:17	15	A:15	assessable	assessable	assessable	Rfam.seed.gz	15.1	41f014f4ab5628620935f089b1bb77987ebc162fda7c72bff368a32c9cccabac
RF00522__3FU2_A__6VUI_A	RF00522	27	>	URS000080E020_32630/1-34	18	C	URS000080E32E_119072/1-33	16	C	18	A:18	16	A:16	assessable	assessable	assessable	Rfam.seed.gz	15.1	41f014f4ab5628620935f089b1bb77987ebc162fda7c72bff368a32c9cccabac
RF00522__3FU2_A__6VUI_A	RF00522	28	>	URS000080E020_32630/1-34	19	C	URS000080E32E_119072/1-33	17	C	19	A:19	17	A:17	assessable	assessable	assessable	Rfam.seed.gz	15.1	41f014f4ab5628620935f089b1bb77987ebc162fda7c72bff368a32c9cccabac
RF00522__3FU2_A__6VUI_A	RF00522	29	>	URS000080E020_32630/1-34	20	U	URS000080E32E_119072/1-33	18	C	20	A:20	18	A:18	assessable	assessable	assessable	Rfam.seed.gz	15.1	41f014f4ab5628620935f089b1bb77987ebc162fda7c72bff368a32c9cccabac
RF00522__3FU2_A__6VUI_A	RF00522	30	>	URS000080E020_32630/1-34	21	C	URS000080E32E_119072/1-33	19	A	21	A:21	19	A:19	assessable	assessable	assessable	Rfam.seed.gz	15.1	41f014f4ab5628620935f089b1bb77987ebc162fda7c72bff368a32c9cccabac
RF00522__3FU2_A__6VUI_A	RF00522	31	>	URS000080E020_32630/1-34	22	U	URS000080E32E_119072/1-33	20	G	22	A:22	20	A:20	assessable	assessable	assessable	Rfam.seed.gz	15.1	41f014f4ab5628620935f089b1bb77987ebc162fda7c72bff368a32c9cccabac
RF00522__3FU2_A__6VUI_A	RF00522	53	:	URS000080E020_32630/1-34	23	A	URS000080E32E_119072/1-33	22	U	23	A:23	22	A:22	assessable	assessable	assessable	Rfam.seed.gz	15.1	41f014f4ab5628620935f089b1bb77987ebc162fda7c72bff368a32c9cccabac
RF00522__3FU2_A__6VUI_A	RF00522	54	:	URS000080E020_32630/1-34	24	U	URS000080E32E_119072/1-33	23	A	24	A:24	23	A:23	assessable	assessable	assessable	Rfam.seed.gz	15.1	41f014f4ab5628620935f089b1bb77987ebc162fda7c72bff368a32c9cccabac
RF00522__3FU2_A__6VUI_A	RF00522	55	:	URS000080E020_32630/1-34	25	A	URS000080E32E_119072/1-33	24	A	25	A:25	24	A:24	assessable	assessable	assessable	Rfam.seed.gz	15.1	41f014f4ab5628620935f089b1bb77987ebc162fda7c72bff368a32c9cccabac
RF00522__3FU2_A__6VUI_A	RF00522	56	:	URS000080E020_32630/1-34	26	A	URS000080E32E_119072/1-33	25	C	26	A:26	25	A:25	assessable	assessable	assessable	Rfam.seed.gz	15.1	41f014f4ab5628620935f089b1bb77987ebc162fda7c72bff368a32c9cccabac
RF00522__3FU2_A__6VUI_A	RF00522	57	:	URS000080E020_32630/1-34	27	A	URS000080E32E_119072/1-33	26	A	27	A:27	26	A:26	assessable	assessable	assessable	Rfam.seed.gz	15.1	41f014f4ab5628620935f089b1bb77987ebc162fda7c72bff368a32c9cccabac
RF00522__3FU2_A__6VUI_A	RF00522	58	:	URS000080E020_32630/1-34	28	A	URS000080E32E_119072/1-33	27	A	28	A:28	27	A:27	assessable	assessable	assessable	Rfam.seed.gz	15.1	41f014f4ab5628620935f089b1bb77987ebc162fda7c72bff368a32c9cccabac
RF00522__3FU2_A__6VUI_A	RF00522	59	:	URS000080E020_32630/1-34	29	A	URS000080E32E_119072/1-33	28	A	29	A:29	28	A:28	assessable	assessable	assessable	Rfam.seed.gz	15.1	41f014f4ab5628620935f089b1bb77987ebc162fda7c72bff368a32c9cccabac
RF00522__3FU2_A__6VUI_A	RF00522	60	:	URS000080E020_32630/1-34	30	A	URS000080E32E_119072/1-33	29	A	30	A:30	29	A:29	assessable	assessable	assessable	Rfam.seed.gz	15.1	41f014f4ab5628620935f089b1bb77987ebc162fda7c72bff368a32c9cccabac
RF00522__3FU2_A__6VUI_A	RF00522	61	:	URS000080E020_32630/1-34	31	C	URS000080E32E_119072/1-33	30	C	31	A:31	30	A:30	assessable	assessable	assessable	Rfam.seed.gz	15.1	41f014f4ab5628620935f089b1bb77987ebc162fda7c72bff368a32c9cccabac
RF00522__3FU2_A__6VUI_A	RF00522	63	a	URS000080E020_32630/1-34	33	A	URS000080E32E_119072/1-33	31	A	33	A:33	31	A:31	assessable	assessable	assessable	Rfam.seed.gz	15.1	41f014f4ab5628620935f089b1bb77987ebc162fda7c72bff368a32c9cccabac
RF00522__3FU2_A__6VUI_A	RF00522	64	:	URS000080E020_32630/1-34	34	A	URS000080E32E_119072/1-33	32	A	34	A:34	32	A:32	assessable	assessable	assessable	Rfam.seed.gz	15.1	41f014f4ab5628620935f089b1bb77987ebc162fda7c72bff368a32c9cccabac
RF00522__3FU2_A__7REX_A	RF00522	6	<	URS000080E020_32630/1-34	1	A	URS00023119CB_2126436/1-34	1	U	1	A:1	1	A:1	assessable	assessable	assessable	Rfam.seed.gz	15.1	41f014f4ab5628620935f089b1bb77987ebc162fda7c72bff368a32c9cccabac
RF00522__3FU2_A__7REX_A	RF00522	7	<	URS000080E020_32630/1-34	2	G	URS00023119CB_2126436/1-34	2	G	2	A:2	2	A:2	assessable	assessable	assessable	Rfam.seed.gz	15.1	41f014f4ab5628620935f089b1bb77987ebc162fda7c72bff368a32c9cccabac
RF00522__3FU2_A__7REX_A	RF00522	8	<	URS000080E020_32630/1-34	3	A	URS00023119CB_2126436/1-34	3	U	3	A:3	3	A:3	assessable	assessable	assessable	Rfam.seed.gz	15.1	41f014f4ab5628620935f089b1bb77987ebc162fda7c72bff368a32c9cccabac
RF00522__3FU2_A__7REX_A	RF00522	9	<	URS000080E020_32630/1-34	4	G	URS00023119CB_2126436/1-34	4	G	4	A:4	4	A:4	assessable	assessable	assessable	Rfam.seed.gz	15.1	41f014f4ab5628620935f089b1bb77987ebc162fda7c72bff368a32c9cccabac
RF00522__3FU2_A__7REX_A	RF00522	10	<	URS000080E020_32630/1-34	5	G	URS00023119CB_2126436/1-34	5	G	5	A:5	5	A:5	assessable	assessable	assessable	Rfam.seed.gz	15.1	41f014f4ab5628620935f089b1bb77987ebc162fda7c72bff368a32c9cccabac
RF00522__3FU2_A__7REX_A	RF00522	11	_	URS000080E020_32630/1-34	6	U	URS00023119CB_2126436/1-34	6	U	6	A:6	6	A:6	assessable	assessable	assessable	Rfam.seed.gz	15.1	41f014f4ab5628620935f089b1bb77987ebc162fda7c72bff368a32c9cccabac
RF00522__3FU2_A__7REX_A	RF00522	12	_	URS000080E020_32630/1-34	7	U	URS00023119CB_2126436/1-34	7	U	7	A:7	7	A:7	assessable	assessable	assessable	Rfam.seed.gz	15.1	41f014f4ab5628620935f089b1bb77987ebc162fda7c72bff368a32c9cccabac
RF00522__3FU2_A__7REX_A	RF00522	13	_	URS000080E020_32630/1-34	8	C	URS00023119CB_2126436/1-34	8	C	8	A:8	8	A:8	assessable	assessable	assessable	Rfam.seed.gz	15.1	41f014f4ab5628620935f089b1bb77987ebc162fda7c72bff368a32c9cccabac
RF00522__3FU2_A__7REX_A	RF00522	15	A	URS000080E020_32630/1-34	9	U	URS00023119CB_2126436/1-34	10	C	9	A:9	10	A:10	assessable	assessable	assessable	Rfam.seed.gz	15.1	41f014f4ab5628620935f089b1bb77987ebc162fda7c72bff368a32c9cccabac
RF00522__3FU2_A__7REX_A	RF00522	16	A	URS000080E020_32630/1-34	10	A	URS00023119CB_2126436/1-34	11	A	10	A:10	11	A:11	assessable	assessable	assessable	Rfam.seed.gz	15.1	41f014f4ab5628620935f089b1bb77987ebc162fda7c72bff368a32c9cccabac
RF00522__3FU2_A__7REX_A	RF00522	17	_	URS000080E020_32630/1-34	11	G	URS00023119CB_2126436/1-34	12	A	11	A:11	12	A:12	assessable	assessable	assessable	Rfam.seed.gz	15.1	41f014f4ab5628620935f089b1bb77987ebc162fda7c72bff368a32c9cccabac
RF00522__3FU2_A__7REX_A	RF00522	20	_	URS000080E020_32630/1-34	12	C	URS00023119CB_2126436/1-34	13	C	12	A:12	13	A:13	assessable	assessable	assessable	Rfam.seed.gz	15.1	41f014f4ab5628620935f089b1bb77987ebc162fda7c72bff368a32c9cccabac
RF00522__3FU2_A__7REX_A	RF00522	21	_	URS000080E020_32630/1-34	13	U	URS00023119CB_2126436/1-34	14	C	13	A:13	14	A:14	missing_coordinates	assessable	missing_coordinates	Rfam.seed.gz	15.1	41f014f4ab5628620935f089b1bb77987ebc162fda7c72bff368a32c9cccabac
RF00522__3FU2_A__7REX_A	RF00522	25	_	URS000080E020_32630/1-34	16	A	URS00023119CB_2126436/1-34	15	A	16	A:16	15	A:15	assessable	assessable	assessable	Rfam.seed.gz	15.1	41f014f4ab5628620935f089b1bb77987ebc162fda7c72bff368a32c9cccabac
RF00522__3FU2_A__7REX_A	RF00522	26	_	URS000080E020_32630/1-34	17	C	URS00023119CB_2126436/1-34	16	U	17	A:17	16	A:16	assessable	assessable	assessable	Rfam.seed.gz	15.1	41f014f4ab5628620935f089b1bb77987ebc162fda7c72bff368a32c9cccabac
RF00522__3FU2_A__7REX_A	RF00522	27	>	URS000080E020_32630/1-34	18	C	URS00023119CB_2126436/1-34	17	C	18	A:18	17	A:17	assessable	assessable	assessable	Rfam.seed.gz	15.1	41f014f4ab5628620935f089b1bb77987ebc162fda7c72bff368a32c9cccabac
RF00522__3FU2_A__7REX_A	RF00522	28	>	URS000080E020_32630/1-34	19	C	URS00023119CB_2126436/1-34	18	C	19	A:19	18	A:18	assessable	assessable	assessable	Rfam.seed.gz	15.1	41f014f4ab5628620935f089b1bb77987ebc162fda7c72bff368a32c9cccabac
RF00522__3FU2_A__7REX_A	RF00522	29	>	URS000080E020_32630/1-34	20	U	URS00023119CB_2126436/1-34	19	C	20	A:20	19	A:19	assessable	assessable	assessable	Rfam.seed.gz	15.1	41f014f4ab5628620935f089b1bb77987ebc162fda7c72bff368a32c9cccabac
RF00522__3FU2_A__7REX_A	RF00522	30	>	URS000080E020_32630/1-34	21	C	URS00023119CB_2126436/1-34	20	A	21	A:21	20	A:20	assessable	assessable	assessable	Rfam.seed.gz	15.1	41f014f4ab5628620935f089b1bb77987ebc162fda7c72bff368a32c9cccabac
RF00522__3FU2_A__7REX_A	RF00522	31	>	URS000080E020_32630/1-34	22	U	URS00023119CB_2126436/1-34	21	C	22	A:22	21	A:21	assessable	assessable	assessable	Rfam.seed.gz	15.1	41f014f4ab5628620935f089b1bb77987ebc162fda7c72bff368a32c9cccabac
RF00522__3FU2_A__7REX_A	RF00522	53	:	URS000080E020_32630/1-34	23	A	URS00023119CB_2126436/1-34	23	U	23	A:23	23	A:23	assessable	assessable	assessable	Rfam.seed.gz	15.1	41f014f4ab5628620935f089b1bb77987ebc162fda7c72bff368a32c9cccabac
RF00522__3FU2_A__7REX_A	RF00522	54	:	URS000080E020_32630/1-34	24	U	URS00023119CB_2126436/1-34	24	A	24	A:24	24	A:24	assessable	assessable	assessable	Rfam.seed.gz	15.1	41f014f4ab5628620935f089b1bb77987ebc162fda7c72bff368a32c9cccabac
RF00522__3FU2_A__7REX_A	RF00522	55	:	URS000080E020_32630/1-34	25	A	URS00023119CB_2126436/1-34	25	A	25	A:25	25	A:25	assessable	assessable	assessable	Rfam.seed.gz	15.1	41f014f4ab5628620935f089b1bb77987ebc162fda7c72bff368a32c9cccabac
RF00522__3FU2_A__7REX_A	RF00522	56	:	URS000080E020_32630/1-34	26	A	URS00023119CB_2126436/1-34	26	A	26	A:26	26	A:26	assessable	assessable	assessable	Rfam.seed.gz	15.1	41f014f4ab5628620935f089b1bb77987ebc162fda7c72bff368a32c9cccabac
RF00522__3FU2_A__7REX_A	RF00522	57	:	URS000080E020_32630/1-34	27	A	URS00023119CB_2126436/1-34	27	A	27	A:27	27	A:27	assessable	assessable	assessable	Rfam.seed.gz	15.1	41f014f4ab5628620935f089b1bb77987ebc162fda7c72bff368a32c9cccabac
RF00522__3FU2_A__7REX_A	RF00522	58	:	URS000080E020_32630/1-34	28	A	URS00023119CB_2126436/1-34	28	A	28	A:28	28	A:28	assessable	assessable	assessable	Rfam.seed.gz	15.1	41f014f4ab5628620935f089b1bb77987ebc162fda7c72bff368a32c9cccabac
RF00522__3FU2_A__7REX_A	RF00522	59	:	URS000080E020_32630/1-34	29	A	URS00023119CB_2126436/1-34	29	A	29	A:29	29	A:29	assessable	assessable	assessable	Rfam.seed.gz	15.1	41f014f4ab5628620935f089b1bb77987ebc162fda7c72bff368a32c9cccabac
RF00522__3FU2_A__7REX_A	RF00522	60	:	URS000080E020_32630/1-34	30	A	URS00023119CB_2126436/1-34	30	A	30	A:30	30	A:30	assessable	assessable	assessable	Rfam.seed.gz	15.1	41f014f4ab5628620935f089b1bb77987ebc162fda7c72bff368a32c9cccabac
RF00522__3FU2_A__7REX_A	RF00522	61	:	URS000080E020_32630/1-34	31	C	URS00023119CB_2126436/1-34	31	C	31	A:31	31	A:31	assessable	assessable	assessable	Rfam.seed.gz	15.1	41f014f4ab5628620935f089b1bb77987ebc162fda7c72bff368a32c9cccabac
RF00522__3FU2_A__7REX_A	RF00522	63	a	URS000080E020_32630/1-34	33	A	URS00023119CB_2126436/1-34	32	U	33	A:33	32	A:32	assessable	assessable	assessable	Rfam.seed.gz	15.1	41f014f4ab5628620935f089b1bb77987ebc162fda7c72bff368a32c9cccabac
RF00522__3FU2_A__7REX_A	RF00522	64	:	URS000080E020_32630/1-34	34	A	URS00023119CB_2126436/1-34	33	A	34	A:34	33	A:33	assessable	assessable	assessable	Rfam.seed.gz	15.1	41f014f4ab5628620935f089b1bb77987ebc162fda7c72bff368a32c9cccabac
RF00522__6VUI_A__7REX_A	RF00522	6	<	URS000080E32E_119072/1-33	1	C	URS00023119CB_2126436/1-34	1	U	1	A:1	1	A:1	assessable	assessable	assessable	Rfam.seed.gz	15.1	41f014f4ab5628620935f089b1bb77987ebc162fda7c72bff368a32c9cccabac
RF00522__6VUI_A__7REX_A	RF00522	7	<	URS000080E32E_119072/1-33	2	U	URS00023119CB_2126436/1-34	2	G	2	A:2	2	A:2	assessable	assessable	assessable	Rfam.seed.gz	15.1	41f014f4ab5628620935f089b1bb77987ebc162fda7c72bff368a32c9cccabac
RF00522__6VUI_A__7REX_A	RF00522	8	<	URS000080E32E_119072/1-33	3	G	URS00023119CB_2126436/1-34	3	U	3	A:3	3	A:3	assessable	assessable	assessable	Rfam.seed.gz	15.1	41f014f4ab5628620935f089b1bb77987ebc162fda7c72bff368a32c9cccabac
RF00522__6VUI_A__7REX_A	RF00522	9	<	URS000080E32E_119072/1-33	4	G	URS00023119CB_2126436/1-34	4	G	4	A:4	4	A:4	assessable	assessable	assessable	Rfam.seed.gz	15.1	41f014f4ab5628620935f089b1bb77987ebc162fda7c72bff368a32c9cccabac
RF00522__6VUI_A__7REX_A	RF00522	10	<	URS000080E32E_119072/1-33	5	G	URS00023119CB_2126436/1-34	5	G	5	A:5	5	A:5	assessable	assessable	assessable	Rfam.seed.gz	15.1	41f014f4ab5628620935f089b1bb77987ebc162fda7c72bff368a32c9cccabac
RF00522__6VUI_A__7REX_A	RF00522	11	_	URS000080E32E_119072/1-33	6	U	URS00023119CB_2126436/1-34	6	U	6	A:6	6	A:6	assessable	assessable	assessable	Rfam.seed.gz	15.1	41f014f4ab5628620935f089b1bb77987ebc162fda7c72bff368a32c9cccabac
RF00522__6VUI_A__7REX_A	RF00522	13	_	URS000080E32E_119072/1-33	7	C	URS00023119CB_2126436/1-34	8	C	7	A:7	8	A:8	assessable	assessable	assessable	Rfam.seed.gz	15.1	41f014f4ab5628620935f089b1bb77987ebc162fda7c72bff368a32c9cccabac
RF00522__6VUI_A__7REX_A	RF00522	14	_	URS000080E32E_119072/1-33	8	G	URS00023119CB_2126436/1-34	9	G	8	A:8	9	A:9	assessable	assessable	assessable	Rfam.seed.gz	15.1	41f014f4ab5628620935f089b1bb77987ebc162fda7c72bff368a32c9cccabac
RF00522__6VUI_A__7REX_A	RF00522	15	A	URS000080E32E_119072/1-33	9	C	URS00023119CB_2126436/1-34	10	C	9	A:9	10	A:10	assessable	assessable	assessable	Rfam.seed.gz	15.1	41f014f4ab5628620935f089b1bb77987ebc162fda7c72bff368a32c9cccabac
RF00522__6VUI_A__7REX_A	RF00522	16	A	URS000080E32E_119072/1-33	10	A	URS00023119CB_2126436/1-34	11	A	10	A:10	11	A:11	assessable	assessable	assessable	Rfam.seed.gz	15.1	41f014f4ab5628620935f089b1bb77987ebc162fda7c72bff368a32c9cccabac
RF00522__6VUI_A__7REX_A	RF00522	17	_	URS000080E32E_119072/1-33	11	G	URS00023119CB_2126436/1-34	12	A	11	A:11	12	A:12	assessable	assessable	assessable	Rfam.seed.gz	15.1	41f014f4ab5628620935f089b1bb77987ebc162fda7c72bff368a32c9cccabac
RF00522__6VUI_A__7REX_A	RF00522	20	_	URS000080E32E_119072/1-33	12	U	URS00023119CB_2126436/1-34	13	C	12	A:12	13	A:13	assessable	assessable	assessable	Rfam.seed.gz	15.1	41f014f4ab5628620935f089b1bb77987ebc162fda7c72bff368a32c9cccabac
RF00522__6VUI_A__7REX_A	RF00522	25	_	URS000080E32E_119072/1-33	14	A	URS00023119CB_2126436/1-34	15	A	14	A:14	15	A:15	assessable	assessable	assessable	Rfam.seed.gz	15.1	41f014f4ab5628620935f089b1bb77987ebc162fda7c72bff368a32c9cccabac
RF00522__6VUI_A__7REX_A	RF00522	26	_	URS000080E32E_119072/1-33	15	C	URS00023119CB_2126436/1-34	16	U	15	A:15	16	A:16	assessable	assessable	assessable	Rfam.seed.gz	15.1	41f014f4ab5628620935f089b1bb77987ebc162fda7c72bff368a32c9cccabac
RF00522__6VUI_A__7REX_A	RF00522	27	>	URS000080E32E_119072/1-33	16	C	URS00023119CB_2126436/1-34	17	C	16	A:16	17	A:17	assessable	assessable	assessable	Rfam.seed.gz	15.1	41f014f4ab5628620935f089b1bb77987ebc162fda7c72bff368a32c9cccabac
RF00522__6VUI_A__7REX_A	RF00522	28	>	URS000080E32E_119072/1-33	17	C	URS00023119CB_2126436/1-34	18	C	17	A:17	18	A:18	assessable	assessable	assessable	Rfam.seed.gz	15.1	41f014f4ab5628620935f089b1bb77987ebc162fda7c72bff368a32c9cccabac
RF00522__6VUI_A__7REX_A	RF00522	29	>	URS000080E32E_119072/1-33	18	C	URS00023119CB_2126436/1-34	19	C	18	A:18	19	A:19	assessable	assessable	assessable	Rfam.seed.gz	15.1	41f014f4ab5628620935f089b1bb77987ebc162fda7c72bff368a32c9cccabac
RF00522__6VUI_A__7REX_A	RF00522	30	>	URS000080E32E_119072/1-33	19	A	URS00023119CB_2126436/1-34	20	A	19	A:19	20	A:20	assessable	assessable	assessable	Rfam.seed.gz	15.1	41f014f4ab5628620935f089b1bb77987ebc162fda7c72bff368a32c9cccabac
RF00522__6VUI_A__7REX_A	RF00522	31	>	URS000080E32E_119072/1-33	20	G	URS00023119CB_2126436/1-34	21	C	20	A:20	21	A:21	assessable	assessable	assessable	Rfam.seed.gz	15.1	41f014f4ab5628620935f089b1bb77987ebc162fda7c72bff368a32c9cccabac
RF00522__6VUI_A__7REX_A	RF00522	32	.	URS000080E32E_119072/1-33	21	U	URS00023119CB_2126436/1-34	22	A	21	A:21	22	A:22	assessable	assessable	assessable	Rfam.seed.gz	15.1	41f014f4ab5628620935f089b1bb77987ebc162fda7c72bff368a32c9cccabac
RF00522__6VUI_A__7REX_A	RF00522	53	:	URS000080E32E_119072/1-33	22	U	URS00023119CB_2126436/1-34	23	U	22	A:22	23	A:23	assessable	assessable	assessable	Rfam.seed.gz	15.1	41f014f4ab5628620935f089b1bb77987ebc162fda7c72bff368a32c9cccabac
RF00522__6VUI_A__7REX_A	RF00522	54	:	URS000080E32E_119072/1-33	23	A	URS00023119CB_2126436/1-34	24	A	23	A:23	24	A:24	assessable	assessable	assessable	Rfam.seed.gz	15.1	41f014f4ab5628620935f089b1bb77987ebc162fda7c72bff368a32c9cccabac
RF00522__6VUI_A__7REX_A	RF00522	55	:	URS000080E32E_119072/1-33	24	A	URS00023119CB_2126436/1-34	25	A	24	A:24	25	A:25	assessable	assessable	assessable	Rfam.seed.gz	15.1	41f014f4ab5628620935f089b1bb77987ebc162fda7c72bff368a32c9cccabac
RF00522__6VUI_A__7REX_A	RF00522	56	:	URS000080E32E_119072/1-33	25	C	URS00023119CB_2126436/1-34	26	A	25	A:25	26	A:26	assessable	assessable	assessable	Rfam.seed.gz	15.1	41f014f4ab5628620935f089b1bb77987ebc162fda7c72bff368a32c9cccabac
RF00522__6VUI_A__7REX_A	RF00522	57	:	URS000080E32E_119072/1-33	26	A	URS00023119CB_2126436/1-34	27	A	26	A:26	27	A:27	assessable	assessable	assessable	Rfam.seed.gz	15.1	41f014f4ab5628620935f089b1bb77987ebc162fda7c72bff368a32c9cccabac
RF00522__6VUI_A__7REX_A	RF00522	58	:	URS000080E32E_119072/1-33	27	A	URS00023119CB_2126436/1-34	28	A	27	A:27	28	A:28	assessable	assessable	assessable	Rfam.seed.gz	15.1	41f014f4ab5628620935f089b1bb77987ebc162fda7c72bff368a32c9cccabac
RF00522__6VUI_A__7REX_A	RF00522	59	:	URS000080E32E_119072/1-33	28	A	URS00023119CB_2126436/1-34	29	A	28	A:28	29	A:29	assessable	assessable	assessable	Rfam.seed.gz	15.1	41f014f4ab5628620935f089b1bb77987ebc162fda7c72bff368a32c9cccabac
RF00522__6VUI_A__7REX_A	RF00522	60	:	URS000080E32E_119072/1-33	29	A	URS00023119CB_2126436/1-34	30	A	29	A:29	30	A:30	assessable	assessable	assessable	Rfam.seed.gz	15.1	41f014f4ab5628620935f089b1bb77987ebc162fda7c72bff368a32c9cccabac
RF00522__6VUI_A__7REX_A	RF00522	61	:	URS000080E32E_119072/1-33	30	C	URS00023119CB_2126436/1-34	31	C	30	A:30	31	A:31	assessable	assessable	assessable	Rfam.seed.gz	15.1	41f014f4ab5628620935f089b1bb77987ebc162fda7c72bff368a32c9cccabac
RF00522__6VUI_A__7REX_A	RF00522	63	a	URS000080E32E_119072/1-33	31	A	URS00023119CB_2126436/1-34	32	U	31	A:31	32	A:32	assessable	assessable	assessable	Rfam.seed.gz	15.1	41f014f4ab5628620935f089b1bb77987ebc162fda7c72bff368a32c9cccabac
RF00522__6VUI_A__7REX_A	RF00522	64	:	URS000080E32E_119072/1-33	32	A	URS00023119CB_2126436/1-34	33	A	32	A:32	33	A:33	assessable	assessable	assessable	Rfam.seed.gz	15.1	41f014f4ab5628620935f089b1bb77987ebc162fda7c72bff368a32c9cccabac
RF00522__6VUI_A__7REX_A	RF00522	65	:	URS000080E32E_119072/1-33	33	G	URS00023119CB_2126436/1-34	34	G	33	A:33	34	A:34	assessable	assessable	assessable	Rfam.seed.gz	15.1	41f014f4ab5628620935f089b1bb77987ebc162fda7c72bff368a32c9cccabac
